,CircularShape,DiamondShape,TriangularShape,OctagonalShape,RedGround,WhiteGround,YellowGround,BlueGround,Border,BlackBorder,RedBorder,WhiteBorder,Bar,BlackBar,WhiteBar,Symbol,BlackSymbol,WhiteSymbol,SymbolStop,SymbolNoEntryGoods,SymbolOvertaking,SymbolOvertakingGoods,SymbolSpeed20,SymbolSpeed30,SymbolSpeed50,SymbolSpeed60,SymbolSpeed70,SymbolSpeed80,SymbolSpeed100,SymbolSpeed120,SymbolD1a1,SymbolD1a4,SymbolD1a5,SymbolD1a6,SymbolD1a7,SymbolD2a1,SymbolD2a2,SymbolD3,SymbolSingleLeftBend,SymbolSingleRightBend,SymbolTwoOrMoreLeftBend,SymbolRightNarrow,SymbolRoadDeformities,SymbolSlipperyRoad,SymbolChildren,SymbolCyclists,SymbolWildAnimals,SymbolRoadWorks,SymbolVerticalLightSignals,SymbolIntersectionPriority,SymbolDanger,SymbolPedestrians,SymbolIceSnow
0,0.1091391518712043,0.2786259651184082,0.8469502925872803,0.233488067984581,0.5787050724029541,0.2763153612613678,0.301067978143692,0.7311058044433594,0.7506090402603149,0.46540367603302,0.2768012583255768,0.3029700815677643,0.7245402336120605,0.7075730562210083,0.7473613023757935,0.6027117967605591,0.7428193092346191,0.2509450614452362,0.7992269992828369,0.7246619462966919,0.3216127157211303,0.7287759780883789,0.610203742980957,0.7808967232704163,0.2897762954235077,0.386595755815506,0.2044682055711746,0.6972403526306152,0.3085386753082275,0.4287768602371216,0.2418846040964126,0.2327261567115783,0.7742444276809692,0.7593873739242554,0.3759457468986511,0.722753643989563,0.8000916242599487,0.4286976754665375,0.826752781867981,0.6813371181488037,0.1685661971569061,0.7416308522224426,0.6914622783660889,0.7483463883399963,0.7394434213638306,0.2625928521156311,0.4597876667976379,0.2980860769748688,0.2604050040245056,0.7680370807647705,0.402712881565094,0.7392916679382324,0.7460567951202393
1,0.9531289935112,0.238403633236885,0.202350378036499,0.7593873739242554,0.2465611845254898,0.2622595429420471,0.6610637903213501,0.4088150262832641,0.492881715297699,0.5394692420959473,0.7050495743751526,0.3249989748001098,0.2892268896102905,0.2827104330062866,0.5156673192977905,0.2491427958011627,0.7942582368850708,0.2837958335876465,0.7224878072738647,0.7713170051574707,0.309607595205307,0.5350397825241089,0.2993270754814148,0.6196832060813904,0.2788659036159515,0.4803125858306885,0.3726442456245422,0.6810954809188843,0.7025390863418579,0.6789612174034119,0.2896609306335449,0.278670996427536,0.1795563250780105,0.7219927906990051,0.7487534284591675,0.2625417709350586,0.7944947481155396,0.6294494867324829,0.2311997562646865,0.3720860481262207,0.7350682020187378,0.3234347403049469,0.2812150120735168,0.826752781867981,0.7330825328826904,0.175892949104309,0.8082837462425232,0.7657670974731445,0.254859060049057,0.2833519876003265,0.7864563465118408,0.7483463883399963,0.2108476608991623
2,0.0939183160662651,0.7646498084068298,0.4869065880775451,0.7767886519432068,0.5540124177932739,0.6813653707504272,0.6458855271339417,0.717065691947937,0.492881715297699,0.5162169933319092,0.5078481435775757,0.6584908366203308,0.2956457138061523,0.2657297849655151,0.6171931028366089,0.7134544253349304,0.4327362775802612,0.7940441370010376,0.6877034306526184,0.4243217706680298,0.7099074125289917,0.4458062946796417,0.2234486192464828,0.3874682188034057,0.3202446103096008,0.4807911515235901,0.3583002090454101,0.7771333456039429,0.5353217124938965,0.3820873498916626,0.5183905959129333,0.2874732911586761,0.2958685159683227,0.2988704442977905,0.6802177429199219,0.2625417709350586,0.722753643989563,0.2418846040964126,0.5773575305938721,0.7483463883399963,0.6635348796844482,0.2520036995410919,0.8047217130661011,0.7263174057006836,0.2368474602699279,0.3737502694129944,0.8161716461181641,0.7291921377182007,0.2896091938018799,0.7438691258430481,0.2518567144870758,0.3897827863693237,0.2172572612762451
3,0.9060128927230836,0.8176777958869934,0.802933931350708,0.2364404201507568,0.4069274365901947,0.1140720546245575,0.7031614184379578,0.6997181177139282,0.8161026239395142,0.4404708445072174,0.7235545516014099,0.7225783467292786,0.2892268896102905,0.7591540813446045,0.3216311037540436,0.2491427958011627,0.2306509315967559,0.7307580709457397,0.50697261095047,0.7314204573631287,0.8120523691177368,0.4485750198364258,0.3822620809078216,0.2237577438354492,0.2348523288965225,0.4803125858306885,0.8051373958587646,0.5463781356811523,0.2933074831962585,0.6796771287918091,0.2418846040964126,0.278670996427536,0.2561310529708862,0.722753643989563,0.2140531241893768,0.3227841556072235,0.7546050548553467,0.7431057095527649,0.802941083908081,0.8047217130661011,0.7930192351341248,0.7702257633209229,0.8245651721954346,0.1704994291067123,0.7093725800514221,0.2812150120735168,0.6495493650436401,0.2833740413188934,0.204131469130516,0.6891276836395264,0.806096076965332,0.2604050040245056,0.748091995716095
4,0.6917376518249512,0.3249176144599914,0.1713026762008667,0.7923071384429932,0.4283811450004577,0.1856101900339126,0.4045588076114654,0.3356769680976867,0.4973359107971191,0.5650564432144165,0.6867072582244873,0.7137261033058167,0.7592604160308838,0.2479195445775985,0.3015435934066772,0.3783415257930755,0.3845272064208984,0.2460856586694717,0.2787835597991943,0.5618759393692017,0.2329346239566803,0.6905826926231384,0.4982860088348388,0.6616271138191223,0.7543594837188721,0.6730941534042358,0.3705798387527466,0.57386314868927,0.5658175945281982,0.2732356190681457,0.3239544034004211,0.722753643989563,0.7744988203048706,0.1694311648607254,0.758980393409729,0.6841403245925903,0.7857449054718018,0.3432860970497131,0.6525967717170715,0.7818782329559326,0.748091995716095,0.3234347403049469,0.8202403783798218,0.3822557628154754,0.7446321249008179,0.8129644989967346,0.7352701425552368,0.2312270998954773,0.7292154431343079,0.1683117896318435,0.2368474602699279,0.8126590251922607,0.6758009195327759
5,0.7766594886779785,0.3513509631156921,0.9371793866157532,0.3002437949180603,0.234505295753479,0.1662568897008896,0.3568650186061859,0.3305251002311706,0.079853169620037,0.4798056483268738,0.5347871780395508,0.6896873116493225,0.7412545680999756,0.3147992491722107,0.592458963394165,0.597854495048523,0.1995216608047485,0.7461463809013367,0.5645830631256104,0.3085775077342987,0.7955910563468933,0.2439212799072265,0.6063063144683838,0.337516725063324,0.2978900372982025,0.2818667590618133,0.3726442456245422,0.6821202039718628,0.7713720798492432,0.2920359671115875,0.6780301332473755,0.7593873739242554,0.2140531241893768,0.1694311648607254,0.278670996427536,0.4308853149414062,0.7667649984359741,0.722753643989563,0.2988704442977905,0.2106943726539611,0.802941083908081,0.826752781867981,0.7306926846504211,0.1685661971569061,0.7292154431343079,0.2563789486885071,0.7352701425552368,0.6892460584640503,0.7930192351341248,0.8126590251922607,0.640798807144165,0.6304229497909546,0.700622022151947
6,0.7388763427734375,0.7226462960243225,0.933874011039734,0.2341508120298385,0.5771561861038208,0.3588254451751709,0.4248642325401306,0.3227138519287109,0.7486988306045532,0.4508883357048034,0.5078481435775757,0.2130738794803619,0.3104859590530395,0.3105507791042328,0.3572590351104736,0.6344162225723267,0.6492840647697449,0.2550660073757171,0.7459540367126465,0.7314204573631287,0.8120523691177368,0.2330002039670944,0.2993270754814148,0.3035260736942291,0.2933624386787414,0.2854175865650177,0.7697135210037231,0.3938472270965576,0.4912095665931701,0.7703617811203003,0.278670996427536,0.2811132669448852,0.7465658187866211,0.2327261567115783,0.7431057095527649,0.685308575630188,0.6804721355438232,0.4286976754665375,0.7993792295455933,0.2518567144870758,0.7086647748947144,0.3234347403049469,0.4444742500782013,0.7012873888015747,0.402712881565094,0.3030365407466888,0.826752781867981,0.6489990949630737,0.7483463883399963,0.1683117896318435,0.7876276969909668,0.204131469130516,0.175892949104309
7,0.7939187288284302,0.192856565117836,0.2080516219139099,0.7115601897239685,0.5625240206718445,0.3438198864459991,0.3675926029682159,0.7075260877609253,0.7486988306045532,0.5729357600212097,0.8056439161300659,0.2913705706596374,0.2722270488739013,0.4228635728359222,0.5939432978630066,0.5131131410598755,0.601792573928833,0.7750460505485535,0.7351505160331726,0.5774648189544678,0.320426881313324,0.3125386238098144,0.6063063144683838,0.2931104600429535,0.2369836568832397,0.4803125858306885,0.4002837240695953,0.2425952702760696,0.676948606967926,0.3208529353141784,0.722753643989563,0.6782845258712769,0.7461587190628052,0.2811132669448852,0.2958685159683227,0.7667649984359741,0.2988704442977905,0.2866057157516479,0.748091995716095,0.5113260746002197,0.2474814355373382,0.5188530683517456,0.8151521682739258,0.7985658049583435,0.7680370807647705,0.2203622609376907,0.8202403783798218,0.1705423295497894,0.4546926617622375,0.7438691258430481,0.2311997562646865,0.6914622783660889,0.8126590251922607
8,0.6411025524139404,0.655275821685791,0.9357672929763794,0.6804721355438232,0.7908060550689697,0.6987549662590027,0.6610637903213501,0.2735405564308166,0.5220130681991577,0.5394692420959473,0.2989105582237243,0.7225783467292786,0.2419485598802566,0.7078545689582825,0.5156673192977905,0.5806931257247925,0.7646424770355225,0.6917474269866943,0.2109947055578231,0.2351211607456207,0.5699270963668823,0.4293906986713409,0.4727305769920349,0.3242048621177673,0.3282041847705841,0.7693198919296265,0.7697135210037231,0.6834092736244202,0.303924560546875,0.2382780909538269,0.7481937408447266,0.7988706827163696,0.7944947481155396,0.6877989172935486,0.267070323228836,0.7487534284591675,0.8197822570800781,0.3007530272006988,0.6813371181488037,0.7446321249008179,0.826752781867981,0.7352701425552368,0.7319142818450928,0.254859060049057,0.2647804915904999,0.2203622609376907,0.8281272649765015,0.8046907186508179,0.2812150120735168,0.4514939785003662,0.2311997562646865,0.7392916679382324,0.3249128758907318
9,0.2707204818725586,0.2988295257091522,0.9371793866157532,0.2364404201507568,0.3698750138282776,0.1456418484449386,0.2766768634319305,0.3621093034744262,0.5557445883750916,0.4747828245162964,0.2989105582237243,0.7515679597854614,0.7674893736839294,0.2329250276088714,0.6095848083496094,0.5016365051269531,0.6990972757339478,0.1773524582386016,0.7136391401290894,0.5552444458007812,0.7758816480636597,0.3999432623386383,0.2234486192464828,0.2898686826229095,0.2678747773170471,0.6730941534042358,0.2133114635944366,0.3952183425426483,0.3233951926231384,0.6789612174034119,0.2932227551937103,0.2604050040245056,0.722753643989563,0.7593873739242554,0.2833519876003265,0.2173094600439071,0.7160374522209167,0.758980393409729,0.7908315658569336,0.8017208576202393,0.7680370807647705,0.8358603715896606,0.2812150120735168,0.3002437949180603,0.4218782186508178,0.2311997562646865,0.6914622783660889,0.2757977843284607,0.254859060049057,0.8202403783798218,0.2881855964660644,0.8047217130661011,0.1685661971569061
10,0.2118186503648758,0.287552922964096,0.5099380016326904,0.213035300374031,0.4283811450004577,0.1773656159639358,0.4422876238822937,0.381848394870758,0.3332323431968689,0.5346280336380005,0.1655390262603759,0.7514662146568298,0.7140780687332153,0.3160695433616638,0.3230114579200744,0.2948352694511413,0.6672161221504211,0.2307464480400085,0.8196195960044861,0.5618759393692017,0.2196844667196273,0.7351638078689575,0.3991945385932922,0.4120185971260071,0.2933624386787414,0.2346907705068588,0.594001293182373,0.5463781356811523,0.7713720798492432,0.2920359671115875,0.2812150120735168,0.7742444276809692,0.5934280157089233,0.2561310529708862,0.2173094600439071,0.758980393409729,0.7744988203048706,0.7481937408447266,0.8346901535987854,0.264729380607605,0.6914622783660889,0.4267768263816833,0.2988704442977905,0.2216325253248214,0.7767886519432068,0.2980561852455139,0.7483463883399963,0.748066782951355,0.8129644989967346,0.1683117896318435,0.806096076965332,0.2474814355373382,0.1685661971569061
11,0.3910899758338928,0.4470643103122711,0.946889340877533,0.6537750363349915,0.6881440281867981,0.7590632438659668,0.343339055776596,0.335337221622467,0.6028143167495728,0.5394692420959473,0.3235647082328796,0.7225783467292786,0.8133423328399658,0.7075730562210083,0.7473613023757935,0.7134544253349304,0.4016446471214294,0.8944888114929199,0.7351505160331726,0.3039643168449402,0.5699270963668823,0.5680206418037415,0.795167863368988,0.3938748836517334,0.2788659036159515,0.2369757294654846,0.3586694002151489,0.3952183425426483,0.2933074831962585,0.2488379180431366,0.3239544034004211,0.278670996427536,0.2812150120735168,0.1795563250780105,0.7923077940940857,0.7481937408447266,0.6962467432022095,0.2140531241893768,0.1685661971569061,0.2108476608991623,0.7292154431343079,0.2604050040245056,0.8245651721954346,0.7012873888015747,0.7394434213638306,0.2988704442977905,0.7854400277137756,0.1705423295497894,0.7767886519432068,0.2541913092136383,0.2203622609376907,0.2625928521156311,0.7460567951202393
12,0.7766594886779785,0.2405919283628463,0.8469502925872803,0.5085141658782959,0.5540124177932739,0.7165652513504028,0.3016471862792969,0.6473900079727173,0.8750002384185791,0.412222683429718,0.2868490517139435,0.797152042388916,0.7481386661529541,0.2914357781410217,0.7031280994415283,0.597854495048523,0.7646424770355225,0.7327591180801392,0.3149410188198089,0.2833823263645172,0.2306145578622818,0.4532195925712585,0.4366214871406555,0.3684524893760681,0.2933624386787414,0.7317965030670166,0.6710984706878662,0.5975103974342346,0.7477127313613892,0.7885509729385376,0.722753643989563,0.5796443223953247,0.3249718248844147,0.267070323228836,0.7744988203048706,0.8197822570800781,0.6962467432022095,0.2866057157516479,0.254859060049057,0.2988704442977905,0.3852118253707886,0.8224279880523682,0.1907499730587005,0.2881855964660644,0.4218782186508178,0.2474814355373382,0.2958685159683227,0.7483211159706116,0.8007534742355347,0.8151521682739258,0.2604050040245056,0.6859740018844604,0.8314851522445679
13,0.7511266469955444,0.7723851799964905,0.1643834710121154,0.7667649984359741,0.3226611614227295,0.7367885112762451,0.4248642325401306,0.6733947992324829,0.7673119306564331,0.5753566026687622,0.5768189430236816,0.3633587658405304,0.2494369596242904,0.3327950239181518,0.6171931028366089,0.7922288179397583,0.7428193092346191,0.6735868453979492,0.7943450212478638,0.68903648853302,0.2860752940177917,0.5643984079360962,0.4982860088348388,0.2474341988563537,0.2933624386787414,0.8101452589035034,0.7396472692489624,0.2316176444292068,0.3086847066879272,0.6834086775779724,0.7226009964942932,0.2384756356477737,0.7742444276809692,0.6972661018371582,0.6804721355438232,0.7487534284591675,0.2140531241893768,0.7160374522209167,0.8151521682739258,0.179249957203865,0.7680370807647705,0.2603541314601898,0.7292154431343079,0.8292974829673767,0.826752781867981,0.2980561852455139,0.2812150120735168,0.6892460584640503,0.2896091938018799,0.5822950601577759,0.7115601897239685,0.2108476608991623,0.8126590251922607
14,0.9481037855148317,0.6633488535881042,0.9411758184432985,0.2364404201507568,0.5463840961456299,0.6243197917938232,0.3568650186061859,0.6774158477783203,0.23760287463665,0.5389168858528137,0.6797537803649902,0.7701606750488281,0.2864065766334533,0.6451418399810791,0.505895733833313,0.6071282625198364,0.636938214302063,0.2677593529224396,0.6801261305809021,0.2632059156894684,0.320426881313324,0.2308366000652313,0.289436012506485,0.6616271138191223,0.6369167566299438,0.7022443413734436,0.7234134674072266,0.8132249116897583,0.3947857618331909,0.4131298959255218,0.2811132669448852,0.2812150120735168,0.2603541314601898,0.8000916242599487,0.2932227551937103,0.1694311648607254,0.7487534284591675,0.3030365407466888,0.3289865553379059,0.7248401641845703,0.4072838425636291,0.7502298355102539,0.7446321249008179,0.7285052537918091,0.7330825328826904,0.4610105156898498,0.4597876667976379,0.2108770906925201,0.204131469130516,0.2474814355373382,0.7050999402999878,0.6914622783660889,0.748091995716095
15,0.2950930595397949,0.3169786930084228,0.1713026762008667,0.5623996257781982,0.3413088321685791,0.1662568897008896,0.3634971976280212,0.3621093034744262,0.1486220359802246,0.3896931707859039,0.6921279430389404,0.7514662146568298,0.2700682580471039,0.7163162231445312,0.480027437210083,0.3843505382537842,0.2306509315967559,0.7187025547027588,0.2624593079090118,0.7920510768890381,0.7042821645736694,0.2331547439098358,0.6693305969238281,0.7649021744728088,0.3304745554924011,0.8071494102478027,0.3444195091724396,0.3088016510009765,0.3086847066879272,0.6789612174034119,0.2833519876003265,0.4634510278701782,0.1795563250780105,0.6877989172935486,0.5380792617797852,0.2932227551937103,0.7481937408447266,0.1694311648607254,0.2345026135444641,0.2311997562646865,0.7930192351341248,0.6679101586341858,0.7352701425552368,0.2669681310653686,0.7093725800514221,0.2647802829742431,0.8281272649765015,0.820448637008667,0.7341018915176392,0.2474814355373382,0.7446321249008179,0.4853195548057556,0.4361805319786072
16,0.6917376518249512,0.7723851799964905,0.7815651893615723,0.6848993897438049,0.68211829662323,0.7165652513504028,0.7297787666320801,0.6473900079727173,0.2516945004463196,0.4747828245162964,0.4220761358737945,0.6896873116493225,0.2494369596242904,0.6585577130317688,0.4645465314388275,0.2006443440914154,0.7248799800872803,0.2558499872684479,0.7992269992828369,0.4405814409255981,0.8120523691177368,0.6783421039581299,0.3228382468223572,0.3242048621177673,0.2114584445953369,0.2346907705068588,0.2648971676826477,0.7134315371513367,0.6917544007301331,0.7885509729385376,0.267070323228836,0.3382482826709747,0.389226347208023,0.8197822570800781,0.6896838545799255,0.2932227551937103,0.2384756356477737,0.7431057095527649,0.2833519876003265,0.254859060049057,0.748091995716095,0.2881855964660644,0.7458545565605164,0.7483463883399963,0.6813371181488037,0.8047217130661011,0.2368474602699279,0.4292627274990082,0.2958685159683227,0.5793877243995667,0.7292154431343079,0.7930192351341248,0.2812150120735168
17,0.2950930595397949,0.7516727447509766,0.9357672929763794,0.7252495884895325,0.3380313217639923,0.1856101900339126,0.3016471862792969,0.6403727531433105,0.5232729911804199,0.523205041885376,0.5347871780395508,0.3844267427921295,0.3658601939678192,0.7133045792579651,0.2320644259452819,0.4813516139984131,0.601792573928833,0.7327591180801392,0.2982065975666046,0.3471793532371521,0.4193175435066223,0.2902328372001648,0.2063636034727096,0.2365613281726837,0.3725107312202453,0.594603955745697,0.7604907751083374,0.57386314868927,0.2833383977413177,0.7885509729385376,0.722753643989563,0.2173094600439071,0.5274450778961182,0.2384756356477737,0.3454737067222595,0.2988704442977905,0.6877989172935486,0.3007530272006988,0.8224279880523682,0.17512908577919,0.4488494992256164,0.2106943726539611,0.778976321220398,0.254859060049057,0.6914622783660889,0.7483463883399963,0.8281272649765015,0.2757977843284607,0.8129644989967346,0.2368474602699279,0.2203622609376907,0.2366902530193328,0.6569720506668091
18,0.1483166366815567,0.2988295257091522,0.1941743791103363,0.7667649984359741,0.5433192253112793,0.2558216452598572,0.5733159184455872,0.6404422521591187,0.5070534348487854,0.5563824772834778,0.715883731842041,0.7701606750488281,0.6805922389030457,0.210528627038002,0.2981235086917877,0.7779752016067505,0.5471070408821106,0.7750460505485535,0.5702354311943054,0.2632059156894684,0.5597298741340637,0.6905826926231384,0.2897535264492035,0.7901636362075806,0.3304745554924011,0.7199139595031738,0.5731537342071533,0.5224684476852417,0.4315267205238342,0.3149240016937256,0.3141843378543854,0.4634510278701782,0.389226347208023,0.7219927906990051,0.5380792617797852,0.873053789138794,0.2384756356477737,0.7944947481155396,0.2194449007511139,0.4379113316535949,0.7292154431343079,0.2474814355373382,0.7930192351341248,0.7330825328826904,0.2203622609376907,0.2833519876003265,0.8281272649765015,0.7680097818374634,0.1683117896318435,0.4014800190925598,0.2779062986373901,0.2368474602699279,0.7110040187835693
19,0.3910899758338928,0.2513619661331177,0.107446014881134,0.7252495884895325,0.3145572543144226,0.6813653707504272,0.6610637903213501,0.3245594501495361,0.7486988306045532,0.3896931707859039,0.6671780347824097,0.767889678478241,0.3967707753181457,0.7163162231445312,0.6298748254776001,0.2729814946651459,0.3850328922271728,0.2550660073757171,0.2933278977870941,0.4147495031356811,0.4378970861434936,0.6783421039581299,0.7930315732955933,0.2045895606279373,0.6676666140556335,0.386595755815506,0.3706035614013672,0.5975103974342346,0.2935300767421722,0.3149240016937256,0.2988704442977905,0.577760636806488,0.2874732911586761,0.2833519876003265,0.2561310529708862,0.2140531241893768,0.7226009964942932,0.7481937408447266,0.8346901535987854,0.6606886386871338,0.1683117896318435,0.6870870590209961,0.2712922990322113,0.2669681310653686,0.2474814355373382,0.2203622609376907,0.6495493650436401,0.5605275630950928,0.3742736577987671,0.6813371181488037,0.7483463883399963,0.2366902530193328,0.7460567951202393
20,0.0884504467248916,0.266629159450531,0.5099380016326904,0.3239544034004211,0.7206534147262573,0.2558216452598572,0.4422876238822937,0.7405270338058472,0.5639606714248657,0.5195256471633911,0.2868490517139435,0.7225783467292786,0.3506410121917724,0.7506601214408875,0.3567355275154114,0.6344162225723267,0.3699433505535126,0.7003622055053711,0.2342860102653503,0.7895163297653198,0.7010647058486938,0.41343554854393,0.2471515834331512,0.7134065628051758,0.8099563717842102,0.3939062058925628,0.7297155857086182,0.2316176444292068,0.2901310622692108,0.7703617811203003,0.267070323228836,0.724282443523407,0.7667649984359741,0.7487534284591675,0.6804721355438232,0.3227841556072235,0.2669679224491119,0.7944947481155396,0.7993792295455933,0.2518567144870758,0.3931939303874969,0.2625928521156311,0.6813371181488037,0.7930192351341248,0.8126590251922607,0.6870870590209961,0.3081213235855102,0.8046907186508179,0.2812150120735168,0.3177448511123657,0.8151521682739258,0.6859740018844604,0.7292154431343079
21,0.8318166732788086,0.2832382321357727,0.8165283203125,0.7667649984359741,0.4485406875610351,0.6981264352798462,0.4045588076114654,0.3042171597480774,0.5557445883750916,0.5476592183113098,0.2131702750921249,0.7352462410926819,0.3450927734375,0.2827104330062866,0.3020823299884796,0.4813516139984131,0.4327362775802612,0.2509450614452362,0.300854355096817,0.6798134446144104,0.3123840093612671,0.5643984079360962,0.2107833176851272,0.4464898705482483,0.6369167566299438,0.5807418823242188,0.6777232885360718,0.2317729890346527,0.2370956242084503,0.7885509729385376,0.7138497829437256,0.3105220198631286,0.722753643989563,0.6984344124794006,0.7481937408447266,0.2604050040245056,0.2625417709350586,0.3239544034004211,0.3963463306427002,0.2833519876003265,0.175892949104309,0.7481939792633057,0.3562492132186889,0.2474814355373382,0.2345026135444641,0.6813371181488037,0.8281272649765015,0.7680097818374634,0.5970461964607239,0.6933513879776001,0.8047217130661011,0.2812150120735168,0.7767886519432068
22,0.0884504467248916,0.7226462960243225,0.0528566353023052,0.2341508120298385,0.3380313217639923,0.3257895410060882,0.2754149734973907,0.7405270338058472,0.7673119306564331,0.5729357600212097,0.7466926574707031,0.7515679597854614,0.2494369596242904,0.3160695433616638,0.505895733833313,0.5093922019004822,0.635438859462738,0.1774768531322479,0.231675773859024,0.2882490158081054,0.2329346239566803,0.8116114139556885,0.2712724804878235,0.7000440955162048,0.4715100526809692,0.594603955745697,0.3252752721309662,0.7957228422164917,0.3332412838935852,0.7243835926055908,0.7944947481155396,0.7465658187866211,0.2833519876003265,0.1694311648607254,0.758980393409729,0.6877989172935486,0.2561310529708862,0.2173094600439071,0.8047217130661011,0.2518567144870758,0.264729380607605,0.2812150120735168,0.8245651721954346,0.7930192351341248,0.402712881565094,0.7350682020187378,0.2150696367025375,0.5605275630950928,0.2604050040245056,0.1685661971569061,0.8224279880523682,0.2988704442977905,0.8151521682739258
23,0.833196222782135,0.2194214463233947,0.946889340877533,0.3611478507518768,0.4283811450004577,0.1773656159639358,0.563029944896698,0.3322470486164093,0.7334902286529541,0.4508883357048034,0.2815838158130646,0.6855829954147339,0.7461037635803223,0.2417410463094711,0.4944660365581512,0.4927640557289123,0.7538820505142212,0.7003622055053711,0.7136391401290894,0.7321553230285645,0.3796583712100982,0.5680206418037415,0.7003787159919739,0.337516725063324,0.3599277138710022,0.4995396733283996,0.7234134674072266,0.7696143388748169,0.2243180274963379,0.2488379180431366,0.2327261567115783,0.3007530272006988,0.7744988203048706,0.3475065231323242,0.2932227551937103,0.2625417709350586,0.7226009964942932,0.3032461702823639,0.748091995716095,0.4379113316535949,0.4072838425636291,0.2958685159683227,0.6254854202270508,0.1704994291067123,0.7767886519432068,0.8336727619171143,0.2496690601110458,0.2203907221555709,0.7993792295455933,0.6891276836395264,0.8224279880523682,0.7680370807647705,0.7483463883399963
24,0.1881840527057647,0.2194214463233947,0.7551263570785522,0.7767886519432068,0.3208836913108825,0.7715692520141602,0.6532633304595947,0.6546298265457153,0.7506090402603149,0.5146083831787109,0.6671780347824097,0.2786935269832611,0.7245402336120605,0.7893869280815125,0.5939432978630066,0.7032277584075928,0.4372687935829162,0.2677593529224396,0.7245144248008728,0.68903648853302,0.7275357842445374,0.3563433885574341,0.3822620809078216,0.7177896499633789,0.2368821650743484,0.3036457896232605,0.3706035614013672,0.6882388591766357,0.7942399382591248,0.3820873498916626,0.6780301332473755,0.4634510278701782,0.6206989884376526,0.2874732911586761,0.2958685159683227,0.7487534284591675,0.6804721355438232,0.873053789138794,0.707184910774231,0.8030458688735962,0.6813371181488037,0.5188530683517456,0.254859060049057,0.7285052537918091,0.4435094594955444,0.2128819972276687,0.2844691872596741,0.7115943431854248,0.2812150120735168,0.2474814355373382,0.806096076965332,0.7352701425552368,0.7483463883399963
25,0.9786707162857056,0.7481424808502197,0.802933931350708,0.3148468434810638,0.4412657022476196,0.8441847562789917,0.4045588076114654,0.3305251002311706,0.2723901867866516,0.476036012172699,0.6717711687088013,0.2408608347177505,0.6823734641075134,0.2781231999397278,0.6171931028366089,0.4182724952697754,0.3244413435459137,0.1774768531322479,0.7788344621658325,0.7314204573631287,0.2196844667196273,0.7941994667053223,0.8106815814971924,0.6616271138191223,0.567588746547699,0.2024474442005157,0.3726442456245422,0.57386314868927,0.3245614171028137,0.3046180307865143,0.7742444276809692,0.2418846040964126,0.3007530272006988,0.2604050040245056,0.2327261567115783,0.2625417709350586,0.2958685159683227,0.678240180015564,0.5463281869888306,0.8040633201599121,0.7350682020187378,0.2474814355373382,0.7201153039932251,0.2812150120735168,0.7930192351341248,0.7261658906936646,0.7854400277137756,0.2368742376565933,0.4225979149341583,0.5793877243995667,0.7680370807647705,0.254859060049057,0.7110040187835693
26,0.6625237464904785,0.7466345429420471,0.0704452991485595,0.6802177429199219,0.5716794729232788,0.7715692520141602,0.3675926029682159,0.360658049583435,0.7486988306045532,0.448734700679779,0.4751955866813659,0.2883438467979431,0.2830221056938171,0.7075730562210083,0.3712718486785888,0.4927640557289123,0.2701632082462311,0.8634741306304932,0.4689042270183563,0.3039643168449402,0.4053576588630676,0.2892037034034729,0.7321973443031311,0.2365613281726837,0.3304745554924011,0.8101452589035034,0.4772375226020813,0.2317729890346527,0.6747485399246216,0.5523278713226318,0.2173094600439071,0.2812150120735168,0.1694311648607254,0.2669170498847961,0.7923077940940857,0.3007530272006988,0.6476132869720459,0.2932227551937103,0.2833519876003265,0.2647802829742431,0.8224279880523682,0.7680370807647705,0.7352701425552368,0.7446321249008179,0.7767886519432068,0.2980561852455139,0.826752781867981,0.6864596605300903,0.7341018915176392,0.2474814355373382,0.2881855964660644,0.8047217130661011,0.6569720506668091
27,0.7511266469955444,0.7723851799964905,0.9357672929763794,0.6537750363349915,0.5015639066696167,0.3478159606456756,0.619351863861084,0.3356769680976867,0.079853169620037,0.5394692420959473,0.548931360244751,0.7700356245040894,0.2528064250946045,0.2479195445775985,0.3567355275154114,0.4927640557289123,0.2306509315967559,0.6735868453979492,0.4689042270183563,0.6524496674537659,0.6831521391868591,0.6934559345245361,0.7904883027076721,0.3684524893760681,0.3244189620018005,0.3393533229827881,0.2902604937553406,0.3938472270965576,0.2028698921203613,0.7082855701446533,0.6780301332473755,0.5463194847106934,0.7742444276809692,0.2527210116386413,0.2812150120735168,0.873053789138794,0.7026559114456177,0.722753643989563,0.826752781867981,0.7248401641845703,0.6815986633300781,0.8346901535987854,0.7446321249008179,0.2988704442977905,0.1685661971569061,0.7680370807647705,0.7854400277137756,0.5605275630950928,0.7930192351341248,0.2311997562646865,0.7438691258430481,0.6813371181488037,0.7197547554969788
28,0.6625237464904785,0.5328364968299866,0.7910698652267456,0.2173094600439071,0.3698750138282776,0.6794731616973877,0.7303261756896973,0.6546298265457153,0.6741064786911011,0.5409656167030334,0.715883731842041,0.6896873116493225,0.7674893736839294,0.7163162231445312,0.6496424674987793,0.7134544253349304,0.2176679968833923,0.2457413971424102,0.3106184005737304,0.2479975670576095,0.3792305886745453,0.4293906986713409,0.2063636034727096,0.7808967232704163,0.6369167566299438,0.6730941534042358,0.3196398019790649,0.7957228422164917,0.2631579041481018,0.3046180307865143,0.2896609306335449,0.7004683017730713,0.2604050040245056,0.7226009964942932,0.3007530272006988,0.4308853149414062,0.722753643989563,0.2866057157516479,0.2958685159683227,0.5113260746002197,0.8346901535987854,0.7352701425552368,0.7201153039932251,0.7483463883399963,0.254859060049057,0.7131916284561157,0.2920984029769897,0.8046907186508179,0.2881855964660644,0.7231637239456177,0.3343729078769684,0.1685661971569061,0.2203622609376907
29,0.1109619438648223,0.2407258450984954,0.5500155687332153,0.2808586657047272,0.3380313217639923,0.7975145578384399,0.3511077165603637,0.2375178337097168,0.2342386394739151,0.4416767358779907,0.5052646398544312,0.6581698656082153,0.3122312128543854,0.210528627038002,0.6474270820617676,0.3783415257930755,0.6491907238960266,0.2825983166694641,0.7224878072738647,0.3039643168449402,0.4378970861434936,0.5643984079360962,0.2362665235996246,0.7808967232704163,0.6369167566299438,0.386595755815506,0.3583002090454101,0.6893942952156067,0.3086847066879272,0.2942602932453155,0.8197822570800781,0.758980393409729,0.7744988203048706,0.7160374522209167,0.7742444276809692,0.2140531241893768,0.7026559114456177,0.7667649984359741,0.8346901535987854,0.7446321249008179,0.1685661971569061,0.8224279880523682,0.2812150120735168,0.7950040102005005,0.7394434213638306,0.2368474602699279,0.1726870536804199,0.2497039139270782,0.7341018915176392,0.6891276836395264,0.175892949104309,0.2604050040245056,0.2203622609376907
30,0.1585641354322433,0.7472318410873413,0.7858855724334717,0.7923071384429932,0.7702873945236206,0.7975145578384399,0.287983626127243,0.3501594066619873,0.5309737920761108,0.54914391040802,0.2815838158130646,0.3477567434310913,0.7412545680999756,0.7988073825836182,0.3572590351104736,0.3375284075736999,0.7465001344680786,0.7172505259513855,0.7479658126831055,0.3266693353652954,0.7275357842445374,0.5680206418037415,0.610203742980957,0.3684524893760681,0.2114584445953369,0.2804986238479614,0.7697135210037231,0.5975103974342346,0.3501328527927398,0.7703617811203003,0.3227841556072235,0.873053789138794,0.7742444276809692,0.7744988203048706,0.2327261567115783,0.8197822570800781,0.6476132869720459,0.7481937408447266,0.8336727619171143,0.6990997791290283,0.7680381536483765,0.7292154431343079,0.204131469130516,0.262941837310791,0.7483463883399963,0.7884410619735718,0.2812150120735168,0.2548840045928955,0.826752781867981,0.4514939785003662,0.1683117896318435,0.8151521682739258,0.2108476608991623
31,0.7511266469955444,0.2407258450984954,0.933874011039734,0.7487534284591675,0.7702873945236206,0.3438198864459991,0.563029944896698,0.3227138519287109,0.5554426908493042,0.4416767358779907,0.6921279430389404,0.3633587658405304,0.2645034790039062,0.7591540813446045,0.7463140487670898,0.3019350171089172,0.6492840647697449,0.2509450614452362,0.1909072399139404,0.2882490158081054,0.6831521391868591,0.3084010779857635,0.7258901596069336,0.3253598213195801,0.3063850998878479,0.3673942685127258,0.6018221378326416,0.2891466319561004,0.4791435897350311,0.7082855701446533,0.6656199097633362,0.2327261567115783,0.7744988203048706,0.7481937408447266,0.3239544034004211,0.7944947481155396,0.7667649984359741,0.758980393409729,0.6525967717170715,0.826752781867981,0.2203622609376907,0.748091995716095,0.6813371181488037,0.5669816732406616,0.684551477432251,0.7930192351341248,0.8082837462425232,0.7657670974731445,0.7330825328826904,0.2108476608991623,0.7876276969909668,0.1683117896318435,0.3249128758907318
32,0.9481037855148317,0.6633488535881042,0.8231070041656494,0.3949719071388244,0.7503777742385864,0.3257895410060882,0.6336836814880371,0.360658049583435,0.6741064786911011,0.4404708445072174,0.715883731842041,0.2786935269832611,0.3352501988410949,0.3105507791042328,0.1839239597320556,0.6270855665206909,0.6491907238960266,0.3095071017742157,0.4689042270183563,0.5648201107978821,0.7117663025856018,0.3490389287471771,0.6693402528762817,0.7177896499633789,0.8069623708724976,0.594603955745697,0.2897107899188995,0.57386314868927,0.3085386753082275,0.3237080872058868,0.2461581081151962,0.2833519876003265,0.2604050040245056,0.7219927906990051,0.2384756356477737,0.6412019729614258,0.2811132669448852,0.7026559114456177,0.7292154431343079,0.175892949104309,0.1683117896318435,0.7502298355102539,0.7306926846504211,0.2474814355373382,0.254859060049057,0.8047217130661011,0.7818782329559326,0.2691656947135925,0.8007534742355347,0.748091995716095,0.2779062986373901,0.6679101586341858,0.6813371181488037
33,0.2653228044509887,0.2786259651184082,0.5500155687332153,0.4913825392723083,0.3226611614227295,0.6386936902999878,0.6565608978271484,0.6774158477783203,0.23760287463665,0.448734700679779,0.6867072582244873,0.3170624673366546,0.2494369596242904,0.56436687707901,0.6474270820617676,0.6913198828697205,0.2902714312076568,0.8864761590957642,0.7992269992828369,0.3661941289901733,0.81186842918396,0.5680206418037415,0.234231948852539,0.4590368568897247,0.3244189620018005,0.8101452589035034,0.3103840351104736,0.5975103974342346,0.2370956242084503,0.6524325609207153,0.758980393409729,0.2327261567115783,0.3671952188014984,0.2384756356477737,0.2833519876003265,0.7160374522209167,0.2625417709350586,0.722753643989563,0.6525967717170715,0.2881855964660644,0.1685661971569061,0.8051286935806274,0.254859060049057,0.6984344124794006,0.684551477432251,0.7680370807647705,0.7886439561843872,0.2648229598999023,0.7483463883399963,0.2203622609376907,0.3343729078769684,0.7292154431343079,0.2812150120735168
34,0.7638199329376221,0.6498809456825256,0.7487516403198242,0.3949719071388244,0.2465611845254898,0.7313882112503052,0.2789824306964874,0.3245594501495361,0.7494423389434814,0.4798056483268738,0.7235545516014099,0.767889678478241,0.6820374131202698,0.2827104330062866,0.3868139386177063,0.5697399377822876,0.3845272064208984,0.2200488001108169,0.2386086285114288,0.5266053676605225,0.6348869204521179,0.3960867822170257,0.3149033486843109,0.2237577438354492,0.3304745554924011,0.2932365238666534,0.2897107899188995,0.3150044083595276,0.7314673662185669,0.212712213397026,0.7481937408447266,0.3227841556072235,0.7431057095527649,0.7026559114456177,0.2833519876003265,0.3239544034004211,0.873053789138794,0.3032461702823639,0.2712922990322113,0.2881855964660644,0.6815986633300781,0.2108476608991623,0.7093725800514221,0.7930192351341248,0.7906287312507629,0.7129907608032227,0.6914622783660889,0.1707967072725296,0.175892949104309,0.3010581135749817,0.7292154431343079,0.2958685159683227,0.7680370807647705
35,0.1007300019264221,0.192856565117836,0.2080516219139099,0.3007530272006988,0.6881440281867981,0.1936173290014267,0.619351863861084,0.6896758079528809,0.7839697599411011,0.5650564432144165,0.1655390262603759,0.2385714501142501,0.2924271821975708,0.7893869280815125,0.5779409408569336,0.6344162225723267,0.2056082785129547,0.2259324640035629,0.7721216678619385,0.2833823263645172,0.2326768338680267,0.3217597305774688,0.7258901596069336,0.7134065628051758,0.2240941822528839,0.7199139595031738,0.594001293182373,0.4024247825145721,0.5490353107452393,0.2920359671115875,0.7481937408447266,0.7988706827163696,0.7465658187866211,0.2418846040964126,0.3759457468986511,0.2561310529708862,0.6802177429199219,0.3127096891403198,0.707184910774231,0.6914622783660889,0.6823638677597046,0.8346901535987854,0.2474814355373382,0.7446321249008179,0.7483463883399963,0.7724133729934692,0.6657225489616394,0.2312270998954773,0.1685661971569061,0.3177448511123657,0.2812150120735168,0.7292154431343079,0.2203622609376907
36,0.0958752185106277,0.6856676340103149,0.9200045466423036,0.7744988203048706,0.680663526058197,0.6227904558181763,0.287983626127243,0.5191856622695923,0.2715741097927093,0.5476592183113098,0.4949783086776733,0.6494442820549011,0.2947463989257812,0.3327950239181518,0.2320644259452819,0.2006443440914154,0.7142460942268372,0.7940441370010376,0.3765633702278137,0.5774648189544678,0.3239886164665222,0.791638970375061,0.3033061921596527,0.2898686826229095,0.2933624386787414,0.3347791135311126,0.594001293182373,0.2068580090999603,0.2243180274963379,0.2360044419765472,0.873053789138794,0.2140531241893768,0.7160374522209167,0.7481937408447266,0.2561310529708862,0.7004683017730713,0.2988704442977905,0.3432860970497131,0.2368474602699279,0.6990997791290283,0.7930192351341248,0.2812150120735168,0.2958685159683227,0.254859060049057,0.7394434213638306,0.2203622609376907,0.2920984029769897,0.2497039139270782,0.6914622783660889,0.4514939785003662,0.7292154431343079,0.7483463883399963,0.6758009195327759
37,0.4496776461601257,0.2832382321357727,0.2214041650295257,0.2063191086053848,0.5489405393600464,0.1856101900339126,0.6610637903213501,0.6896758079528809,0.5070534348487854,0.448734700679779,0.7532961368560791,0.7514662146568298,0.7461037635803223,0.3061833083629608,0.3712718486785888,0.2016815096139907,0.8285623788833618,0.2550660073757171,0.7536615133285522,0.7713170051574707,0.3847841322422027,0.791638970375061,0.3654190301895141,0.6799613833427429,0.6750867366790771,0.3347791135311126,0.4002837240695953,0.2594160139560699,0.7092320919036865,0.2252930402755737,0.3141843378543854,0.6877989172935486,0.7226009964942932,0.2327261567115783,0.3239544034004211,0.3212549388408661,0.2561310529708862,0.3227841556072235,0.6914622783660889,0.6738142371177673,0.7928163409233093,0.7460567951202393,0.2812150120735168,0.7285052537918091,0.4218782186508178,0.2625928521156311,0.4597876667976379,0.2988909184932709,0.2311997562646865,0.3177448511123657,0.254859060049057,0.2203622609376907,0.7767886519432068
38,0.2118186503648758,0.3249176144599914,0.8710044622421265,0.3105220198631286,0.3208836913108825,0.7255503535270691,0.6247734427452087,0.3621093034744262,0.5226614475250244,0.448734700679779,0.4800671935081482,0.7978642582893372,0.2701295912265777,0.401163101196289,0.6828539371490479,0.5131131410598755,0.7747657299041748,0.7307580709457397,0.6801261305809021,0.7219405770301819,0.4378970861434936,0.7451717257499695,0.3654190301895141,0.8080108165740967,0.2369836568832397,0.406554639339447,0.4829840064048767,0.7273879647254944,0.7025390863418579,0.3134477436542511,0.5183905959129333,0.8197822570800781,0.7593873739242554,0.7944947481155396,0.2932227551937103,0.1694311648607254,0.577760636806488,0.1795563250780105,0.826752781867981,0.5927202701568604,0.3852118253707886,0.7460567951202393,0.8047217130661011,0.2812150120735168,0.8358603715896606,0.6444089412689209,0.2203622609376907,0.2980860769748688,0.2311997562646865,0.8126590251922607,0.8151521682739258,0.254859060049057,0.2833519876003265
39,0.2628166675567627,0.7979831695556641,0.8231070041656494,0.213035300374031,0.4485406875610351,0.7088284492492676,0.2766768634319305,0.717065691947937,0.2476773709058761,0.4508883357048034,0.5076205134391785,0.6679345965385437,0.2528064250946045,0.56436687707901,0.3567355275154114,0.6944735050201416,0.635438859462738,0.2307464480400085,0.7136391401290894,0.7251343727111816,0.8120523691177368,0.7741942405700684,0.4727305769920349,0.2366629391908645,0.3244189620018005,0.4402961134910583,0.702038049697876,0.6834092736244202,0.6223843693733215,0.2942602932453155,0.8197822570800781,0.5463194847106934,0.2561310529708862,0.278670996427536,0.5755730271339417,0.1694311648607254,0.2669679224491119,0.2958685159683227,0.402712881565094,0.8017208576202393,0.2235644608736038,0.7108030915260315,0.7458545565605164,0.2812150120735168,0.7446321249008179,0.6444089412689209,0.175892949104309,0.6604601144790649,0.748091995716095,0.5822950601577759,0.3030365407466888,0.7971916198730469,0.7197547554969788
40,0.6625237464904785,0.2897304594516754,0.0675136744976043,0.2384756356477737,0.3208836913108825,0.7579516172409058,0.3568650186061859,0.6733947992324829,0.6741064786911011,0.5195256471633911,0.6671780347824097,0.3249989748001098,0.2645034790039062,0.7988073825836182,0.6171931028366089,0.2016815096139907,0.7465001344680786,0.1404785811901092,0.2812245786190033,0.8096420764923096,0.2306145578622818,0.219915509223938,0.6693402528762817,0.4231046438217163,0.6797422170639038,0.3082664906978607,0.7396472692489624,0.2425952702760696,0.7895750999450684,0.2964279949665069,0.3934468030929565,0.6831209659576416,0.307621419429779,0.6877989172935486,0.8000916242599487,0.722753643989563,0.7593873739242554,0.7744988203048706,0.6914622783660889,0.4379113316535949,0.7446321249008179,0.7483463883399963,0.254859060049057,0.8224279880523682,0.7767886519432068,0.2647802829742431,0.2520036995410919,0.3524804711341858,0.7263174057006836,0.5760296583175659,0.2812150120735168,0.7971916198730469,0.748091995716095
41,0.7750383615493774,0.6783393621444702,0.8007498979568481,0.7487534284591675,0.3001676499843597,0.2733275890350342,0.343339055776596,0.7405270338058472,0.7506090402603149,0.5034774541854858,0.5442708730697632,0.7922680377960205,0.4925969243049621,0.7078545689582825,0.315268874168396,0.7893813848495483,0.6492840647697449,0.2837958335876465,0.2109947055578231,0.3768010437488556,0.3606359958648681,0.7741942405700684,0.4432400465011596,0.4561643600463867,0.5532197952270508,0.2879049479961395,0.3057591319084167,0.3938472270965576,0.6795964241027832,0.7306487560272217,0.2384756356477737,0.724282443523407,0.2988704442977905,0.758980393409729,0.8197822570800781,0.7160374522209167,0.267070323228836,0.3436839878559112,0.3139747083187103,0.2647802829742431,0.6823638677597046,0.6479240655899048,0.3562492132186889,0.2812150120735168,0.402712881565094,0.7460567951202393,0.7292154431343079,0.7208127975463867,0.175892949104309,0.2833519876003265,0.7864563465118408,0.2311997562646865,0.8047217130661011
42,0.7962132692337036,0.2194214463233947,0.933874011039734,0.7744988203048706,0.7744297385215759,0.4221687316894531,0.364169031381607,0.3302061855792999,0.2342386394739151,0.5213707685470581,0.5190485119819641,0.7922680377960205,0.6820374131202698,0.2827104330062866,0.6095848083496094,0.5131131410598755,0.2056082785129547,0.7307580709457397,0.4689042270183563,0.6524496674537659,0.3123840093612671,0.219915509223938,0.2712724804878235,0.2365613281726837,0.3244189620018005,0.7199139595031738,0.6777232885360718,0.5224684476852417,0.2901310622692108,0.389208972454071,0.6656199097633362,0.4634510278701782,0.7465658187866211,0.7219927906990051,0.758980393409729,0.1795563250780105,0.6804721355438232,0.7481937408447266,0.7088165879249573,0.2518567144870758,0.2235644608736038,0.7446321249008179,0.7993792295455933,0.2881855964660644,0.2712922990322113,0.2833519876003265,0.8281272649765015,0.7208127975463867,0.8129644989967346,0.7483463883399963,0.204131469130516,0.7930192351341248,0.6569720506668091
43,0.7087135314941406,0.192856565117836,0.0526325814425945,0.6537750363349915,0.5015639066696167,0.6505919694900513,0.3573935031890869,0.2375178337097168,0.8161026239395142,0.5476592183113098,0.5078481435775757,0.7137261033058167,0.6964284777641296,0.7806907892227173,0.7175071835517883,0.4307158589363098,0.4696634411811828,0.8285403251647949,0.3240439295768738,0.6795599460601807,0.3796583712100982,0.8116114139556885,0.2712724804878235,0.4546353220939636,0.355279803276062,0.7693198919296265,0.2902604937553406,0.3147647082805633,0.8097048997879028,0.2382780909538269,0.2461581081151962,0.3105220198631286,0.7744988203048706,0.7481937408447266,0.758980393409729,0.7944947481155396,0.577760636806488,0.1795563250780105,0.2311997562646865,0.2108476608991623,0.802941083908081,0.7292154431343079,0.7446321249008179,0.40437713265419,0.2368474602699279,0.8129644989967346,0.637846052646637,0.8267195820808411,0.2604050040245056,0.7680370807647705,0.204131469130516,0.6304229497909546,0.6569720506668091
44,0.7638199329376221,0.2407258450984954,0.107446014881134,0.2811132669448852,0.3698750138282776,0.7088284492492676,0.6532633304595947,0.7173027396202087,0.492881715297699,0.4831475615501404,0.4800671935081482,0.2988909184932709,0.6820236444473267,0.2657297849655151,0.6828539371490479,0.5697399377822876,0.427082747220993,0.8944888114929199,0.6801261305809021,0.3234310150146484,0.2306145578622818,0.2330002039670944,0.7904883027076721,0.7186670303344727,0.2897762954235077,0.4807911515235901,0.3726442456245422,0.5975103974342346,0.6917544007301331,0.2763188481330871,0.3239544034004211,0.8000916242599487,0.7226009964942932,0.2833519876003265,0.5791339874267578,0.3117870688438415,0.2327261567115783,0.1795563250780105,0.2194449007511139,0.264729380607605,0.2812150120735168,0.2625928521156311,0.8151521682739258,0.7680370807647705,0.2980561852455139,0.8047217130661011,0.7292154431343079,0.7208127975463867,0.7993792295455933,0.5822950601577759,0.7352701425552368,0.8051286935806274,0.8126590251922607
45,0.7638199329376221,0.238435760140419,0.0675136744976043,0.2808586657047272,0.4345694184303283,0.2763153612613678,0.4422876238822937,0.6257757544517517,0.7815903425216675,0.5207329988479614,0.6921279430389404,0.2906882464885711,0.3122312128543854,0.285024881362915,0.6902773380279541,0.531064510345459,0.6491907238960266,0.6007181406021118,0.7245144248008728,0.7267627120018005,0.309607595205307,0.5643984079360962,0.2107833176851272,0.2368153631687164,0.2897762954235077,0.3152229189872741,0.4829840064048767,0.7706498503684998,0.2631579041481018,0.3240198194980621,0.1694311648607254,0.7944947481155396,0.2604050040245056,0.2874732911586761,0.2958685159683227,0.2932227551937103,0.6804721355438232,0.2173094600439071,0.2368474602699279,0.2812150120735168,0.7350682020187378,0.2108476608991623,0.748091995716095,0.7012873888015747,0.8224279880523682,0.7131916284561157,0.7093725800514221,0.6892460584640503,0.7446321249008179,0.6933513879776001,0.402712881565094,0.2474814355373382,0.3584368824958801
46,0.1483166366815567,0.7353180646896362,0.9228862524032592,0.3105220198631286,0.5426862835884094,0.7942996025085449,0.287983626127243,0.360658049583435,0.079853169620037,0.4231612086296081,0.5442708730697632,0.3170624673366546,0.4925969243049621,0.7078545689582825,0.7242605686187744,0.3224921822547912,0.348852127790451,0.2825983166694641,0.3240439295768738,0.7713170051574707,0.2860752940177917,0.2330002039670944,0.6693402528762817,0.4464898705482483,0.7923475503921509,0.4807911515235901,0.6188963055610657,0.7517496943473816,0.5490353107452393,0.8056285381317139,0.2988704442977905,0.7226009964942932,0.2811132669448852,0.7487534284591675,0.6877989172935486,0.1795563250780105,0.2327261567115783,0.8197822570800781,0.748091995716095,0.5647933483123779,0.6823638677597046,0.7460567951202393,0.6813371181488037,0.8129644989967346,0.2474814355373382,0.6984344124794006,0.1726870536804199,0.8126271963119507,0.204131469130516,0.7231637239456177,0.3343729078769684,0.2203622609376907,0.7483463883399963
47,0.0958752185106277,0.238403633236885,0.3528984785079956,0.1929376125335693,0.5020822286605835,0.1936173290014267,0.3352088332176208,0.7536283731460571,0.7506090402603149,0.5389168858528137,0.6402140855789185,0.7978642582893372,0.765558123588562,0.56436687707901,0.7031280994415283,0.3208554089069366,0.5492266416549683,0.6735868453979492,0.7479658126831055,0.202930137515068,0.2860752940177917,0.7451717257499695,0.3859622180461883,0.6196832060813904,0.2978900372982025,0.3347791135311126,0.787959098815918,0.6810954809188843,0.7713213562965393,0.3347152769565582,0.6061998605728149,0.3936015963554382,0.2811132669448852,0.3032461702823639,0.7742444276809692,0.7667649984359741,0.6877989172935486,0.7226009964942932,0.5463281869888306,0.6606886386871338,0.2988704442977905,0.6813371181488037,0.8047217130661011,0.2368474602699279,0.2812150120735168,0.7446321249008179,0.2311997562646865,0.7438349723815918,0.6802256107330322,0.2108476608991623,0.6914622783660889,0.2203622609376907,0.7767886519432068
48,0.3910899758338928,0.7226462960243225,0.8231070041656494,0.7459043264389038,0.3226611614227295,0.2763153612613678,0.4045588076114654,0.577153205871582,0.2572645246982574,0.5162169933319092,0.2417135834693908,0.7645410895347595,0.6805922389030457,0.3327950239181518,0.3230114579200744,0.2491427958011627,0.635438859462738,0.6880528926849365,0.5645830631256104,0.224373921751976,0.5597298741340637,0.2892037034034729,0.7722278833389282,0.7880569696426392,0.8069623708724976,0.3152229189872741,0.3586694002151489,0.3150044083595276,0.350980132818222,0.2100824266672134,0.1694311648607254,0.3382482826709747,0.2603541314601898,0.2988704442977905,0.278670996427536,0.1795563250780105,0.7546050548553467,0.3239544034004211,0.2108476608991623,0.6738142371177673,0.2311997562646865,0.2833519876003265,0.8104713559150696,0.8224279880523682,0.684551477432251,0.7292154431343079,0.6869402527809143,0.7907925844192505,0.1685661971569061,0.8047217130661011,0.175892949104309,0.2366902530193328,0.2474814355373382
49,0.1483166366815567,0.7646498084068298,0.7487516403198242,0.2470743805170059,0.3413088321685791,0.7715692520141602,0.3511077165603637,0.3722069561481476,0.5232729911804199,0.5389168858528137,0.7794101238250732,0.748066782951355,0.2864065766334533,0.56436687707901,0.480027437210083,0.531064510345459,0.8285623788833618,0.7750460505485535,0.7721216678619385,0.6793856024742126,0.3606359958648681,0.796775221824646,0.3822620809078216,0.2366629391908645,0.2933624386787414,0.6705567240715027,0.2902604937553406,0.8132249116897583,0.7477127313613892,0.2100824266672134,0.7307433485984802,0.278670996427536,0.7160374522209167,0.722753643989563,0.5791339874267578,0.2418846040964126,0.6608411073684692,0.3239544034004211,0.5773575305938721,0.2311997562646865,0.7330825328826904,0.2881855964660644,0.1907499730587005,0.1704994291067123,0.2647804915904999,0.4904138743877411,0.2368474602699279,0.8302625417709351,0.2988704442977905,0.5793877243995667,0.7971916198730469,0.4289644658565521,0.404132068157196
50,0.6625237464904785,0.6633488535881042,0.8007498979568481,0.7449424266815186,0.7615749835968018,0.7975145578384399,0.7297787666320801,0.3305251002311706,0.7494423389434814,0.4416767358779907,0.6797537803649902,0.5360658168792725,0.2701295912265777,0.3147992491722107,0.7181403636932373,0.6774930357933044,0.3087393641471863,0.8053420782089233,0.799938976764679,0.5552444458007812,0.2327799499034881,0.7757057547569275,0.2107833176851272,0.6155021786689758,0.3063850998878479,0.3082664906978607,0.3196398019790649,0.392065167427063,0.806713342666626,0.2488379180431366,0.3007530272006988,0.7744988203048706,0.2932227551937103,0.3105220198631286,0.5755730271339417,0.7944947481155396,0.7593873739242554,0.3239544034004211,0.7680370807647705,0.748091995716095,0.2063191086053848,0.7930192351341248,0.6254854202270508,0.7292154431343079,0.2345026135444641,0.6813371181488037,0.300547331571579,0.1705423295497894,0.2988704442977905,0.1685661971569061,0.7446321249008179,0.2108476608991623,0.3584368824958801
51,0.9481037855148317,0.7701460123062134,0.2486094832420349,0.817594587802887,0.5015639066696167,0.7525807619094849,0.364169031381607,0.3305251002311706,0.5392341017723083,0.5146083831787109,0.7762826085090637,0.2954405844211578,0.2816422283649444,0.2188622057437896,0.3567355275154114,0.3843505382537842,0.2568857669830322,0.3125998973846435,0.1909072399139404,0.5774648189544678,0.3006289899349212,0.6824644804000854,0.4982860088348388,0.2474341988563537,0.5532197952270508,0.7132114171981812,0.3586694002151489,0.3209321498870849,0.806713342666626,0.3087451756000519,0.2833519876003265,0.3007530272006988,0.7461587190628052,0.2173094600439071,0.7110546827316284,0.7226009964942932,0.2140531241893768,0.7593873739242554,0.2647804915904999,0.7330825328826904,0.72850501537323,0.826752781867981,0.7093725800514221,0.254859060049057,0.175892949104309,0.7129907608032227,0.1707538217306137,0.5330183506011963,0.5691686272621155,0.7231637239456177,0.8183593153953552,0.2604050040245056,0.2108476608991623
52,0.2653228044509887,0.3831064701080322,0.0704452991485595,0.6802177429199219,0.6881440281867981,0.7007967233657837,0.2754149734973907,0.3301197290420532,0.7486988306045532,0.5056105852127075,0.2301433235406875,0.3170624673366546,0.366112470626831,0.3147992491722107,0.1839239597320556,0.6344162225723267,0.4012246131896972,0.2805732488632202,0.2042819410562515,0.7920510768890381,0.8120523691177368,0.7351638078689575,0.2471515834331512,0.7901636362075806,0.567588746547699,0.3188000619411468,0.2044682055711746,0.6882388591766357,0.2901310622692108,0.3820873498916626,0.7944947481155396,0.2603541314601898,0.2874732911586761,0.2327261567115783,0.7923077940940857,0.7487534284591675,0.267070323228836,0.2932227551937103,0.7460567951202393,0.7483463883399963,0.8151521682739258,0.8126590251922607,0.2724097073078155,0.7330825328826904,0.1685661971569061,0.2474814355373382,0.748091995716095,0.6489990949630737,0.3742736577987671,0.7292154431343079,0.3343729078769684,0.6679101586341858,0.8224279880523682
53,0.9786707162857056,0.3513509631156921,0.0598900839686393,0.3002437949180603,0.234505295753479,0.8441847562789917,0.7031614184379578,0.3042171597480774,0.5220130681991577,0.5195256471633911,0.5768189430236816,0.7465313673019409,0.2864065766334533,0.6881842613220215,0.6329163908958435,0.597854495048523,0.7127174139022827,0.8381170034408569,0.2042819410562515,0.7321553230285645,0.7010647058486938,0.3563433885574341,0.5828509330749512,0.4410906136035919,0.3486189544200897,0.3188000619411468,0.2648971676826477,0.3209321498870849,0.7713720798492432,0.2732356190681457,0.2173094600439071,0.7241804599761963,0.8000916242599487,0.2140531241893768,0.6802177429199219,0.278670996427536,0.2874732911586761,0.2811132669448852,0.707184910774231,0.2812150120735168,0.2203622609376907,0.2603541314601898,0.6775860786437988,0.8224279880523682,0.7394434213638306,0.8129644989967346,0.757099986076355,0.2312270998954773,0.6802256107330322,0.3897827863693237,0.7352701425552368,0.4289644658565521,0.7110040187835693
54,0.7638199329376221,0.3632891178131103,0.2624399960041046,0.213035300374031,0.5233632922172546,0.1140720546245575,0.3917374014854431,0.4088150262832641,0.7494423389434814,0.448734700679779,0.7513875961303711,0.2063583731651306,0.6823734641075134,0.6906247735023499,0.3204454183578491,0.2717543840408325,0.2056082785129547,0.7750460505485535,0.2892595529556274,0.3471793532371521,0.5699270963668823,0.4921879172325134,0.2063636034727096,0.2365613281726837,0.8099563717842102,0.723112940788269,0.3264442086219787,0.3938472270965576,0.4912095665931701,0.4131298959255218,0.7431057095527649,0.2811132669448852,0.1694311648607254,0.6804721355438232,0.3007530272006988,0.6170884370803833,0.3105220198631286,0.7481937408447266,0.2833519876003265,0.264729380607605,0.826752781867981,0.7460567951202393,0.8151521682739258,0.7330825328826904,0.706477165222168,0.7884410619735718,0.2625926434993744,0.2757977843284607,0.2203622609376907,0.6736133098602295,0.6935031414031982,0.3897827863693237,0.2812150120735168
55,0.7638199329376221,0.7703549265861511,0.1941743791103363,0.7459043264389038,0.3413088321685791,0.3615749180316925,0.3675926029682159,0.635263204574585,0.5226614475250244,0.4079884886741638,0.7794101238250732,0.7465313673019409,0.2645034790039062,0.7988073825836182,0.5779409408569336,0.5093922019004822,0.7942582368850708,0.8698079586029053,0.8196195960044861,0.2833823263645172,0.3006289899349212,0.4458062946796417,0.440295398235321,0.3684524893760681,0.7316553592681885,0.7132114171981812,0.4002837240695953,0.6821202039718628,0.5694960355758667,0.3237080872058868,0.3934468030929565,0.577760636806488,0.2988704442977905,0.6984344124794006,0.7226009964942932,0.7004683017730713,0.3227841556072235,0.6739092469215393,0.6662852764129639,0.179249957203865,0.7928163409233093,0.2812150120735168,0.7446321249008179,0.8292974829673767,0.2833519876003265,0.7350682020187378,0.3081213235855102,0.2312270998954773,0.7930192351341248,0.7438691258430481,0.826752781867981,0.7392916679382324,0.794190526008606
56,0.0816806554794311,0.2129583358764648,0.0675136744976043,0.2364404201507568,0.3001676499843597,0.6813653707504272,0.3154322206974029,0.6733947992324829,0.7506090402603149,0.4798056483268738,0.2718441486358642,0.2954405844211578,0.7592604160308838,0.7078545689582825,0.6095848083496094,0.6913198828697205,0.635438859462738,0.6007181406021118,0.799938976764679,0.6798134446144104,0.6826149821281433,0.2070883959531784,0.3966360986232757,0.324414312839508,0.7543594837188721,0.7316884994506836,0.2816264927387237,0.3208367824554443,0.350980132818222,0.2100824266672134,0.3607871532440185,0.2418846040964126,0.2874732911586761,0.7667649984359741,0.5791339874267578,0.7481937408447266,0.7720568180084229,0.758980393409729,0.6813371181488037,0.2518567144870758,0.3024314343929291,0.2604050040245056,0.2368474602699279,0.2833519876003265,0.5232290029525757,0.6870870590209961,0.4969767332077026,0.7108137607574463,0.4546926617622375,0.2812150120735168,0.7438691258430481,0.748091995716095,0.7292154431343079
57,0.9786707162857056,0.7703549265861511,0.5500155687332153,0.2808586657047272,0.6576277613639832,0.677568793296814,0.4045588076114654,0.6546298265457153,0.8117309808731079,0.5389168858528137,0.3361533284187317,0.620489776134491,0.2816422283649444,0.3020400106906891,0.3204454183578491,0.2948352694511413,0.6648299098014832,0.6007181406021118,0.7536615133285522,0.7246619462966919,0.5597298741340637,0.5642355680465698,0.2362665235996246,0.3684524893760681,0.355279803276062,0.2804986238479614,0.6188963055610657,0.7363815307617188,0.5658175945281982,0.8056285381317139,0.7744988203048706,0.758980393409729,0.5934280157089233,0.7226009964942932,0.2988704442977905,0.6804721355438232,0.7481937408447266,0.7431057095527649,0.7088165879249573,0.7864563465118408,0.2063191086053848,0.261471539735794,0.6254854202270508,0.826752781867981,0.4435094594955444,0.2647802829742431,0.7854400277137756,0.7927584052085876,0.8336727619171143,0.2474814355373382,0.7483463883399963,0.2603541314601898,0.7446321249008179
58,0.5240544676780701,0.2062407881021499,0.2214041650295257,0.236287772655487,0.3145572543144226,0.4010497331619262,0.623440146446228,0.3621093034744262,0.4438701272010803,0.448734700679779,0.5414988398551941,0.6782569885253906,0.6820374131202698,0.3160695433616638,0.505895733833313,0.3843505382537842,0.4793578088283539,0.1773524582386016,0.8196195960044861,0.7713170051574707,0.3606359958648681,0.2902328372001648,0.2848705053329468,0.2045895606279373,0.5532197952270508,0.3939062058925628,0.8051373958587646,0.5463781356811523,0.5336365699768066,0.7931993007659912,0.1795563250780105,0.5463194847106934,0.758980393409729,0.3032461702823639,0.267070323228836,0.2811132669448852,0.2140531241893768,0.7431057095527649,0.2474814355373382,0.264729380607605,0.7330825328826904,0.7680370807647705,0.175892949104309,0.2812150120735168,0.7209761142730713,0.7292154431343079,0.2108476608991623,0.8201984167098999,0.8126590251922607,0.4049004912376404,0.8237519264221191,0.3092978596687317,0.6758009195327759
59,0.1007300019264221,0.7723851799964905,0.6968202590942383,0.7449424266815186,0.3380313217639923,0.6422759294509888,0.3218204379081726,0.6257757544517517,0.7494423389434814,0.5485451817512512,0.5052646398544312,0.2786935269832611,0.7412545680999756,0.6879080533981323,0.3216311037540436,0.5619055032730103,0.6492840647697449,0.2963353395462036,0.7721216678619385,0.5266053676605225,0.2196844667196273,0.4981821775436401,0.2063636034727096,0.6196832060813904,0.2978900372982025,0.6730941534042358,0.7133326530456543,0.3209321498870849,0.7251800298690796,0.2732356190681457,0.5183905959129333,0.2988704442977905,0.2812150120735168,0.7667649984359741,0.6804721355438232,0.2604050040245056,0.2418846040964126,0.8000916242599487,0.6525967717170715,0.7483463883399963,0.8224279880523682,0.6870870590209961,0.8104713559150696,0.7950040102005005,0.2368474602699279,0.2311997562646865,0.7416815161705017,0.7064293622970581,0.6802256107330322,0.3625670671463012,0.7864563465118408,0.750381588935852,0.2172572612762451
60,0.6411025524139404,0.7680273056030273,0.946889340877533,0.2811132669448852,0.4553152620792389,0.1793186664581298,0.7031614184379578,0.3621093034744262,0.7591050267219543,0.5486066341400146,0.7794101238250732,0.3633587658405304,0.6923547983169556,0.3061833083629608,0.2295430898666381,0.2717543840408325,0.5706793069839478,0.8698079586029053,0.2624593079090118,0.5648201107978821,0.2437100410461425,0.4293906986713409,0.7904883027076721,0.2045895606279373,0.6996665596961975,0.7925256490707397,0.2259664833545684,0.7134315371513367,0.2901310622692108,0.3087451756000519,0.5966350436210632,0.7241804599761963,0.7226009964942932,0.7431057095527649,0.7481937408447266,0.3007530272006988,0.8197822570800781,0.6780301332473755,0.2958685159683227,0.8047217130661011,0.2988704442977905,0.2833519876003265,0.2712922990322113,0.2669681310653686,0.8358603715896606,0.748091995716095,0.4597876667976379,0.7919169068336487,0.7446321249008179,0.175892949104309,0.7483463883399963,0.7292154431343079,0.254859060049057
61,0.2950930595397949,0.7979831695556641,0.9411758184432985,0.7459043264389038,0.4710232317447662,0.4132299423217773,0.6470105051994324,0.3356769680976867,0.7494423389434814,0.476036012172699,0.548931360244751,0.3261691033840179,0.765558123588562,0.7817985415458679,0.3567355275154114,0.506788969039917,0.3244413435459137,0.8381170034408569,0.7992269992828369,0.4105976521968841,0.7944421768188477,0.6824644804000854,0.4366214871406555,0.4905428290367126,0.771592378616333,0.7693198919296265,0.6018221378326416,0.5224684476852417,0.6917544007301331,0.4131298959255218,0.7667649984359741,0.3007530272006988,0.6717216372489929,0.722753643989563,0.7742444276809692,0.7431057095527649,0.8197822570800781,0.3030365407466888,0.8346901535987854,0.3912513256072998,0.2063191086053848,0.8051286935806274,0.7093725800514221,0.7285052537918091,0.2988704442977905,0.2474814355373382,0.2368474602699279,0.8046907186508179,0.7263174057006836,0.8151521682739258,0.5079155564308167,0.7460567951202393,0.7292154431343079
62,0.908692479133606,0.238403633236885,0.9200045466423036,0.2932227551937103,0.5539275407791138,0.7525807619094849,0.2528906762599945,0.6473900079727173,0.5557445883750916,0.4735453128814697,0.4751955866813659,0.7700356245040894,0.3196352124214172,0.6585577130317688,0.1839239597320556,0.5697399377822876,0.4696634411811828,0.8053420782089233,0.7459540367126465,0.7251343727111816,0.5699270963668823,0.813190758228302,0.3123656213283539,0.3684524893760681,0.4715100526809692,0.3188000619411468,0.7297155857086182,0.57386314868927,0.2833383977413177,0.8056285381317139,0.2812150120735168,0.873053789138794,0.7461587190628052,0.2561310529708862,0.7431057095527649,0.278670996427536,0.7226009964942932,0.3227841556072235,0.8151521682739258,0.8158650994300842,0.2647804915904999,0.8358603715896606,0.6813371181488037,0.826752781867981,0.706477165222168,0.7330825328826904,0.1707538217306137,0.2039622366428375,0.7930192351341248,0.2757184505462646,0.7592875957489014,0.8047217130661011,0.2172572612762451
63,0.8318166732788086,0.7516727447509766,0.7910698652267456,0.7744988203048706,0.7908060550689697,0.4195951819419861,0.287983626127243,0.335337221622467,0.7334902286529541,0.5207329988479614,0.3361533284187317,0.6855829954147339,0.2700682580471039,0.7603118419647217,0.3712718486785888,0.6944735050201416,0.2902714312076568,0.8285403251647949,0.7943450212478638,0.2117509841918945,0.3847841322422027,0.41343554854393,0.3991945385932922,0.3145663738250732,0.6750867366790771,0.5851545333862305,0.6188963055610657,0.5224684476852417,0.7477127313613892,0.630500853061676,0.2812150120735168,0.7988706827163696,0.2874732911586761,0.2988704442977905,0.722753643989563,0.278670996427536,0.267070323228836,0.2833519876003265,0.8336727619171143,0.7483463883399963,0.5378227233886719,0.8126590251922607,0.6775860786437988,0.2474814355373382,0.8151521682739258,0.748091995716095,0.8047217130661011,0.7064293622970581,0.5970461964607239,0.2203622609376907,0.204131469130516,0.7446321249008179,0.2368474602699279
64,0.1007300019264221,0.7137913703918457,0.2005911022424698,0.213035300374031,0.4069274365901947,0.2622595429420471,0.364169031381607,0.577153205871582,0.8117309808731079,0.5389168858528137,0.5078481435775757,0.6679345965385437,0.2386538982391357,0.2800395786762237,0.4271306991577148,0.3783415257930755,0.2902714312076568,0.2823467552661896,0.2042819410562515,0.6902208924293518,0.2306145578622818,0.2622955739498138,0.3654190301895141,0.2877756357192993,0.7898101806640625,0.2818667590618133,0.6018221378326416,0.5774602890014648,0.2935300767421722,0.4131298959255218,0.6760969161987305,0.2505333721637726,0.2604050040245056,0.3007530272006988,0.2932227551937103,0.6877989172935486,0.7667649984359741,0.6739668846130371,0.2881855964660644,0.5647933483123779,0.7330825328826904,0.8224279880523682,0.7050999402999878,0.262941837310791,0.2712922990322113,0.435527354478836,0.3081213235855102,0.820448637008667,0.7292154431343079,0.7680370807647705,0.5900808572769165,0.2988704442977905,0.7110040187835693
65,0.0816806554794311,0.2897304594516754,0.9357672929763794,0.3777711391448974,0.3226611614227295,0.2733275890350342,0.4422876238822937,0.6774158477783203,0.236492246389389,0.4243728220462799,0.7045743465423584,0.6494442820549011,0.3658601939678192,0.7163162231445312,0.505895733833313,0.3019350171089172,0.1813963949680328,0.7940441370010376,0.2624593079090118,0.202930137515068,0.3538324534893036,0.2439212799072265,0.4727305769920349,0.3242048621177673,0.6996665596961975,0.2239260673522949,0.3057591319084167,0.7273879647254944,0.3558383882045746,0.3820873498916626,0.2625417709350586,0.8197822570800781,0.7461587190628052,0.2988704442977905,0.6877989172935486,0.4308853149414062,0.7944947481155396,0.3127096891403198,0.7460567951202393,0.3720860481262207,0.2108476608991623,0.2604050040245056,0.293984442949295,0.6914622783660889,0.7767886519432068,0.7446321249008179,0.7292154431343079,0.2812372744083404,0.3074118196964264,0.7680370807647705,0.7056626677513123,0.750381588935852,0.3002437949180603
66,0.4496776461601257,0.2832382321357727,0.1643834710121154,0.6804721355438232,0.771980345249176,0.4195951819419861,0.4422876238822937,0.360658049583435,0.5392341017723083,0.42445969581604,0.5908836126327515,0.2385113984346389,0.2947463989257812,0.3061833083629608,0.7181403636932373,0.6913198828697205,0.6648299098014832,0.2805732488632202,0.7743592262268066,0.2882490158081054,0.2068467736244201,0.4293906986713409,0.3668329119682312,0.6799613833427429,0.3244189620018005,0.3673942685127258,0.2953403294086456,0.5463781356811523,0.6223843693733215,0.8056285381317139,0.758980393409729,0.7944947481155396,0.2439704686403274,0.722753643989563,0.5380792617797852,0.7487534284591675,0.7720568180084229,0.2418846040964126,0.7446321249008179,0.2988704442977905,0.6914622783660889,0.7680370807647705,0.7292154431343079,0.175892949104309,0.3421123623847961,0.8126590251922607,0.2520036995410919,0.4292627274990082,0.7483463883399963,0.6568694114685059,0.6813371181488037,0.204131469130516,0.7460567951202393
67,0.6625237464904785,0.6589582562446594,0.0528566353023052,0.233488067984581,0.3001676499843597,0.7525807619094849,0.6247734427452087,0.360658049583435,0.23760287463665,0.4905859529972076,0.5178226232528687,0.2913705706596374,0.3027713894844055,0.2417410463094711,0.6095848083496094,0.2016815096139907,0.614399790763855,0.7750460505485535,0.3908050656318664,0.68903648853302,0.2437100410461425,0.2331547439098358,0.3991945385932922,0.3145663738250732,0.6750867366790771,0.594603955745697,0.702038049697876,0.7771333456039429,0.8097048997879028,0.3347152769565582,0.2140531241893768,0.5796443223953247,0.7944947481155396,0.7593873739242554,0.7487534284591675,0.7481937408447266,0.722753643989563,0.7742444276809692,0.2833519876003265,0.6606886386871338,0.7680381536483765,0.4391341805458069,0.7930192351341248,0.6813371181488037,0.8151521682739258,0.8047217130661011,0.2920984029769897,0.820448637008667,0.7341018915176392,0.2669681310653686,0.2881855964660644,0.7292154431343079,0.254859060049057
68,0.8318166732788086,0.6861045360565186,0.3528984785079956,0.6537750363349915,0.6881440281867981,0.1856101900339126,0.3352088332176208,0.7272106409072876,0.079853169620037,0.4079884886741638,0.7762826085090637,0.817552924156189,0.7258621454238892,0.3105507791042328,0.505895733833313,0.6071282625198364,0.4696634411811828,0.2558499872684479,0.7486269474029541,0.7267627120018005,0.3006289899349212,0.2070883959531784,0.2897535264492035,0.3242048621177673,0.6996665596961975,0.7693198919296265,0.3726442456245422,0.7134315371513367,0.5658175945281982,0.7306487560272217,0.7481937408447266,0.2988704442977905,0.1694311648607254,0.2561310529708862,0.3454737067222595,0.6412019729614258,0.2658468186855316,0.278670996427536,0.2108476608991623,0.7483463883399963,0.2812150120735168,0.7930192351341248,0.4444742500782013,0.8281272649765015,0.4991644024848938,0.435527354478836,0.7854400277137756,0.6864596605300903,0.1683117896318435,0.7292154431343079,0.748091995716095,0.1685661971569061,0.2833519876003265
69,0.2653228044509887,0.2062407881021499,0.946889340877533,0.6537750363349915,0.7503777742385864,0.6981264352798462,0.2528906762599945,0.6546298265457153,0.5232729911804199,0.5346280336380005,0.3325527310371399,0.2954405844211578,0.6964284777641296,0.3061833083629608,0.3020823299884796,0.3019350171089172,0.2306509315967559,0.2958629131317138,0.5702354311943054,0.5266053676605225,0.81186842918396,0.6824644804000854,0.5502946376800537,0.4905428290367126,0.2788659036159515,0.7693198919296265,0.3264442086219787,0.2862823009490967,0.3947857618331909,0.2380254715681076,0.2140531241893768,0.8000916242599487,0.2812150120735168,0.6346390843391418,0.5791339874267578,0.7667649984359741,0.3105220198631286,0.7742444276809692,0.7088165879249573,0.707184910774231,0.3931939303874969,0.261471539735794,0.2988704442977905,0.6914622783660889,0.2647804915904999,0.2563789486885071,0.7483463883399963,0.5330183506011963,0.8126590251922607,0.6891276836395264,0.6977266669273376,0.6679101586341858,0.7767886519432068
70,0.2371226996183395,0.238403633236885,0.5500155687332153,0.7115601897239685,0.4710232317447662,0.3138759136199951,0.2793249487876892,0.717065691947937,0.7591050267219543,0.455420434474945,0.4801585078239441,0.7571642398834229,0.3506410121917724,0.7075730562210083,0.3484301567077636,0.7136801481246948,0.7942582368850708,0.7201772928237915,0.1909072399139404,0.7246619462966919,0.6831521391868591,0.3217597305774688,0.7904883027076721,0.3535459339618683,0.2368821650743484,0.7717579007148743,0.7234134674072266,0.4024247825145721,0.6223843693733215,0.3087451756000519,0.758980393409729,0.2988704442977905,0.2812150120735168,0.7160374522209167,0.7226009964942932,0.801058292388916,0.3273101150989532,0.2932227551937103,0.8346901535987854,0.6990997791290283,0.3024314343929291,0.2833519876003265,0.8104713559150696,0.7483463883399963,0.1685661971569061,0.8047217130661011,0.4675734341144562,0.7927584052085876,0.254859060049057,0.826752781867981,0.6914622783660889,0.7680370807647705,0.7330825328826904
71,0.2689363062381744,0.3028820157051086,0.8469502925872803,0.7744988203048706,0.2321676313877105,0.1773656159639358,0.711064338684082,0.3517302572727203,0.6741064786911011,0.5409656167030334,0.5908836126327515,0.797152042388916,0.7481386661529541,0.6881842613220215,0.2320644259452819,0.6080475449562073,0.6528642177581787,0.7461463809013367,0.7788344621658325,0.2479975670576095,0.2326768338680267,0.3125386238098144,0.2365208566188812,0.2366629391908645,0.3599277138710022,0.2932365238666534,0.6554872989654541,0.3209321498870849,0.806713342666626,0.5268434286117554,0.6656199097633362,0.3382482826709747,0.6802177429199219,0.2173094600439071,0.7667649984359741,0.7226009964942932,0.722753643989563,0.2866057157516479,0.5773575305938721,0.2203622609376907,0.2063191086053848,0.6479240655899048,0.2474814355373382,0.4116590917110443,0.402712881565094,0.2647802829742431,0.7886439561843872,0.820448637008667,0.8007534742355347,0.2541913092136383,0.3030365407466888,0.2833519876003265,0.4361805319786072
72,0.2707204818725586,0.2062407881021499,0.933874011039734,0.7487534284591675,0.5716794729232788,0.6987549662590027,0.3568650186061859,0.6546298265457153,0.5220130681991577,0.476036012172699,0.6921279430389404,0.1929782330989837,0.3104859590530395,0.2800395786762237,0.4645465314388275,0.597854495048523,0.3699433505535126,0.8864761590957642,0.3765633702278137,0.6798134446144104,0.3123840093612671,0.2622955739498138,0.2365208566188812,0.4590368568897247,0.7543594837188721,0.7199139595031738,0.3103840351104736,0.3938472270965576,0.7895750999450684,0.791077196598053,0.2140531241893768,0.2384756356477737,0.8000916242599487,0.2932227551937103,0.2439704686403274,0.758980393409729,0.267070323228836,0.6294494867324829,0.2604050040245056,0.179249957203865,0.7292154431343079,0.6813371181488037,0.7680370807647705,0.7012873888015747,0.254859060049057,0.2474814355373382,0.2958685159683227,0.7927584052085876,0.7330825328826904,0.748091995716095,0.5079155564308167,0.8047217130661011,0.7446321249008179
73,0.9134942889213562,0.238435760140419,0.7483835220336914,0.7744988203048706,0.5463840961456299,0.6422759294509888,0.4045588076114654,0.2375178337097168,0.7499359846115112,0.412222683429718,0.759489893913269,0.2130738794803619,0.8133423328399658,0.3147992491722107,0.2783239483833313,0.4927640557289123,0.3699433505535126,0.1773524582386016,0.8196195960044861,0.68903648853302,0.4053576588630676,0.219915509223938,0.610203742980957,0.7649021744728088,0.4461821913719177,0.3393533229827881,0.5596084594726562,0.5463781356811523,0.2631579041481018,0.7395966649055481,0.7944947481155396,0.2173094600439071,0.2958685159683227,0.6802177429199219,0.3239544034004211,0.2418846040964126,0.2669679224491119,0.2874732911586761,0.2812150120735168,0.7446321249008179,0.802941083908081,0.826752781867981,0.3562492132186889,0.2203622609376907,0.748091995716095,0.355238139629364,0.1707538217306137,0.5330183506011963,0.8224279880523682,0.2833519876003265,0.7197545170783997,0.7483463883399963,0.7680370807647705
74,0.2689363062381744,0.2988295257091522,0.802933931350708,0.7971916198730469,0.4412657022476196,0.2763153612613678,0.3917374014854431,0.3442203402519226,0.5392341017723083,0.4735453128814697,0.759489893913269,0.7700356245040894,0.6787069439888,0.56436687707901,0.7242605686187744,0.7897036075592041,0.2306509315967559,0.2837958335876465,0.7486269474029541,0.5552444458007812,0.2900598049163818,0.300793319940567,0.3859622180461883,0.6242595911026001,0.3282041847705841,0.4995396733283996,0.6554872989654541,0.7273879647254944,0.2631579041481018,0.3240198194980621,0.7004683017730713,0.2833519876003265,0.389226347208023,0.2604050040245056,0.278670996427536,0.8000916242599487,0.7481937408447266,0.6739092469215393,0.6525967717170715,0.7446321249008179,0.802941083908081,0.2203622609376907,0.2724097073078155,0.3822557628154754,0.748091995716095,0.435527354478836,0.6889761686325073,0.7657670974731445,0.6914622783660889,0.7438691258430481,0.7352701425552368,0.7680370807647705,0.2735310196876526
75,0.1263787150382995,0.3249176144599914,0.0598900839686393,0.720413327217102,0.5426862835884094,0.6422759294509888,0.6336836814880371,0.3621093034744262,0.5226614475250244,0.3896931707859039,0.5078481435775757,0.2063583731651306,0.3122312128543854,0.2657297849655151,0.6171931028366089,0.2717543840408325,0.2902714312076568,0.2677593529224396,0.8196195960044861,0.3155226707458496,0.7759331464767456,0.4458062946796417,0.807680606842041,0.6616271138191223,0.567588746547699,0.2475880980491638,0.3057591319084167,0.8111346364021301,0.3947857618331909,0.389208972454071,0.1694311648607254,0.2811132669448852,0.4615121483802795,0.722753643989563,0.6896838545799255,0.7593873739242554,0.278670996427536,0.2173094600439071,0.6914622783660889,0.2203622609376907,0.6823638677597046,0.2520036995410919,0.3562492132186889,0.7985658049583435,0.7209761142730713,0.7131916284561157,0.7352701425552368,0.7483211159706116,0.2311997562646865,0.4014800190925598,0.254859060049057,0.3897827863693237,0.7460567951202393
76,0.2689363062381744,0.2194214463233947,0.8673551082611084,0.7767886519432068,0.4643881916999817,0.6422759294509888,0.3634971976280212,0.29664146900177,0.7815903425216675,0.4748009443283081,0.2301433235406875,0.2988909184932709,0.7481386661529541,0.7591540813446045,0.2846685349941253,0.6080475449562073,0.3087393641471863,0.2963353395462036,0.3106184005737304,0.7152489423751831,0.7010647058486938,0.7109309434890747,0.680162787437439,0.3535459339618683,0.771592378616333,0.2475880980491638,0.238875612616539,0.3952183425426483,0.2028698921203613,0.6834086775779724,0.1795563250780105,0.3936015963554382,0.5274450778961182,0.2958685159683227,0.7944947481155396,0.3227841556072235,0.2811132669448852,0.7593873739242554,0.3289865553379059,0.2368474602699279,0.6815986633300781,0.7483463883399963,0.8336727619171143,0.2833519876003265,0.402712881565094,0.5866703391075134,0.7854400277137756,0.5605275630950928,0.6897864937782288,0.4014800190925598,0.2779062986373901,0.7460567951202393,0.6758009195327759
77,0.2653228044509887,0.8176777958869934,0.2077953815460205,0.3148468434810638,0.5489405393600464,0.4221687316894531,0.7076643705368042,0.6546298265457153,0.5232729911804199,0.4243728220462799,0.6717711687088013,0.6494442820549011,0.7245402336120605,0.2781231999397278,0.3567355275154114,0.3019350171089172,0.2568857669830322,0.6745807528495789,0.3765633702278137,0.5686700344085693,0.4053576588630676,0.3563433885574341,0.3033061921596527,0.2368153631687164,0.6676666140556335,0.723112940788269,0.4087625443935394,0.2068580090999603,0.5694960355758667,0.7082855701446533,0.801058292388916,0.267070323228836,0.2418846040964126,0.278670996427536,0.3239544034004211,0.685308575630188,0.3007530272006988,0.7481937408447266,0.2833519876003265,0.7330825328826904,0.2108476608991623,0.2881855964660644,0.7680370807647705,0.7086647748947144,0.7930192351341248,0.2980561852455139,0.2150696367025375,0.6489990949630737,0.7197547554969788,0.748091995716095,0.7446321249008179,0.2988704442977905,0.8259395956993103
78,0.7087135314941406,0.7226462960243225,0.8007498979568481,0.7971916198730469,0.68211829662323,0.2763153612613678,0.731536865234375,0.4088150262832641,0.1486220359802246,0.42445969581604,0.3466935157775879,0.2195350080728531,0.7412545680999756,0.3061833083629608,0.2320644259452819,0.2491427958011627,0.7142460942268372,0.7003622055053711,0.8196195960044861,0.8096420764923096,0.4053576588630676,0.219915509223938,0.4982860088348388,0.3938748836517334,0.2678747773170471,0.2818667590618133,0.594001293182373,0.3208367824554443,0.7251800298690796,0.7885509729385376,0.7667649984359741,0.7004683017730713,0.2932227551937103,0.7431057095527649,0.6877989172935486,0.2384756356477737,0.7744988203048706,0.4286976754665375,0.7483463883399963,0.2812150120735168,0.8126590251922607,0.1685661971569061,0.2833519876003265,0.2216325253248214,0.2712922990322113,0.7131916284561157,0.637846052646637,0.6864596605300903,0.7438691258430481,0.7680370807647705,0.2980561852455139,0.8224279880523682,0.8151521682739258
79,0.1123985722661018,0.3632891178131103,0.8165283203125,0.1929376125335693,0.4553152620792389,0.677568793296814,0.5733159184455872,0.6733947992324829,0.4620856046676636,0.5485451817512512,0.7513875961303711,0.7978642582893372,0.3450927734375,0.3061833083629608,0.5441141724586487,0.3208554089069366,0.7942582368850708,0.8285403251647949,0.6877034306526184,0.2117509841918945,0.3796583712100982,0.2892037034034729,0.6693305969238281,0.337516725063324,0.771592378616333,0.406554639339447,0.3583002090454101,0.6810954809188843,0.3245614171028137,0.4943910539150238,0.2384756356477737,0.7744988203048706,0.267070323228836,0.3475065231323242,0.8197822570800781,0.6170884370803833,0.7546050548553467,0.2988704442977905,0.707184910774231,0.8151521682739258,0.2833519876003265,0.315860778093338,0.2474814355373382,0.2691046595573425,0.684551477432251,0.2203622609376907,0.7352701425552368,0.2980860769748688,0.8224279880523682,0.4014800190925598,0.204131469130516,0.8346901535987854,0.748091995716095
80,0.2306548357009887,0.6498809456825256,0.8599623441696167,0.817594587802887,0.4485406875610351,0.1773656159639358,0.4045588076114654,0.4088150262832641,0.2572645246982574,0.5389168858528137,0.5078481435775757,0.7225783467292786,0.7140780687332153,0.2657297849655151,0.7463140487670898,0.7922288179397583,0.7142460942268372,0.2259324640035629,0.7479658126831055,0.202930137515068,0.3216127157211303,0.5209670066833496,0.7321973443031311,0.8080108165740967,0.2880341112613678,0.7316884994506836,0.2897107899188995,0.2963904142379761,0.3162767291069031,0.6834086775779724,0.2418846040964126,0.7742444276809692,0.2140531241893768,0.7481937408447266,0.2811132669448852,0.3007530272006988,0.7667649984359741,0.7988706827163696,0.802941083908081,0.2108476608991623,0.6813371181488037,0.1685661971569061,0.8245651721954346,0.2604050040245056,0.8151521682739258,0.2474814355373382,0.7680370807647705,0.7291921377182007,0.2881855964660644,0.2712922990322113,0.2980561852455139,0.7392916679382324,0.7330825328826904
81,0.1263787150382995,0.6175283193588257,0.8971195220947266,0.3239544034004211,0.5540124177932739,0.3588254451751709,0.7303261756896973,0.3261861801147461,0.7499359846115112,0.5640767812728882,0.5076205134391785,0.3090700805187225,0.3658601939678192,0.5445391535758972,0.3015435934066772,0.4927640557289123,0.2701632082462311,0.1517393887042999,0.7224878072738647,0.7920510768890381,0.2437100410461425,0.3084010779857635,0.7314577102661133,0.4231046438217163,0.7221658229827881,0.7317965030670166,0.2897107899188995,0.2294428348541259,0.3332412838935852,0.7704123258590698,0.7481937408447266,0.6782845258712769,0.389226347208023,0.7667649984359741,0.873053789138794,0.2988704442977905,0.1795563250780105,0.2384756356477737,0.5773575305938721,0.2881855964660644,0.7446321249008179,0.315860778093338,0.7993792295455933,0.1704994291067123,0.2474814355373382,0.748091995716095,0.7483463883399963,0.7352462410926819,0.707184910774231,0.8325024843215942,0.8224279880523682,0.7930192351341248,0.7767886519432068
82,0.1618684083223343,0.3249176144599914,0.0704452991485595,0.1929376125335693,0.5015639066696167,0.3615749180316925,0.6819220781326294,0.7311058044433594,0.5232729911804199,0.5304867029190063,0.5347871780395508,0.3127380907535553,0.3506410121917724,0.2914357781410217,0.315268874168396,0.6774930357933044,0.2568857669830322,0.2963353395462036,0.6801261305809021,0.5648201107978821,0.2437100410461425,0.4532195925712585,0.6693402528762817,0.3535459339618683,0.2788659036159515,0.4964667558670044,0.3668291866779327,0.5224684476852417,0.676948606967926,0.3134477436542511,0.7138497829437256,0.2874732911586761,0.7431057095527649,0.7593873739242554,0.7744988203048706,0.2988704442977905,0.577760636806488,0.8197822570800781,0.3289865553379059,0.4379113316535949,0.6914622783660889,0.2603541314601898,0.8336727619171143,0.7483463883399963,0.2980561852455139,0.2812150120735168,0.2203622609376907,0.2833740413188934,0.2368474602699279,0.5760296583175659,0.640798807144165,0.268034428358078,0.3584368824958801
83,0.0884504467248916,0.7466345429420471,0.0996759831905365,0.7252495884895325,0.4553152620792389,0.3438198864459991,0.3511077165603637,0.3501594066619873,0.2342386394739151,0.4508883357048034,0.7466926574707031,0.7225783467292786,0.4925969243049621,0.7893869280815125,0.6496424674987793,0.2006443440914154,0.5471070408821106,0.5856655836105347,0.7592555284500122,0.6902208924293518,0.2437100410461425,0.2622955739498138,0.3859622180461883,0.2898686826229095,0.2348523288965225,0.594603955745697,0.3706035614013672,0.2963904142379761,0.3501328527927398,0.7243835926055908,0.2958685159683227,0.2812150120735168,0.8197822570800781,0.801058292388916,0.2833519876003265,0.1694311648607254,0.4109478592872619,0.3436839878559112,0.8336727619171143,0.6914622783660889,0.8224279880523682,0.8151521682739258,0.293984442949295,0.2669681310653686,0.7093725800514221,0.7930192351341248,0.7483463883399963,0.7064293622970581,0.7292154431343079,0.175892949104309,0.7971916198730469,0.1685661971569061,0.8259395956993103
84,0.7962132692337036,0.2832382321357727,0.9447685480117798,0.2364404201507568,0.4412657022476196,0.3615749180316925,0.6565608978271484,0.6852582097053528,0.2516945004463196,0.5034774541854858,0.5347871780395508,0.2130738794803619,0.7589932084083557,0.3327950239181518,0.592458963394165,0.2729814946651459,0.5902566313743591,0.7940441370010376,0.7351505160331726,0.3234310150146484,0.1978758573532104,0.3563433885574341,0.289436012506485,0.5889543890953064,0.2933624386787414,0.6705567240715027,0.4002837240695953,0.2425952702760696,0.2933074831962585,0.6796771287918091,0.2988704442977905,0.7944947481155396,0.2327261567115783,0.3007530272006988,0.2604050040245056,0.2140531241893768,0.6877989172935486,0.1694311648607254,0.2647804915904999,0.562044084072113,0.826752781867981,0.2368474602699279,0.8151521682739258,0.2203622609376907,0.7292154431343079,0.7350682020187378,0.8202403783798218,0.7657670974731445,0.2881855964660644,0.4014800190925598,0.2980561852455139,0.2474814355373382,0.4361805319786072
85,0.3487684726715088,0.6633488535881042,0.0675136744976043,0.7516028881072998,0.4553152620792389,0.7975145578384399,0.2961275577545166,0.6404422521591187,0.6028143167495728,0.4747828245162964,0.5908836126327515,0.7700356245040894,0.2645034790039062,0.2657297849655151,0.6171931028366089,0.7032277584075928,0.2176679968833923,0.2677593529224396,0.7943450212478638,0.7920510768890381,0.2196844667196273,0.813190758228302,0.2063636034727096,0.4464898705482483,0.7898101806640625,0.3939062058925628,0.3583002090454101,0.5463781356811523,0.5353217124938965,0.212712213397026,0.7487534284591675,0.6877989172935486,0.7438691258430481,0.801058292388916,0.2958685159683227,0.8000916242599487,0.7431057095527649,0.277906060218811,0.7483463883399963,0.3664778769016266,0.7680381536483765,0.7446321249008179,0.1683117896318435,0.7680370807647705,0.706477165222168,0.7930192351341248,0.4675734341144562,0.8046907186508179,0.3742736577987671,0.6891276836395264,0.8183593153953552,0.8346901535987854,0.7906287312507629
86,0.1585641354322433,0.7923851609230042,0.0996759831905365,0.6877989172935486,0.3145572543144226,0.3321623504161834,0.6302745342254639,0.3130487203598022,0.236492246389389,0.5476592183113098,0.5768189430236816,0.6581698656082153,0.7258621454238892,0.3160695433616638,0.3797796964645386,0.5838813781738281,0.2828652858734131,0.2509450614452362,0.2787835597991943,0.3234310150146484,0.309607595205307,0.2331547439098358,0.3822620809078216,0.2931104600429535,0.7543594837188721,0.4977081418037414,0.790500283241272,0.2963904142379761,0.2631579041481018,0.2488379180431366,0.2932227551937103,0.3105220198631286,0.2140531241893768,0.7481937408447266,0.7744988203048706,0.873053789138794,0.8000916242599487,0.1694311648607254,0.6662852764129639,0.2203622609376907,0.685308575630188,0.2311997562646865,0.7446321249008179,0.2368474602699279,0.8126590251922607,0.3030365407466888,0.254859060049057,0.8151201009750366,0.2958685159683227,0.2172572612762451,0.1683117896318435,0.2833519876003265,0.7460567951202393
87,0.8952893018722534,0.7979831695556641,0.9228862524032592,0.3227841556072235,0.4710232317447662,0.3257895410060882,0.7303261756896973,0.7536283731460571,0.2723901867866516,0.4479425549507141,0.3325527310371399,0.2988909184932709,0.2645034790039062,0.2479195445775985,0.7520363330841064,0.3375284075736999,0.7428193092346191,0.2867386937141418,0.7992269992828369,0.3155226707458496,0.7763218879699707,0.300793319940567,0.2712724804878235,0.3874682188034057,0.3304745554924011,0.8071494102478027,0.7604907751083374,0.3171137869358063,0.3947857618331909,0.5268434286117554,0.7307433485984802,0.5796443223953247,0.758980393409729,0.7944947481155396,0.5755730271339417,0.2561310529708862,0.7667649984359741,0.2384756356477737,0.2812150120735168,0.6635348796844482,0.2311997562646865,0.1683117896318435,0.6813371181488037,0.3467892110347748,0.1685661971569061,0.6444089412689209,0.7483463883399963,0.820448637008667,0.4546926617622375,0.8126590251922607,0.2896091938018799,0.7446321249008179,0.2647802829742431
88,0.833196222782135,0.2786259651184082,0.3580621182918548,0.2364404201507568,0.7615749835968018,0.1856101900339126,0.711064338684082,0.2375178337097168,0.1975907236337661,0.5753566026687622,0.6867072582244873,0.3029700815677643,0.612436056137085,0.210528627038002,0.3015435934066772,0.3783415257930755,0.7428193092346191,0.8634741306304932,0.3106184005737304,0.7152489423751831,0.2860752940177917,0.3220348656177521,0.289436012506485,0.2111065983772277,0.6750867366790771,0.5851545333862305,0.7001363635063171,0.2294428348541259,0.676948606967926,0.7212004661560059,0.8000916242599487,0.758980393409729,0.7481937408447266,0.2173094600439071,0.7742444276809692,0.6841403245925903,0.2811132669448852,0.1795563250780105,0.3963463306427002,0.826752781867981,0.2604050040245056,0.7446321249008179,0.7352701425552368,0.3467892110347748,0.2712922990322113,0.2368474602699279,0.2812150120735168,0.1705423295497894,0.8129644989967346,0.2833519876003265,0.3343729078769684,0.8358603715896606,0.748091995716095
89,0.1585641354322433,0.3513509631156921,0.202350378036499,0.2173094600439071,0.5868528485298157,0.1773656159639358,0.6610637903213501,0.3334094285964966,0.5070534348487854,0.5304867029190063,0.6671780347824097,0.2786935269832611,0.3352501988410949,0.3080601394176483,0.592458963394165,0.6907787322998047,0.6757137775421143,0.7750460505485535,0.50697261095047,0.7152489423751831,0.309607595205307,0.7351638078689575,0.3240081369876861,0.3874682188034057,0.7871150970458984,0.2346907705068588,0.2902604937553406,0.7771333456039429,0.6223843693733215,0.5523278713226318,0.3141843378543854,0.3007530272006988,0.7026559114456177,0.6984344124794006,0.722753643989563,0.3148468434810638,0.6804721355438232,0.7481937408447266,0.2474814355373382,0.7818782329559326,0.322725236415863,0.4267768263816833,0.7352701425552368,0.6914622783660889,0.175892949104309,0.7261658906936646,0.4969767332077026,0.2757977843284607,0.2958685159683227,0.2881855964660644,0.8237519264221191,0.1683117896318435,0.7446321249008179
90,0.7452597618103027,0.2832382321357727,0.0931340008974075,0.3227841556072235,0.4643881916999817,0.3138759136199951,0.3917374014854431,0.6404422521591187,0.4620856046676636,0.54914391040802,0.6921279430389404,0.6855829954147339,0.7140780687332153,0.7817985415458679,0.6410253643989563,0.2717543840408325,0.7465001344680786,0.8944888114929199,0.6868964433670044,0.202930137515068,0.2196844667196273,0.3999432623386383,0.3240081369876861,0.2931104600429535,0.3202446103096008,0.7132114171981812,0.3021802902221679,0.2294428348541259,0.350980132818222,0.7243835926055908,0.5183905959129333,0.7667649984359741,0.3127096891403198,0.2527210116386413,0.2384756356477737,0.6170884370803833,0.2173094600439071,0.7226009964942932,0.802941083908081,0.2833519876003265,0.2983597218990326,0.2625928521156311,0.7319142818450928,0.7086647748947144,0.1683117896318435,0.7884410619735718,0.2625926434993744,0.4292627274990082,0.4225979149341583,0.2108476608991623,0.6610491871833801,0.2988704442977905,0.2311997562646865
91,0.0939183160662651,0.7466345429420471,0.8710044622421265,0.236287772655487,0.5787050724029541,0.1576695442199707,0.2528906762599945,0.2375178337097168,0.5554426908493042,0.4747828245162964,0.6717711687088013,0.6584908366203308,0.7258621454238892,0.2329250276088714,0.2846685349941253,0.3375284075736999,0.5471070408821106,0.7647188901901245,0.7245144248008728,0.6795599460601807,0.7117663025856018,0.3125386238098144,0.2107833176851272,0.7186670303344727,0.3304745554924011,0.3036457896232605,0.3444195091724396,0.6893942952156067,0.3162767291069031,0.2100824266672134,0.6877989172935486,0.2833519876003265,0.7026559114456177,0.2932227551937103,0.7744988203048706,0.8000916242599487,0.3239544034004211,0.267070323228836,0.7483463883399963,0.2311997562646865,0.2988704442977905,0.4267768263816833,0.7458545565605164,0.7012873888015747,0.7930192351341248,0.8126590251922607,0.4969767332077026,0.7108137607574463,0.7438691258430481,0.7352701425552368,0.2980561852455139,0.7446321249008179,0.1685661971569061
92,0.833196222782135,0.7137913703918457,0.0704452991485595,0.7459043264389038,0.4283811450004577,0.6794731616973877,0.7076643705368042,0.6404422521591187,0.1975907236337661,0.4079884886741638,0.7181838154792786,0.7465313673019409,0.711781919002533,0.2935908138751983,0.7053304314613342,0.3783415257930755,0.6990972757339478,0.7201772928237915,0.4689042270183563,0.7895163297653198,0.4193175435066223,0.2070883959531784,0.2897535264492035,0.337516725063324,0.546970784664154,0.2804986238479614,0.238875612616539,0.2294428348541259,0.7921103239059448,0.3237080872058868,0.7667649984359741,0.1795563250780105,0.5274450778961182,0.1694311648607254,0.2327261567115783,0.3105220198631286,0.8197822570800781,0.2811132669448852,0.6583492755889893,0.8047217130661011,0.2604050040245056,0.8051286935806274,0.7201153039932251,0.2216325253248214,0.2474814355373382,0.2712922990322113,0.175892949104309,0.2757977843284607,0.4225979149341583,0.2881855964660644,0.8183593153953552,0.2203622609376907,0.7483463883399963
93,0.0958752185106277,0.238435760140419,0.0675136744976043,0.7723109722137451,0.68211829662323,0.8364454507827759,0.2789824306964874,0.6473900079727173,0.7673119306564331,0.4735946655273437,0.5768189430236816,0.2883438467979431,0.6787069439888,0.3158195316791534,0.505895733833313,0.7779752016067505,0.7538820505142212,0.2550660073757171,0.3228742778301239,0.8066511154174805,0.4765489399433136,0.6905826926231384,0.7677462697029114,0.324414312839508,0.3599277138710022,0.2932365238666534,0.7880489230155945,0.6893942952156067,0.7477127313613892,0.2920359671115875,0.2140531241893768,0.2561310529708862,0.7226009964942932,0.278670996427536,0.7481937408447266,0.2988704442977905,0.873053789138794,0.7742444276809692,0.7908315658569336,0.6990997791290283,0.1685661971569061,0.2203622609376907,0.7306928634643555,0.8224279880523682,0.7330825328826904,0.5866703391075134,0.8151521682739258,0.7657670974731445,0.707184910774231,0.2812150120735168,0.2368474602699279,0.826752781867981,0.794190526008606
94,0.1585641354322433,0.3632891178131103,0.9028784036636353,0.7330825328826904,0.5233632922172546,0.7942996025085449,0.731536865234375,0.3517302572727203,0.7839697599411011,0.4416767358779907,0.5078481435775757,0.2906882464885711,0.612436056137085,0.2317287474870681,0.2981235086917877,0.6774930357933044,0.5706793069839478,0.7307580709457397,0.6868964433670044,0.6524496674537659,0.8120523691177368,0.4458062946796417,0.2063636034727096,0.2366629391908645,0.3063850998878479,0.3673942685127258,0.7001363635063171,0.2425952702760696,0.2631579041481018,0.7243835926055908,0.2896609306335449,0.724282443523407,0.2833519876003265,0.7431057095527649,0.8197822570800781,0.4308853149414062,0.7944947481155396,0.7593873739242554,0.826752781867981,0.8040633201599121,0.8151521682739258,0.6679101586341858,0.2368474602699279,0.1704994291067123,0.2063191086053848,0.5866703391075134,0.2108476608991623,0.7446072101593018,0.8336727619171143,0.1685661971569061,0.6813371181488037,0.2603541314601898,0.3002437949180603
95,0.833196222782135,0.7226462960243225,0.9371793866157532,0.213035300374031,0.4412657022476196,0.7288964986801147,0.6610637903213501,0.6257757544517517,0.236492246389389,0.5162165760993958,0.4751955866813659,0.2195350080728531,0.2956457138061523,0.2223145365715026,0.592458963394165,0.7134544253349304,0.4372687935829162,0.2200488001108169,0.7136391401290894,0.7761486768722534,0.6348869204521179,0.3259428739547729,0.3991945385932922,0.2368153631687164,0.3257063925266266,0.4803125858306885,0.3583002090454101,0.3191469311714172,0.6747485399246216,0.2920359671115875,0.8197822570800781,0.2604050040245056,0.2561310529708862,0.6972661018371582,0.6802177429199219,0.2958685159683227,0.7944947481155396,0.1795563250780105,0.6662852764129639,0.2881855964660644,0.7460567951202393,0.175892949104309,0.293984442949295,0.2812150120735168,0.7767886519432068,0.7350682020187378,0.826752781867981,0.4292627274990082,0.6813371181488037,0.2311997562646865,0.254859060049057,0.268034428358078,0.8047217130661011
96,0.833196222782135,0.7923851609230042,0.802933931350708,0.6877989172935486,0.68211829662323,0.4132299423217773,0.4422876238822937,0.2375178337097168,0.7815903425216675,0.5162165760993958,0.4220761358737945,0.3477567434310913,0.7258621454238892,0.5445391535758972,0.2846685349941253,0.4813516139984131,0.3244413435459137,0.5856655836105347,0.3765633702278137,0.7152489423751831,0.3606359958648681,0.3220348656177521,0.2993270754814148,0.5889543890953064,0.2678747773170471,0.3939062058925628,0.4087625443935394,0.3128542900085449,0.4315267205238342,0.7703617811203003,0.722753643989563,0.7481937408447266,0.2811132669448852,0.7487534284591675,0.2384756356477737,0.7744988203048706,0.6802177429199219,0.6739092469215393,0.7658504843711853,0.7351186275482178,0.8358603715896606,0.8151521682739258,0.748091995716095,0.4442778825759887,0.8224279880523682,0.2812150120735168,0.300547331571579,0.7093325257301331,0.7330825328826904,0.4014800190925598,0.2980561852455139,0.2366902530193328,0.706477165222168
97,0.1123985722661018,0.7680273056030273,0.0704452991485595,0.7667649984359741,0.5539275407791138,0.6386936902999878,0.7297787666320801,0.7173027396202087,0.7499359846115112,0.4831475615501404,0.4554505348205566,0.2786935269832611,0.2924271821975708,0.2223145365715026,0.2981235086917877,0.7897036075592041,0.6491907238960266,0.7201772928237915,0.1909072399139404,0.2935719490051269,0.309607595205307,0.4485750198364258,0.3991945385932922,0.30225470662117,0.2026286423206329,0.4807911515235901,0.3264442086219787,0.5975103974342346,0.3332412838935852,0.238126516342163,0.2327261567115783,0.5796443223953247,0.7438691258430481,0.758980393409729,0.7744988203048706,0.2173094600439071,0.8000916242599487,0.2812150120735168,0.826752781867981,0.3068067133426666,0.2203622609376907,0.7108030915260315,0.7306928634643555,0.7985658049583435,0.8346901535987854,0.6813371181488037,0.2150696367025375,0.1707967072725296,0.2833519876003265,0.175892949104309,0.2311997562646865,0.4853195548057556,0.7384771108627319
98,0.9060128927230836,0.7481424808502197,0.1470411121845245,0.7923071384429932,0.5020822286605835,0.7088284492492676,0.3016471862792969,0.6436959505081177,0.6177383661270142,0.5968766808509827,0.7050495743751526,0.7515679597854614,0.6787069439888,0.2935908138751983,0.480027437210083,0.6080475449562073,0.3845272064208984,0.6007181406021118,0.231675773859024,0.5343549847602844,0.3165754377841949,0.3084010779857635,0.4044487774372101,0.2345290184020996,0.355279803276062,0.2112826257944107,0.808135986328125,0.3191469311714172,0.2935300767421722,0.8056285381317139,0.6780301332473755,0.8000916242599487,0.2439704686403274,0.278670996427536,0.758980393409729,0.7481937408447266,0.7857449054718018,0.267070323228836,0.2311997562646865,0.2647802829742431,0.7292154431343079,0.7680370807647705,0.2833519876003265,0.2108476608991623,0.7906287312507629,0.2563789486885071,0.175892949104309,0.7483211159706116,0.2691046595573425,0.8292974829673767,0.8237519264221191,0.2474814355373382,0.2812150120735168
99,0.908692479133606,0.7723851799964905,0.7978094816207886,0.7971916198730469,0.7744297385215759,0.8441847562789917,0.2793249487876892,0.3517302572727203,0.7673119306564331,0.4243728220462799,0.548931360244751,0.2130738794803619,0.7412545680999756,0.6906247735023499,0.7053304314613342,0.2671279013156891,0.2568857669830322,0.8634741306304932,0.5645830631256104,0.3234310150146484,0.3792305886745453,0.813190758228302,0.3240081369876861,0.324414312839508,0.2368821650743484,0.2986295521259308,0.7396472692489624,0.2963904142379761,0.7921103239059448,0.2488379180431366,0.7307433485984802,0.2173094600439071,0.2140531241893768,0.708968997001648,0.7431057095527649,0.2932227551937103,0.4109478592872619,0.2866057157516479,0.2833519876003265,0.6635348796844482,0.254859060049057,0.2106943726539611,0.7093725800514221,0.7930192351341248,0.6914622783660889,0.7131916284561157,0.300547331571579,0.8151201009750366,0.8126590251922607,0.2474814355373382,0.826752781867981,0.2958685159683227,0.1685661971569061
