epoch,loss,A13_balanced_accuracy,A14_balanced_accuracy,A15b_balanced_accuracy,A16_balanced_accuracy,A17a_balanced_accuracy,A19a_balanced_accuracy,A1a_balanced_accuracy,A1b_balanced_accuracy,A1c_balanced_accuracy,A32_balanced_accuracy,A33_balanced_accuracy,A34_balanced_accuracy,A4b2_balanced_accuracy,A7a_balanced_accuracy,A9_balanced_accuracy,B1_balanced_accuracy,B2a_balanced_accuracy,B3_balanced_accuracy,C13aa_balanced_accuracy,C13bb_balanced_accuracy,C14_100_balanced_accuracy,C14_120_balanced_accuracy,C14_20_balanced_accuracy,C14_30_balanced_accuracy,C14_50_balanced_accuracy,C14_60_balanced_accuracy,C14_70_balanced_accuracy,C14_80_balanced_accuracy,C17a_balanced_accuracy,C17b_80_balanced_accuracy,C17c_balanced_accuracy,C17d_balanced_accuracy,C1a_balanced_accuracy,C2_balanced_accuracy,C3e3_balanced_accuracy,D1a1_balanced_accuracy,D1a4_balanced_accuracy,D1a5_balanced_accuracy,D1a6_balanced_accuracy,D1a7_balanced_accuracy,D2a1_balanced_accuracy,D2a2_balanced_accuracy,D3_balanced_accuracy,accuracy,balanced_accuracy,epoch_elapsed,f1,recall
0,2.123649835586548,0.4491150379180908,0.4980645179748535,0.5250969529151917,0.4959402084350586,0.6214573979377747,0.593826174736023,0.4949384331703186,0.47092485427856445,0.5168103575706482,0.6812223196029663,0.6161038279533386,0.5047317147254944,0.4972299039363861,0.517514705657959,0.48856300115585327,0.3136531412601471,0.6611111164093018,0.586279034614563,0.4939206838607788,0.43861448764801025,0.6483687162399292,0.5313692688941956,0.5047405958175659,0.566307544708252,0.5499517917633057,0.6408030986785889,0.631397008895874,0.7308645248413086,0.4448835253715515,0.49990761280059814,0.41443851590156555,0.4472438395023346,0.5217297077178955,0.49963077902793884,0.532559871673584,0.548452615737915,0.4996280372142792,0.5038778185844421,0.5050904154777527,0.542600154876709,0.45619577169418335,0.5130670070648193,0.47859466075897217,0.518750011920929,0.7150505781173706,4.735159397125244,0.17326438426971436,0.518750011920929
1,1.5329478979110718,0.5,0.5,0.5,0.5,0.5,0.5,0.5,0.5,0.5,0.5,0.5,0.5,0.5,0.5,0.5,0.4999077022075653,0.4995361864566803,0.5,0.5,0.498784601688385,0.7699933052062988,0.7058106660842896,0.5,0.7992430925369263,0.532015860080719,0.8049477338790894,0.7525656223297119,0.7672501802444458,0.5,0.5,0.5,0.49963125586509705,0.5,0.5,0.5,0.5240777134895325,0.5,0.5,0.5,0.5,0.5,0.5,0.5,0.6854779124259949,0.8078354597091675,4.7564496994018555,0.29479408264160156,0.6854779124259949

2,1.3745183944702148,0.5,0.5,0.5,0.5,0.5,0.5,0.5,0.5,0.5,0.5,0.5,0.5,0.5,0.5,0.5,0.5,0.5,0.5,0.5,0.5,0.7909495830535889,0.7714504599571228,0.5,0.8002051711082458,0.7626243233680725,0.8316763639450073,0.7835304141044617,0.7795050740242004,0.5,0.5,0.5,0.5,0.5,0.5,0.5,0.5,0.5,0.5,0.5,0.5,0.5,0.5,0.5,0.7020220756530762,0.831755518913269,4.754880666732788,0.309457391500473,0.7020220756530762

3,1.3256008625030518,0.5,0.5,0.5,0.5,0.5,0.5,0.5,0.5,0.5,0.5,0.5,0.5,0.5,0.5,0.5,0.5,0.5,0.5,0.4999063313007355,0.5,0.8232359886169434,0.7707483768463135,0.5,0.8146740198135376,0.7962062358856201,0.8016513586044312,0.7559639811515808,0.767440140247345,0.5,0.5,0.5,0.5,0.5,0.5,0.5,0.5,0.5,0.5,0.5,0.5,0.5,0.5,0.5,0.705698549747467,0.851447582244873,4.803767919540405,0.35712411999702454,0.705698549747467
4,1.2438185214996338,0.5,0.5,0.5,0.5,0.5,0.5,0.5,0.5,0.5,0.5,0.5,0.5,0.5,0.5,0.5,0.5,0.5,0.5,0.5123805403709412,0.5054015517234802,0.8056846857070923,0.771719217300415,0.5,0.7988883256912231,0.7717257738113403,0.8021315336227417,0.7478232979774475,0.7514280080795288,0.5,0.5,0.5,0.5,0.5,0.5,0.5119548439979553,0.5,0.508474588394165,0.5,0.5,0.5,0.5,0.5,0.499906986951828,0.7380514740943909,0.8745633959770203,4.8890135288238525,0.48000773787498474,0.7380514740943909

5,1.2078890800476074,0.5,0.5,0.5,0.5,0.5,0.5,0.5,0.5,0.5,0.5,0.5,0.5,0.5,0.5,0.5,0.5,0.533812940120697,0.5,0.5311383605003357,0.5113446712493896,0.7734345197677612,0.7785837054252625,0.5,0.7570992708206177,0.7557237148284912,0.7770591974258423,0.7578747272491455,0.7500381469726562,0.5,0.5,0.5,0.5,0.5,0.5,0.5404884815216064,0.5,0.5074827075004578,0.5,0.5162057876586914,0.5,0.5,0.5,0.539671778678894,0.765625,0.8812729716300964,4.902056455612183,0.5789501070976257,0.765625

6,1.1841962337493896,0.5,0.5,0.5,0.5,0.5,0.5,0.5,0.5,0.5,0.5,0.5,0.5,0.5,0.5,0.5,0.5,0.5857142806053162,0.5,0.5460882186889648,0.5702778697013855,0.7902429699897766,0.744077205657959,0.5,0.7751423120498657,0.7668694257736206,0.7617647051811218,0.7481399774551392,0.7574758529663086,0.5,0.5,0.5,0.5,0.5,0.5,0.6865944862365723,0.5,0.5854637026786804,0.5,0.6019136309623718,0.5,0.5,0.5,0.5611069798469543,0.7814338207244873,0.8850183486938477,4.8088037967681885,0.6097952723503113,0.7814338207244873

7,1.1647008657455444,0.5,0.5,0.5,0.5,0.5,0.5,0.5,0.5,0.5,0.5,0.5,0.5,0.5,0.5,0.5,0.5,0.6701765656471252,0.5,0.6100207567214966,0.5891943573951721,0.7568981647491455,0.7357045412063599,0.5,0.7535816431045532,0.7722687721252441,0.7537143230438232,0.7504749298095703,0.7455204129219055,0.5,0.5,0.5,0.5,0.5,0.5,0.7319962978363037,0.4999071955680847,0.6133782267570496,0.5,0.5894981622695923,0.5,0.5,0.5,0.5997939109802246,0.7845588326454163,0.883249044418335,4.780042409896851,0.6090058088302612,0.7845588326454163
8,1.1404228210449219,0.5,0.5,0.5,0.5,0.5,0.5,0.5,0.5,0.5,0.5,0.5,0.5,0.5,0.5,0.5,0.5,0.7497220039367676,0.5,0.6571798920631409,0.700265645980835,0.7589421272277832,0.7685467600822449,0.5,0.7482870221138,0.7363877296447754,0.7501428127288818,0.7479643821716309,0.7419999837875366,0.5,0.5,0.5,0.5,0.5,0.5,0.6760436296463013,0.5,0.6548080444335938,0.5,0.6104372143745422,0.5,0.5,0.5,0.6960096955299377,0.7977941036224365,0.8815487623214722,4.796902179718018,0.6259669661521912,0.7977941036224365

9,1.099507451057434,0.5,0.5,0.5,0.5,0.5,0.5,0.5,0.5,0.5,0.5,0.5,0.5,0.5,0.5,0.5,0.5,0.9255326986312866,0.5,0.6866276264190674,0.7848013639450073,0.7778725624084473,0.7613894939422607,0.5,0.7765613198280334,0.741543173789978,0.7519984841346741,0.7796883583068848,0.7362647652626038,0.5,0.5,0.5,0.5,0.5,0.49990779161453247,0.7623589038848877,0.5073529481887817,0.7003049254417419,0.5,0.7005841732025146,0.5,0.5,0.5,0.7344503402709961,0.7935661673545837,0.8857307434082031,4.974994421005249,0.631922721862793,0.7935661673545837
10,1.0915167331695557,0.5,0.5,0.5,0.5,0.5,0.5,0.5,0.5,0.5,0.5,0.5,0.5,0.5,0.5,0.5,0.5,0.9681249260902405,0.5,0.7891090512275696,0.8319299221038818,0.7823562622070312,0.7805017232894897,0.5,0.795699954032898,0.7652593851089478,0.7597908973693848,0.7750664949417114,0.750426709651947,0.5,0.5098039507865906,0.5,0.5,0.517241358757019,0.5,0.7622979283332825,0.5513525605201721,0.7066468000411987,0.5,0.7376047372817993,0.5135135054588318,0.5418810248374939,0.5,0.8073559999465942,0.7970588207244873,0.885546863079071,4.959481954574585,0.6504673361778259,0.7970588207244873

11,1.077059030532837,0.5,0.5,0.5,0.5,0.5,0.5,0.5,0.5,0.5,0.5,0.5,0.5,0.5,0.5,0.5,0.5,0.9587191343307495,0.5,0.8140636682510376,0.8104069232940674,0.7582255601882935,0.7776198387145996,0.5,0.8000128269195557,0.7916746139526367,0.7571455836296082,0.7539122104644775,0.7797479629516602,0.5,0.5921052694320679,0.5,0.5,0.5150590538978577,0.49990782141685486,0.8421679735183716,0.6226298809051514,0.762359082698822,0.5220588445663452,0.7528415322303772,0.5407235622406006,0.618751585483551,0.5157800316810608,0.7401717901229858,0.7928308844566345,0.8793428540229797,4.986010551452637,0.6917464137077332,0.7928308844566345
12,1.0688118934631348,0.5,0.5,0.5199076533317566,0.5,0.5,0.5,0.5,0.5,0.5,0.5,0.5,0.5,0.5,0.5,0.5,0.5,0.9496451616287231,0.5,0.8341736793518066,0.8374416828155518,0.7545367479324341,0.7833532094955444,0.5,0.7994158267974854,0.7838611006736755,0.7550246715545654,0.7373641133308411,0.7818441390991211,0.5,0.657802164554596,0.5,0.5,0.6136363744735718,0.5,0.8394957780838013,0.6622436046600342,0.6935849189758301,0.5719051957130432,0.7260973453521729,0.5211839079856873,0.7042564153671265,0.6116044521331787,0.8703462481498718,0.7979779243469238,0.8764705657958984,5.047235012054443,0.7027701735496521,0.7979779243469238
13,1.0397008657455444,0.5,0.5,0.535437822341919,0.5,0.5,0.5,0.5,0.5,0.5,0.5,0.5,0.5,0.5,0.5,0.5,0.5,0.962899923324585,0.5,0.869837760925293,0.8738831281661987,0.7517096996307373,0.7698566913604736,0.5,0.7887216806411743,0.7989906668663025,0.7767027020454407,0.7497617602348328,0.774067759513855,0.5,0.597468376159668,0.5,0.5,0.6561575531959534,0.5,0.8952996134757996,0.7228624820709229,0.7655742168426514,0.6151062250137329,0.7305617332458496,0.5688726305961609,0.6816720366477966,0.6878472566604614,0.8622616529464722,0.8040441274642944,0.8774815797805786,4.934770345687866,0.7103666663169861,0.8040441274642944
14,1.0279041528701782,0.5,0.5,0.49990785121917725,0.5,0.5,0.5,0.5,0.5,0.5,0.5,0.5,0.5,0.5,0.5,0.5,0.5,0.9989808797836304,0.5,0.8975952863693237,0.8981837630271912,0.7839893102645874,0.7812024354934692,0.5,0.7794314026832581,0.7863938808441162,0.7892483472824097,0.7540968060493469,0.7696264982223511,0.5,0.6709600687026978,0.5,0.5,0.6855292916297913,0.49990782141685486,0.9052799940109253,0.6917749643325806,0.7193902134895325,0.7018641233444214,0.7745115756988525,0.6018518209457397,0.6958603858947754,0.7672780752182007,0.7955403327941895,0.8069853186607361,0.8744255304336548,4.958017587661743,0.7271316647529602,0.8069853186607361
15,1.0109220743179321,0.5,0.5,0.5476190447807312,0.5,0.5,0.52173912525177,0.5,0.5,0.5,0.5,0.5,0.5,0.5,0.5,0.5,0.5,0.997964084148407,0.5,0.9166693687438965,0.9124783277511597,0.7801222205162048,0.7935606241226196,0.5,0.7983520030975342,0.8075919151306152,0.7864711284637451,0.7773771286010742,0.7805571556091309,0.5,0.7495370507240295,0.5,0.5,0.8565871119499207,0.5,0.8924942016601562,0.7476800680160522,0.7706108093261719,0.823168158531189,0.7455363869667053,0.6808801293373108,0.7668465971946716,0.8225836753845215,0.8259726762771606,0.8016543984413147,0.8768152594566345,4.881947994232178,0.750224769115448,0.8016543984413147
16,1.0014644861221313,0.5,0.5,0.5416666865348816,0.5,0.5,0.5227272510528564,0.5,0.5,0.5,0.5,0.5,0.5,0.5,0.5,0.5,0.5,0.9978711605072021,0.5,0.9177322387695312,0.9117302298545837,0.764247715473175,0.8076338768005371,0.5,0.8059685230255127,0.8254163265228271,0.8018437623977661,0.7775024175643921,0.7827697992324829,0.5,0.7850667238235474,0.5,0.5,0.88922518491745,0.4998154640197754,0.9128543734550476,0.7914853692054749,0.8368011713027954,0.8148605823516846,0.8268036842346191,0.6567575931549072,0.7667286396026611,0.8472118973731995,0.8550230264663696,0.8014705777168274,0.8774586915969849,4.8994927406311035,0.7327853441238403,0.8014705777168274
17,0.9850852489471436,0.5,0.5,0.5262235403060913,0.5,0.5,0.4999077618122101,0.5,0.5,0.5,0.5,0.5,0.5681818127632141,0.5,0.5,0.5,0.5,0.9982407093048096,0.5,0.9111663699150085,0.8987294435501099,0.7886674404144287,0.8127372860908508,0.5,0.8099308013916016,0.8192542791366577,0.8025966882705688,0.7911596894264221,0.7977453470230103,0.5,0.7562940120697021,0.5,0.5,0.9607407450675964,0.4999077022075653,0.9338507056236267,0.7728238701820374,0.8402987718582153,0.9000265002250671,0.8232985734939575,0.7058746218681335,0.8214231729507446,0.8305467963218689,0.8281303644180298,0.8051470518112183,0.8789292573928833,4.8289008140563965,0.7542774081230164,0.8051470518112183
18,0.9841253161430359,0.5,0.5,0.5237172842025757,0.5,0.5,0.5,0.5,0.5,0.5,0.5,0.5192307829856873,0.5263158082962036,0.5,0.5,0.5,0.5,0.9977790117263794,0.5,0.9386337995529175,0.9258283376693726,0.8172144889831543,0.8080941438674927,0.5,0.7903503775596619,0.811843752861023,0.8013880848884583,0.7789855003356934,0.8085448741912842,0.5,0.8370975255966187,0.5,0.5,0.9868897795677185,0.49963024258613586,0.9280685186386108,0.8163852691650391,0.824302613735199,0.87630295753479,0.8093979358673096,0.7306569814682007,0.7701950073242188,0.8672488927841187,0.8731691837310791,0.8040441274642944,0.878469705581665,4.965958833694458,0.7463375926017761,0.8040441274642944
19,0.9601037502288818,0.5,0.5,0.5525393486022949,0.5,0.5,0.4998154044151306,0.5,0.5,0.5,0.5,0.5,0.5,0.5,0.5,0.5,0.5,0.9973088502883911,0.5,0.9414626955986023,0.9400067329406738,0.8089380264282227,0.8172731995582581,0.5,0.8145575523376465,0.8326689004898071,0.8204231858253479,0.8050799369812012,0.8194628357887268,0.5,0.7961353659629822,0.5,0.5,0.9611920118331909,0.5258546471595764,0.9346715211868286,0.8546196818351746,0.8277150392532349,0.9026911854743958,0.8460357189178467,0.7120540142059326,0.7943308353424072,0.8873775005340576,0.8712388277053833,0.809926450252533,0.8772748112678528,4.964625358581543,0.7778152823448181,0.809926450252533

20,0.9591965675354004,0.5,0.5,0.5555555820465088,0.5,0.5,0.5237172842025757,0.5,0.5,0.5,0.5,0.5433859825134277,0.5263158082962036,0.49990779161453247,0.5,0.5,0.5,0.9962976574897766,0.5,0.9039875268936157,0.9241490364074707,0.820588231086731,0.7887700796127319,0.5,0.807076096534729,0.8219128847122192,0.8208627700805664,0.7947378158569336,0.8205614686012268,0.5,0.7565585374832153,0.5,0.5,0.9750765562057495,0.4995388388633728,0.9491710662841797,0.8205786347389221,0.8433021306991577,0.9392701387405396,0.7930007576942444,0.6842333078384399,0.878720223903656,0.8978638648986816,0.8818569183349609,0.795036792755127,0.8756203651428223,4.920314788818359,0.7437998652458191,0.795036792755127

21,0.941758930683136,0.5,0.5,0.6388888955116272,0.5,0.5,0.529411792755127,0.5,0.5,0.5,0.5,0.5555555820465088,0.5554633736610413,0.52173912525177,0.5,0.5,0.5,0.9958363771438599,0.5,0.9498134255409241,0.914682149887085,0.8397763967514038,0.7955111861228943,0.5,0.813835859298706,0.8350702524185181,0.8054656386375427,0.8268097639083862,0.8321963548660278,0.5,0.8461118936538696,0.5,0.5,0.9685608148574829,0.5276855826377869,0.9515576362609863,0.7589784860610962,0.8438030481338501,0.884765625,0.8757429122924805,0.7377736568450928,0.8980538249015808,0.9046022891998291,0.8827102780342102,0.8020220398902893,0.8779641389846802,4.796964883804321,0.7369706034660339,0.8020220398902893
22,0.9379433393478394,0.5,0.5,0.5803678631782532,0.5,0.5,0.5208333134651184,0.5,0.5,0.5,0.5,0.523809552192688,0.5235327482223511,0.5,0.5,0.5,0.5,0.9959266781806946,0.5,0.9520233869552612,0.9361605048179626,0.8401444554328918,0.8197388648986816,0.5,0.8110034465789795,0.8414101004600525,0.793785810470581,0.8184665441513062,0.838154137134552,0.5,0.8482407331466675,0.5,0.5,0.9976873397827148,0.4997231066226959,0.9413295984268188,0.9064321517944336,0.8527117371559143,0.9452345371246338,0.9156422019004822,0.809935450553894,0.8751060962677002,0.9301005601882935,0.9054785370826721,0.8055146932601929,0.8752987384796143,4.752652168273926,0.7520574331283569,0.8055146932601929
23,0.9368115663528442,0.5,0.5344827771186829,0.6885462999343872,0.5,0.5,0.5,0.5,0.5,0.5,0.5,0.5277777910232544,0.4997236132621765,0.5,0.5,0.5,0.5,0.9964860677719116,0.5,0.9362086057662964,0.9387475252151489,0.8169872760772705,0.8435781002044678,0.5,0.8412804007530212,0.8333333730697632,0.7864632606506348,0.83658766746521,0.8120314478874207,0.5,0.8209397196769714,0.5,0.5,0.9978719353675842,0.5211853384971619,0.9399745464324951,0.8783767223358154,0.8756052255630493,0.9404313564300537,0.8586512804031372,0.8325638771057129,0.847960889339447,0.9611315727233887,0.9089870452880859,0.8069853186607361,0.875275731086731,4.685497283935547,0.7647146582603455,0.8069853186607361
24,0.9120992422103882,0.5,0.5277777910232544,0.6857485175132751,0.5,0.5,0.5526315569877625,0.5,0.5,0.5,0.5,0.5587313175201416,0.5400000214576721,0.5249999761581421,0.5,0.5,0.5,0.9963935613632202,0.5,0.9634847044944763,0.9384450912475586,0.8326454162597656,0.8313986659049988,0.5,0.8454159498214722,0.8469252586364746,0.794823408126831,0.8462488055229187,0.819023072719574,0.5,0.8601852059364319,0.5,0.5,0.997588574886322,0.5306968688964844,0.9432835578918457,0.8964890241622925,0.8518518209457397,0.956845223903656,0.8241839408874512,0.8821516633033752,0.8422375321388245,0.9356411695480347,0.9560667872428894,0.8069853186607361,0.8761259317398071,4.777707576751709,0.7470788955688477,0.8069853186607361
25,0.9197310209274292,0.5,0.523809552192688,0.6327683329582214,0.5,0.5,0.5277777910232544,0.5,0.49990764260292053,0.5,0.5,0.523809552192688,0.5524470806121826,0.5600000023841858,0.5,0.5,0.5,0.9958341121673584,0.5,0.948593020439148,0.9531522989273071,0.8452562093734741,0.8345385789871216,0.5,0.862360954284668,0.8580907583236694,0.8166793584823608,0.8497532606124878,0.8092606663703918,0.5,0.934805154800415,0.5,0.5,0.997502326965332,0.499723345041275,0.9467129111289978,0.9237631559371948,0.8688570261001587,0.9430439472198486,0.8605896234512329,0.8243231177330017,0.8774410486221313,0.9223625659942627,0.891373872756958,0.8071691393852234,0.8725413680076599,4.835594654083252,0.7679389715194702,0.8071691393852234
26,0.9063316583633423,0.5,0.5277777910232544,0.7646390199661255,0.5,0.5,0.6110187768936157,0.5,0.5170565843582153,0.5,0.5,0.533149003982544,0.6068664193153381,0.5261313319206238,0.5,0.5,0.5,0.9947124719619751,0.5,0.9547982215881348,0.9315451383590698,0.856993556022644,0.8346989154815674,0.5,0.8523591756820679,0.8628950119018555,0.820884108543396,0.8416190147399902,0.814565122127533,0.5,0.920128583908081,0.5,0.5,0.9959266781806946,0.5336511135101318,0.9475851058959961,0.8867766857147217,0.8878614902496338,0.9174708127975464,0.8342676162719727,0.8553895354270935,0.9272716045379639,0.914548397064209,0.8915176391601562,0.8126838207244873,0.875620424747467,4.714075565338135,0.7757300734519958,0.8126838207244873
27,0.8890831470489502,0.5,0.5713364481925964,0.691847026348114,0.5,0.5,0.5714285969734192,0.5,0.5397229790687561,0.5,0.5,0.6000000238418579,0.5676281452178955,0.49981579184532166,0.5,0.5,0.5,0.9935076832771301,0.5,0.9649279713630676,0.9173097014427185,0.8428842425346375,0.8317165374755859,0.5,0.853635311126709,0.8685012459754944,0.826820433139801,0.8527899980545044,0.8326367735862732,0.5,0.9562224745750427,0.5416666865348816,0.5,0.9975045919418335,0.5490775108337402,0.9464453458786011,0.8542131185531616,0.9133628606796265,0.9316120147705078,0.8797467947006226,0.8224024772644043,0.9394108057022095,0.9369626045227051,0.8869920372962952,0.8036764860153198,0.8741267919540405,4.7970921993255615,0.7717213034629822,0.8036764860153198
28,0.8747223019599915,0.5,0.5263158082962036,0.707872748374939,0.5,0.49990755319595337,0.6249076724052429,0.5,0.6248154640197754,0.5,0.5,0.5997232794761658,0.6871312856674194,0.5,0.5,0.5,0.5,0.99323570728302,0.5,0.9638018608093262,0.9404091238975525,0.8500732779502869,0.8412683010101318,0.5,0.8624408841133118,0.852398157119751,0.8274387121200562,0.837194561958313,0.8332066535949707,0.5680895447731018,0.9320471286773682,0.53125,0.5,0.9967604875564575,0.49935412406921387,0.9471131563186646,0.9351955056190491,0.8743221759796143,0.9284794330596924,0.9130851030349731,0.8634611368179321,0.9237349033355713,0.9852175712585449,0.9001787900924683,0.815073549747467,0.8788602948188782,4.952409267425537,0.7872563600540161,0.815073549747467
29,0.8807413578033447,0.5,0.5714285969734192,0.6951906681060791,0.5,0.5892857313156128,0.5474345088005066,0.5,0.5746309757232666,0.5,0.5,0.5958767533302307,0.527501106262207,0.54347825050354,0.5,0.5,0.5,0.9907389879226685,0.5,0.9390075206756592,0.9578897953033447,0.8549400568008423,0.8349182605743408,0.5,0.8787935972213745,0.8627208471298218,0.834570050239563,0.857886791229248,0.8389395475387573,0.6362713575363159,0.9620007276535034,0.574999988079071,0.5,0.996202290058136,0.5470654368400574,0.9469805955886841,0.910159707069397,0.8653103113174438,0.957229733467102,0.90915846824646,0.9026715755462646,0.9221558570861816,0.9616815447807312,0.9111341834068298,0.8097426295280457,0.8785616159439087,4.9830639362335205,0.7638872265815735,0.8097426295280457
30,0.8562300801277161,0.5,0.5263158082962036,0.6463212370872498,0.5,0.5769230723381042,0.6086956262588501,0.5,0.5949612855911255,0.5,0.5,0.6782028675079346,0.6342459917068481,0.5,0.5,0.5,0.5,0.9924158453941345,0.5,0.9541000723838806,0.9480797052383423,0.8560850620269775,0.8519468307495117,0.5,0.8801777958869934,0.8762085437774658,0.843245267868042,0.8613404035568237,0.831390917301178,0.6249077320098877,0.9570281505584717,0.5277777910232544,0.5,0.9937048554420471,0.5231636762619019,0.9607109427452087,0.9122410416603088,0.8797022104263306,0.9708768725395203,0.901971697807312,0.8596639037132263,0.9492729902267456,0.9400734901428223,0.8926413655281067,0.8058823347091675,0.8778033256530762,4.787236452102661,0.7523750066757202,0.8058823347091675

31,0.8370519280433655,0.5,0.5416666865348816,0.675917387008667,0.5,0.5681818127632141,0.7079640626907349,0.5,0.5555555820465088,0.5,0.5,0.6537540555000305,0.7342799305915833,0.5249077677726746,0.5,0.5,0.5,0.992965579032898,0.5,0.9628888368606567,0.9459874629974365,0.8447815179824829,0.8406834602355957,0.5,0.8702255487442017,0.8673585653305054,0.8464251756668091,0.8558223843574524,0.8345385789871216,0.71419358253479,0.9795735478401184,0.5625,0.5,0.9932420253753662,0.49898579716682434,0.9461853504180908,0.9385027289390564,0.9063531160354614,0.9583921432495117,0.927985668182373,0.9369387626647949,0.9326096773147583,0.9523001909255981,0.9635635018348694,0.8167279362678528,0.8818014860153198,4.804389953613281,0.7670345902442932,0.8167279362678528
32,0.8305824995040894,0.5,0.5882353186607361,0.7739852666854858,0.5,0.5473422408103943,0.7494465112686157,0.5,0.5768309831619263,0.5249999761581421,0.5,0.6136363744735718,0.6740775108337402,0.625,0.5277777910232544,0.5,0.5,0.9914861917495728,0.5,0.9659344553947449,0.9521249532699585,0.8518835306167603,0.837997317314148,0.5,0.8532731533050537,0.8638354539871216,0.8492591381072998,0.8556525111198425,0.8383637070655823,0.6427648663520813,0.9574231505393982,0.49990782141685486,0.5,0.9939859509468079,0.6525532007217407,0.9479542970657349,0.8931168913841248,0.9476165771484375,0.9637235999107361,0.9247397184371948,0.8657680749893188,0.9211285710334778,0.9797661304473877,0.9090903401374817,0.8185662031173706,0.8757123351097107,4.8039515018463135,0.7831262350082397,0.8185662031173706
33,0.8323990702629089,0.5,0.6590908765792847,0.658444881439209,0.5,0.5958767533302307,0.8120397329330444,0.5,0.5678126811981201,0.529411792755127,0.5,0.6387044191360474,0.8438111543655396,0.5383691787719727,0.5199999809265137,0.5,0.5,0.9911127686500549,0.5,0.9484204053878784,0.9540457725524902,0.8562060594558716,0.8535219430923462,0.5,0.8701494932174683,0.8619801998138428,0.8607809543609619,0.8596992492675781,0.8482620716094971,0.6110188961029053,0.9788217544555664,0.6051709055900574,0.5,0.9929695129394531,0.7051447629928589,0.9553722143173218,0.9298502206802368,0.9277175664901733,0.9408197402954102,0.9227475523948669,0.8755210638046265,0.9485796093940735,0.9643741846084595,0.9044314622879028,0.8148897290229797,0.8774815797805786,4.738314867019653,0.7848888635635376,0.8148897290229797
34,0.8527573347091675,0.5,0.6110188961029053,0.7667484879493713,0.5,0.6398153305053711,0.6070504784584045,0.5384615659713745,0.555371105670929,0.4999077618122101,0.5587313175201416,0.6049864292144775,0.8484341502189636,0.6901993751525879,0.4999076724052429,0.5681818127632141,0.5,0.9913889169692993,0.5,0.9575804471969604,0.9523937702178955,0.8584870100021362,0.8475574851036072,0.5,0.8807100653648376,0.8790414333343506,0.8778473734855652,0.8636536598205566,0.834091305732727,0.5998156666755676,0.9644225239753723,0.5249999761581421,0.5,0.9890294075012207,0.5693987011909485,0.9498109221458435,0.9345815181732178,0.9341099262237549,0.9625450372695923,0.9239678382873535,0.9253162145614624,0.94319748878479,0.9470525979995728,0.9438067674636841,0.8123161792755127,0.8724494576454163,4.83141827583313,0.7766568064689636,0.8123161792755127
35,0.8345427513122559,0.5416666865348816,0.5288586020469666,0.6979723572731018,0.5,0.6424880623817444,0.6494464874267578,0.5237172842025757,0.5788551568984985,0.5293195843696594,0.5276855826377869,0.7497233152389526,0.7720479965209961,0.7060649394989014,0.5381844639778137,0.5,0.5,0.9914751648902893,0.5,0.9515430927276611,0.9650793671607971,0.8556720614433289,0.8700152039527893,0.5,0.8575514554977417,0.8799886107444763,0.8670536875724792,0.8551557064056396,0.8534989356994629,0.78125,0.964148998260498,0.6040743589401245,0.5,0.9871033430099487,0.6139104962348938,0.9576355218887329,0.9160288572311401,0.9499737024307251,0.9666666984558105,0.9434032440185547,0.9259030818939209,0.939825177192688,0.9444547891616821,0.9465748071670532,0.8115808963775635,0.874839186668396,4.824584245681763,0.7776393294334412,0.8115808963775635
36,0.8191055059432983,0.5,0.6536614298820496,0.735735297203064,0.53125,0.6598153114318848,0.7269958853721619,0.5277777910232544,0.5332411527633667,0.5178571343421936,0.5,0.6735438108444214,0.7915360927581787,0.6247232556343079,0.49990782141685486,0.5624078512191772,0.5,0.9913920760154724,0.5,0.9507830739021301,0.9442696571350098,0.866793155670166,0.8676442503929138,0.5,0.8639565706253052,0.8792252540588379,0.8611428737640381,0.8569122552871704,0.8690905570983887,0.6587218046188354,0.961861252784729,0.6663900017738342,0.5,0.9873124361038208,0.5570717453956604,0.9599700570106506,0.9531292915344238,0.9189187288284302,0.961746096611023,0.9573462605476379,0.9255287647247314,0.9501463174819946,0.9699521064758301,0.9483824372291565,0.8128676414489746,0.8782398700714111,4.962516784667969,0.7767035365104675,0.8128676414489746
37,0.8224455714225769,0.5,0.5997235178947449,0.773247241973877,0.517241358757019,0.6784793138504028,0.6387044191360474,0.5,0.583148717880249,0.5891933441162109,0.54347825050354,0.6995387673377991,0.8316725492477417,0.7405476570129395,0.5357142686843872,0.53125,0.5,0.9901851415634155,0.5,0.9519855380058289,0.9338890314102173,0.8738898038864136,0.8606541752815247,0.5,0.8712588548660278,0.8868070840835571,0.8550200462341309,0.8688617944717407,0.8662790656089783,0.7499078512191772,0.988701581954956,0.6963361501693726,0.5,0.9887900352478027,0.6320394277572632,0.9630910158157349,0.9599054455757141,0.9293795824050903,0.9622571468353271,0.9289827346801758,0.9481285810470581,0.9388370513916016,0.9485130310058594,0.9621480703353882,0.8132352828979492,0.8773667216300964,4.791311740875244,0.7758135199546814,0.8132352828979492
38,0.8091681003570557,0.5,0.6576180458068848,0.6749954223632812,0.5833333134651184,0.5788551568984985,0.7723581790924072,0.6249078512191772,0.5432936549186707,0.749907910823822,0.5555555820465088,0.6300655603408813,0.8373222351074219,0.7266267538070679,0.5621312856674194,0.52173912525177,0.5,0.9895215034484863,0.5,0.9585832357406616,0.9580602645874023,0.8921142220497131,0.8564093112945557,0.5,0.8754543662071228,0.8904001712799072,0.862531840801239,0.8826491832733154,0.8549370765686035,0.7379106879234314,0.9748553037643433,0.7496311664581299,0.5,0.9898053407669067,0.6037874221801758,0.9589105248451233,0.9493135213851929,0.9549238681793213,0.9404523372650146,0.9248265027999878,0.9349244832992554,0.9228206872940063,0.9734784960746765,0.9251446723937988,0.815073549747467,0.8744714856147766,4.834590673446655,0.7789669036865234,0.815073549747467
39,0.8026521801948547,0.5237172842025757,0.7499076724052429,0.7633228898048401,0.5,0.5934734344482422,0.7493542432785034,0.5,0.6339689493179321,0.6248154640197754,0.5293195843696594,0.7491688132286072,0.8101954460144043,0.6146475672721863,0.6246306896209717,0.523809552192688,0.5,0.989426851272583,0.5,0.9499977827072144,0.9413249492645264,0.8942543864250183,0.8632453083992004,0.5,0.8747378587722778,0.8947968482971191,0.8673743009567261,0.8838891386985779,0.8654904365539551,0.7691386938095093,0.9877011179924011,0.7626044750213623,0.5,0.9893617033958435,0.6177558898925781,0.9577646851539612,0.9621763229370117,0.9267886877059937,0.9693434238433838,0.9196760654449463,0.924527645111084,0.9664613008499146,0.9579972624778748,0.9131072759628296,0.807536780834198,0.8752297759056091,4.75389289855957,0.776117205619812,0.807536780834198
40,0.7877252697944641,0.5227272510528564,0.5879586935043335,0.8324106931686401,0.5789473652839661,0.6662983894348145,0.7384843230247498,0.5833333134651184,0.6662050485610962,0.5789473652839661,0.4999079406261444,0.7904665470123291,0.8361445665359497,0.7351097464561462,0.6195383071899414,0.550000011920929,0.5,0.9858096837997437,0.58324134349823,0.9422004222869873,0.9481545686721802,0.9047664403915405,0.8744075894355774,0.5,0.8699295520782471,0.9004366397857666,0.8597190380096436,0.8838133811950684,0.8701221346855164,0.7399076819419861,0.9477066993713379,0.6846309304237366,0.5,0.9895312190055847,0.7346284985542297,0.9570388793945312,0.9696787595748901,0.9406663179397583,0.9374107718467712,0.9368536472320557,0.9630491733551025,0.9643292427062988,0.94344162940979,0.9690979719161987,0.8165441155433655,0.8748621344566345,4.816075801849365,0.7819065451622009,0.8165441155433655

41,0.7962870597839355,0.5,0.6586294770240784,0.6656522750854492,0.5184261798858643,0.590724527835846,0.7494462728500366,0.5277777910232544,0.703622579574585,0.6666666865348816,0.5625,0.8990775346755981,0.8651928901672363,0.7058823704719543,0.5997232794761658,0.5999076962471008,0.5,0.986900806427002,0.5833333134651184,0.9453523755073547,0.9531050324440002,0.8854524493217468,0.8740224838256836,0.5,0.8862674236297607,0.8920152187347412,0.8641294240951538,0.895012378692627,0.8721326589584351,0.8330565690994263,0.9352126121520996,0.8563124537467957,0.5,0.9879696369171143,0.7477818727493286,0.9593761563301086,0.9376282691955566,0.93630051612854,0.9661368131637573,0.9477818012237549,0.9589847326278687,0.9580545425415039,0.9525471925735474,0.9148050546646118,0.8126838207244873,0.8761259317398071,4.734928846359253,0.7991259694099426,0.8126838207244873
42,0.7515146136283875,0.5,0.7361964583396912,0.7816857099533081,0.5384615659713745,0.6249078512191772,0.7183812856674194,0.5681818127632141,0.6532012224197388,0.6131749153137207,0.550000011920929,0.8323184251785278,0.8714970350265503,0.6536619067192078,0.6953752636909485,0.6800000071525574,0.5,0.9842475652694702,0.550000011920929,0.9534828662872314,0.9525790214538574,0.8786841630935669,0.8801934719085693,0.5,0.8900588154792786,0.8938615322113037,0.8843241333961487,0.8815172910690308,0.875238299369812,0.8999999761581421,0.9860289096832275,0.7906511425971985,0.5,0.9900018572807312,0.6476979851722717,0.9636703729629517,0.9670464992523193,0.9507951736450195,0.9589769840240479,0.9705499410629272,0.8950049877166748,0.9259047508239746,0.9670600891113281,0.9462357759475708,0.8277573585510254,0.8782858848571777,4.7699174880981445,0.803765594959259,0.8277573585510254

43,0.7609675526618958,0.5263158082962036,0.7904665470123291,0.9101051092147827,0.5882353186607361,0.6665744781494141,0.7724504470825195,0.6111111044883728,0.7891047596931458,0.6300655603408813,0.5,0.8025940656661987,0.7757490277290344,0.6664823293685913,0.6944444179534912,0.6720441579818726,0.5,0.9860236644744873,0.5,0.9501400589942932,0.9554992318153381,0.8838826417922974,0.8861442804336548,0.5,0.8841021656990051,0.8845266103744507,0.8841103315353394,0.877718448638916,0.8637230396270752,0.9192613363265991,0.9732931852340698,0.8511129021644592,0.5,0.9891646504402161,0.7126249074935913,0.9575084447860718,0.9349470138549805,0.9606372117996216,0.97446608543396,0.9516183137893677,0.961309552192688,0.9575179815292358,0.966805100440979,0.928298830986023,0.824999988079071,0.8776654005050659,4.70571494102478,0.794362485408783,0.824999988079071
44,0.7642524242401123,0.625,0.8034345507621765,0.7868911027908325,0.5951458215713501,0.6175548434257507,0.8503739237785339,0.5789473652839661,0.6464134454727173,0.7703717350959778,0.5869565010070801,0.8423672914505005,0.733613908290863,0.7056979537010193,0.7953726053237915,0.7076870799064636,0.5,0.9841490983963013,0.550000011920929,0.9636126160621643,0.9454550743103027,0.8874763250350952,0.8848180770874023,0.5,0.8836841583251953,0.9040212631225586,0.8790746331214905,0.8757493495941162,0.869392454624176,0.9404388666152954,0.9860081672668457,0.8930766582489014,0.5,0.9871367812156677,0.7023305892944336,0.9599959254264832,0.9647631645202637,0.9246097803115845,0.9706319570541382,0.9508078098297119,0.9355477094650269,0.955732524394989,0.9498676657676697,0.9299143552780151,0.8084558844566345,0.8755514621734619,4.850109577178955,0.7872878909111023,0.8084558844566345
45,0.7504756450653076,0.5714285969734192,0.788090169429779,0.8667608499526978,0.6470588445663452,0.7722658514976501,0.8045411705970764,0.5833333134651184,0.6868537664413452,0.7495375871658325,0.6663902997970581,0.8045411705970764,0.7966790199279785,0.6170938611030579,0.7908357977867126,0.724723219871521,0.5416666865348816,0.9858385920524597,0.4999080300331116,0.9466111660003662,0.9603320956230164,0.8855433464050293,0.8763830661773682,0.5,0.8852225542068481,0.9048840999603271,0.891830563545227,0.8886992931365967,0.878707230091095,0.8745390772819519,0.9702378511428833,0.8672576546669006,0.5333333611488342,0.987500011920929,0.8237084746360779,0.9598724842071533,0.9598843455314636,0.9673670530319214,0.9770829677581787,0.9621254205703735,0.956524670124054,0.945171594619751,0.9523720741271973,0.939996063709259,0.8097426295280457,0.882651686668396,4.726207971572876,0.768165111541748,0.8097426295280457
46,0.752660870552063,0.6039820313453674,0.8553897738456726,0.873525083065033,0.5869565010070801,0.7172989845275879,0.8468107581138611,0.8234372138977051,0.7180125713348389,0.8511129021644592,0.6110188961029053,0.9040237665176392,0.9030236005783081,0.6465056538581848,0.7905588150024414,0.8326878547668457,0.5,0.9867346882820129,0.6427651047706604,0.9529257416725159,0.9644860029220581,0.8915112018585205,0.8787878751754761,0.5,0.8962264060974121,0.9016377925872803,0.8906850814819336,0.8832569718360901,0.8818233609199524,0.954084038734436,0.9744683504104614,0.8664841651916504,0.5,0.9883182048797607,0.7720479965209961,0.9560388326644897,0.9701826572418213,0.9373750686645508,0.976323127746582,0.9521801471710205,0.9754555225372314,0.9564777612686157,0.9641026258468628,0.9572243690490723,0.815625011920929,0.8779411315917969,4.810719728469849,0.7961024045944214,0.815625011920929
47,0.7485377788543701,0.6561578512191772,0.8312123417854309,0.9376915693283081,0.6399076581001282,0.8431968688964844,0.773247241973877,0.5711521506309509,0.6063135266304016,0.9074298143386841,0.6249076724052429,0.880416750907898,0.9758431911468506,0.7366576194763184,0.8516503572463989,0.6135440468788147,0.5199999809265137,0.9872363805770874,0.5833333134651184,0.9497008323669434,0.9418726563453674,0.8840675950050354,0.8780743479728699,0.5,0.8972267508506775,0.8954079151153564,0.8813736438751221,0.8819497227668762,0.881399393081665,0.951827347278595,0.9709259271621704,0.8663918972015381,0.5,0.987193763256073,0.7751035094261169,0.9571927189826965,0.9596952199935913,0.9331814050674438,0.9738993048667908,0.9660654664039612,0.9583989381790161,0.9595655202865601,0.9430873394012451,0.9467334151268005,0.8215073347091675,0.8789751529693604,4.688635349273682,0.7995456457138062,0.8215073347091675
48,0.7413343191146851,0.5475267767906189,0.7342799305915833,0.8970452547073364,0.666482150554657,0.8533357977867126,0.8401708006858826,0.5555555820465088,0.7723588943481445,0.7798672914505005,0.6186785697937012,0.8674064874649048,0.9014402627944946,0.5829644799232483,0.8051866888999939,0.7213922739028931,0.5,0.9874976873397827,0.6666666865348816,0.9457037448883057,0.9486386775970459,0.8899455070495605,0.8761070966720581,0.5,0.8961384892463684,0.8963732123374939,0.8827828168869019,0.884973406791687,0.8847103118896484,0.9697584509849548,0.9580419063568115,0.8910141587257385,0.5,0.9844357967376709,0.8309317231178284,0.9573788642883301,0.9268090724945068,0.9598273038864136,0.9483075737953186,0.9573692083358765,0.9548585414886475,0.9704790115356445,0.9643670320510864,0.9544970989227295,0.8145220875740051,0.8767004013061523,4.8227808475494385,0.7893999218940735,0.8145220875740051
49,0.7258033752441406,0.6065899729728699,0.868457555770874,0.8879814743995667,0.758435845375061,0.7641527056694031,0.9270951747894287,0.5414820313453674,0.6248154640197754,0.8490791916847229,0.642672598361969,0.8323189616203308,0.8425607085227966,0.6062213778495789,0.8113937973976135,0.8120390772819519,0.5,0.9873359203338623,0.5833333134651184,0.9547325372695923,0.9491604566574097,0.8817387819290161,0.8907378911972046,0.5,0.8854875564575195,0.9020745754241943,0.8858932852745056,0.8860651254653931,0.88526451587677,0.9760730266571045,0.9840829372406006,0.9706544876098633,0.5,0.9865765571594238,0.8094579577445984,0.9508150815963745,0.939551830291748,0.9263132214546204,0.9691116213798523,0.9521275162696838,0.9574039578437805,0.9743494391441345,0.9701783657073975,0.963330864906311,0.8169117569923401,0.8803538084030151,4.597476005554199,0.7772141695022583,0.8169117569923401
50,0.7093092799186707,0.7103418111801147,0.8304730653762817,0.9129779934883118,0.7216688990592957,0.6920313239097595,0.8844256401062012,0.6941677927970886,0.6994470357894897,0.6915688514709473,0.7498156428337097,0.8552027344703674,0.9349188804626465,0.5875899195671082,0.8117614388465881,0.7030571103096008,0.5,0.9856375455856323,0.5666666626930237,0.9594216346740723,0.9555413722991943,0.8887296915054321,0.8884775638580322,0.5,0.8888677954673767,0.8937273025512695,0.8944963216781616,0.8955138921737671,0.8861989974975586,0.9642236232757568,0.9840799570083618,0.9979720115661621,0.5,0.9800667762756348,0.6289041638374329,0.9590637683868408,0.9538565874099731,0.9437270164489746,0.9577820897102356,0.9494011402130127,0.9483075737953186,0.9168808460235596,0.9637424945831299,0.9254337549209595,0.8288602828979492,0.8782168626785278,4.72694206237793,0.7937132120132446,0.8288602828979492

51,0.7271192073822021,0.7497233152389526,0.9447644948959351,0.835844874382019,0.7745387554168701,0.749631404876709,0.9227859973907471,0.7102496027946472,0.8085088729858398,0.849261999130249,0.6199076771736145,0.9721401929855347,0.9412168264389038,0.8523880243301392,0.8327800035476685,0.7851606607437134,0.5,0.9849860668182373,0.5,0.9484245777130127,0.9522519111633301,0.8845715522766113,0.891468346118927,0.5,0.8981763124465942,0.8990458250045776,0.893750011920929,0.9059820771217346,0.8897294998168945,0.9985228776931763,0.9821263551712036,0.815557599067688,0.4999076724052429,0.9847307205200195,0.7650998830795288,0.9633370637893677,0.9341177940368652,0.9591455459594727,0.9691851139068604,0.9401706457138062,0.9513596892356873,0.9649189710617065,0.9666915535926819,0.9462310075759888,0.8117647171020508,0.8766313791275024,4.8135411739349365,0.7770959734916687,0.8117647171020508
52,0.7122021913528442,0.7080569863319397,0.923431932926178,0.865411639213562,0.7385766506195068,0.8248155117034912,0.7794985175132751,0.7855297327041626,0.7493544816970825,0.7991697788238525,0.689922571182251,0.873430609703064,0.9142690300941467,0.8050944805145264,0.8661136627197266,0.7995395660400391,0.5,0.9839903712272644,0.5416666865348816,0.954681396484375,0.9565136432647705,0.8871980309486389,0.8943862915039062,0.5,0.8994678854942322,0.8980499505996704,0.886437177658081,0.8916809558868408,0.886610746383667,0.9782456159591675,0.9816632270812988,0.942415714263916,0.5,0.9867641925811768,0.7479674816131592,0.9556677937507629,0.9673994183540344,0.9648829698562622,0.968419075012207,0.9434609413146973,0.9662948846817017,0.9668960571289062,0.9565130472183228,0.9569666385650635,0.8222426176071167,0.8776195049285889,4.6995766162872314,0.7921828031539917,0.8222426176071167
53,0.7056601047515869,0.6963361501693726,0.9420188665390015,0.8286328911781311,0.8178126811981201,0.9159289598464966,0.9427872896194458,0.8051866888999939,0.7183812856674194,0.8878728151321411,0.8121312856674194,0.9524272084236145,0.8724169731140137,0.9109349250793457,0.7624200582504272,0.7382997274398804,0.5,0.9845455884933472,0.6333333253860474,0.9367271661758423,0.9620052576065063,0.8982568979263306,0.8926403522491455,0.5,0.9046940207481384,0.9133447408676147,0.8826210498809814,0.888285756111145,0.8836633563041687,0.9666298031806946,0.957870364189148,0.9451547861099243,0.4999077320098877,0.9867494106292725,0.8545593619346619,0.9629387855529785,0.9593925476074219,0.9557048082351685,0.9599783420562744,0.9617029428482056,0.9502466320991516,0.9490996599197388,0.9620143175125122,0.950680136680603,0.814338207244873,0.8776884078979492,4.844305515289307,0.7743802666664124,0.814338207244873
54,0.7171882390975952,0.865929365158081,0.93628990650177,0.9387792348861694,0.7107073068618774,0.8817997574806213,0.8694466352462769,0.8680521249771118,0.5993548631668091,0.9106582999229431,0.7588897943496704,0.935930609703064,0.9783549904823303,0.8410906791687012,0.8655606508255005,0.809154748916626,0.5,0.9881437420845032,0.6666666865348816,0.9597454071044922,0.9579402208328247,0.904309868812561,0.9004946947097778,0.5,0.8935067653656006,0.8994138836860657,0.8891742825508118,0.8827464580535889,0.8828999996185303,0.9982472658157349,0.984896183013916,0.8826806545257568,0.5,0.9823943376541138,0.8306560516357422,0.960366427898407,0.9638267159461975,0.950985848903656,0.9640206694602966,0.9212220907211304,0.9571175575256348,0.9613309502601624,0.9622004628181458,0.9269076585769653,0.8134191036224365,0.875114917755127,4.72492527961731,0.7883005738258362,0.8134191036224365
55,0.7057649493217468,0.7102496027946472,0.8924310207366943,0.8855690956115723,0.8325955867767334,0.8604655861854553,0.8599122762680054,0.7934722900390625,0.6568801403045654,0.8144981861114502,0.7888280153274536,0.9971396923065186,0.9943758249282837,0.8053423166275024,0.9568594694137573,0.7846070528030396,0.5249999761581421,0.9850027561187744,0.5713364481925964,0.9541977643966675,0.958808183670044,0.9077578186988831,0.8963068127632141,0.5,0.9000760316848755,0.9143509864807129,0.8954855799674988,0.8986550569534302,0.8837652206420898,0.9976010322570801,0.9708623886108398,0.892154335975647,0.5332411527633667,0.9834381937980652,0.9082611203193665,0.9590363502502441,0.9501979351043701,0.9587311744689941,0.9620325565338135,0.9622817039489746,0.9568347930908203,0.9443928003311157,0.9662388563156128,0.947396457195282,0.8125,0.8750919103622437,4.904580593109131,0.773356020450592,0.8125
56,0.6944584846496582,0.7807890772819519,0.933536171913147,0.8461254835128784,0.6149239540100098,0.8069552779197693,0.9635767936706543,0.7934722900390625,0.7945317029953003,0.748986005783081,0.788090169429779,0.925987958908081,0.8496220111846924,0.9295110702514648,0.8655606508255005,0.8921199440956116,0.5454545617103577,0.9857591986656189,0.5769230723381042,0.9538111090660095,0.9476510286331177,0.9005719423294067,0.9023675918579102,0.5,0.9030447006225586,0.9110121726989746,0.8898482322692871,0.8931674957275391,0.8774827718734741,0.8980644941329956,0.983345627784729,0.9476014375686646,0.5588235259056091,0.9836916327476501,0.8718611598014832,0.9539079666137695,0.9690577983856201,0.9573770761489868,0.9645370244979858,0.9509912729263306,0.9712611436843872,0.9665054082870483,0.9526968002319336,0.9434523582458496,0.8226103186607361,0.875896155834198,4.784659147262573,0.7982034087181091,0.8226103186607361
57,0.6933755278587341,0.8886122703552246,0.9378747344017029,0.8718634843826294,0.8602811098098755,0.8431968688964844,0.8662996292114258,0.8524801731109619,0.8320437669754028,0.868457555770874,0.7702794075012207,0.8717712163925171,0.9395569562911987,0.8582524061203003,0.7178281545639038,0.8493542671203613,0.5,0.98666912317276,0.6665745973587036,0.9567002654075623,0.94513338804245,0.8916397094726562,0.8988796472549438,0.5,0.9017379283905029,0.9132925868034363,0.89666348695755,0.8941501379013062,0.8775237798690796,0.9987103939056396,0.9835398197174072,0.8926154375076294,0.5,0.9839874505996704,0.9090908765792847,0.9565868377685547,0.9547950029373169,0.9524913430213928,0.9765886068344116,0.9414126873016357,0.9429763555526733,0.9676098227500916,0.9698516130447388,0.9593315124511719,0.8198529481887817,0.8747931718826294,4.74009895324707,0.8023355603218079,0.8198529481887817
58,0.6820850372314453,0.7035303115844727,0.9298905730247498,0.8653193116188049,0.7685858607292175,0.9364874958992004,0.8504518270492554,0.8905659317970276,0.6418421864509583,0.8683382272720337,0.8084166049957275,0.9749655723571777,0.911502480506897,0.9287307858467102,0.8242620229721069,0.7849770784378052,0.6000000238418579,0.9863686561584473,0.7855302095413208,0.9577174782752991,0.9647179245948792,0.9015643000602722,0.9006648063659668,0.5,0.8995628952980042,0.9122689962387085,0.8884132504463196,0.8998478651046753,0.8926736116409302,0.9629034996032715,0.9850027561187744,0.9147322177886963,0.5,0.9845455884933472,0.8460258841514587,0.9659324288368225,0.9655557870864868,0.9649432897567749,0.9542330503463745,0.9528708457946777,0.9505027532577515,0.955742597579956,0.9638241529464722,0.9557371139526367,0.8266544342041016,0.8762178421020508,4.733517646789551,0.8050432205200195,0.8266544342041016
59,0.6820375323295593,0.8630826473236084,0.9696259498596191,0.870753288269043,0.8031095266342163,0.8876900672912598,0.792550265789032,0.8988940119743347,0.842275083065033,0.8809699416160583,0.8152360916137695,0.9651548862457275,0.9687958359718323,0.808536171913147,0.7338189482688904,0.8628058433532715,0.6176470518112183,0.9887838363647461,0.699999988079071,0.9591436386108398,0.9616543054580688,0.9004563689231873,0.9024506211280823,0.5,0.9001904726028442,0.9100537300109863,0.8935097455978394,0.9027882814407349,0.8913540244102478,0.980479896068573,0.9822452068328857,0.978460431098938,0.5277777910232544,0.9854817390441895,0.9132546186447144,0.9605681300163269,0.9577752947807312,0.9480051398277283,0.9581059217453003,0.9428926706314087,0.9682554602622986,0.9640260934829712,0.9676880240440369,0.959647536277771,0.8181985020637512,0.8722196817398071,4.6880762577056885,0.8131645321846008,0.8181985020637512
60,0.6847504377365112,0.8329646587371826,0.87019944190979,0.964871883392334,0.842736005783081,0.8045411705970764,0.974068284034729,0.8993542194366455,0.7929190397262573,0.9081699252128601,0.8776470422744751,0.9395370483398438,0.9493775367736816,0.9121379852294922,0.8600045442581177,0.8873186111450195,0.5,0.9843692183494568,0.75,0.9557721018791199,0.9627659320831299,0.9037331938743591,0.9049429893493652,0.5,0.9024761915206909,0.9188750982284546,0.895016074180603,0.9039703607559204,0.8895348906517029,0.9590449333190918,0.983086884021759,0.9063223600387573,0.523809552192688,0.987766444683075,0.8414454460144043,0.9561461806297302,0.9656069874763489,0.9491257667541504,0.9679546356201172,0.9435000419616699,0.972025990486145,0.9657444953918457,0.9718912839889526,0.9666914939880371,0.8136029243469238,0.8811581134796143,4.935368299484253,0.7823830842971802,0.8136029243469238

61,0.6697226166725159,0.8251639604568481,0.8844624757766724,0.8812986612319946,0.8225152492523193,0.8453246355056763,0.9287244081497192,0.939885675907135,0.7488933801651001,0.948523998260498,0.8685498833656311,0.9637173414230347,0.9290015697479248,0.9617818593978882,0.8783379793167114,0.9655606746673584,0.5681818127632141,0.9838888645172119,0.7222222089767456,0.9520509243011475,0.9445172548294067,0.9032411575317383,0.8979107141494751,0.5,0.9003623127937317,0.9137668609619141,0.9045360088348389,0.908270001411438,0.8851943612098694,0.9962198138237,0.9865765571594238,0.9968657493591309,0.523809552192688,0.9724879860877991,0.9700871109962463,0.9540897607803345,0.9594154357910156,0.9645310640335083,0.9520084857940674,0.9461404085159302,0.9446111917495728,0.9592403173446655,0.9696378707885742,0.9648292064666748,0.8216911554336548,0.8788143396377563,4.915910720825195,0.7949827909469604,0.8216911554336548
62,0.679110050201416,0.9487084746360779,0.9581881761550903,0.8912319540977478,0.7389842867851257,0.7936566472053528,0.8924310207366943,0.9516428112983704,0.8816153407096863,0.8446797132492065,0.9174145460128784,0.9644045829772949,0.9082437753677368,0.8882496953010559,0.9270951747894287,0.9484317302703857,0.5277777910232544,0.9864864945411682,0.4999080002307892,0.9474325180053711,0.9519392848014832,0.9037509560585022,0.9024971723556519,0.5,0.9091774225234985,0.919265866279602,0.9030515551567078,0.9076747894287109,0.89200758934021,0.9966759085655212,0.9717550873756409,0.9959424734115601,0.5714285969734192,0.981601357460022,0.9503510594367981,0.9605386257171631,0.9702380895614624,0.9406514763832092,0.9570068120956421,0.9567923545837402,0.9489852786064148,0.9629044532775879,0.972191333770752,0.9419017434120178,0.8213235139846802,0.8781479597091675,4.75549840927124,0.7904601693153381,0.8213235139846802
63,0.6682420372962952,0.8253530263900757,0.9691882133483887,0.9030236005783081,0.9400700330734253,0.8994454741477966,0.967822253704071,0.8876900672912598,0.8808777332305908,0.8898274898529053,0.9693634510040283,0.9672424793243408,0.9391881227493286,0.8489766120910645,0.9139924049377441,0.9111051559448242,0.5476190447807312,0.9865691065788269,0.6817260980606079,0.9559977650642395,0.945266604423523,0.9002856016159058,0.898690938949585,0.5,0.9070628881454468,0.9170644879341125,0.9064338207244873,0.91136234998703,0.8914905786514282,0.9967676401138306,0.9834043979644775,0.9419546127319336,0.5356221199035645,0.98293137550354,0.946494460105896,0.9596110582351685,0.9687151908874512,0.9396954774856567,0.9585971236228943,0.9466044902801514,0.9732739329338074,0.9647495746612549,0.9713435173034668,0.9480832815170288,0.8172793984413147,0.8796185851097107,4.739351034164429,0.7867584824562073,0.8172793984413147
64,0.6764086484909058,0.8549312949180603,0.9473472833633423,0.9966814517974854,0.7710695266723633,0.8678114414215088,0.9558407068252563,0.9270951747894287,0.8520433306694031,0.8414454460144043,0.8838719129562378,0.9657016396522522,0.869741678237915,0.9014402627944946,0.9321058392524719,0.8616983890533447,0.5452699661254883,0.9858254194259644,0.6363636255264282,0.949501633644104,0.9420708417892456,0.9076324701309204,0.9044911861419678,0.5,0.9102942943572998,0.9215425252914429,0.8996798992156982,0.9074355363845825,0.8978933095932007,0.9948348999023438,0.9817491173744202,0.9722229242324829,0.5525393486022949,0.9818350076675415,0.9209409952163696,0.9489887952804565,0.9519206881523132,0.9630386233329773,0.9612842798233032,0.954342782497406,0.970588207244873,0.9510655403137207,0.9610112309455872,0.9493546485900879,0.8202205896377563,0.8740349411964417,4.685111045837402,0.7893608212471008,0.8202205896377563
65,0.6629821062088013,0.9074298143386841,0.9937245845794678,0.9333517551422119,0.8601889610290527,0.9355641603469849,0.865746259689331,0.9801103472709656,0.8490807414054871,0.8417220115661621,0.9322904348373413,0.9367508888244629,0.9289675951004028,0.9434945583343506,0.9523305892944336,0.961982011795044,0.6944444179534912,0.9870346784591675,0.83324134349823,0.957524299621582,0.9446358680725098,0.9146387577056885,0.9067360162734985,0.5,0.9112105369567871,0.9039965867996216,0.9057050943374634,0.9064522385597229,0.9006264209747314,0.9942783117294312,0.9629798531532288,0.9434023499488831,0.5998154878616333,0.9834351539611816,0.9436790943145752,0.9540950059890747,0.9617208242416382,0.9516360759735107,0.9691793918609619,0.9551103115081787,0.9607036709785461,0.9554587006568909,0.9695223569869995,0.9403402805328369,0.8220587968826294,0.8770450353622437,4.73467493057251,0.8168261647224426,0.8220587968826294
66,0.6788779497146606,0.955748438835144,0.9097427129745483,0.8571457862854004,0.7635073065757751,0.8675345778465271,0.974568784236908,0.9976032376289368,0.9699949026107788,0.9103667140007019,0.8204867839813232,0.9766782522201538,0.9937281012535095,0.9167176485061646,0.9522758722305298,0.9048210382461548,0.7141011953353882,0.9862962961196899,0.6363636255264282,0.9602612257003784,0.9499286413192749,0.909772515296936,0.9119442701339722,0.5,0.9153318405151367,0.9159233570098877,0.9067051410675049,0.9097923040390015,0.9085562229156494,0.9945641756057739,0.9827746152877808,0.9773991703987122,0.5260390639305115,0.9808084964752197,0.9651548862457275,0.9595553874969482,0.9557662606239319,0.9586899876594543,0.968860387802124,0.9287590980529785,0.9592823386192322,0.9665365219116211,0.970889151096344,0.9539620876312256,0.809374988079071,0.8727941513061523,4.709500074386597,0.7982325553894043,0.809374988079071
67,0.6434944868087769,0.9015325307846069,0.9919652938842773,0.9559372067451477,0.7763023376464844,0.9472324848175049,0.9496129155158997,0.8722324371337891,0.8370452523231506,0.9305683374404907,0.9042220115661621,0.9392802715301514,0.9484546184539795,0.946494460105896,0.9962170124053955,0.9446014165878296,0.6815413236618042,0.9830617904663086,0.8157894611358643,0.9564279317855835,0.9606689214706421,0.9133041501045227,0.9098047018051147,0.5,0.9082539677619934,0.9161596894264221,0.9015381336212158,0.90940922498703,0.902194619178772,0.9968628883361816,0.9812036752700806,0.9701930284500122,0.6576180458068848,0.9770243167877197,0.9431256651878357,0.9653724431991577,0.9643787145614624,0.9551316499710083,0.9686107039451599,0.960509181022644,0.961371898651123,0.9651681184768677,0.9592070579528809,0.9528222680091858,0.8321691155433655,0.873667299747467,4.685013055801392,0.821156919002533,0.8321691155433655
68,0.6472916603088379,0.9712861776351929,0.9903136491775513,0.9941924810409546,0.8794459700584412,0.9978758692741394,0.9487825036048889,0.9617055654525757,0.8856738805770874,0.8863990306854248,0.9495206475257874,0.9700184464454651,0.9643186330795288,0.9430334568023682,0.9135313034057617,0.9967694282531738,0.6764705777168274,0.9829345345497131,0.8180897235870361,0.9616529941558838,0.9578109979629517,0.904975175857544,0.9112676382064819,0.5,0.9176470637321472,0.9171276092529297,0.9115362763404846,0.9056297540664673,0.890180230140686,0.9938169121742249,0.9817491173744202,0.994270920753479,0.5951458215713501,0.9799888730049133,0.967637836933136,0.9650989174842834,0.9675530195236206,0.9682391881942749,0.9631966352462769,0.9557048082351685,0.9607187509536743,0.9456319808959961,0.9632169604301453,0.9559456706047058,0.8196691274642944,0.8747012615203857,4.69277811050415,0.8178806304931641,0.8196691274642944
69,0.6493836045265198,0.8678763508796692,0.9678044319152832,0.995941698551178,0.8237084746360779,0.9979715943336487,0.964178204536438,0.927187442779541,0.8717712163925171,0.932227373123169,0.9348267316818237,0.9770486354827881,0.9113180637359619,0.9251575469970703,0.9958502054214478,0.9717472791671753,0.6110187768936157,0.9829408526420593,0.8634521961212158,0.9604549407958984,0.9559236764907837,0.9070653319358826,0.9117088317871094,0.5,0.9141366481781006,0.919984757900238,0.907372236251831,0.8988956212997437,0.8933244943618774,0.9704797267913818,0.9665351510047913,0.9702590703964233,0.6457409858703613,0.9808368682861328,0.829367995262146,0.9586607217788696,0.9638139605522156,0.9535681009292603,0.9603021144866943,0.9527087211608887,0.9581609964370728,0.954290509223938,0.9698739051818848,0.9613239169120789,0.815073549747467,0.8753217458724976,4.791964530944824,0.7945718169212341,0.815073549747467
70,0.6352030634880066,0.8975092172622681,0.9948339462280273,0.9171788096427917,0.7939779758453369,0.9260802268981934,0.9635330438613892,0.9593273401260376,0.9246962070465088,0.830842137336731,0.8889967799186707,0.9693626165390015,0.9939035773277283,0.9687958359718323,0.9471402168273926,0.9561225771903992,0.6425806879997253,0.9811967611312866,0.8333333730697632,0.9667789936065674,0.9605902433395386,0.9092205762863159,0.907657265663147,0.5,0.9179345369338989,0.9137371182441711,0.9032105207443237,0.909385085105896,0.9042251110076904,0.9755051136016846,0.9668622612953186,0.9943758249282837,0.5959691405296326,0.9852859377861023,0.9970446825027466,0.9587978720664978,0.9563924074172974,0.965389609336853,0.9646607041358948,0.9351640939712524,0.948832094669342,0.9655652642250061,0.9740995168685913,0.9638475775718689,0.8290441036224365,0.8792968988418579,6.129647970199585,0.7904527187347412,0.8290441036224365

71,0.6551846861839294,0.9548329710960388,0.9715042114257812,0.9369511604309082,0.9258956909179688,0.9180089235305786,0.9973286390304565,0.9967718124389648,0.9470294117927551,0.918285608291626,0.9736069440841675,0.9915974140167236,0.9908570051193237,0.9240503311157227,0.9278498888015747,0.8862146139144897,0.7170220613479614,0.9842592477798462,0.9999079704284668,0.9589259028434753,0.9576886892318726,0.9079620838165283,0.9131839275360107,0.5,0.9140000343322754,0.9143154621124268,0.9009532928466797,0.913640022277832,0.9038608074188232,0.9936370253562927,0.9838142395019531,0.9447227120399475,0.676101803779602,0.9819611310958862,0.904854416847229,0.9546313285827637,0.9492473602294922,0.9573501348495483,0.9636121988296509,0.9458707571029663,0.9589904546737671,0.9666046500205994,0.9721603393554688,0.9602673649787903,0.8130514621734619,0.875,4.834269046783447,0.778279721736908,0.8130514621734619
72,0.6437983512878418,0.9181011915206909,0.9720590710639954,0.9671502709388733,0.9978762865066528,0.9037610292434692,0.9391480684280396,0.9351032376289368,0.9739967584609985,0.8730655908584595,0.8838719129562378,0.9927175641059875,0.9899427890777588,0.8647316694259644,0.8298290967941284,0.9319212436676025,0.7775933742523193,0.9854629635810852,0.8845232725143433,0.9572601318359375,0.9614163041114807,0.9088824987411499,0.9153875112533569,0.5,0.9139336347579956,0.9264565706253052,0.9072878956794739,0.9148571491241455,0.8983456492424011,0.9926213026046753,0.9789736866950989,0.9923388957977295,0.8178126811981201,0.9846296310424805,0.9962204694747925,0.9580610990524292,0.9631627798080444,0.9567312598228455,0.9637209177017212,0.9476834535598755,0.9562159776687622,0.9404330253601074,0.9602533578872681,0.9564007520675659,0.8191176652908325,0.8730698823928833,4.892132997512817,0.807063102722168,0.8191176652908325
73,0.6325370669364929,0.8729720115661621,0.9920605421066284,0.9325221180915833,0.8305714130401611,0.9978762865066528,0.9145456552505493,0.9270049333572388,0.9106592535972595,0.8507283926010132,0.961982011795044,0.962573766708374,0.992708146572113,0.9686257839202881,0.809094250202179,0.9977872371673584,0.7755848169326782,0.9821296334266663,0.9374079704284668,0.9567070603370667,0.9551739692687988,0.9108844995498657,0.9080777168273926,0.5,0.9223467111587524,0.9256104230880737,0.9065402746200562,0.9083794355392456,0.890803337097168,0.9923446178436279,0.979722261428833,0.9930812120437622,0.705329179763794,0.981426477432251,0.9555678367614746,0.9562979936599731,0.9546829462051392,0.9600668549537659,0.964684009552002,0.9508619904518127,0.9667161107063293,0.9583333730697632,0.9472402334213257,0.9544357061386108,0.8253676295280457,0.8736902475357056,4.81751561164856,0.8056761026382446,0.8253676295280457
74,0.6349769830703735,0.9356563091278076,0.954628586769104,0.9589411020278931,0.8210400342941284,0.9961240291595459,0.9352810382843018,0.968467652797699,0.9622050523757935,0.9069726467132568,0.872787594795227,0.9958510398864746,0.9913284182548523,0.950669527053833,0.9253420829772949,0.9760456085205078,0.8175358176231384,0.9830083847045898,0.9997236132621765,0.9620516300201416,0.9546135067939758,0.9091089963912964,0.902093231678009,0.5,0.9178524017333984,0.9305344820022583,0.9106155633926392,0.9119704961776733,0.8988593220710754,0.9920576214790344,0.9789931774139404,0.9918758869171143,0.7181047201156616,0.978502631187439,0.9457564353942871,0.9544460773468018,0.9592317342758179,0.953760027885437,0.9681227207183838,0.9379796981811523,0.9619322419166565,0.9661142826080322,0.9641727209091187,0.952155590057373,0.825551450252533,0.8742417097091675,4.799073696136475,0.8037948608398438,0.825551450252533
75,0.6342530846595764,0.9971381425857544,0.941236138343811,0.9106725454330444,0.8722324371337891,0.9754738807678223,0.9733044505119324,0.948100209236145,0.9718919992446899,0.9356536269187927,0.8307555913925171,0.9521479606628418,0.9883806705474854,0.9521479606628418,0.971946120262146,0.9744764566421509,0.782516360282898,0.9811792969703674,0.8331493139266968,0.9482401013374329,0.9569932818412781,0.9020096063613892,0.9085389375686646,0.5,0.91706383228302,0.9226763248443604,0.8999427556991577,0.9215704798698425,0.9015209078788757,0.9926348924636841,0.9824432134628296,0.9925249218940735,0.6556968688964844,0.9789736866950989,0.9309059381484985,0.9558631181716919,0.9688835144042969,0.94588303565979,0.965520441532135,0.9566549062728882,0.9476415514945984,0.9610945582389832,0.965090274810791,0.9544271230697632,0.8301470875740051,0.874885082244873,4.833420276641846,0.8265376091003418,0.8301470875740051
76,0.6341953277587891,0.9962177276611328,0.9918863773345947,0.9221127033233643,0.9263570308685303,0.977677583694458,0.9784349799156189,0.9962211847305298,0.8553307056427002,0.958213746547699,0.8384174108505249,0.953134298324585,0.9697506427764893,0.9543725252151489,0.9574846625328064,0.9665314555168152,0.8877804279327393,0.9827108383178711,0.8998158574104309,0.957709550857544,0.9473814964294434,0.910978376865387,0.914893627166748,0.5,0.920732855796814,0.9198400974273682,0.9033573865890503,0.9208571314811707,0.9001777172088623,0.9954847097396851,0.9807264804840088,0.9924479722976685,0.739538311958313,0.9826022386550903,0.9948434829711914,0.9606343507766724,0.9537321925163269,0.9448857307434082,0.9648829698562622,0.9406275749206543,0.9641993641853333,0.9580932855606079,0.9634758234024048,0.9580938220024109,0.8259190917015076,0.8781249523162842,4.712400674819946,0.7994528412818909,0.8259190917015076
77,0.6309372782707214,0.908537745475769,0.9708127975463867,0.8993180990219116,0.9628773927688599,0.994377851486206,0.9947426319122314,0.9754738807678223,0.9566175937652588,0.974550724029541,0.9228782653808594,0.9924312233924866,0.9918032884597778,0.9060482978820801,0.9515923261642456,0.9620583653450012,0.7884591221809387,0.9825452566146851,1.0,0.9603710174560547,0.954647421836853,0.915239691734314,0.9142802953720093,0.5,0.9205367565155029,0.9229745268821716,0.8991588354110718,0.9144724607467651,0.8985741138458252,0.9940059185028076,0.9822288155555725,0.993823766708374,0.8405399322509766,0.9855608940124512,0.8962177038192749,0.9650336503982544,0.9669138193130493,0.962216854095459,0.9402726292610168,0.9452717304229736,0.9649906754493713,0.9522643089294434,0.9607115387916565,0.9552403688430786,0.8248161673545837,0.8755514621734619,4.784638166427612,0.7943181991577148,0.8248161673545837
78,0.6270229816436768,0.9749380350112915,0.9692703485488892,0.9734441041946411,0.9370435476303101,0.9956673979759216,0.9543675184249878,0.9370274543762207,0.9457783699035645,0.9634034037590027,0.9161218404769897,0.9916067123413086,0.9706920981407166,0.9935495853424072,0.9692569971084595,0.9681501984596252,0.8742619752883911,0.9819377660751343,0.9580569863319397,0.9512560963630676,0.9595175981521606,0.9199042320251465,0.9185030460357666,0.5,0.9179176092147827,0.9295774698257446,0.9049971103668213,0.9173153638839722,0.9011380672454834,0.993456244468689,0.9777200222015381,0.9490195512771606,0.8038862943649292,0.9796221256256104,0.946033239364624,0.9612157344818115,0.9673044681549072,0.9610884189605713,0.9602645635604858,0.9548237323760986,0.9622378945350647,0.9596654176712036,0.9627669453620911,0.9579918384552002,0.8134191036224365,0.8750459551811218,4.743950128555298,0.7907717227935791,0.8134191036224365
79,0.6205098628997803,0.9693634510040283,0.9575588703155518,0.9645030498504639,0.9733688831329346,0.9535327553749084,0.9950239658355713,0.9430334568023682,0.9937326908111572,0.9714021682739258,0.9673612117767334,0.9478223323822021,0.9916067123413086,0.9651484489440918,0.9521835446357727,0.950669527053833,0.9366703629493713,0.9841959476470947,0.957872748374939,0.9579675197601318,0.9563025236129761,0.9159373044967651,0.9147021174430847,0.5,0.9122889041900635,0.9321922063827515,0.9108534455299377,0.9259681105613708,0.9091428518295288,0.9931721687316895,0.9769102334976196,0.994281530380249,0.721761167049408,0.9807977676391602,0.9576596021652222,0.9565544724464417,0.9574715495109558,0.9590102434158325,0.9564947485923767,0.9530376195907593,0.9546820521354675,0.9585579037666321,0.9616458415985107,0.952155351638794,0.8159926533699036,0.8749540448188782,4.731203317642212,0.7817035913467407,0.8159926533699036
80,0.6158513426780701,0.9711254835128784,0.9928137063980103,0.9214668273925781,0.9939069747924805,0.9961225986480713,0.9946523904800415,0.995576024055481,0.974276602268219,0.9487825036048889,0.9056763648986816,0.9714305400848389,0.9680442214012146,0.949848473072052,0.9729073643684387,0.9621906876564026,0.9122127294540405,0.9815638065338135,0.9441682696342468,0.9537210464477539,0.9615025520324707,0.923171877861023,0.9122231006622314,0.5000953674316406,0.923332691192627,0.9369795322418213,0.9090139865875244,0.9215194582939148,0.903418779373169,0.99363112449646,0.9751713871955872,0.9946544170379639,0.7992620468139648,0.9814643263816833,0.9425722360610962,0.9646927118301392,0.9540305733680725,0.9488126039505005,0.9656999111175537,0.95830237865448,0.936539888381958,0.9531611204147339,0.966734766960144,0.957962155342102,0.8202205896377563,0.8754135966300964,4.617065906524658,0.7961682677268982,0.8202205896377563

81,0.6046859622001648,0.9960317611694336,0.9156107902526855,0.939037561416626,0.9681501984596252,0.9724458456039429,0.9518143534660339,0.9135347604751587,0.9930862784385681,0.9387270212173462,0.8788493871688843,0.9683579206466675,0.964022159576416,0.9543675184249878,0.9934453368186951,0.9935400485992432,0.8923963904380798,0.9831793308258057,0.9998155832290649,0.9565298557281494,0.9594316482543945,0.9181697368621826,0.9173805713653564,0.5,0.9193547964096069,0.9310857057571411,0.9120450019836426,0.921222448348999,0.9045437574386597,0.9932718873023987,0.9783573746681213,0.9701106548309326,0.8534281253814697,0.9812453985214233,0.920756459236145,0.9615001678466797,0.9592785835266113,0.9575200080871582,0.9559789299964905,0.9460640549659729,0.9627294540405273,0.959060549736023,0.9634350538253784,0.9571137428283691,0.8237132430076599,0.8757352828979492,4.877614259719849,0.8027931451797485,0.8237132430076599
82,0.608970046043396,0.9525527954101562,0.9686113595962524,0.9699536561965942,0.9327986836433411,0.967689037322998,0.9954763650894165,0.9771400690078735,0.9622972011566162,0.9047622680664062,0.9248807430267334,0.9928110837936401,0.928452730178833,0.9657938480377197,0.9923459887504578,0.9942846298217773,0.8439035415649414,0.9858123064041138,0.9994475245475769,0.9622712135314941,0.9441428184509277,0.9184004664421082,0.9111617207527161,0.5,0.9306347370147705,0.9169399738311768,0.9071224927902222,0.9234139919281006,0.9019961953163147,0.9916036128997803,0.9779056906700134,0.9727966785430908,0.8162438273429871,0.984375,0.9742121696472168,0.959322988986969,0.9609229564666748,0.9405381083488464,0.9657610654830933,0.9533592462539673,0.9661835432052612,0.949276328086853,0.956845223903656,0.9616744518280029,0.8187500238418579,0.8756433725357056,4.691216468811035,0.8035202026367188,0.8187500238418579
83,0.6039908528327942,0.9680579900741577,0.9952056407928467,0.9909594058990479,0.9945582151412964,0.9952046871185303,0.9728889465332031,0.9955809116363525,0.992250919342041,0.9368430376052856,0.9561026692390442,0.9593096971511841,0.9491043090820312,0.9753850698471069,0.9924270510673523,0.9939992427825928,0.9324116706848145,0.9822255373001099,0.9997237920761108,0.9551193118095398,0.9573375582695007,0.9158896207809448,0.9066329002380371,0.5,0.9218572378158569,0.9219406843185425,0.9079097509384155,0.9163646697998047,0.904485821723938,0.9914127588272095,0.9747867584228516,0.9939069747924805,0.8144059181213379,0.9835807085037231,0.9957587718963623,0.951826810836792,0.9604578018188477,0.9495663046836853,0.9573102593421936,0.9578526020050049,0.9558528661727905,0.9668523669242859,0.964431643486023,0.9597808122634888,0.8211396932601929,0.873828113079071,4.61353325843811,0.8083328604698181,0.8211396932601929
84,0.6065283417701721,0.9954838752746582,0.9572359919548035,0.9912377595901489,0.9725661873817444,0.995758056640625,0.9340904951095581,0.9689946174621582,0.9282642006874084,0.9434023499488831,0.9952943325042725,0.994459867477417,0.953154444694519,0.9928084015846252,0.9932669401168823,0.9943716526031494,0.873801589012146,0.9842680096626282,0.9373159408569336,0.9521699547767639,0.9485230445861816,0.9126436710357666,0.9081237316131592,0.5000951290130615,0.9290719628334045,0.9271209239959717,0.9059715270996094,0.9132003784179688,0.9071346521377563,0.9881918430328369,0.9737671613693237,0.9901309609413147,0.9378762245178223,0.9792476892471313,0.9951115846633911,0.9553897380828857,0.9606438279151917,0.9574270248413086,0.9620465040206909,0.9553405046463013,0.9563506841659546,0.964239239692688,0.956767737865448,0.9511690735816956,0.8253676295280457,0.8755974173545837,4.682833194732666,0.7995806336402893,0.8253676295280457
85,0.6100994348526001,0.9716789722442627,0.9440768361091614,0.9904129505157471,0.9643186330795288,0.9761376976966858,0.9941881895065308,0.996678352355957,0.9937304258346558,0.9718278646469116,0.8622426986694336,0.9925276637077332,0.9477166533470154,0.9397130012512207,0.9695208072662354,0.9647796154022217,0.9222457408905029,0.9834940433502197,0.9366716146469116,0.9478486776351929,0.9498409032821655,0.9157335758209229,0.9155437350273132,0.5,0.927462100982666,0.9259927272796631,0.9110517501831055,0.9173738956451416,0.8952099084854126,0.9906809329986572,0.9794710874557495,0.9915097951889038,0.8144059181213379,0.9812071919441223,0.9227660894393921,0.961387038230896,0.9681186676025391,0.9524062871932983,0.966598629951477,0.9589371681213379,0.9681404829025269,0.963342010974884,0.9695314168930054,0.9629732370376587,0.8204044103622437,0.8778952360153198,4.913333177566528,0.7907391786575317,0.8204044103622437
86,0.6054434776306152,0.9765072464942932,0.9914286136627197,0.9444459080696106,0.9706405401229858,0.9937281012535095,0.9929850101470947,0.9961254596710205,0.8876968026161194,0.9514451026916504,0.96270352602005,0.9921572208404541,0.9897676706314087,0.9943716526031494,0.992053210735321,0.9944690465927124,0.9071528911590576,0.9826787710189819,0.9998159408569336,0.9646860957145691,0.9574785232543945,0.9153742790222168,0.9143373370170593,0.5,0.9251235127449036,0.9235227108001709,0.9077273607254028,0.9159719944000244,0.9006650447845459,0.9875369071960449,0.977028489112854,0.9704886674880981,0.8099188804626465,0.9820370674133301,0.9319690465927124,0.9591206312179565,0.9697561860084534,0.9493675231933594,0.9702712893486023,0.9549599885940552,0.9548221826553345,0.9621817469596863,0.9616007804870605,0.9614384174346924,0.8187500238418579,0.8750689029693604,4.668118715286255,0.8090353012084961,0.8187500238418579
87,0.5942816734313965,0.9170883893966675,0.9666974544525146,0.9897525906562805,0.9730275869369507,0.9951187968254089,0.9931796789169312,0.9698339700698853,0.9170739650726318,0.9939170479774475,0.9522758722305298,0.9678966999053955,0.9614328145980835,0.9918819069862366,0.9697501063346863,0.969741702079773,0.9984328746795654,0.9850953817367554,0.9542691707611084,0.9558217525482178,0.9548357129096985,0.9167459011077881,0.9104562997817993,0.5,0.9156488180160522,0.9194573163986206,0.9122456312179565,0.9169368743896484,0.905940592288971,0.9881940484046936,0.9799926280975342,0.9906895160675049,0.8553897738456726,0.978603184223175,0.9958502054214478,0.9590654373168945,0.9613741636276245,0.9580152630805969,0.9680771827697754,0.9541147947311401,0.9552959203720093,0.9603012204170227,0.9712589979171753,0.959929347038269,0.8277573585510254,0.8736902475357056,4.737539529800415,0.8109869956970215,0.8277573585510254
88,0.6022602319717407,0.9945582151412964,0.9667896628379822,0.9916974306106567,0.9690036773681641,0.9949290156364441,0.9935400485992432,0.9754774570465088,0.9655826091766357,0.9236875772476196,0.9729996919631958,0.9915019273757935,0.9685322046279907,0.9719033241271973,0.9396678805351257,0.9945632219314575,0.8737094402313232,0.982768177986145,0.9994465112686157,0.9587292671203613,0.9586522579193115,0.9170832633972168,0.9156202077865601,0.5,0.9141983985900879,0.9244029521942139,0.9111491441726685,0.914206862449646,0.9067071676254272,0.9877374172210693,0.9792669415473938,0.9923431873321533,0.8807855844497681,0.9808474779129028,0.9705621004104614,0.9612141847610474,0.9680594205856323,0.9546468257904053,0.9661961793899536,0.9569061994552612,0.9617680311203003,0.9611389636993408,0.9720675945281982,0.956763744354248,0.8235294222831726,0.8761948347091675,4.780474901199341,0.7982704043388367,0.8235294222831726
89,0.6015337705612183,0.9948339462280273,0.9902250170707703,0.9551630020141602,0.9939148426055908,0.9951106905937195,0.9634888172149658,0.993905782699585,0.9179889559745789,0.9941871166229248,0.9641342163085938,0.9919711947441101,0.9917926788330078,0.9353150129318237,0.9912232160568237,0.9734611511230469,0.9988930225372314,0.9832500219345093,0.9442603588104248,0.9587001204490662,0.9610353112220764,0.9152284860610962,0.9150227308273315,0.5,0.916190505027771,0.9232510328292847,0.903592586517334,0.9129543304443359,0.9110878705978394,0.9850332736968994,0.9755600690841675,0.9883570671081543,0.9387792348861694,0.9860107898712158,0.8951985239982605,0.9576255083084106,0.9577026963233948,0.9559969902038574,0.9500186443328857,0.9457166194915771,0.9600964784622192,0.9529805183410645,0.9678770899772644,0.9589462280273438,0.8224264979362488,0.8728400468826294,5.049175262451172,0.8030068278312683,0.8224264979362488
90,0.5945242643356323,0.9950212240219116,0.9685322046279907,0.9912313222885132,0.9932557344436646,0.9951133728027344,0.9384503364562988,0.9654903411865234,0.9563122987747192,0.9702951908111572,0.975290834903717,0.990964412689209,0.9905921220779419,0.9916989803314209,0.990031361579895,0.9663203358650208,0.9048672914505005,0.9833333492279053,0.9996317625045776,0.9616103172302246,0.9409141540527344,0.923832893371582,0.9193456172943115,0.5000948905944824,0.9193547964096069,0.9203881025314331,0.9121826887130737,0.9107756614685059,0.9165558815002441,0.9824755191802979,0.9788732528686523,0.9719463586807251,0.9730627536773682,0.9826151132583618,0.9738121628761292,0.9641126394271851,0.9446779489517212,0.9577373266220093,0.9654883742332458,0.9458286762237549,0.9535991549491882,0.9619029760360718,0.9649302363395691,0.9573578834533691,0.8238970637321472,0.8746782541275024,4.7796831130981445,0.8111993670463562,0.8238970637321472

91,0.583688497543335,0.9686113595962524,0.928650438785553,0.9910500049591064,0.9716151356697083,0.9953891634941101,0.9939981698989868,0.9937292337417603,0.9678863286972046,0.9768447279930115,0.924142599105835,0.991883397102356,0.9921730756759644,0.9682554006576538,0.9895737171173096,0.9718919992446899,0.9303416013717651,0.9824643135070801,0.9991707801818848,0.9517455101013184,0.9574447870254517,0.9213483333587646,0.9183421730995178,0.5,0.9217590093612671,0.9255136847496033,0.9154809713363647,0.9134944677352905,0.9168729782104492,0.9870777130126953,0.9793403744697571,0.9898654818534851,0.9392402768135071,0.9815261363983154,0.9925262928009033,0.9613223075866699,0.965202808380127,0.9583178162574768,0.9661974310874939,0.9558960199356079,0.9611876010894775,0.961317241191864,0.9651119709014893,0.9583101868629456,0.8259190917015076,0.8732766509056091,4.777188062667847,0.816593587398529,0.8259190917015076
92,0.5785578489303589,0.9940991997718811,0.9560844898223877,0.9658671617507935,0.9375281929969788,0.9660704135894775,0.9942867755889893,0.9941935539245605,0.9919741749763489,0.9939148426055908,0.9935460090637207,0.9909493923187256,0.9935388565063477,0.9673327207565308,0.9651182889938354,0.9930824637413025,0.914451003074646,0.9787608981132507,0.9992635250091553,0.9607843160629272,0.9588311910629272,0.9193794131278992,0.9235494136810303,0.5,0.9236031770706177,0.925075888633728,0.9220829010009766,0.9194592237472534,0.9108772277832031,0.982758641242981,0.9758154153823853,0.9883699417114258,0.8924310207366943,0.9806022644042969,0.9742751121520996,0.9530626535415649,0.9613598585128784,0.9538848400115967,0.9507125020027161,0.9537932276725769,0.9562790393829346,0.9444665908813477,0.9606108069419861,0.9482593536376953,0.8270220756530762,0.8744485378265381,4.7121405601501465,0.8038780093193054,0.8270220756530762
93,0.57777339220047,0.9645096063613892,0.9688090085983276,0.9553472995758057,0.99345862865448,0.9723535776138306,0.9941014051437378,0.9720766544342041,0.944261372089386,0.9934634566307068,0.9618362784385681,0.989745020866394,0.990311861038208,0.9290192127227783,0.9628161191940308,0.9930760860443115,0.9100129008293152,0.9814060926437378,0.9997239708900452,0.9615097045898438,0.956452488899231,0.9168885946273804,0.9211776256561279,0.5,0.9169842600822449,0.9302701950073242,0.9167773723602295,0.9175090789794922,0.9085191488265991,0.9856035709381104,0.9778516292572021,0.9879896640777588,0.9565792679786682,0.983237624168396,0.9952986836433411,0.9612511396408081,0.9691334962844849,0.9487655162811279,0.9684650897979736,0.9459265470504761,0.9597028493881226,0.9619029760360718,0.967708945274353,0.9316474199295044,0.8233456015586853,0.875160813331604,4.848184108734131,0.7873737215995789,0.8233456015586853
94,0.5682551264762878,0.9944751262664795,0.991892397403717,0.9926321506500244,0.9700184464454651,0.9941860437393188,0.9930671453475952,0.9686347246170044,0.990964412689209,0.9949327707290649,0.9939136505126953,0.9882884621620178,0.9601696729660034,0.9899316430091858,0.9917911887168884,0.9917020201683044,0.9458004236221313,0.9814814925193787,0.9496316909790039,0.9601678848266602,0.9460269808769226,0.9237046837806702,0.9213782548904419,0.5,0.9279764890670776,0.9342731833457947,0.9103890657424927,0.9141442775726318,0.9152494668960571,0.9844182133674622,0.9814883470535278,0.986987829208374,0.9355612993240356,0.9818753600120544,0.9637721180915833,0.9652531147003174,0.964431643486023,0.9584106802940369,0.9588989019393921,0.9514732956886292,0.9609172344207764,0.9591153860092163,0.9679427742958069,0.9600930213928223,0.8213235139846802,0.8769990801811218,4.810284852981567,0.8040111660957336,0.8213235139846802
95,0.5879495143890381,0.9952986836433411,0.99085533618927,0.9922595024108887,0.994276225566864,0.9701106548309326,0.9689935445785522,0.9916989803314209,0.9590708017349243,0.9718278646469116,0.9944577813148499,0.9895871877670288,0.988189697265625,0.9438403844833374,0.9549615979194641,0.9306784868240356,0.942319929599762,0.9803885221481323,0.9995394349098206,0.9599813222885132,0.9512331485748291,0.9169306755065918,0.9226315021514893,0.5,0.9266982078552246,0.9318224787712097,0.9079298377037048,0.9139446020126343,0.9096702337265015,0.9840406179428101,0.9793823957443237,0.9893008470535278,0.8915086984634399,0.981495201587677,0.9649370908737183,0.9616754055023193,0.9478314518928528,0.9435346126556396,0.9637343883514404,0.953075647354126,0.9568707942962646,0.9576822519302368,0.951566219329834,0.9544694423675537,0.8218749761581421,0.8714613914489746,4.701951265335083,0.8076200485229492,0.8218749761581421
96,0.5730025172233582,0.9667158126831055,0.9892066717147827,0.9916897416114807,0.9925276637077332,0.9916836023330688,0.9915269613265991,0.9938260316848755,0.9607300758361816,0.9691882133483887,0.9629356861114502,0.9712280631065369,0.9653679132461548,0.9880908727645874,0.971320390701294,0.9937326908111572,0.9654314517974854,0.9794800281524658,0.9161145687103271,0.9644920825958252,0.95503830909729,0.9118130207061768,0.9169207215309143,0.5,0.9224400520324707,0.940417468547821,0.9062677621841431,0.9214798212051392,0.9204221367835999,0.9821033477783203,0.9807443022727966,0.9891003370285034,0.96270352602005,0.9794876575469971,0.9945511817932129,0.9631116986274719,0.9625394940376282,0.954899787902832,0.9645713567733765,0.9452875852584839,0.9566549062728882,0.9600520133972168,0.951941728591919,0.9451586008071899,0.8244485259056091,0.8743336200714111,4.733614683151245,0.810995876789093,0.8244485259056091
97,0.5731319785118103,0.973119854927063,0.9893008470535278,0.9641071557998657,0.9929928183555603,0.9928057193756104,0.9617440700531006,0.9928901195526123,0.9610916376113892,0.9927161931991577,0.9937269687652588,0.989202618598938,0.9885693192481995,0.9877912998199463,0.970766544342041,0.9942804574966431,0.9694557189941406,0.9815467596054077,0.9988033771514893,0.9596923589706421,0.960798978805542,0.9147382378578186,0.9139897227287292,0.5,0.9264229536056519,0.930433988571167,0.91009521484375,0.9212126731872559,0.9101532697677612,0.9853456020355225,0.9809435606002808,0.9559754133224487,0.9974179267883301,0.9831512570381165,0.9938135147094727,0.9586769342422485,0.963616132736206,0.9547313451766968,0.9665120840072632,0.9548237323760986,0.949439525604248,0.9585351943969727,0.9650037288665771,0.9549340009689331,0.8220587968826294,0.8752987384796143,4.825707912445068,0.7947970032691956,0.8220587968826294
98,0.5765111446380615,0.9696494340896606,0.989760160446167,0.9685978889465332,0.9580196142196655,0.9922580718994141,0.968624472618103,0.9916051626205444,0.9537807703018188,0.9930926561355591,0.9610761404037476,0.9905034303665161,0.989569902420044,0.9597569108009338,0.9861546754837036,0.9946514368057251,0.9472273588180542,0.9780677556991577,0.9997236728668213,0.9614880084991455,0.9591646194458008,0.919553279876709,0.9238266348838806,0.5,0.9266098737716675,0.9200060367584229,0.9115362763404846,0.922681450843811,0.9102857112884521,0.9838560819625854,0.9647818803787231,0.9890221357345581,0.9089065194129944,0.9801851511001587,0.9914190769195557,0.9587763547897339,0.9653318524360657,0.9564489126205444,0.9704841375350952,0.955203115940094,0.9592235088348389,0.9581322073936462,0.9606292247772217,0.9564813375473022,0.8220587968826294,0.8732995986938477,4.8386595249176025,0.8165180087089539,0.8220587968826294
99,0.5753425359725952,0.9945622086524963,0.9882776737213135,0.9905939102172852,0.9668736457824707,0.9918804168701172,0.9936370253562927,0.9717820882797241,0.9910598993301392,0.9751814603805542,0.9640918970108032,0.90226811170578,0.9895756244659424,0.9867134094238281,0.9279129505157471,0.9930760860443115,0.9677300453186035,0.9819176197052002,0.9990795254707336,0.9510438442230225,0.9611287713050842,0.9254369735717773,0.9273568987846375,0.5,0.9258518815040588,0.9220209717750549,0.9163812398910522,0.9249523878097534,0.9053435325622559,0.9539922475814819,0.9805339574813843,0.9896583557128906,0.9979737997055054,0.9783213138580322,0.9934538006782532,0.9581717848777771,0.957443118095398,0.9534040093421936,0.958167314529419,0.9576837420463562,0.9571428298950195,0.9594720602035522,0.9671735763549805,0.9533048868179321,0.8183823823928833,0.8745404481887817,4.810267686843872,0.8047916293144226,0.8183823823928833
100,0.5667033791542053,0.9726585149765015,0.9877374172210693,0.9929097890853882,0.9639564752578735,0.9934538006782532,0.9945602416992188,0.9588325619697571,0.9927229285240173,0.9938225746154785,0.9921543598175049,0.9901182055473328,0.9870705604553223,0.943286657333374,0.9928044080734253,0.9936347007751465,0.9583138227462769,0.9777572154998779,0.9994477033615112,0.9522693157196045,0.9552420377731323,0.9222285747528076,0.9188392162322998,0.5,0.9191765785217285,0.9253518581390381,0.9141203165054321,0.9219642281532288,0.9063692092895508,0.9844932556152344,0.9775499105453491,0.9881062507629395,0.9103741645812988,0.9801815152168274,0.9927161931991577,0.9635378122329712,0.9646304845809937,0.9527039527893066,0.9651076793670654,0.9583410620689392,0.9576743841171265,0.9488098621368408,0.9648030996322632,0.9533283710479736,0.8238970637321472,0.8734145164489746,4.887009382247925,0.8155971765518188,0.8238970637321472

101,0.5712071061134338,0.992529034614563,0.9694097638130188,0.9906809329986572,0.993639349937439,0.9639226794242859,0.9916912913322449,0.9915128946304321,0.9920663833618164,0.9723368287086487,0.9901273250579834,0.9896659851074219,0.9857010841369629,0.9880095720291138,0.9689196348190308,0.990581750869751,0.9673612117767334,0.9779629707336426,0.9997237920761108,0.9536120891571045,0.956199586391449,0.9265627861022949,0.9141796231269836,0.5,0.928138017654419,0.9293233156204224,0.9167779684066772,0.9213973879814148,0.908252477645874,0.979601263999939,0.9791589379310608,0.9900387525558472,0.9030236005783081,0.977007269859314,0.8794560432434082,0.962558388710022,0.9649758338928223,0.9560052156448364,0.9687325954437256,0.9588671922683716,0.948272705078125,0.9540901184082031,0.9637343883514404,0.9570791721343994,0.8161764740943909,0.8769301176071167,4.758819818496704,0.793599545955658,0.8161764740943909
102,0.5538812279701233,0.967043399810791,0.988103985786438,0.9651064872741699,0.8870517611503601,0.9926199316978455,0.9923403263092041,0.9921745657920837,0.9736300110816956,0.9900258779525757,0.9904876351356506,0.9894931316375732,0.9529513716697693,0.9888582229614258,0.9894969463348389,0.9445786476135254,0.997880220413208,0.9766666889190674,0.999172031879425,0.9585975408554077,0.9496254920959473,0.9224079847335815,0.9208980798721313,0.5,0.926604688167572,0.9339962005615234,0.9075726270675659,0.9211176633834839,0.9065993428230286,0.9769372940063477,0.974907398223877,0.9879240393638611,0.9525527954101562,0.9743280410766602,0.9940927028656006,0.9559602737426758,0.966084361076355,0.9514807462692261,0.955704927444458,0.9520446062088013,0.9545285701751709,0.9533953666687012,0.9596729278564453,0.9515320062637329,0.833088219165802,0.8741728067398071,4.744148015975952,0.8189930319786072,0.833088219165802
103,0.5728921890258789,0.9909477233886719,0.9671652317047119,0.991234540939331,0.99363112449646,0.99317467212677,0.9913284182548523,0.9944690465927124,0.9647601842880249,0.9897620677947998,0.9302968978881836,0.9623550176620483,0.9868834018707275,0.9901236891746521,0.9895890951156616,0.9721503257751465,0.9096282720565796,0.9789970517158508,0.9994474053382874,0.9590823650360107,0.9495232701301575,0.9196377396583557,0.9189085960388184,0.5,0.9206621050834656,0.9368141889572144,0.9086940288543701,0.9243314862251282,0.9064160585403442,0.978581964969635,0.9765509366989136,0.9875460863113403,0.9401102662086487,0.9775373935699463,0.97365802526474,0.9581387042999268,0.9635416269302368,0.9530176520347595,0.9679451584815979,0.9512104392051697,0.9613522291183472,0.9440813064575195,0.9663568735122681,0.9460340738296509,0.820588231086731,0.8757812976837158,4.759394407272339,0.7975159287452698,0.820588231086731
104,0.5395131707191467,0.9895602464675903,0.986737847328186,0.9495660066604614,0.994378924369812,0.992434024810791,0.9917987585067749,0.968624472618103,0.9902268052101135,0.9581489562988281,0.9903172254562378,0.9892969131469727,0.9851503372192383,0.9887391328811646,0.9894872903823853,0.9880974292755127,0.9706405401229858,0.9794368147850037,0.9995399713516235,0.9617180228233337,0.9606835842132568,0.9183964729309082,0.920452356338501,0.5002837777137756,0.9227549433708191,0.9269813299179077,0.9124594926834106,0.925014317035675,0.9179894328117371,0.9776201844215393,0.9813612699508667,0.9890322685241699,0.9964964389801025,0.9798446893692017,0.9935472011566162,0.964645504951477,0.948864758014679,0.9447336196899414,0.9514444470405579,0.9504085779190063,0.9545116424560547,0.9551198482513428,0.9642258286476135,0.9511606693267822,0.8325367569923401,0.8784007430076599,4.824298620223999,0.8081698417663574,0.8325367569923401
105,0.5670998692512512,0.9887412190437317,0.9909610748291016,0.9880930185317993,0.9946484565734863,0.9912183284759521,0.9921586513519287,0.9937304258346558,0.989304780960083,0.9902160167694092,0.9907867908477783,0.9898486137390137,0.9864441156387329,0.9881983995437622,0.9907851219177246,0.9892949461936951,0.9958425760269165,0.9808262586593628,0.9994478225708008,0.9530410766601562,0.9557398557662964,0.9204696416854858,0.9215425252914429,0.5000948309898376,0.9215553998947144,0.9305052757263184,0.9039543867111206,0.9204632043838501,0.916206955909729,0.9832258224487305,0.9787391424179077,0.9533387422561646,0.9610605239868164,0.9812650680541992,0.9915176033973694,0.9580373764038086,0.9591363668441772,0.9527968764305115,0.9661898612976074,0.9536916613578796,0.952930212020874,0.9542070031166077,0.9632899761199951,0.9537846446037292,0.8137867450714111,0.8758502006530762,4.808105945587158,0.7967914938926697,0.8137867450714111
106,0.5620698928833008,0.9905990362167358,0.9896678924560547,0.9870046377182007,0.9925180077552795,0.988825261592865,0.9678596258163452,0.9928030967712402,0.9705817699432373,0.9609072208404541,0.9928097724914551,0.9894853234291077,0.9881083965301514,0.989304780960083,0.9917730093002319,0.9568049311637878,0.9951089024543762,0.9809188842773438,0.9994474053382874,0.9558686017990112,0.9583489298820496,0.9302040338516235,0.9178537130355835,0.5,0.924345850944519,0.929979145526886,0.9127148985862732,0.9139354825019836,0.9141412973403931,0.9838590621948242,0.9778539538383484,0.9673058986663818,0.9493775367736816,0.9779506921768188,0.9924381971359253,0.9517635107040405,0.9643850922584534,0.954993486404419,0.9657191038131714,0.9493211507797241,0.944229245185852,0.9522126913070679,0.9664809703826904,0.9518642425537109,0.820588231086731,0.8745633959770203,5.11142897605896,0.8007730841636658,0.820588231086731
107,0.5562474131584167,0.9918968677520752,0.9641956090927124,0.9872717261314392,0.9911373853683472,0.989304780960083,0.9918909072875977,0.9920547008514404,0.9888190627098083,0.9901236891746521,0.9908604025840759,0.989569902420044,0.9656448364257812,0.9885672330856323,0.9913315773010254,0.9917911887168884,0.9446494579315186,0.9801851511001587,0.9439841508865356,0.9582167863845825,0.9640529155731201,0.9299610257148743,0.9194439053535461,0.5,0.9230756759643555,0.9278242588043213,0.9108195304870605,0.9150314331054688,0.9131468534469604,0.981102466583252,0.9800000190734863,0.989383339881897,0.9402946829795837,0.9801110029220581,0.9930812120437622,0.9614453315734863,0.9664435386657715,0.9523765444755554,0.9640997052192688,0.9490516781806946,0.9526246786117554,0.9513914585113525,0.9563032984733582,0.9510717391967773,0.825551450252533,0.8754135966300964,4.812526226043701,0.7956644892692566,0.825551450252533
108,0.5731438398361206,0.9901273250579834,0.965552568435669,0.9901309609413147,0.9905903935432434,0.9890099763870239,0.9928070902824402,0.9916051626205444,0.9861546754837036,0.9627083539962769,0.9902178049087524,0.9882646799087524,0.9874422550201416,0.964483380317688,0.9691042900085449,0.9910664558410645,0.9932594299316406,0.9795711040496826,0.9990792274475098,0.9557621479034424,0.9583566784858704,0.9228295683860779,0.9121788740158081,0.5,0.9214081764221191,0.9225869178771973,0.9118375778198242,0.9166825413703918,0.9100192785263062,0.9823735952377319,0.9781724214553833,0.9863114953041077,0.9552584886550903,0.9831074476242065,0.9920649528503418,0.9645529389381409,0.9626601934432983,0.9556092023849487,0.9614955186843872,0.951921284198761,0.955153226852417,0.9565662145614624,0.9632147550582886,0.9501485228538513,0.8235294222831726,0.8731387853622437,4.750117063522339,0.8138324618339539,0.8235294222831726
109,0.5651782155036926,0.9697691202163696,0.9881940484046936,0.9889522790908813,0.9924465417861938,0.9895737171173096,0.9724284410476685,0.9914286136627197,0.9875507354736328,0.9641144275665283,0.9906809329986572,0.9878183603286743,0.9868858456611633,0.9907748699188232,0.9645646810531616,0.9932619333267212,0.9598463773727417,0.9816937446594238,0.9991700649261475,0.9561436176300049,0.9623063802719116,0.9298062324523926,0.919265866279602,0.5,0.9270614981651306,0.9331626892089844,0.9125261902809143,0.910627543926239,0.90707927942276,0.980623722076416,0.9706318378448486,0.9840346574783325,0.9734441041946411,0.9816870093345642,0.9254070520401001,0.961164116859436,0.964345395565033,0.9518800973892212,0.9608865976333618,0.9497398734092712,0.9519963264465332,0.9424638748168945,0.9608736038208008,0.9518139362335205,0.815625011920929,0.8744715452194214,4.672224998474121,0.8004396557807922,0.815625011920929
110,0.5589525699615479,0.9923586845397949,0.9890180826187134,0.9689935445785522,0.9601228833198547,0.9902286529541016,0.9702117443084717,0.9912329316139221,0.9619861245155334,0.9888335466384888,0.9910483360290527,0.9886593818664551,0.9879173636436462,0.9913315773010254,0.9524906277656555,0.9916989803314209,0.9938271641731262,0.9822189211845398,0.998619794845581,0.9610280394554138,0.9600969552993774,0.9211827516555786,0.9186844825744629,0.5,0.9227021932601929,0.9337383508682251,0.908814013004303,0.916420042514801,0.9125189781188965,0.9772350192070007,0.9764901995658875,0.986810564994812,0.9946454763412476,0.9807157516479492,0.9659514427185059,0.9584269523620605,0.9641663432121277,0.9448109865188599,0.960651159286499,0.9496282339096069,0.9563883543014526,0.9531017541885376,0.955811619758606,0.9517087936401367,0.8185662031173706,0.8748161792755127,4.822237253189087,0.7840119004249573,0.8185662031173706

111,0.5448229312896729,0.9680811762809753,0.9877419471740723,0.9660288095474243,0.9928004741668701,0.9654059410095215,0.9605457186698914,0.9918804168701172,0.9897525906562805,0.9910598993301392,0.9915238618850708,0.9885609149932861,0.9856799840927124,0.9895775318145752,0.9907732009887695,0.9909660816192627,0.9956681728363037,0.9809938669204712,0.9992637634277344,0.9523457288742065,0.9488328695297241,0.9224942922592163,0.9172354936599731,0.5,0.9288955926895142,0.9307852983474731,0.90816330909729,0.918326735496521,0.910541296005249,0.9561682939529419,0.9747914671897888,0.9862520694732666,0.993635892868042,0.9756821990013123,0.9944639205932617,0.9540940523147583,0.9638084769248962,0.9527654051780701,0.9639136791229248,0.9461628198623657,0.9576066732406616,0.9556586146354675,0.9644519090652466,0.9536417722702026,0.825551450252533,0.8765395283699036,4.729870080947876,0.8167513012886047,0.825551450252533
112,0.5593749284744263,0.9921644926071167,0.9587020874023438,0.9895621538162231,0.990134596824646,0.9902160167694092,0.9900588989257812,0.9903279542922974,0.9881809949874878,0.9901328086853027,0.9909660816192627,0.9883806705474854,0.9649767875671387,0.9896793365478516,0.9896583557128906,0.9904911518096924,0.9941946268081665,0.9793014526367188,0.898620069026947,0.9620548486709595,0.9503582715988159,0.9220741987228394,0.9188392162322998,0.5000954270362854,0.923172116279602,0.9342557787895203,0.9049876928329468,0.9173025488853455,0.9091947078704834,0.9793243408203125,0.9758109450340271,0.9859856367111206,0.991789698600769,0.977180004119873,0.9937245845794678,0.951702356338501,0.9553066492080688,0.9510606527328491,0.9635348916053772,0.9515590071678162,0.950588583946228,0.9597658514976501,0.9647965431213379,0.9497123956680298,0.820036768913269,0.8754135966300964,4.866638898849487,0.7829005718231201,0.820036768913269
113,0.545163631439209,0.9918849468231201,0.9885545372962952,0.931995153427124,0.9915881156921387,0.9614328145980835,0.9909610748291016,0.9911439418792725,0.9864566326141357,0.991783618927002,0.9917004704475403,0.9873685836791992,0.9830383062362671,0.9890201091766357,0.9551702737808228,0.9900460839271545,0.9953857660293579,0.9800852537155151,0.9989886283874512,0.9659197330474854,0.9621778130531311,0.9197871088981628,0.9165403842926025,0.5,0.9273530840873718,0.9245800971984863,0.9135861396789551,0.9162378311157227,0.9094278812408447,0.9762915372848511,0.9722222089767456,0.9880051612854004,0.9931721687316895,0.9763007164001465,0.9929928183555603,0.9613161683082581,0.9604282975196838,0.9476420283317566,0.9661661386489868,0.9482020139694214,0.9497284889221191,0.9450861811637878,0.9665676355361938,0.9493494033813477,0.8216911554336548,0.8744025230407715,4.648777723312378,0.8103929758071899,0.8216911554336548
114,0.554474949836731,0.9904999136924744,0.9873616099357605,0.9625071287155151,0.9886573553085327,0.9904946088790894,0.9918804168701172,0.9919741749763489,0.9495612978935242,0.9886573553085327,0.9913395643234253,0.9889155626296997,0.9857749938964844,0.9621549844741821,0.9881983995437622,0.9607300758361816,0.9951170086860657,0.977483332157135,0.9988930225372314,0.9583851099014282,0.9623045325279236,0.923882007598877,0.9173718690872192,0.5,0.9256795644760132,0.9339070916175842,0.909030556678772,0.9200683832168579,0.9104620218276978,0.9755399227142334,0.9744803309440613,0.9870872497558594,0.9457783699035645,0.9774199724197388,0.9612832069396973,0.9571624994277954,0.9596099853515625,0.9541999101638794,0.9576822519302368,0.9486536979675293,0.9514869451522827,0.9598032236099243,0.9623906016349792,0.9494884014129639,0.8136029243469238,0.872886061668396,4.76640510559082,0.8014966249465942,0.8136029243469238
115,0.5459900498390198,0.9909443855285645,0.9867182970046997,0.961531400680542,0.9873476028442383,0.9899297952651978,0.9894658923149109,0.9891966581344604,0.9703173041343689,0.9863468408584595,0.9914270043373108,0.985418975353241,0.9803396463394165,0.9888643622398376,0.9876338243484497,0.9911520481109619,0.9954855442047119,0.978534460067749,0.9989873170852661,0.9624953269958496,0.9632503986358643,0.9285985827445984,0.9259715676307678,0.5,0.92524254322052,0.939687967300415,0.9144291877746582,0.9234070777893066,0.9109146595001221,0.9730677008628845,0.9736353158950806,0.9880118370056152,0.9698613882064819,0.979510486125946,0.9929006099700928,0.9591265320777893,0.9611948728561401,0.9550102353096008,0.9654275178909302,0.9492942094802856,0.9502695798873901,0.9426402449607849,0.9620535373687744,0.9479166269302368,0.825551450252533,0.8698759078979492,4.84106707572937,0.8144298791885376,0.825551450252533
116,0.541597843170166,0.9903279542922974,0.988189697265625,0.9870944023132324,0.9857985973358154,0.9594320058822632,0.9875369071960449,0.9879262447357178,0.9856852293014526,0.988020658493042,0.9904059171676636,0.9864366054534912,0.984599769115448,0.9916129112243652,0.9623502492904663,0.9653831720352173,0.9946494102478027,0.9785105586051941,0.9431555271148682,0.9606615304946899,0.9579831957817078,0.9245337247848511,0.9249788522720337,0.5,0.930294394493103,0.923348069190979,0.9228945374488831,0.9188902378082275,0.912324070930481,0.9729804396629333,0.9745417833328247,0.9884020686149597,0.9642763733863831,0.9784139394760132,0.9921600818634033,0.966204822063446,0.9623745679855347,0.9433374404907227,0.9603848457336426,0.949089527130127,0.9523191452026367,0.9555679559707642,0.9671138525009155,0.9547225832939148,0.8218749761581421,0.8760110139846802,4.756791114807129,0.7999945282936096,0.8218749761581421
117,0.5436713695526123,0.9895718097686768,0.9575597047805786,0.9862672686576843,0.9859545230865479,0.9880974292755127,0.9552912712097168,0.9898542761802673,0.9852480292320251,0.9888293743133545,0.9723498225212097,0.9862470030784607,0.9850608706474304,0.9904981851577759,0.9846863746643066,0.9906878471374512,0.9935472011566162,0.9756391048431396,0.9989873170852661,0.955295205116272,0.9577188491821289,0.9214272499084473,0.9270260334014893,0.5,0.9278212785720825,0.927350640296936,0.9159696102142334,0.9215540885925293,0.9136294722557068,0.9746999144554138,0.9730605483055115,0.9904999136924744,0.9911520481109619,0.9763625860214233,0.9928070902824402,0.9584112167358398,0.9617810845375061,0.9541821479797363,0.9648240804672241,0.9508455991744995,0.9466332793235779,0.9451042413711548,0.9586040377616882,0.9430803656578064,0.828125,0.8759651184082031,4.824071168899536,0.804282009601593,0.828125
118,0.5467758774757385,0.988095223903656,0.9654308557510376,0.9869949817657471,0.9653385877609253,0.9891223907470703,0.9556989669799805,0.9900479316711426,0.9865139722824097,0.9880183935165405,0.9870920181274414,0.9860546588897705,0.9836504459381104,0.9680883884429932,0.9856035709381104,0.9651986956596375,0.967689037322998,0.9791666269302368,0.9988937973976135,0.9527949094772339,0.9590713977813721,0.9231281280517578,0.9141950011253357,0.5,0.9207421541213989,0.9300094842910767,0.9177250862121582,0.9216113686561584,0.9113964438438416,0.9734121561050415,0.9757542014122009,0.9878251552581787,0.9373437166213989,0.9765653610229492,0.9703229069709778,0.9525636434555054,0.9620606303215027,0.9504913687705994,0.9630386233329773,0.9445476531982422,0.9507554769515991,0.9495446681976318,0.9582323431968689,0.9375889301300049,0.8202205896377563,0.876171886920929,4.867171287536621,0.8091604113578796,0.8202205896377563
119,0.5204043388366699,0.9892046451568604,0.9880118370056152,0.9894028902053833,0.9867280721664429,0.9894658923149109,0.9899576306343079,0.991978645324707,0.9870991706848145,0.9902178049087524,0.9907732009887695,0.9869974255561829,0.9851475954055786,0.98846435546875,0.9864341020584106,0.9897582530975342,0.9958517551422119,0.9800519943237305,0.9983413219451904,0.9535627365112305,0.9621707201004028,0.9248098731040955,0.9162557125091553,0.5000951290130615,0.9287075996398926,0.9342629909515381,0.9127286672592163,0.9191890358924866,0.9193181991577148,0.9699519276618958,0.9749398827552795,0.9867158532142639,0.9921630024909973,0.9767054915428162,0.9915974140167236,0.9612294435501099,0.9609156847000122,0.9546215534210205,0.964431643486023,0.950641393661499,0.943020761013031,0.9551781415939331,0.9626255035400391,0.9503993988037109,0.8327205777168274,0.8737362027168274,4.671775579452515,0.8292383551597595,0.8327205777168274
120,0.5538769364356995,0.986990213394165,0.9849464297294617,0.9679039716720581,0.982736349105835,0.9861495494842529,0.9895737171173096,0.9889298677444458,0.9844067096710205,0.9864315986633301,0.9868882894515991,0.9851475954055786,0.9830164313316345,0.955190896987915,0.9839542508125305,0.988460123538971,0.9548890590667725,0.9791589379310608,0.9971433877944946,0.9519176483154297,0.9568352103233337,0.9223449230194092,0.9167143106460571,0.5,0.9215049743652344,0.9218440055847168,0.916128396987915,0.9181957244873047,0.9219133853912354,0.9653008580207825,0.9765870571136475,0.9849824905395508,0.9904094338417053,0.9798073768615723,0.9587020874023438,0.9611369967460632,0.9614883661270142,0.9532788395881653,0.9576517939567566,0.9486250877380371,0.9526726007461548,0.958279013633728,0.9618604779243469,0.9511494636535645,0.8198529481887817,0.8729779720306396,4.663515567779541,0.8051738739013672,0.8198529481887817

121,0.5374884009361267,0.9891103506088257,0.9871723651885986,0.9889380931854248,0.9873732328414917,0.9905016422271729,0.9630773067474365,0.9639226794242859,0.989126443862915,0.9892305135726929,0.988020658493042,0.9889278411865234,0.965503454208374,0.9897658228874207,0.9879084229469299,0.990699827671051,0.964226484298706,0.975930392742157,0.9970529079437256,0.9562159776687622,0.9560829401016235,0.9212028980255127,0.9223171472549438,0.5,0.9278252720832825,0.93824702501297,0.9197156429290771,0.9188163876533508,0.9173482656478882,0.9687384366989136,0.9638139009475708,0.9864391088485718,0.9725215435028076,0.9796748161315918,0.9924381971359253,0.9606281518936157,0.9491448998451233,0.9534277319908142,0.9642258286476135,0.9368456602096558,0.9521949291229248,0.9509384632110596,0.9593715071678162,0.9527215361595154,0.8272058963775635,0.8747702240943909,4.796571493148804,0.8095589876174927,0.8272058963775635
122,0.5403131246566772,0.9881875514984131,0.9836413860321045,0.988121509552002,0.9895756244659424,0.9884750247001648,0.9902160167694092,0.9675538539886475,0.9684572815895081,0.9565284252166748,0.9886489510536194,0.9875599145889282,0.9835611581802368,0.9897770881652832,0.9417533874511719,0.9894678592681885,0.9090126752853394,0.9757407307624817,0.998987078666687,0.9508342146873474,0.9569239616394043,0.9178537130355835,0.9252851605415344,0.5,0.9267691373825073,0.9321953058242798,0.9127587080001831,0.9236561059951782,0.9131159782409668,0.9716789722442627,0.9783132672309875,0.9888540506362915,0.989760160446167,0.9808226823806763,0.9672278165817261,0.9611423015594482,0.9567522406578064,0.9490156173706055,0.9630454778671265,0.9499070644378662,0.9509202241897583,0.9535641074180603,0.9547242522239685,0.952248215675354,0.8170955777168274,0.8723345994949341,4.843407392501831,0.8087548613548279,0.8170955777168274
123,0.5387306213378906,0.9882906079292297,0.9842280149459839,0.9673058986663818,0.9894969463348389,0.9878273606300354,0.9891103506088257,0.9899557828903198,0.9868227243423462,0.9903332591056824,0.9685499668121338,0.9880974292755127,0.983505368232727,0.9652105569839478,0.9856194257736206,0.9897620677947998,0.9921441674232483,0.9775843024253845,0.9977908730506897,0.9530025720596313,0.9499176144599915,0.9266185760498047,0.9260737299919128,0.5000953674316406,0.9304842948913574,0.9290335178375244,0.914047360420227,0.9216524362564087,0.9063513278961182,0.9678162932395935,0.974759578704834,0.9875323176383972,0.9669805765151978,0.9764063358306885,0.9910533428192139,0.9605754613876343,0.9600000381469727,0.9448063969612122,0.9627462029457092,0.9493506550788879,0.9421160817146301,0.9532380700111389,0.9659112095832825,0.9518263339996338,0.8187500238418579,0.8756893873214722,4.900278568267822,0.8030626177787781,0.8187500238418579
124,0.5375525951385498,0.9715033769607544,0.9860752820968628,0.9874677658081055,0.9880886077880859,0.9898393154144287,0.9890241622924805,0.9892870187759399,0.9870896339416504,0.9904094338417053,0.9861725568771362,0.9877283573150635,0.9844961166381836,0.9874469041824341,0.9888458847999573,0.9889094233512878,0.9930850267410278,0.974981427192688,0.9973251819610596,0.9562535285949707,0.9470707178115845,0.9220445156097412,0.9205127954483032,0.5,0.9339586496353149,0.9298861622810364,0.9179516434669495,0.9222748875617981,0.9071441888809204,0.9722273349761963,0.9777612686157227,0.9883849620819092,0.9895737171173096,0.9759348630905151,0.9449672698974609,0.9577822089195251,0.9608736038208008,0.9428443908691406,0.9653280973434448,0.951120138168335,0.9420408010482788,0.9576066732406616,0.9644778370857239,0.9471627473831177,0.8185662031173706,0.8733456134796143,4.7984209060668945,0.807071328163147,0.8185662031173706
125,0.5297231078147888,0.9845770597457886,0.9850636124610901,0.9503904581069946,0.9902195930480957,0.9876269698143005,0.987456202507019,0.9877396821975708,0.9570348262786865,0.9902178049087524,0.9860572814941406,0.9873709678649902,0.9836776256561279,0.9862444400787354,0.985788106918335,0.9871747493743896,0.9411438703536987,0.9744491577148438,0.9969624280929565,0.9573672413825989,0.9607036113739014,0.9258027672767639,0.9191526174545288,0.5,0.9338624477386475,0.9305000901222229,0.9172053337097168,0.9265321493148804,0.9098173379898071,0.9709087610244751,0.9733728170394897,0.9888335466384888,0.9879128932952881,0.9747081995010376,0.9919726848602295,0.9624461531639099,0.9605287313461304,0.9481956958770752,0.966617226600647,0.9526726007461548,0.9552377462387085,0.9457359313964844,0.964265763759613,0.9489436745643616,0.8272058963775635,0.8735983371734619,4.720795392990112,0.8088089227676392,0.8272058963775635
126,0.5243784785270691,0.9854270219802856,0.9849714040756226,0.9875277280807495,0.9845627546310425,0.9851311445236206,0.9878273606300354,0.987356960773468,0.9842338562011719,0.9676380753517151,0.9641186594963074,0.9874700307846069,0.9837638139724731,0.9841357469558716,0.9841959476470947,0.9854323863983154,0.9886552095413208,0.9752960801124573,0.9960405230522156,0.9527052640914917,0.9535166621208191,0.9283678531646729,0.9207733273506165,0.5000951290130615,0.9330365657806396,0.9337407350540161,0.9207769632339478,0.9247552156448364,0.9150872230529785,0.9670846462249756,0.971537172794342,0.9868056774139404,0.9875438213348389,0.9813681840896606,0.9903297424316406,0.9555970430374146,0.9573678970336914,0.9487179517745972,0.9558300971984863,0.9511899948120117,0.9425932168960571,0.9452912211418152,0.963398814201355,0.9413868188858032,0.8345588445663452,0.8763097524642944,4.8997111320495605,0.8087003827095032,0.8345588445663452
127,0.5501421093940735,0.9843173027038574,0.9849686622619629,0.9631233215332031,0.9829146862030029,0.9858725666999817,0.9864366054534912,0.9472576379776001,0.9637342691421509,0.9859648942947388,0.9835611581802368,0.9886552095413208,0.9652538895606995,0.9859064221382141,0.9842999577522278,0.9863418340682983,0.9888396859169006,0.9780352115631104,0.9968698024749756,0.9500147104263306,0.9526281356811523,0.9259821176528931,0.9243346452713013,0.5,0.9362454414367676,0.9287209510803223,0.9121788740158081,0.9267667531967163,0.9095643758773804,0.971771240234375,0.975069522857666,0.985323965549469,0.9874446392059326,0.9781602621078491,0.9926171898841858,0.965752124786377,0.962081789970398,0.9481439590454102,0.9644915461540222,0.9492295980453491,0.9537534713745117,0.9556609392166138,0.9556361436843872,0.9457898736000061,0.8202205896377563,0.8723575472831726,4.714825868606567,0.7921715974807739,0.8202205896377563
128,0.5299144983291626,0.9871842265129089,0.9855822324752808,0.9860726594924927,0.9852588772773743,0.9851256608963013,0.9878228902816772,0.9876429438591003,0.9853321313858032,0.986067533493042,0.9846054315567017,0.9883785247802734,0.982758641242981,0.9879173636436462,0.9832196235656738,0.9879896640777588,0.9889318943023682,0.9764194488525391,0.9978833198547363,0.9592447280883789,0.9536967277526855,0.9300380349159241,0.9179292917251587,0.5,0.9272968769073486,0.9273748397827148,0.9136717915534973,0.9172792434692383,0.9212883710861206,0.9706045389175415,0.9761022329330444,0.9845132827758789,0.9890099763870239,0.98033607006073,0.9631200432777405,0.9636908173561096,0.9640268087387085,0.9433927536010742,0.966084361076355,0.9419138431549072,0.9531278610229492,0.9448264837265015,0.9652609825134277,0.9479940533638,0.8233456015586853,0.874724268913269,4.816282033920288,0.7997744083404541,0.8233456015586853
129,0.5402365922927856,0.9870848655700684,0.9855139255523682,0.9866161942481995,0.987267017364502,0.9843028783798218,0.9884686470031738,0.9879307150840759,0.9866359233856201,0.9854377508163452,0.9851338863372803,0.9882971048355103,0.9850525856018066,0.9866211414337158,0.9834901094436646,0.9859752655029297,0.9889380931854248,0.9768844842910767,0.9959491491317749,0.9453843832015991,0.958838939666748,0.9254570007324219,0.9191274642944336,0.5,0.9291555881500244,0.9330357313156128,0.9106192588806152,0.9196122884750366,0.9134030342102051,0.9711911678314209,0.9745512008666992,0.9866384267807007,0.970291793346405,0.9799926280975342,0.9916067123413086,0.9581626653671265,0.9618455171585083,0.9519034624099731,0.9664809703826904,0.9510949850082397,0.9583488702774048,0.9534236192703247,0.9650622606277466,0.9387884736061096,0.8213235139846802,0.8741957545280457,4.692286252975464,0.8023641705513,0.8213235139846802
130,0.544049859046936,0.9877396821975708,0.984311580657959,0.9851503372192383,0.9859675168991089,0.9862444400787354,0.9877419471740723,0.988000750541687,0.9611403942108154,0.9865164756774902,0.9855005741119385,0.9892969131469727,0.9851585626602173,0.9861572980880737,0.9870070219039917,0.9860624074935913,0.9897639155387878,0.9787116050720215,0.9966844320297241,0.9615024328231812,0.9549363851547241,0.9184410572052002,0.9180377721786499,0.5,0.9298763275146484,0.9349151849746704,0.9119092226028442,0.9201326370239258,0.918359637260437,0.9703601002693176,0.9748795032501221,0.9871723651885986,0.9826536178588867,0.9819811582565308,0.9913284182548523,0.9570759534835815,0.9604456424713135,0.9402902126312256,0.9662023782730103,0.9410160779953003,0.9540133476257324,0.950539231300354,0.9623326063156128,0.9471627473831177,0.8211396932601929,0.87109375,4.801762104034424,0.8137758374214172,0.8211396932601929

131,0.5325496792793274,0.9884473085403442,0.9831948280334473,0.9853456020355225,0.9852371215820312,0.9842250943183899,0.9689903259277344,0.9867134094238281,0.92275071144104,0.9580966830253601,0.9830414652824402,0.9879307150840759,0.9856247901916504,0.9865214228630066,0.9870657920837402,0.9836625456809998,0.9881018400192261,0.9748427867889404,0.9965935945510864,0.959472119808197,0.9513749480247498,0.9177541732788086,0.9230988621711731,0.5000949501991272,0.9255298972129822,0.9384834170341492,0.920417845249176,0.923738420009613,0.916761577129364,0.9674234390258789,0.9743068218231201,0.9857116937637329,0.9854297637939453,0.9830712080001831,0.9759085178375244,0.9576714634895325,0.9544042348861694,0.9443206787109375,0.9573479890823364,0.9469528198242188,0.9553571343421936,0.9534904956817627,0.9579369425773621,0.9463819265365601,0.8209558725357056,0.8737362027168274,4.833497762680054,0.8086811900138855,0.8209558725357056
132,0.5231713652610779,0.9878183603286743,0.955254316329956,0.9574036598205566,0.9863569736480713,0.9839276075363159,0.9862545728683472,0.9867134094238281,0.9868810176849365,0.9857828617095947,0.9849436283111572,0.956436276435852,0.9877328872680664,0.988020658493042,0.9860931634902954,0.985511302947998,0.9875323176383972,0.9779466390609741,0.9967801570892334,0.959080696105957,0.9529786109924316,0.9241300821304321,0.92242032289505,0.5,0.9321871995925903,0.9391891956329346,0.9163187742233276,0.931469202041626,0.9168404936790466,0.9631200432777405,0.9771338701248169,0.9868081212043762,0.9839394092559814,0.9809435606002808,0.9901255369186401,0.9631155133247375,0.9648357629776001,0.9541147947311401,0.9665676355361938,0.9418525695800781,0.9526110291481018,0.9571958780288696,0.9602820873260498,0.9506298303604126,0.8222426176071167,0.8738510608673096,4.965928792953491,0.8063066601753235,0.8222426176071167
133,0.5234793424606323,0.9870022535324097,0.9849380850791931,0.986526370048523,0.9885650873184204,0.9858959913253784,0.9876360893249512,0.9885609149932861,0.9839394092559814,0.958020806312561,0.9855326414108276,0.9912474751472473,0.985709011554718,0.965503454208374,0.9867208003997803,0.9853185415267944,0.9621771574020386,0.9741953611373901,0.9967783689498901,0.9515119194984436,0.9506833553314209,0.9235305190086365,0.9206078052520752,0.5,0.9240518808364868,0.9366717338562012,0.9194681644439697,0.9274700284004211,0.9139276146888733,0.9667342305183411,0.9763757586479187,0.9864341020584106,0.9827395677566528,0.9804593324661255,0.989389181137085,0.9544026851654053,0.9596729278564453,0.9485677480697632,0.9654117226600647,0.9476279020309448,0.9524428844451904,0.9528108835220337,0.9580315351486206,0.9489777088165283,0.8253676295280457,0.873322606086731,4.825061321258545,0.8143094182014465,0.8253676295280457
134,0.5148214101791382,0.9669805765151978,0.9834871292114258,0.9855139255523682,0.9889421463012695,0.9856088161468506,0.9861598014831543,0.9882776737213135,0.9853483438491821,0.9851311445236206,0.9870800971984863,0.9896697998046875,0.9878206253051758,0.9870848655700684,0.9871889352798462,0.9845827221870422,0.9871889352798462,0.975806474685669,0.9951224327087402,0.9557778835296631,0.9542483687400818,0.9189547896385193,0.9234148263931274,0.5000949501991272,0.9276527166366577,0.9347732067108154,0.9151140451431274,0.9202896356582642,0.921622633934021,0.9667651653289795,0.9607407450675964,0.9839305877685547,0.9821165204048157,0.9805519580841064,0.9900479316711426,0.9642122983932495,0.9604798555374146,0.9489796161651611,0.9683849811553955,0.9456098079681396,0.9500834941864014,0.9484747052192688,0.9597722291946411,0.9460238218307495,0.8270220756530762,0.8746553659439087,4.784064769744873,0.8025482296943665,0.8270220756530762
135,0.5266598463058472,0.9854270219802856,0.9829273223876953,0.984868049621582,0.9634299874305725,0.987356960773468,0.9862520694732666,0.9868154525756836,0.9855166077613831,0.9841299057006836,0.9627839922904968,0.9875392317771912,0.9630995988845825,0.9845656156539917,0.9588507413864136,0.9858934283256531,0.9868081212043762,0.9777530431747437,0.9962233304977417,0.9586684107780457,0.9584810733795166,0.923761248588562,0.9181274771690369,0.5,0.9207876920700073,0.9346498847007751,0.9165397882461548,0.9168729782104492,0.9150763750076294,0.9695515632629395,0.9630545973777771,0.9836745858192444,0.9815293550491333,0.9789775609970093,0.9887516498565674,0.9638182520866394,0.9422369003295898,0.9505014419555664,0.9718767404556274,0.9483144283294678,0.9513850212097168,0.940737247467041,0.9571561217308044,0.9502413272857666,0.828125,0.8741957545280457,4.807296514511108,0.8099765777587891,0.828125
136,0.5212593674659729,0.9853321313858032,0.9841328859329224,0.9616121053695679,0.9867984056472778,0.9878183603286743,0.9847757816314697,0.9878363609313965,0.9858751893043518,0.9842483401298523,0.9860597848892212,0.9878228902816772,0.984868049621582,0.9814438819885254,0.9853185415267944,0.9854297637939453,0.9564816951751709,0.9718466401100159,0.9953081607818604,0.9629733562469482,0.9581049084663391,0.9237481355667114,0.9221397638320923,0.5,0.9245961308479309,0.9342851638793945,0.9155634045600891,0.9245014190673828,0.9116415977478027,0.9634618759155273,0.9732803106307983,0.9853429198265076,0.9826600551605225,0.9762743711471558,0.9913364052772522,0.9628454446792603,0.951447606086731,0.9504185914993286,0.9657063484191895,0.9437732696533203,0.9414015412330627,0.9518049955368042,0.9611380100250244,0.9494518041610718,0.8154411911964417,0.8762637972831726,4.871725559234619,0.7979061007499695,0.8154411911964417
137,0.5282514095306396,0.986082911491394,0.9844961166381836,0.9858856201171875,0.9853456020355225,0.9865288734436035,0.9862444400787354,0.9872623085975647,0.9836565256118774,0.9857169389724731,0.9859804511070251,0.9871747493743896,0.9867256879806519,0.9806129932403564,0.9855326414108276,0.9860088229179382,0.9848541021347046,0.9753109216690063,0.9965904951095581,0.9552921056747437,0.9613295793533325,0.9206275343894958,0.9208980798721313,0.5,0.9222222566604614,0.9371792078018188,0.9123290181159973,0.920506477355957,0.9162865877151489,0.9649446606636047,0.9712430238723755,0.9850415587425232,0.980623722076416,0.9754766225814819,0.9886531233787537,0.9519288539886475,0.957704484462738,0.9375413656234741,0.9627184867858887,0.9392080307006836,0.9358974099159241,0.9482116103172302,0.9563639760017395,0.9436579942703247,0.8235294222831726,0.8704503774642944,4.905763626098633,0.8222278952598572,0.8235294222831726
138,0.510201632976532,0.9863342642784119,0.9830321073532104,0.984599769115448,0.9862444400787354,0.986628532409668,0.9836565256118774,0.9858934283256531,0.9811059832572937,0.984963059425354,0.9849603176116943,0.9857907295227051,0.9843980669975281,0.9809005260467529,0.9854216575622559,0.9886552095413208,0.980616569519043,0.9726078510284424,0.9942052960395813,0.9603618383407593,0.9599851369857788,0.929897665977478,0.9263448119163513,0.5,0.9347494840621948,0.9314899444580078,0.9154607653617859,0.9256385564804077,0.9084542989730835,0.9666174650192261,0.9731779098510742,0.9836595058441162,0.9831118583679199,0.978514552116394,0.9901328086853027,0.9602240920066833,0.959680438041687,0.9454039335250854,0.9578149914741516,0.9438547492027283,0.9533135294914246,0.9396564960479736,0.9588748216629028,0.9457148313522339,0.8290441036224365,0.8759650588035583,4.7670207023620605,0.7970796823501587,0.8290441036224365
139,0.5306810140609741,0.9848736524581909,0.9822911024093628,0.9833025932312012,0.983823299407959,0.9857907295227051,0.9826600551605225,0.9845883846282959,0.9824690818786621,0.9586501121520996,0.9852534532546997,0.9844818115234375,0.9850664138793945,0.9831398725509644,0.985703706741333,0.9888314604759216,0.9829210042953491,0.9766839742660522,0.9960412383079529,0.9607623219490051,0.9573570489883423,0.9223072528839111,0.9162229299545288,0.5,0.9300458431243896,0.9345215559005737,0.9140924215316772,0.925075888633728,0.9101198315620422,0.9646809101104736,0.972690224647522,0.9809998273849487,0.9825420379638672,0.9762611389160156,0.9883677959442139,0.9592849016189575,0.9647430181503296,0.9375792741775513,0.9637277126312256,0.9405471086502075,0.9429316520690918,0.9454376101493835,0.9619029760360718,0.944754958152771,0.8215073347091675,0.8710248470306396,4.751897096633911,0.7895394563674927,0.8215073347091675
140,0.5121603608131409,0.9875369071960449,0.9821857213973999,0.9847561120986938,0.9827713370323181,0.9861546754837036,0.9852343797683716,0.9856141805648804,0.9838650226593018,0.9855246543884277,0.985903799533844,0.9862520694732666,0.9854055047035217,0.983308732509613,0.9863342642784119,0.9867109656333923,0.9821033477783203,0.9766044020652771,0.9955809116363525,0.9550802707672119,0.9572257995605469,0.9212971925735474,0.9195970296859741,0.5,0.9306638836860657,0.9296101331710815,0.9139703512191772,0.931684672832489,0.9096442461013794,0.9689400792121887,0.9757900238037109,0.9847842454910278,0.9808365702629089,0.9756029844284058,0.9879128932952881,0.9586760997772217,0.9609724283218384,0.9432326555252075,0.9655814170837402,0.9438974857330322,0.9524739980697632,0.9471778869628906,0.9605751037597656,0.9415476322174072,0.8286764621734619,0.875160813331604,4.743372678756714,0.8065053224563599,0.8286764621734619

141,0.520465075969696,0.985703706741333,0.9515514373779297,0.9820834994316101,0.9853185415267944,0.9869027733802795,0.9869974255561829,0.986628532409668,0.9838590621948242,0.9870022535324097,0.9857828617095947,0.9841415882110596,0.9823833107948303,0.9829051494598389,0.9845770597457886,0.9861572980880737,0.9583542943000793,0.9786466956138611,0.9960412383079529,0.9565460681915283,0.9510482549667358,0.9184181094169617,0.925052285194397,0.5,0.9307384490966797,0.9333775639533997,0.9191218614578247,0.925507664680481,0.9065881967544556,0.962945818901062,0.9713729619979858,0.9824787974357605,0.9825549125671387,0.9741714596748352,0.9876269698143005,0.9604034423828125,0.9590225219726562,0.9408432245254517,0.9638285636901855,0.9410780668258667,0.9493305683135986,0.9477306604385376,0.9616244435310364,0.9412093162536621,0.8198529481887817,0.8741958141326904,4.756574392318726,0.7915949821472168,0.8198529481887817
142,0.521926760673523,0.95173579454422,0.986449122428894,0.980701744556427,0.9852262139320374,0.9861776828765869,0.9848847985267639,0.9856035709381104,0.9842396378517151,0.9863367676734924,0.9855059385299683,0.9861853122711182,0.9824626445770264,0.9825934767723083,0.9841094017028809,0.9850415587425232,0.979520320892334,0.9792899489402771,0.9958601593971252,0.9629040956497192,0.9570385217666626,0.9231499433517456,0.920222818851471,0.5,0.9256088137626648,0.937362551689148,0.9132868647575378,0.9241935610771179,0.9126471281051636,0.9610557556152344,0.973981499671936,0.9847004413604736,0.981928825378418,0.9722943305969238,0.9875644445419312,0.959449291229248,0.9569912552833557,0.9411655068397522,0.9520276784896851,0.9394277334213257,0.9467372894287109,0.9435348510742188,0.957999587059021,0.9427986145019531,0.8180146813392639,0.8741497993469238,4.770259618759155,0.7649981379508972,0.8180146813392639
143,0.5129311680793762,0.9841474294662476,0.9864391088485718,0.9634420275688171,0.9832717180252075,0.9881062507629395,0.9854081869125366,0.9639540910720825,0.9827268123626709,0.9851475954055786,0.983963131904602,0.9859675168991089,0.9852561950683594,0.9829367399215698,0.9831948280334473,0.9854351282119751,0.9800000190734863,0.9764150977134705,0.9956705570220947,0.9551931023597717,0.952011227607727,0.9176044464111328,0.9208722114562988,0.5,0.9283673167228699,0.9370018839836121,0.9110347032546997,0.9223449230194092,0.9134816527366638,0.9642528295516968,0.974458634853363,0.9861674308776855,0.983505368232727,0.9741618633270264,0.9892066717147827,0.9608557224273682,0.9499380588531494,0.9461266994476318,0.966059148311615,0.9450324773788452,0.9496744275093079,0.9508364200592041,0.9592386484146118,0.9418712854385376,0.8303309082984924,0.8765854835510254,4.956820011138916,0.8132497668266296,0.8303309082984924
144,0.5144506096839905,0.9859700798988342,0.9820966720581055,0.9784976243972778,0.9792397022247314,0.9875484108924866,0.9839513301849365,0.982988178730011,0.9820802211761475,0.9836595058441162,0.984305739402771,0.985351026058197,0.9837488532066345,0.9605182409286499,0.9810068607330322,0.9851585626602173,0.9797970056533813,0.9752640724182129,0.9949262142181396,0.952314019203186,0.9568465948104858,0.9219757318496704,0.9256385564804077,0.5000947117805481,0.930854082107544,0.9319959878921509,0.9109693765640259,0.9199392795562744,0.9141529202461243,0.9606648087501526,0.973933219909668,0.9846721887588501,0.9813790321350098,0.9705936908721924,0.9856008887290955,0.9632091522216797,0.9481728076934814,0.9459609985351562,0.9618887901306152,0.9439694881439209,0.9464584589004517,0.9478333592414856,0.9612945318222046,0.937151312828064,0.829963207244873,0.8732995986938477,4.7766876220703125,0.8236421942710876,0.829963207244873
145,0.524679958820343,0.9885798692703247,0.9842999577522278,0.9834070801734924,0.9847757816314697,0.9884728789329529,0.9875621795654297,0.984868049621582,0.9831055998802185,0.9864416122436523,0.985788106918335,0.9885819554328918,0.985511302947998,0.9592957496643066,0.985144853591919,0.9888561367988586,0.9810850620269775,0.9754992723464966,0.9943820238113403,0.9528830051422119,0.9595149159431458,0.9271131753921509,0.9181340932846069,0.5,0.9255400896072388,0.935357928276062,0.9162397980690002,0.9211728572845459,0.9096970558166504,0.9640619158744812,0.9746249318122864,0.986987829208374,0.9664369821548462,0.9694805145263672,0.9873592853546143,0.9577727913856506,0.9560524225234985,0.950437068939209,0.9541968107223511,0.9457169771194458,0.9515467882156372,0.9519747495651245,0.9591153860092163,0.9345149993896484,0.8183823823928833,0.8740119338035583,4.811151504516602,0.8016601800918579,0.8183823823928833
146,0.5371042490005493,0.9883828163146973,0.9842396378517151,0.9831305742263794,0.9830352067947388,0.9875507354736328,0.9873546361923218,0.9819844961166382,0.9813721776008606,0.986449122428894,0.9843404293060303,0.9893754720687866,0.9846891760826111,0.9832871556282043,0.9842425584793091,0.9891223907470703,0.9800848364830017,0.9754067659378052,0.9937385320663452,0.9524307250976562,0.9582555294036865,0.9232642650604248,0.9216580986976624,0.5,0.9286013841629028,0.9334156513214111,0.9137312173843384,0.9245211482048035,0.9098781943321228,0.9635022878646851,0.9724278450012207,0.9824690818786621,0.9808687567710876,0.9752126932144165,0.9885714054107666,0.9578331708908081,0.9614025354385376,0.9442483186721802,0.9656069874763489,0.9418431520462036,0.9444547891616821,0.9469470977783203,0.9539348483085632,0.9407662153244019,0.8079044222831726,0.8718750476837158,4.786351680755615,0.7915653586387634,0.8079044222831726
147,0.5194767117500305,0.9872717261314392,0.9828540086746216,0.9814814925193787,0.9848484992980957,0.9885503053665161,0.9869027733802795,0.9818366169929504,0.959369421005249,0.9843952059745789,0.985709011554718,0.9870141744613647,0.9811807870864868,0.9812557697296143,0.9573800563812256,0.9662697315216064,0.9815531969070435,0.9746296405792236,0.992353081703186,0.9624696969985962,0.961904764175415,0.9270557165145874,0.9252851605415344,0.5,0.9384996294975281,0.9347167015075684,0.918410062789917,0.9256936311721802,0.9199544787406921,0.963810920715332,0.9718309640884399,0.9844818115234375,0.9797708988189697,0.9724694490432739,0.9874515533447266,0.9559656977653503,0.9586271047592163,0.928314745426178,0.9635030031204224,0.9437129497528076,0.9421756267547607,0.948391318321228,0.9568405151367188,0.9413241147994995,0.8204044103622437,0.8720588684082031,4.849612236022949,0.8039516806602478,0.8204044103622437
148,0.5024570226669312,0.9862470030784607,0.9813756346702576,0.9814473390579224,0.9818786978721619,0.987281084060669,0.9835853576660156,0.9815634489059448,0.9785094857215881,0.981991171836853,0.9854243397712708,0.9861572980880737,0.9816420674324036,0.9807266592979431,0.982268214225769,0.9862520694732666,0.978762686252594,0.9749259948730469,0.9915300607681274,0.9581382274627686,0.9479547739028931,0.9312724471092224,0.9169362783432007,0.5000952482223511,0.9265013933181763,0.935674786567688,0.9112595319747925,0.9235149025917053,0.9157644510269165,0.9624053239822388,0.9738060235977173,0.9830383062362671,0.9812799692153931,0.9765032529830933,0.9865363240242004,0.9541877508163452,0.964219331741333,0.946561336517334,0.9608299136161804,0.9461066722869873,0.9458379745483398,0.9511131644248962,0.9413259029388428,0.9424185752868652,0.8292279243469238,0.8745174407958984,4.879336595535278,0.8181735277175903,0.8292279243469238
149,0.5143781304359436,0.9852452874183655,0.9851585626602173,0.9838560819625854,0.9825645685195923,0.9874469041824341,0.9856905341148376,0.9863519072532654,0.9544073343276978,0.984043538570404,0.986914873123169,0.9871676564216614,0.9558998346328735,0.9803541898727417,0.984412431716919,0.9859985113143921,0.9755444526672363,0.9744728207588196,0.9903261661529541,0.960381269454956,0.9536950588226318,0.9259986877441406,0.9242510795593262,0.5000951290130615,0.9256292581558228,0.9298211932182312,0.9086226224899292,0.9261655807495117,0.9112644195556641,0.9577946066856384,0.9729830026626587,0.9832165241241455,0.9783250093460083,0.9754022359848022,0.9864566326141357,0.9586529731750488,0.9615169763565063,0.9309648871421814,0.9536263346672058,0.940892219543457,0.9473294019699097,0.9513669013977051,0.9540892243385315,0.9401375651359558,0.8187500238418579,0.8743106126785278,4.932557582855225,0.7954311370849609,0.8187500238418579
150,0.5105919241905212,0.9858829975128174,0.9848792552947998,0.9814541339874268,0.979985237121582,0.9844961166381836,0.9823800325393677,0.9834840297698975,0.9819221496582031,0.9813790321350098,0.9853919744491577,0.9818400144577026,0.9821857213973999,0.9824528694152832,0.9833056926727295,0.9867280721664429,0.9743636846542358,0.9771971702575684,0.9911618232727051,0.9554039239883423,0.958247721195221,0.9228895902633667,0.9256653785705566,0.5,0.9248335361480713,0.9357007741928101,0.9083238840103149,0.9233909249305725,0.9126741886138916,0.9584640860557556,0.9750787615776062,0.9837428331375122,0.9806094169616699,0.978607177734375,0.9875530004501343,0.9574785232543945,0.9615098237991333,0.9371152520179749,0.9599403738975525,0.9410451650619507,0.9507526159286499,0.9499348402023315,0.9580471515655518,0.9431165456771851,0.8229779601097107,0.8769761323928833,4.77532958984375,0.7845882773399353,0.8229779601097107

151,0.5063475966453552,0.985703706741333,0.9865437746047974,0.9816420674324036,0.9821988344192505,0.9859648942947388,0.9851229190826416,0.9845855236053467,0.981991171836853,0.9825581312179565,0.983862042427063,0.985709011554718,0.9518716335296631,0.981290340423584,0.981928825378418,0.9863393306732178,0.954016923904419,0.9786427617073059,0.991620659828186,0.9580530524253845,0.9558768272399902,0.9279604554176331,0.9259694218635559,0.5,0.9228641986846924,0.9377981424331665,0.9073226451873779,0.9217501878738403,0.9122440814971924,0.9558551907539368,0.9746061563491821,0.985169529914856,0.9806416034698486,0.973981499671936,0.986067533493042,0.9612945318222046,0.9545707702636719,0.9466046094894409,0.9511690735816956,0.9361622929573059,0.9317223429679871,0.9470359086990356,0.959680438041687,0.9385443925857544,0.8295955657958984,0.873322606086731,4.85235857963562,0.8067933320999146,0.8295955657958984
152,0.5165259838104248,0.9837338328361511,0.9846665859222412,0.9831274151802063,0.9829241037368774,0.9842221736907959,0.9820901155471802,0.9832841157913208,0.9795354008674622,0.9819221496582031,0.9827554225921631,0.9607011079788208,0.9800775051116943,0.9805243015289307,0.9821956157684326,0.9863519072532654,0.9739612340927124,0.9786918759346008,0.9914364814758301,0.9589399099349976,0.9606122970581055,0.924372136592865,0.9193547964096069,0.5,0.924363374710083,0.9303653240203857,0.9043139219284058,0.9164119362831116,0.9080973267555237,0.9549649357795715,0.9724999666213989,0.9848624467849731,0.9789434671401978,0.9751018285751343,0.9856799840927124,0.9592198729515076,0.9623395800590515,0.9445269107818604,0.9605875015258789,0.9409851431846619,0.9460666179656982,0.947353720664978,0.9603012204170227,0.9431438446044922,0.8222426176071167,0.8701516389846802,4.78487753868103,0.8134843707084656,0.8222426176071167
153,0.5190436244010925,0.9855219125747681,0.9844038486480713,0.9840611815452576,0.9842221736907959,0.9861623644828796,0.9845912456512451,0.9847561120986938,0.9822119474411011,0.9834040403366089,0.9844067096710205,0.9872764348983765,0.9843231439590454,0.9842483401298523,0.9835853576660156,0.988457977771759,0.9722222089767456,0.9774665832519531,0.989778995513916,0.9587937593460083,0.9545028209686279,0.9271347522735596,0.9180202484130859,0.5,0.931011438369751,0.9277502298355103,0.907067060470581,0.9123367071151733,0.9143835306167603,0.9556950330734253,0.9720934629440308,0.9852398633956909,0.9762124419212341,0.9736841917037964,0.9820470213890076,0.9614881277084351,0.9530735015869141,0.9497123956680298,0.965133547782898,0.9433611631393433,0.9496936798095703,0.948058009147644,0.9582403302192688,0.9514780044555664,0.8220587968826294,0.8710248470306396,4.81084942817688,0.8235807418823242,0.8220587968826294
154,0.5076006650924683,0.9836835861206055,0.9842338562011719,0.984963059425354,0.9844932556152344,0.9844932556152344,0.9832041263580322,0.9801514148712158,0.9822087287902832,0.9847089052200317,0.9821099042892456,0.986164927482605,0.957283079624176,0.9848597049713135,0.9845941066741943,0.9852426052093506,0.9742714762687683,0.9754766225814819,0.9936487674713135,0.9603544473648071,0.9539437294006348,0.9274271130561829,0.9199542999267578,0.5,0.9323680400848389,0.9285441637039185,0.9152107834815979,0.9212971925735474,0.9097815752029419,0.9556518793106079,0.9745558500289917,0.9843922853469849,0.9791512489318848,0.9769870638847351,0.9844789505004883,0.9595780372619629,0.9483816623687744,0.9496843814849854,0.9658604860305786,0.9447124004364014,0.9474368095397949,0.9353903532028198,0.9595724940299988,0.9437430500984192,0.8176470398902893,0.8747931718826294,4.782873868942261,0.8078476786613464,0.8176470398902893
155,0.5064149498939514,0.9832871556282043,0.9828507900238037,0.9833917617797852,0.98275226354599,0.9862672686576843,0.982723593711853,0.9808082580566406,0.980616569519043,0.9835641384124756,0.9834871292114258,0.9847813844680786,0.9828349947929382,0.9809181690216064,0.9816250801086426,0.9857959747314453,0.9722632169723511,0.9740980863571167,0.9900479316711426,0.9585903882980347,0.9610499143600464,0.9191675186157227,0.9184336066246033,0.5,0.9254670143127441,0.928260087966919,0.9188115000724792,0.923047661781311,0.9071959257125854,0.9570111036300659,0.9707521200180054,0.9838322401046753,0.9786978960037231,0.9731082916259766,0.9824060201644897,0.9572696685791016,0.9583874940872192,0.9514094591140747,0.9651011824607849,0.9460311532020569,0.9379327297210693,0.9425833225250244,0.9407942295074463,0.9351942539215088,0.8227941393852234,0.8733685612678528,4.859144687652588,0.8144360780715942,0.8227941393852234
156,0.5125104784965515,0.984043538570404,0.9845912456512451,0.9832871556282043,0.9836655855178833,0.98691725730896,0.9810780882835388,0.9817545413970947,0.9817309379577637,0.9826760292053223,0.9838501214981079,0.9850773811340332,0.985511302947998,0.9845883846282959,0.9829524755477905,0.986990213394165,0.9734660387039185,0.9731662273406982,0.9907952547073364,0.9527789354324341,0.9498242139816284,0.9201065301895142,0.9188571572303772,0.5000948309898376,0.9304604530334473,0.9370476007461548,0.9171102643013,0.9228728413581848,0.9079172611236572,0.9540590047836304,0.972752571105957,0.979981541633606,0.9786782264709473,0.9714972972869873,0.9834961891174316,0.9550373554229736,0.960638701915741,0.9502043724060059,0.966679036617279,0.9474613666534424,0.9461796283721924,0.9437522888183594,0.9589524269104004,0.942987322807312,0.8139705657958984,0.8744715452194214,4.773305892944336,0.7976879477500916,0.8139705657958984
157,0.5000880360603333,0.984599769115448,0.9845941066741943,0.9824885129928589,0.9855166077613831,0.9863418340682983,0.9826503992080688,0.9832134246826172,0.9840376377105713,0.9855955839157104,0.9850360155105591,0.9883078336715698,0.9832810163497925,0.983410120010376,0.983862042427063,0.9859700798988342,0.9771301746368408,0.9748660326004028,0.9888520240783691,0.9608646631240845,0.9521256685256958,0.9197072982788086,0.9116584062576294,0.5,0.9269267320632935,0.9308323264122009,0.916016697883606,0.9141577482223511,0.9119436740875244,0.9598856568336487,0.9708279371261597,0.9829461574554443,0.9803541898727417,0.9738840460777283,0.9859856367111206,0.9664046764373779,0.9593767523765564,0.9486798048019409,0.9675324559211731,0.9477889537811279,0.9500745534896851,0.945268988609314,0.9607679843902588,0.9414447546005249,0.8235294222831726,0.8752527236938477,4.873818874359131,0.8022465705871582,0.8235294222831726
158,0.5067408084869385,0.9824593663215637,0.9602922797203064,0.9802837371826172,0.9832103252410889,0.983573317527771,0.9768108129501343,0.9823474884033203,0.9798892736434937,0.9811634421348572,0.9787018299102783,0.9851256608963013,0.9801367521286011,0.980623722076416,0.9824561476707458,0.9825806617736816,0.9696606397628784,0.9740692377090454,0.9884920120239258,0.960134744644165,0.9537366628646851,0.9206379652023315,0.9203380346298218,0.5,0.9286121726036072,0.9316595196723938,0.916793704032898,0.9193334579467773,0.9144899845123291,0.9560966491699219,0.9674999713897705,0.9802801609039307,0.9776793718338013,0.9757407307624817,0.9842280149459839,0.9597271680831909,0.9611740708351135,0.9454359412193298,0.9636076092720032,0.9423719644546509,0.9418712854385376,0.935771644115448,0.9604089260101318,0.9328658580780029,0.8270220756530762,0.873046875,4.776618003845215,0.7907637357711792,0.8270220756530762
159,0.5061540603637695,0.9829083681106567,0.9837548732757568,0.9846026301383972,0.9816250801086426,0.986067533493042,0.9796050190925598,0.98349928855896,0.9815634489059448,0.9832165241241455,0.9814473390579224,0.9868056774139404,0.9792281985282898,0.9832134246826172,0.9830226898193359,0.9849547743797302,0.9757380485534668,0.9723250865936279,0.9877419471740723,0.9512501955032349,0.9550814032554626,0.9228053092956543,0.9198480844497681,0.5,0.9257923364639282,0.9348404407501221,0.9203556776046753,0.9188902378082275,0.9077069759368896,0.9604097604751587,0.9693120718002319,0.9844846725463867,0.9773229956626892,0.973762035369873,0.9845132827758789,0.9622483253479004,0.9530900716781616,0.9451558589935303,0.9639338254928589,0.9412420988082886,0.9449805021286011,0.9424967765808105,0.9586822986602783,0.939379870891571,0.8183823823928833,0.8754825592041016,4.805905342102051,0.8123273849487305,0.8183823823928833
160,0.49234452843666077,0.9830446243286133,0.9812626838684082,0.9837698340415955,0.9841123223304749,0.9853293895721436,0.9809857606887817,0.9827395677566528,0.9814370274543762,0.9830226898193359,0.9823833107948303,0.9871818423271179,0.9819321632385254,0.9830226898193359,0.983505368232727,0.9860752820968628,0.9733493328094482,0.9761464595794678,0.9852588772773743,0.9566642045974731,0.9517421722412109,0.920912504196167,0.9239192605018616,0.5,0.9308116436004639,0.9331626892089844,0.9197871088981628,0.9254995584487915,0.9142259359359741,0.9556436538696289,0.9671052694320679,0.9800517559051514,0.978762686252594,0.9764771461486816,0.9607536792755127,0.9631924629211426,0.9556009769439697,0.946312427520752,0.9642525911331177,0.9435768723487854,0.9451876878738403,0.9361547827720642,0.9563888907432556,0.9389270544052124,0.8305147290229797,0.8727021813392639,4.792536020278931,0.8251148462295532,0.8305147290229797

161,0.49756497144699097,0.9832994937896729,0.9825677871704102,0.9856114983558655,0.9823735952377319,0.9858751893043518,0.9827554225921631,0.9835914373397827,0.9829493165016174,0.9827491044998169,0.9838650226593018,0.9869027733802795,0.9832289218902588,0.9547010064125061,0.9821988344192505,0.9845855236053467,0.9743400812149048,0.9741283655166626,0.9860931634902954,0.9541541934013367,0.9599700570106506,0.9187547564506531,0.9147845506668091,0.5,0.9278327226638794,0.9304975271224976,0.9191176891326904,0.9196224212646484,0.9086923599243164,0.9563294649124146,0.9676345586776733,0.9801697134971619,0.9775198101997375,0.9707791805267334,0.9823474884033203,0.9509040117263794,0.9632558226585388,0.9438965320587158,0.9632489681243896,0.9426716566085815,0.9443308115005493,0.948080837726593,0.9599183797836304,0.9411600828170776,0.8264706134796143,0.869921863079071,4.847644329071045,0.8053286671638489,0.8264706134796143
162,0.5048730969429016,0.9829493165016174,0.9830414652824402,0.9848736524581909,0.9813859462738037,0.9850636124610901,0.9804918766021729,0.983862042427063,0.9828286170959473,0.9811773300170898,0.9835975170135498,0.9864366054534912,0.9832902550697327,0.9809322357177734,0.9840552806854248,0.9842250943183899,0.9733777046203613,0.9706481695175171,0.9845303893089294,0.9560829401016235,0.9597346782684326,0.9241503477096558,0.9174549579620361,0.5000950694084167,0.9272710084915161,0.9386962652206421,0.9033035039901733,0.9195544719696045,0.9080644845962524,0.9628229141235352,0.9729005098342896,0.9836745858192444,0.9783130288124084,0.9706481695175171,0.9799630641937256,0.9606962203979492,0.9521515369415283,0.9459308385848999,0.9630353450775146,0.9469190835952759,0.9453921318054199,0.952800452709198,0.9613956809043884,0.9322775602340698,0.8163602948188782,0.8773207664489746,4.762491941452026,0.7913863062858582,0.8163602948188782
163,0.5107553601264954,0.983588457107544,0.9826632142066956,0.9824464321136475,0.9803541898727417,0.9843952059745789,0.977658748626709,0.9803541898727417,0.9787783622741699,0.97930908203125,0.9834961891174316,0.9849575757980347,0.9805170893669128,0.9614619016647339,0.9813687801361084,0.9844211339950562,0.9677925109863281,0.9706646800041199,0.9851803779602051,0.9525541067123413,0.9610487222671509,0.918392539024353,0.9207027554512024,0.5,0.9223383665084839,0.9354716539382935,0.9117252826690674,0.9174904823303223,0.9069921970367432,0.9593023061752319,0.9717540144920349,0.9813618659973145,0.9773439168930054,0.9713677167892456,0.9779357314109802,0.9587850570678711,0.9523720741271973,0.9432472586631775,0.9594494104385376,0.9426091909408569,0.9450334906578064,0.9469470977783203,0.9601374864578247,0.937720775604248,0.8207720518112183,0.8711856603622437,4.864330291748047,0.8187715411186218,0.8207720518112183
164,0.5010240077972412,0.9853158593177795,0.9834840297698975,0.9813790321350098,0.9832289218902588,0.9825677871704102,0.9796898365020752,0.9621379971504211,0.9797347187995911,0.9818400144577026,0.9839423894882202,0.985153079032898,0.9528858661651611,0.9832932949066162,0.9822813272476196,0.9646296501159668,0.9404827952384949,0.9706915616989136,0.9851749539375305,0.9498403668403625,0.9527809023857117,0.922035813331604,0.9272571802139282,0.5000950694084167,0.9285036325454712,0.9406683444976807,0.9078094959259033,0.9261492490768433,0.9073933362960815,0.9569188356399536,0.9735523462295532,0.9828159809112549,0.9787470102310181,0.971542477607727,0.9806523323059082,0.9608540534973145,0.938549816608429,0.9485963582992554,0.9635688066482544,0.9405204057693481,0.9390267133712769,0.9466580152511597,0.9625301361083984,0.9428147077560425,0.8178308606147766,0.875275731086731,4.7483203411102295,0.8009632229804993,0.8178308606147766
165,0.511473536491394,0.9810850620269775,0.9841182231903076,0.9810571074485779,0.9836745858192444,0.9826376438140869,0.9794280529022217,0.9817309379577637,0.9794204235076904,0.9805494546890259,0.9820077419281006,0.9829461574554443,0.9817342758178711,0.9794204235076904,0.9798007607460022,0.9846054315567017,0.9684443473815918,0.9657343626022339,0.9849042892456055,0.9562410712242126,0.9437030553817749,0.9215182662010193,0.9248719215393066,0.5,0.9255822896957397,0.9320945143699646,0.9069678783416748,0.9296534657478333,0.9093928337097168,0.9588712453842163,0.9726128578186035,0.9789173603057861,0.9784092903137207,0.9703868627548218,0.9838411808013916,0.9512263536453247,0.954757034778595,0.9436711072921753,0.9615598917007446,0.9370811581611633,0.9445478320121765,0.9434733986854553,0.959680438041687,0.9409683346748352,0.8209558725357056,0.8724954128265381,4.685624837875366,0.8030665516853333,0.8209558725357056
166,0.4948747456073761,0.9829083681106567,0.9811773300170898,0.9814541339874268,0.9825516939163208,0.983644425868988,0.9805494546890259,0.9821988344192505,0.9812592267990112,0.9812730550765991,0.9814575910568237,0.9842367172241211,0.9832289218902588,0.9585082530975342,0.9825323820114136,0.9847004413604736,0.9677181243896484,0.9699610471725464,0.9843462109565735,0.9563674926757812,0.9578268527984619,0.9171842336654663,0.9184824228286743,0.5000951290130615,0.924466609954834,0.9258764982223511,0.9063631296157837,0.9168729782104492,0.9107244610786438,0.9571797847747803,0.9701851606369019,0.9842193126678467,0.9762256145477295,0.9737377166748047,0.982231616973877,0.9536821842193604,0.9536245465278625,0.9352221488952637,0.9609520435333252,0.9394810199737549,0.9435243606567383,0.9441247582435608,0.9511823654174805,0.9397400617599487,0.8204044103622437,0.8704733848571777,4.800345182418823,0.813234269618988,0.8204044103622437
167,0.49277329444885254,0.9817578792572021,0.9831274151802063,0.9821165204048157,0.9846835136413574,0.9835823774337769,0.9810711145401001,0.9828349947929382,0.9813653230667114,0.981549859046936,0.9846976399421692,0.9860880374908447,0.985788106918335,0.9816454648971558,0.9807266592979431,0.9863393306732178,0.9661314487457275,0.9686227440834045,0.9834315180778503,0.9544433951377869,0.9529906511306763,0.9189701080322266,0.9129014611244202,0.5,0.9339085817337036,0.9324144124984741,0.9075446724891663,0.9150028228759766,0.9069037437438965,0.954537034034729,0.9718101024627686,0.9818500280380249,0.9772894978523254,0.9705773591995239,0.9839394092559814,0.9604572653770447,0.9562314748764038,0.9434418678283691,0.9558221697807312,0.9438766241073608,0.9369817972183228,0.9422218203544617,0.9590849876403809,0.9400891661643982,0.8272058963775635,0.8741039037704468,4.833795785903931,0.8193371891975403,0.8272058963775635
168,0.4981299340724945,0.981095552444458,0.9824755191802979,0.9809857606887817,0.9800775051116943,0.9825581312179565,0.9782969951629639,0.9818063974380493,0.9820077419281006,0.9789745807647705,0.9828318357467651,0.9862596988677979,0.9828381538391113,0.9804463982582092,0.9805627465248108,0.9835944771766663,0.9653072357177734,0.97276771068573,0.9851722121238708,0.957409143447876,0.9547743797302246,0.9274837970733643,0.9116016626358032,0.5,0.9247929453849792,0.9324246644973755,0.9087799191474915,0.9194592237472534,0.9070165157318115,0.9617229700088501,0.9745105504989624,0.9845941066741943,0.9774068593978882,0.970059335231781,0.9828634262084961,0.9568965435028076,0.9598811268806458,0.9473341703414917,0.9531723260879517,0.9437941312789917,0.9475686550140381,0.9476225972175598,0.9596729278564453,0.938754677772522,0.8308823704719543,0.8733456134796143,4.801605701446533,0.8349734544754028,0.8308823704719543
169,0.4931124150753021,0.9815599918365479,0.9829398393630981,0.9799667596817017,0.9830352067947388,0.9810920357704163,0.9799519777297974,0.9811495542526245,0.9795354008674622,0.9803723096847534,0.9616521000862122,0.9853348135948181,0.9829367399215698,0.9799704551696777,0.9776753187179565,0.984337568283081,0.961247444152832,0.969733476638794,0.9836156368255615,0.9582788944244385,0.9592447280883789,0.925220787525177,0.918734610080719,0.5,0.9342753887176514,0.926822304725647,0.9094575643539429,0.9191679358482361,0.9102491140365601,0.9574350118637085,0.9738205671310425,0.9823041558265686,0.9781203866004944,0.9731531143188477,0.9838501214981079,0.9587850570678711,0.9583333730697632,0.9409141540527344,0.9640401601791382,0.9388589859008789,0.9444754123687744,0.9452704191207886,0.9598289132118225,0.9383828639984131,0.8288602828979492,0.874103844165802,4.725703954696655,0.8103745579719543,0.8288602828979492
170,0.49839669466018677,0.9841269850730896,0.9851585626602173,0.9809181690216064,0.9838590621948242,0.9834070801734924,0.9807409048080444,0.9814370274543762,0.9823041558265686,0.9834809899330139,0.9824885129928589,0.98634934425354,0.9838590621948242,0.9807195663452148,0.9798744320869446,0.9882862567901611,0.9644305109977722,0.969200849533081,0.9861827492713928,0.9492006897926331,0.9594064950942993,0.921991229057312,0.9201329946517944,0.5,0.9263172745704651,0.9320167303085327,0.9113454818725586,0.9192996025085449,0.911479115486145,0.959140419960022,0.9712516069412231,0.9815396070480347,0.97702956199646,0.972628116607666,0.9844961166381836,0.9558960795402527,0.9529039859771729,0.9304728507995605,0.9602526426315308,0.9402971267700195,0.9393488168716431,0.9418821334838867,0.955162763595581,0.931611180305481,0.8229779601097107,0.8718750476837158,4.750924587249756,0.8087645769119263,0.8229779601097107

171,0.4960974156856537,0.9818131327629089,0.982729971408844,0.9806129932403564,0.9805314540863037,0.983124315738678,0.9802510142326355,0.9794976115226746,0.9784371852874756,0.979804515838623,0.9810068607330322,0.9853402376174927,0.9833948612213135,0.9811668992042542,0.9767313003540039,0.9847981929779053,0.9627443552017212,0.969565212726593,0.984432578086853,0.9560665488243103,0.950752854347229,0.9199467897415161,0.9182025194168091,0.5,0.9290316104888916,0.9312607049942017,0.9163501262664795,0.9217888116836548,0.9121595621109009,0.9592401385307312,0.974898099899292,0.9609382748603821,0.9757513999938965,0.9713571071624756,0.9794280529022217,0.957343339920044,0.9573239088058472,0.940281867980957,0.9512844085693359,0.9417115449905396,0.9437012672424316,0.9338223934173584,0.9579613208770752,0.9386160373687744,0.8233456015586853,0.8736213445663452,4.843034029006958,0.8053210377693176,0.8233456015586853
172,0.5051302909851074,0.9808118343353271,0.9817376732826233,0.9820144176483154,0.9823735952377319,0.9853321313858032,0.9805134534835815,0.9798892736434937,0.9826632142066956,0.9814506769180298,0.9571033120155334,0.9850553274154663,0.980996310710907,0.9809857606887817,0.9783370494842529,0.9853402376174927,0.9654632806777954,0.9699777364730835,0.9833486676216125,0.9516279697418213,0.9567325711250305,0.9209778308868408,0.9263949394226074,0.5,0.9264954328536987,0.9305924773216248,0.9074532985687256,0.9172053337097168,0.9199051856994629,0.9595866203308105,0.974458634853363,0.9814541339874268,0.9759535789489746,0.9705827832221985,0.9821626543998718,0.955054521560669,0.9589447975158691,0.9426473379135132,0.9618171453475952,0.9433066844940186,0.9403524994850159,0.9452283382415771,0.9560848474502563,0.9363839626312256,0.8209558725357056,0.875160813331604,4.756318807601929,0.7970868349075317,0.8209558725357056
173,0.5064622163772583,0.9501689672470093,0.9836745858192444,0.9829367399215698,0.9824787974357605,0.9863519072532654,0.9821231365203857,0.981293797492981,0.9831149578094482,0.9808118343353271,0.983124315738678,0.9855139255523682,0.9832165241241455,0.9791474342346191,0.9804500341415405,0.985310435295105,0.9695515632629395,0.9696183800697327,0.984809398651123,0.9425384998321533,0.9561600685119629,0.9264200925827026,0.9154460430145264,0.5,0.9264789819717407,0.9316409826278687,0.9060007333755493,0.9149971008300781,0.9184565544128418,0.9519639015197754,0.9732357859611511,0.9795013666152954,0.9772056341171265,0.9683860540390015,0.9805458188056946,0.9642857313156128,0.9446125030517578,0.9422969818115234,0.9645047187805176,0.9361544251441956,0.9424400329589844,0.9469034671783447,0.957612931728363,0.936152458190918,0.8170955777168274,0.8721737265586853,4.740092515945435,0.8013902902603149,0.8170955777168274
174,0.5132675766944885,0.9846693873405457,0.9828603267669678,0.981635332107544,0.9810816049575806,0.9846891760826111,0.9803469181060791,0.9462245106697083,0.9801770448684692,0.9820044040679932,0.9818366169929504,0.9850691556930542,0.9853483438491821,0.9803505539894104,0.9798707365989685,0.9817444086074829,0.9659091234207153,0.9709205627441406,0.9810522794723511,0.9542985558509827,0.9615097045898438,0.9201792478561401,0.9187238812446594,0.5,0.9188446998596191,0.9378799200057983,0.9127044677734375,0.9133460521697998,0.9171260595321655,0.9537652134895325,0.9700704216957092,0.9789823293685913,0.971832275390625,0.9691312313079834,0.9796125888824463,0.9597765207290649,0.9440431594848633,0.9374535083770752,0.9501960277557373,0.9358617067337036,0.9388796091079712,0.940606951713562,0.9545792937278748,0.9318181872367859,0.8165441155433655,0.8704273700714111,4.6982691287994385,0.8159224390983582,0.8165441155433655
175,0.5112627148628235,0.9809181690216064,0.9831180572509766,0.9814883470535278,0.9832103252410889,0.9842338562011719,0.9786900281906128,0.9822021722793579,0.9812730550765991,0.9812730550765991,0.983308732509613,0.9849603176116943,0.9861623644828796,0.9800553917884827,0.9810816049575806,0.9842280149459839,0.9629765748977661,0.9700981378555298,0.983440637588501,0.9526572227478027,0.9540897607803345,0.9151734709739685,0.9180916547775269,0.5,0.9242232441902161,0.9320386648178101,0.9050166606903076,0.9145509600639343,0.9083423614501953,0.9543358087539673,0.9715898633003235,0.9803105592727661,0.9762167930603027,0.9722119569778442,0.9822053909301758,0.9563432931900024,0.9529215097427368,0.9392167925834656,0.9500782489776611,0.9389723539352417,0.9407772421836853,0.9417457580566406,0.9555163383483887,0.9364532828330994,0.8108456134796143,0.8726332783699036,4.817727088928223,0.7750032544136047,0.8108456134796143
176,0.49764376878738403,0.9825838804244995,0.9846863746643066,0.9823800325393677,0.9829177856445312,0.9858673810958862,0.9800921678543091,0.9829367399215698,0.9816522598266602,0.9807302355766296,0.9842338562011719,0.9843980669975281,0.983862042427063,0.9805386066436768,0.9803469181060791,0.9610927104949951,0.9674293994903564,0.9681127071380615,0.9851640462875366,0.9561076164245605,0.9538317918777466,0.9100911617279053,0.9181180000305176,0.5,0.9210270643234253,0.9331622123718262,0.9043221473693848,0.9250285029411316,0.9094525575637817,0.9511160254478455,0.9597513675689697,0.9784371852874756,0.9748938083648682,0.9730005264282227,0.9769669771194458,0.9614374041557312,0.9579534530639648,0.9435348510742188,0.9595574140548706,0.9414389133453369,0.9396728277206421,0.9423184394836426,0.9586822986602783,0.9383255839347839,0.8204044103622437,0.8699678182601929,4.8165342807769775,0.8122100830078125,0.8204044103622437
177,0.49630436301231384,0.9840229153633118,0.9805458188056946,0.9803614616394043,0.9795013666152954,0.9837518334388733,0.9808899164199829,0.9825645685195923,0.979539155960083,0.9778352379798889,0.9809181690216064,0.9821922779083252,0.9824820160865784,0.9774990677833557,0.9792320728302002,0.9816454648971558,0.9617017507553101,0.9677479267120361,0.9823963046073914,0.953034520149231,0.9579448103904724,0.9262607097625732,0.916904091835022,0.5,0.9279065132141113,0.934290885925293,0.9129074811935425,0.9192285537719727,0.9158726930618286,0.9505717754364014,0.9711983799934387,0.9795974493026733,0.9721914529800415,0.9706535935401917,0.9821758270263672,0.9558713436126709,0.9562755227088928,0.9421218633651733,0.9569591879844666,0.9416465759277344,0.9396872520446777,0.9382418394088745,0.9517870545387268,0.9354658722877502,0.8257352709770203,0.8732306957244873,4.87246298789978,0.8062036633491516,0.8257352709770203

