epoch,loss,accuracy,balanced_accuracy,balanced_accuracy_A13,balanced_accuracy_A14,balanced_accuracy_A15b,balanced_accuracy_A16,balanced_accuracy_A17a,balanced_accuracy_A19a,balanced_accuracy_A1a,balanced_accuracy_A1b,balanced_accuracy_A1c,balanced_accuracy_A32,balanced_accuracy_A33,balanced_accuracy_A34,balanced_accuracy_A4b2,balanced_accuracy_A7a,balanced_accuracy_A9,balanced_accuracy_B1,balanced_accuracy_B2a,balanced_accuracy_B3,balanced_accuracy_C13aa,balanced_accuracy_C13bb,balanced_accuracy_C14_100,balanced_accuracy_C14_120,balanced_accuracy_C14_20,balanced_accuracy_C14_30,balanced_accuracy_C14_50,balanced_accuracy_C14_60,balanced_accuracy_C14_70,balanced_accuracy_C14_80,balanced_accuracy_C17a,balanced_accuracy_C17b_80,balanced_accuracy_C17c,balanced_accuracy_C17d,balanced_accuracy_C1a,balanced_accuracy_C2,balanced_accuracy_C3e3,balanced_accuracy_D1a1,balanced_accuracy_D1a4,balanced_accuracy_D1a5,balanced_accuracy_D1a6,balanced_accuracy_D1a7,balanced_accuracy_D2a1,balanced_accuracy_D2a2,balanced_accuracy_D3,balanced_accuracy_const_0,elapsed,f1,mean_invalid,recall
0,3.9259800910949707,0.0,0.517140805721283,0.5,0.5,0.5,0.5,0.5,0.5,0.5,0.5,0.5,0.5,0.5,0.5,0.5,0.5,0.5,0.5,0.5,0.5,0.5,0.5,0.7736438512802124,0.6365386247634888,0.7736862897872925,0.6263140439987183,0.505695104598999,0.5989944338798523,0.5092536807060242,0.5066083669662476,0.5,0.5,0.5,0.5,0.5,0.5,0.7625137567520142,0.5,0.5,0.5,0.5,0.5,0.5243690609931946,0.5,0.5,nan,22.466517210006714,0.0,1.6812267071233213,0.0
1,3.5617763996124268,0.004273929167538881,0.5471750497817993,0.5,0.5,0.5,0.6096914410591125,0.5,0.627287745475769,0.5,0.5,0.5,0.5,0.5,0.4981174170970917,0.5184158086776733,0.5,0.5,0.5,0.5456849932670593,0.5,0.5903515219688416,0.5,0.8597251176834106,0.7491278648376465,0.8410521149635315,0.7034426927566528,0.5746825933456421,0.5594685673713684,0.5,0.49974560737609863,0.5,0.5,0.5,0.5,0.5,0.5,0.9074497222900391,0.4944540560245514,0.5,0.49974560737609863,0.5,0.5,0.8856266736984253,0.5,0.5,nan,21.766205549240112,0.0046097771264612675,1.0215035463088005,0.004273929167538881

2,3.332848310470581,0.03816717863082886,0.6239023208618164,0.5679664015769958,0.531440258026123,0.5,0.8917663097381592,0.5,0.8601343631744385,0.6229118704795837,0.5,0.5608936548233032,0.5,0.5,0.594569206237793,0.8207065463066101,0.5,0.5,0.7508093118667603,0.8899993300437927,0.5,0.8462438583374023,0.5,0.844815731048584,0.833624005317688,0.8409992456436157,0.8286890983581543,0.8338303565979004,0.8132225871086121,0.6580633521080017,0.6826860904693604,0.5,0.5,0.4969980716705322,0.5,0.5,0.5,0.8569756746292114,0.6338443756103516,0.49261802434921265,0.607185959815979,0.4752211272716522,0.49893152713775635,0.8724943399429321,0.47094589471817017,0.5,nan,22.168686389923096,0.014493460766971111,1.1434882124853518,0.03816717863082886

3,3.097656011581421,0.06927740573883057,0.686021089553833,0.8578436970710754,0.770955502986908,0.5,0.870352029800415,0.4649944007396698,0.8692891597747803,0.8839948177337646,0.5,0.8485332727432251,0.5,0.5,0.7990831136703491,0.8656262159347534,0.5,0.4721141457557678,0.8819076418876648,0.8715274333953857,0.5,0.8560093641281128,0.5,0.8516332507133484,0.8306205868721008,0.8430855870246887,0.8251761794090271,0.8081820011138916,0.8026864528656006,0.7521625757217407,0.7414284348487854,0.5470539927482605,0.5,0.633539080619812,0.5,0.5249765515327454,0.5,0.8544825315475464,0.8015240430831909,0.7114719152450562,0.8058460354804993,0.5974145531654358,0.47363904118537903,0.8633866310119629,0.7017589807510376,0.496786504983902,nan,22.50728964805603,0.015798205509781837,1.119092843272129,0.06927740573883057

4,2.888941526412964,0.1037670224905014,0.7376653552055359,0.8650656342506409,0.8647153377532959,0.44657576084136963,0.8695055246353149,0.47180476784706116,0.867508053779602,0.870815098285675,0.5,0.860588788986206,0.6921002864837646,0.5,0.8562148809432983,0.8691869378089905,0.5,0.6296175718307495,0.8702554106712341,0.8630813360214233,0.5,0.8515830039978027,0.5,0.8568230271339417,0.8284834027290344,0.8496491312980652,0.809097409248352,0.7813678979873657,0.7868118286132812,0.7091686129570007,0.702707052230835,0.8592678904533386,0.7009005546569824,0.8506187200546265,0.5,0.741631031036377,0.5,0.8606390953063965,0.8410018682479858,0.7868124842643738,0.8137279152870178,0.7924675941467285,0.7175803780555725,0.8653200268745422,0.8080350160598755,0.7285076379776001,nan,22.037540435791016,0.04379156231880188,0.9191996143395283,0.1037670224905014

5,2.7272229194641113,0.15207235515117645,0.7605189681053162,0.861096978187561,0.8830289840698242,0.5281733274459839,0.8656898736953735,0.7230232954025269,0.8658797144889832,0.8627760410308838,0.5,0.8615550994873047,0.855709969997406,0.5,0.8615566492080688,0.8685256838798523,0.5,0.8165819644927979,0.8634883165359497,0.8594688177108765,0.5,0.8573320508003235,0.5,0.8589600324630737,0.8253285884857178,0.8551948666572571,0.7924087047576904,0.7786712050437927,0.7634069323539734,0.7064210772514343,0.7000616788864136,0.8280758857727051,0.8433469533920288,0.8576377630233765,0.5,0.7034700512886047,0.5416648387908936,0.8633357286453247,0.8447152972221375,0.7787220478057861,0.7889999151229858,0.8309793472290039,0.8170903921127319,0.8636918663978577,0.848276674747467,0.7077441811561584,nan,22.314303398132324,0.09174568206071854,0.6383868040117636,0.15207235515117645

6,2.6061458587646484,0.19441407918930054,0.7870224714279175,0.8605881929397583,0.8852161169052124,0.7488162517547607,0.8642653226852417,0.839679479598999,0.8638954162597656,0.8568739295005798,0.5,0.8635392189025879,0.8782466650009155,0.835361123085022,0.8640490770339966,0.8717818260192871,0.5,0.8402893543243408,0.8614531755447388,0.857280969619751,0.5,0.8592653274536133,0.5,0.8581967949867249,0.8167805075645447,0.8538719415664673,0.7873715162277222,0.7809097766876221,0.7479902505874634,0.7079477310180664,0.7115600109100342,0.802940845489502,0.884758472442627,0.8565179705619812,0.5,0.7334384918212891,0.7933366894721985,0.8635392189025879,0.8497008681297302,0.774397075176239,0.7856924533843994,0.8530079126358032,0.8530076742172241,0.8625216484069824,0.8530588150024414,0.7036231160163879,nan,21.806813955307007,0.13445813953876495,0.36001401982669057,0.19441407918930054
7,2.5093796253204346,0.21319948136806488,0.8030733466148376,0.8603846430778503,0.8993593454360962,0.8307749629020691,0.8637057542800903,0.8591643571853638,0.8638954162597656,0.8467487096786499,0.5,0.8631830811500549,0.8965613842010498,0.8873028755187988,0.8725450038909912,0.8715274333953857,0.763323187828064,0.8521431684494019,0.8602828979492188,0.8563650846481323,0.5,0.8579932451248169,0.5071660876274109,0.8521422743797302,0.8117431402206421,0.850412130355835,0.7864556908607483,0.7805026769638062,0.7405617237091064,0.7141548991203308,0.7144092917442322,0.8004986047744751,0.8907614946365356,0.8573827147483826,0.5,0.7695125341415405,0.8671554327011108,0.862826943397522,0.8561620712280273,0.7714459896087646,0.7859468460083008,0.8575353622436523,0.8513286113739014,0.8611987233161926,0.8524991273880005,0.7096776366233826,nan,22.364055395126343,0.1528710275888443,0.10979212338437902,0.21319948136806488

8,2.418457508087158,0.2272139936685562,0.8298911452293396,0.8595197200775146,0.9023101329803467,0.8458335399627686,0.8637057542800903,0.8642517328262329,0.8634374737739563,0.832909345626831,0.5,0.8614531755447388,0.898698091506958,0.902717649936676,0.8702555894851685,0.8706624507904053,0.8806382417678833,0.8578919172286987,0.8604355454444885,0.856110692024231,0.7867242097854614,0.8562633991241455,0.7746540904045105,0.8510735630989075,0.8078762292861938,0.8446117639541626,0.7896102666854858,0.7881855964660645,0.7371018528938293,0.7172585725784302,0.7193955183029175,0.8024829626083374,0.8978331089019775,0.8572300672531128,0.8313925266265869,0.7733794450759888,0.8897438645362854,0.8612496256828308,0.8553988337516785,0.7727180123329163,0.7897628545761108,0.8514299392700195,0.8573318719863892,0.8607916831970215,0.8531602621078491,0.714104175567627,nan,21.564788818359375,0.17246010899543762,-0.11667143331407233,0.2272139936685562

9,2.337477922439575,0.2613060474395752,0.8369284868240356,0.8634883165359497,0.9054645299911499,0.8488350510597229,0.8657916188240051,0.8636410236358643,0.8659814596176147,0.8295512199401855,0.6138556003570557,0.8658288717269897,0.9011401534080505,0.9055156111717224,0.8701539039611816,0.8730029463768005,0.9028702974319458,0.8579937219619751,0.8607916831970215,0.8551948666572571,0.8805871605873108,0.8586547374725342,0.736849844455719,0.8472575545310974,0.8064516186714172,0.8380482196807861,0.7926121950149536,0.8010073900222778,0.7344560623168945,0.7193446755409241,0.7228553891181946,0.8019741773605347,0.900631308555603,0.8581967949867249,0.8875061869621277,0.774753212928772,0.8927963972091675,0.8652691841125488,0.8537706732749939,0.7788745164871216,0.792866587638855,0.8532615900039673,0.855347752571106,0.8611987233161926,0.8517356514930725,0.7172588109970093,nan,21.787354946136475,0.20073258876800537,-0.3301285877460965,0.2613060474395752

10,2.2555184364318848,0.27720901370048523,0.8432654142379761,0.8680167198181152,0.900834858417511,0.8565177917480469,0.8665038347244263,0.8478172421455383,0.8668973445892334,0.8307214975357056,0.8220300674438477,0.8700518608093262,0.9052101373672485,0.9059224724769592,0.870815098285675,0.8748855590820312,0.9000718593597412,0.861046314239502,0.8607407808303833,0.8468505144119263,0.8921353816986084,0.8639971613883972,0.724943220615387,0.840490460395813,0.8071130514144897,0.8352497816085815,0.7968860864639282,0.8113870024681091,0.7370510101318359,0.7214816212654114,0.727129340171814,0.8045181632041931,0.9007331132888794,0.8583494424819946,0.8964089155197144,0.7783148288726807,0.8947296738624573,0.8692886829376221,0.8562635183334351,0.7836573123931885,0.7963264584541321,0.8595705628395081,0.8513286113739014,0.8616057634353638,0.8571791648864746,0.7228553891181946,nan,22.069390296936035,0.21993613243103027,-0.5419841259614265,0.27720901370048523

11,2.179460287094116,0.2974853515625,0.8456635475158691,0.8786506652832031,0.9052101373672485,0.8674061298370361,0.868793249130249,0.7714459896087646,0.8691869378089905,0.8346901535987854,0.8808920383453369,0.879770040512085,0.9051592350006104,0.9058207273483276,0.8751399517059326,0.8834334015846252,0.9060242176055908,0.861809492111206,0.862623393535614,0.8398290276527405,0.8952386975288391,0.8758013248443604,0.7080516219139099,0.8392184972763062,0.806604266166687,0.8369797468185425,0.7962247133255005,0.8179505467414856,0.7389844655990601,0.7222448587417603,0.7330314517021179,0.8091991543769836,0.9050066471099854,0.8592144250869751,0.9020559787750244,0.7875241637229919,0.9044469594955444,0.8792612552642822,0.8552459478378296,0.7840133905410767,0.7955123782157898,0.8662867546081543,0.8560091257095337,0.8635392189025879,0.8496489524841309,0.7240256071090698,nan,22.10973358154297,0.2451666295528412,-0.7559500517872169,0.2974853515625

12,2.122056722640991,0.30662956833839417,0.8438143730163574,0.8837895393371582,0.9050574898719788,0.8726978302001953,0.8703703880310059,0.7707337141036987,0.8704589605331421,0.8368270993232727,0.8908125162124634,0.88490891456604,0.9030225276947021,0.9055663347244263,0.8110817074775696,0.8882670402526855,0.9055663347244263,0.8597745299339294,0.8659305572509766,0.8380482196807861,0.9014962911605835,0.88109290599823,0.717666506767273,0.8400325775146484,0.8082324266433716,0.8378956317901611,0.7963773012161255,0.820341944694519,0.7416301965713501,0.7233642339706421,0.7457515001296997,0.8141345381736755,0.902768075466156,0.8617584109306335,0.9013945460319519,0.7924087047576904,0.9002752304077148,0.8840439319610596,0.8362675905227661,0.7836573123931885,0.7958685159683228,0.8695939779281616,0.8581459522247314,0.8664902448654175,0.7614738941192627,0.7203624844551086,nan,21.927837133407593,0.25475168228149414,-0.972630089218675,0.30662956833839417
13,2.0754404067993164,0.3073253035545349,0.8416473865509033,0.8851124048233032,0.9054645299911499,0.8773277997970581,0.8713878393173218,0.7694616913795471,0.8714765310287476,0.8398799300193787,0.8842496871948242,0.8861809372901917,0.9055663347244263,0.9016998410224915,0.786964476108551,0.8884705305099487,0.9058207273483276,0.8607410192489624,0.867965817451477,0.8378956317901611,0.9014962911605835,0.8832807540893555,0.7158854603767395,0.8410501480102539,0.8110817074775696,0.8391166925430298,0.7971913814544678,0.8216648101806641,0.7431057095527649,0.7234150767326355,0.7623384594917297,0.8170347213745117,0.9030733704566956,0.8630813360214233,0.9016998410224915,0.7973440885543823,0.8956454992294312,0.8854176998138428,0.762542188167572,0.785997748374939,0.7970387935638428,0.8218683004379272,0.8581459522247314,0.8685764074325562,0.7641192674636841,0.7231606841087341,nan,22.359997272491455,0.2586531639099121,-1.1909222311367396,0.3073253035545349
14,2.0256295204162598,0.3158731758594513,0.8406672477722168,0.8867406249046326,0.9051083326339722,0.8789559602737427,0.8709299564361572,0.7684440612792969,0.8709168434143066,0.8395746350288391,0.89640873670578,0.8875547051429749,0.9051083326339722,0.9051592350006104,0.7864556908607483,0.8897425532341003,0.9052101373672485,0.8621656894683838,0.8682202100753784,0.8374885320663452,0.8965104818344116,0.88490891456604,0.7143585681915283,0.8424239158630371,0.8152030110359192,0.840694010257721,0.7973949313163757,0.8233948945999146,0.7422916293144226,0.7241274118423462,0.7694616913795471,0.8204436898231506,0.904904842376709,0.8625726699829102,0.9052610397338867,0.802381157875061,0.9020557403564453,0.8864861726760864,0.7621351480484009,0.7881346940994263,0.7971405386924744,0.7771956920623779,0.8082326650619507,0.8688308000564575,0.7617789506912231,0.7239238619804382,nan,21.83111000061035,0.2691199779510498,-1.415152890890046,0.3158731758594513
15,1.9768296480178833,0.33465859293937683,0.8386158347129822,0.8877582550048828,0.902768075466156,0.8786506652832031,0.8709299564361572,0.7697160840034485,0.871018648147583,0.8392693996429443,0.9049557447433472,0.8885214328765869,0.9048539400100708,0.9050066471099854,0.7858960032463074,0.890607476234436,0.9028698205947876,0.7770428657531738,0.8691869378089905,0.8368270993232727,0.9028189778327942,0.8859264850616455,0.70402991771698,0.8439503312110901,0.8166276216506958,0.8421695232391357,0.7973440885543823,0.8290424346923828,0.7374071478843689,0.7239238619804382,0.7734812498092651,0.8216648101806641,0.904752254486084,0.8674061298370361,0.9028698205947876,0.8088938593864441,0.9039890170097351,0.8870458602905273,0.7646282911300659,0.7895084619522095,0.7969878911972046,0.7791798114776611,0.767731785774231,0.8696448802947998,0.7640177011489868,0.7246870994567871,nan,22.44827914237976,0.29043880105018616,-1.656877671448306,0.33465859293937683

16,1.9438366889953613,0.3432064354419708,0.8385962247848511,0.8885214328765869,0.9052101373672485,0.8780909776687622,0.8717440366744995,0.7659002542495728,0.8719344735145569,0.8410501480102539,0.8985963463783264,0.889284610748291,0.9030225276947021,0.9053118824958801,0.7863539457321167,0.8909636735916138,0.9052610397338867,0.7698687314987183,0.8681693077087402,0.8390149474143982,0.9030225276947021,0.8870967626571655,0.6941084861755371,0.8458837866783142,0.8219192028045654,0.8432379961013794,0.7993283867835999,0.8301109075546265,0.7363386750221252,0.7238221168518066,0.7742953300476074,0.8246158361434937,0.9029207229614258,0.8680167198181152,0.9030225276947021,0.8115905523300171,0.8993593454360962,0.887961745262146,0.7653403878211975,0.7926630973815918,0.7983616590499878,0.7800956964492798,0.7664597630500793,0.8703063130378723,0.7624404430389404,0.7244327068328857,nan,22.165268421173096,0.29953238368034363,-1.8957437807778315,0.3432064354419708
17,1.9097479581832886,0.35374218225479126,0.8394964933395386,0.8884196281433105,0.902971625328064,0.87992262840271,0.8734228610992432,0.7669177055358887,0.8737152814865112,0.8424239158630371,0.9051592350006104,0.889132022857666,0.900834858417511,0.9052101373672485,0.7848786115646362,0.8910654187202454,0.9053627848625183,0.7680370807647705,0.8623180985450745,0.8391166925430298,0.8987489938735962,0.8872494101524353,0.6948713064193726,0.8475119471549988,0.8255825638771057,0.8448153138160706,0.8022794723510742,0.8349445462226868,0.7374579906463623,0.7245852947235107,0.7749058604240417,0.8306705951690674,0.9051083326339722,0.8688308000564575,0.9052101373672485,0.8208507299423218,0.8967137336730957,0.8874529600143433,0.7628474235534668,0.7973440885543823,0.8015162348747253,0.7813167572021484,0.7655439376831055,0.8712221384048462,0.7623895406723022,0.7257555723190308,nan,21.98480463027954,0.30869147181510925,-2.1351377930606574,0.35374218225479126
18,1.911363959312439,0.34151673316955566,0.8376126289367676,0.8882672190666199,0.9053627848625183,0.8157122135162354,0.879426121711731,0.7667652368545532,0.8756999969482422,0.8424239158630371,0.8962560892105103,0.8905566334724426,0.8989015817642212,0.9034295082092285,0.7815718054771423,0.8920321464538574,0.9034295082092285,0.7629496455192566,0.8630813360214233,0.8431870937347412,0.8965613842010498,0.8883687853813171,0.6946677565574646,0.8502594828605652,0.8291952610015869,0.8473083972930908,0.8048234581947327,0.8311285376548767,0.7425969243049622,0.724992573261261,0.7753638029098511,0.8289408683776855,0.8963069915771484,0.8647607564926147,0.9011401534080505,0.8170347213745117,0.8932541608810425,0.8893864154815674,0.762287974357605,0.8022794723510742,0.8045181632041931,0.7813169956207275,0.7583706378936768,0.8735626339912415,0.7614738941192627,0.7247384190559387,nan,21.991945028305054,0.2981148660182953,-2.358821540925792,0.34151673316955566

19,1.8313888311386108,0.3812742233276367,0.8389856815338135,0.8901495933532715,0.9048539400100708,0.7814185619354248,0.8803927898406982,0.7656456828117371,0.8807367086410522,0.8436959385871887,0.9046504497528076,0.8907092809677124,0.9048539400100708,0.9048539400100708,0.7837083339691162,0.8920830488204956,0.9048539400100708,0.7665615081787109,0.8593161702156067,0.840694010257721,0.9047013521194458,0.8890302181243896,0.6918184757232666,0.8518368005752563,0.83631831407547,0.846036434173584,0.8050270080566406,0.838607907295227,0.7342016696929932,0.7258573174476624,0.774193525314331,0.8353515863418579,0.9048539400100708,0.8693395853042603,0.9048539400100708,0.8264475464820862,0.9003258347511292,0.8867406249046326,0.765035092830658,0.8075709342956543,0.805433988571167,0.7813167572021484,0.7653403878211975,0.871018648147583,0.7643736600875854,0.7268240451812744,nan,22.127323389053345,0.3392316997051239,-2.699701440961114,0.3812742233276367

20,1.784040093421936,0.4185468554496765,0.8398582935333252,0.8918795585632324,0.904904842376709,0.7829958200454712,0.8816646337509155,0.7682914733886719,0.8816525936126709,0.844153881072998,0.9048539400100708,0.8920321464538574,0.904904842376709,0.9050066471099854,0.7861503958702087,0.8924391865730286,0.904904842376709,0.7689020037651062,0.8591635227203369,0.8397272825241089,0.9048539400100708,0.8911163210868835,0.690190315246582,0.8550931215286255,0.8412027955055237,0.8481733798980713,0.8065533638000488,0.8404396176338196,0.7339472770690918,0.7264170050621033,0.7737356424331665,0.837844729423523,0.9048539400100708,0.8697466254234314,0.904904842376709,0.8290424346923828,0.9027169942855835,0.8815507888793945,0.7657985091209412,0.8097079396247864,0.8072148561477661,0.7826396226882935,0.7682405710220337,0.8705098628997803,0.763458251953125,0.7265187501907349,nan,22.058086395263672,0.3790685534477234,-3.032202871641313,0.4185468554496765

21,1.7386411428451538,0.4291819930076599,0.8407285213470459,0.8927444815635681,0.9049557447433472,0.7837589979171753,0.8816137313842773,0.7681896686553955,0.8817034959793091,0.8474102020263672,0.9046504497528076,0.8927444815635681,0.9049557447433472,0.9050066471099854,0.7859468460083008,0.8925918340682983,0.9049557447433472,0.7695125341415405,0.8593161702156067,0.8401851654052734,0.904904842376709,0.8921847939491272,0.6903938055038452,0.8566703796386719,0.8441029787063599,0.8502594828605652,0.8100132346153259,0.8411010503768921,0.7393914461135864,0.7266205549240112,0.774193525314331,0.8426274657249451,0.9049557447433472,0.8722397089004517,0.9049557447433472,0.8311285376548767,0.9009361863136292,0.8810420036315918,0.767528235912323,0.8133204579353333,0.8105729222297668,0.7835555076599121,0.7635600566864014,0.8699501752853394,0.7651370763778687,0.7268240451812744,nan,22.027753353118896,0.38852810859680176,-3.3864987161687727,0.4291819930076599

22,1.7001993656158447,0.4361395537853241,0.8422275185585022,0.8929480314254761,0.9051083326339722,0.785845160484314,0.8817663788795471,0.7694616913795471,0.8818052411079407,0.8550422191619873,0.9047013521194458,0.8929480314254761,0.9049557447433472,0.9053118824958801,0.7861503958702087,0.8928971290588379,0.9049557447433472,0.7705301642417908,0.8594688177108765,0.8411519527435303,0.9047013521194458,0.8920830488204956,0.6901394128799438,0.8567721843719482,0.8449679613113403,0.8520911931991577,0.8132187128067017,0.8418642282485962,0.743919849395752,0.7270784378051758,0.7796376943588257,0.851378858089447,0.904904842376709,0.8755978345870972,0.9049557447433472,0.8351989388465881,0.8955428600311279,0.8808894157409668,0.7686984539031982,0.8183575868606567,0.8132695555686951,0.7853363156318665,0.769054651260376,0.8698992729187012,0.7683423161506653,0.7313015460968018,nan,22.85773777961731,0.39652934670448303,-3.7640550444868093,0.4361395537853241

23,1.6693404912948608,0.4430971145629883,0.8429509997367859,0.8928462266921997,0.9053118824958801,0.7857942581176758,0.8823260068893433,0.770224928855896,0.8826701641082764,0.8556528091430664,0.904752254486084,0.8928462266921997,0.9052610397338867,0.9055663347244263,0.785845160484314,0.8925918340682983,0.9052101373672485,0.771700382232666,0.8596723079681396,0.8432888984680176,0.9049557447433472,0.8919304013252258,0.6892744302749634,0.8568739295005798,0.8455785512924194,0.8536175489425659,0.8136765956878662,0.8425765633583069,0.7477867007255554,0.7268749475479126,0.7936297655105591,0.8541772365570068,0.9051083326339722,0.879770040512085,0.9052101373672485,0.8396763801574707,0.8809402585029602,0.8808894157409668,0.7681387662887573,0.8197822570800781,0.813625693321228,0.785285472869873,0.7685458660125732,0.8689325451850891,0.7658493518829346,0.7418845891952515,nan,22.16471552848816,0.40473228693008423,-4.171421925361132,0.4430971145629883
24,1.645534634590149,0.44876253604888916,0.8434399366378784,0.8925409317016602,0.9061260223388672,0.7865065336227417,0.8841575384140015,0.7748041152954102,0.8844001293182373,0.8539228439331055,0.904904842376709,0.8925409317016602,0.9059224724769592,0.9062786102294922,0.784064531326294,0.892337441444397,0.905871570110321,0.7764831781387329,0.859774112701416,0.8433398008346558,0.901038408279419,0.891167163848877,0.6852551102638245,0.8568739295005798,0.8452223539352417,0.8551440238952637,0.814795970916748,0.8430345058441162,0.7501271963119507,0.7270275950431824,0.7975475788116455,0.8531596660614014,0.9057698249816895,0.8810420036315918,0.9057698249816895,0.8407957553863525,0.8701536655426025,0.8804314732551575,0.766511082649231,0.8212068676948547,0.8145415782928467,0.7859468460083008,0.7711915969848633,0.8694921731948853,0.7707846164703369,0.7499237060546875,nan,22.627666473388672,0.4113939702510834,-4.568131170717389,0.44876253604888916
25,1.627305269241333,0.4462777078151703,0.8440605401992798,0.8931515216827393,0.9084664583206177,0.7869136333465576,0.8860398530960083,0.782944917678833,0.886435329914093,0.851378858089447,0.9026154279708862,0.8931006193161011,0.905261218547821,0.9088734984397888,0.786964476108551,0.8931006193161011,0.9074488878250122,0.7835046052932739,0.8606390953063965,0.8462908267974854,0.905871570110321,0.8883687853813171,0.6838811635971069,0.8569756746292114,0.8447644114494324,0.855398416519165,0.8138800859451294,0.8407957553863525,0.7512465715408325,0.7291645407676697,0.7977510690689087,0.8507174253463745,0.9071944952011108,0.8811947107315063,0.9051085710525513,0.8390149474143982,0.8564162254333496,0.8804823160171509,0.7752111554145813,0.8198330998420715,0.8151012659072876,0.7866083383560181,0.7737358212471008,0.8700518608093262,0.7727181911468506,0.7506359815597534,nan,21.834949731826782,0.4068012535572052,-4.9646193960554,0.4462777078151703
26,1.6985150575637817,0.4093032479286194,0.8399345874786377,0.8952376246452332,0.9015985131263733,0.7825385332107544,0.8902624845504761,0.7844206690788269,0.8858760595321655,0.8492932319641113,0.8894387483596802,0.8932534456253052,0.9010896682739258,0.9092807769775391,0.7857438325881958,0.8960008025169373,0.9054650068283081,0.7820804119110107,0.8649129867553711,0.84995436668396,0.8894898891448975,0.8810426592826843,0.6760460138320923,0.8536689281463623,0.8425258994102478,0.8544827699661255,0.8151521682739258,0.8326555490493774,0.7565891742706299,0.7324211001396179,0.7975478172302246,0.8460370302200317,0.8939671516418457,0.8676618337631226,0.8983932733535767,0.8358603715896606,0.8065544366836548,0.8806350231170654,0.7690554857254028,0.8102682828903198,0.8125576972961426,0.7815209627151489,0.7742449045181274,0.8722397089004517,0.7690046429634094,0.7426493167877197,nan,22.445791482925415,0.3715684711933136,-5.222447129820109,0.4093032479286194
27,1.6095776557922363,0.44210317730903625,0.8437021970748901,0.8939656019210815,0.9106036424636841,0.7846242189407349,0.8885836601257324,0.7857942581176758,0.8884705305099487,0.8514299392700195,0.9001225233078003,0.8913200497627258,0.9121807217597961,0.9114686250686646,0.7855908870697021,0.893660306930542,0.9120789766311646,0.7832504510879517,0.8619619607925415,0.8495471477508545,0.9035823941230774,0.8822633624076843,0.6803195476531982,0.857280969619751,0.8420679569244385,0.8549404740333557,0.8145415782928467,0.8415080904960632,0.7542484998703003,0.7333875894546509,0.8006004095077515,0.8510227203369141,0.9064825773239136,0.8818560838699341,0.9115701913833618,0.8374378681182861,0.8062483072280884,0.8804314732551575,0.7762287855148315,0.8166787624359131,0.8171873092651367,0.7864047884941101,0.7755166292190552,0.8713239431381226,0.7756690979003906,0.7567929029464722,nan,21.786086320877075,0.4067871570587158,-5.669513946190445,0.44210317730903625

28,1.5573124885559082,0.47112613916397095,0.8445170521736145,0.8921339511871338,0.9152335524559021,0.7861503958702087,0.8890923857688904,0.7865574359893799,0.8889793157577515,0.8562124967575073,0.9053118824958801,0.8916760087013245,0.9151318073272705,0.91365647315979,0.7862012386322021,0.8905566334724426,0.9150809049606323,0.7867609262466431,0.8603338003158569,0.8481733798980713,0.9096876382827759,0.8813472986221313,0.6692787408828735,0.8567721843719482,0.8449170589447021,0.8562124967575073,0.814032793045044,0.8427292108535767,0.7533326148986816,0.7312506437301636,0.8009565472602844,0.8538719415664673,0.9146230220794678,0.8814999461174011,0.9127405881881714,0.841660737991333,0.7970387935638428,0.8805332183837891,0.7773481607437134,0.8190190196037292,0.8173400163650513,0.785997748374939,0.7795868515968323,0.8706624507904053,0.7739393711090088,0.761626124382019,nan,22.164498329162598,0.43233102560043335,-6.223328931160303,0.47112613916397095
29,1.5271966457366943,0.48623397946357727,0.8445979356765747,0.8916251063346863,0.9163528680801392,0.7859468460083008,0.8893976211547852,0.7866592407226562,0.8894372582435608,0.858603835105896,0.9052610397338867,0.8912689685821533,0.9163020253181458,0.9164546728134155,0.785997748374939,0.8897933959960938,0.916149377822876,0.7870153784751892,0.8606899380683899,0.848885715007782,0.9107052087783813,0.8809402585029602,0.656812846660614,0.8570774793624878,0.8452732563018799,0.8569247722625732,0.8148977160453796,0.8427292108535767,0.7541975975036621,0.728452205657959,0.8051795959472656,0.8562633991241455,0.9156405925750732,0.8813982009887695,0.9159967303276062,0.8421695232391357,0.7868627309799194,0.8805841207504272,0.7747534513473511,0.8197313547134399,0.8187646269798279,0.7859468460083008,0.7806044816970825,0.8709677457809448,0.7767375707626343,0.7632033824920654,nan,22.032233953475952,0.448093980550766,-6.739460012308706,0.48623397946357727
30,1.5046395063400269,0.49637213349342346,0.8447805643081665,0.8917268514633179,0.9165564179420471,0.7857942581176758,0.8907712697982788,0.7865065336227417,0.890811026096344,0.861656665802002,0.9055663347244263,0.8912689685821533,0.9165055751800537,0.9166581630706787,0.7857942581176758,0.8891828656196594,0.9164546728134155,0.7866592407226562,0.8621654510498047,0.8515315055847168,0.9126895666122437,0.8809402585029602,0.6477053165435791,0.8568739295005798,0.8452223539352417,0.8569247722625732,0.8167803287506104,0.8411519527435303,0.7562328577041626,0.7269766926765442,0.8087412118911743,0.8564159870147705,0.9164037704467773,0.8812963962554932,0.9164546728134155,0.8399816751480103,0.7857942581176758,0.8805841207504272,0.7769919633865356,0.816678524017334,0.8202401399612427,0.7857433557510376,0.7807570695877075,0.8714765310287476,0.7766357660293579,0.7653403878211975,nan,21.732842683792114,0.4590720236301422,-7.234708385052352,0.49637213349342346

31,1.4851336479187012,0.5013418197631836,0.8450082540512085,0.891777753829956,0.9165564179420471,0.7857433557510376,0.8918396234512329,0.787168025970459,0.891777753829956,0.8636410236358643,0.905871570110321,0.8917268514633179,0.9165564179420471,0.9166073203086853,0.7857433557510376,0.8893864154815674,0.9165055751800537,0.7873715162277222,0.862826943397522,0.8521420955657959,0.9138088822364807,0.8809402585029602,0.642922580242157,0.8568739295005798,0.8452223539352417,0.8569756746292114,0.8183066844940186,0.8392693996429443,0.7580136060714722,0.7263152599334717,0.8088938593864441,0.8575862646102905,0.9164546728134155,0.8819069862365723,0.9164546728134155,0.8369288444519043,0.785641610622406,0.8806350231170654,0.778569221496582,0.8161188364028931,0.8211560249328613,0.7856924533843994,0.7822326421737671,0.8712730407714844,0.7764325141906738,0.7688511610031128,nan,22.138350248336792,0.46374547481536865,-7.7366900901388735,0.5013418197631836

32,1.4662518501281738,0.5063114762306213,0.8453018069267273,0.8920830488204956,0.9166581630706787,0.7857942581176758,0.8926536440849304,0.7865574359893799,0.8926427364349365,0.8673043251037598,0.905871570110321,0.8916760087013245,0.9166581630706787,0.9166581630706787,0.7857942581176758,0.8899461030960083,0.9166581630706787,0.7869136333465576,0.8644042015075684,0.8546351790428162,0.914419412612915,0.8809402585029602,0.6405311822891235,0.8571283221244812,0.8451205492019653,0.8571283221244812,0.8192734718322754,0.8397781848907471,0.7596417665481567,0.7262135148048401,0.8072656989097595,0.8588073253631592,0.9166581630706787,0.8818560838699341,0.9166581630706787,0.8343848586082458,0.785641610622406,0.8809402585029602,0.7783148288726807,0.8146433234214783,0.8216139078140259,0.7857942581176758,0.7822326421737671,0.8724432587623596,0.7779078483581543,0.7713442444801331,nan,21.84981608390808,0.4711010158061981,-8.243901730389448,0.5063114762306213

33,1.448025107383728,0.5116787552833557,0.8454878330230713,0.8925918340682983,0.9166073203086853,0.7857942581176758,0.894383430480957,0.7867609262466431,0.8943217992782593,0.8670499324798584,0.9054136276245117,0.8924391865730286,0.9166073203086853,0.9166073203086853,0.7857942581176758,0.8914724588394165,0.9166073203086853,0.7868118286132812,0.8655744791030884,0.8547878265380859,0.9154371023178101,0.8809402585029602,0.6391574144363403,0.8570774793624878,0.8452223539352417,0.8571283221244812,0.82090163230896,0.8414572477340698,0.761626124382019,0.7263661623001099,0.8026864528656006,0.8593161702156067,0.9165564179420471,0.8821613788604736,0.9165564179420471,0.8334181308746338,0.785641610622406,0.8808894157409668,0.7779586911201477,0.8131678104400635,0.8217665553092957,0.7857942581176758,0.7830976247787476,0.873664379119873,0.7764325141906738,0.7737865447998047,nan,22.426047801971436,0.47725775837898254,-8.778737214436031,0.5116787552833557

34,1.431283712387085,0.5157539248466492,0.8461951613426208,0.8922865390777588,0.9165564179420471,0.785997748374939,0.8977919816970825,0.7869136333465576,0.8977307081222534,0.8696448802947998,0.9063295125961304,0.8920321464538574,0.9165564179420471,0.9165564179420471,0.7859468460083008,0.8923883438110352,0.9165564179420471,0.787320613861084,0.8697974681854248,0.8606390953063965,0.9157423377037048,0.88109290599823,0.6378345489501953,0.8568739295005798,0.8452223539352417,0.8568230271339417,0.8214613199234009,0.8446117639541626,0.7620331645011902,0.7268240451812744,0.7990739941596985,0.8613513708114624,0.9165564179420471,0.8833825588226318,0.9165564179420471,0.8334181308746338,0.783504843711853,0.8806350231170654,0.7786201238632202,0.8128625154495239,0.8216139078140259,0.7857942581176758,0.7846239805221558,0.8767681121826172,0.7790780067443848,0.7755672931671143,nan,21.87685513496399,0.48153162002563477,-9.324740125578211,0.5157539248466492
35,1.4507999420166016,0.49110427498817444,0.8453734517097473,0.8937112092971802,0.9116214513778687,0.7850821018218994,0.8949429988861084,0.7876768112182617,0.894983172416687,0.8581967949867249,0.9061768651008606,0.8935585618019104,0.9095355868339539,0.9162511825561523,0.787320613861084,0.8934568166732788,0.9162511825561523,0.7887452840805054,0.8645059466362,0.8543807864189148,0.9109091758728027,0.8818560838699341,0.6398188471794128,0.8571283221244812,0.8428311347961426,0.8570265769958496,0.8197824358940125,0.8446626663208008,0.7665106058120728,0.7390862107276917,0.7998880743980408,0.8528037071228027,0.9158440828323364,0.8852651119232178,0.9160476326942444,0.832909345626831,0.7843698263168335,0.8806858658790588,0.7809097766876221,0.812150239944458,0.8228859305381775,0.786964476108551,0.7822836637496948,0.8741223216056824,0.771599531173706,0.7788745164871216,nan,22.084116458892822,0.45765742659568787,-9.701776976756483,0.49110427498817444
36,1.480425238609314,0.47490307688713074,0.8452786803245544,0.8952376246452332,0.9094338417053223,0.7882364988327026,0.8958078622817993,0.7872697710990906,0.8935078978538513,0.8623180985450745,0.8986474275588989,0.8952884674072266,0.9115706086158752,0.916149377822876,0.7841156721115112,0.8937114477157593,0.9139108657836914,0.7887961864471436,0.8656764030456543,0.8575864434242249,0.9064321517944336,0.8840439319610596,0.6402770280838013,0.8566194772720337,0.8447644114494324,0.8562633991241455,0.8228350877761841,0.8409485816955566,0.770377516746521,0.7575557231903076,0.8008549809455872,0.8548389077186584,0.9093320369720459,0.8828738927841187,0.9137582182884216,0.8337234258651733,0.7855908870697021,0.8801770210266113,0.770632803440094,0.8078253865242004,0.8239544034004211,0.7831997871398926,0.7775012254714966,0.8763610124588013,0.7730746269226074,0.7796381711959839,nan,22.473230600357056,0.4447638988494873,-10.030421634754074,0.47490307688713074
37,1.421526551246643,0.5085975527763367,0.8469845652580261,0.893660306930542,0.914012610912323,0.7860995531082153,0.8975884914398193,0.7865574359893799,0.8971710205078125,0.8666937947273254,0.9066856503486633,0.8914217948913574,0.91187584400177,0.9119776487350464,0.784064531326294,0.8947287797927856,0.9164037704467773,0.7873715162277222,0.8706624507904053,0.8623180985450745,0.9147247076034546,0.8817034959793091,0.6397171020507812,0.8573318719863892,0.8431364297866821,0.8569756746292114,0.8224279880523682,0.8429327011108398,0.7685458660125732,0.7623384594917297,0.8011600971221924,0.8611478805541992,0.9162002801895142,0.8840948343276978,0.9162002801895142,0.8333672285079956,0.7860486507415771,0.8805332183837891,0.778416633605957,0.809249997138977,0.8228350877761841,0.7858960032463074,0.7822835445404053,0.8789559602737427,0.7742955088615417,0.7843186855316162,nan,22.217594623565674,0.4815504848957062,-10.687466142808168,0.5085975527763367
38,1.3948060274124146,0.5195308327674866,0.8485124111175537,0.8940165042877197,0.9162511825561523,0.785845160484314,0.900895357131958,0.7864047884941101,0.9001221060752869,0.8704589605331421,0.9063295125961304,0.8940674066543579,0.9164546728134155,0.9165564179420471,0.785997748374939,0.8953393697738647,0.9164546728134155,0.8159664273262024,0.8732573390007019,0.8651673793792725,0.9150809049606323,0.8813982009887695,0.6406838297843933,0.857280969619751,0.8456293940544128,0.8571283221244812,0.8226315379142761,0.8506156206130981,0.7674773931503296,0.7613717317581177,0.7988704442977905,0.8623689413070679,0.9162511825561523,0.8846545219421387,0.9162511825561523,0.8338251709938049,0.7860486507415771,0.8807876110076904,0.7753639817237854,0.8064517974853516,0.8229367733001709,0.785845160484314,0.7839117050170898,0.8809911608695984,0.773430585861206,0.7842678427696228,nan,22.51528549194336,0.49540963768959045,-11.359875336921828,0.5195308327674866

39,1.3656694889068604,0.539608359336853,0.8505038022994995,0.8935585618019104,0.9166581630706787,0.7857942581176758,0.9038461446762085,0.785997748374939,0.9031240344047546,0.8733590841293335,0.9057189226150513,0.8934568166732788,0.9166581630706787,0.9166581630706787,0.785845160484314,0.8952376246452332,0.9166581630706787,0.8792614340782166,0.8758522272109985,0.8676605224609375,0.9159967303276062,0.8811438083648682,0.6393100619316101,0.8569756746292114,0.8451714515686035,0.8569756746292114,0.8217157125473022,0.8541772365570068,0.7694616913795471,0.7596417665481567,0.7981581687927246,0.8642515540122986,0.9166581630706787,0.884756326675415,0.9166073203086853,0.8339778184890747,0.7861503958702087,0.8808385133743286,0.7764831781387329,0.8103184700012207,0.8217665553092957,0.7857433557510376,0.7837589979171753,0.88373863697052,0.774600625038147,0.7849292755126953,nan,22.30784511566162,0.5153549313545227,-12.078754535383478,0.539608359336853
40,1.3510266542434692,0.5409998893737793,0.850398600101471,0.893507719039917,0.9166073203086853,0.785845160484314,0.9045584201812744,0.7859468460083008,0.9040907621383667,0.8744784593582153,0.905871570110321,0.8933550119400024,0.9166073203086853,0.9166073203086853,0.7857942581176758,0.8954920172691345,0.9166073203086853,0.8794649839401245,0.8749364018440247,0.8660832643508911,0.9162002801895142,0.8810420036315918,0.6374783515930176,0.8569247722625732,0.8453240990638733,0.8571791648864746,0.8196297883987427,0.8551948666572571,0.7707337141036987,0.7576066255569458,0.7981072664260864,0.8652691841125488,0.9166073203086853,0.8855195045471191,0.9166073203086853,0.8337743282318115,0.7860486507415771,0.8809402585029602,0.7738884687423706,0.8098605871200562,0.8217157125473022,0.7857433557510376,0.7835046052932739,0.8838913440704346,0.7742953300476074,0.7851836681365967,nan,21.61902356147766,0.5175355672836304,-12.763014700597353,0.5409998893737793

41,1.3379071950912476,0.5493489503860474,0.8510608673095703,0.8944234848022461,0.9166073203086853,0.785845160484314,0.9091371297836304,0.7838101387023926,0.908568263053894,0.8744784593582153,0.9056680202484131,0.8943217992782593,0.9166073203086853,0.9166073203086853,0.7857942581176758,0.897323727607727,0.9166073203086853,0.8804316520690918,0.878040075302124,0.8683728575706482,0.9164037704467773,0.8813472986221313,0.6378854513168335,0.8571283221244812,0.8452223539352417,0.8570774793624878,0.8218173980712891,0.8561615943908691,0.7727689146995544,0.7609138488769531,0.798565149307251,0.8645567893981934,0.9166073203086853,0.8856212496757507,0.9166073203086853,0.8339778184890747,0.7844715714454651,0.8809402585029602,0.7755672931671143,0.8090465068817139,0.8217665553092957,0.7857433557510376,0.7825379371643066,0.887961745262146,0.7741426825523376,0.7857942581176758,nan,22.316190242767334,0.5264870524406433,-13.41272785265253,0.5493489503860474

42,1.3231688737869263,0.553921103477478,0.8515404462814331,0.8942199945449829,0.9166073203086853,0.7857942581176758,0.9117826223373413,0.7859468460083008,0.9111630916595459,0.8745293617248535,0.9055663347244263,0.8941182494163513,0.9166073203086853,0.9166073203086853,0.7857942581176758,0.8977816104888916,0.9166073203086853,0.8809404373168945,0.8798717856407166,0.8697466254234314,0.9164546728134155,0.8811947107315063,0.6376819014549255,0.857280969619751,0.8452223539352417,0.8571283221244812,0.8216648101806641,0.8565177917480469,0.773430347442627,0.7621349096298218,0.7988195419311523,0.8647603392601013,0.9166073203086853,0.8862826824188232,0.9166073203086853,0.8340795636177063,0.7866083383560181,0.8809402585029602,0.7756181955337524,0.809453547000885,0.8216648101806641,0.7857942581176758,0.7832502126693726,0.8909636735916138,0.774040937423706,0.7864047884941101,nan,21.8973548412323,0.5302050709724426,-14.09565287458175,0.553921103477478
43,1.3102855682373047,0.5566046833992004,0.8518513441085815,0.8955937623977661,0.9166581630706787,0.7857433557510376,0.9143773317337036,0.7858960032463074,0.91309654712677,0.8743767142295837,0.9040400981903076,0.8941182494163513,0.9166581630706787,0.9166581630706787,0.7857433557510376,0.9007326364517212,0.9166581630706787,0.8827721476554871,0.8809402585029602,0.8714256286621094,0.9164546728134155,0.8814491033554077,0.6367151737213135,0.8571791648864746,0.8451714515686035,0.8570774793624878,0.8217665553092957,0.8570265769958496,0.7738373875617981,0.7624402046203613,0.7990739941596985,0.8651164770126343,0.9166581630706787,0.8869950175285339,0.9166581630706787,0.8341813087463379,0.7880838513374329,0.8809402585029602,0.772972583770752,0.8089956045150757,0.8216139078140259,0.785641610622406,0.7825379371643066,0.8931515216827393,0.7739900350570679,0.7868627309799194,nan,21.86480689048767,0.5339387655258179,-14.801833219218237,0.5566046833992004
44,1.2949591875076294,0.565748929977417,0.8520709276199341,0.8982903957366943,0.9166073203086853,0.785845160484314,0.9145299196243286,0.7857942581176758,0.9135544896125793,0.8741731643676758,0.9068892002105713,0.8933550119400024,0.9166073203086853,0.9166073203086853,0.785845160484314,0.903581976890564,0.9166073203086853,0.882975697517395,0.879362940788269,0.8693904876708984,0.9165564179420471,0.8828228712081909,0.6368678212165833,0.8576371073722839,0.8453240990638733,0.8572300672531128,0.8218173980712891,0.8567212820053101,0.774040937423706,0.7624911069869995,0.8001424670219421,0.8649638891220093,0.9166073203086853,0.8870967626571655,0.9166073203086853,0.8342322111129761,0.7893558740615845,0.8809911608695984,0.7743462324142456,0.8093518018722534,0.8218683004379272,0.7857942581176758,0.7801973819732666,0.8927953243255615,0.7739391326904297,0.7878294587135315,nan,21.847840785980225,0.5447714924812317,-15.490118057255527,0.565748929977417

45,1.2676455974578857,0.5839380025863647,0.8526569604873657,0.9031240344047546,0.9166073203086853,0.785997748374939,0.9178876876831055,0.785845160484314,0.9168617129325867,0.8725959062576294,0.9071944952011108,0.8928971290588379,0.9166073203086853,0.9166073203086853,0.785997748374939,0.904752254486084,0.9166073203086853,0.8839423656463623,0.8813982009887695,0.871018648147583,0.9163020253181458,0.8855195045471191,0.6368169188499451,0.8576371073722839,0.8453750014305115,0.8571283221244812,0.8221735954284668,0.8566194772720337,0.7741426825523376,0.7623893022537231,0.8012109398841858,0.8638954162597656,0.9166073203086853,0.8875547051429749,0.9165564179420471,0.8345375061035156,0.7909331321716309,0.8809911608695984,0.7742444276809692,0.8099114894866943,0.8218683004379272,0.785845160484314,0.7788745164871216,0.8955937623977661,0.7738882303237915,0.7908822298049927,nan,22.085181713104248,0.5638506412506104,-16.25355283939842,0.5839380025863647

46,1.247969150543213,0.5900009870529175,0.8531712293624878,0.9047013521194458,0.9166073203086853,0.7861503958702087,0.9191086292266846,0.785845160484314,0.9181337356567383,0.8722397089004517,0.9083647131919861,0.8928462266921997,0.9166073203086853,0.9166073203086853,0.7860995531082153,0.904752254486084,0.9166073203086853,0.8852652907371521,0.8809911608695984,0.8705098628997803,0.9164546728134155,0.8904039859771729,0.6366134285926819,0.8576880097389221,0.8452223539352417,0.8571283221244812,0.8224788904190063,0.8565177917480469,0.7747023105621338,0.7624911069869995,0.8035005331039429,0.8631830811500549,0.9166073203086853,0.8886740207672119,0.9166073203086853,0.8348937034606934,0.7944438457489014,0.8809402585029602,0.7741426825523376,0.8104202747344971,0.8220718502998352,0.7859468460083008,0.7791798114776611,0.8962552547454834,0.7738373875617981,0.7942403554916382,nan,22.124632596969604,0.5664467811584473,-17.03529676250264,0.5900009870529175
47,1.2331840991973877,0.5995427966117859,0.8537490963935852,0.9048539400100708,0.9165564179420471,0.7864556908607483,0.9215506315231323,0.7858960032463074,0.9206777215003967,0.8720362186431885,0.9095349311828613,0.8929480314254761,0.9166073203086853,0.9166073203086853,0.785997748374939,0.904904842376709,0.9166073203086853,0.8860793709754944,0.8833825588226318,0.8721380233764648,0.9163528680801392,0.8927953243255615,0.6365116834640503,0.8576880097389221,0.8453240990638733,0.8572300672531128,0.8219701051712036,0.8565177917480469,0.7754147052764893,0.7628981471061707,0.808486819267273,0.8626742362976074,0.9166073203086853,0.8890811204910278,0.9165055751800537,0.8355550765991211,0.7964791059494019,0.8810420036315918,0.7748550176620483,0.8079780340194702,0.8218173980712891,0.7856924533843994,0.7801973819732666,0.8990536332130432,0.7738882303237915,0.7960720062255859,nan,21.783241748809814,0.5773840546607971,-17.805485975551576,0.5995427966117859

48,1.2185559272766113,0.6032203435897827,0.8541605472564697,0.9048030972480774,0.9166073203086853,0.7883891463279724,0.9241453409194946,0.7857942581176758,0.9235270023345947,0.871171236038208,0.9096876382827759,0.8928971290588379,0.9166073203086853,0.9166073203086853,0.7877277135848999,0.9048539400100708,0.9166073203086853,0.886028528213501,0.8853159546852112,0.8743258714675903,0.9164037704467773,0.8928462266921997,0.6372239589691162,0.8577897548675537,0.8453240990638733,0.8571283221244812,0.8221226930618286,0.8560598492622375,0.7754655480384827,0.7634069323539734,0.8109290599822998,0.8612496256828308,0.9166073203086853,0.889132022857666,0.9166073203086853,0.8365727066993713,0.7974966764450073,0.8809402585029602,0.774040937423706,0.8091991543769836,0.8219192028045654,0.7856924533843994,0.778416633605957,0.9009870886802673,0.7738882303237915,0.7970896363258362,nan,21.9448184967041,0.5798710584640503,-18.60602675819833,0.6032203435897827
49,1.208338975906372,0.596064031124115,0.854602038860321,0.9047013521194458,0.9165055751800537,0.7925612926483154,0.9246031641960144,0.785845160484314,0.9241375923156738,0.8693904876708984,0.9134018421173096,0.8926936388015747,0.9165055751800537,0.9165055751800537,0.7912893295288086,0.9048030972480774,0.9165055751800537,0.8862320184707642,0.8858756422996521,0.8747837543487549,0.9164546728134155,0.8928971290588379,0.6381398439407349,0.8585529327392578,0.8453240990638733,0.8569756746292114,0.8230894804000854,0.8531087636947632,0.7763813734054565,0.765035092830658,0.8139818906784058,0.8596723079681396,0.9165055751800537,0.889132022857666,0.9164546728134155,0.836114764213562,0.7974457740783691,0.8808894157409668,0.7744988203048706,0.8115396499633789,0.8226823806762695,0.7859468460083008,0.7796376943588257,0.9012923240661621,0.774040937423706,0.7969369888305664,nan,22.792407751083374,0.5678840279579163,-19.38460726634182,0.596064031124115
50,1.193298101425171,0.5966603755950928,0.8550782203674316,0.904752254486084,0.9166073203086853,0.7962247133255005,0.9270451664924622,0.7857433557510376,0.9270377159118652,0.8690342903137207,0.9117227792739868,0.8928971290588379,0.9166073203086853,0.9166073203086853,0.7954106330871582,0.9054136276245117,0.9166073203086853,0.8872495889663696,0.8898952007293701,0.878243625164032,0.9165564179420471,0.8928462266921997,0.639869749546051,0.8582985401153564,0.8452223539352417,0.8571283221244812,0.8236491680145264,0.8499033451080322,0.7750585079193115,0.7645263075828552,0.8170347213745117,0.8581459522247314,0.9166073203086853,0.8900477886199951,0.9165564179420471,0.8346901535987854,0.7975475788116455,0.8809402585029602,0.774193525314331,0.8110308647155762,0.8228859305381775,0.7857433557510376,0.7795868515968323,0.903734564781189,0.7738373875617981,0.7972931861877441,nan,22.357816457748413,0.5654151439666748,-20.217276875463966,0.5966603755950928

51,1.1827082633972168,0.5965609550476074,0.8554203510284424,0.9048539400100708,0.9164037704467773,0.7974966764450073,0.9272995591163635,0.7858960032463074,0.9272921681404114,0.8690342903137207,0.9119263291358948,0.8928971290588379,0.9165055751800537,0.9165564179420471,0.7971913814544678,0.9062786102294922,0.9165564179420471,0.8880636692047119,0.8899969458580017,0.8784980177879333,0.9163528680801392,0.8928971290588379,0.644041895866394,0.8595197200775146,0.8452732563018799,0.8571791648864746,0.8246158361434937,0.8466978669166565,0.7748041152954102,0.7664088606834412,0.8185102343559265,0.858451247215271,0.9164546728134155,0.8906583786010742,0.9164037704467773,0.8324514031410217,0.7975475788116455,0.8809911608695984,0.7750076055526733,0.8125063180923462,0.82471764087677,0.7860486507415771,0.7775009870529175,0.9052101373672485,0.774040937423706,0.7981072664260864,nan,21.86127257347107,0.5642616748809814,-21.064055013320115,0.5965609550476074
52,1.1691510677337646,0.6100785136222839,0.8558167219161987,0.904752254486084,0.9165564179420471,0.7977510690689087,0.928113579750061,0.785845160484314,0.9281570911407471,0.8690342903137207,0.911773681640625,0.8928462266921997,0.9166073203086853,0.9166073203086853,0.7977510690689087,0.9062786102294922,0.9166073203086853,0.8887251615524292,0.8915233612060547,0.8798717856407166,0.9165055751800537,0.8927953243255615,0.6479597091674805,0.8610460758209229,0.8452223539352417,0.8570774793624878,0.8259387016296387,0.8455785512924194,0.774040937423706,0.7669685482978821,0.8192225694656372,0.8581459522247314,0.9166073203086853,0.890811026096344,0.9165055751800537,0.8321970105171204,0.7975475788116455,0.8809402585029602,0.7742953300476074,0.8120993375778198,0.8258370161056519,0.7856924533843994,0.7804009318351746,0.9055663347244263,0.7739391326904297,0.8008038997650146,nan,22.101641178131104,0.5824294686317444,-21.971608603170075,0.6100785136222839
53,1.4987461566925049,0.5080012083053589,0.8495364189147949,0.9033284187316895,0.9049057364463806,0.7955127954483032,0.918854296207428,0.7834030389785767,0.9116216897964478,0.8634376525878906,0.8950862884521484,0.8874028921127319,0.9072459936141968,0.9050583839416504,0.7932742834091187,0.9099932909011841,0.9031760096549988,0.8752938508987427,0.8818563222885132,0.8738170266151428,0.8956463932991028,0.8890310525894165,0.6551851034164429,0.8660323619842529,0.8475119471549988,0.8566197156906128,0.8193760514259338,0.8387614488601685,0.7820295095443726,0.7631540298461914,0.8136263489723206,0.8265525102615356,0.9006322622299194,0.8804323673248291,0.9091283082962036,0.8360130190849304,0.7916970252990723,0.8841457366943359,0.7668676376342773,0.8053335547447205,0.8283814191818237,0.7810123562812805,0.775873064994812,0.896713376045227,0.7708865404129028,0.7892553806304932,nan,21.954297304153442,0.4839758276939392,-21.041530544295036,0.5080012083053589
54,1.2912724018096924,0.5651525855064392,0.8538265228271484,0.9093314409255981,0.91365647315979,0.7987686991691589,0.9197191596031189,0.7827414274215698,0.9189987182617188,0.8661341071128845,0.908720850944519,0.8943726420402527,0.9091794490814209,0.9157423377037048,0.7987178564071655,0.9125368595123291,0.9159458875656128,0.8789563775062561,0.8858756422996521,0.8738170266151428,0.9132493734359741,0.8957972526550293,0.6504021883010864,0.8623180985450745,0.8434417247772217,0.8569247722625732,0.8218687772750854,0.8457313776016235,0.7827414274215698,0.775873064994812,0.8217157125473022,0.8229916095733643,0.9113670587539673,0.8770231008529663,0.9135546684265137,0.8357077836990356,0.7978528738021851,0.8814999461174011,0.7755672931671143,0.8158644437789917,0.8302128911018372,0.7898646593093872,0.7800447940826416,0.900529146194458,0.7692583799362183,0.7924090623855591,nan,22.27755379676819,0.538216769695282,-21.975388284540475,0.5651525855064392
55,1.1767780780792236,0.6104760766029358,0.856460452079773,0.908924400806427,0.9163020253181458,0.7976493239402771,0.926332950592041,0.785997748374939,0.9261727929115295,0.868118405342102,0.9071946740150452,0.8935585618019104,0.9163528680801392,0.9164037704467773,0.7976493239402771,0.9146230220794678,0.9165055751800537,0.8856723308563232,0.8893864154815674,0.877887487411499,0.9162002801895142,0.8940674066543579,0.6519283652305603,0.8638954162597656,0.8457820415496826,0.8570774793624878,0.8219702839851379,0.8463417291641235,0.7760252356529236,0.7754147052764893,0.8184084892272949,0.8621145486831665,0.9141143560409546,0.8875547051429749,0.9141143560409546,0.8348428010940552,0.7975475788116455,0.8811438083648682,0.7797397375106812,0.8143889307975769,0.8309249877929688,0.7873715162277222,0.785641610622406,0.9099420309066772,0.7746514678001404,0.7952581644058228,nan,21.79832935333252,0.587563157081604,-23.34154313412306,0.6104760766029358

56,1.1680946350097656,0.6213099956512451,0.8565194010734558,0.908720850944519,0.9163020253181458,0.7976493239402771,0.9265873432159424,0.7857942581176758,0.9264271855354309,0.8680675625801086,0.9109086990356445,0.8932024240493774,0.9163528680801392,0.9163528680801392,0.7975475788116455,0.9150809049606323,0.9164037704467773,0.886181116104126,0.8900986909866333,0.8790577054023743,0.9163020253181458,0.8937621116638184,0.6513686776161194,0.8634374737739563,0.8457311391830444,0.8570774793624878,0.8237508535385132,0.8461381793022156,0.7753129005432129,0.774753212928772,0.8192225694656372,0.8595707416534424,0.9163020253181458,0.8855705261230469,0.9163020253181458,0.8340287208557129,0.7974966764450073,0.8810420036315918,0.7786710262298584,0.8129644989967346,0.833061933517456,0.7867609262466431,0.7853363156318665,0.9078050255775452,0.7716497182846069,0.7995319366455078,nan,21.78342628479004,0.6000498533248901,-24.127775012729966,0.6213099956512451

57,1.146060824394226,0.6356226801872253,0.8567875623703003,0.9082120656967163,0.9165564179420471,0.7977510690689087,0.9273504018783569,0.7857942581176758,0.9272921681404114,0.8683728575706482,0.9096367359161377,0.8931515216827393,0.9165564179420471,0.9165564179420471,0.7977510690689087,0.9152335524559021,0.9166073203086853,0.8847056031227112,0.8909127712249756,0.879770040512085,0.9165564179420471,0.8931515216827393,0.6518774628639221,0.8644551038742065,0.8453750014305115,0.8571283221244812,0.8228859305381775,0.8457820415496826,0.7741426825523376,0.7750585079193115,0.8194260597229004,0.8629286289215088,0.9165564179420471,0.8863335847854614,0.9165564179420471,0.8339269161224365,0.7975475788116455,0.8811438083648682,0.7786710262298584,0.8145415782928467,0.8324005603790283,0.7870662212371826,0.785438060760498,0.9102981686592102,0.7738882303237915,0.7999389171600342,nan,22.081555128097534,0.6160020232200623,-25.008259838374588,0.6356226801872253
58,1.1331952810287476,0.6446675062179565,0.8571100234985352,0.9095349311828613,0.9165564179420471,0.7975984811782837,0.9278591871261597,0.7857942581176758,0.9279026985168457,0.8689325451850891,0.9096876382827759,0.8929480314254761,0.9166073203086853,0.9166073203086853,0.7975984811782837,0.9158949851989746,0.9166073203086853,0.8849599957466125,0.8918795585632324,0.8807367086410522,0.9165564179420471,0.8934568166732788,0.6534547805786133,0.8666937947273254,0.8453240990638733,0.8571791648864746,0.8241579532623291,0.8453750014305115,0.7739900350570679,0.7743462324142456,0.8195787072181702,0.8634374737739563,0.9166073203086853,0.8867406249046326,0.9166073203086853,0.833621621131897,0.7974457740783691,0.8810420036315918,0.7780095338821411,0.8160170912742615,0.833621621131897,0.7864556908607483,0.785641610622406,0.9122315645217896,0.7739391326904297,0.8002442121505737,nan,21.94784140586853,0.6249663829803467,-25.870639726331486,0.6446675062179565
59,1.1230374574661255,0.6490408778190613,0.8573145866394043,0.9095858335494995,0.9165564179420471,0.7976493239402771,0.928266167640686,0.785845160484314,0.9281570911407471,0.8689833879470825,0.9101964235305786,0.8929988741874695,0.9166073203086853,0.9166073203086853,0.7976493239402771,0.9156914949417114,0.9166073203086853,0.8848073482513428,0.8926427364349365,0.8820087909698486,0.9165055751800537,0.8930497169494629,0.6539126634597778,0.8682202100753784,0.8455276489257812,0.857280969619751,0.8262948989868164,0.8453750014305115,0.7737865447998047,0.774193525314331,0.8192734718322754,0.8633357286453247,0.9166073203086853,0.8868423700332642,0.9166073203086853,0.833469033241272,0.7975475788116455,0.8811947107315063,0.7767884731292725,0.8174926042556763,0.8352497816085815,0.7863539457321167,0.785641610622406,0.9141650199890137,0.7738373875617981,0.7990739941596985,nan,22.0023136138916,0.6299009323120117,-26.720981565672055,0.6490408778190613
60,1.1156772375106812,0.6523208618164062,0.8575376272201538,0.9114174842834473,0.9165055751800537,0.7975984811782837,0.9283679723739624,0.7859468460083008,0.928360641002655,0.8691360950469971,0.9099420309066772,0.8931006193161011,0.9165564179420471,0.9165564179420471,0.7975475788116455,0.9163528680801392,0.9165564179420471,0.88429856300354,0.8928462266921997,0.8825684785842896,0.9163528680801392,0.893304169178009,0.6542688608169556,0.8687798976898193,0.8462399244308472,0.8573827147483826,0.8286862373352051,0.8453750014305115,0.7738882303237915,0.774397075176239,0.8186628818511963,0.8646585941314697,0.9165055751800537,0.886435329914093,0.9165564179420471,0.833469033241272,0.7975475788116455,0.8813472986221313,0.7761778831481934,0.8187137842178345,0.8367762565612793,0.7866083383560181,0.7857942581176758,0.9149282574653625,0.7739391326904297,0.7978528738021851,nan,22.12859845161438,0.6334025263786316,-27.53159793254313,0.6523208618164062

61,1.1058775186538696,0.6562966108322144,0.8577237129211426,0.9119771718978882,0.9166073203086853,0.7976493239402771,0.9284696578979492,0.7857433557510376,0.9284623861312866,0.8691869378089905,0.9115192890167236,0.8928971290588379,0.9166073203086853,0.9166073203086853,0.7976493239402771,0.916149377822876,0.9166073203086853,0.8842476606369019,0.893304169178009,0.8829245567321777,0.9165055751800537,0.8931515216827393,0.6544215083122253,0.8688308000564575,0.8467487096786499,0.8572300672531128,0.8313320875167847,0.8453240990638733,0.7737865447998047,0.7742444276809692,0.818204939365387,0.8635901212692261,0.9166073203086853,0.886791467666626,0.9166073203086853,0.833469033241272,0.7975475788116455,0.88109290599823,0.7755672931671143,0.8202910423278809,0.839167594909668,0.7869136333465576,0.7856924533843994,0.9160476326942444,0.7738373875617981,0.7968860864639282,nan,22.48376226425171,0.6370393633842468,-28.417270206549617,0.6562966108322144

62,1.0972708463668823,0.6602723598480225,0.8579282760620117,0.9128930568695068,0.9166073203086853,0.7976493239402771,0.9285205602645874,0.7858960032463074,0.9285132884979248,0.8692377805709839,0.9115701913833618,0.8928971290588379,0.9166073203086853,0.9166073203086853,0.7976493239402771,0.9164037704467773,0.9166073203086853,0.8839423656463623,0.893304169178009,0.8839930891990662,0.9165055751800537,0.8931006193161011,0.6548794507980347,0.8689833879470825,0.8473083972930908,0.8571791648864746,0.8328584432601929,0.8453240990638733,0.7737865447998047,0.7741426825523376,0.8173908591270447,0.8645567893981934,0.9166073203086853,0.8868423700332642,0.9166073203086853,0.833469033241272,0.7975475788116455,0.8811947107315063,0.7751603126525879,0.8207489252090454,0.8422204256057739,0.7877785563468933,0.785641610622406,0.9163020253181458,0.7738373875617981,0.7966316938400269,nan,22.30538320541382,0.6412276029586792,-29.313126688673698,0.6602723598480225
63,1.0887149572372437,0.6650432348251343,0.8579930067062378,0.9129948019981384,0.9166073203086853,0.7975984811782837,0.9285714626312256,0.785845160484314,0.9286150336265564,0.8692377805709839,0.9119771718978882,0.8929480314254761,0.9166073203086853,0.9166073203086853,0.7975984811782837,0.9164546728134155,0.9166073203086853,0.8830774426460266,0.8940165042877197,0.8844510316848755,0.9164546728134155,0.8931006193161011,0.6549811959266663,0.8690342903137207,0.847562849521637,0.8571283221244812,0.8331637382507324,0.8453240990638733,0.7737865447998047,0.774040937423706,0.816678524017334,0.8642007112503052,0.9166073203086853,0.886435329914093,0.9166073203086853,0.833469033241272,0.7975475788116455,0.8811947107315063,0.7748550176620483,0.8212068676948547,0.8436959385871887,0.7890505790710449,0.7856924533843994,0.9165564179420471,0.7738373875617981,0.7963264584541321,nan,22.298020601272583,0.6456377506256104,-30.230838036658028,0.6650432348251343
64,1.0805319547653198,0.6684226393699646,0.8580600023269653,0.9140633344650269,0.9166073203086853,0.7976493239402771,0.928622305393219,0.7857942581176758,0.9286658763885498,0.8692886829376221,0.9118754863739014,0.8929480314254761,0.9166073203086853,0.9166073203086853,0.7976493239402771,0.9166073203086853,0.9166073203086853,0.8828738927841187,0.8941690921783447,0.8844001293182373,0.9164037704467773,0.8931006193161011,0.6549811959266663,0.8690342903137207,0.847359299659729,0.8571283221244812,0.8332146406173706,0.8453750014305115,0.7737865447998047,0.7741426825523376,0.8162714838981628,0.8649129867553711,0.9166073203086853,0.8859264850616455,0.9166073203086853,0.8334181308746338,0.7975475788116455,0.8811947107315063,0.7745497226715088,0.8213086128234863,0.8440012335777283,0.7895084619522095,0.7857433557510376,0.9166581630706787,0.7738882303237915,0.7975984811782837,nan,22.054219484329224,0.6491648554801941,-31.174967806851836,0.6684226393699646
65,1.0724265575408936,0.6726965308189392,0.8580853939056396,0.9141141772270203,0.9166073203086853,0.7975984811782837,0.928622305393219,0.7857942581176758,0.9286658763885498,0.8693395853042603,0.9121807217597961,0.8929480314254761,0.9166073203086853,0.9166073203086853,0.7975984811782837,0.9165055751800537,0.9166073203086853,0.8826704025268555,0.894830584526062,0.8842983245849609,0.9164037704467773,0.8931006193161011,0.6549302935600281,0.8690342903137207,0.847562849521637,0.8571791648864746,0.8333163857460022,0.8454258441925049,0.7737865447998047,0.7741426825523376,0.8156609535217285,0.8646076917648315,0.9166073203086853,0.8859773874282837,0.9166073203086853,0.8334181308746338,0.7975475788116455,0.8811947107315063,0.7744479179382324,0.8214104175567627,0.8444082736968994,0.7901190519332886,0.7856924533843994,0.9166073203086853,0.7738373875617981,0.7978019714355469,nan,21.89492678642273,0.653353750705719,-32.15098459698573,0.6726965308189392
66,1.0643560886383057,0.6757777333259583,0.8581559658050537,0.9145721197128296,0.9166073203086853,0.7976493239402771,0.928622305393219,0.7857942581176758,0.9286150336265564,0.8693904876708984,0.9123842716217041,0.8931515216827393,0.9166073203086853,0.9166073203086853,0.7976493239402771,0.9167599678039551,0.9166073203086853,0.8826704025268555,0.8948814868927002,0.8840439319610596,0.9162511825561523,0.8931515216827393,0.6549302935600281,0.8690342903137207,0.8480716347694397,0.8572300672531128,0.8333163857460022,0.8456293940544128,0.7737865447998047,0.774040937423706,0.8148977160453796,0.8646585941314697,0.9166073203086853,0.8860282897949219,0.9166073203086853,0.8333672285079956,0.7975475788116455,0.8812963962554932,0.7742953300476074,0.8213595151901245,0.844713568687439,0.7903225421905518,0.7857433557510376,0.9166581630706787,0.7738373875617981,0.7995319366455078,nan,22.119725227355957,0.6566644310951233,-33.1475260432844,0.6757777333259583

67,1.0562673807144165,0.6782625913619995,0.8581767082214355,0.9144703149795532,0.9166073203086853,0.7977002263069153,0.928622305393219,0.7857433557510376,0.9286658763885498,0.8695430755615234,0.9123842716217041,0.8932024240493774,0.9166073203086853,0.9166073203086853,0.7976493239402771,0.9169125556945801,0.9166073203086853,0.8823142051696777,0.8954920172691345,0.8840439319610596,0.9163528680801392,0.8934059143066406,0.6547267436981201,0.8690342903137207,0.8486313223838806,0.8573827147483826,0.8333163857460022,0.8457311391830444,0.7737356424331665,0.7741426825523376,0.8138800859451294,0.8650656342506409,0.9166073203086853,0.8855704069137573,0.9166073203086853,0.8334181308746338,0.7975475788116455,0.8812963962554932,0.7738882303237915,0.8214104175567627,0.8446117639541626,0.7906278371810913,0.7857433557510376,0.9167090654373169,0.7738373875617981,0.7999898195266724,nan,21.723829984664917,0.659089207649231,-34.17381063525192,0.6782625913619995
68,1.0489801168441772,0.682138979434967,0.858188271522522,0.9141141772270203,0.9164546728134155,0.7977002263069153,0.928622305393219,0.7858960032463074,0.9286658763885498,0.8698992729187012,0.9125368595123291,0.8932024240493774,0.9166581630706787,0.9166581630706787,0.7977002263069153,0.9169125556945801,0.9166581630706787,0.8816019296646118,0.8969166278839111,0.8842474818229675,0.916149377822876,0.8940674066543579,0.6548285484313965,0.8691869378089905,0.8481733798980713,0.857433557510376,0.8333163857460022,0.8460873365402222,0.7733285427093506,0.7741426825523376,0.8132695555686951,0.8651673793792725,0.9165564179420471,0.8855704069137573,0.9166581630706787,0.833469033241272,0.7975475788116455,0.8812963962554932,0.7739391326904297,0.8213595151901245,0.8437976837158203,0.7903225421905518,0.7857942581176758,0.9167090654373169,0.7739391326904297,0.8003968596458435,nan,21.905813694000244,0.6632720828056335,-35.22628778416503,0.682138979434967
69,1.0485001802444458,0.6875061988830566,0.8579814434051514,0.9093823432922363,0.9142670631408691,0.7956143617630005,0.9285714626312256,0.785997748374939,0.9286150336265564,0.8704080581665039,0.9126386642456055,0.8940674066543579,0.9165564179420471,0.9165564179420471,0.7978019714355469,0.9169634580612183,0.9165564179420471,0.88165283203125,0.8963569402694702,0.8838913440704346,0.9158949851989746,0.8979342579841614,0.6546249985694885,0.8692377805709839,0.8508700132369995,0.8575862646102905,0.8335707783699036,0.8467996120452881,0.7721583247184753,0.774397075176239,0.8133713006973267,0.8651673793792725,0.9164546728134155,0.8856212496757507,0.9165564179420471,0.8333672285079956,0.7953599691390991,0.882059633731842,0.7720059156417847,0.8214613199234009,0.8447644114494324,0.7910857796669006,0.785641610622406,0.9166073203086853,0.7717006206512451,0.797954797744751,nan,22.59988760948181,0.6682127714157104,-36.23687946762056,0.6875061988830566
70,1.3858988285064697,0.5743961930274963,0.8525737524032593,0.9089757204055786,0.9077547788619995,0.7864060997962952,0.9146041870117188,0.7826907634735107,0.9144201278686523,0.8642007112503052,0.8995633125305176,0.8925923109054565,0.9035830497741699,0.9124352931976318,0.7970898151397705,0.9185916185379028,0.9126388430595398,0.873869001865387,0.8851126432418823,0.8756489157676697,0.8981391191482544,0.894424557685852,0.6596623659133911,0.8675589561462402,0.8429842591285706,0.8596723079681396,0.8351993560791016,0.8365229368209839,0.7782641649246216,0.7826911807060242,0.819833517074585,0.8517864942550659,0.9009883403778076,0.8820091485977173,0.9057198166847229,0.8339780569076538,0.7908320426940918,0.8847054243087769,0.7732776999473572,0.8007045388221741,0.8425261378288269,0.7881349325180054,0.779841423034668,0.9072961807250977,0.7662568688392639,0.7824385166168213,nan,22.13448667526245,0.5531070232391357,-34.58373419516438,0.5743961930274963

71,1.1030031442642212,0.6517244577407837,0.858561635017395,0.9114174842834473,0.9139617681503296,0.7980054616928101,0.9265364408493042,0.7859468460083008,0.9198133945465088,0.8701027631759644,0.906024694442749,0.8958481550216675,0.9140634536743164,0.9163528680801392,0.7958178520202637,0.9178284406661987,0.9163528680801392,0.8796687126159668,0.8960008025169373,0.8853668570518494,0.9127914905548096,0.9046504497528076,0.6574234366416931,0.8695939779281616,0.8511753082275391,0.8592653274536133,0.8360638618469238,0.8487330675125122,0.774040937423706,0.7872189283370972,0.8202401399612427,0.8645059466362,0.9159967303276062,0.8848071694374084,0.9139617681503296,0.8360638618469238,0.7978019714355469,0.8839930891990662,0.775719940662384,0.82090163230896,0.8463926315307617,0.7923578023910522,0.785438060760498,0.9147756099700928,0.7739391326904297,0.7970900535583496,nan,22.183004140853882,0.6301587224006653,-36.52189116482232,0.6517244577407837
72,1.0397652387619019,0.6945631504058838,0.8594018220901489,0.9076523780822754,0.9163528680801392,0.7976493239402771,0.928113579750061,0.7856924533843994,0.9280553460121155,0.8724941611289978,0.9119263291358948,0.8953902721405029,0.9166073203086853,0.9166073203086853,0.7975984811782837,0.9172178506851196,0.9166073203086853,0.8809913396835327,0.8994097709655762,0.8886740207672119,0.9160476326942444,0.9045995473861694,0.6572707891464233,0.8691360950469971,0.8509209156036377,0.8580950498580933,0.8332656621932983,0.8495980501174927,0.7742953300476074,0.7856924533843994,0.8194769620895386,0.8657779693603516,0.9163528680801392,0.8840948343276978,0.9166073203086853,0.8356568813323975,0.7975475788116455,0.8830772638320923,0.7806553244590759,0.8213086128234863,0.8453240990638733,0.7924595475196838,0.7856924533843994,0.9162511825561523,0.7739391326904297,0.8002442121505737,nan,22.139828205108643,0.6747024655342102,-37.915992960518956,0.6945631504058838
73,1.0199451446533203,0.7048007249832153,0.8596202731132507,0.9065839052200317,0.9165564179420471,0.7975984811782837,0.9281644225120544,0.7836065888404846,0.9282079935073853,0.8732573390007019,0.914419412612915,0.8948814868927002,0.9165564179420471,0.9165564179420471,0.7975984811782837,0.9175740480422974,0.9165564179420471,0.8807878494262695,0.9015976190567017,0.8888775706291199,0.9164546728134155,0.9042434096336365,0.6574742794036865,0.8693395853042603,0.8521929383277893,0.8582985401153564,0.8355042338371277,0.8508700132369995,0.774193525314331,0.7857433557510376,0.8185610771179199,0.866795539855957,0.9165055751800537,0.8846036195755005,0.9165564179420471,0.8355550765991211,0.7975475788116455,0.8827210664749146,0.7815203070640564,0.8217157125473022,0.846036434173584,0.7917981147766113,0.7856924533843994,0.9163528680801392,0.7738373875617981,0.8005495071411133,nan,21.98530125617981,0.6853732466697693,-39.0342068533314,0.7048007249832153
74,1.009925365447998,0.7070867419242859,0.8599959015846252,0.9070417881011963,0.9165055751800537,0.7975984811782837,0.9284188151359558,0.7858960032463074,0.9284114837646484,0.8759540319442749,0.9122827053070068,0.8959499597549438,0.9165564179420471,0.9166073203086853,0.7975984811782837,0.9181846380233765,0.9166073203086853,0.8807369470596313,0.9031240344047546,0.8875547051429749,0.9162511825561523,0.9044978022575378,0.6578304767608643,0.8694921731948853,0.8540246486663818,0.8588582277297974,0.8358603715896606,0.8538719415664673,0.7739391326904297,0.7863030433654785,0.8199348449707031,0.8677114248275757,0.9165055751800537,0.88490891456604,0.9165564179420471,0.8356568813323975,0.7975984811782837,0.8841457366943359,0.7828940749168396,0.8215630054473877,0.8458837866783142,0.7899664044380188,0.7856924533843994,0.9166073203086853,0.7738882303237915,0.8011091947555542,nan,22.101255655288696,0.6885418891906738,-40.044291464522466,0.7070867419242859

75,0.9977284669876099,0.7104661464691162,0.8603495359420776,0.9076014757156372,0.9166073203086853,0.7975475788116455,0.9285205602645874,0.785845160484314,0.928564190864563,0.8785997629165649,0.9150809049606323,0.8970184326171875,0.9166581630706787,0.9166581630706787,0.7975475788116455,0.918642520904541,0.9166581630706787,0.8808387517929077,0.9040907621383667,0.8866897225379944,0.9162002801895142,0.9046504497528076,0.6580848693847656,0.8694921731948853,0.8550931215286255,0.8592144250869751,0.8362165689468384,0.8556019067764282,0.7737356424331665,0.7867609262466431,0.8202401399612427,0.86832195520401,0.9166581630706787,0.8846036195755005,0.9166581630706787,0.8364709615707397,0.7975475788116455,0.884756326675415,0.7818764448165894,0.8215630054473877,0.8458329439163208,0.7908313870429993,0.785845160484314,0.9166581630706787,0.7739391326904297,0.8020759224891663,nan,21.607971906661987,0.6916223764419556,-41.11929044352885,0.7104661464691162
76,0.9921085834503174,0.7150382399559021,0.8608280420303345,0.9080594182014465,0.9166073203086853,0.7977002263069153,0.9284696578979492,0.785845160484314,0.9285132884979248,0.87992262840271,0.9150300025939941,0.8977307081222534,0.9166581630706787,0.9166581630706787,0.7977002263069153,0.9191004037857056,0.9166581630706787,0.88165283203125,0.9043451547622681,0.8870458602905273,0.9160984754562378,0.9045995473861694,0.6587463021278381,0.8695430755615234,0.8556019067764282,0.8597232103347778,0.8373867869377136,0.8566194772720337,0.7737865447998047,0.786964476108551,0.8245140910148621,0.8682711124420166,0.9166581630706787,0.8860282897949219,0.9166581630706787,0.837641179561615,0.7975475788116455,0.8852651119232178,0.7815203070640564,0.822224497795105,0.8458329439163208,0.792866587638855,0.7857433557510376,0.9165055751800537,0.7739391326904297,0.8051795959472656,nan,22.341843366622925,0.6958327293395996,-42.103801017892415,0.7150382399559021
77,0.9827854633331299,0.7187158465385437,0.8611655235290527,0.9089752435684204,0.9165564179420471,0.7976493239402771,0.928622305393219,0.7857433557510376,0.9286658763885498,0.8806858658790588,0.9153352975845337,0.8991044759750366,0.9166073203086853,0.9166073203086853,0.7976493239402771,0.9198636412620544,0.9166073203086853,0.88048255443573,0.9046504497528076,0.8866897225379944,0.9158440828323364,0.904752254486084,0.6589498519897461,0.8694413304328918,0.8565686345100403,0.8599776029586792,0.837844729423523,0.8568739295005798,0.7737865447998047,0.787320613861084,0.8257352113723755,0.8688816428184509,0.9166073203086853,0.885468602180481,0.9166073203086853,0.8385061621665955,0.7975475788116455,0.8862826824188232,0.7833011150360107,0.8219701051712036,0.8466470241546631,0.7941386103630066,0.7857433557510376,0.9167090654373169,0.7738882303237915,0.8081306219100952,nan,21.552079439163208,0.6993811130523682,-43.23827046374537,0.7187158465385437

78,0.9763185381889343,0.7190139889717102,0.8613885641098022,0.9098911285400391,0.9165055751800537,0.7975475788116455,0.928622305393219,0.7857942581176758,0.9286150336265564,0.8808894157409668,0.9151826500892639,0.9002747535705566,0.9166073203086853,0.9166073203086853,0.7975475788116455,0.9208812713623047,0.9166073203086853,0.8811439871788025,0.9047013521194458,0.8870458602905273,0.9155387878417969,0.904752254486084,0.6593568921089172,0.8695939779281616,0.8565177917480469,0.8600794076919556,0.8383535146713257,0.8569756746292114,0.7737356424331665,0.7877277135848999,0.8262948989868164,0.8688816428184509,0.9165564179420471,0.8862317800521851,0.9166073203086853,0.8398290276527405,0.7975475788116455,0.8873002529144287,0.7830467224121094,0.8217157125473022,0.8468505144119263,0.7944438457489014,0.7857433557510376,0.9167599678039551,0.7738882303237915,0.8090465068817139,nan,21.68117594718933,0.6995674967765808,-44.349032904895374,0.7190139889717102
79,0.9709538221359253,0.7194116115570068,0.8614301681518555,0.9096876382827759,0.9165055751800537,0.7977510690689087,0.928622305393219,0.7857942581176758,0.9286658763885498,0.8808385133743286,0.9155387878417969,0.8994097709655762,0.9165564179420471,0.9166073203086853,0.7977510690689087,0.9210847616195679,0.9166073203086853,0.8806860446929932,0.9046504497528076,0.8881143927574158,0.9155896902084351,0.9048539400100708,0.6607815027236938,0.8699501752853394,0.8556019067764282,0.8608425855636597,0.8393202424049377,0.8571283221244812,0.7738882303237915,0.7877785563468933,0.8259896039962769,0.8690851926803589,0.9165055751800537,0.8855704069137573,0.9166073203086853,0.8414063453674316,0.7975984811782837,0.886435329914093,0.7828940749168396,0.8218683004379272,0.8469014167785645,0.7923579812049866,0.7836065888404846,0.9167599678039551,0.7739391326904297,0.8116413950920105,nan,21.863949298858643,0.6995940208435059,-45.52534616354884,0.7194116115570068
80,0.9653162956237793,0.7193121910095215,0.8614382743835449,0.9082629680633545,0.9163528680801392,0.7978019714355469,0.928622305393219,0.7857942581176758,0.9286150336265564,0.8808894157409668,0.9150300025939941,0.8986974954605103,0.9165564179420471,0.9165055751800537,0.7978019714355469,0.9200671911239624,0.9165564179420471,0.8808895945549011,0.9044469594955444,0.8879108428955078,0.9147247076034546,0.9048030972480774,0.6620535254478455,0.8693395853042603,0.8567721843719482,0.8589600324630737,0.8407957553863525,0.8571283221244812,0.7739391326904297,0.7876768112182617,0.8263967037200928,0.8687798976898193,0.9164546728134155,0.8867406249046326,0.9165055751800537,0.842831015586853,0.7975475788116455,0.8856212496757507,0.7833520174026489,0.8220718502998352,0.8487330675125122,0.7886943817138672,0.7857433557510376,0.9167599678039551,0.7738882303237915,0.8129134178161621,nan,21.806474208831787,0.6994258761405945,-46.6048579677153,0.7193121910095215

81,0.9568662047386169,0.7228903770446777,0.8617398738861084,0.9100437164306641,0.9165564179420471,0.7975984811782837,0.928622305393219,0.7857433557510376,0.9286658763885498,0.8809911608695984,0.9158440828323364,0.8999185562133789,0.9166073203086853,0.9166073203086853,0.7975984811782837,0.9222041368484497,0.9166073203086853,0.8800246119499207,0.9048030972480774,0.8897933959960938,0.9150300025939941,0.904752254486084,0.6628167629241943,0.8694413304328918,0.8569247722625732,0.8594688177108765,0.8421186208724976,0.8572300672531128,0.7738373875617981,0.7879312038421631,0.8257861137390137,0.8690851926803589,0.9166073203086853,0.8853159546852112,0.9166073203086853,0.8433906435966492,0.7975475788116455,0.8866897225379944,0.7834028601646423,0.822224497795105,0.8493945598602295,0.7899664044380188,0.7857433557510376,0.9167599678039551,0.7738882303237915,0.8131169080734253,nan,22.02545189857483,0.703081488609314,-47.86531444079785,0.7228903770446777
82,0.9501684904098511,0.7237849235534668,0.8620091676712036,0.9107561111450195,0.9165564179420471,0.7975475788116455,0.928622305393219,0.7857433557510376,0.9286658763885498,0.8810420036315918,0.9158949851989746,0.9007326364517212,0.9166073203086853,0.9166073203086853,0.7975475788116455,0.9230691194534302,0.9166073203086853,0.8798210620880127,0.9048030972480774,0.8913707137107849,0.9145721197128296,0.904752254486084,0.66368168592453,0.8694921731948853,0.857280969619751,0.8598758578300476,0.8431362509727478,0.8572300672531128,0.7738373875617981,0.7881855964660645,0.8252773284912109,0.8690851926803589,0.9166073203086853,0.8854176998138428,0.9166073203086853,0.8440520763397217,0.7975475788116455,0.8870967626571655,0.7833011150360107,0.8229367733001709,0.8516840934753418,0.7910857796669006,0.7857433557510376,0.9167599678039551,0.7738373875617981,0.8140836358070374,nan,21.900996923446655,0.7038936018943787,-49.111838009091805,0.7237849235534668
83,0.9438930749893188,0.724281907081604,0.8623154163360596,0.9114174842834473,0.9165564179420471,0.7975984811782837,0.928622305393219,0.7857433557510376,0.9286658763885498,0.8810420036315918,0.9159967303276062,0.9017502665519714,0.9166073203086853,0.9166073203086853,0.7975984811782837,0.9243919849395752,0.9166073203086853,0.8797193765640259,0.9048030972480774,0.8925409317016602,0.9145721197128296,0.904752254486084,0.6645975112915039,0.8694921731948853,0.8580950498580933,0.8604355454444885,0.8439503312110901,0.8572300672531128,0.7738373875617981,0.7893049716949463,0.8253281712532043,0.8691360950469971,0.9166073203086853,0.8853159546852112,0.9166073203086853,0.844713568687439,0.7975475788116455,0.8876055479049683,0.7833011150360107,0.8236491680145264,0.8539228439331055,0.7918490171432495,0.7857433557510376,0.9167599678039551,0.7738373875617981,0.814185380935669,nan,22.183807849884033,0.7044838666915894,-50.39855042808206,0.724281907081604
84,0.9377853870391846,0.7248782515525818,0.8625349998474121,0.9118245840072632,0.9166073203086853,0.7975984811782837,0.928622305393219,0.7857942581176758,0.9286658763885498,0.8810420036315918,0.9160476326942444,0.9021573066711426,0.9166073203086853,0.9166073203086853,0.7975984811782837,0.9257657527923584,0.9166073203086853,0.8794649839401245,0.9048539400100708,0.8926427364349365,0.9141141772270203,0.904752254486084,0.6655642986297607,0.8694921731948853,0.8594688177108765,0.8605372905731201,0.8444591760635376,0.8572300672531128,0.7739391326904297,0.7919507622718811,0.8251755237579346,0.8690851926803589,0.9166073203086853,0.8852651119232178,0.9166073203086853,0.8447644114494324,0.7975475788116455,0.8880126476287842,0.7830467224121094,0.8242088556289673,0.8552457094192505,0.7922559976577759,0.7856924533843994,0.9167599678039551,0.7738373875617981,0.814185380935669,nan,22.255319356918335,0.7051120400428772,-51.7269876349483,0.7248782515525818
85,0.9318222999572754,0.7259715795516968,0.8628193140029907,0.9124860167503357,0.9165564179420471,0.7977002263069153,0.928622305393219,0.7857433557510376,0.9286658763885498,0.8810420036315918,0.9162002801895142,0.902411699295044,0.9166073203086853,0.9166073203086853,0.7977002263069153,0.9266307353973389,0.9166073203086853,0.87931227684021,0.9048539400100708,0.8928462266921997,0.9140633344650269,0.9048030972480774,0.6664292216300964,0.8695939779281616,0.8615548610687256,0.8611478805541992,0.8449679613113403,0.8572300672531128,0.7742444276809692,0.7945456504821777,0.8248193860054016,0.8691360950469971,0.9166073203086853,0.88490891456604,0.9166073203086853,0.8451205492019653,0.7975475788116455,0.8884196281433105,0.7838099002838135,0.8251755237579346,0.8558053970336914,0.7930700778961182,0.7857433557510376,0.9167599678039551,0.7738373875617981,0.8142871856689453,nan,22.173607110977173,0.7061092257499695,-53.087048484226685,0.7259715795516968
86,0.9260202646255493,0.725375235080719,0.8629672527313232,0.912943959236145,0.9165564179420471,0.7976493239402771,0.928622305393219,0.7857433557510376,0.9286658763885498,0.8809911608695984,0.9162002801895142,0.9027678966522217,0.9166073203086853,0.9166073203086853,0.7976493239402771,0.9274448156356812,0.9166073203086853,0.8791087865829468,0.9048539400100708,0.8927444815635681,0.9140124320983887,0.9048030972480774,0.6665818691253662,0.8696448802947998,0.8635392189025879,0.8612496256828308,0.8449679613113403,0.8572300672531128,0.774397075176239,0.7964791059494019,0.8249211311340332,0.8690851926803589,0.9166073203086853,0.8846036195755005,0.9166073203086853,0.8451714515686035,0.7975475788116455,0.8887249231338501,0.7834028601646423,0.8259896039962769,0.8564159870147705,0.7922559976577759,0.7857433557510376,0.9167599678039551,0.7738373875617981,0.8149994611740112,nan,22.334691047668457,0.705450713634491,-54.49473829755678,0.725375235080719
87,0.9199024438858032,0.7263691425323486,0.8632238507270813,0.9135036468505859,0.9165564179420471,0.7975984811782837,0.928622305393219,0.7857433557510376,0.9286658763885498,0.8810420036315918,0.9164037704467773,0.9028696417808533,0.9166073203086853,0.9166073203086853,0.7975984811782837,0.9278517961502075,0.9166073203086853,0.8790578842163086,0.9048539400100708,0.8928971290588379,0.9134018421173096,0.9051083326339722,0.6665818691253662,0.8697466254234314,0.8653200268745422,0.8621145486831665,0.8451205492019653,0.8572300672531128,0.7749567627906799,0.7991248369216919,0.8246667385101318,0.8691360950469971,0.9166073203086853,0.8848071694374084,0.9166073203086853,0.8452732563018799,0.7975475788116455,0.889132022857666,0.7840133905410767,0.8272616267204285,0.8567721843719482,0.7936297655105591,0.7857433557510376,0.9167599678039551,0.7738373875617981,0.8150503635406494,nan,22.240147829055786,0.7067831158638,-55.9455111781997,0.7263691425323486
88,0.9156298041343689,0.7261703610420227,0.8634365200996399,0.9141650199890137,0.9164037704467773,0.7976493239402771,0.9285205602645874,0.785845160484314,0.9286150336265564,0.8809402585029602,0.9162511825561523,0.9032257795333862,0.9165564179420471,0.9165055751800537,0.7976493239402771,0.9279026985168457,0.9165055751800537,0.8799228668212891,0.9048030972480774,0.8929480314254761,0.9138597846031189,0.9055663347244263,0.666530966758728,0.8701027631759644,0.8667446970939636,0.8629286289215088,0.8450188636779785,0.8572300672531128,0.7755672931671143,0.7996845245361328,0.8255825638771057,0.8690851926803589,0.9164037704467773,0.8865879774093628,0.9165055751800537,0.8453240990638733,0.7975475788116455,0.8896917104721069,0.784674882888794,0.8284318447113037,0.8565686345100403,0.7932736277580261,0.7856924533843994,0.9166073203086853,0.7738373875617981,0.8145415782928467,nan,21.843104124069214,0.7065733671188354,-57.39046012439354,0.7261703610420227
89,0.9131625294685364,0.7262697815895081,0.8633151650428772,0.9135544896125793,0.9164546728134155,0.7976493239402771,0.9285714626312256,0.7857433557510376,0.9286150336265564,0.8809911608695984,0.9163528680801392,0.9027678966522217,0.9165055751800537,0.9165564179420471,0.7977002263069153,0.9279026985168457,0.9166073203086853,0.8794649839401245,0.9045995473861694,0.8927953243255615,0.91309654712677,0.9056680202484131,0.6641907095909119,0.8699501752853394,0.866795539855957,0.8625216484069824,0.8428820371627808,0.8574844598770142,0.7766357660293579,0.8004986047744751,0.8248193860054016,0.8691360950469971,0.9165055751800537,0.8852142095565796,0.9165055751800537,0.8451714515686035,0.7975475788116455,0.8888267278671265,0.784674882888794,0.8287880420684814,0.8567721843719482,0.7939859628677368,0.7856924533843994,0.9166581630706787,0.7739391326904297,0.8159662485122681,nan,21.979356288909912,0.706477701663971,-58.874534911017406,0.7262697815895081
90,1.3070460557937622,0.6107742786407471,0.8553104996681213,0.9136562347412109,0.9006828665733337,0.7912390232086182,0.9154089689254761,0.7786714434623718,0.9201693534851074,0.8781418800354004,0.904244065284729,0.896662712097168,0.9051090478897095,0.9012425541877747,0.7993283867835999,0.9260201454162598,0.9099422097206116,0.849855899810791,0.8956957459449768,0.8876055479049683,0.8995633125305176,0.9056175947189331,0.6674476861953735,0.8667453527450562,0.8603342175483704,0.8633867502212524,0.837896466255188,0.8475130200386047,0.782233476638794,0.8026871085166931,0.8009600639343262,0.8323019742965698,0.9027178883552551,0.862575113773346,0.9075510501861572,0.8424752354621887,0.7963775396347046,0.8898952007293701,0.7735836505889893,0.8337236046791077,0.8529054522514343,0.7844719886779785,0.7770432829856873,0.9140633344650269,0.7693601250648499,0.791037917137146,nan,22.58024573326111,0.5911278128623962,-56.20518023042837,0.6107742786407471

91,1.0171760320663452,0.6806480288505554,0.8610256910324097,0.9080085754394531,0.9071949124336243,0.7979037761688232,0.9267399311065674,0.7854889631271362,0.9266815781593323,0.8759542107582092,0.9118754863739014,0.8953393697738647,0.9092811942100525,0.9158949851989746,0.7989213466644287,0.9231199622154236,0.9132493734359741,0.8745810985565186,0.8989012241363525,0.8886740207672119,0.9089752435684204,0.9092807769775391,0.6682104468345642,0.867915153503418,0.8631321787834167,0.8608425855636597,0.8450697064399719,0.8579932451248169,0.7833011150360107,0.8017706274986267,0.8257867097854614,0.8661341071128845,0.9141141772270203,0.8859264850616455,0.9155387878417969,0.8454767465591431,0.7988704442977905,0.8826701641082764,0.7824363708496094,0.8283305168151855,0.854228138923645,0.7870662212371826,0.7849801778793335,0.914826512336731,0.7697165012359619,0.8028910756111145,nan,22.425281524658203,0.6566106081008911,-58.678913413334904,0.6806480288505554
92,0.9310240745544434,0.7081801295280457,0.8624472618103027,0.9069401025772095,0.9135036468505859,0.7974966764450073,0.9286731481552124,0.785641610622406,0.9286658763885498,0.8805841207504272,0.9139106273651123,0.894983172416687,0.9163528680801392,0.9164546728134155,0.7977002263069153,0.920881450176239,0.9164546728134155,0.8801263570785522,0.9041416645050049,0.8916251063346863,0.9093314409255981,0.9113666415214539,0.6696857810020447,0.8691869378089905,0.8635901212692261,0.8593670129776001,0.8452732563018799,0.8579932451248169,0.780299186706543,0.7984635829925537,0.8278723955154419,0.8683728575706482,0.9163528680801392,0.8854176998138428,0.9164546728134155,0.8450697064399719,0.7977002263069153,0.8820087909698486,0.7854889631271362,0.8327566981315613,0.8552457094192505,0.7861503958702087,0.7855907082557678,0.9167090654373169,0.774193525314331,0.8106240034103394,nan,22.28252410888672,0.6876753568649292,-60.659415468474336,0.7081801295280457
93,0.9076107144355774,0.7204055190086365,0.862547755241394,0.9069401025772095,0.9153861999511719,0.7974457740783691,0.9285714626312256,0.7856924533843994,0.928564190864563,0.8806858658790588,0.9160476326942444,0.894627034664154,0.9164037704467773,0.9165055751800537,0.7974457740783691,0.9213902950286865,0.9165055751800537,0.8796684741973877,0.9043960571289062,0.8922865390777588,0.9094331860542297,0.9116210341453552,0.6691259145736694,0.8694921731948853,0.864149808883667,0.8591635227203369,0.8450697064399719,0.8575862646102905,0.779739499092102,0.7989213466644287,0.8266003727912903,0.8686272501945496,0.9164037704467773,0.8841966390609741,0.9164546728134155,0.8453750014305115,0.7975475788116455,0.8820087909698486,0.7854889631271362,0.832909345626831,0.8558562994003296,0.7858960032463074,0.785641610622406,0.9167090654373169,0.7739391326904297,0.8124554753303528,nan,22.452078342437744,0.7004459500312805,-62.29262596792379,0.7204055190086365
94,0.8981024026870728,0.7248782515525818,0.8628459572792053,0.9076523780822754,0.9162002801895142,0.7975475788116455,0.928622305393219,0.785641610622406,0.9286150336265564,0.8808894157409668,0.9164037704467773,0.8953393697738647,0.9165564179420471,0.9165564179420471,0.7975475788116455,0.9231710433959961,0.9165564179420471,0.8795666694641113,0.904548704624176,0.8924900889396667,0.9099420309066772,0.9123842716217041,0.6693803071975708,0.8691360950469971,0.8659814596176147,0.8597232103347778,0.8452223539352417,0.8573318719863892,0.7811132669448853,0.7992775440216064,0.8287371397018433,0.8689325451850891,0.9165564179420471,0.8833316564559937,0.9165564179420471,0.8453750014305115,0.7975475788116455,0.8818052411079407,0.7854889631271362,0.8330110907554626,0.8568230271339417,0.7857942581176758,0.785641610622406,0.9167090654373169,0.7738373875617981,0.8125063180923462,nan,22.930386781692505,0.7054774165153503,-63.68978877892706,0.7248782515525818
95,0.8925516605377197,0.7272636890411377,0.8629834651947021,0.9080594182014465,0.9163528680801392,0.7974457740783691,0.928622305393219,0.785641610622406,0.9286658763885498,0.8809911608695984,0.9165055751800537,0.8950849771499634,0.9165055751800537,0.9165055751800537,0.7974457740783691,0.9242904186248779,0.9165055751800537,0.8792614340782166,0.9047013521194458,0.8926427364349365,0.9100437164306641,0.9131983518600464,0.6699908375740051,0.8690851926803589,0.866642951965332,0.859926700592041,0.8452223539352417,0.8572300672531128,0.7824361324310303,0.8003460168838501,0.8287371397018433,0.8690342903137207,0.9165055751800537,0.8829754590988159,0.9165055751800537,0.8453750014305115,0.7978019714355469,0.8816525936126709,0.7854889631271362,0.8332146406173706,0.8569247722625732,0.785845160484314,0.7855907082557678,0.9167090654373169,0.7737865447998047,0.8126081228256226,nan,22.72047257423401,0.7075530886650085,-65.02367437294612,0.7272636890411377
96,0.8877702355384827,0.7272636890411377,0.8631811141967773,0.9083647131919861,0.9163528680801392,0.7974457740783691,0.928622305393219,0.7856924533843994,0.9286658763885498,0.8810420036315918,0.9165055751800537,0.8950849771499634,0.9165055751800537,0.9165055751800537,0.7974457740783691,0.9246974587440491,0.9165055751800537,0.8790578842163086,0.9048030972480774,0.8928462266921997,0.9107052087783813,0.9144703149795532,0.6707031726837158,0.8690851926803589,0.866999089717865,0.8610460758209229,0.8452732563018799,0.8572300672531128,0.7837081551551819,0.802381157875061,0.8287880420684814,0.8691360950469971,0.9165055751800537,0.8823140263557434,0.9165055751800537,0.8453750014305115,0.798412561416626,0.8817034959793091,0.785438060760498,0.833265483379364,0.8570265769958496,0.7857942581176758,0.7855398654937744,0.9166581630706787,0.7737356424331665,0.8128625154495239,nan,23.11902904510498,0.7083949446678162,-66.37144084536476,0.7272636890411377
97,0.883298933506012,0.7279594540596008,0.8633937835693359,0.9085173606872559,0.9164546728134155,0.7975475788116455,0.928622305393219,0.7857433557510376,0.9286658763885498,0.8810420036315918,0.9165564179420471,0.8948814868927002,0.9165564179420471,0.9165564179420471,0.7975475788116455,0.9253588914871216,0.9165564179420471,0.878956139087677,0.9048539400100708,0.8928971290588379,0.9113157987594604,0.914979100227356,0.6714155077934265,0.8690851926803589,0.8670499324798584,0.8620128631591797,0.8452732563018799,0.8572300672531128,0.784674882888794,0.8048234581947327,0.8296530246734619,0.8691360950469971,0.9165564179420471,0.8818052411079407,0.9165564179420471,0.8453240990638733,0.8003460168838501,0.8815507888793945,0.7854889631271362,0.8333163857460022,0.8570774793624878,0.7857433557510376,0.785641610622406,0.9167090654373169,0.7737865447998047,0.812302827835083,nan,21.992269039154053,0.7100364565849304,-67.73544974289646,0.7279594540596008
98,0.8788453340530396,0.7280588150024414,0.8637751340866089,0.9089752435684204,0.9162511825561523,0.7975984811782837,0.928622305393219,0.7856924533843994,0.9286658763885498,0.8810420036315918,0.9165055751800537,0.894830584526062,0.9165055751800537,0.9165055751800537,0.7975984811782837,0.9257659912109375,0.9165055751800537,0.8790069818496704,0.9048539400100708,0.8928971290588379,0.9113666415214539,0.9156914949417114,0.6725348234176636,0.8691360950469971,0.8672534823417664,0.8635392189025879,0.8452732563018799,0.8572300672531128,0.7854889631271362,0.8080289363861084,0.8311285376548767,0.8691360950469971,0.9165055751800537,0.8816525936126709,0.9165055751800537,0.8453240990638733,0.806756854057312,0.8816525936126709,0.7854889631271362,0.8333672285079956,0.8571283221244812,0.7856924533843994,0.785641610622406,0.9167090654373169,0.7737865447998047,0.8131169080734253,nan,22.550419807434082,0.7103877067565918,-69.10880292204855,0.7280588150024414
99,0.8752413392066956,0.7281582355499268,0.8640363216400146,0.9091787934303284,0.9163020253181458,0.7975475788116455,0.928622305393219,0.785641610622406,0.9286658763885498,0.8810420036315918,0.9165055751800537,0.8947796821594238,0.9165055751800537,0.9165564179420471,0.7975475788116455,0.9258168339729309,0.9166073203086853,0.8788543939590454,0.9048539400100708,0.8929480314254761,0.9123842716217041,0.9160476326942444,0.6733489036560059,0.8691869378089905,0.866999089717865,0.8653200268745422,0.8452732563018799,0.8572300672531128,0.7857942581176758,0.8107764720916748,0.8333163857460022,0.8691360950469971,0.9165055751800537,0.8815507888793945,0.9165564179420471,0.8453240990638733,0.8089956045150757,0.8814491033554077,0.785438060760498,0.8333672285079956,0.8571283221244812,0.7859468460083008,0.785641610622406,0.9167090654373169,0.7738882303237915,0.8131678104400635,nan,22.026673078536987,0.7106447219848633,-70.4680931425725,0.7281582355499268
100,0.8704975843429565,0.7299473285675049,0.86420738697052,0.9096367359161377,0.9160984754562378,0.7974457740783691,0.9285714626312256,0.7856924533843994,0.9286658763885498,0.8810420036315918,0.9164546728134155,0.8944743871688843,0.9165055751800537,0.9165055751800537,0.7974457740783691,0.9260712265968323,0.9165055751800537,0.8788543939590454,0.9048539400100708,0.8929480314254761,0.9131474494934082,0.9162002801895142,0.6752315163612366,0.8691360950469971,0.8670499324798584,0.8663376569747925,0.8452732563018799,0.8572300672531128,0.7857433557510376,0.81194669008255,0.8364200592041016,0.8691360950469971,0.9165055751800537,0.8813472986221313,0.9165055751800537,0.8453240990638733,0.809249997138977,0.8814491033554077,0.7855398654937744,0.8333672285079956,0.8571283221244812,0.785641610622406,0.7856924533843994,0.9167599678039551,0.7737865447998047,0.8130660057067871,nan,22.427263498306274,0.7129920721054077,-71.95949198415059,0.7299473285675049

101,0.8658254146575928,0.7290527820587158,0.8643264770507812,0.9099928736686707,0.9160984754562378,0.7974457740783691,0.9285714626312256,0.7856924533843994,0.9286150336265564,0.8810420036315918,0.9165055751800537,0.8946779370307922,0.9165564179420471,0.9165564179420471,0.7974457740783691,0.9263256192207336,0.9165564179420471,0.8788543939590454,0.9048539400100708,0.8928971290588379,0.9135544896125793,0.9163528680801392,0.6754350066184998,0.8691360950469971,0.8672534823417664,0.8669482469558716,0.8452732563018799,0.8572300672531128,0.7857433557510376,0.8132187128067017,0.8375903367996216,0.8691360950469971,0.9165564179420471,0.8812455534934998,0.9165564179420471,0.8453240990638733,0.8093518018722534,0.8814999461174011,0.7855398654937744,0.8333672285079956,0.8571283221244812,0.7855398654937744,0.7856924533843994,0.9167599678039551,0.7737865447998047,0.8133204579353333,nan,21.642977476119995,0.7125517725944519,-73.47221527539432,0.7290527820587158
102,0.8613728284835815,0.7289533615112305,0.8643923401832581,0.9098911285400391,0.9159458875656128,0.7974966764450073,0.9285714626312256,0.7856924533843994,0.9286150336265564,0.8810420036315918,0.9164546728134155,0.8944743871688843,0.9165564179420471,0.9165564179420471,0.7974966764450073,0.9263256192207336,0.9165564179420471,0.8788543939590454,0.9048539400100708,0.8929480314254761,0.9136562347412109,0.9166073203086853,0.6756385564804077,0.8691360950469971,0.8672534823417664,0.8673043251037598,0.8452732563018799,0.8572300672531128,0.7857433557510376,0.813829243183136,0.8390658497810364,0.8691360950469971,0.9165564179420471,0.8812963962554932,0.9165564179420471,0.8453240990638733,0.8093518018722534,0.8813982009887695,0.7855398654937744,0.8333672285079956,0.8571791648864746,0.7855398654937744,0.7856924533843994,0.9167599678039551,0.7737865447998047,0.8135748505592346,nan,22.086653470993042,0.7131022810935974,-75.03206224501245,0.7289533615112305
103,0.8568201065063477,0.7290527820587158,0.864444375038147,0.9101455211639404,0.9158949851989746,0.7974457740783691,0.9285714626312256,0.7856924533843994,0.9286150336265564,0.8810420036315918,0.9163528680801392,0.8944743871688843,0.9165564179420471,0.9165564179420471,0.7974457740783691,0.9263256192207336,0.9165055751800537,0.8788543939590454,0.9048539400100708,0.8929480314254761,0.9140633344650269,0.9166073203086853,0.6759946942329407,0.8691360950469971,0.867202639579773,0.8675078749656677,0.8452732563018799,0.8572300672531128,0.7857433557510376,0.8140836358070374,0.8398290276527405,0.8691360950469971,0.9165564179420471,0.8812455534934998,0.9165055751800537,0.8453240990638733,0.8093518018722534,0.8813472986221313,0.7854889631271362,0.8333672285079956,0.8571283221244812,0.7855398654937744,0.7856924533843994,0.9167599678039551,0.7738373875617981,0.814185380935669,nan,22.079782724380493,0.7136728167533875,-76.6237392215105,0.7290527820587158
104,0.8523508310317993,0.7296491265296936,0.8644639849662781,0.9100437164306641,0.9158949851989746,0.7974457740783691,0.9285714626312256,0.785641610622406,0.9286150336265564,0.8810420036315918,0.9165055751800537,0.8942199945449829,0.9165564179420471,0.9165564179420471,0.7974457740783691,0.9263256192207336,0.9165564179420471,0.8788543939590454,0.9048539400100708,0.8929480314254761,0.9146230220794678,0.9166581630706787,0.6761473417282104,0.8691360950469971,0.866795539855957,0.8676096200942993,0.8452732563018799,0.8572300672531128,0.7857433557510376,0.8139309883117676,0.84013432264328,0.8691360950469971,0.9165564179420471,0.8814999461174011,0.9165564179420471,0.8453240990638733,0.8093518018722534,0.8812963962554932,0.7854889631271362,0.8333672285079956,0.8571791648864746,0.7855398654937744,0.785641610622406,0.9167090654373169,0.7738373875617981,0.8144397735595703,nan,22.168768167495728,0.7144114375114441,-78.26369379936683,0.7296491265296936
105,0.847952663898468,0.7302455306053162,0.8644871115684509,0.9101964235305786,0.9158440828323364,0.7974966764450073,0.9285714626312256,0.7855907082557678,0.9286150336265564,0.8810420036315918,0.9164546728134155,0.8940165042877197,0.9165055751800537,0.9165055751800537,0.7974966764450073,0.9263256192207336,0.9165055751800537,0.8788543939590454,0.9048539400100708,0.8929480314254761,0.9147756099700928,0.9167090654373169,0.6763508915901184,0.8691360950469971,0.8664394021034241,0.8677114248275757,0.8452732563018799,0.8572300672531128,0.7859468460083008,0.813829243183136,0.8402869701385498,0.8691360950469971,0.9165055751800537,0.8818560838699341,0.9165055751800537,0.8453240990638733,0.8093518018722534,0.8812963962554932,0.7854889631271362,0.8333672285079956,0.8571791648864746,0.7855398654937744,0.785641610622406,0.9167090654373169,0.7738373875617981,0.8150503635406494,nan,22.375957012176514,0.7154563069343567,-79.94851299650259,0.7302455306053162
106,0.843525767326355,0.7303448915481567,0.8644928932189941,0.9098402261734009,0.9158949851989746,0.7974966764450073,0.9285714626312256,0.7855907082557678,0.9286150336265564,0.8810420036315918,0.9163528680801392,0.8938129544258118,0.9165055751800537,0.9165564179420471,0.7974966764450073,0.9263765215873718,0.9165564179420471,0.8788543939590454,0.9048539400100708,0.8929480314254761,0.9149282574653625,0.9166581630706787,0.6766052842140198,0.8691360950469971,0.8655235767364502,0.8679149150848389,0.8452732563018799,0.8572300672531128,0.785997748374939,0.813829243183136,0.8400325775146484,0.8691360950469971,0.9165055751800537,0.8821104764938354,0.9165564179420471,0.8453240990638733,0.8093518018722534,0.8812455534934998,0.7854889631271362,0.8333672285079956,0.8571791648864746,0.7855398654937744,0.785641610622406,0.9167090654373169,0.7738882303237915,0.8160170912742615,nan,22.165088653564453,0.7157532572746277,-81.67617329213671,0.7303448915481567
107,0.8401665091514587,0.7313388586044312,0.864510178565979,0.9098402261734009,0.9157931804656982,0.7974966764450073,0.928622305393219,0.7855398654937744,0.9286658763885498,0.8810420036315918,0.9163020253181458,0.893507719039917,0.9163528680801392,0.9164037704467773,0.7974966764450073,0.9263765215873718,0.9164037704467773,0.878956139087677,0.9048539400100708,0.8929480314254761,0.9147247076034546,0.9166581630706787,0.6771140694618225,0.8691360950469971,0.8650656342506409,0.8680167198181152,0.8452732563018799,0.8572300672531128,0.7860486507415771,0.813829243183136,0.8402360677719116,0.8691360950469971,0.9163020253181458,0.8836369514465332,0.9164037704467773,0.8453240990638733,0.809249997138977,0.8811438083648682,0.785438060760498,0.8334181308746338,0.8571283221244812,0.7854889631271362,0.7855907082557678,0.9167090654373169,0.7739391326904297,0.8164750337600708,nan,22.441195249557495,0.7164793610572815,-83.42839356196731,0.7313388586044312
108,0.9139971137046814,0.7112613320350647,0.8637219667434692,0.909127950668335,0.9119774103164673,0.7982598543167114,0.9285714626312256,0.7847257852554321,0.9261729717254639,0.8809911608695984,0.9090776443481445,0.8945252895355225,0.911723256111145,0.916149377822876,0.7964792847633362,0.925613284111023,0.9139108657836914,0.877022922039032,0.9039381742477417,0.8927444815635681,0.9087213277816772,0.9167090654373169,0.6779281497001648,0.8706115484237671,0.8617075681686401,0.8680167198181152,0.841762900352478,0.8588582277297974,0.790017306804657,0.8145415782928467,0.8379466533660889,0.8688816428184509,0.9160476326942444,0.8846036195755005,0.9158949851989746,0.8459346294403076,0.8091482520103455,0.8826701641082764,0.7821310758590698,0.8329095244407654,0.8560089468955994,0.7864556908607483,0.785285472869873,0.9164037704467773,0.7746514678001404,0.8166787624359131,nan,22.1115460395813,0.6964026093482971,-84.08809203919567,0.7112613320350647
109,1.2844998836517334,0.6225027441978455,0.8581975698471069,0.9156405925750732,0.8983930349349976,0.7931214570999146,0.9238216876983643,0.7838099002838135,0.9124366044998169,0.8806858658790588,0.9042947292327881,0.8965098261833191,0.9042949676513672,0.9073984622955322,0.7983616590499878,0.9276993870735168,0.9039896726608276,0.8720375299453735,0.901852011680603,0.8911163210868835,0.900020956993103,0.9095864295959473,0.6715692281723022,0.8668979406356812,0.8513803482055664,0.8679149150848389,0.843492865562439,0.8487343788146973,0.8005499839782715,0.8095059394836426,0.8118990659713745,0.8545856475830078,0.9069913625717163,0.8810946345329285,0.9038369655609131,0.8435439467430115,0.8013131618499756,0.8827213048934937,0.7746009826660156,0.8302135467529297,0.8504636287689209,0.7865065336227417,0.7788240909576416,0.9128934741020203,0.7631534337997437,0.7967362999916077,nan,22.653512239456177,0.6014242768287659,-80.55576265541913,0.6225027441978455
110,0.8945507407188416,0.705794632434845,0.8644512891769409,0.9137071371078491,0.9111122488975525,0.7977510690689087,0.9278591871261597,0.7831995487213135,0.9278517961502075,0.8796173930168152,0.9118756055831909,0.8950340747833252,0.9159458875656128,0.9160984754562378,0.7983616590499878,0.9278009533882141,0.9155896902084351,0.8798719644546509,0.9036837220191956,0.8910654187202454,0.9109086990356445,0.9153861999511719,0.6747740507125854,0.8692886829376221,0.8631832599639893,0.867965817451477,0.8458329439163208,0.8596214652061462,0.791696310043335,0.8166276216506958,0.8394222259521484,0.8677114248275757,0.9138599634170532,0.8952376246452332,0.9157423377037048,0.8463926315307617,0.8087412118911743,0.8827210664749146,0.7829958200454712,0.8347409963607788,0.8562633991241455,0.7868120670318604,0.785438060760498,0.9164546728134155,0.7718532681465149,0.8171368837356567,nan,21.8634090423584,0.6895889639854431,-85.07121609451875,0.705794632434845

111,0.8469448089599609,0.7259715795516968,0.8647598028182983,0.9128421545028687,0.9131474494934082,0.7974966764450073,0.9284696578979492,0.785438060760498,0.9284623861312866,0.8805841207504272,0.9163020253181458,0.893507719039917,0.9164546728134155,0.9164546728134155,0.7977002263069153,0.9285132884979248,0.9164546728134155,0.8792105317115784,0.9044469594955444,0.8919812440872192,0.9125877618789673,0.9159967303276062,0.6736037731170654,0.8693395853042603,0.8626744747161865,0.8678131699562073,0.8454258441925049,0.8588073253631592,0.789661169052124,0.8146433234214783,0.8415589332580566,0.8682711124420166,0.9164546728134155,0.893660306930542,0.9164546728134155,0.8458329439163208,0.809249997138977,0.8814491033554077,0.7840642929077148,0.8338760137557983,0.8568739295005798,0.7865574359893799,0.7855907082557678,0.9166581630706787,0.7738373875617981,0.8180525302886963,nan,22.051594018936157,0.7108380198478699,-87.43551047594052,0.7259715795516968
112,0.8355830907821655,0.730643093585968,0.8649436235427856,0.9121807217597961,0.9132492542266846,0.7973949313163757,0.9284188151359558,0.7854889631271362,0.9284623861312866,0.8810420036315918,0.9165564179420471,0.8934059143066406,0.9165564179420471,0.9165564179420471,0.7973949313163757,0.9284623861312866,0.9165564179420471,0.878956139087677,0.9048030972480774,0.8927953243255615,0.9129948019981384,0.9165564179420471,0.6782842874526978,0.8692886829376221,0.8638954162597656,0.8680167198181152,0.8451205492019653,0.8581459522247314,0.7894067764282227,0.8138800859451294,0.8424748182296753,0.8690342903137207,0.9165564179420471,0.8937112092971802,0.9165564179420471,0.8455785512924194,0.8093008995056152,0.8811947107315063,0.7844713926315308,0.8333672285079956,0.8569247722625732,0.785997748374939,0.7856924533843994,0.9167090654373169,0.7738882303237915,0.8190701007843018,nan,21.956763982772827,0.7168970108032227,-89.06320620241915,0.730643093585968
113,0.8331493735313416,0.7309412360191345,0.8650083541870117,0.9123842716217041,0.91426682472229,0.7975475788116455,0.928622305393219,0.7853363156318665,0.928564190864563,0.88109290599823,0.9163020253181458,0.893304169178009,0.9141652584075928,0.9164546728134155,0.7975475788116455,0.9285132884979248,0.9165055751800537,0.878956139087677,0.904904842376709,0.8928462266921997,0.914419412612915,0.9165564179420471,0.677979052066803,0.8692377805709839,0.862979531288147,0.8683728575706482,0.8451714515686035,0.858247697353363,0.7905769944190979,0.8147450685501099,0.8431870937347412,0.8691869378089905,0.9163528680801392,0.8939146995544434,0.9164546728134155,0.8457820415496826,0.8093518018722534,0.8811438083648682,0.7845222353935242,0.8335199356079102,0.8570265769958496,0.7857433557510376,0.785641610622406,0.9168617129325867,0.7737865447998047,0.8192227482795715,nan,21.946001291275024,0.7170259356498718,-90.5120103064665,0.7309412360191345
114,0.8340069651603699,0.7282576560974121,0.8652406334877014,0.9125368595123291,0.9143685698509216,0.7975475788116455,0.9285205602645874,0.785438060760498,0.9285132884979248,0.8810420036315918,0.9141143560409546,0.8939146995544434,0.9141143560409546,0.9166073203086853,0.7976493239402771,0.928716778755188,0.9166073203086853,0.8789052963256836,0.9048030972480774,0.8929480314254761,0.9148774147033691,0.9163020253181458,0.6784369945526123,0.8693904876708984,0.862979531288147,0.8682202100753784,0.8454767465591431,0.8587056398391724,0.7929683923721313,0.8167803287506104,0.8436959385871887,0.8691869378089905,0.9163020253181458,0.894627034664154,0.9166073203086853,0.8457820415496826,0.809453547000885,0.8818052411079407,0.7851836681365967,0.8337743282318115,0.8569756746292114,0.7855907082557678,0.7856924533843994,0.9167090654373169,0.774040937423706,0.8216139078140259,nan,22.12056851387024,0.713890016078949,-91.98577615752892,0.7282576560974121
115,0.8224422335624695,0.7314382195472717,0.8652706742286682,0.9116210341453552,0.9141141772270203,0.7974966764450073,0.9284696578979492,0.785641610622406,0.9284623861312866,0.88109290599823,0.9164037704467773,0.8931515216827393,0.9164546728134155,0.9165564179420471,0.7974966764450073,0.9285132884979248,0.9165564179420471,0.8788543939590454,0.9048539400100708,0.8929480314254761,0.914826512336731,0.9166073203086853,0.6783351898193359,0.8692886829376221,0.8607407808303833,0.8684237003326416,0.8452223539352417,0.8577897548675537,0.7944438457489014,0.8173908591270447,0.8432888984680176,0.8691360950469971,0.9164546728134155,0.8952884674072266,0.9165564179420471,0.8456802368164062,0.8094027042388916,0.88109290599823,0.7855398654937744,0.8335199356079102,0.8570774793624878,0.7855907082557678,0.7857433557510376,0.9167090654373169,0.7738882303237915,0.822020947933197,nan,21.80821657180786,0.7170132994651794,-93.70995778291484,0.7314382195472717
116,0.8179970383644104,0.732829749584198,0.8653885722160339,0.9107052087783813,0.9145721197128296,0.7974966764450073,0.9284696578979492,0.7856924533843994,0.9284623861312866,0.8810420036315918,0.9165564179420471,0.8931006193161011,0.9166073203086853,0.9166073203086853,0.7974966764450073,0.928564190864563,0.9166073203086853,0.8788543939590454,0.9048539400100708,0.8929480314254761,0.9156405925750732,0.9166073203086853,0.6784878373146057,0.8692377805709839,0.8592653274536133,0.8686272501945496,0.8452732563018799,0.8577388525009155,0.7956141233444214,0.819171667098999,0.8432379961013794,0.8691360950469971,0.9166073203086853,0.8976290225982666,0.9166073203086853,0.8456293940544128,0.8094027042388916,0.8809911608695984,0.7855398654937744,0.833469033241272,0.8570774793624878,0.7855907082557678,0.7857433557510376,0.9167090654373169,0.7738373875617981,0.8224279880523682,nan,22.24505352973938,0.7182246446609497,-95.3395816161066,0.732829749584198
117,0.8143790364265442,0.7332273125648499,0.865687906742096,0.9098402261734009,0.9147756099700928,0.7974966764450073,0.9284696578979492,0.785438060760498,0.9284623861312866,0.8810420036315918,0.9165564179420471,0.8929988741874695,0.9165564179420471,0.9166073203086853,0.8082833290100098,0.928564190864563,0.9165564179420471,0.8788543939590454,0.9048539400100708,0.8929480314254761,0.9159967303276062,0.9166073203086853,0.6784878373146057,0.8692377805709839,0.858247697353363,0.8686272501945496,0.8452732563018799,0.8576371073722839,0.7963773012161255,0.8210033178329468,0.8427292108535767,0.8691360950469971,0.9166073203086853,0.9001729488372803,0.9166073203086853,0.8456802368164062,0.8094027042388916,0.8809402585029602,0.7855398654937744,0.833265483379364,0.8570774793624878,0.7855907082557678,0.7857433557510376,0.9167090654373169,0.7738373875617981,0.8222754001617432,nan,22.079230070114136,0.7181945443153381,-96.98819634312724,0.7332273125648499
118,0.8110052347183228,0.7335255146026611,0.8674457669258118,0.9093823432922363,0.9149282574653625,0.7974966764450073,0.9284696578979492,0.7853871583938599,0.9284623861312866,0.8810420036315918,0.9166073203086853,0.8929480314254761,0.9166073203086853,0.9166073203086853,0.8814999461174011,0.928564190864563,0.9166073203086853,0.8788543939590454,0.9048539400100708,0.8929480314254761,0.9162002801895142,0.9166581630706787,0.6784878373146057,0.8692377805709839,0.8577388525009155,0.8687289953231812,0.8452223539352417,0.8577388525009155,0.7972931861877441,0.8224279880523682,0.842831015586853,0.8691360950469971,0.9166073203086853,0.9022082090377808,0.9166073203086853,0.8457311391830444,0.8094027042388916,0.8809402585029602,0.7855907082557678,0.8333163857460022,0.8570774793624878,0.7855907082557678,0.7857433557510376,0.9167090654373169,0.7738373875617981,0.8221735954284668,nan,22.4326491355896,0.7180439829826355,-98.65939577658315,0.7335255146026611
119,0.8076292276382446,0.7342212796211243,0.8677324056625366,0.908720850944519,0.914826512336731,0.7974966764450073,0.9284696578979492,0.7853363156318665,0.9284623861312866,0.8810420036315918,0.9165055751800537,0.8929480314254761,0.9165564179420471,0.9165564179420471,0.8927953243255615,0.928564190864563,0.9165564179420471,0.8788543939590454,0.9048539400100708,0.8929480314254761,0.9160984754562378,0.9166581630706787,0.6784878373146057,0.8692377805709839,0.8575862646102905,0.8687798976898193,0.8452223539352417,0.8577897548675537,0.7975984811782837,0.8231911659240723,0.8423221707344055,0.8691360950469971,0.9165564179420471,0.9042434096336365,0.9165564179420471,0.8459346294403076,0.8094027042388916,0.8809402585029602,0.7853871583938599,0.8333163857460022,0.8570774793624878,0.7855907082557678,0.7857433557510376,0.9167090654373169,0.7738373875617981,0.822224497795105,nan,21.588471174240112,0.7185420393943787,-100.37567549374596,0.7342212796211243
120,0.8042895197868347,0.7346188426017761,0.8677924871444702,0.9082629680633545,0.914826512336731,0.7974966764450073,0.9284696578979492,0.7851327657699585,0.9284623861312866,0.8810420036315918,0.9165564179420471,0.8928971290588379,0.9166073203086853,0.9166073203086853,0.8927953243255615,0.928564190864563,0.9166073203086853,0.8788543939590454,0.9048539400100708,0.8929480314254761,0.9162511825561523,0.9166073203086853,0.6784878373146057,0.8692377805709839,0.8574844598770142,0.8689833879470825,0.8452223539352417,0.8579424023628235,0.7975984811782837,0.8237508535385132,0.8424748182296753,0.8691360950469971,0.9166073203086853,0.9062786102294922,0.9166073203086853,0.8459855318069458,0.8094027042388916,0.8809402585029602,0.785438060760498,0.8333672285079956,0.8570774793624878,0.7855907082557678,0.7857433557510376,0.9167090654373169,0.7738373875617981,0.822020947933197,nan,22.416149377822876,0.7185682058334351,-102.12063861616018,0.7346188426017761

121,0.8008298873901367,0.7347182035446167,0.8678375482559204,0.9079576730728149,0.9148774147033691,0.7974966764450073,0.9284696578979492,0.7846239805221558,0.9284623861312866,0.8810420036315918,0.9164546728134155,0.8928971290588379,0.9166073203086853,0.9166073203086853,0.8927953243255615,0.928564190864563,0.9166073203086853,0.8788543939590454,0.9048539400100708,0.8929480314254761,0.9162002801895142,0.9166581630706787,0.6784878373146057,0.8692377805709839,0.857433557510376,0.8689833879470825,0.8452223539352417,0.8580950498580933,0.7976493239402771,0.8237508535385132,0.8421186208724976,0.8691360950469971,0.9166073203086853,0.9084155559539795,0.9166073203086853,0.847003161907196,0.8094027042388916,0.8809402585029602,0.785285472869873,0.8334181308746338,0.8570774793624878,0.7855907082557678,0.7857433557510376,0.9167090654373169,0.7738373875617981,0.822020947933197,nan,22.56680655479431,0.7188092470169067,-103.91172912615856,0.7347182035446167
122,0.7974399924278259,0.734817624092102,0.8688985109329224,0.9073470830917358,0.914826512336731,0.8420677781105042,0.9284696578979492,0.7843186855316162,0.9284623861312866,0.8810420036315918,0.9164037704467773,0.8928462266921997,0.9165564179420471,0.9165564179420471,0.8927953243255615,0.928564190864563,0.9165564179420471,0.8788543939590454,0.9048539400100708,0.8929480314254761,0.9162002801895142,0.9166581630706787,0.6784878373146057,0.8692377805709839,0.857433557510376,0.8689833879470825,0.8452223539352417,0.858247697353363,0.7977002263069153,0.8239544034004211,0.8421186208724976,0.8691360950469971,0.9165564179420471,0.9101964235305786,0.9165564179420471,0.848682165145874,0.8094027042388916,0.8809402585029602,0.7851327657699585,0.833469033241272,0.8570774793624878,0.7855907082557678,0.7857433557510376,0.9167090654373169,0.7738373875617981,0.8217157125473022,nan,23.46578288078308,0.7187516689300537,-105.74850189964265,0.734817624092102
123,0.7940648794174194,0.7351157665252686,0.8699837923049927,0.9071944952011108,0.9147756099700928,0.8861809372901917,0.9284696578979492,0.7836064100265503,0.9284623861312866,0.8810420036315918,0.9164546728134155,0.8928462266921997,0.9166073203086853,0.9166073203086853,0.8927953243255615,0.928564190864563,0.9166073203086853,0.8788543939590454,0.9048539400100708,0.8929480314254761,0.9163020253181458,0.9166581630706787,0.6784878373146057,0.8692377805709839,0.8573318719863892,0.8690342903137207,0.8452223539352417,0.858451247215271,0.7980563640594482,0.8240053057670593,0.8420169353485107,0.8691360950469971,0.9166073203086853,0.9113666415214539,0.9166073203086853,0.8510735630989075,0.8094027042388916,0.8809402585029602,0.7851836681365967,0.8335707783699036,0.8570774793624878,0.7855907082557678,0.7857433557510376,0.9167090654373169,0.7738373875617981,0.8217157125473022,nan,22.540358781814575,0.71885085105896,-107.62649852501305,0.7351157665252686
124,0.7906384468078613,0.7354139685630798,0.870201051235199,0.9071944952011108,0.9147756099700928,0.8927953243255615,0.9284696578979492,0.781622052192688,0.9284623861312866,0.8810420036315918,0.9164546728134155,0.8928462266921997,0.9165564179420471,0.9166073203086853,0.8927953243255615,0.928564190864563,0.9166073203086853,0.8788543939590454,0.9048539400100708,0.8929480314254761,0.9163528680801392,0.9166581630706787,0.6784878373146057,0.8692377805709839,0.8573318719863892,0.8690342903137207,0.8452223539352417,0.8589600324630737,0.7986669540405273,0.8244123458862305,0.8418133854866028,0.8691360950469971,0.9166073203086853,0.9125877618789673,0.9166073203086853,0.8536175489425659,0.8094027042388916,0.8809402585029602,0.7851327657699585,0.8335199356079102,0.8570774793624878,0.7855907082557678,0.7857433557510376,0.9167090654373169,0.7738373875617981,0.8216648101806641,nan,22.086692094802856,0.718986988067627,-109.54714645205263,0.7354139685630798
125,0.787326455116272,0.7363085150718689,0.8702137470245361,0.9071944952011108,0.914826512336731,0.8927953243255615,0.9284696578979492,0.778416633605957,0.9284114837646484,0.8810420036315918,0.9164037704467773,0.8928462266921997,0.9165055751800537,0.9166073203086853,0.8927953243255615,0.928564190864563,0.9165564179420471,0.8788543939590454,0.9048539400100708,0.8929480314254761,0.9164037704467773,0.9166581630706787,0.6784878373146057,0.8692886829376221,0.857280969619751,0.8690342903137207,0.8452223539352417,0.8595197200775146,0.8002951145172119,0.8248193860054016,0.8415589332580566,0.8691360950469971,0.9166073203086853,0.912943959236145,0.9166073203086853,0.8548387289047241,0.8094027042388916,0.8809402585029602,0.7850819230079651,0.8337234258651733,0.8570265769958496,0.7855907082557678,0.7857433557510376,0.9166073203086853,0.7738373875617981,0.8216139078140259,nan,21.87490749359131,0.7195860743522644,-111.49989161573387,0.7363085150718689
126,0.829159140586853,0.7256733775138855,0.8693885803222656,0.9086191058158875,0.9098913073539734,0.8844009637832642,0.9278082847595215,0.7780095338821411,0.9276483058929443,0.8806858658790588,0.9146230220794678,0.8933550119400024,0.9109091758728027,0.916149377822876,0.8915235996246338,0.9290729761123657,0.9156405925750732,0.8767685294151306,0.9044469594955444,0.8925918340682983,0.9124352931976318,0.9168617129325867,0.6767072677612305,0.8703571557998657,0.8575862646102905,0.8690851926803589,0.8440014123916626,0.8623180985450745,0.8028900027275085,0.8259896039962769,0.8399310111999512,0.868678092956543,0.9159967303276062,0.909127950668335,0.9115706086158752,0.8551948666572571,0.8070114850997925,0.8817543387413025,0.7847257852554321,0.83631831407547,0.8568230271339417,0.785438060760498,0.7853363156318665,0.9164546728134155,0.774193525314331,0.8219702839851379,nan,22.30174708366394,0.7090253829956055,-112.5364419375792,0.7256733775138855
127,1.1079314947128296,0.6609680652618408,0.8645090460777283,0.9114683866500854,0.9053632020950317,0.8853168487548828,0.9233129620552063,0.7798921465873718,0.9124366044998169,0.8818560838699341,0.9043458104133606,0.894983172416687,0.9029722809791565,0.9136053323745728,0.8733104467391968,0.9296835660934448,0.91309654712677,0.8412069082260132,0.9037854671478271,0.8924900889396667,0.8998687863349915,0.9134023189544678,0.6732989549636841,0.8725450038909912,0.8515830039978027,0.8683728575706482,0.8400334119796753,0.8544836044311523,0.812302827835083,0.825939416885376,0.8246182203292847,0.8500578999519348,0.9110615253448486,0.893661379814148,0.9134527444839478,0.8513795137405396,0.8055359721183777,0.8833316564559937,0.7767888307571411,0.8328592777252197,0.8507686853408813,0.780604898929596,0.7811135053634644,0.9160984754562378,0.7709882855415344,0.8181549310684204,nan,21.895046949386597,0.6427609324455261,-109.58866294024419,0.6609680652618408
128,1.0391672849655151,0.6759765148162842,0.866852879524231,0.9112139940261841,0.9057193994522095,0.8894885778427124,0.9228134155273438,0.784115195274353,0.9218481779098511,0.8779891729354858,0.9092807769775391,0.8895394802093506,0.9097895622253418,0.912689745426178,0.8796697854995728,0.9261220693588257,0.9113668203353882,0.8691373467445374,0.9002238512039185,0.889284610748291,0.9111122488975525,0.9139617681503296,0.6797098517417908,0.8719344735145569,0.8559582829475403,0.8664395809173584,0.8459857702255249,0.8555008172988892,0.8110310435295105,0.8226324319839478,0.8331143856048584,0.8608939051628113,0.9122827053070068,0.8999190330505371,0.9097388982772827,0.8562633991241455,0.8090465068817139,0.8826701641082764,0.782792329788208,0.8333170413970947,0.8546351790428162,0.7862012386322021,0.7847257852554321,0.9163020253181458,0.7708356380462646,0.8046221137046814,nan,22.087230920791626,0.6528354287147522,-110.75967247980677,0.6759765148162842
129,0.835074245929718,0.7206043004989624,0.8696393966674805,0.9100437164306641,0.9110614061355591,0.8907603621482849,0.9277574419975281,0.7828940749168396,0.9268851280212402,0.8806858658790588,0.914979100227356,0.8908621072769165,0.9136055707931519,0.916149377822876,0.8868430256843567,0.9286658763885498,0.9160984754562378,0.8726985454559326,0.9039381742477417,0.8923883438110352,0.91248619556427,0.9167090654373169,0.6771142482757568,0.8708659410476685,0.8575353622436523,0.8688308000564575,0.8437979221343994,0.8637936115264893,0.8063498735427856,0.8252266049385071,0.8430855870246887,0.8684237003326416,0.9160984754562378,0.9086191058158875,0.9160984754562378,0.8566194772720337,0.8069097399711609,0.8817034959793091,0.7843695878982544,0.8387097120285034,0.8547878265380859,0.7853871583938599,0.785285472869873,0.9160476326942444,0.7736847400665283,0.8171371221542358,nan,21.944730758666992,0.6961156129837036,-114.56598727255927,0.7206043004989624
130,0.796308159828186,0.7332273125648499,0.8705061674118042,0.910603404045105,0.9112139940261841,0.8928971290588379,0.9282152652740479,0.7842169404029846,0.9278517961502075,0.8808385133743286,0.9160476326942444,0.8929480314254761,0.916149377822876,0.9163528680801392,0.8909130096435547,0.9284623861312866,0.9163528680801392,0.878956139087677,0.9042434096336365,0.8926936388015747,0.9155896902084351,0.9166581630706787,0.6775213479995728,0.8700518608093262,0.855144202709198,0.8687798976898193,0.8464434742927551,0.8645059466362,0.8074183464050293,0.8278721570968628,0.8449170589447021,0.8687798976898193,0.9162511825561523,0.9095349311828613,0.9163020253181458,0.8568230271339417,0.8091991543769836,0.8812963962554932,0.7852345705032349,0.8375903367996216,0.8531090021133423,0.785438060760498,0.7855907082557678,0.9164037704467773,0.7737356424331665,0.8203421235084534,nan,22.38822865486145,0.7102819085121155,-116.98436226032918,0.7332273125648499

131,0.7842077016830444,0.7369048595428467,0.8709973692893982,0.9103490114212036,0.9115192890167236,0.8927953243255615,0.9283679723739624,0.7836573123931885,0.9279536008834839,0.8810420036315918,0.9163528680801392,0.8928462266921997,0.9164546728134155,0.9165564179420471,0.8907094597816467,0.928564190864563,0.9165055751800537,0.8788543939590454,0.904752254486084,0.8928462266921997,0.9162002801895142,0.9166073203086853,0.6801669001579285,0.8702045679092407,0.8571791648864746,0.8688816428184509,0.8464943170547485,0.8657779693603516,0.8081306219100952,0.830416202545166,0.8461890816688538,0.8689325451850891,0.9165564179420471,0.9108069539070129,0.9165564179420471,0.8568739295005798,0.8093518018722534,0.8809911608695984,0.7854889631271362,0.8390149474143982,0.8557037115097046,0.7855398654937744,0.7856924533843994,0.9166581630706787,0.7737865447998047,0.8225806355476379,nan,21.935652256011963,0.7154226303100586,-119.0406296493732,0.7369048595428467
132,0.7785540819168091,0.7378988265991211,0.8711926937103271,0.9098402261734009,0.9113666415214539,0.8928462266921997,0.928113579750061,0.7835555076599121,0.9278517961502075,0.8809402585029602,0.9163020253181458,0.8928971290588379,0.9164037704467773,0.9165564179420471,0.8906586170196533,0.928564190864563,0.9165564179420471,0.8788543939590454,0.9047013521194458,0.8928462266921997,0.9162511825561523,0.9167090654373169,0.678945779800415,0.8701027631759644,0.8571791648864746,0.8689833879470825,0.847003161907196,0.8661850094795227,0.8088430166244507,0.8341304659843445,0.8484786748886108,0.8690851926803589,0.9165564179420471,0.9120280742645264,0.9165564179420471,0.8568739295005798,0.8094027042388916,0.8809911608695984,0.7855398654937744,0.8408975601196289,0.855754554271698,0.7855907082557678,0.7856924533843994,0.9165564179420471,0.7737865447998047,0.8225297927856445,nan,21.79119563102722,0.7173240184783936,-120.83382161053899,0.7378988265991211
133,0.7754513025283813,0.7383958101272583,0.8714191913604736,0.9096876382827759,0.9116210341453552,0.8928462266921997,0.9279609322547913,0.7826396226882935,0.9277501106262207,0.8809402585029602,0.9163528680801392,0.8928971290588379,0.9164546728134155,0.9165564179420471,0.8906586170196533,0.9286150336265564,0.9165564179420471,0.8788543939590454,0.9048030972480774,0.8928462266921997,0.9163020253181458,0.9167090654373169,0.6788439750671387,0.8701027631759644,0.8571791648864746,0.8690342903137207,0.8483260273933411,0.8668464422225952,0.8098605871200562,0.837641179561615,0.8502086400985718,0.8690851926803589,0.9165564179420471,0.912943959236145,0.9165564179420471,0.8570265769958496,0.8094027042388916,0.8809911608695984,0.7855398654937744,0.8421695232391357,0.855958104133606,0.7855907082557678,0.7856924533843994,0.9165564179420471,0.7737865447998047,0.8225297927856445,nan,22.113866090774536,0.7186699509620667,-122.5920758373919,0.7383958101272583
134,0.772657573223114,0.738296389579773,0.8715533018112183,0.9095349311828613,0.9116719365119934,0.8928462266921997,0.9275538921356201,0.7816729545593262,0.9273430109024048,0.8809911608695984,0.9163528680801392,0.8928971290588379,0.9164546728134155,0.9165564179420471,0.8906586170196533,0.9286150336265564,0.9165564179420471,0.8788543939590454,0.9048030972480774,0.8928971290588379,0.9163020253181458,0.9167090654373169,0.678945779800415,0.8702554106712341,0.8571791648864746,0.8690342903137207,0.8502086400985718,0.8673043251037598,0.8099114894866943,0.8395746350288391,0.8511244654655457,0.8690342903137207,0.9165564179420471,0.9136053323745728,0.9165564179420471,0.8570774793624878,0.8094027042388916,0.8809911608695984,0.7855907082557678,0.8433906435966492,0.8560089468955994,0.7855907082557678,0.7856924533843994,0.9165564179420471,0.7737865447998047,0.8227332830429077,nan,21.74150776863098,0.7188341617584229,-124.35857003479944,0.738296389579773
135,0.7699937224388123,0.7385945916175842,0.8716214895248413,0.9094331860542297,0.9120280742645264,0.8928462266921997,0.9269434213638306,0.7797904014587402,0.9267833232879639,0.8810420036315918,0.9163020253181458,0.8928971290588379,0.9164037704467773,0.9165564179420471,0.8906586170196533,0.9286150336265564,0.9165564179420471,0.8788543939590454,0.9048030972480774,0.8929480314254761,0.9162002801895142,0.9167090654373169,0.6792001724243164,0.8702554106712341,0.8571791648864746,0.8690342903137207,0.85173499584198,0.8678131699562073,0.809809684753418,0.8406431674957275,0.8516332507133484,0.8690851926803589,0.9165564179420471,0.9139106273651123,0.9165564179420471,0.8571283221244812,0.8094027042388916,0.8809911608695984,0.785641610622406,0.8446117639541626,0.8560598492622375,0.7855907082557678,0.7856924533843994,0.9165564179420471,0.7737865447998047,0.8231403231620789,nan,21.981868028640747,0.7190722227096558,-126.14589818027999,0.7385945916175842
136,0.7673858404159546,0.7387933731079102,0.8716377019882202,0.9093823432922363,0.9120280742645264,0.8928462266921997,0.9257732629776001,0.7776025533676147,0.92586749792099,0.8810420036315918,0.9163528680801392,0.8928971290588379,0.9164037704467773,0.9165564179420471,0.8906586170196533,0.9286150336265564,0.9165564179420471,0.8788543939590454,0.9048030972480774,0.8929480314254761,0.9162511825561523,0.9167090654373169,0.6797598600387573,0.8702045679092407,0.8571791648864746,0.8690851926803589,0.8539737462997437,0.8680675625801086,0.8099623918533325,0.8411010503768921,0.8512771129608154,0.8691360950469971,0.9165564179420471,0.9146230220794678,0.9165564179420471,0.8571283221244812,0.8094027042388916,0.8809911608695984,0.785641610622406,0.8449679613113403,0.8560598492622375,0.7855907082557678,0.7856924533843994,0.9165564179420471,0.7737865447998047,0.8236491680145264,nan,21.93887972831726,0.7191774249076843,-127.96326017251795,0.7387933731079102
137,0.7648023962974548,0.7387933731079102,0.8716341853141785,0.90928053855896,0.9120789766311646,0.8928462266921997,0.9246540069580078,0.775923490524292,0.9249516725540161,0.8810420036315918,0.9163020253181458,0.8928971290588379,0.9163528680801392,0.9165564179420471,0.8906586170196533,0.9286150336265564,0.9165564179420471,0.8788543939590454,0.9048539400100708,0.8929480314254761,0.9162002801895142,0.9167090654373169,0.6799125075340271,0.8703571557998657,0.8571791648864746,0.8690851926803589,0.8549404740333557,0.8684237003326416,0.8106746673583984,0.841660737991333,0.8503103256225586,0.8691360950469971,0.9165564179420471,0.914979100227356,0.9165564179420471,0.8571791648864746,0.8094027042388916,0.8809911608695984,0.785641610622406,0.8451205492019653,0.8560089468955994,0.7855907082557678,0.7856924533843994,0.9164546728134155,0.7737865447998047,0.8250229358673096,nan,22.063056468963623,0.7189249396324158,-129.81624636106469,0.7387933731079102
138,0.7622182369232178,0.7389921545982361,0.8716723322868347,0.909127950668335,0.9121298789978027,0.8928462266921997,0.9235856533050537,0.7751094102859497,0.923984944820404,0.8810420036315918,0.9163020253181458,0.8928971290588379,0.9164037704467773,0.9165564179420471,0.8906586170196533,0.9286150336265564,0.9165564179420471,0.8788543939590454,0.9048539400100708,0.8929480314254761,0.9162002801895142,0.9167090654373169,0.6804212927818298,0.8706115484237671,0.8571791648864746,0.8690851926803589,0.8556528091430664,0.868678092956543,0.8114887475967407,0.8424748182296753,0.8496997952461243,0.8691360950469971,0.9165564179420471,0.9152843952178955,0.9165564179420471,0.8572300672531128,0.8094027042388916,0.8809911608695984,0.785641610622406,0.8452223539352417,0.8559072017669678,0.7855907082557678,0.7856924533843994,0.9164546728134155,0.7737865447998047,0.8264983892440796,nan,21.94064426422119,0.7190423607826233,-131.710112078528,0.7389921545982361
139,0.7596318125724792,0.7392903566360474,0.871671199798584,0.9094840884208679,0.9121298789978027,0.8928462266921997,0.9220085144042969,0.774600625038147,0.9228655695915222,0.8810420036315918,0.9162511825561523,0.8928971290588379,0.9163528680801392,0.9165564179420471,0.8906586170196533,0.9286150336265564,0.9165055751800537,0.8788543939590454,0.9048539400100708,0.8929480314254761,0.9160476326942444,0.9167090654373169,0.6810318231582642,0.8709677457809448,0.8571791648864746,0.8690851926803589,0.855958104133606,0.8687289953231812,0.8126590251922607,0.8427292108535767,0.8485804796218872,0.8691360950469971,0.9165564179420471,0.9157423377037048,0.9164546728134155,0.8572300672531128,0.8094027042388916,0.8809911608695984,0.785641610622406,0.8452732563018799,0.8558053970336914,0.7855907082557678,0.7856924533843994,0.9164546728134155,0.7737865447998047,0.8276686668395996,nan,21.69565176963806,0.7193196415901184,-133.6504881016813,0.7392903566360474
140,0.7570335268974304,0.7393897175788879,0.8717566728591919,0.9097384810447693,0.9120789766311646,0.8928462266921997,0.9205840826034546,0.7743462324142456,0.9215935468673706,0.8810420036315918,0.9162511825561523,0.8928971290588379,0.9164037704467773,0.9165564179420471,0.8906586170196533,0.9286150336265564,0.9165564179420471,0.8788543939590454,0.9048539400100708,0.8929480314254761,0.9160984754562378,0.9167090654373169,0.6812862157821655,0.8712221384048462,0.8571791648864746,0.8690851926803589,0.8564159870147705,0.8687798976898193,0.8160170912742615,0.8430345058441162,0.8479698896408081,0.8691360950469971,0.9165564179420471,0.9159458875656128,0.9165055751800537,0.8572300672531128,0.8094027042388916,0.8809911608695984,0.785641610622406,0.8452732563018799,0.8558053970336914,0.7855907082557678,0.7856924533843994,0.9164037704467773,0.7737865447998047,0.8297547698020935,nan,22.338457822799683,0.7193371057510376,-135.6333548702524,0.7393897175788879

141,0.7543969750404358,0.7397872805595398,0.8718398809432983,0.9101455211639404,0.9121298789978027,0.8928462266921997,0.9200243949890137,0.774040937423706,0.9207285642623901,0.8810420036315918,0.9162511825561523,0.8928971290588379,0.9164037704467773,0.9165564179420471,0.8906586170196533,0.9286150336265564,0.9165564179420471,0.8788543939590454,0.9048539400100708,0.8929480314254761,0.9158949851989746,0.9167090654373169,0.6813880205154419,0.8715783357620239,0.8571791648864746,0.8690851926803589,0.8565686345100403,0.8689325451850891,0.8181540966033936,0.8431362509727478,0.8479698896408081,0.8691360950469971,0.9165564179420471,0.9162511825561523,0.9165055751800537,0.8572300672531128,0.8094027042388916,0.8809911608695984,0.785641610622406,0.8452732563018799,0.855754554271698,0.7855907082557678,0.7856924533843994,0.9163528680801392,0.7737865447998047,0.8316881656646729,nan,21.886138439178467,0.7199574112892151,-137.6716365497613,0.7397872805595398
142,0.7701901793479919,0.7371036410331726,0.8714897632598877,0.9107561111450195,0.9087210893630981,0.8906586170196533,0.9195156693458557,0.774040937423706,0.9201180338859558,0.8812963962554932,0.9151826500892639,0.8930497169494629,0.9134020805358887,0.9165564179420471,0.8884710073471069,0.9288185834884644,0.9165564179420471,0.8767685294151306,0.9050574898719788,0.8932024240493774,0.9141141772270203,0.9167599678039551,0.6778268218040466,0.8726468086242676,0.8573318719863892,0.8691869378089905,0.8568230271339417,0.8688816428184509,0.8198840022087097,0.8423221707344055,0.8482751846313477,0.8692886829376221,0.914216160774231,0.9160476326942444,0.9162511825561523,0.8575862646102905,0.8094027042388916,0.8812455534934998,0.7857433557510376,0.8456802368164062,0.8560089468955994,0.7855907082557678,0.7857433557510376,0.9165055751800537,0.7738373875617981,0.833621621131897,nan,22.453925132751465,0.7168816328048706,-139.40161051521267,0.7371036410331726
143,0.7998555302619934,0.7246794700622559,0.8713001608848572,0.9124860167503357,0.906787633895874,0.8928971290588379,0.9204822778701782,0.774397075176239,0.9217462539672852,0.8809911608695984,0.9141650199890137,0.8934059143066406,0.9123844504356384,0.9159458875656128,0.8887762427330017,0.9289711713790894,0.9158440828323364,0.8793631792068481,0.9041925668716431,0.8928971290588379,0.9134527444839478,0.9168108701705933,0.6786409020423889,0.8725450038909912,0.8578406572341919,0.8684746026992798,0.8562124967575073,0.8681693077087402,0.8221226930618286,0.8402869701385498,0.8445106744766235,0.8693395853042603,0.9135038256645203,0.9138088822364807,0.9153352975845337,0.8576371073722839,0.8103693723678589,0.8815507888793945,0.7854889631271362,0.8451714515686035,0.8550931215286255,0.7851327657699585,0.7855398654937744,0.9165564179420471,0.7738882303237915,0.8315357565879822,nan,21.97016716003418,0.7056670188903809,-140.5622256966877,0.7246794700622559
144,0.7846312522888184,0.7280588150024414,0.8716052770614624,0.9137580394744873,0.90867018699646,0.8929988741874695,0.920991063117981,0.7751603126525879,0.9217462539672852,0.8806350231170654,0.9130458831787109,0.893507719039917,0.9154879450798035,0.9165055751800537,0.8864868879318237,0.9288694858551025,0.9164037704467773,0.8788543939590454,0.9042434096336365,0.8923883438110352,0.9147756099700928,0.9168617129325867,0.6827622056007385,0.8731046915054321,0.8578406572341919,0.8688816428184509,0.8543809652328491,0.86832195520401,0.8219702839851379,0.8430345058441162,0.8422212600708008,0.8690342903137207,0.9164546728134155,0.9135036468505859,0.9160984754562378,0.8575353622436523,0.8107255697250366,0.8818560838699341,0.7831486463546753,0.8455785512924194,0.8562124967575073,0.7856924533843994,0.785438060760498,0.9165564179420471,0.774040937423706,0.8326042890548706,nan,22.001017093658447,0.7089412808418274,-141.95835791078716,0.7280588150024414
145,0.7579381465911865,0.7369048595428467,0.872198224067688,0.9116210341453552,0.9098402261734009,0.890556812286377,0.9216524362564087,0.7749567627906799,0.9226111769676208,0.88109290599823,0.9150809049606323,0.8928462266921997,0.9153352975845337,0.9162511825561523,0.8927444815635681,0.928920328617096,0.9162511825561523,0.8791087865829468,0.904904842376709,0.8929480314254761,0.9142159223556519,0.9167090654373169,0.6872392296791077,0.872901201248169,0.8570774793624878,0.868678092956543,0.8568230271339417,0.8689325451850891,0.8256334662437439,0.8456802368164062,0.8533123135566711,0.8690851926803589,0.916149377822876,0.9147247076034546,0.9136055707931519,0.8573827147483826,0.8102676272392273,0.8811438083648682,0.7853871583938599,0.8452732563018799,0.8540246486663818,0.7853363156318665,0.7856924533843994,0.9163528680801392,0.7740917801856995,0.8314340114593506,nan,21.528126001358032,0.7181533575057983,-144.6266730585033,0.7369048595428467
146,0.7455065846443176,0.7386939525604248,0.8724108338356018,0.9128930568695068,0.9095858335494995,0.8927444815635681,0.9205840826034546,0.7742953300476074,0.9222550392150879,0.8809911608695984,0.9159967303276062,0.8928462266921997,0.9162511825561523,0.9166073203086853,0.8927444815635681,0.928564190864563,0.9166073203086853,0.8788543939590454,0.904752254486084,0.8928971290588379,0.9154879450798035,0.9166581630706787,0.6884094476699829,0.8727993965148926,0.8572300672531128,0.8689833879470825,0.8568739295005798,0.8687798976898193,0.82471764087677,0.844713568687439,0.8525490760803223,0.8690851926803589,0.9166073203086853,0.9154371023178101,0.9164546728134155,0.8572300672531128,0.8099623918533325,0.8809402585029602,0.7855398654937744,0.8452223539352417,0.8548896312713623,0.7855398654937744,0.7857433557510376,0.9162002801895142,0.774040937423706,0.8335199356079102,nan,21.92052125930786,0.7191748023033142,-147.06499263185972,0.7386939525604248
147,0.744632363319397,0.7395884990692139,0.8725553154945374,0.9136053323745728,0.909127950668335,0.8927444815635681,0.9199227094650269,0.7739900350570679,0.9206777215003967,0.8810420036315918,0.9160984754562378,0.8929480314254761,0.9164546728134155,0.9166073203086853,0.8927444815635681,0.928564190864563,0.9166073203086853,0.8788543939590454,0.9048030972480774,0.8929480314254761,0.9154879450798035,0.9166581630706787,0.6888165473937988,0.8744275569915771,0.8571791648864746,0.8690342903137207,0.8570774793624878,0.8690851926803589,0.8256334662437439,0.847562849521637,0.8514806032180786,0.8690851926803589,0.9166073203086853,0.9157931804656982,0.9165055751800537,0.857280969619751,0.811132550239563,0.88109290599823,0.785641610622406,0.8452732563018799,0.8550422191619873,0.7855907082557678,0.7857433557510376,0.9165055751800537,0.7742444276809692,0.8337234258651733,nan,22.166210651397705,0.718531608581543,-149.03690097825142,0.7395884990692139
148,0.7397304773330688,0.7389921545982361,0.8726651072502136,0.9141141772270203,0.9081611633300781,0.8927444815635681,0.9198209047317505,0.7739391326904297,0.9205759763717651,0.8810420036315918,0.916149377822876,0.8928462266921997,0.9165055751800537,0.9166073203086853,0.8927444815635681,0.9286150336265564,0.9166073203086853,0.8788543939590454,0.9048539400100708,0.8929480314254761,0.9156405925750732,0.9166581630706787,0.68922358751297,0.875394344329834,0.8571283221244812,0.8689833879470825,0.8569247722625732,0.8690851926803589,0.8261422514915466,0.8492418527603149,0.8520911931991577,0.8691360950469971,0.9166073203086853,0.9160476326942444,0.9165564179420471,0.8572300672531128,0.8127607703208923,0.8809402585029602,0.7857433557510376,0.8452223539352417,0.8551948666572571,0.7855398654937744,0.7857433557510376,0.9164037704467773,0.7739391326904297,0.8335707783699036,nan,22.28429126739502,0.7192123532295227,-151.40291300702435,0.7389921545982361
149,0.7365366816520691,0.7396879196166992,0.8729228377342224,0.9144703149795532,0.9081103205680847,0.8927444815635681,0.9187016487121582,0.7738373875617981,0.9196600914001465,0.8810420036315918,0.9162511825561523,0.8928462266921997,0.9164546728134155,0.9166073203086853,0.8927444815635681,0.928564190864563,0.9166073203086853,0.8788543939590454,0.9048539400100708,0.8929480314254761,0.9156405925750732,0.9166581630706787,0.6897832155227661,0.8773277997970581,0.8571283221244812,0.8690342903137207,0.8570265769958496,0.8691360950469971,0.8277195692062378,0.8517858982086182,0.8534140586853027,0.8691360950469971,0.9166073203086853,0.9162511825561523,0.9165564179420471,0.8572300672531128,0.8169329166412354,0.8809402585029602,0.7857433557510376,0.8452223539352417,0.8551440238952637,0.7855398654937744,0.7857433557510376,0.9163020253181458,0.7748041152954102,0.8335199356079102,nan,21.959145545959473,0.7202362418174744,-153.670218017748,0.7396879196166992
150,0.7339127659797668,0.7398867011070251,0.8731644153594971,0.9148774147033691,0.9079067707061768,0.8927444815635681,0.9183964133262634,0.7738373875617981,0.9188460111618042,0.8810420036315918,0.9163020253181458,0.8928462266921997,0.9164037704467773,0.9166073203086853,0.8927444815635681,0.928564190864563,0.9166073203086853,0.8788543939590454,0.9048539400100708,0.8929480314254761,0.9156914949417114,0.9166581630706787,0.6900376677513123,0.8788541555404663,0.8571283221244812,0.8690342903137207,0.8570774793624878,0.8691360950469971,0.8303653001785278,0.8522437810897827,0.8542790412902832,0.8691360950469971,0.9166073203086853,0.9164546728134155,0.9165055751800537,0.8572300672531128,0.8202401399612427,0.8809402585029602,0.7857433557510376,0.8452223539352417,0.8549913167953491,0.7855398654937744,0.7857433557510376,0.9163020253181458,0.777246356010437,0.833469033241272,nan,22.442041873931885,0.7204996347427368,-155.95521012012273,0.7398867011070251

151,0.7313554286956787,0.7392903566360474,0.8732949495315552,0.9151826500892639,0.9078558683395386,0.8927444815635681,0.9178367853164673,0.7738373875617981,0.9183372259140015,0.8810420036315918,0.9163528680801392,0.8928462266921997,0.9165564179420471,0.9166073203086853,0.8927444815635681,0.928564190864563,0.9166073203086853,0.8788543939590454,0.9048539400100708,0.8929480314254761,0.9158949851989746,0.9166581630706787,0.690190315246582,0.8794138431549072,0.8571283221244812,0.8690342903137207,0.8571283221244812,0.8691360950469971,0.8331128358840942,0.851582407951355,0.8552966117858887,0.8691360950469971,0.9166073203086853,0.9165564179420471,0.9165564179420471,0.8572300672531128,0.8211560249328613,0.8809402585029602,0.7857433557510376,0.8452223539352417,0.8548387289047241,0.7855398654937744,0.7857433557510376,0.9163528680801392,0.7786201238632202,0.8334181308746338,nan,22.422565937042236,0.7198367118835449,-158.29477923921888,0.7392903566360474
152,0.7288252711296082,0.7394891381263733,0.8734036087989807,0.9154371023178101,0.9076523780822754,0.8927444815635681,0.9176841974258423,0.7738373875617981,0.9180828332901001,0.8810420036315918,0.9163528680801392,0.8928462266921997,0.9164546728134155,0.9166073203086853,0.8927444815635681,0.928564190864563,0.9166073203086853,0.8788543939590454,0.9048539400100708,0.8929480314254761,0.9158949851989746,0.9166581630706787,0.690342903137207,0.87992262840271,0.8571283221244812,0.8690342903137207,0.8571283221244812,0.8691360950469971,0.8363691568374634,0.8506665229797363,0.8557037115097046,0.8691360950469971,0.9165564179420471,0.9166073203086853,0.9165055751800537,0.8572300672531128,0.8212068676948547,0.8809402585029602,0.7856924533843994,0.8452223539352417,0.8543299436569214,0.7855398654937744,0.7857433557510376,0.9163528680801392,0.7810114622116089,0.8334181308746338,nan,21.8664391040802,0.7201677560806274,-160.68646574499073,0.7394891381263733
153,0.7263423800468445,0.7395884990692139,0.8735353946685791,0.9157931804656982,0.9074997901916504,0.8927444815635681,0.9174807071685791,0.7738373875617981,0.917675793170929,0.8810420036315918,0.9165055751800537,0.8928462266921997,0.9166073203086853,0.9166073203086853,0.8927444815635681,0.928564190864563,0.9166073203086853,0.8788543939590454,0.9048539400100708,0.8929480314254761,0.9160984754562378,0.9166581630706787,0.6903938055038452,0.8801770210266113,0.8571283221244812,0.8690342903137207,0.8571283221244812,0.8691360950469971,0.8397781848907471,0.8498015403747559,0.8558053970336914,0.8691360950469971,0.9166073203086853,0.9167599678039551,0.9166073203086853,0.8572300672531128,0.8212577700614929,0.8809402585029602,0.7857433557510376,0.8452223539352417,0.8539228439331055,0.7855398654937744,0.7857433557510376,0.9163528680801392,0.7838608026504517,0.8333163857460022,nan,21.87179136276245,0.72031569480896,-163.14451218902585,0.7395884990692139
154,0.7237677574157715,0.7393897175788879,0.873555064201355,0.9160476326942444,0.9072961807250977,0.8927444815635681,0.9173280000686646,0.7738373875617981,0.9175231456756592,0.8810420036315918,0.9165055751800537,0.8928462266921997,0.9165564179420471,0.9166073203086853,0.8927444815635681,0.928564190864563,0.9166073203086853,0.8788543939590454,0.9048539400100708,0.8929480314254761,0.9160476326942444,0.9166581630706787,0.6903938055038452,0.8802279233932495,0.8571283221244812,0.8690342903137207,0.8571283221244812,0.8691360950469971,0.8415080904960632,0.848682165145874,0.8557037115097046,0.8691360950469971,0.9166073203086853,0.9167599678039551,0.9165055751800537,0.8572300672531128,0.8212577700614929,0.8809402585029602,0.7857433557510376,0.8452223539352417,0.8535667061805725,0.7855398654937744,0.7857433557510376,0.9163528680801392,0.7849292755126953,0.8333672285079956,nan,22.118906259536743,0.7201229333877563,-165.6533914119962,0.7393897175788879
155,0.721236526966095,0.7396879196166992,0.8735631108283997,0.9162511825561523,0.9072961807250977,0.8927444815635681,0.9171245098114014,0.7738373875617981,0.9175231456756592,0.8810420036315918,0.9165564179420471,0.8928462266921997,0.9165564179420471,0.9166073203086853,0.8927444815635681,0.928564190864563,0.9166073203086853,0.8788543939590454,0.9048539400100708,0.8929480314254761,0.9159967303276062,0.9166581630706787,0.6903938055038452,0.8803297281265259,0.8571283221244812,0.8690342903137207,0.8571283221244812,0.8691360950469971,0.8433398008346558,0.8482751846313477,0.8547369241714478,0.8691360950469971,0.9166073203086853,0.9167599678039551,0.9164037704467773,0.8572300672531128,0.8212577700614929,0.8809402585029602,0.7857433557510376,0.8452223539352417,0.8531596660614014,0.7855398654937744,0.7857433557510376,0.9163020253181458,0.785285472869873,0.8333672285079956,nan,22.435441255569458,0.7204976677894592,-168.22701709998697,0.7396879196166992
156,0.7187037467956543,0.7397872805595398,0.8735446333885193,0.9164546728134155,0.9072961807250977,0.8927444815635681,0.917073667049408,0.7738373875617981,0.9172687530517578,0.8810420036315918,0.9165564179420471,0.8928462266921997,0.9166073203086853,0.9166073203086853,0.8927444815635681,0.928564190864563,0.9166073203086853,0.8788543939590454,0.9048539400100708,0.8929480314254761,0.9162002801895142,0.9166581630706787,0.6903938055038452,0.8803805708885193,0.8571283221244812,0.8690342903137207,0.8571283221244812,0.8691360950469971,0.8447644114494324,0.8479189872741699,0.853057861328125,0.8691360950469971,0.9166073203086853,0.9167599678039551,0.9164037704467773,0.8572300672531128,0.8212577700614929,0.8809402585029602,0.7857433557510376,0.8452223539352417,0.8527017831802368,0.7855398654937744,0.7857433557510376,0.9163020253181458,0.7853871583938599,0.8333163857460022,nan,21.815248489379883,0.7206281423568726,-170.86460806851642,0.7397872805595398
157,0.7161687016487122,0.7399860620498657,0.8734625577926636,0.9165055751800537,0.9074488878250122,0.8927444815635681,0.917073667049408,0.7738373875617981,0.9172178506851196,0.8810420036315918,0.9165055751800537,0.8928462266921997,0.9165564179420471,0.9166073203086853,0.8927444815635681,0.928564190864563,0.9166073203086853,0.8788543939590454,0.9048030972480774,0.8929480314254761,0.9162002801895142,0.9166581630706787,0.6903938055038452,0.8804314732551575,0.8571283221244812,0.8690342903137207,0.8571283221244812,0.8691360950469971,0.8449170589447021,0.8477154970169067,0.8504630327224731,0.8691360950469971,0.9166073203086853,0.9167599678039551,0.9163020253181458,0.8572300672531128,0.8212577700614929,0.8809402585029602,0.7857433557510376,0.8452223539352417,0.85173499584198,0.7855398654937744,0.7857433557510376,0.9162002801895142,0.7855398654937744,0.8333163857460022,nan,22.327773332595825,0.7208290100097656,-173.5595071722648,0.7399860620498657
158,0.7136592864990234,0.7400854825973511,0.8734128475189209,0.9165055751800537,0.9072961807250977,0.8927444815635681,0.9169210195541382,0.7738373875617981,0.917116105556488,0.8810420036315918,0.9166073203086853,0.8928462266921997,0.9166073203086853,0.9166073203086853,0.8927444815635681,0.928564190864563,0.9166073203086853,0.8788543939590454,0.9048539400100708,0.8929480314254761,0.9163528680801392,0.9166581630706787,0.6903938055038452,0.8804823160171509,0.8571283221244812,0.8690342903137207,0.8571283221244812,0.8691360950469971,0.8451714515686035,0.8475119471549988,0.8492418527603149,0.8691360950469971,0.9166073203086853,0.9167599678039551,0.9163528680801392,0.8572300672531128,0.8212577700614929,0.8809402585029602,0.7857433557510376,0.8452223539352417,0.8509209156036377,0.7855398654937744,0.7857433557510376,0.9159458875656128,0.7855398654937744,0.8333163857460022,nan,22.007717609405518,0.7209661602973938,-176.31827786537278,0.7400854825973511
159,0.7110759615898132,0.7401848435401917,0.8734093904495239,0.9166581630706787,0.9075506329536438,0.8927444815635681,0.9168701767921448,0.7738373875617981,0.917116105556488,0.8810420036315918,0.9166073203086853,0.8928462266921997,0.9166073203086853,0.9166073203086853,0.8927444815635681,0.928564190864563,0.9166073203086853,0.8788543939590454,0.9048030972480774,0.8929480314254761,0.9163528680801392,0.9166581630706787,0.6903938055038452,0.8805332183837891,0.8571283221244812,0.8690342903137207,0.8571283221244812,0.8691360950469971,0.8452732563018799,0.8471558094024658,0.8495471477508545,0.8691360950469971,0.9166073203086853,0.9167599678039551,0.9162511825561523,0.8572300672531128,0.8212577700614929,0.8809402585029602,0.7857433557510376,0.8452223539352417,0.8506665229797363,0.7855398654937744,0.7857433557510376,0.9157423377037048,0.7855398654937744,0.8333163857460022,nan,22.20838212966919,0.7210885882377625,-179.12814558245483,0.7401848435401917
160,0.7085322141647339,0.740284264087677,0.8734347820281982,0.9166581630706787,0.9078558683395386,0.8927444815635681,0.9168193340301514,0.7738373875617981,0.9170143604278564,0.8810420036315918,0.9165564179420471,0.8928462266921997,0.9165564179420471,0.9166073203086853,0.8927444815635681,0.928564190864563,0.9166073203086853,0.8788543939590454,0.9048030972480774,0.8929480314254761,0.9163528680801392,0.9166581630706787,0.6903938055038452,0.8804823160171509,0.8571283221244812,0.8690342903137207,0.8571283221244812,0.8691360950469971,0.8454767465591431,0.8471558094024658,0.8505138754844666,0.8691360950469971,0.9166073203086853,0.9167599678039551,0.916149377822876,0.8572300672531128,0.8212577700614929,0.8809402585029602,0.7857433557510376,0.8452223539352417,0.8504630327224731,0.7855398654937744,0.7857433557510376,0.9157423377037048,0.7856924533843994,0.8334181308746338,nan,22.117931127548218,0.721196174621582,-182.00534782261798,0.740284264087677

161,0.7059474587440491,0.7400854825973511,0.8734925985336304,0.9166581630706787,0.9076523780822754,0.8927444815635681,0.9168193340301514,0.7738373875617981,0.9169125556945801,0.8810420036315918,0.9166073203086853,0.8928462266921997,0.9166073203086853,0.9166073203086853,0.8927444815635681,0.928564190864563,0.9166073203086853,0.8788543939590454,0.9048030972480774,0.8929480314254761,0.9165055751800537,0.9166581630706787,0.6903938055038452,0.8804823160171509,0.8571283221244812,0.8690342903137207,0.8571283221244812,0.8691360950469971,0.8461890816688538,0.8471049070358276,0.8522946834564209,0.8691360950469971,0.9166073203086853,0.9167599678039551,0.9162002801895142,0.8572300672531128,0.8212577700614929,0.8809402585029602,0.7857433557510376,0.8452223539352417,0.8504630327224731,0.7855398654937744,0.7857433557510376,0.9156405925750732,0.7857433557510376,0.8335707783699036,nan,22.270570039749146,0.7210408449172974,-184.94268028988017,0.7400854825973511
162,0.7045252323150635,0.7396879196166992,0.8735076189041138,0.9166581630706787,0.908568263053894,0.8927444815635681,0.9169210195541382,0.7738373875617981,0.9170143604278564,0.8810420036315918,0.9164546728134155,0.8928462266921997,0.9165055751800537,0.9165564179420471,0.8927444815635681,0.928564190864563,0.9165564179420471,0.8788543939590454,0.9045995473861694,0.8929480314254761,0.9163528680801392,0.9166581630706787,0.690342903137207,0.8805332183837891,0.8571283221244812,0.8690342903137207,0.8570774793624878,0.8691360950469971,0.8465452194213867,0.8470540046691895,0.8531596660614014,0.8691360950469971,0.9165055751800537,0.9167599678039551,0.9159967303276062,0.8572300672531128,0.8212577700614929,0.8809402585029602,0.7855907082557678,0.8452732563018799,0.8515315055847168,0.7855398654937744,0.7856924533843994,0.9157423377037048,0.7855907082557678,0.8321971893310547,nan,22.80177903175354,0.7205962538719177,-187.83286876809277,0.7396879196166992
163,1.2663601636886597,0.6673293113708496,0.8644685745239258,0.9103494882583618,0.9013438820838928,0.8808907270431519,0.9162413477897644,0.7742444276809692,0.9078063368797302,0.8786510825157166,0.907500147819519,0.894830584526062,0.9035319685935974,0.9091283082962036,0.8878606557846069,0.9243924021720886,0.90923011302948,0.8546888828277588,0.9006311297416687,0.8895903825759888,0.9054651856422424,0.9038885831832886,0.6812364459037781,0.8729525208473206,0.85433030128479,0.8663378357887268,0.8453251719474792,0.8546366691589355,0.8141390681266785,0.8231436014175415,0.8219226598739624,0.8506175875663757,0.9085686802864075,0.9014463424682617,0.9107052087783813,0.8564164638519287,0.8150506019592285,0.8832298517227173,0.7818766832351685,0.8325546979904175,0.8486319780349731,0.7814695835113525,0.7845730781555176,0.9146230220794678,0.7725662589073181,0.8063535690307617,nan,22.781425952911377,0.6486467123031616,-181.70505356776786,0.6673293113708496
164,0.9243897795677185,0.6923764944076538,0.8683876991271973,0.9106545448303223,0.9048032760620117,0.8867921233177185,0.9185398817062378,0.772260308265686,0.920525074005127,0.8816016912460327,0.9113157987594604,0.8939656019210815,0.9116210341453552,0.9122318029403687,0.8868938684463501,0.9269870519638062,0.9146230220794678,0.8687812089920044,0.9005802273750305,0.893507719039917,0.9082631468772888,0.9176249504089355,0.6924290060997009,0.8733082413673401,0.8562635183334351,0.8690851926803589,0.8502601385116577,0.8629293441772461,0.8376940488815308,0.834692120552063,0.8209046125411987,0.8704080581665039,0.9132492542266846,0.912689745426178,0.9067367315292358,0.8589600324630737,0.8125572204589844,0.8827210664749146,0.7809099555015564,0.8131203651428223,0.846698522567749,0.7841660976409912,0.7798925638198853,0.911773681640625,0.7729215621948242,0.8246686458587646,nan,23.82615303993225,0.6641189455986023,-183.3443347872897,0.6923764944076538
165,0.7700177431106567,0.727561891078949,0.8711395263671875,0.9141141772270203,0.9055666923522949,0.8904550671577454,0.916810154914856,0.7739391326904297,0.9189987182617188,0.8808894157409668,0.9153352975845337,0.8910655975341797,0.9154879450798035,0.9162511825561523,0.8906077146530151,0.9286658763885498,0.9162511825561523,0.8744282722473145,0.9040398597717285,0.8925918340682983,0.9141650199890137,0.9166581630706787,0.6831697225570679,0.8764628171920776,0.8573318719863892,0.868525505065918,0.8571283221244812,0.8687798976898193,0.8472577333450317,0.8444595336914062,0.8385070562362671,0.8689325451850891,0.9140634536743164,0.9141141772270203,0.9122824668884277,0.8578915596008301,0.818561315536499,0.8817543387413025,0.7851327657699585,0.822226881980896,0.8516840934753418,0.785438060760498,0.7852345705032349,0.9095858335494995,0.7739900350570679,0.8300607204437256,nan,22.160969495773315,0.6999358534812927,-189.04729693789758,0.727561891078949
166,0.7268493175506592,0.737203061580658,0.8721935749053955,0.9143685698509216,0.9084664583206177,0.8927444815635681,0.9166575074195862,0.7736847400665283,0.9188460111618042,0.8809911608695984,0.9156405925750732,0.8928971290588379,0.9158440828323364,0.9162002801895142,0.8927444815635681,0.928716778755188,0.9162511825561523,0.8790069818496704,0.9042942523956299,0.8928462266921997,0.9121809005737305,0.9165564179420471,0.6890711188316345,0.8766663074493408,0.8571791648864746,0.8688308000564575,0.857433557510376,0.8688308000564575,0.8492418527603149,0.8479698896408081,0.8443576097488403,0.8691869378089905,0.916149377822876,0.9146230220794678,0.9122315645217896,0.857280969619751,0.8208507299423218,0.8813472986221313,0.7853871583938599,0.828433632850647,0.8527526259422302,0.7851836681365967,0.7854889631271362,0.9098911285400391,0.7739900350570679,0.8329097628593445,nan,22.47774386405945,0.7098658084869385,-191.85580109767915,0.737203061580658
167,0.7208285927772522,0.7405824661254883,0.8726385235786438,0.9152843952178955,0.908924400806427,0.8927953243255615,0.9166066646575928,0.7734812498092651,0.9186934232711792,0.8809911608695984,0.916149377822876,0.8928462266921997,0.916149377822876,0.916149377822876,0.8927953243255615,0.9286150336265564,0.916149377822876,0.8788543939590454,0.904548704624176,0.8929480314254761,0.916149377822876,0.9167090654373169,0.690546452999115,0.8791594505310059,0.8569756746292114,0.8689833879470825,0.8574844598770142,0.8690342903137207,0.8504630327224731,0.8484277725219727,0.8444084525108337,0.8692886829376221,0.916149377822876,0.9160984754562378,0.9147756099700928,0.8574844598770142,0.8208507299423218,0.8811438083648682,0.7852345705032349,0.8261442184448242,0.8546351790428162,0.7851327657699585,0.785285472869873,0.9095858335494995,0.7737356424331665,0.8377938270568848,nan,22.089016914367676,0.7164764404296875,-194.1844745587075,0.7405824661254883
168,0.7197546362876892,0.7395884990692139,0.8730338215827942,0.9157423377037048,0.90928053855896,0.8927953243255615,0.91609787940979,0.7735320925712585,0.9182863235473633,0.8809911608695984,0.914216160774231,0.8927953243255615,0.9164037704467773,0.9164546728134155,0.8927953243255615,0.9286658763885498,0.9165055751800537,0.8787017464637756,0.9043960571289062,0.8930497169494629,0.9164546728134155,0.9166581630706787,0.6906481981277466,0.8776839375495911,0.8570774793624878,0.8688816428184509,0.8570774793624878,0.8691360950469971,0.8548387289047241,0.853261411190033,0.8450190424919128,0.8693395853042603,0.9164037704467773,0.9159458875656128,0.9147756099700928,0.8575862646102905,0.8212068676948547,0.8811438083648682,0.785438060760498,0.8345385789871216,0.8555001616477966,0.7854889631271362,0.785438060760498,0.9085173606872559,0.7736338376998901,0.838557243347168,nan,22.08852982521057,0.7165235280990601,-196.1989559487905,0.7395884990692139
169,0.714396059513092,0.741377592086792,0.8734521865844727,0.9153352975845337,0.908720850944519,0.8927444815635681,0.916454017162323,0.774040937423706,0.918642520904541,0.8809911608695984,0.9164546728134155,0.8928462266921997,0.9164546728134155,0.9165564179420471,0.8927444815635681,0.9286658763885498,0.9165564179420471,0.8789052963256836,0.904548704624176,0.8928462266921997,0.9163528680801392,0.9166073203086853,0.690902590751648,0.879362940788269,0.8570265769958496,0.8689325451850891,0.8571791648864746,0.8691360950469971,0.8537195324897766,0.8565177917480469,0.8470540046691895,0.8689833879470825,0.9165055751800537,0.9151826500892639,0.9146230220794678,0.8574844598770142,0.8212577700614929,0.8812963962554932,0.7857433557510376,0.8455276489257812,0.8578406572341919,0.7854889631271362,0.7857433557510376,0.9095349311828613,0.7719041109085083,0.8358101844787598,nan,22.427828311920166,0.7190172672271729,-198.71371229736886,0.741377592086792
170,0.7024097442626953,0.7427691221237183,0.8737480640411377,0.9155896902084351,0.9085173606872559,0.8927953243255615,0.9163013696670532,0.7738373875617981,0.9184898734092712,0.88109290599823,0.9165055751800537,0.8928462266921997,0.9164546728134155,0.9165055751800537,0.8927953243255615,0.928564190864563,0.9165055751800537,0.8789052963256836,0.9046504497528076,0.8929988741874695,0.9164037704467773,0.9166581630706787,0.6904956102371216,0.8802788257598877,0.8571283221244812,0.8690342903137207,0.8570774793624878,0.8690342903137207,0.8569247722625732,0.8567721843719482,0.8450190424919128,0.8691360950469971,0.9165055751800537,0.9164037704467773,0.9148774147033691,0.8573827147483826,0.8212068676948547,0.8810420036315918,0.7856924533843994,0.8452223539352417,0.8589091300964355,0.7854889631271362,0.7856924533843994,0.9083647131919861,0.7738882303237915,0.8440520763397217,nan,22.40875244140625,0.7217914462089539,-201.11735578498502,0.7427691221237183

171,0.7000138759613037,0.7437630295753479,0.8738381862640381,0.9158949851989746,0.9086191058158875,0.8927953243255615,0.9157925844192505,0.7737865447998047,0.9180319309234619,0.8810420036315918,0.9165055751800537,0.8928462266921997,0.9164546728134155,0.9165055751800537,0.8927953243255615,0.928564190864563,0.9165055751800537,0.8789052963256836,0.9046504497528076,0.8929988741874695,0.9164546728134155,0.9166581630706787,0.690546452999115,0.8806858658790588,0.8571283221244812,0.8690342903137207,0.8570774793624878,0.8691869378089905,0.857280969619751,0.857280969619751,0.8474612832069397,0.8691360950469971,0.9165055751800537,0.9165564179420471,0.9153352975845337,0.8573318719863892,0.8212068676948547,0.8809402585029602,0.7856924533843994,0.8452223539352417,0.8585529327392578,0.7854889631271362,0.7856924533843994,0.9080085754394531,0.7738373875617981,0.8450188636779785,nan,21.817425966262817,0.7237804532051086,-203.33585040918368,0.7437630295753479
172,0.6982131004333496,0.7448563575744629,0.8739387392997742,0.9160984754562378,0.9083138704299927,0.8927953243255615,0.9155890941619873,0.7737865447998047,0.9178284406661987,0.88109290599823,0.9165055751800537,0.8928462266921997,0.9165055751800537,0.9165055751800537,0.8927953243255615,0.928564190864563,0.9165055751800537,0.8789052963256836,0.9046504497528076,0.8929988741874695,0.9164546728134155,0.9166581630706787,0.6904956102371216,0.8807367086410522,0.8571283221244812,0.8690342903137207,0.8571791648864746,0.8691869378089905,0.8576371073722839,0.8576371073722839,0.8507176041603088,0.8691360950469971,0.9165055751800537,0.9166581630706787,0.9159458875656128,0.8573318719863892,0.8212068676948547,0.8809402585029602,0.7856924533843994,0.8452732563018799,0.858603835105896,0.7854889631271362,0.7856924533843994,0.9077032804489136,0.7738373875617981,0.8452732563018799,nan,21.715888500213623,0.7253314852714539,-205.52269248405042,0.7448563575744629
173,0.6965872645378113,0.7449557781219482,0.8740034103393555,0.9162002801895142,0.9082629680633545,0.8927953243255615,0.9153856039047241,0.7737865447998047,0.917675793170929,0.88109290599823,0.9165055751800537,0.8928462266921997,0.9165055751800537,0.9165055751800537,0.8927953243255615,0.928564190864563,0.9165055751800537,0.8789052963256836,0.9044978022575378,0.8929988741874695,0.9164546728134155,0.9166581630706787,0.6904447078704834,0.8807876110076904,0.8571283221244812,0.8690342903137207,0.8571283221244812,0.8691869378089905,0.8591635227203369,0.8576880097389221,0.8528546094894409,0.8691360950469971,0.9165055751800537,0.9166581630706787,0.9160476326942444,0.8573318719863892,0.8212068676948547,0.8809402585029602,0.7856924533843994,0.8452732563018799,0.8585020899772644,0.7854889631271362,0.7856924533843994,0.9073470830917358,0.7738373875617981,0.8452732563018799,nan,21.76329517364502,0.7254980206489563,-207.72847005337752,0.7449557781219482
174,0.701185405254364,0.7442600131034851,0.8739457130432129,0.9162511825561523,0.9061261415481567,0.8927953243255615,0.9158434867858887,0.7738373875617981,0.9180828332901001,0.8810420036315918,0.9165055751800537,0.8928462266921997,0.9165055751800537,0.9165564179420471,0.8927953243255615,0.928564190864563,0.9165564179420471,0.8788543939590454,0.9043960571289062,0.8929480314254761,0.9165055751800537,0.9166581630706787,0.6906481981277466,0.8807367086410522,0.8570774793624878,0.8689325451850891,0.8570265769958496,0.8689833879470825,0.8601813316345215,0.8575353622436523,0.8513283729553223,0.8692377805709839,0.9165055751800537,0.9164546728134155,0.9158949851989746,0.857433557510376,0.8212577700614929,0.8809402585029602,0.785641610622406,0.8453240990638733,0.858603835105896,0.785438060760498,0.785641610622406,0.9071944952011108,0.7737865447998047,0.8454258441925049,nan,22.014986753463745,0.7245042324066162,-209.71406495572322,0.7442600131034851
175,0.7724568247795105,0.7325315475463867,0.8712308406829834,0.9154879450798035,0.905617356300354,0.8827221393585205,0.918498158454895,0.7735829949378967,0.9184390306472778,0.8806858658790588,0.9153352975845337,0.89386385679245,0.9129441380500793,0.9135038256645203,0.8740224838256836,0.9292255640029907,0.9136055707931519,0.8788543939590454,0.9035310745239258,0.8926427364349365,0.9109600782394409,0.9172687530517578,0.6829661726951599,0.8805841207504272,0.8581967949867249,0.8696448802947998,0.8556021451950073,0.8660834431648254,0.8267569541931152,0.849141001701355,0.8426796197891235,0.8694413304328918,0.9132493734359741,0.9153352975845337,0.9140124320983887,0.8580441474914551,0.8208507299423218,0.8823140263557434,0.7847257852554321,0.8456295728683472,0.8588582277297974,0.785438060760498,0.7849292755126953,0.9083138704299927,0.7735320925712585,0.8371843099594116,nan,22.293920516967773,0.7120053768157959,-209.85765599375063,0.7325315475463867
176,0.9781941175460815,0.6964516639709473,0.8634942770004272,0.9114688634872437,0.9007331132888794,0.8868938684463501,0.9145716428756714,0.7692581415176392,0.9168108701705933,0.8845527768135071,0.9109089374542236,0.8919305801391602,0.9103492498397827,0.9112142324447632,0.8827730417251587,0.9294291138648987,0.9134527444839478,0.8743771314620972,0.9009361863136292,0.8963569402694702,0.9062283635139465,0.9149284362792969,0.681592583656311,0.8761575222015381,0.8580441474914551,0.8689833879470825,0.8482760190963745,0.867304801940918,0.7238880395889282,0.8451225161552429,0.8327594995498657,0.7461709380149841,0.9110615253448486,0.897884726524353,0.910603404045105,0.8582990169525146,0.8160172700881958,0.8819578886032104,0.7755677700042725,0.8488348722457886,0.8626742362976074,0.7831993103027344,0.7801465392112732,0.9061768651008606,0.7688002586364746,0.8242620825767517,nan,22.18096137046814,0.6747055649757385,-203.5633770717374,0.6964516639709473
177,0.8694392442703247,0.7134479880332947,0.8679808974266052,0.9162002801895142,0.9056680202484131,0.8909130096435547,0.9137668013572693,0.7653912305831909,0.9113668203353882,0.8832298517227173,0.9146738648414612,0.8934059143066406,0.9073477387428284,0.9151826500892639,0.8911164999008179,0.928716778755188,0.9152843952178955,0.870764434337616,0.8972219228744507,0.8956446647644043,0.9142159223556519,0.9168108701705933,0.6832205653190613,0.8745293617248535,0.8553985953330994,0.8690851926803589,0.8569247722625732,0.8718835711479187,0.8199907541275024,0.8550435304641724,0.8545342683792114,0.7697258591651917,0.914826512336731,0.9033277630805969,0.9082125425338745,0.8632339239120483,0.8201383948326111,0.8817543387413025,0.7761269807815552,0.8422716856002808,0.8636410236358643,0.7850819230079651,0.7763305306434631,0.9028187990188599,0.7645263075828552,0.833622932434082,nan,22.25394868850708,0.6872716546058655,-205.58259024248957,0.7134479880332947
178,0.8685639500617981,0.7171255350112915,0.8706911206245422,0.9134020805358887,0.906227707862854,0.8929988741874695,0.916208803653717,0.7709372043609619,0.914012610912323,0.8778878450393677,0.914979100227356,0.8936094045639038,0.9149282574653625,0.9113670587539673,0.8887762427330017,0.9288694858551025,0.9160476326942444,0.8740209937095642,0.8989009857177734,0.8942708969116211,0.9129949808120728,0.9125373363494873,0.6898851990699768,0.8733082413673401,0.8577897548675537,0.8690342903137207,0.8566194772720337,0.8674572110176086,0.8552470207214355,0.8511766195297241,0.8482253551483154,0.8434439301490784,0.9128932952880859,0.898444414138794,0.9125880002975464,0.8559585213661194,0.8208507299423218,0.8819578886032104,0.779841423034668,0.8471049070358276,0.861096978187561,0.7831486463546753,0.7835046052932739,0.904752254486084,0.7713442444801331,0.8318423628807068,nan,22.9531888961792,0.6911216378211975,-208.8696914398342,0.7171255350112915
179,0.7328149080276489,0.7346188426017761,0.8722039461135864,0.9165055751800537,0.9074997901916504,0.8927444815635681,0.9197191596031189,0.774040937423706,0.9196092486381531,0.8815507888793945,0.9155387878417969,0.8932533264160156,0.9154879450798035,0.9156914949417114,0.8927953243255615,0.9290220737457275,0.9113670587539673,0.8662374019622803,0.8997659683227539,0.8935585618019104,0.9133511781692505,0.9169634580612183,0.6848484873771667,0.8775312900543213,0.8576371073722839,0.8690342903137207,0.857280969619751,0.8694921731948853,0.8325568437576294,0.8504129648208618,0.8511251211166382,0.868118405342102,0.9155896902084351,0.9055674076080322,0.9153861999511719,0.8585020899772644,0.8205963373184204,0.8816016912460327,0.785285472869873,0.8444593548774719,0.8637427091598511,0.7849801778793335,0.7879312038421631,0.906227707862854,0.7742953300476074,0.8393718004226685,nan,22.341098070144653,0.7104201316833496,-216.24783818705893,0.7346188426017761
180,0.6999616026878357,0.7461484670639038,0.873479962348938,0.9166073203086853,0.9081103205680847,0.8926427364349365,0.9185490608215332,0.7739900350570679,0.9182354807853699,0.8808894157409668,0.9165055751800537,0.8929480314254761,0.9163528680801392,0.9165564179420471,0.8926427364349365,0.9286658763885498,0.9165564179420471,0.88109290599823,0.8991553783416748,0.8928462266921997,0.9164037704467773,0.9166073203086853,0.6875449419021606,0.87992262840271,0.8571283221244812,0.8688816428184509,0.8548897504806519,0.8689833879470825,0.8432406187057495,0.8576880097389221,0.8552459478378296,0.8671008348464966,0.9165055751800537,0.9129441380500793,0.9163020253181458,0.8575353622436523,0.8211051225662231,0.88109290599823,0.7857433557510376,0.8465961217880249,0.863946259021759,0.785641610622406,0.7870662212371826,0.9053118824958801,0.774040937423706,0.8412541151046753,nan,22.38795518875122,0.7228108644485474,-219.86990209332447,0.7461484670639038

181,0.6907083988189697,0.7485339641571045,0.872045636177063,0.9166581630706787,0.9078050255775452,0.8925918340682983,0.9180402755737305,0.7739391326904297,0.9178284406661987,0.8809911608695984,0.9165564179420471,0.8928971290588379,0.9165055751800537,0.9166581630706787,0.8925918340682983,0.928564190864563,0.9166581630706787,0.8809911608695984,0.898036003112793,0.8928971290588379,0.9165564179420471,0.9166073203086853,0.6873414516448975,0.8800753355026245,0.8570774793624878,0.8689325451850891,0.8570774793624878,0.8690851926803589,0.7772557139396667,0.8554494380950928,0.857280969619751,0.8670499324798584,0.9166581630706787,0.9151318073272705,0.9164546728134155,0.857280969619751,0.8211560249328613,0.8812455534934998,0.7857433557510376,0.8467996120452881,0.8623689413070679,0.785438060760498,0.7865574359893799,0.9051083326339722,0.7739391326904297,0.8454258441925049,nan,22.613016366958618,0.7250179648399353,-222.47478151828534,0.7485339641571045

182,0.6873475313186646,0.7494285106658936,0.8697341680526733,0.9166073203086853,0.9076014757156372,0.8925918340682983,0.9174807071685791,0.7739391326904297,0.9174214005470276,0.8809911608695984,0.9166073203086853,0.8928971290588379,0.9165564179420471,0.9166581630706787,0.8925918340682983,0.928564190864563,0.9166581630706787,0.8809911608695984,0.8970693349838257,0.8928971290588379,0.9166073203086853,0.9166581630706787,0.68800288438797,0.8800753355026245,0.8570774793624878,0.8690342903137207,0.8570774793624878,0.8690342903137207,0.68110191822052,0.8554494380950928,0.8573827147483826,0.8663885593414307,0.9166581630706787,0.9146738648414612,0.9166073203086853,0.8571791648864746,0.8211560249328613,0.8810420036315918,0.7857433557510376,0.847359299659729,0.8612496256828308,0.785438060760498,0.7865065336227417,0.9050066471099854,0.7738373875617981,0.8453750014305115,nan,22.128791570663452,0.7252621054649353,-224.85589986046057,0.7494285106658936
183,0.6852836608886719,0.7486333250999451,0.867070198059082,0.9166073203086853,0.9075506329536438,0.8925918340682983,0.9173280000686646,0.7738882303237915,0.917319655418396,0.8809911608695984,0.9166073203086853,0.8928971290588379,0.9165055751800537,0.9166581630706787,0.8925918340682983,0.928564190864563,0.9166581630706787,0.8809911608695984,0.8960008025169373,0.8928971290588379,0.9165055751800537,0.9166581630706787,0.690902829170227,0.8801261782646179,0.8570774793624878,0.8690342903137207,0.8570774793624878,0.8690851926803589,0.5636314153671265,0.8575862646102905,0.8573318719863892,0.8660323619842529,0.9166073203086853,0.9140124320983887,0.9165055751800537,0.8572300672531128,0.8211560249328613,0.8809402585029602,0.7856924533843994,0.8487839698791504,0.8601810932159424,0.785438060760498,0.7868627309799194,0.9050066471099854,0.7738373875617981,0.8453240990638733,nan,21.831401586532593,0.7236315011978149,-227.16572729591678,0.7486333250999451
184,0.6833067536354065,0.746645450592041,0.8645633459091187,0.9166073203086853,0.9074997901916504,0.8925918340682983,0.9173280000686646,0.7738373875617981,0.917116105556488,0.8807367086410522,0.9166581630706787,0.8928462266921997,0.9165564179420471,0.9166581630706787,0.8925918340682983,0.928564190864563,0.9166581630706787,0.8809911608695984,0.8954411745071411,0.8928462266921997,0.9165564179420471,0.9166581630706787,0.6929888725280762,0.8802788257598877,0.8571283221244812,0.8690342903137207,0.8570774793624878,0.8690342903137207,0.4552167057991028,0.8575862646102905,0.8573318719863892,0.8638445138931274,0.9166581630706787,0.9121298789978027,0.9165564179420471,0.8571791648864746,0.8211560249328613,0.8809402585029602,0.7857433557510376,0.8501577377319336,0.8600285053253174,0.785438060760498,0.7892540693283081,0.904904842376709,0.7738373875617981,0.8452732563018799,nan,21.92623782157898,0.7205261588096619,-229.45143889850038,0.746645450592041
185,0.681282103061676,0.746645450592041,0.8629372715950012,0.9166073203086853,0.9074997901916504,0.8925918340682983,0.9172771573066711,0.7738373875617981,0.9169634580612183,0.8798209428787231,0.9166581630706787,0.8928462266921997,0.9165055751800537,0.9166581630706787,0.8925918340682983,0.928564190864563,0.9166581630706787,0.8809911608695984,0.8946779370307922,0.8921339511871338,0.9165564179420471,0.9166581630706787,0.6955838203430176,0.8804314732551575,0.8571791648864746,0.8690342903137207,0.8571283221244812,0.8687798976898193,0.3827199935913086,0.8575862646102905,0.8573318719863892,0.8613004684448242,0.9166581630706787,0.9095858335494995,0.9165564179420471,0.8571791648864746,0.8211560249328613,0.8809402585029602,0.7857433557510376,0.8523455858230591,0.8599776029586792,0.785438060760498,0.7949526906013489,0.904904842376709,0.7738373875617981,0.8452732563018799,nan,21.990954399108887,0.7204996943473816,-231.77887843141212,0.746645450592041
186,0.6797351837158203,0.747738778591156,0.8628332614898682,0.9166073203086853,0.9079576730728149,0.8925918340682983,0.9170228242874146,0.7738373875617981,0.9168108701705933,0.8792612552642822,0.9166073203086853,0.8928971290588379,0.9164546728134155,0.9166073203086853,0.8925918340682983,0.928564190864563,0.9166073203086853,0.8809911608695984,0.893660306930542,0.8915742635726929,0.9164546728134155,0.9166581630706787,0.698738157749176,0.8805841207504272,0.8571283221244812,0.8690342903137207,0.8571283221244812,0.8683728575706482,0.3753434419631958,0.8576371073722839,0.8573827147483826,0.8602319955825806,0.9166073203086853,0.9085173606872559,0.9165564179420471,0.8571791648864746,0.8211560249328613,0.8809402585029602,0.7857433557510376,0.8547369241714478,0.8596723079681396,0.785438060760498,0.7975475788116455,0.9048539400100708,0.7737865447998047,0.8452732563018799,nan,22.821110010147095,0.7231041193008423,-234.16367031226704,0.747738778591156
187,0.6776247024536133,0.7524102926254272,0.8627812266349792,0.9166073203086853,0.9080085754394531,0.8925918340682983,0.9168701767921448,0.7738373875617981,0.9166581630706787,0.8780909776687622,0.9165564179420471,0.8928462266921997,0.9164546728134155,0.9166073203086853,0.8925918340682983,0.928564190864563,0.9166581630706787,0.8810420036315918,0.8924900889396667,0.8907601833343506,0.9165055751800537,0.9166073203086853,0.6980260610580444,0.8805841207504272,0.8571791648864746,0.8689833879470825,0.8571283221244812,0.8677114248275757,0.37905770540237427,0.8574844598770142,0.857280969619751,0.8592653274536133,0.9166073203086853,0.9074997901916504,0.9165564179420471,0.8570774793624878,0.8211560249328613,0.8809402585029602,0.7857433557510376,0.8556528091430664,0.8597232103347778,0.785438060760498,0.7976493239402771,0.904904842376709,0.7738373875617981,0.8452732563018799,nan,21.844048023223877,0.7301284670829773,-236.61474182292702,0.7524102926254272
188,0.6755281686782837,0.7585726976394653,0.8628517389297485,0.9166073203086853,0.9082629680633545,0.8925918340682983,0.9167684316635132,0.7738373875617981,0.9165055751800537,0.8772259950637817,0.9166073203086853,0.8928462266921997,0.9165055751800537,0.9166581630706787,0.8925918340682983,0.928564190864563,0.9166581630706787,0.8809911608695984,0.8921339511871338,0.8900986909866333,0.9165564179420471,0.9166581630706787,0.7009769082069397,0.8806350231170654,0.8571283221244812,0.8690342903137207,0.8571283221244812,0.8674061298370361,0.3822122812271118,0.8573827147483826,0.8572300672531128,0.858451247215271,0.9166581630706787,0.9066348075866699,0.9166073203086853,0.8569756746292114,0.8211560249328613,0.8809402585029602,0.785997748374939,0.8563142418861389,0.8595705628395081,0.785438060760498,0.7976493239402771,0.9048539400100708,0.7738373875617981,0.8452732563018799,nan,22.118724584579468,0.7385839223861694,-239.09640334584037,0.7585726976394653
189,0.6734592318534851,0.7612563371658325,0.8624553084373474,0.9166073203086853,0.9086699485778809,0.8925918340682983,0.9166157841682434,0.7738373875617981,0.9164037704467773,0.8763610124588013,0.9166073203086853,0.8928462266921997,0.9165564179420471,0.9166581630706787,0.8925918340682983,0.928564190864563,0.9166581630706787,0.8809911608695984,0.8915233612060547,0.8892337083816528,0.9165564179420471,0.9166581630706787,0.7013839483261108,0.8806858658790588,0.8571791648864746,0.8690342903137207,0.8571283221244812,0.8669482469558716,0.3866388499736786,0.8359134197235107,0.8572300672531128,0.858247697353363,0.9166581630706787,0.9059733152389526,0.9166073203086853,0.8569756746292114,0.8211560249328613,0.8809402585029602,0.7889487743377686,0.8566703796386719,0.8593670129776001,0.785438060760498,0.7976493239402771,0.9048539400100708,0.7738373875617981,0.8452223539352417,nan,21.65212082862854,0.7426454424858093,-241.64198744106264,0.7612563371658325

190,0.6713749170303345,0.7619521021842957,0.8606916666030884,0.9166073203086853,0.9087717533111572,0.8925918340682983,0.9163614511489868,0.7738373875617981,0.9163528680801392,0.8751399517059326,0.9166073203086853,0.8928462266921997,0.9164037704467773,0.9166581630706787,0.8925918340682983,0.928564190864563,0.9166581630706787,0.8809911608695984,0.8909127712249756,0.8885214328765869,0.9165564179420471,0.9166581630706787,0.7016892433166504,0.8806858658790588,0.8571283221244812,0.8690342903137207,0.8571283221244812,0.8663376569747925,0.39126893877983093,0.7525801062583923,0.8572300672531128,0.8579424023628235,0.9166581630706787,0.9057698249816895,0.9166581630706787,0.8568739295005798,0.8211560249328613,0.8809402585029602,0.7958176136016846,0.8568230271339417,0.8592144250869751,0.785438060760498,0.7976493239402771,0.9048539400100708,0.7738373875617981,0.8452223539352417,nan,21.97128391265869,0.7439182996749878,-244.23784086991228,0.7619521021842957

191,0.6692630052566528,0.7629460096359253,0.8578670024871826,0.9166073203086853,0.9091787934303284,0.8925918340682983,0.9162596464157104,0.7738373875617981,0.9162002801895142,0.8738170266151428,0.9166581630706787,0.8928462266921997,0.9164037704467773,0.9166581630706787,0.8925918340682983,0.928564190864563,0.9166581630706787,0.8809911608695984,0.8903022408485413,0.8874529600143433,0.9165564179420471,0.9166581630706787,0.7019945383071899,0.8806858658790588,0.8571283221244812,0.8690342903137207,0.8571283221244812,0.8657779693603516,0.3962043225765228,0.6285467147827148,0.8571791648864746,0.8575353622436523,0.9166073203086853,0.9053118824958801,0.9166073203086853,0.8568739295005798,0.8211560249328613,0.8809402585029602,0.7974457740783691,0.8570774793624878,0.8591126203536987,0.785438060760498,0.7976493239402771,0.9048539400100708,0.7738373875617981,0.8452223539352417,nan,22.135794639587402,0.7451892495155334,-246.91171230979307,0.7629460096359253
192,0.6670612096786499,0.7631447911262512,0.854507327079773,0.9166581630706787,0.9096367359161377,0.8925918340682983,0.9165140390396118,0.7738373875617981,0.9164037704467773,0.8727993965148926,0.9166581630706787,0.8928462266921997,0.9164037704467773,0.9166581630706787,0.8925918340682983,0.928564190864563,0.9166581630706787,0.88109290599823,0.8898442983627319,0.8862317800521851,0.9165055751800537,0.9166581630706787,0.7022489309310913,0.8807876110076904,0.8571283221244812,0.8690342903137207,0.8571283221244812,0.8652182817459106,0.4018011689186096,0.4811108112335205,0.8571791648864746,0.8573318719863892,0.9165564179420471,0.9051083326339722,0.9165564179420471,0.8569247722625732,0.8211560249328613,0.8809402585029602,0.7974966764450073,0.8571283221244812,0.8588073253631592,0.785438060760498,0.7976493239402771,0.9048539400100708,0.7738373875617981,0.8452223539352417,nan,22.05040168762207,0.7458729147911072,-249.6249328801343,0.7631447911262512
193,0.6649146676063538,0.7628466486930847,0.8530926704406738,0.9166073203086853,0.9101455211639404,0.8925918340682983,0.9166666269302368,0.7738373875617981,0.9166581630706787,0.8712221384048462,0.9166581630706787,0.8928462266921997,0.9163528680801392,0.9166581630706787,0.8925918340682983,0.928564190864563,0.9166581630706787,0.88109290599823,0.8895390033721924,0.8855195045471191,0.9165055751800537,0.9166581630706787,0.7023506760597229,0.8807876110076904,0.8571283221244812,0.8690342903137207,0.8571283221244812,0.8649129867553711,0.407397985458374,0.41914501786231995,0.8571791648864746,0.8571791648864746,0.9165564179420471,0.9048539400100708,0.9165564179420471,0.8571283221244812,0.8211560249328613,0.8809402585029602,0.7974966764450073,0.8571283221244812,0.8587564826011658,0.785438060760498,0.7976493239402771,0.9048539400100708,0.7738373875617981,0.8430855870246887,nan,22.29194664955139,0.7468704581260681,-252.43169138955497,0.7628466486930847
194,0.6656658053398132,0.7618526816368103,0.8521796464920044,0.9166581630706787,0.9099420309066772,0.8925918340682983,0.9165140390396118,0.7737865447998047,0.9162511825561523,0.8712730407714844,0.9164546728134155,0.8928462266921997,0.9158949851989746,0.9164546728134155,0.8925918340682983,0.928564190864563,0.9165055751800537,0.8813982009887695,0.8894372582435608,0.8846036195755005,0.9162511825561523,0.9166581630706787,0.7022489309310913,0.8807367086410522,0.8574844598770142,0.8690342903137207,0.8571283221244812,0.8642007112503052,0.41360536217689514,0.3979301452636719,0.8570774793624878,0.857280969619751,0.9162511825561523,0.904904842376709,0.9163528680801392,0.8569756746292114,0.82090163230896,0.8809402585029602,0.7973949313163757,0.8571283221244812,0.8586547374725342,0.7853871583938599,0.7976493239402771,0.9046504497528076,0.7733794450759888,0.8238548040390015,nan,21.94907283782959,0.7464005351066589,-254.94517277614364,0.7618526816368103
195,0.6714484691619873,0.7584733366966248,0.8509094715118408,0.9165055751800537,0.9124860167503357,0.8928462266921997,0.917073667049408,0.7737356424331665,0.9166581630706787,0.8711203932762146,0.9164546728134155,0.8928462266921997,0.9156914949417114,0.9164546728134155,0.8929480314254761,0.928564190864563,0.9166073203086853,0.8816016912460327,0.8889793157577515,0.8847054243087769,0.916149377822876,0.9167599678039551,0.6938036680221558,0.8805841207504272,0.8573827147483826,0.8688308000564575,0.8568739295005798,0.8636918663978577,0.42347612977027893,0.3767152726650238,0.8573318719863892,0.857280969619751,0.916149377822876,0.9050066471099854,0.9139617681503296,0.8573318719863892,0.8212068676948547,0.8813982009887695,0.7970387935638428,0.8567721843719482,0.8589091300964355,0.7855398654937744,0.7975984811782837,0.904752254486084,0.7736847400665283,0.7880388498306274,nan,22.382086992263794,0.7422614097595215,-256.8266078629345,0.7584733366966248
196,0.7606186270713806,0.7366067171096802,0.8474595546722412,0.9160984754562378,0.9100946187973022,0.8911164999008179,0.917073667049408,0.7739391326904297,0.9167599678039551,0.8728502988815308,0.9148774147033691,0.8935585618019104,0.9123842716217041,0.9155387878417969,0.891167402267456,0.9296326637268066,0.9135038256645203,0.8813475370407104,0.8925918340682983,0.886435329914093,0.9089757204055786,0.9106549620628357,0.6919726133346558,0.8808894157409668,0.8577388525009155,0.8687798976898193,0.8533127307891846,0.8581465482711792,0.4539533853530884,0.3884166181087494,0.8356590270996094,0.8591126203536987,0.914419412612915,0.9030733704566956,0.9146230220794678,0.8573827147483826,0.8207489252090454,0.8820087909698486,0.7939350605010986,0.8510233163833618,0.8606390953063965,0.7855907082557678,0.7974966764450073,0.9053627848625183,0.7670196294784546,0.6641074419021606,nan,21.961732149124146,0.7203754186630249,-256.36940296515473,0.7366067171096802
197,0.8533921241760254,0.7325315475463867,0.8464956879615784,0.9150809049606323,0.9040403366088867,0.8911164999008179,0.916962742805481,0.7720568180084229,0.9163531064987183,0.8756487369537354,0.9155896902084351,0.8936094045639038,0.9091281294822693,0.9162002801895142,0.8936094045639038,0.9292255640029907,0.9162511825561523,0.88312828540802,0.8921341300010681,0.8893864154815674,0.9109598398208618,0.9170652627944946,0.6918708682060242,0.8770735859870911,0.8583494424819946,0.868678092956543,0.8502092361450195,0.8647605180740356,0.4699297845363617,0.37452784180641174,0.8344889879226685,0.859774112701416,0.9114686250686646,0.9039891958236694,0.9069916009902954,0.8497515916824341,0.8188157081604004,0.8794649839401245,0.7935280203819275,0.8524477481842041,0.8592653274536133,0.7837592363357544,0.7954616546630859,0.906227707862854,0.7692581415176392,0.6355664730072021,nan,21.880509614944458,0.7140346765518188,-256.0226627338858,0.7325315475463867
198,0.7590209245681763,0.7436636686325073,0.8445100784301758,0.914826512336731,0.908568263053894,0.8930497169494629,0.9136466979980469,0.7740917801856995,0.9154881238937378,0.8741223216056824,0.9112144708633423,0.8929988741874695,0.9135544896125793,0.9156405925750732,0.8910655975341797,0.9284623861312866,0.9156914949417114,0.8471595048904419,0.8937621116638184,0.8877073526382446,0.9125370979309082,0.9167090654373169,0.6933457255363464,0.8801261782646179,0.8579932451248169,0.8687798976898193,0.8521933555603027,0.8636412024497986,0.48224279284477234,0.37045785784721375,0.8457833528518677,0.8588073253631592,0.914979100227356,0.906075119972229,0.91426682472229,0.8563144207000732,0.820494532585144,0.8816525936126709,0.7949526906013489,0.8546862602233887,0.8596214652061462,0.7847766280174255,0.7975984811782837,0.9063804149627686,0.7728197574615479,0.5296444892883301,nan,21.827203273773193,0.7267469763755798,-258.91177600814717,0.7436636686325073
199,0.688620388507843,0.7531060576438904,0.844713568687439,0.9130967855453491,0.9105525612831116,0.8927953243255615,0.9178876876831055,0.7739391326904297,0.9173704981803894,0.8725959062576294,0.9144196510314941,0.8927444815635681,0.9140124320983887,0.9166073203086853,0.8927953243255615,0.9286150336265564,0.9166073203086853,0.8821107149124146,0.8915233612060547,0.8864861726760864,0.9156914949417114,0.9166073203086853,0.6966021060943604,0.87992262840271,0.8575862646102905,0.8690342903137207,0.8549915552139282,0.8629288673400879,0.49959295988082886,0.36628589034080505,0.8489883542060852,0.8581459522247314,0.9162511825561523,0.9050574898719788,0.9151826500892639,0.8575862646102905,0.8213086128234863,0.8812455534934998,0.7957667708396912,0.8570774793624878,0.8596723079681396,0.7854889631271362,0.7977510690689087,0.9052101373672485,0.7713951468467712,0.46757692098617554,nan,22.09914207458496,0.7369388937950134,-262.540339476071,0.7531060576438904
200,0.664152979850769,0.7596660256385803,0.8438478708267212,0.9152843952178955,0.9143177270889282,0.8927444815635681,0.9176841974258423,0.7737865447998047,0.9169125556945801,0.8719853162765503,0.9165564179420471,0.8928971290588379,0.9158440828323364,0.9165564179420471,0.8927444815635681,0.928564190864563,0.9166073203086853,0.8828228712081909,0.8908618688583374,0.8860791921615601,0.9142670631408691,0.9166073203086853,0.6983315944671631,0.8805841207504272,0.857280969619751,0.8689833879470825,0.8571791648864746,0.8631832599639893,0.5,0.35946860909461975,0.8552459478378296,0.8578406572341919,0.9164546728134155,0.904904842376709,0.9164037704467773,0.8570774793624878,0.8213086128234863,0.8810420036315918,0.7974966764450073,0.8570265769958496,0.8589091300964355,0.7855907082557678,0.7976493239402771,0.9052101373672485,0.7649333477020264,0.4245365858078003,nan,21.83067488670349,0.7437819242477417,-266.1344421101593,0.7596660256385803

201,0.6590306758880615,0.7624490857124329,0.8426527976989746,0.9156914949417114,0.9132492542266846,0.8927444815635681,0.9177350401878357,0.7738882303237915,0.917116105556488,0.871171236038208,0.9164546728134155,0.8928971290588379,0.9164546728134155,0.9164546728134155,0.8927953243255615,0.928564190864563,0.9165055751800537,0.8811947107315063,0.889284610748291,0.8855704069137573,0.9164546728134155,0.9166581630706787,0.6981280446052551,0.8806858658790588,0.8572300672531128,0.8690342903137207,0.8571283221244812,0.8617585897445679,0.5,0.36165621876716614,0.8573827147483826,0.8579932451248169,0.9164546728134155,0.9050066471099854,0.9164546728134155,0.8568230271339417,0.8212068676948547,0.8809911608695984,0.7974966764450073,0.8570265769958496,0.8585020899772644,0.7854889631271362,0.7975475788116455,0.9051083326339722,0.7629489898681641,0.3752386271953583,nan,22.442311763763428,0.7466750144958496,-268.7218603238992,0.7624490857124329
202,0.6559299230575562,0.7629460096359253,0.8421223163604736,0.9162002801895142,0.9131983518600464,0.8927444815635681,0.9177858829498291,0.7737865447998047,0.9170143604278564,0.8705098628997803,0.9165564179420471,0.8928462266921997,0.9165055751800537,0.9166073203086853,0.8927444815635681,0.928564190864563,0.9166073203086853,0.8813982009887695,0.8891828656196594,0.8848071694374084,0.9165055751800537,0.9166581630706787,0.7002139091491699,0.8807367086410522,0.8571791648864746,0.8690342903137207,0.8571283221244812,0.8615041971206665,0.5,0.357280969619751,0.8573318719863892,0.8578406572341919,0.9165564179420471,0.9050066471099854,0.9165564179420471,0.8568230271339417,0.8212577700614929,0.8809402585029602,0.7974966764450073,0.8570774793624878,0.8587056398391724,0.7855398654937744,0.7975984811782837,0.9050066471099854,0.7622876167297363,0.3560078740119934,nan,22.181833505630493,0.7471228241920471,-271.220061870636,0.7629460096359253
203,0.6542349457740784,0.7626478672027588,0.8420992493629456,0.9163528680801392,0.9138597846031189,0.8927444815635681,0.9175315499305725,0.7737865447998047,0.9168617129325867,0.8704589605331421,0.9165564179420471,0.8928462266921997,0.9165055751800537,0.9166073203086853,0.8927444815635681,0.928564190864563,0.9166073203086853,0.8813982009887695,0.8888775706291199,0.8843492269515991,0.9165055751800537,0.9166581630706787,0.7024524211883545,0.8807876110076904,0.8571791648864746,0.8690342903137207,0.8571283221244812,0.8610972166061401,0.5,0.357280969619751,0.857280969619751,0.8578406572341919,0.9165564179420471,0.904904842376709,0.9165564179420471,0.8567212820053101,0.8212577700614929,0.8809402585029602,0.7974966764450073,0.8571283221244812,0.8587056398391724,0.7855398654937744,0.7977510690689087,0.904904842376709,0.7620840668678284,0.35387110710144043,nan,21.95309090614319,0.7468459606170654,-273.61084855525826,0.7626478672027588
204,0.6527968049049377,0.7628466486930847,0.841886579990387,0.9164546728134155,0.9145212173461914,0.8927444815635681,0.9171245098114014,0.7737865447998047,0.9167599678039551,0.8700518608093262,0.9165564179420471,0.8928462266921997,0.9165055751800537,0.9166073203086853,0.8927444815635681,0.928564190864563,0.9166073203086853,0.8818560838699341,0.8885214328765869,0.8840948343276978,0.9165055751800537,0.9166581630706787,0.7024524211883545,0.8807876110076904,0.8571791648864746,0.8690342903137207,0.8571283221244812,0.8605883717536926,0.5,0.3572300672531128,0.857280969619751,0.8577897548675537,0.9165564179420471,0.904904842376709,0.9165564179420471,0.8567721843719482,0.8212577700614929,0.8809402585029602,0.7974966764450073,0.8571283221244812,0.8589091300964355,0.7855398654937744,0.7980054616928101,0.9048539400100708,0.7619314193725586,0.3453240990638733,nan,22.226566791534424,0.7471007108688354,-275.99168694013395,0.7628466486930847
205,0.6514263153076172,0.7633436322212219,0.8419108390808105,0.9165564179420471,0.9150809049606323,0.8927444815635681,0.9171245098114014,0.7737865447998047,0.9167090654373169,0.8698992729187012,0.9165564179420471,0.8928462266921997,0.9164546728134155,0.9166073203086853,0.8927444815635681,0.928564190864563,0.9166073203086853,0.8827719688415527,0.8882670402526855,0.8838913440704346,0.9165055751800537,0.9166581630706787,0.7024524211883545,0.8807876110076904,0.8571791648864746,0.8690342903137207,0.8571283221244812,0.8600795865058899,0.5,0.3572300672531128,0.8572300672531128,0.8578406572341919,0.9165564179420471,0.9048030972480774,0.9165564179420471,0.8568230271339417,0.8212577700614929,0.8809402585029602,0.7974966764450073,0.8571283221244812,0.8588582277297974,0.7855398654937744,0.7989213466644287,0.9048539400100708,0.7618805170059204,0.3452732264995575,nan,21.840195178985596,0.747164785861969,-278.3850866161726,0.7633436322212219
206,0.6500883102416992,0.7635424137115479,0.8420299291610718,0.9166073203086853,0.9152843952178955,0.8927444815635681,0.9171245098114014,0.7737865447998047,0.9168108701705933,0.8697974681854248,0.9165564179420471,0.8928462266921997,0.9165564179420471,0.9166073203086853,0.8927444815635681,0.928564190864563,0.9166073203086853,0.8843492269515991,0.8880126476287842,0.8836369514465332,0.9165564179420471,0.9166581630706787,0.7026050686836243,0.8808894157409668,0.8571791648864746,0.8690342903137207,0.8571283221244812,0.8598251342773438,0.5,0.3572300672531128,0.8572300672531128,0.8578915596008301,0.9165564179420471,0.9048539400100708,0.9165564179420471,0.8568739295005798,0.8212577700614929,0.8809402585029602,0.7974966764450073,0.8571283221244812,0.8587056398391724,0.7855398654937744,0.8026356101036072,0.904904842376709,0.7618805170059204,0.3452732264995575,nan,21.83742666244507,0.7473930716514587,-280.79467778290706,0.7635424137115479
207,0.6487715244293213,0.7636417746543884,0.8421328067779541,0.9166581630706787,0.9156405925750732,0.8927444815635681,0.9171245098114014,0.7737865447998047,0.9168617129325867,0.8696957230567932,0.9165564179420471,0.8928462266921997,0.9165564179420471,0.9166073203086853,0.8927444815635681,0.928564190864563,0.9166073203086853,0.8860282897949219,0.8877073526382446,0.8833316564559937,0.9165564179420471,0.9166581630706787,0.7026559114456177,0.8809402585029602,0.8571791648864746,0.8690342903137207,0.8571283221244812,0.8592146039009094,0.5,0.3572300672531128,0.8572300672531128,0.8579932451248169,0.9165564179420471,0.9048539400100708,0.9165564179420471,0.8569247722625732,0.8212577700614929,0.8809402585029602,0.7974966764450073,0.8571283221244812,0.8587056398391724,0.7855398654937744,0.8061972260475159,0.9048030972480774,0.7618805170059204,0.3452732264995575,nan,22.29582166671753,0.7474038600921631,-283.2268319501044,0.7636417746543884
208,0.6474547982215881,0.7640393376350403,0.8422667980194092,0.9166581630706787,0.9158949851989746,0.8927444815635681,0.9171245098114014,0.7737865447998047,0.9169125556945801,0.8695939779281616,0.9165564179420471,0.8928462266921997,0.9165055751800537,0.9166073203086853,0.8927444815635681,0.928564190864563,0.9166073203086853,0.8894881010055542,0.8875547051429749,0.8830263614654541,0.9165564179420471,0.9166581630706787,0.7032665014266968,0.8809402585029602,0.8571791648864746,0.8690342903137207,0.8571283221244812,0.8589602112770081,0.5,0.3572300672531128,0.8572300672531128,0.8579932451248169,0.9165564179420471,0.9048030972480774,0.9165564179420471,0.8569247722625732,0.8212577700614929,0.8809402585029602,0.7975475788116455,0.8571283221244812,0.858603835105896,0.7855398654937744,0.8086903095245361,0.9048030972480774,0.7618805170059204,0.3452732264995575,nan,21.982528686523438,0.7477210164070129,-285.6849454654731,0.7640393376350403
209,0.6461372971534729,0.7641387581825256,0.8423881530761719,0.9166581630706787,0.9159967303276062,0.8927444815635681,0.9171754121780396,0.7737865447998047,0.9169634580612183,0.8695430755615234,0.9165564179420471,0.8928462266921997,0.9165055751800537,0.9166073203086853,0.8927444815635681,0.928564190864563,0.9166073203086853,0.8929988741874695,0.8874020576477051,0.8830263614654541,0.9165564179420471,0.9166581630706787,0.70464026927948,0.8808894157409668,0.8571791648864746,0.8690342903137207,0.8571283221244812,0.8584513664245605,0.5,0.3572300672531128,0.8572300672531128,0.8581459522247314,0.9165564179420471,0.9048030972480774,0.9165564179420471,0.8569756746292114,0.8212577700614929,0.8809402585029602,0.7976493239402771,0.8571283221244812,0.8585020899772644,0.7855398654937744,0.809453547000885,0.9048030972480774,0.7618805170059204,0.3453240990638733,nan,21.84586787223816,0.7477188110351562,-288.17023641140605,0.7641387581825256
210,0.6448124051094055,0.7641387581825256,0.8424621820449829,0.9166581630706787,0.9162002801895142,0.8927444815635681,0.9171245098114014,0.7737865447998047,0.9169125556945801,0.8694413304328918,0.9165564179420471,0.8928462266921997,0.9165055751800537,0.9166073203086853,0.8927444815635681,0.928564190864563,0.9166073203086853,0.8957972526550293,0.8873002529144287,0.8827719688415527,0.9165055751800537,0.9166581630706787,0.7053017020225525,0.8808894157409668,0.8571791648864746,0.8690342903137207,0.8571283221244812,0.8581461310386658,0.5,0.3572300672531128,0.8572300672531128,0.858247697353363,0.9165564179420471,0.9048030972480774,0.9165564179420471,0.8570774793624878,0.8212577700614929,0.8809402585029602,0.798209011554718,0.8571283221244812,0.8583494424819946,0.7855398654937744,0.809453547000885,0.9048030972480774,0.7618805170059204,0.3452223539352417,nan,22.64276671409607,0.7464413046836853,-290.6841525483612,0.7641387581825256

211,0.6434602737426758,0.7639399766921997,0.8426424264907837,0.9166581630706787,0.9160984754562378,0.8927444815635681,0.917073667049408,0.7737865447998047,0.9168617129325867,0.8693904876708984,0.9165564179420471,0.8928462266921997,0.9164546728134155,0.9166073203086853,0.8927444815635681,0.928564190864563,0.9166073203086853,0.898036003112793,0.8871476650238037,0.8825684785842896,0.9165055751800537,0.9166581630706787,0.7059122920036316,0.8808894157409668,0.8571791648864746,0.8690342903137207,0.8571283221244812,0.8576372861862183,0.5,0.3572300672531128,0.8572300672531128,0.8588073253631592,0.9165564179420471,0.9048030972480774,0.9165564179420471,0.8570774793624878,0.8212577700614929,0.8809402585029602,0.8038567304611206,0.8571283221244812,0.8582985401153564,0.7855398654937744,0.8095043897628784,0.9048030972480774,0.7618805170059204,0.3452732264995575,nan,22.22273898124695,0.7449384927749634,-293.2274967910589,0.7639399766921997
212,0.6420471668243408,0.7638405561447144,0.8428250551223755,0.9166581630706787,0.9162002801895142,0.8927444815635681,0.9171754121780396,0.7737865447998047,0.9168617129325867,0.8692886829376221,0.9165564179420471,0.8928462266921997,0.9164546728134155,0.9166073203086853,0.8927444815635681,0.928564190864563,0.9166073203086853,0.8996133208274841,0.8871476650238037,0.8825684785842896,0.9165055751800537,0.9166581630706787,0.7060649394989014,0.8808894157409668,0.8571791648864746,0.8690342903137207,0.8571283221244812,0.8573828935623169,0.5,0.3572300672531128,0.8572300672531128,0.8606390953063965,0.9165564179420471,0.9048030972480774,0.9165055751800537,0.8571283221244812,0.8212577700614929,0.8809402585029602,0.8086394667625427,0.8571283221244812,0.8581967949867249,0.7855398654937744,0.8095043897628784,0.9048030972480774,0.7618805170059204,0.3452223539352417,nan,22.43818712234497,0.7448520064353943,-295.7945299299274,0.7638405561447144
213,0.6405712366104126,0.7634429931640625,0.8429210186004639,0.9166581630706787,0.9162002801895142,0.8927444815635681,0.9171754121780396,0.7737865447998047,0.9169125556945801,0.8692886829376221,0.9165564179420471,0.8928462266921997,0.9164546728134155,0.9166073203086853,0.8927444815635681,0.928564190864563,0.9166073203086853,0.9008853435516357,0.8871476650238037,0.8823648691177368,0.9165055751800537,0.9166581630706787,0.7062684297561646,0.8808894157409668,0.8571791648864746,0.8690342903137207,0.8571283221244812,0.8571285009384155,0.5,0.3572300672531128,0.8572300672531128,0.8631321787834167,0.9166073203086853,0.9048030972480774,0.9165055751800537,0.8571283221244812,0.8212577700614929,0.8809402585029602,0.8094027042388916,0.8571283221244812,0.8580441474914551,0.7855398654937744,0.8095043897628784,0.9048030972480774,0.7618805170059204,0.3452223539352417,nan,22.20962119102478,0.7444052696228027,-298.4025194846592,0.7634429931640625
214,0.6391283869743347,0.7637411952018738,0.8429903388023376,0.9166581630706787,0.9162511825561523,0.8927444815635681,0.9171245098114014,0.7737865447998047,0.9168617129325867,0.8692886829376221,0.9165564179420471,0.8928462266921997,0.9164546728134155,0.9166073203086853,0.8927444815635681,0.928564190864563,0.9166073203086853,0.902055561542511,0.8874529600143433,0.8823140263557434,0.9165055751800537,0.9166581630706787,0.7066246271133423,0.8808894157409668,0.8571791648864746,0.8690342903137207,0.8571283221244812,0.8568741083145142,0.5,0.3572300672531128,0.8572300672531128,0.8646076917648315,0.9166073203086853,0.9048030972480774,0.9165055751800537,0.8572300672531128,0.8212577700614929,0.8809402585029602,0.809453547000885,0.8571283221244812,0.8579932451248169,0.7855398654937744,0.8095043897628784,0.9048030972480774,0.7618805170059204,0.3452223539352417,nan,22.481401920318604,0.7445885539054871,-301.0662651915115,0.7637411952018738
215,0.6377202272415161,0.7636417746543884,0.8430273532867432,0.9166581630706787,0.9162002801895142,0.8927444815635681,0.9171754121780396,0.7737865447998047,0.9168617129325867,0.8692886829376221,0.9165564179420471,0.8928462266921997,0.9164546728134155,0.9166073203086853,0.8927444815635681,0.928564190864563,0.9166073203086853,0.9029713869094849,0.8878090977668762,0.88226318359375,0.9165055751800537,0.9166581630706787,0.7068281173706055,0.8808894157409668,0.8571791648864746,0.8690342903137207,0.8571283221244812,0.856467068195343,0.5,0.3572300672531128,0.8572300672531128,0.8652691841125488,0.9166073203086853,0.9048030972480774,0.9165055751800537,0.8572300672531128,0.8212577700614929,0.8809402585029602,0.809453547000885,0.8571283221244812,0.8579424023628235,0.7855398654937744,0.8095043897628784,0.9048030972480774,0.7618805170059204,0.3452223539352417,nan,21.718963146209717,0.7444679737091064,-303.7740644859327,0.7636417746543884
216,0.6363336443901062,0.7633436322212219,0.8430908918380737,0.9166581630706787,0.9162511825561523,0.8927444815635681,0.9171754121780396,0.7737865447998047,0.9168617129325867,0.8691869378089905,0.9165055751800537,0.8928462266921997,0.9164546728134155,0.9166073203086853,0.8927444815635681,0.928564190864563,0.9166073203086853,0.9036837220191956,0.8880126476287842,0.8822122812271118,0.9165055751800537,0.9166581630706787,0.7086089253425598,0.8808894157409668,0.8572300672531128,0.8690342903137207,0.8571283221244812,0.8563144207000732,0.5,0.3572300672531128,0.8572300672531128,0.8655744791030884,0.9166073203086853,0.9048030972480774,0.9165055751800537,0.8572300672531128,0.8212577700614929,0.8809402585029602,0.8095043897628784,0.8571283221244812,0.8579424023628235,0.7855398654937744,0.8095043897628784,0.9048030972480774,0.7618805170059204,0.3452223539352417,nan,22.06368613243103,0.744159460067749,-306.52145464910143,0.7633436322212219
217,0.6349225640296936,0.7631447911262512,0.8431440591812134,0.9166581630706787,0.9162511825561523,0.8927444815635681,0.9171754121780396,0.7737865447998047,0.9168617129325867,0.8691360950469971,0.9165564179420471,0.8928462266921997,0.9164546728134155,0.9166073203086853,0.8927444815635681,0.928564190864563,0.9166073203086853,0.9038872718811035,0.8881652355194092,0.8821613788604736,0.9165055751800537,0.9166581630706787,0.710338830947876,0.8808894157409668,0.8572300672531128,0.8690342903137207,0.8571283221244812,0.8562126755714417,0.5,0.3572300672531128,0.8572300672531128,0.8657779693603516,0.9166073203086853,0.9048030972480774,0.9165564179420471,0.8572300672531128,0.8212577700614929,0.8809402585029602,0.8095043897628784,0.8571283221244812,0.8579424023628235,0.7855398654937744,0.8095043897628784,0.9048030972480774,0.7618805170059204,0.3453750014305115,nan,21.973807096481323,0.7439424395561218,-309.3058422237632,0.7631447911262512
218,0.6335198879241943,0.7630454301834106,0.8431798815727234,0.9166581630706787,0.9163528680801392,0.8927444815635681,0.9171754121780396,0.7737865447998047,0.9168108701705933,0.8691360950469971,0.9165055751800537,0.8928462266921997,0.9164546728134155,0.9166073203086853,0.8927444815635681,0.928564190864563,0.9166073203086853,0.9041925668716431,0.8886740207672119,0.8820087909698486,0.9165055751800537,0.9166581630706787,0.7113056182861328,0.8808894157409668,0.8572300672531128,0.8690342903137207,0.8571283221244812,0.8559074401855469,0.5,0.3572300672531128,0.8572300672531128,0.8659814596176147,0.9166073203086853,0.9048030972480774,0.9166073203086853,0.8572300672531128,0.8212577700614929,0.8809402585029602,0.8095043897628784,0.8571283221244812,0.8579424023628235,0.7855398654937744,0.8095043897628784,0.9048030972480774,0.7618805170059204,0.3453750014305115,nan,21.8407039642334,0.743745744228363,-312.13192065024447,0.7630454301834106
219,0.6321074366569519,0.7629460096359253,0.8432203531265259,0.9166581630706787,0.9164037704467773,0.8927444815635681,0.9171754121780396,0.7737865447998047,0.9168108701705933,0.8691360950469971,0.9165055751800537,0.8928462266921997,0.9165055751800537,0.9166073203086853,0.8927444815635681,0.928564190864563,0.9166073203086853,0.9044978022575378,0.889132022857666,0.8819578886032104,0.9165055751800537,0.9166581630706787,0.7122722864151001,0.8808894157409668,0.8572300672531128,0.8690342903137207,0.8571283221244812,0.8557038903236389,0.5,0.3572300672531128,0.8572300672531128,0.8660832643508911,0.9166073203086853,0.9048030972480774,0.9166073203086853,0.857280969619751,0.8212577700614929,0.8809402585029602,0.8095043897628784,0.8571283221244812,0.8579424023628235,0.7855398654937744,0.8095043897628784,0.9048030972480774,0.7618805170059204,0.34542587399482727,nan,22.114540338516235,0.7436232566833496,-314.9969929038335,0.7629460096359253
220,0.6306844353675842,0.7632442116737366,0.8432573080062866,0.9166581630706787,0.9163528680801392,0.8927444815635681,0.9171754121780396,0.7737865447998047,0.9168617129325867,0.8691360950469971,0.9165564179420471,0.8928462266921997,0.9165055751800537,0.9166073203086853,0.8927444815635681,0.928564190864563,0.9166073203086853,0.9044978022575378,0.8895390033721924,0.8817543387413025,0.9165055751800537,0.9166581630706787,0.7132390141487122,0.8808894157409668,0.8572300672531128,0.8690342903137207,0.8571283221244812,0.8555512428283691,0.5,0.3572300672531128,0.8572300672531128,0.8664394021034241,0.9166073203086853,0.9048030972480774,0.9166073203086853,0.8573318719863892,0.8212577700614929,0.8809402585029602,0.8095043897628784,0.8571283221244812,0.8579424023628235,0.7855398654937744,0.8095043897628784,0.9048030972480774,0.7618805170059204,0.34557852149009705,nan,21.999656915664673,0.7438896298408508,-317.89905254704115,0.7632442116737366

221,0.6311516165733337,0.7631447911262512,0.8432931303977966,0.9166581630706787,0.9163020253181458,0.8927444815635681,0.9171245098114014,0.7737865447998047,0.9168617129325867,0.8691360950469971,0.9165055751800537,0.8928462266921997,0.9164546728134155,0.9166073203086853,0.8927444815635681,0.928564190864563,0.9166073203086853,0.904548704624176,0.8900986909866333,0.8817543387413025,0.9165055751800537,0.9166581630706787,0.7136969566345215,0.8809402585029602,0.8572300672531128,0.8690342903137207,0.8571283221244812,0.8554494380950928,0.5,0.3572300672531128,0.8572300672531128,0.8665920495986938,0.9166073203086853,0.9048030972480774,0.9166073203086853,0.857433557510376,0.8213086128234863,0.8809402585029602,0.8095043897628784,0.8571283221244812,0.8580441474914551,0.7855398654937744,0.8095043897628784,0.9048030972480774,0.7618805170059204,0.34593465924263,nan,21.82853889465332,0.743748128414154,-320.8085174575713,0.7631447911262512
222,0.9899688959121704,0.7190139889717102,0.8385210633277893,0.9166073203086853,0.9036330580711365,0.885164201259613,0.9149694442749023,0.7726162672042847,0.916861891746521,0.8726977109909058,0.9051597118377686,0.8940674066543579,0.9094840884208679,0.911163330078125,0.8878099918365479,0.9272414445877075,0.9115195274353027,0.8953906893730164,0.8945252895355225,0.8840441703796387,0.8991564512252808,0.917675793170929,0.6956362128257751,0.8805841207504272,0.8571794033050537,0.8692377805709839,0.8397291898727417,0.8499553203582764,0.5,0.3659304082393646,0.7968415021896362,0.8517872095108032,0.9107562899589539,0.8998174667358398,0.9110105037689209,0.8636918663978577,0.8203927874565125,0.882619321346283,0.804823637008667,0.8346416354179382,0.8602319955825806,0.7841660976409912,0.8042130470275879,0.906075119972229,0.7639157772064209,0.35875561833381653,nan,22.009660482406616,0.7007322311401367,-315.2286573386716,0.7190139889717102
223,1.0285913944244385,0.7012225389480591,0.83491051197052,0.9163020253181458,0.9051592350006104,0.8815521001815796,0.9166066646575928,0.7710390090942383,0.916505753993988,0.8750381469726562,0.9060244560241699,0.8925920724868774,0.9017000198364258,0.9095860719680786,0.8656794428825378,0.9264276027679443,0.9119263291358948,0.8868436813354492,0.8954920172691345,0.889284610748291,0.9080594182014465,0.914572536945343,0.6198322772979736,0.8812963962554932,0.8612496256828308,0.8684748411178589,0.8453764915466309,0.8519906997680664,0.5,0.3731551468372345,0.7951120138168335,0.8341848254203796,0.9090263843536377,0.8936107158660889,0.9079070091247559,0.8510746359825134,0.8162208199501038,0.8834334015846252,0.8003464341163635,0.8224825859069824,0.8526010513305664,0.7833011150360107,0.8046708106994629,0.9065839052200317,0.7659000754356384,0.35875585675239563,nan,22.128158807754517,0.6837003827095032,-309.4934556917646,0.7012225389480591
224,0.6521830558776855,0.7576781511306763,0.8431024551391602,0.9164037704467773,0.914419412612915,0.8929480314254761,0.9194648265838623,0.7737356424331665,0.9167601466178894,0.8700518608093262,0.9160984754562378,0.8929988741874695,0.9162002801895142,0.9162511825561523,0.8898447751998901,0.928716778755188,0.9163020253181458,0.9007837772369385,0.8927444815635681,0.8873511552810669,0.916149377822876,0.9167599678039551,0.6943135261535645,0.8806350231170654,0.8585020899772644,0.8691360950469971,0.857433557510376,0.8605375289916992,0.5,0.35809504985809326,0.8489883542060852,0.8685764074325562,0.9162002801895142,0.9063295125961304,0.9160984754562378,0.8578406572341919,0.821054220199585,0.8815507888793945,0.8093518018722534,0.855144202709198,0.8625724911689758,0.7854889631271362,0.809249997138977,0.9055663347244263,0.7668668031692505,0.3460873067378998,nan,22.056883811950684,0.738381564617157,-320.7369144895823,0.7576781511306763
225,0.6470128297805786,0.7586721181869507,0.8429752588272095,0.9167599678039551,0.9110615253448486,0.8928971290588379,0.9189560413360596,0.7738882303237915,0.9163531064987183,0.8701536655426025,0.9159967303276062,0.8932533264160156,0.914216160774231,0.9164546728134155,0.8904553055763245,0.928920328617096,0.9164546728134155,0.9005293846130371,0.8924391865730286,0.8869950175285339,0.9162511825561523,0.9168617129325867,0.6946697235107422,0.8808385133743286,0.8586547374725342,0.8691360950469971,0.8577388525009155,0.861656665802002,0.5,0.35809504985809326,0.84720778465271,0.8688816428184509,0.9164037704467773,0.9055154323577881,0.9160984754562378,0.8588582277297974,0.8214104175567627,0.8814999461174011,0.8091482520103455,0.8533127307891846,0.862979531288147,0.7855907082557678,0.8087412118911743,0.906075119972229,0.7659509181976318,0.3467996418476105,nan,22.728935718536377,0.7389181852340698,-322.8860855762272,0.7586721181869507
226,0.6647536158561707,0.7569823861122131,0.8429486751556396,0.9164037704467773,0.9122827053070068,0.8909639120101929,0.9178876876831055,0.7736338376998901,0.9134531617164612,0.8701027631759644,0.9158440828323364,0.8934059143066406,0.9157423377037048,0.9162002801895142,0.8852659463882446,0.9291238784790039,0.916149377822876,0.9004784822463989,0.893304169178009,0.886435329914093,0.9158440828323364,0.9170143604278564,0.700825572013855,0.8805841207504272,0.8586547374725342,0.8690342903137207,0.8575862646102905,0.8607916831970215,0.5,0.3605879843235016,0.8468515872955322,0.8684746026992798,0.9160984754562378,0.9053627848625183,0.9160476326942444,0.8588073253631592,0.8214104175567627,0.8814491033554077,0.809657096862793,0.855500340461731,0.8609443306922913,0.7855907082557678,0.8091482520103455,0.9052101373672485,0.7675790786743164,0.3471558094024658,nan,21.885871410369873,0.7370602488517761,-323.97138980539023,0.7569823861122131
227,0.6357235908508301,0.7614551186561584,0.8434896469116211,0.9159967303276062,0.9163020253181458,0.8927953243255615,0.9182946681976318,0.7737865447998047,0.9181846380233765,0.8701027631759644,0.9163528680801392,0.8928462266921997,0.9163528680801392,0.9164546728134155,0.8928971290588379,0.9286658763885498,0.9165055751800537,0.9011399149894714,0.8921339511871338,0.8860791921615601,0.9163528680801392,0.9166581630706787,0.7012834548950195,0.8808894157409668,0.8585020899772644,0.8690342903137207,0.8573318719863892,0.8605881929397583,0.5,0.3577897548675537,0.853210985660553,0.8684237003326416,0.9164037704467773,0.9056171774864197,0.9164037704467773,0.8582985401153564,0.8214613199234009,0.8811438083648682,0.8116922378540039,0.855144202709198,0.8589091300964355,0.7855398654937744,0.809657096862793,0.9050574898719788,0.7697160840034485,0.34618908166885376,nan,22.07431125640869,0.7414294481277466,-327.42581658135373,0.7614551186561584
228,0.7310057282447815,0.7452539801597595,0.8412104845046997,0.9150300025939941,0.9106545448303223,0.8929480314254761,0.9186508059501648,0.7738373875617981,0.9141145944595337,0.8709168434143066,0.9120283126831055,0.8931006193161011,0.9148774147033691,0.9160476326942444,0.8955428600311279,0.9240871667861938,0.916149377822876,0.896204948425293,0.8932533264160156,0.8869950175285339,0.9099932909011841,0.9165564179420471,0.670809268951416,0.8802788257598877,0.8590617775917053,0.8689833879470825,0.8534145355224609,0.8616057634353638,0.5,0.36450573801994324,0.817191481590271,0.8656255006790161,0.9158949851989746,0.9037348031997681,0.9154879450798035,0.8567216992378235,0.8211051225662231,0.8813472986221313,0.811336100101471,0.8440024852752686,0.8596723079681396,0.7852345705032349,0.809453547000885,0.9051083326339722,0.7686476111412048,0.3579922020435333,nan,22.130969524383545,0.7254517078399658,-324.93514104975276,0.7452539801597595
229,0.7124773859977722,0.7464466691017151,0.8416277170181274,0.9154371023178101,0.91309654712677,0.8909639120101929,0.9193121790885925,0.7736847400665283,0.9194056987762451,0.8706624507904053,0.9124352931976318,0.893507719039917,0.91248619556427,0.9135546684265137,0.8934569954872131,0.9286150336265564,0.9160476326942444,0.9008346796035767,0.8934059143066406,0.8865370750427246,0.9144703149795532,0.9167599678039551,0.6802212595939636,0.8799735307693481,0.859774112701416,0.8688816428184509,0.8517864942550659,0.8591128587722778,0.5,0.3613004982471466,0.8258911371231079,0.866795539855957,0.9134529232978821,0.906227707862854,0.9132493734359741,0.8596216440200806,0.821054220199585,0.8814491033554077,0.8154574036598206,0.8404413461685181,0.859774112701416,0.783504843711853,0.8109290599822998,0.9053118824958801,0.76717209815979,0.35031017661094666,nan,21.765360355377197,0.726889967918396,-326.68926843617214,0.7464466691017151
230,0.6356890201568604,0.7617533206939697,0.8435323238372803,0.9163528680801392,0.9154371023178101,0.8928971290588379,0.9179385304450989,0.7737865447998047,0.9182354807853699,0.8699501752853394,0.9154371023178101,0.8928971290588379,0.9156914949417114,0.916149377822876,0.8935585618019104,0.9286658763885498,0.9162511825561523,0.9016996026039124,0.8915233612060547,0.8868423700332642,0.9154879450798035,0.9167090654373169,0.7013852596282959,0.8804823160171509,0.8595705628395081,0.8690342903137207,0.8577388525009155,0.8610460758209229,0.5,0.3585529625415802,0.8532618284225464,0.8678131699562073,0.9160476326942444,0.9052101373672485,0.9159458875656128,0.8606390953063965,0.8213086128234863,0.88109290599823,0.8201383948326111,0.8529056906700134,0.860130250453949,0.7853871583938599,0.8109290599822998,0.9050066471099854,0.7632033824920654,0.3457820415496826,nan,22.65881586074829,0.742287278175354,-331.74201501699014,0.7617533206939697

231,0.6278710961341858,0.7642381191253662,0.843887209892273,0.9163020253181458,0.9159967303276062,0.8928462266921997,0.9179385304450989,0.7737356424331665,0.9183881282806396,0.8697974681854248,0.9159967303276062,0.8928462266921997,0.916149377822876,0.9165055751800537,0.89386385679245,0.928564190864563,0.9164546728134155,0.9039381742477417,0.8919812440872192,0.8875038027763367,0.9160984754562378,0.9166581630706787,0.6992484927177429,0.8805332183837891,0.8595197200775146,0.8690342903137207,0.8577388525009155,0.8608425855636597,0.5,0.35814592242240906,0.8550424575805664,0.8680675625801086,0.9164037704467773,0.9051592350006104,0.9164037704467773,0.8606390953063965,0.8215121626853943,0.8809402585029602,0.8211051225662231,0.8571283221244812,0.860130250453949,0.7855398654937744,0.8149994611740112,0.9048030972480774,0.7635595798492432,0.34552761912345886,nan,21.59713864326477,0.74489825963974,-333.62979933732356,0.7642381191253662
232,0.6257421970367432,0.7652320861816406,0.8441460132598877,0.9165055751800537,0.9159967303276062,0.8928462266921997,0.9177350401878357,0.7737356424331665,0.9182863235473633,0.8695939779281616,0.9160476326942444,0.8928462266921997,0.9162002801895142,0.9165564179420471,0.894627034664154,0.928564190864563,0.9165564179420471,0.9042942523956299,0.8920321464538574,0.8874529600143433,0.9162002801895142,0.9166581630706787,0.7035728693008423,0.8805332183837891,0.8594688177108765,0.8690342903137207,0.8576371073722839,0.8606390953063965,0.5,0.3585020899772644,0.8571791648864746,0.8683728575706482,0.9165564179420471,0.9051083326339722,0.9165564179420471,0.861656665802002,0.8216648101806641,0.8809402585029602,0.8211560249328613,0.8571283221244812,0.8595197200775146,0.7855907082557678,0.8171364665031433,0.9048539400100708,0.7638139724731445,0.34547674655914307,nan,22.471319913864136,0.7459353804588318,-335.39173987892605,0.7652320861816406
233,0.624560534954071,0.7650333046913147,0.8443043828010559,0.9165055751800537,0.9159458875656128,0.8928462266921997,0.9176841974258423,0.7737356424331665,0.9180828332901001,0.8695430755615234,0.9160984754562378,0.8928462266921997,0.9162002801895142,0.9165564179420471,0.896153450012207,0.928564190864563,0.9165564179420471,0.9043451547622681,0.8919812440872192,0.8871476650238037,0.9162002801895142,0.9166581630706787,0.7036237716674805,0.8806858658790588,0.8602319955825806,0.8690342903137207,0.8578406572341919,0.8604355454444885,0.5,0.3592652976512909,0.8571791648864746,0.8684237003326416,0.9165564179420471,0.9050574898719788,0.9165564179420471,0.8634883165359497,0.8218173980712891,0.8809402585029602,0.8211560249328613,0.8571283221244812,0.8588073253631592,0.7855907082557678,0.8195787072181702,0.9048539400100708,0.7644245624542236,0.34547674655914307,nan,22.39608860015869,0.7459216713905334,-337.0691251141474,0.7650333046913147
234,0.7343441247940063,0.751018762588501,0.842521071434021,0.9170143604278564,0.9120283126831055,0.8909130096435547,0.9181420803070068,0.7735829949378967,0.9162513613700867,0.8704080581665039,0.9147247076034546,0.8932533264160156,0.9133002758026123,0.913809061050415,0.8859786987304688,0.9227644205093384,0.9159458875656128,0.9016996026039124,0.8929480314254761,0.8865370750427246,0.9150809049606323,0.917116105556488,0.6992484927177429,0.8806350231170654,0.8630304336547852,0.8691869378089905,0.8527532815933228,0.8601810932159424,0.5,0.3613513708114624,0.8166826963424683,0.8680675625801086,0.9136055707931519,0.9055663347244263,0.9157423377037048,0.8649638891220093,0.8221226930618286,0.8812963962554932,0.8202401399612427,0.8538215160369873,0.8601810932159424,0.785285472869873,0.820341944694519,0.9053627848625183,0.7657983303070068,0.34847867488861084,nan,22.038228511810303,0.7322288155555725,-335.89515680423636,0.751018762588501
235,0.6849493384361267,0.7545969486236572,0.8429961204528809,0.9166581630706787,0.9145721197128296,0.8930497169494629,0.9194139242172241,0.7737356424331665,0.9200162887573242,0.8707133531570435,0.9133511781692505,0.8931006193161011,0.9128423929214478,0.9163020253181458,0.89203280210495,0.928920328617096,0.9163528680801392,0.9027169942855835,0.892337441444397,0.886791467666626,0.9131985306739807,0.9169125556945801,0.6887173652648926,0.8808385133743286,0.8632848262786865,0.8693395853042603,0.8580952882766724,0.861096978187561,0.5,0.36786404252052307,0.8017762899398804,0.8674061298370361,0.9162002801895142,0.9059733152389526,0.9162002801895142,0.8672534823417664,0.8253281712532043,0.8814999461174011,0.820494532585144,0.8552459478378296,0.8609443306922913,0.7855907082557678,0.8188663721084595,0.9056171774864197,0.7669685482978821,0.3486821949481964,nan,21.98882222175598,0.7358953952789307,-336.87345007951495,0.7545969486236572
236,0.6283740401268005,0.7631447911262512,0.8450198173522949,0.9166073203086853,0.9163528680801392,0.8927953243255615,0.9188034534454346,0.7737865447998047,0.9192022085189819,0.8701536655426025,0.9164037704467773,0.8927953243255615,0.9164546728134155,0.9165055751800537,0.898036003112793,0.928564190864563,0.9166073203086853,0.9041416645050049,0.8918286561965942,0.8871985673904419,0.9164546728134155,0.9166073203086853,0.6929399967193604,0.8807876110076904,0.8615040183067322,0.8689833879470825,0.859926700592041,0.8614531755447388,0.5,0.36857637763023376,0.8551950454711914,0.868525505065918,0.9165055751800537,0.9054136276245117,0.9165055751800537,0.868118405342102,0.8325022459030151,0.8809911608695984,0.8213595151901245,0.8570774793624878,0.8603338003158569,0.7855907082557678,0.8214104175567627,0.9049557447433472,0.7692072987556458,0.3464434742927551,nan,22.052467346191406,0.7441166639328003,-340.5462683490085,0.7631447911262512
237,0.6243137121200562,0.7644369602203369,0.8451052904129028,0.9166581630706787,0.9164546728134155,0.8928462266921997,0.9186508059501648,0.7738373875617981,0.9188460111618042,0.8699501752853394,0.9163528680801392,0.8928462266921997,0.9163020253181458,0.9165055751800537,0.9005800485610962,0.928564190864563,0.9166073203086853,0.9041416645050049,0.8919304013252258,0.8870458602905273,0.9164037704467773,0.9166581630706787,0.6929399967193604,0.8808894157409668,0.8614022731781006,0.8690342903137207,0.8601810932159424,0.861096978187561,0.5,0.3688816428184509,0.8550933003425598,0.8686272501945496,0.9165055751800537,0.9052101373672485,0.9165055751800537,0.8682711124420166,0.8326040506362915,0.8809402585029602,0.8213595151901245,0.8571283221244812,0.8600285053253174,0.785641610622406,0.8214104175567627,0.9048539400100708,0.7702757716178894,0.3473084270954132,nan,21.780404806137085,0.7455435395240784,-342.0581854981488,0.7644369602203369
238,0.6242566704750061,0.7639399766921997,0.8449735641479492,0.9166581630706787,0.9135546684265137,0.8927444815635681,0.9176332950592041,0.7738882303237915,0.9178284406661987,0.869848370552063,0.9165055751800537,0.8928971290588379,0.9162511825561523,0.9166581630706787,0.9026660919189453,0.9286150336265564,0.9167090654373169,0.9042942523956299,0.8918286561965942,0.8877582550048828,0.9164546728134155,0.9167090654373169,0.690752387046814,0.8808385133743286,0.862623393535614,0.8689833879470825,0.8629286289215088,0.8614531755447388,0.5,0.3689834177494049,0.8422727584838867,0.8684746026992798,0.9166581630706787,0.9048539400100708,0.9166581630706787,0.8684746026992798,0.8330110907554626,0.8809402585029602,0.8242596983909607,0.8572300672531128,0.8600794076919556,0.785641610622406,0.8215121626853943,0.9049557447433472,0.7705301642417908,0.35036125779151917,nan,22.813111305236816,0.7447770833969116,-343.582773451089,0.7639399766921997
239,0.6206036806106567,0.7635424137115479,0.8457248210906982,0.9166581630706787,0.9165055751800537,0.8927953243255615,0.9178367853164673,0.7738373875617981,0.9179301857948303,0.869848370552063,0.9165055751800537,0.8928462266921997,0.9163528680801392,0.9165564179420471,0.9029204845428467,0.928564190864563,0.9166581630706787,0.9044469594955444,0.892337441444397,0.8878090977668762,0.9165055751800537,0.9166581630706787,0.6950258612632751,0.8808894157409668,0.8629286289215088,0.8690342903137207,0.8650656342506409,0.8611987233161926,0.5,0.3690342903137207,0.8529056906700134,0.8688308000564575,0.9166581630706787,0.9048539400100708,0.9165564179420471,0.868525505065918,0.8331637382507324,0.8809402585029602,0.8324005603790283,0.8571283221244812,0.859926700592041,0.785641610622406,0.8214613199234009,0.904904842376709,0.772870659828186,0.35112446546554565,nan,22.468602180480957,0.7444149255752563,-345.46343243713346,0.7635424137115479
240,0.6199647188186646,0.7637411952018738,0.8461570739746094,0.9167090654373169,0.9165055751800537,0.8927953243255615,0.9178367853164673,0.7738373875617981,0.9179810285568237,0.8697974681854248,0.9165055751800537,0.8907603621482849,0.9163528680801392,0.9165564179420471,0.9032766819000244,0.9286150336265564,0.9166581630706787,0.9044978022575378,0.8925918340682983,0.8880126476287842,0.9164546728134155,0.9167599678039551,0.6971626281738281,0.8808894157409668,0.8644042015075684,0.8690851926803589,0.8671517372131348,0.8608934879302979,0.5,0.3689834177494049,0.8571791648864746,0.868678092956543,0.9166073203086853,0.9048539400100708,0.9165564179420471,0.8685764074325562,0.8331128358840942,0.8809911608695984,0.8405922651290894,0.8571791648864746,0.8597232103347778,0.785641610622406,0.8214613199234009,0.904904842376709,0.7733794450759888,0.3530578911304474,nan,22.411898612976074,0.7445969581604004,-346.86645767459123,0.7637411952018738

241,0.6178999543190002,0.7641387581825256,0.8463858962059021,0.9166581630706787,0.9165564179420471,0.8927953243255615,0.9177858829498291,0.7738373875617981,0.9178793430328369,0.8696448802947998,0.9165055751800537,0.8928462266921997,0.9164037704467773,0.9166073203086853,0.9036328792572021,0.928564190864563,0.9166581630706787,0.9045995473861694,0.8925918340682983,0.8880634903907776,0.9165055751800537,0.9166581630706787,0.6971626281738281,0.8808894157409668,0.8646076917648315,0.8690342903137207,0.868118405342102,0.8604355454444885,0.5,0.3690851628780365,0.8571791648864746,0.8686272501945496,0.9166581630706787,0.9048539400100708,0.9166073203086853,0.8687289953231812,0.8332146406173706,0.8809402585029602,0.8451205492019653,0.8571283221244812,0.8596723079681396,0.785641610622406,0.8214613199234009,0.9048030972480774,0.7735320925712585,0.35529664158821106,nan,22.433770418167114,0.7450613975524902,-348.6166921330664,0.7641387581825256
242,0.6169552206993103,0.7634429931640625,0.8465245962142944,0.9166581630706787,0.9166073203086853,0.8927953243255615,0.9176841974258423,0.7738373875617981,0.9177266359329224,0.8695939779281616,0.9165055751800537,0.8928462266921997,0.9162511825561523,0.9166581630706787,0.9037854671478271,0.928564190864563,0.9166581630706787,0.9046504497528076,0.8926427364349365,0.8880634903907776,0.9165055751800537,0.9166581630706787,0.6971626281738281,0.8809402585029602,0.8650147914886475,0.8690342903137207,0.8688816428184509,0.860130250453949,0.5,0.3690851628780365,0.8571791648864746,0.8687798976898193,0.9166581630706787,0.9048539400100708,0.9166581630706787,0.8689325451850891,0.8332146406173706,0.8809402585029602,0.8452223539352417,0.8571283221244812,0.8594688177108765,0.785641610622406,0.8247684836387634,0.9048030972480774,0.7736338376998901,0.35687392950057983,nan,22.367470741271973,0.7455724477767944,-350.24364875237615,0.7634429931640625
243,0.616096556186676,0.7631447911262512,0.8467222452163696,0.9166581630706787,0.9166073203086853,0.8927953243255615,0.9176841974258423,0.7738373875617981,0.9177266359329224,0.8695430755615234,0.9165055751800537,0.8928462266921997,0.9162002801895142,0.9166581630706787,0.9039890170097351,0.928564190864563,0.9166581630706787,0.904752254486084,0.8926427364349365,0.8881143927574158,0.9164546728134155,0.9166581630706787,0.6971626281738281,0.8809402585029602,0.8655235767364502,0.8690342903137207,0.8689833879470825,0.859926700592041,0.5,0.3690851628780365,0.8571791648864746,0.8689325451850891,0.9166581630706787,0.9048539400100708,0.9166581630706787,0.8689833879470825,0.8332146406173706,0.8809402585029602,0.8452223539352417,0.8571283221244812,0.8593161702156067,0.785641610622406,0.832146167755127,0.9048030972480774,0.7737356424331665,0.35743358731269836,nan,22.41015315055847,0.746423065662384,-351.85277657849616,0.7631447911262512
244,0.6152426600456238,0.7635424137115479,0.8467580080032349,0.9166581630706787,0.9165564179420471,0.8927953243255615,0.9175315499305725,0.7738373875617981,0.9175231456756592,0.8694921731948853,0.9164546728134155,0.8928462266921997,0.916149377822876,0.9166581630706787,0.9042942523956299,0.928564190864563,0.9166581630706787,0.904752254486084,0.8926427364349365,0.8882670402526855,0.9164546728134155,0.9166581630706787,0.6950258612632751,0.8809402585029602,0.8659814596176147,0.8690342903137207,0.8690342903137207,0.8596214652061462,0.5,0.3690851628780365,0.8571791648864746,0.8689325451850891,0.9166581630706787,0.9048539400100708,0.9166581630706787,0.8689833879470825,0.8332146406173706,0.8809402585029602,0.8452732563018799,0.8571283221244812,0.8592144250869751,0.785641610622406,0.8358094692230225,0.9048030972480774,0.7737356424331665,0.35748448967933655,nan,22.351361989974976,0.7470912337303162,-353.47624772093354,0.7635424137115479
245,0.6143807768821716,0.7635424137115479,0.8467754125595093,0.9166581630706787,0.9165564179420471,0.8927953243255615,0.9172263145446777,0.7738373875617981,0.9172687530517578,0.8694413304328918,0.9164546728134155,0.8928462266921997,0.9160984754562378,0.9166581630706787,0.9043960571289062,0.928564190864563,0.9166581630706787,0.904752254486084,0.8927953243255615,0.8885723352432251,0.9164546728134155,0.9166581630706787,0.6928890943527222,0.8809402585029602,0.8661341071128845,0.8690342903137207,0.8690342903137207,0.8593670129776001,0.5,0.3690851628780365,0.8571791648864746,0.8689833879470825,0.9166581630706787,0.9048030972480774,0.9166581630706787,0.8690342903137207,0.8332146406173706,0.8809402585029602,0.8452732563018799,0.8571283221244812,0.8590617775917053,0.785641610622406,0.8390149474143982,0.9048030972480774,0.7737356424331665,0.35753536224365234,nan,22.638756275177002,0.7472025156021118,-355.1205867353674,0.7635424137115479
246,0.6135038137435913,0.7636417746543884,0.8468551635742188,0.9166581630706787,0.9165564179420471,0.8927953243255615,0.9170228242874146,0.7738373875617981,0.9170143604278564,0.8693395853042603,0.9164546728134155,0.8928462266921997,0.9160476326942444,0.9166581630706787,0.9043960571289062,0.928564190864563,0.9166581630706787,0.904752254486084,0.8929480314254761,0.8886231780052185,0.9164037704467773,0.9166581630706787,0.6928890943527222,0.8809402585029602,0.8664394021034241,0.8690342903137207,0.8690342903137207,0.8592653274536133,0.5,0.3690851628780365,0.8571791648864746,0.8690342903137207,0.9166581630706787,0.9048030972480774,0.9166581630706787,0.8690851926803589,0.8332146406173706,0.8809402585029602,0.8463417291641235,0.8571283221244812,0.8589600324630737,0.785641610622406,0.8415589332580566,0.9048030972480774,0.7737865447998047,0.35763710737228394,nan,21.875007152557373,0.7473253011703491,-356.790761705161,0.7636417746543884
247,0.612602949142456,0.7637411952018738,0.8469394445419312,0.9166581630706787,0.9165564179420471,0.8927953243255615,0.9168701767921448,0.7738373875617981,0.9168617129325867,0.8692886829376221,0.9164546728134155,0.8928462266921997,0.9157931804656982,0.9166581630706787,0.9044469594955444,0.928564190864563,0.9166581630706787,0.9048030972480774,0.8928462266921997,0.8887758255004883,0.9163528680801392,0.9166581630706787,0.690752387046814,0.8809402585029602,0.8665920495986938,0.8690342903137207,0.8690342903137207,0.8589091300964355,0.5,0.3690851628780365,0.8571791648864746,0.8690342903137207,0.9166581630706787,0.9048030972480774,0.9166581630706787,0.8690851926803589,0.8332146406173706,0.8809402585029602,0.8490892648696899,0.8571283221244812,0.8589091300964355,0.785641610622406,0.8452223539352417,0.9048030972480774,0.7737865447998047,0.3578915297985077,nan,22.609583139419556,0.7475847005844116,-358.4902843630417,0.7637411952018738

248,0.6116698980331421,0.7639399766921997,0.8468897938728333,0.9166581630706787,0.9165055751800537,0.8927953243255615,0.9168193340301514,0.7738373875617981,0.9168617129325867,0.8692886829376221,0.9163528680801392,0.8928462266921997,0.9156405925750732,0.9166581630706787,0.9045995473861694,0.928564190864563,0.9166581630706787,0.9048030972480774,0.8929480314254761,0.8888775706291199,0.9164037704467773,0.9166581630706787,0.690752387046814,0.8809402585029602,0.866642951965332,0.8690342903137207,0.8690342903137207,0.8587056398391724,0.5,0.3690851628780365,0.8529056906700134,0.8690851926803589,0.9166581630706787,0.9048030972480774,0.9166581630706787,0.8690851926803589,0.8332146406173706,0.8809402585029602,0.8510735630989075,0.8571283221244812,0.8588582277297974,0.785641610622406,0.8452223539352417,0.9048030972480774,0.7737865447998047,0.35819679498672485,nan,21.952309131622314,0.7479732632637024,-360.2218976936003,0.7639399766921997
249,0.6106853485107422,0.7654308676719666,0.8469071388244629,0.9166581630706787,0.9165055751800537,0.8927953243255615,0.9168193340301514,0.7738373875617981,0.9168617129325867,0.8692886829376221,0.9163528680801392,0.8928462266921997,0.9153861999511719,0.9166581630706787,0.9047013521194458,0.928564190864563,0.9166581630706787,0.9048030972480774,0.8929480314254761,0.8890302181243896,0.9164037704467773,0.9166581630706787,0.688615620136261,0.8809402585029602,0.866795539855957,0.8690342903137207,0.8690342903137207,0.858603835105896,0.5,0.3690851628780365,0.8529056906700134,0.8690851926803589,0.9166581630706787,0.9048030972480774,0.9166581630706787,0.8690851926803589,0.8332146406173706,0.8809402585029602,0.8527017831802368,0.8571283221244812,0.8588582277297974,0.785641610622406,0.8452223539352417,0.9048030972480774,0.7737865447998047,0.35946881771087646,nan,22.172206163406372,0.7495073676109314,-361.98390414176646,0.7654308676719666

250,0.6096164584159851,0.7665241956710815,0.8469464182853699,0.9166581630706787,0.9165055751800537,0.8927953243255615,0.9168193340301514,0.7738373875617981,0.9168108701705933,0.8692377805709839,0.9163528680801392,0.8928462266921997,0.9153352975845337,0.9166581630706787,0.904752254486084,0.928564190864563,0.9166581630706787,0.9048030972480774,0.8929480314254761,0.889132022857666,0.9164037704467773,0.9166581630706787,0.686478853225708,0.8809402585029602,0.8670499324798584,0.8690342903137207,0.8690342903137207,0.858451247215271,0.5,0.3690851628780365,0.8507689237594604,0.8690851926803589,0.9166581630706787,0.9048030972480774,0.9166581630706787,0.8690851926803589,0.8332146406173706,0.8809402585029602,0.8558053970336914,0.8571283221244812,0.8591635227203369,0.785641610622406,0.8452223539352417,0.9048030972480774,0.7738373875617981,0.3620128333568573,nan,21.844064712524414,0.7506855726242065,-363.7699946342933,0.7665241956710815

251,0.6084356904029846,0.7685120701789856,0.8468736410140991,0.9166581630706787,0.9165564179420471,0.8927953243255615,0.9167684316635132,0.7738373875617981,0.9167599678039551,0.8692377805709839,0.9163020253181458,0.8928462266921997,0.9151318073272705,0.9166581630706787,0.904752254486084,0.928564190864563,0.9166581630706787,0.9048030972480774,0.8929480314254761,0.8894372582435608,0.9163528680801392,0.9166581630706787,0.6843421459197998,0.8809402585029602,0.8671517372131348,0.8690342903137207,0.8690342903137207,0.8582985401153564,0.5,0.3690851628780365,0.8443586826324463,0.8690851926803589,0.9166581630706787,0.9048030972480774,0.9166581630706787,0.8690851926803589,0.8332146406173706,0.8809402585029602,0.8571283221244812,0.8571283221244812,0.8593161702156067,0.785641610622406,0.8457311391830444,0.9048030972480774,0.7738373875617981,0.3656761944293976,nan,21.650519609451294,0.7523689270019531,-365.57786360622083,0.7685120701789856
252,0.6071410179138184,0.7691084146499634,0.8466309309005737,0.9166581630706787,0.9165564179420471,0.8927953243255615,0.9167684316635132,0.7738373875617981,0.9167599678039551,0.8692377805709839,0.9163020253181458,0.8928462266921997,0.9150300025939941,0.9166581630706787,0.904752254486084,0.928564190864563,0.9166581630706787,0.9048030972480774,0.8929480314254761,0.8897425532341003,0.9163528680801392,0.9166581630706787,0.682205319404602,0.8809402585029602,0.867202639579773,0.8690342903137207,0.8690342903137207,0.8581967949867249,0.5,0.3690851628780365,0.8400851488113403,0.8690342903137207,0.9166581630706787,0.9048030972480774,0.9166581630706787,0.8690851926803589,0.8332146406173706,0.8809402585029602,0.8571283221244812,0.8464445471763611,0.8603846430778503,0.785641610622406,0.8492418527603149,0.9048030972480774,0.7738373875617981,0.3678131699562073,nan,22.2686026096344,0.7531338334083557,-367.4204558734687,0.7691084146499634
253,0.6058542728424072,0.7690090537071228,0.8463373184204102,0.9166581630706787,0.9165564179420471,0.8927953243255615,0.9167684316635132,0.7738373875617981,0.9167599678039551,0.8691869378089905,0.9162511825561523,0.8928462266921997,0.9144703149795532,0.9166581630706787,0.9047013521194458,0.928564190864563,0.9166581630706787,0.9048030972480774,0.8929480314254761,0.8897425532341003,0.9163020253181458,0.9166581630706787,0.686478853225708,0.8809402585029602,0.867355227470398,0.8690342903137207,0.8690342903137207,0.8580950498580933,0.5,0.3690851628780365,0.825127899646759,0.8690342903137207,0.9166581630706787,0.9048030972480774,0.9166581630706787,0.8690851926803589,0.8332146406173706,0.8809402585029602,0.8570774793624878,0.8400343060493469,0.8632339239120483,0.785641610622406,0.8510227203369141,0.9048030972480774,0.7738373875617981,0.36852550506591797,nan,23.035297632217407,0.7530747056007385,-369.30501120896906,0.7690090537071228
254,0.6046103239059448,0.7692078351974487,0.8448036909103394,0.9166581630706787,0.9162002801895142,0.8928462266921997,0.9167684316635132,0.7738373875617981,0.9168108701705933,0.8691360950469971,0.9162002801895142,0.8928462266921997,0.914826512336731,0.9166073203086853,0.904752254486084,0.928564190864563,0.9166073203086853,0.9048030972480774,0.8929480314254761,0.890454888343811,0.9163528680801392,0.9166581630706787,0.6800686120986938,0.8809402585029602,0.8675078749656677,0.8690342903137207,0.8690342903137207,0.8581459522247314,0.5,0.3690851628780365,0.7888031005859375,0.8690342903137207,0.9166073203086853,0.9048030972480774,0.9166073203086853,0.8690851926803589,0.8332146406173706,0.8809402585029602,0.8570265769958496,0.8122565150260925,0.8657270669937134,0.785641610622406,0.8521929383277893,0.9048030972480774,0.7738373875617981,0.36877989768981934,nan,22.46358323097229,0.7538177967071533,-371.2691591060158,0.7692078351974487
255,0.6035710573196411,0.7701023817062378,0.8423696756362915,0.9166581630706787,0.9163528680801392,0.8927953243255615,0.9167684316635132,0.7738373875617981,0.9167599678039551,0.8691869378089905,0.9162002801895142,0.8927953243255615,0.9146230220794678,0.9166581630706787,0.9047013521194458,0.928564190864563,0.9166581630706787,0.9048030972480774,0.8929988741874695,0.8909127712249756,0.9163020253181458,0.9166073203086853,0.6800686120986938,0.8808894157409668,0.8678131699562073,0.8689833879470825,0.8690342903137207,0.8581967949867249,0.5,0.3690851628780365,0.7076065540313721,0.8690851926803589,0.9166581630706787,0.9048030972480774,0.9166581630706787,0.8690851926803589,0.8332146406173706,0.8808894157409668,0.8570774793624878,0.7844787836074829,0.867355227470398,0.785641610622406,0.8540246486663818,0.9048030972480774,0.7738373875617981,0.3690342903137207,nan,22.218177795410156,0.7553053498268127,-373.25583268235636,0.7701023817062378
256,0.6019443869590759,0.773680567741394,0.8375178575515747,0.9166581630706787,0.9164037704467773,0.8927953243255615,0.9167684316635132,0.7738373875617981,0.9167599678039551,0.8691360950469971,0.9163020253181458,0.8928462266921997,0.9145212173461914,0.9166581630706787,0.9047013521194458,0.928564190864563,0.9166581630706787,0.9048030972480774,0.8929480314254761,0.8912689685821533,0.9164037704467773,0.9166581630706787,0.6715216040611267,0.8809402585029602,0.8678640127182007,0.8690342903137207,0.8690342903137207,0.8580441474914551,0.5,0.3690851628780365,0.5943586826324463,0.8690342903137207,0.9166581630706787,0.9048030972480774,0.9166581630706787,0.8690851926803589,0.8332146406173706,0.8809402585029602,0.8571283221244812,0.6947351694107056,0.86832195520401,0.785641610622406,0.8555001616477966,0.9048030972480774,0.7738373875617981,0.3690342903137207,nan,22.912992000579834,0.7596315145492554,-375.3373880267866,0.773680567741394
257,0.6019974946975708,0.7756684422492981,0.8316143751144409,0.9166581630706787,0.9162511825561523,0.8927953243255615,0.916717529296875,0.7738373875617981,0.9167599678039551,0.8693904876708984,0.9157931804656982,0.8928971290588379,0.9137580394744873,0.9162511825561523,0.9047013521194458,0.9286150336265564,0.9165564179420471,0.9048030972480774,0.8929988741874695,0.891014575958252,0.9159458875656128,0.9167599678039551,0.6630254983901978,0.8809402585029602,0.8679149150848389,0.8690342903137207,0.8690342903137207,0.8581967949867249,0.5,0.3691360652446747,0.47256380319595337,0.8690851926803589,0.9164037704467773,0.9048539400100708,0.9163528680801392,0.8690851926803589,0.8344357013702393,0.8809402585029602,0.8570774793624878,0.5708544254302979,0.8687289953231812,0.7855907082557678,0.8569756746292114,0.9048030972480774,0.7738373875617981,0.36877989768981934,nan,21.825972318649292,0.7618597745895386,-377.345082059981,0.7756684422492981
258,0.5993779301643372,0.7784514427185059,0.8264620304107666,0.9166581630706787,0.9162511825561523,0.8927953243255615,0.916717529296875,0.7738373875617981,0.9167599678039551,0.8696448802947998,0.9162511825561523,0.8929480314254761,0.9155387878417969,0.9166581630706787,0.904752254486084,0.928564190864563,0.9166581630706787,0.9048030972480774,0.8928971290588379,0.8914724588394165,0.9165055751800537,0.917116105556488,0.626649796962738,0.8809402585029602,0.8676605224609375,0.8690851926803589,0.8690342903137207,0.8586547374725342,0.5,0.3690851628780365,0.4127347469329834,0.8690851926803589,0.9166581630706787,0.9048030972480774,0.9166581630706787,0.8690342903137207,0.8450188636779785,0.8809402585029602,0.8570265769958496,0.4297778904438019,0.8689325451850891,0.785641610622406,0.8570774793624878,0.9048030972480774,0.7738373875617981,0.3690342903137207,nan,22.5471613407135,0.7651175260543823,-379.50362486100414,0.7784514427185059
259,1.156823754310608,0.7105655670166016,0.8136414289474487,0.914012610912323,0.9015980958938599,0.8671543598175049,0.9209401607513428,0.7673249244689941,0.9161498546600342,0.8787524104118347,0.9001222848892212,0.8943217992782593,0.8951873779296875,0.906431257724762,0.9012418985366821,0.9294291138648987,0.9083647131919861,0.8699027299880981,0.8992571830749512,0.8964587450027466,0.9006311297416687,0.9161496162414551,0.47494059801101685,0.8786509037017822,0.8630817532539368,0.86771160364151,0.8450720906257629,0.8586047291755676,0.5,0.3774804174900055,0.44092023372650146,0.7826488018035889,0.9066348075866699,0.8140420913696289,0.9051594734191895,0.8694926500320435,0.8316375017166138,0.882415771484375,0.8465452194213867,0.4094788432121277,0.8522962331771851,0.7784168124198914,0.8479698896408081,0.9084664583206177,0.7619829177856445,0.3792094588279724,nan,22.11144995689392,0.6998783349990845,-364.47704806345354,0.7105655670166016
260,1.0642499923706055,0.713050365447998,0.8161436319351196,0.9173704981803894,0.901648759841919,0.8827221393585205,0.9173789024353027,0.7641701698303223,0.9082638025283813,0.877938985824585,0.8912693858146667,0.8935585618019104,0.8942204713821411,0.9082629680633545,0.8952895402908325,0.9298361539840698,0.9050579071044922,0.8901504278182983,0.8967644572257996,0.8996133208274841,0.8990536332130432,0.9119778871536255,0.5332939624786377,0.8812455534934998,0.8670499324798584,0.8696448802947998,0.8564172983169556,0.8717820644378662,0.5,0.38139820098876953,0.5664293766021729,0.6223921775817871,0.9061770439147949,0.8704112768173218,0.909127950668335,0.8762593269348145,0.8258878588676453,0.8828737139701843,0.8398290276527405,0.40149152278900146,0.8624203205108643,0.7795360088348389,0.8437976837158203,0.9050066471099854,0.7637630701065063,0.3722393214702606,nan,21.812394857406616,0.6931504607200623,-356.8339340957658,0.713050365447998

261,0.7736621499061584,0.7432661056518555,0.8276697993278503,0.9168617129325867,0.9116721153259277,0.891167402267456,0.91478431224823,0.7668159008026123,0.9119265079498291,0.8775821924209595,0.909127950668335,0.8932024240493774,0.9020050764083862,0.9152335524559021,0.9013945460319519,0.9268853068351746,0.9155896902084351,0.8949325084686279,0.8971710205078125,0.8946779370307922,0.9105017185211182,0.917472243309021,0.6241570711135864,0.8811438083648682,0.8627256155014038,0.8695430755615234,0.8628784418106079,0.8649640679359436,0.5,0.37707337737083435,0.5606799125671387,0.8173960447311401,0.9149282574653625,0.8956450819969177,0.9153861999511719,0.8707642555236816,0.8328584432601929,0.8817034959793091,0.8486313223838806,0.48161962628364563,0.8663885593414307,0.7853363156318665,0.8503612279891968,0.9016485214233398,0.7659509181976318,0.3688814640045166,nan,21.90685749053955,0.7251922488212585,-364.42038254149685,0.7432661056518555
262,0.7765814661979675,0.7478381991386414,0.8339200615882874,0.9169125556945801,0.9110105037689209,0.8908621072769165,0.9159035682678223,0.7683931589126587,0.9153352975845337,0.8783962726593018,0.9032769203186035,0.8930497169494629,0.9049557447433472,0.9148774147033691,0.9025136828422546,0.928920328617096,0.9153861999511719,0.894932746887207,0.8971710205078125,0.8944743871688843,0.9048035144805908,0.917472243309021,0.6554960608482361,0.8802279233932495,0.867355227470398,0.8689833879470825,0.866592288017273,0.8650658130645752,0.5,0.37631016969680786,0.660649299621582,0.8192784190177917,0.9123844504356384,0.8995117545127869,0.9108073711395264,0.8661854267120361,0.8326040506362915,0.8811947107315063,0.8525490760803223,0.6117070913314819,0.8657781481742859,0.7850819230079651,0.8567212820053101,0.9006311297416687,0.7675790786743164,0.36720260977745056,nan,22.054184198379517,0.731909990310669,-364.9560199385312,0.7478381991386414
263,0.6687244176864624,0.7645363211631775,0.8353000283241272,0.9162511825561523,0.9132492542266846,0.8925918340682983,0.9179894328117371,0.7727689146995544,0.9171669483184814,0.8769207000732422,0.9072964191436768,0.8926427364349365,0.9061770439147949,0.9156914949417114,0.9045995473861694,0.9287676811218262,0.9160476326942444,0.9008346796035767,0.8955428600311279,0.8917268514633179,0.9123842716217041,0.9169125556945801,0.6426246762275696,0.8806350231170654,0.8671008348464966,0.8689325451850891,0.8668466806411743,0.863335907459259,0.5,0.37081509828567505,0.6353640556335449,0.8599784970283508,0.9154879450798035,0.902971625328064,0.9157423377037048,0.8683728575706482,0.8327566981315613,0.8809911608695984,0.8604355454444885,0.6158788204193115,0.866999089717865,0.7851327657699585,0.8588582277297974,0.9043451547622681,0.7709372043609619,0.3683728575706482,nan,22.263105392456055,0.7495743632316589,-371.24487656545074,0.7645363211631775
264,0.6264500617980957,0.7744756937026978,0.8390064835548401,0.9164037704467773,0.9138597846031189,0.8927444815635681,0.9173789024353027,0.7731250524520874,0.9169125556945801,0.8788032531738281,0.9076014757156372,0.8927953243255615,0.9045995473861694,0.9160984754562378,0.904548704624176,0.9286658763885498,0.9162511825561523,0.9021066427230835,0.8966622352600098,0.8921847939491272,0.9120789766311646,0.9169634580612183,0.6737092137336731,0.8807876110076904,0.8670499324798584,0.8688816428184509,0.8688308000564575,0.8648114204406738,0.5,0.3705098330974579,0.7186973094940186,0.8626240491867065,0.9157931804656982,0.9048539400100708,0.9139108657836914,0.8689325451850891,0.8335707783699036,0.8808894157409668,0.8634883165359497,0.6499142646789551,0.8671008348464966,0.7855398654937744,0.8567212820053101,0.9044978022575378,0.7690548896789551,0.36796581745147705,nan,21.914249897003174,0.7591745853424072,-375.221348650187,0.7744756937026978
265,0.6060424447059631,0.7786502242088318,0.8405101299285889,0.9165055751800537,0.9149282574653625,0.8927953243255615,0.9178367853164673,0.7736847400665283,0.9172687530517578,0.8783453702926636,0.9136562347412109,0.8927953243255615,0.9081103205680847,0.9163528680801392,0.9047013521194458,0.9286150336265564,0.9163020253181458,0.9044469594955444,0.8957464098930359,0.8921847939491272,0.9158440828323364,0.9168617129325867,0.6781353950500488,0.8808894157409668,0.868118405342102,0.8689833879470825,0.8668975234031677,0.8651676177978516,0.5,0.36939045786857605,0.6798796653747559,0.8690851926803589,0.9162511825561523,0.9049557447433472,0.9164546728134155,0.8689325451850891,0.8355550765991211,0.8809911608695984,0.8674061298370361,0.7119818329811096,0.8676605224609375,0.7855398654937744,0.8573318719863892,0.9048539400100708,0.7729215621948242,0.36883077025413513,nan,22.00881028175354,0.7643002271652222,-379.2562971343554,0.7786502242088318
266,0.601439356803894,0.7808368802070618,0.8393231630325317,0.9166073203086853,0.9152843952178955,0.8927953243255615,0.9177858829498291,0.7737865447998047,0.9172178506851196,0.8790068626403809,0.9126386642456055,0.8928971290588379,0.9051592350006104,0.9165564179420471,0.9047013521194458,0.928564190864563,0.9165564179420471,0.9046504497528076,0.8954920172691345,0.8922356367111206,0.9158440828323364,0.9169634580612183,0.680119514465332,0.8808385133743286,0.867965817451477,0.8689833879470825,0.8690342903137207,0.8654729127883911,0.5,0.36933958530426025,0.68628990650177,0.8690342903137207,0.9164546728134155,0.904904842376709,0.9165564179420471,0.8690851926803589,0.8450188636779785,0.8809911608695984,0.868118405342102,0.6413163542747498,0.8676605224609375,0.7855907082557678,0.8578915596008301,0.9048539400100708,0.7732268571853638,0.3688816428184509,nan,22.213458776474,0.7669221758842468,-380.68690732624736,0.7808368802070618
267,0.5994866490364075,0.7817314267158508,0.8363736867904663,0.9166073203086853,0.9153352975845337,0.8927953243255615,0.9176332950592041,0.7737865447998047,0.9171669483184814,0.8789050579071045,0.9127404093742371,0.8928462266921997,0.9048539400100708,0.9165564179420471,0.9047013521194458,0.928564190864563,0.9165564179420471,0.9046504497528076,0.8949323296546936,0.8924391865730286,0.9159967303276062,0.9170652627944946,0.6779826879501343,0.8808894157409668,0.868118405342102,0.8689833879470825,0.8690342903137207,0.8655237555503845,0.5,0.36933958530426025,0.6435548663139343,0.8690342903137207,0.9164546728134155,0.9048030972480774,0.9165564179420471,0.8691360950469971,0.8450697064399719,0.8809402585029602,0.8684746026992798,0.5558462738990784,0.8678131699562073,0.7855907082557678,0.8611478805541992,0.9048030972480774,0.7733794450759888,0.3690342903137207,nan,21.99951720237732,0.7678844332695007,-382.0642473489837,0.7817314267158508
268,0.5980403423309326,0.7830235362052917,0.8326764702796936,0.9166581630706787,0.9155387878417969,0.8927953243255615,0.9176332950592041,0.7737865447998047,0.9170143604278564,0.8790068626403809,0.9124860167503357,0.8928971290588379,0.9049557447433472,0.9165564179420471,0.9047013521194458,0.928564190864563,0.9165564179420471,0.9047013521194458,0.8945252895355225,0.8925409317016602,0.9159967303276062,0.9177775382995605,0.6715216040611267,0.8809402585029602,0.8682202100753784,0.8690342903137207,0.8690342903137207,0.8655745983123779,0.5,0.36933958530426025,0.5623582601547241,0.8690851926803589,0.9165055751800537,0.9048030972480774,0.9166073203086853,0.8691360950469971,0.8450697064399719,0.8809402585029602,0.8686272501945496,0.4810599386692047,0.8680675625801086,0.7855907082557678,0.8632848262786865,0.9048030972480774,0.773430347442627,0.3690342903137207,nan,22.293926239013672,0.7695968151092529,-383.36117243408955,0.7830235362052917
269,0.5967782139778137,0.7841168642044067,0.8287909030914307,0.9166581630706787,0.9155896902084351,0.8927953243255615,0.9176332950592041,0.7737865447998047,0.9169634580612183,0.8790577054023743,0.9121298789978027,0.8929480314254761,0.9048030972480774,0.9165564179420471,0.9047013521194458,0.928564190864563,0.9165564179420471,0.904752254486084,0.89386385679245,0.8926427364349365,0.9160984754562378,0.9197109937667847,0.6693848371505737,0.8809402585029602,0.8682202100753784,0.8690342903137207,0.8690342903137207,0.8656255006790161,0.5,0.3692378103733063,0.46193093061447144,0.8691360950469971,0.9165055751800537,0.9048030972480774,0.9166073203086853,0.8691360950469971,0.8450697064399719,0.8809402585029602,0.8687289953231812,0.4126838743686676,0.86832195520401,0.7855907082557678,0.8656761646270752,0.9048030972480774,0.7735320925712585,0.3690342903137207,nan,22.18212389945984,0.7705792188644409,-384.6285995272587,0.7841168642044067
270,0.5956076383590698,0.784415066242218,0.8269394040107727,0.9166581630706787,0.9156914949417114,0.8927953243255615,0.9176332950592041,0.7737865447998047,0.9169125556945801,0.8790577054023743,0.9119263291358948,0.8929988741874695,0.9046504497528076,0.9165564179420471,0.9047013521194458,0.928564190864563,0.9165564179420471,0.904752254486084,0.8937621116638184,0.8926427364349365,0.9162002801895142,0.9220006465911865,0.6651113033294678,0.8809402585029602,0.8682202100753784,0.8690342903137207,0.8690342903137207,0.8656255006790161,0.5,0.3691869378089905,0.40637537837028503,0.8691360950469971,0.9165055751800537,0.9048030972480774,0.9166073203086853,0.8691360950469971,0.8450697064399719,0.8809402585029602,0.8688308000564575,0.38917961716651917,0.868525505065918,0.7855907082557678,0.867202639579773,0.9048030972480774,0.7735829949378967,0.3689834177494049,nan,21.646329641342163,0.7710968852043152,-385.8603304025134,0.784415066242218

271,0.5945318937301636,0.7852101922035217,0.8258310556411743,0.9166581630706787,0.9158440828323364,0.8927953243255615,0.9176332950592041,0.7737865447998047,0.9168617129325867,0.8790577054023743,0.9115701913833618,0.8930497169494629,0.9046504497528076,0.9165564179420471,0.9047013521194458,0.928564190864563,0.9165564179420471,0.904752254486084,0.8934568166732788,0.8926936388015747,0.9163020253181458,0.9244428873062134,0.6586502194404602,0.8809402585029602,0.8682711124420166,0.8690342903137207,0.8690342903137207,0.8656764030456543,0.5,0.3691869378089905,0.3807343542575836,0.8691360950469971,0.9165564179420471,0.9048030972480774,0.9166073203086853,0.8691360950469971,0.8450697064399719,0.8809402585029602,0.8688816428184509,0.3699488341808319,0.8686272501945496,0.785641610622406,0.8683728575706482,0.9048030972480774,0.7736847400665283,0.3690342903137207,nan,22.45253276824951,0.7718638777732849,-387.06849162491613,0.7852101922035217
272,0.5934946537017822,0.7853096127510071,0.8253999948501587,0.9166581630706787,0.9160476326942444,0.8927953243255615,0.9176332950592041,0.7737865447998047,0.9168108701705933,0.8790577054023743,0.9106543064117432,0.8931515216827393,0.9045995473861694,0.9165564179420471,0.9047013521194458,0.928564190864563,0.9165564179420471,0.904752254486084,0.8932533264160156,0.8926936388015747,0.916149377822876,0.9259184002876282,0.6543766856193542,0.8809402585029602,0.8684237003326416,0.8690342903137207,0.8690342903137207,0.8654220104217529,0.5,0.3691869378089905,0.37432408332824707,0.8691360950469971,0.9165564179420471,0.9048030972480774,0.9166073203086853,0.8691360950469971,0.8450697064399719,0.8809402585029602,0.8688816428184509,0.36140182614326477,0.8688308000564575,0.785641610622406,0.868525505065918,0.9048030972480774,0.7737356424331665,0.3690342903137207,nan,22.21056318283081,0.7719635963439941,-388.2878811321253,0.7853096127510071
273,0.5924727320671082,0.7854090332984924,0.8250624537467957,0.9166581630706787,0.9160984754562378,0.8927953243255615,0.9176332950592041,0.7737865447998047,0.9167599678039551,0.8793120980262756,0.9106543064117432,0.8940165042877197,0.9048030972480774,0.9166073203086853,0.9047013521194458,0.928564190864563,0.9165564179420471,0.9048030972480774,0.8931006193161011,0.8927444815635681,0.9164037704467773,0.926834225654602,0.6458296775817871,0.8809402585029602,0.8684746026992798,0.8690342903137207,0.8690342903137207,0.8653711080551147,0.5,0.3691360652446747,0.3679138422012329,0.8691360950469971,0.9165564179420471,0.9048030972480774,0.9166073203086853,0.8691360950469971,0.8450697064399719,0.8809911608695984,0.8689325451850891,0.3592650890350342,0.8688816428184509,0.785641610622406,0.8685764074325562,0.9048030972480774,0.7737356424331665,0.3690342903137207,nan,22.937132596969604,0.7720682621002197,-389.49181239555895,0.7854090332984924
274,0.5914871096611023,0.7853096127510071,0.8245643377304077,0.9166581630706787,0.9162002801895142,0.8927953243255615,0.9176332950592041,0.7737865447998047,0.9167599678039551,0.8792612552642822,0.9103999137878418,0.894983172416687,0.9050574898719788,0.9166073203086853,0.9047013521194458,0.928564190864563,0.9166073203086853,0.9048030972480774,0.8931006193161011,0.8927953243255615,0.9164037704467773,0.9274448156356812,0.6244621872901917,0.8809402585029602,0.868525505065918,0.8690342903137207,0.8690342903137207,0.8653711080551147,0.5,0.3691360652446747,0.36364033818244934,0.8691360950469971,0.9165564179420471,0.9048030972480774,0.9166073203086853,0.8691360950469971,0.8472575545310974,0.8809911608695984,0.8689325451850891,0.3592650890350342,0.8689325451850891,0.7856924533843994,0.8687798976898193,0.9048030972480774,0.7737865447998047,0.3690342903137207,nan,22.720764636993408,0.7719728350639343,-390.6880305526911,0.7853096127510071
275,0.5905178189277649,0.7850114107131958,0.8244048357009888,0.9166581630706787,0.9163020253181458,0.8927953243255615,0.9176332950592041,0.7737865447998047,0.9167090654373169,0.879362940788269,0.9101455211639404,0.8969166278839111,0.9051592350006104,0.9166073203086853,0.9047013521194458,0.928564190864563,0.9166073203086853,0.9048030972480774,0.8931006193161011,0.8927953243255615,0.9164037704467773,0.9280045032501221,0.6073681712150574,0.8809402585029602,0.8686272501945496,0.8690342903137207,0.8690342903137207,0.8653711080551147,0.5,0.3691360652446747,0.36150357127189636,0.8691360950469971,0.9165564179420471,0.9048030972480774,0.9166073203086853,0.8691360950469971,0.8569756746292114,0.8810420036315918,0.8689325451850891,0.3592650890350342,0.8690342903137207,0.785845160484314,0.8688308000564575,0.9048030972480774,0.7737865447998047,0.3690342903137207,nan,22.441523790359497,0.771793782711029,-391.90244469672496,0.7850114107131958
276,0.589551568031311,0.7851108312606812,0.8236525058746338,0.9166581630706787,0.9163020253181458,0.8927953243255615,0.9176332950592041,0.7737865447998047,0.9167090654373169,0.879566490650177,0.9100437164306641,0.8993080258369446,0.9056171774864197,0.9166073203086853,0.9047013521194458,0.928564190864563,0.9166073203086853,0.9048030972480774,0.8929988741874695,0.8927953243255615,0.9164037704467773,0.9283097982406616,0.5689066052436829,0.8809402585029602,0.8687289953231812,0.8690342903137207,0.8690342903137207,0.8652693629264832,0.5,0.3691360652446747,0.36150357127189636,0.8691360950469971,0.9165564179420471,0.9048030972480774,0.9166073203086853,0.8691360950469971,0.8592144250869751,0.8810420036315918,0.8689833879470825,0.35931596159935,0.8690342903137207,0.7865065336227417,0.8689325451850891,0.9048030972480774,0.7737865447998047,0.3690342903137207,nan,22.389902353286743,0.7718477249145508,-393.12899739324496,0.7851108312606812
277,0.5885800719261169,0.7847132682800293,0.8207226991653442,0.9166581630706787,0.9163528680801392,0.8927953243255615,0.9176332950592041,0.7737865447998047,0.9167090654373169,0.879566490650177,0.9097384810447693,0.9017502665519714,0.9063295125961304,0.9166073203086853,0.9047013521194458,0.928564190864563,0.9166073203086853,0.9048030972480774,0.8929988741874695,0.8927953243255615,0.9165055751800537,0.9284114837646484,0.4278809726238251,0.8809402585029602,0.8688308000564575,0.8690342903137207,0.8690342903137207,0.8651167154312134,0.5,0.3691360652446747,0.35936683416366577,0.8691360950469971,0.9165564179420471,0.9048030972480774,0.9166073203086853,0.8691360950469971,0.8688816428184509,0.88109290599823,0.8689833879470825,0.35931596159935,0.8690342903137207,0.7912893295288086,0.8689833879470825,0.9048030972480774,0.7737865447998047,0.3690342903137207,nan,22.64439606666565,0.7717419862747192,-394.3869273408769,0.7847132682800293
278,0.5875927805900574,0.7845144867897034,0.8182863593101501,0.9166581630706787,0.9165055751800537,0.8927953243255615,0.9176332950592041,0.7737865447998047,0.9167090654373169,0.8797191381454468,0.9098402261734009,0.9028696417808533,0.9070417881011963,0.9166073203086853,0.9047013521194458,0.928564190864563,0.9166073203086853,0.9048030972480774,0.8929988741874695,0.8928462266921997,0.9165055751800537,0.9284623861312866,0.32104337215423584,0.8809402585029602,0.8688816428184509,0.8690342903137207,0.8690342903137207,0.8648114204406738,0.5,0.3691360652446747,0.3572300672531128,0.8691360950469971,0.9165564179420471,0.9048030972480774,0.9166073203086853,0.8691360950469971,0.8689325451850891,0.8812455534934998,0.8689833879470825,0.357179194688797,0.8690342903137207,0.7954614758491516,0.8689833879470825,0.9048030972480774,0.7737865447998047,0.3690851628780365,nan,22.301915407180786,0.7715538144111633,-395.6700561147314,0.7845144867897034
279,0.5865846872329712,0.7851108312606812,0.8175305128097534,0.9166581630706787,0.9165055751800537,0.8927953243255615,0.9175823926925659,0.7737865447998047,0.9167090654373169,0.8798717856407166,0.9092296361923218,0.9038363695144653,0.9081103205680847,0.9166073203086853,0.9047013521194458,0.928564190864563,0.9166073203086853,0.9048030972480774,0.8929480314254761,0.8928462266921997,0.9165055751800537,0.928564190864563,0.2847185730934143,0.8809402585029602,0.8689833879470825,0.8690342903137207,0.8690342903137207,0.8646588325500488,0.5,0.3691360652446747,0.3572300672531128,0.8691360950469971,0.9165564179420471,0.9048030972480774,0.9166073203086853,0.8691360950469971,0.8689325451850891,0.8818560838699341,0.8689833879470825,0.35743358731269836,0.8690342903137207,0.7967844009399414,0.8689833879470825,0.9048030972480774,0.7737865447998047,0.36928868293762207,nan,22.17960286140442,0.7718026638031006,-397.00859134280887,0.7851108312606812
280,0.5856144428253174,0.7845144867897034,0.8172208070755005,0.9166581630706787,0.9165055751800537,0.8927953243255615,0.9176332950592041,0.7737865447998047,0.9167090654373169,0.8801261782646179,0.9089752435684204,0.904548704624176,0.90928053855896,0.9166073203086853,0.9047013521194458,0.928564190864563,0.9166073203086853,0.9048030972480774,0.8929480314254761,0.8928462266921997,0.9165564179420471,0.928564190864563,0.26121431589126587,0.8809402585029602,0.8693395853042603,0.8690342903137207,0.8690342903137207,0.8644043803215027,0.5,0.3691360652446747,0.3572300672531128,0.8691360950469971,0.9166073203086853,0.9048030972480774,0.9166073203086853,0.8691360950469971,0.8754452466964722,0.8828737139701843,0.8689833879470825,0.35743358731269836,0.8690342903137207,0.7970896363258362,0.8689833879470825,0.9048030972480774,0.7737865447998047,0.3697466254234314,nan,21.967427015304565,0.771502673625946,-398.372851678977,0.7845144867897034

281,0.584698498249054,0.7845144867897034,0.8170381784439087,0.9166581630706787,0.9165055751800537,0.8927953243255615,0.9176332950592041,0.7737865447998047,0.9167090654373169,0.8803297281265259,0.9083138704299927,0.9046504497528076,0.91045081615448,0.9166073203086853,0.9047013521194458,0.928564190864563,0.9166073203086853,0.9048030972480774,0.8928971290588379,0.8928462266921997,0.9165055751800537,0.928564190864563,0.24422204494476318,0.8809911608695984,0.8695939779281616,0.8690851926803589,0.8690342903137207,0.8643026351928711,0.5,0.3691360652446747,0.3572300672531128,0.8691360950469971,0.9166073203086853,0.9048030972480774,0.9166073203086853,0.8691360950469971,0.8806858658790588,0.8840948343276978,0.8689833879470825,0.35743358731269836,0.8690342903137207,0.7973440885543823,0.8689833879470825,0.9048030972480774,0.7737865447998047,0.37142565846443176,nan,22.381920099258423,0.7714518904685974,-399.80713798174884,0.7845144867897034
282,0.5838718414306641,0.784613847732544,0.8169965744018555,0.9166581630706787,0.9165055751800537,0.8927953243255615,0.9175823926925659,0.7737865447998047,0.9167090654373169,0.8804314732551575,0.9081103205680847,0.9047013521194458,0.9116210341453552,0.9166073203086853,0.9047013521194458,0.928564190864563,0.9166073203086853,0.9048030972480774,0.8929480314254761,0.8928462266921997,0.9165564179420471,0.928564190864563,0.2366926521062851,0.8809911608695984,0.8700518608093262,0.8690342903137207,0.8690342903137207,0.8641499876976013,0.5,0.3691360652446747,0.3572300672531128,0.8691360950469971,0.9166073203086853,0.9048030972480774,0.9166073203086853,0.8691360950469971,0.8808385133743286,0.8858756422996521,0.8689833879470825,0.35763710737228394,0.8690342903137207,0.7973440885543823,0.8689833879470825,0.9048030972480774,0.7737865447998047,0.373766154050827,nan,22.359147548675537,0.771540641784668,-401.2037857157278,0.784613847732544
283,0.5829755067825317,0.7842162847518921,0.8170763254165649,0.9166581630706787,0.9165055751800537,0.8927953243255615,0.9172771573066711,0.7737865447998047,0.9167090654373169,0.8804823160171509,0.907397985458374,0.9047013521194458,0.9127404093742371,0.9166073203086853,0.9047013521194458,0.928564190864563,0.9166073203086853,0.9048030972480774,0.8928971290588379,0.8928462266921997,0.9165564179420471,0.928564190864563,0.2340981811285019,0.8809911608695984,0.8705607056617737,0.8690851926803589,0.8690342903137207,0.8640991449356079,0.5,0.3691360652446747,0.3572300672531128,0.8691360950469971,0.9166073203086853,0.9048030972480774,0.9166073203086853,0.8691360950469971,0.8808385133743286,0.8883179426193237,0.8689833879470825,0.3578406572341919,0.8690342903137207,0.7974457740783691,0.8689833879470825,0.9048030972480774,0.7737865447998047,0.376615434885025,nan,22.544443368911743,0.7713431119918823,-402.73589390848633,0.7842162847518921
284,0.5822404026985168,0.7841168642044067,0.8171433210372925,0.9166581630706787,0.9165055751800537,0.8927953243255615,0.9174807071685791,0.7737865447998047,0.9167090654373169,0.8805841207504272,0.9072961807250977,0.904752254486084,0.9131983518600464,0.9166073203086853,0.9047013521194458,0.928564190864563,0.9166073203086853,0.9048030972480774,0.8929480314254761,0.8928462266921997,0.9166073203086853,0.928564190864563,0.23033370077610016,0.8809911608695984,0.8715783357620239,0.8690342903137207,0.8690342903137207,0.8639464378356934,0.5,0.3691360652446747,0.3572300672531128,0.8691360950469971,0.9166073203086853,0.9048030972480774,0.9166073203086853,0.8691360950469971,0.8808385133743286,0.8906583786010742,0.8689833879470825,0.3584003150463104,0.8690342903137207,0.7974457740783691,0.8689833879470825,0.9048030972480774,0.7737865447998047,0.3789559304714203,nan,21.919018268585205,0.771084189414978,-404.1548268938382,0.7841168642044067
285,0.5809391140937805,0.784415066242218,0.8173432350158691,0.9166581630706787,0.916149377822876,0.8927953243255615,0.9172263145446777,0.7737865447998047,0.9167090654373169,0.8805332183837891,0.9069909453392029,0.904752254486084,0.914419412612915,0.9166073203086853,0.9047013521194458,0.928564190864563,0.9166073203086853,0.904752254486084,0.8928971290588379,0.8928971290588379,0.9166073203086853,0.928564190864563,0.23531974852085114,0.8809911608695984,0.8725450038909912,0.8690342903137207,0.8690342903137207,0.863539457321167,0.5,0.3691869378089905,0.3572300672531128,0.8690342903137207,0.9164546728134155,0.9048030972480774,0.9166073203086853,0.8691360950469971,0.8808894157409668,0.891777753829956,0.8689833879470825,0.3592143952846527,0.8690342903137207,0.7974966764450073,0.8689833879470825,0.9048030972480774,0.7737356424331665,0.3801770508289337,nan,22.374467372894287,0.7713516354560852,-405.7557420244322,0.784415066242218
286,0.5792257785797119,0.7843156456947327,0.8174761533737183,0.9166581630706787,0.9165564179420471,0.8927953243255615,0.9172263145446777,0.7738373875617981,0.9167090654373169,0.8805332183837891,0.9074997901916504,0.904752254486084,0.9145721197128296,0.9166581630706787,0.904752254486084,0.928564190864563,0.9166581630706787,0.9048030972480774,0.8928971290588379,0.8928971290588379,0.9166581630706787,0.928564190864563,0.23277617990970612,0.8809911608695984,0.8736134767532349,0.8690342903137207,0.8690342903137207,0.8662358522415161,0.5,0.36933958530426025,0.357179194688797,0.8690851926803589,0.9166073203086853,0.9048030972480774,0.9166581630706787,0.8690851926803589,0.8808894157409668,0.8926936388015747,0.8689833879470825,0.3606899380683899,0.8690342903137207,0.7974966764450073,0.8689833879470825,0.9048030972480774,0.7738373875617981,0.38068586587905884,nan,22.10474157333374,0.7713601589202881,-407.4249131081652,0.7843156456947327
287,0.5781784653663635,0.7839180827140808,0.8176021575927734,0.9166581630706787,0.9166073203086853,0.8927953243255615,0.9171754121780396,0.7738373875617981,0.9167090654373169,0.8806858658790588,0.9077541828155518,0.904752254486084,0.9150300025939941,0.9166581630706787,0.904752254486084,0.928564190864563,0.9166581630706787,0.9048030972480774,0.8928971290588379,0.8928971290588379,0.9166581630706787,0.928564190864563,0.23379378020763397,0.8810420036315918,0.8751399517059326,0.8690342903137207,0.8690342903137207,0.8665920495986938,0.5,0.36939045786857605,0.357179194688797,0.8690851926803589,0.9166073203086853,0.9048030972480774,0.9166581630706787,0.8690851926803589,0.8808894157409668,0.8927444815635681,0.8690342903137207,0.36221635341644287,0.8690342903137207,0.7975475788116455,0.8690342903137207,0.9048030972480774,0.7738373875617981,0.38063499331474304,nan,22.22053837776184,0.7709895372390747,-409.18429600918773,0.7839180827140808
288,0.5773600935935974,0.7839180827140808,0.8177651166915894,0.9166581630706787,0.9166073203086853,0.8927953243255615,0.9172263145446777,0.7738373875617981,0.9167090654373169,0.8807876110076904,0.9082629680633545,0.904752254486084,0.9153352975845337,0.9166581630706787,0.904752254486084,0.928564190864563,0.9166581630706787,0.9048030972480774,0.8928971290588379,0.8928971290588379,0.9166581630706787,0.928564190864563,0.23211494088172913,0.8811438083648682,0.8779383301734924,0.8690342903137207,0.8690342903137207,0.8673043251037598,0.5,0.37142565846443176,0.357179194688797,0.8690851926803589,0.9166581630706787,0.9048030972480774,0.9166581630706787,0.8690851926803589,0.8808894157409668,0.8927953243255615,0.8690342903137207,0.364048033952713,0.8690342903137207,0.7975475788116455,0.8690342903137207,0.9048030972480774,0.7738373875617981,0.3809911608695984,nan,21.80113983154297,0.7709895372390747,-410.82223873822807,0.7839180827140808
289,0.5764264464378357,0.7839180827140808,0.8179361820220947,0.9166581630706787,0.9165564179420471,0.8927953243255615,0.9171245098114014,0.7738373875617981,0.9167090654373169,0.8807876110076904,0.9087717533111572,0.904752254486084,0.9157931804656982,0.9166581630706787,0.904752254486084,0.928564190864563,0.9166581630706787,0.9048030972480774,0.8928971290588379,0.8928971290588379,0.9166073203086853,0.928564190864563,0.2323693484067917,0.8813982009887695,0.8794647455215454,0.8690851926803589,0.8690342903137207,0.8674061298370361,0.5,0.3753434419631958,0.357179194688797,0.8690851926803589,0.9166073203086853,0.9048030972480774,0.9166073203086853,0.8690851926803589,0.8808894157409668,0.8927953243255615,0.8690342903137207,0.3648621141910553,0.8690342903137207,0.7975475788116455,0.8690342903137207,0.9048030972480774,0.7738373875617981,0.3809402585029602,nan,22.187182188034058,0.7709895372390747,-412.67245224055137,0.7839180827140808
290,0.575684130191803,0.7841168642044067,0.8180910348892212,0.9166581630706787,0.9166581630706787,0.8927953243255615,0.917073667049408,0.7738373875617981,0.9167090654373169,0.8807876110076904,0.9087717533111572,0.904752254486084,0.9159967303276062,0.9166581630706787,0.904752254486084,0.928564190864563,0.9166581630706787,0.9048030972480774,0.8928971290588379,0.8928971290588379,0.9166581630706787,0.928564190864563,0.23257286846637726,0.8813982009887695,0.8805841207504272,0.8691360950469971,0.8690342903137207,0.867965817451477,0.5,0.3787015378475189,0.357179194688797,0.8690851926803589,0.9166581630706787,0.9048030972480774,0.9166581630706787,0.8690851926803589,0.8808894157409668,0.8928462266921997,0.8690342903137207,0.36587971448898315,0.8690342903137207,0.7975475788116455,0.8690342903137207,0.9048030972480774,0.7738373875617981,0.3809911608695984,nan,22.018040418624878,0.7711818814277649,-414.37980127860675,0.7841168642044067

291,0.5745853781700134,0.7840175032615662,0.8181234002113342,0.9166581630706787,0.9166073203086853,0.8927953243255615,0.917073667049408,0.7738373875617981,0.9167090654373169,0.8808385133743286,0.9097893238067627,0.904752254486084,0.9160984754562378,0.9166581630706787,0.904752254486084,0.928564190864563,0.9166581630706787,0.9048030972480774,0.8928971290588379,0.8928971290588379,0.9166073203086853,0.928564190864563,0.23043611645698547,0.8814999461174011,0.8807876110076904,0.8691869378089905,0.8690342903137207,0.8682202100753784,0.5,0.3803805708885193,0.357179194688797,0.8690851926803589,0.9166073203086853,0.9048030972480774,0.9166073203086853,0.8690851926803589,0.8808894157409668,0.8928462266921997,0.8690342903137207,0.3662867546081543,0.8690342903137207,0.7975475788116455,0.8690342903137207,0.9048030972480774,0.7738373875617981,0.3809402585029602,nan,22.621439456939697,0.7710474729537964,-416.34047689950677,0.7840175032615662
292,0.573710560798645,0.7840175032615662,0.8181869983673096,0.9166581630706787,0.9166581630706787,0.8927953243255615,0.9170228242874146,0.7738373875617981,0.9167090654373169,0.8808385133743286,0.9103490114212036,0.904752254486084,0.9163020253181458,0.9166581630706787,0.904752254486084,0.928564190864563,0.9166581630706787,0.9048030972480774,0.8928971290588379,0.8928971290588379,0.9166581630706787,0.928564190864563,0.23043611645698547,0.882059633731842,0.8808385133743286,0.8693395853042603,0.8690342903137207,0.8684746026992798,0.5,0.3809911608695984,0.357179194688797,0.8690851926803589,0.9166581630706787,0.9048030972480774,0.9166581630706787,0.8690851926803589,0.8808894157409668,0.8928462266921997,0.8690342903137207,0.36654114723205566,0.8690342903137207,0.7975475788116455,0.8690342903137207,0.9048030972480774,0.7738373875617981,0.3809402585029602,nan,21.8985857963562,0.7710329294204712,-418.2377649657402,0.7840175032615662
293,0.5730302929878235,0.7837193012237549,0.8181811571121216,0.9166581630706787,0.9166073203086853,0.8927953243255615,0.9169719219207764,0.7738373875617981,0.9167090654373169,0.8809402585029602,0.910603404045105,0.904752254486084,0.9163020253181458,0.9166581630706787,0.904752254486084,0.928564190864563,0.9166581630706787,0.9048030972480774,0.8928971290588379,0.8928971290588379,0.9166073203086853,0.928564190864563,0.2282993644475937,0.8831790089607239,0.8808385133743286,0.8694413304328918,0.8690342903137207,0.8685764074325562,0.5,0.3809402585029602,0.357179194688797,0.8690851926803589,0.9166073203086853,0.9048030972480774,0.9166073203086853,0.8690851926803589,0.8808894157409668,0.8928462266921997,0.8690342903137207,0.3670499622821808,0.8690342903137207,0.7975475788116455,0.8690342903137207,0.9048030972480774,0.7738373875617981,0.3809911608695984,nan,22.42783260345459,0.7707989811897278,-420.20253164679826,0.7837193012237549
294,0.5722981095314026,0.7837193012237549,0.8182852268218994,0.9166581630706787,0.9166581630706787,0.8927953243255615,0.9168701767921448,0.7738373875617981,0.9167090654373169,0.8809911608695984,0.9118245840072632,0.904752254486084,0.9164546728134155,0.9166581630706787,0.904752254486084,0.928564190864563,0.9166581630706787,0.9048030972480774,0.8928971290588379,0.8928971290588379,0.9166581630706787,0.928564190864563,0.2282993644475937,0.8857738971710205,0.8808894157409668,0.8695939779281616,0.8690342903137207,0.868678092956543,0.5,0.3809911608695984,0.357179194688797,0.8690851926803589,0.9166581630706787,0.9048030972480774,0.9166581630706787,0.8690851926803589,0.8809911608695984,0.8928462266921997,0.8690342903137207,0.3671008348464966,0.8690342903137207,0.7975475788116455,0.8690342903137207,0.9048030972480774,0.7738373875617981,0.3809402585029602,nan,22.132367372512817,0.7707897424697876,-422.24189436624096,0.7837193012237549
295,0.5713102221488953,0.7838187217712402,0.8183915615081787,0.9166581630706787,0.9166581630706787,0.8927953243255615,0.9169210195541382,0.7742953300476074,0.9167090654373169,0.8809911608695984,0.9119771718978882,0.904752254486084,0.9165055751800537,0.9166581630706787,0.904752254486084,0.9286150336265564,0.9166581630706787,0.9048030972480774,0.8928971290588379,0.8928971290588379,0.9166581630706787,0.928564190864563,0.2282993644475937,0.8889793157577515,0.8809402585029602,0.8696448802947998,0.8690342903137207,0.8688308000564575,0.5,0.3809911608695984,0.357179194688797,0.8690851926803589,0.9166581630706787,0.9048030972480774,0.9166581630706787,0.8690851926803589,0.88109290599823,0.8928462266921997,0.8690342903137207,0.36740612983703613,0.8690342903137207,0.7975475788116455,0.8690342903137207,0.9048030972480774,0.7738373875617981,0.3809911608695984,nan,22.54972767829895,0.7709036469459534,-424.2292761226829,0.7838187217712402
296,0.5701656341552734,0.7839180827140808,0.8189336061477661,0.9166581630706787,0.9166581630706787,0.8927953243255615,0.9168193340301514,0.7926121950149536,0.9167090654373169,0.8809911608695984,0.9127912521362305,0.904752254486084,0.9165564179420471,0.9166581630706787,0.904752254486084,0.928564190864563,0.9166581630706787,0.9048030972480774,0.8928971290588379,0.8928971290588379,0.9166581630706787,0.928564190864563,0.2282993644475937,0.8914724588394165,0.8809402585029602,0.8706624507904053,0.8690342903137207,0.8688816428184509,0.5,0.3810420334339142,0.357179194688797,0.8690851926803589,0.9166581630706787,0.9048030972480774,0.9166581630706787,0.8690851926803589,0.8821104764938354,0.8928462266921997,0.8690342903137207,0.3676605224609375,0.8690342903137207,0.7975475788116455,0.8690342903137207,0.9048030972480774,0.7738373875617981,0.3809402585029602,nan,22.079915285110474,0.7710297107696533,-426.3895170611613,0.7839180827140808
297,0.5693832635879517,0.7838187217712402,0.8198939561843872,0.9166581630706787,0.9166581630706787,0.8927953243255615,0.9167684316635132,0.8262948989868164,0.9167090654373169,0.8809911608695984,0.9134527444839478,0.904752254486084,0.9166073203086853,0.9166581630706787,0.904752254486084,0.928564190864563,0.9166581630706787,0.9048030972480774,0.8928971290588379,0.8928971290588379,0.9166581630706787,0.928564190864563,0.2282993644475937,0.892337441444397,0.8809402585029602,0.8721380233764648,0.8690342903137207,0.8689833879470825,0.5,0.3809911608695984,0.357179194688797,0.8690851926803589,0.9166581630706787,0.9048030972480774,0.9166581630706787,0.8690851926803589,0.8874529600143433,0.8928462266921997,0.8690342903137207,0.36786404252052307,0.8690342903137207,0.7975475788116455,0.8690342903137207,0.9048030972480774,0.7738373875617981,0.3809402585029602,nan,22.26147985458374,0.7709930539131165,-428.59931692069006,0.7838187217712402
298,0.5686647295951843,0.7837193012237549,0.8206833600997925,0.9166581630706787,0.9166581630706787,0.8927953243255615,0.9169210195541382,0.8527017831802368,0.9167090654373169,0.8809911608695984,0.9137580394744873,0.904752254486084,0.9166581630706787,0.9166581630706787,0.904752254486084,0.928564190864563,0.9166581630706787,0.9048030972480774,0.8928971290588379,0.8928971290588379,0.9166581630706787,0.928564190864563,0.2282993644475937,0.8926936388015747,0.8809402585029602,0.8739696741104126,0.8690342903137207,0.8689833879470825,0.5,0.3810420334339142,0.357179194688797,0.8690851926803589,0.9166581630706787,0.9048030972480774,0.9166581630706787,0.8690851926803589,0.8926427364349365,0.8928462266921997,0.8689833879470825,0.36832195520401,0.8690342903137207,0.7975475788116455,0.8689833879470825,0.9048030972480774,0.7738373875617981,0.3809911608695984,nan,22.43822431564331,0.7709175944328308,-430.65321854072965,0.7837193012237549
299,1.0915374755859375,0.7134479880332947,0.815719485282898,0.9170652627944946,0.8995630741119385,0.8847571611404419,0.920634925365448,0.8490911722183228,0.9108078479766846,0.8827719688415527,0.8993082046508789,0.9041925668716431,0.9044469594955444,0.9083139896392822,0.8998686075210571,0.926020622253418,0.9108069539070129,0.8970190286636353,0.8923887610435486,0.8944743871688843,0.9064314365386963,0.9262747764587402,0.25505974888801575,0.8905057907104492,0.8753945231437683,0.873613715171814,0.8366268277168274,0.8538734912872314,0.5,0.38490891456604004,0.3884168565273285,0.8208557367324829,0.902361273765564,0.892288088798523,0.9035313129425049,0.8596733808517456,0.8863335847854614,0.8934059143066406,0.8642515540122986,0.37056005001068115,0.8583505153656006,0.7926632761955261,0.8655235767364502,0.906075119972229,0.7697669267654419,0.3845018744468689,nan,22.20927906036377,0.7017863988876343,-412.9239883779259,0.7134479880332947
300,0.8385945558547974,0.7450551390647888,0.81744384765625,0.9172687530517578,0.9108071327209473,0.8865377306938171,0.9198718070983887,0.8097090125083923,0.916709303855896,0.8798210620880127,0.9025647640228271,0.9045995473861694,0.907907247543335,0.9141650199890137,0.897324800491333,0.9280555248260498,0.9145212173461914,0.9000716805458069,0.8968149423599243,0.8937112092971802,0.9094336032867432,0.928920328617096,0.24946336448192596,0.8899461030960083,0.8752927780151367,0.8762084245681763,0.8545858263969421,0.8647607564926147,0.5,0.383586049079895,0.3782925605773926,0.8701536655426025,0.9111124277114868,0.8793148994445801,0.9107054471969604,0.8588593006134033,0.8840439319610596,0.8926427364349365,0.867355227470398,0.36165666580200195,0.8630310297012329,0.7962247133255005,0.8671517372131348,0.9063804149627686,0.7725144624710083,0.38475629687309265,nan,21.947398900985718,0.7304543852806091,-416.4726645975176,0.7450551390647888

301,0.6209477186203003,0.7729848027229309,0.8182424306869507,0.9168108701705933,0.914979100227356,0.8930497169494629,0.9187016487121582,0.7736338376998901,0.917675793170929,0.8803297281265259,0.9075506329536438,0.9044978022575378,0.9118247628211975,0.9158440828323364,0.9022595286369324,0.9289711713790894,0.9159458875656128,0.9005296230316162,0.8956446647644043,0.8925409317016602,0.9156405925750732,0.9285132884979248,0.23689725995063782,0.8905057907104492,0.8779891729354858,0.8761066198348999,0.8584014177322388,0.8679149150848389,0.5,0.38139820098876953,0.3639456331729889,0.8693904876708984,0.9152335524559021,0.906075119972229,0.9151318073272705,0.8690342903137207,0.8894372582435608,0.8926936388015747,0.868678092956543,0.36094412207603455,0.8694921731948853,0.7952072620391846,0.8686272501945496,0.905871570110321,0.7735829949378967,0.38267019391059875,nan,21.53851842880249,0.7592073678970337,-425.03634271374307,0.7729848027229309
302,0.585473358631134,0.7808368802070618,0.8183706998825073,0.9167090654373169,0.9159458875656128,0.8927444815635681,0.9177858829498291,0.7739391326904297,0.917319655418396,0.8804823160171509,0.9096876382827759,0.904752254486084,0.9158949851989746,0.916149377822876,0.9056680202484131,0.9286658763885498,0.9140634536743164,0.9047013521194458,0.8943217992782593,0.8925409317016602,0.916149377822876,0.928564190864563,0.23074139654636383,0.8913198709487915,0.8798209428787231,0.8766154050827026,0.8647607564926147,0.8661342859268188,0.5,0.38124555349349976,0.35738271474838257,0.8692377805709839,0.9160984754562378,0.9053627848625183,0.9160476326942444,0.8690342903137207,0.8871985673904419,0.8927953243255615,0.8687798976898193,0.3606899380683899,0.8692886829376221,0.7973440885543823,0.8689325451850891,0.9054645299911499,0.7737356424331665,0.3817034661769867,nan,22.23097252845764,0.7673265337944031,-428.3405696928424,0.7808368802070618
303,0.6160836815834045,0.7766623497009277,0.8183834552764893,0.9167090654373169,0.9135546684265137,0.8926936388015747,0.9175823926925659,0.7735829949378967,0.9172178506851196,0.8810420036315918,0.9111630916595459,0.9044978022575378,0.9153861999511719,0.9160476326942444,0.906075119972229,0.9288694858551025,0.9160984754562378,0.9051083326339722,0.8954411745071411,0.8934568166732788,0.9159458875656128,0.9286150336265564,0.23872871696949005,0.890607476234436,0.8798209428787231,0.8751399517059326,0.8690851926803589,0.8688308000564575,0.5,0.38211050629615784,0.3624702990055084,0.8651678562164307,0.91365647315979,0.8945772647857666,0.9156405925750732,0.8650660514831543,0.8889284729957581,0.8933550119400024,0.8683728575706482,0.3604355454444885,0.8692377805709839,0.7970387935638428,0.86832195520401,0.9056680202484131,0.7734812498092651,0.3816017210483551,nan,22.17743968963623,0.7635219693183899,-427.1435524064923,0.7766623497009277
304,0.5828866362571716,0.7804393172264099,0.819021463394165,0.9167090654373169,0.9162511825561523,0.8927444815635681,0.9184472560882568,0.7855907082557678,0.9178284406661987,0.8805332183837891,0.9043451547622681,0.9048539400100708,0.9162002801895142,0.9164546728134155,0.906075119972229,0.928716778755188,0.9165055751800537,0.904904842376709,0.893660306930542,0.8928462266921997,0.9164546728134155,0.928564190864563,0.23679549992084503,0.8914215564727783,0.8799735307693481,0.8761575222015381,0.8647099137306213,0.86832195520401,0.5,0.3815508186817169,0.3598756492137909,0.8692377805709839,0.9164037704467773,0.9053118824958801,0.9164037704467773,0.8692377805709839,0.8897425532341003,0.8932024240493774,0.8688816428184509,0.36257249116897583,0.8695430755615234,0.7973440885543823,0.8688308000564575,0.9056171774864197,0.7738373875617981,0.3814999461174011,nan,22.72072744369507,0.7667818069458008,-429.1817782134449,0.7804393172264099
305,0.5743758678436279,0.7831229567527771,0.8187741041183472,0.9167599678039551,0.9162002801895142,0.8927953243255615,0.9179894328117371,0.7796376943588257,0.9173704981803894,0.8802279233932495,0.9054645299911499,0.9046504497528076,0.9160476326942444,0.9166073203086853,0.9055663347244263,0.9287676811218262,0.9166073203086853,0.9047013521194458,0.8933550119400024,0.8927953243255615,0.9166073203086853,0.9285132884979248,0.23048700392246246,0.8909127712249756,0.8799735307693481,0.8761066198348999,0.8691360950469971,0.8682202100753784,0.5,0.3810420334339142,0.35738271474838257,0.8689833879470825,0.9163020253181458,0.9050574898719788,0.9162511825561523,0.8690851926803589,0.8916251063346863,0.8926427364349365,0.8691360950469971,0.36394625902175903,0.8691360950469971,0.7974457740783691,0.8689833879470825,0.9051592350006104,0.7738373875617981,0.38185611367225647,nan,21.89197325706482,0.7700867652893066,-431.04096223971277,0.7831229567527771
306,0.5697765350341797,0.7842162847518921,0.8196466565132141,0.9166581630706787,0.9163020253181458,0.8927953243255615,0.9179894328117371,0.8173400163650513,0.9172178506851196,0.8804314732551575,0.9070417881011963,0.904752254486084,0.9162511825561523,0.9166073203086853,0.9054645299911499,0.928564190864563,0.9166073203086853,0.904752254486084,0.893304169178009,0.8928462266921997,0.9166073203086853,0.928564190864563,0.22835025191307068,0.8913707137107849,0.8802788257598877,0.8764628171920776,0.8668975234031677,0.8682711124420166,0.5,0.3810420334339142,0.357280969619751,0.8690851926803589,0.9164546728134155,0.9050066471099854,0.9163528680801392,0.8690851926803589,0.8924900889396667,0.8928971290588379,0.8692377805709839,0.365574449300766,0.8690851926803589,0.7974966764450073,0.8690851926803589,0.904904842376709,0.7738373875617981,0.38124555349349976,nan,22.321818351745605,0.7712817788124084,-432.28488068485365,0.7842162847518921
307,0.5694513320922852,0.7840175032615662,0.8206486701965332,0.9167090654373169,0.9163020253181458,0.8927953243255615,0.9178876876831055,0.8599776029586792,0.9172687530517578,0.8804823160171509,0.9081611633300781,0.9048030972480774,0.9162002801895142,0.9166073203086853,0.9055154323577881,0.9286658763885498,0.9166073203086853,0.9026154279708862,0.8931006193161011,0.8927953243255615,0.9166073203086853,0.9286150336265564,0.22835025191307068,0.8915233612060547,0.8804314732551575,0.8768698573112488,0.8690342903137207,0.8682711124420166,0.5,0.38119468092918396,0.35743358731269836,0.8691360950469971,0.9164546728134155,0.9051083326339722,0.9163020253181458,0.8690851926803589,0.8926427364349365,0.8928462266921997,0.8690342903137207,0.3649129867553711,0.8690851926803589,0.7975475788116455,0.8689325451850891,0.9050574898719788,0.7738373875617981,0.38119468092918396,nan,21.94346809387207,0.7710325717926025,-433.27395897719225,0.7840175032615662
308,0.5673239231109619,0.7852101922035217,0.8208625316619873,0.9166581630706787,0.9163020253181458,0.8927953243255615,0.9178876876831055,0.8690851926803589,0.917116105556488,0.8806350231170654,0.9053118824958801,0.904752254486084,0.9163528680801392,0.9166581630706787,0.9053627848625183,0.928564190864563,0.9166581630706787,0.9047013521194458,0.8929988741874695,0.8927953243255615,0.9166581630706787,0.928564190864563,0.22840112447738647,0.8917268514633179,0.8805332183837891,0.8775821924209595,0.8690342903137207,0.8684746026992798,0.5,0.3809911608695984,0.357280969619751,0.8690342903137207,0.9165055751800537,0.9051083326339722,0.9165055751800537,0.8690342903137207,0.8927444815635681,0.8928462266921997,0.8690851926803589,0.36521828174591064,0.8690851926803589,0.7975475788116455,0.8690342903137207,0.9048539400100708,0.7738373875617981,0.3810420334339142,nan,22.565242052078247,0.7721481919288635,-434.24055264837614,0.7852101922035217
309,0.5663583874702454,0.7847132682800293,0.8209826946258545,0.9166581630706787,0.9163528680801392,0.8927953243255615,0.9179385304450989,0.8690851926803589,0.917116105556488,0.8806858658790588,0.9082629680633545,0.904752254486084,0.9164546728134155,0.9166581630706787,0.9055154323577881,0.928564190864563,0.9166581630706787,0.904752254486084,0.8929988741874695,0.8927953243255615,0.9166581630706787,0.928564190864563,0.22840112447738647,0.8918795585632324,0.8806858658790588,0.8779383301734924,0.8690342903137207,0.8686272501945496,0.5,0.3809911608695984,0.357179194688797,0.8690851926803589,0.9165055751800537,0.9050066471099854,0.9165055751800537,0.8690851926803589,0.8927444815635681,0.8928462266921997,0.8691360950469971,0.3663376271724701,0.8690342903137207,0.7975475788116455,0.8690342903137207,0.9048539400100708,0.7738373875617981,0.38109290599823,nan,21.777371644973755,0.77176433801651,-435.1487709153849,0.7847132682800293
310,0.5656445622444153,0.7851108312606812,0.8210577964782715,0.9166581630706787,0.9163020253181458,0.8927953243255615,0.9179385304450989,0.8690851926803589,0.917116105556488,0.8807876110076904,0.9095858335494995,0.904752254486084,0.9164037704467773,0.9166581630706787,0.9059224724769592,0.928564190864563,0.9166581630706787,0.9048030972480774,0.8929988741874695,0.8928971290588379,0.9166581630706787,0.928564190864563,0.22835025191307068,0.8921847939491272,0.8808385133743286,0.8782944679260254,0.8690342903137207,0.8687289953231812,0.5,0.3809911608695984,0.357179194688797,0.8690851926803589,0.9165055751800537,0.9050066471099854,0.9164546728134155,0.8690851926803589,0.8927953243255615,0.8928462266921997,0.8692377805709839,0.3667955696582794,0.8690342903137207,0.7975475788116455,0.8690851926803589,0.9048539400100708,0.7738373875617981,0.3810420334339142,nan,21.673431158065796,0.7718362212181091,-436.0497709091728,0.7851108312606812

311,0.5650501847267151,0.784613847732544,0.8210994005203247,0.9166581630706787,0.9162511825561523,0.8927953243255615,0.9179894328117371,0.8690851926803589,0.9170652627944946,0.8808385133743286,0.9099928736686707,0.904752254486084,0.9164037704467773,0.9166581630706787,0.9063295125961304,0.928564190864563,0.9166581630706787,0.9048030972480774,0.8929988741874695,0.8928971290588379,0.9166581630706787,0.928564190864563,0.2282993644475937,0.8923883438110352,0.8808385133743286,0.8787524104118347,0.8690342903137207,0.8687798976898193,0.5,0.3809911608695984,0.357179194688797,0.8690851926803589,0.9165055751800537,0.9049557447433472,0.9164546728134155,0.8690851926803589,0.8927953243255615,0.8928462266921997,0.8692886829376221,0.36720260977745056,0.8690342903137207,0.7975475788116455,0.8690851926803589,0.9048030972480774,0.7738373875617981,0.3810420334339142,nan,21.712037801742554,0.7715241312980652,-436.9579361791509,0.784613847732544
312,0.5644930601119995,0.7842162847518921,0.8211595416069031,0.9166581630706787,0.9162002801895142,0.8927953243255615,0.9179894328117371,0.8690851926803589,0.9170652627944946,0.8809402585029602,0.910603404045105,0.904752254486084,0.9163528680801392,0.9166581630706787,0.9073470830917358,0.928564190864563,0.9166581630706787,0.9048030972480774,0.8929988741874695,0.8928971290588379,0.9166581630706787,0.928564190864563,0.2282993644475937,0.8924900889396667,0.8809402585029602,0.8791085481643677,0.8690342903137207,0.8688308000564575,0.5,0.3809911608695984,0.357179194688797,0.8690851926803589,0.9165564179420471,0.904904842376709,0.9164037704467773,0.8690851926803589,0.8927953243255615,0.8928462266921997,0.8693395853042603,0.3676096498966217,0.8690342903137207,0.7975475788116455,0.8690851926803589,0.9048030972480774,0.7738373875617981,0.3810420334339142,nan,21.83388042449951,0.7713566422462463,-437.8782766918671,0.7842162847518921

