epoch,loss,accuracy,balanced_accuracy,balanced_accuracy_A13,balanced_accuracy_A14,balanced_accuracy_A15b,balanced_accuracy_A16,balanced_accuracy_A17a,balanced_accuracy_A19a,balanced_accuracy_A1a,balanced_accuracy_A1b,balanced_accuracy_A1c,balanced_accuracy_A32,balanced_accuracy_A33,balanced_accuracy_A34,balanced_accuracy_A4b2,balanced_accuracy_A7a,balanced_accuracy_A9,balanced_accuracy_B1,balanced_accuracy_B2a,balanced_accuracy_B3,balanced_accuracy_C13aa,balanced_accuracy_C13bb,balanced_accuracy_C14_100,balanced_accuracy_C14_120,balanced_accuracy_C14_20,balanced_accuracy_C14_30,balanced_accuracy_C14_50,balanced_accuracy_C14_60,balanced_accuracy_C14_70,balanced_accuracy_C14_80,balanced_accuracy_C17a,balanced_accuracy_C17b_80,balanced_accuracy_C17c,balanced_accuracy_C17d,balanced_accuracy_C1a,balanced_accuracy_C2,balanced_accuracy_C3e3,balanced_accuracy_D1a1,balanced_accuracy_D1a4,balanced_accuracy_D1a5,balanced_accuracy_D1a6,balanced_accuracy_D1a7,balanced_accuracy_D2a1,balanced_accuracy_D2a2,balanced_accuracy_D3,balanced_accuracy_invalid,epoch_elapsed,f1,recall
0,2.7262659072875977,0.45036765933036804,0.6794844269752502,0.5,0.5,0.5,0.5,0.5,0.5,0.5,0.5,0.5,0.5,0.5,0.5,0.5,0.5,0.5,0.5,0.5,0.5,0.5,0.5,0.5,0.5,0.5,0.5,0.5,0.5,0.5,0.5,0.5,0.5,0.5,0.5,0.5,0.5,0.5,0.5,0.5,0.5,0.5,0.5,0.5,0.5,0.5,0.5216541290283203,5.975616455078125,0.014788280241191387,0.45036765933036804
1,1.9878263473510742,0.5042279362678528,0.7467702627182007,0.5,0.5,0.5,0.5,0.5,0.5,0.5,0.5,0.5,0.5,0.5,0.5,0.5,0.5,0.5,0.5,0.5,0.5,0.5,0.5,0.5,0.5,0.5,0.49433213472366333,0.5,0.5,0.5,0.5145386457443237,0.5,0.5,0.5,0.5,0.5,0.5,0.5,0.5,0.5,0.5,0.5,0.5,0.5,0.5,0.5,0.5,5.744845390319824,0.015236688777804375,0.5042279362678528

2,1.8283936977386475,0.4988970458507538,0.7746857404708862,0.5,0.5,0.5,0.5,0.5,0.5,0.5,0.5,0.5,0.5,0.5,0.5,0.5,0.5,0.5,0.5,0.5,0.5,0.5,0.5,0.6820858716964722,0.6248475909233093,0.4632730782032013,0.4390465319156647,0.6390005946159363,0.5554569959640503,0.5009734034538269,0.9254918694496155,0.5,0.5,0.5,0.5,0.5,0.5,0.5,0.5,0.5,0.5,0.5,0.5,0.5,0.5,0.5,0.5,5.994917392730713,0.01838512159883976,0.4988970458507538
3,1.5654222965240479,0.5356617569923401,0.838791012763977,0.5,0.5,0.5,0.5,0.5,0.5,0.5,0.5,0.5,0.5,0.5,0.5,0.5,0.5,0.5,0.5,0.5,0.5,0.5,0.5,0.900857150554657,0.9004757404327393,0.5819994807243347,0.6789404153823853,0.901177167892456,0.70444655418396,0.8134310245513916,0.9116920232772827,0.5,0.5,0.5,0.5,0.5,0.5,0.5,0.5,0.5,0.5,0.5,0.5,0.5,0.5,0.5,0.5057101845741272,6.068301200866699,0.03408023715019226,0.5356617569923401

4,1.3820405006408691,0.565625011920929,0.8446605205535889,0.5,0.5,0.5,0.5,0.5,0.5,0.5,0.5,0.5,0.5,0.5,0.5,0.5,0.5,0.5,0.5,0.5,0.5,0.5,0.5,0.9158914089202881,0.9107651710510254,0.668310284614563,0.6815769672393799,0.9096853733062744,0.6830195784568787,0.897284984588623,0.9287751913070679,0.5,0.4921267032623291,0.5,0.5,0.5,0.5,0.5,0.5,0.5,0.5,0.5,0.5,0.5,0.5,0.5,0.5829181671142578,5.865471363067627,0.05414850264787674,0.565625011920929

5,1.2615717649459839,0.5884191393852234,0.8528407216072083,0.5,0.5,0.5,0.5,0.5,0.5,0.5,0.5,0.5,0.5,0.5,0.5,0.5,0.5,0.5,0.5,0.5,0.5,0.5,0.5545711517333984,0.9202319979667664,0.9117423295974731,0.6586968898773193,0.7027978897094727,0.9143913984298706,0.6980773210525513,0.8991820812225342,0.9503310918807983,0.5,0.7658252716064453,0.5,0.5,0.5,0.5,0.8310924768447876,0.5,0.5370548963546753,0.5,0.5,0.5,0.5,0.5,0.5,0.6650210618972778,5.8598997592926025,0.07784310728311539,0.5884191393852234

6,1.0948015451431274,0.6474264860153198,0.8707699179649353,0.5,0.5,0.5,0.5,0.5,0.5,0.5,0.5,0.5,0.5,0.5,0.5,0.5,0.5,0.5,0.5528899431228638,0.5145726203918457,0.5,0.6305913329124451,0.8451269865036011,0.9349801540374756,0.9161272048950195,0.66068035364151,0.7159305214881897,0.9320847392082214,0.7097111344337463,0.907752275466919,0.9654549360275269,0.5,0.9719903469085693,0.5,0.5,0.5,0.5,0.737700343132019,0.7349690198898315,0.9430743455886841,0.6416279077529907,0.5,0.5422635674476624,0.826724648475647,0.5,0.5,0.701928973197937,5.797062873840332,0.1259026825428009,0.6474264860153198

7,0.9940856695175171,0.6882352828979492,0.8890090584754944,0.5,0.49704524874687195,0.5,0.5,0.5,0.5,0.5,0.5,0.5,0.5,0.5,0.5,0.5,0.5,0.5,0.9725914001464844,0.7487506866455078,0.5,0.8533707857131958,0.9903630018234253,0.9434518218040466,0.9259611368179321,0.6793313026428223,0.7270821332931519,0.9327819347381592,0.7286851406097412,0.9115633368492126,0.9761320352554321,0.6582005620002747,0.9788315892219543,0.5,0.5,0.5,0.5,0.7377969026565552,0.9745116233825684,0.914375901222229,0.9829250574111938,0.4853159785270691,0.9452986717224121,0.8725581169128418,0.5,0.6514462232589722,0.6985353827476501,5.847034931182861,0.17470574378967285,0.6882352828979492

8,0.8874861001968384,0.7284926176071167,0.90022873878479,0.49972349405288696,0.9142382144927979,0.6885801553726196,0.7338739633560181,0.550391435623169,0.7717818021774292,0.8891573548316956,0.7636324167251587,0.5,0.5,0.5,0.9553483724594116,0.5492619872093201,0.915099561214447,0.7581355571746826,0.9722068309783936,0.7434613108634949,0.5,0.963049590587616,0.991213321685791,0.9461054801940918,0.9360288381576538,0.6891406774520874,0.7279105186462402,0.9348033666610718,0.7294832468032837,0.929347813129425,0.9734985828399658,0.8229968547821045,0.9663568735122681,0.5,0.5,0.5,0.5,0.7351457476615906,0.9678345918655396,0.7408304214477539,0.9682333469390869,0.4915693998336792,0.9624255895614624,0.8146224021911621,0.5,0.9585886597633362,0.7192332148551941,5.722335338592529,0.21516799926757812,0.7284926176071167

9,0.8256053924560547,0.7628676295280457,0.9123247265815735,0.7985239624977112,0.9698928594589233,0.8567915558815002,0.7615476250648499,0.9708540439605713,0.9703929424285889,0.9701589345932007,0.9693726897239685,0.7031767964363098,0.5,0.7097386121749878,0.9432660937309265,0.9729405641555786,0.946494460105896,0.9716842174530029,0.969436764717102,0.7437939643859863,0.5,0.9566316604614258,0.9951483607292175,0.9614944458007812,0.9448766708374023,0.6980900168418884,0.7267630100250244,0.9402204751968384,0.7287910580635071,0.9398025274276733,0.9766932725906372,0.8534021973609924,0.981217622756958,0.5,0.5,0.6587560772895813,0.9437978267669678,0.7281734943389893,0.9608299136161804,0.8242064118385315,0.9558796286582947,0.6192688941955566,0.9763319492340088,0.8523783087730408,0.853827714920044,0.9544947147369385,0.7373086214065552,5.678839683532715,0.2711888551712036,0.7628676295280457

10,0.7583668231964111,0.7808823585510254,0.9249829053878784,0.9701051712036133,0.9688421487808228,0.7459293603897095,0.9717764258384705,0.9492780566215515,0.9692577123641968,0.96861732006073,0.9688019156455994,0.9705501794815063,0.8009225130081177,0.9107294082641602,0.9360675811767578,0.968888521194458,0.9696606397628784,0.9701589345932007,0.9685133695602417,0.7702552676200867,0.5,0.9678111672401428,0.9950383901596069,0.9606784582138062,0.9519230723381042,0.697098970413208,0.7294878959655762,0.9467861652374268,0.7311571836471558,0.9368001222610474,0.9794442653656006,0.9702787399291992,0.9768518209457397,0.5,0.5,0.905502438545227,0.9979720115661621,0.7330033779144287,0.9566227197647095,0.8484679460525513,0.9567441940307617,0.925712525844574,0.9710306525230408,0.8485130071640015,0.9552626609802246,0.9567567706108093,0.7465327382087708,5.592589616775513,0.3037335276603699,0.7808823585510254

11,0.7055935859680176,0.7852941155433655,0.9233797788619995,0.9728531837463379,0.9725914001464844,0.9175171256065369,0.9724271297454834,0.9722427129745483,0.9725862741470337,0.972063422203064,0.9724990725517273,0.9722375869750977,0.9729654788970947,0.9723247289657593,0.8227440118789673,0.9731103181838989,0.9719970226287842,0.9719763994216919,0.9725862741470337,0.7410118579864502,0.5,0.9626404643058777,0.9957009553909302,0.9632018208503723,0.9624761939048767,0.6963539719581604,0.7272987365722656,0.9533954858779907,0.7290076017379761,0.9389734268188477,0.9778685569763184,0.9710385799407959,0.9811897277832031,0.5,0.5,0.5300986170768738,0.9986155033111572,0.7363653182983398,0.9619736671447754,0.8683475852012634,0.9559590220451355,0.9519731998443604,0.96690833568573,0.7836154103279114,0.9417999386787415,0.954401969909668,0.7271681427955627,5.679693937301636,0.3224041759967804,0.7852941155433655

12,0.6621811985969543,0.7957720756530762,0.9269237518310547,0.9707077741622925,0.97062087059021,0.9704688191413879,0.970099687576294,0.9700294733047485,0.9701864719390869,0.9700294733047485,0.9695796370506287,0.9702787399291992,0.9248297214508057,0.969763994216919,0.9716737270355225,0.9696662425994873,0.9507323503494263,0.9701107144355774,0.9699262380599976,0.80521160364151,0.5,0.9555951952934265,0.9953209757804871,0.9676252007484436,0.9614946842193604,0.6984187364578247,0.7335180640220642,0.9562238454818726,0.7355120778083801,0.9387016892433167,0.9771736860275269,0.9697893857955933,0.9843518733978271,0.5,0.5,0.49703922867774963,0.99639892578125,0.7791262269020081,0.9722377061843872,0.8628942370414734,0.9592310190200806,0.925967276096344,0.9657317996025085,0.8644903302192688,0.9234209060668945,0.9592709541320801,0.7365361452102661,5.763365030288696,0.3345745801925659,0.7957720756530762

13,0.6231548190116882,0.8014705777168274,0.927190899848938,0.9724017381668091,0.9724888801574707,0.9719049334526062,0.9717206954956055,0.9725761413574219,0.9718790054321289,0.9723144769668579,0.9724888801574707,0.9722273349761963,0.9722273349761963,0.9725761413574219,0.9724017381668091,0.9723144769668579,0.9298698306083679,0.9726634621620178,0.972191572189331,0.7856745719909668,0.4984334707260132,0.966119110584259,0.9966304898262024,0.9688331484794617,0.9618363976478577,0.6924028992652893,0.7217358350753784,0.9595805406570435,0.7231820821762085,0.9361016750335693,0.9779230356216431,0.9712569713592529,0.983345627784729,0.5,0.52472323179245,0.4999074637889862,0.996955156326294,0.7864894866943359,0.9589753150939941,0.8873396515846252,0.9666604995727539,0.9567522406578064,0.9737869501113892,0.8639575839042664,0.9385412931442261,0.9549508094787598,0.712114691734314,5.815409421920776,0.3440665304660797,0.8014705777168274
14,0.6007763743400574,0.793749988079071,0.9309914112091064,0.9699907302856445,0.9697304964065552,0.9702897071838379,0.9699428081512451,0.9694762229919434,0.9704306125640869,0.9699039459228516,0.9696550369262695,0.9691357612609863,0.9698172807693481,0.9695571660995483,0.9698283672332764,0.9698172807693481,0.9286988973617554,0.9698228240013123,0.9711041450500488,0.7809373736381531,0.49411332607269287,0.9704893827438354,0.9962666034698486,0.9677817821502686,0.9657819867134094,0.6920434832572937,0.722148060798645,0.9598636627197266,0.7247662544250488,0.9412209391593933,0.9790282845497131,0.9713969230651855,0.9832748174667358,0.5,0.7805780172348022,0.5951852202415466,0.9975055456161499,0.8729240894317627,0.9669138193130493,0.9040141105651855,0.9677868485450745,0.960736870765686,0.967849850654602,0.8886308670043945,0.9343987703323364,0.9585809707641602,0.7040243148803711,5.724810838699341,0.3351122736930847,0.793749988079071
15,0.574130117893219,0.8088235259056091,0.9344583749771118,0.9706804752349854,0.971288800239563,0.9714734554290771,0.9711360931396484,0.9712070822715759,0.9707672595977783,0.9711148142814636,0.9712940454483032,0.9709570407867432,0.9708540439605713,0.9712017774581909,0.971985936164856,0.9704256057739258,0.9706966876983643,0.9711201190948486,0.9710332155227661,0.8221420645713806,0.5,0.9658095836639404,0.9954145550727844,0.9686609506607056,0.9625546336174011,0.6945606470108032,0.7251045107841492,0.9557758569717407,0.7278264164924622,0.9410197734832764,0.9803142547607422,0.9928927421569824,0.9846210479736328,0.5,0.5768309831619263,0.6339593529701233,0.9970479607582092,0.8804978132247925,0.9741042852401733,0.9163261651992798,0.9583333730697632,0.9617816209793091,0.9722428321838379,0.8926311731338501,0.929659903049469,0.9554234743118286,0.6964609622955322,5.752885341644287,0.3693387508392334,0.8088235259056091

16,0.5461133122444153,0.8163602948188782,0.9367817640304565,0.9708156585693359,0.9717608094215393,0.9719401597976685,0.9718635082244873,0.971418023109436,0.9722017049789429,0.9722838401794434,0.9721145033836365,0.971771240234375,0.9709077477455139,0.9715049862861633,0.9721965789794922,0.9718582630157471,0.9714232683181763,0.971244215965271,0.972109317779541,0.8808069229125977,0.4831336438655853,0.9684004783630371,0.9957998991012573,0.9635071158409119,0.9639725685119629,0.6949379444122314,0.7278950214385986,0.9552295804023743,0.7303744554519653,0.9395437240600586,0.9828702211380005,0.9998155236244202,0.9814164638519287,0.6895627379417419,0.889162003993988,0.5840491652488708,0.9970452785491943,0.8887850046157837,0.9713464379310608,0.9258022308349609,0.9634894132614136,0.9652674198150635,0.9780709743499756,0.9173169732093811,0.9321766495704651,0.9572356343269348,0.6883200407028198,5.780279636383057,0.38821083307266235,0.8163602948188782
17,0.5417463183403015,0.8139705657958984,0.9344497919082642,0.9710492491722107,0.970647931098938,0.9705610871315002,0.9706534147262573,0.9702359437942505,0.9703061580657959,0.9702139496803284,0.9703874588012695,0.9707348346710205,0.9057074785232544,0.9708272218704224,0.9703874588012695,0.9704851508140564,0.9325395822525024,0.9705719947814941,0.9705665111541748,0.7569199204444885,0.6126250624656677,0.9625888466835022,0.9949617385864258,0.9653626084327698,0.9643603563308716,0.6995635032653809,0.7267874479293823,0.9600605964660645,0.7277472019195557,0.9486814737319946,0.978430986404419,0.9994468688964844,0.9801888465881348,0.4999077320098877,0.952033281326294,0.8763210773468018,0.9974198341369629,0.9101846814155579,0.9598995447158813,0.9182156324386597,0.958480715751648,0.9594619274139404,0.9779261350631714,0.9250278472900391,0.9396584033966064,0.9537760019302368,0.699347972869873,5.685449600219727,0.40337586402893066,0.8139705657958984
18,0.5197483897209167,0.8277573585510254,0.9380301237106323,0.9701382517814636,0.9702951908111572,0.9706370830535889,0.9702897071838379,0.970756471157074,0.9701162576675415,0.9704851508140564,0.9708272218704224,0.9701162576675415,0.9695965051651001,0.9703764915466309,0.9702084064483643,0.9707294702529907,0.9697695970535278,0.9713334441184998,0.971001148223877,0.8609774112701416,0.6134536266326904,0.9628207683563232,0.9958901405334473,0.9717611074447632,0.961837887763977,0.6981973648071289,0.7285768389701843,0.9607843160629272,0.731056272983551,0.9458586573600769,0.9898017048835754,0.9998154640197754,0.9836825132369995,0.6190476417541504,0.9560287594795227,0.8763561844825745,0.9975087642669678,0.8876498937606812,0.9701894521713257,0.9246231317520142,0.9656708240509033,0.9615886211395264,0.9815398454666138,0.9269423484802246,0.9353488683700562,0.9534323215484619,0.7043873071670532,5.6147942543029785,0.42294105887413025,0.8277573585510254

19,0.511374294757843,0.8213235139846802,0.9406998157501221,0.9725446701049805,0.9718738794326782,0.9718582630157471,0.9719350337982178,0.972309410572052,0.9718842506408691,0.9723914861679077,0.9725558757781982,0.9724017381668091,0.821494460105896,0.9723711013793945,0.972135066986084,0.9718582630157471,0.9716495275497437,0.9717868566513062,0.971807599067688,0.8703463673591614,0.9400811195373535,0.9678710699081421,0.9954384565353394,0.9794129133224487,0.9627021551132202,0.6969524025917053,0.7309813499450684,0.9580326676368713,0.7328845262527466,0.946772038936615,0.9900990128517151,0.999815821647644,0.9800889492034912,0.5526315569877625,0.8741858005523682,0.9799482822418213,0.9981563091278076,0.9269746541976929,0.9637748599052429,0.9264459609985352,0.9694940447807312,0.9591171741485596,0.9818840622901917,0.9153616428375244,0.9378945827484131,0.950018584728241,0.6830787062644958,5.775162935256958,0.4103170931339264,0.8213235139846802
20,0.5031284689903259,0.8244485259056091,0.9423713684082031,0.9714523553848267,0.9702951908111572,0.9704633951187134,0.9702787399291992,0.9705501794815063,0.9704960584640503,0.9703710675239563,0.9696718454360962,0.9702897071838379,0.9436159729957581,0.9700184464454651,0.9705610871315002,0.9701162576675415,0.970674991607666,0.970647931098938,0.9710171818733215,0.8431082367897034,0.9588625431060791,0.975261390209198,0.9955248832702637,0.9863705635070801,0.9647148847579956,0.6965438723564148,0.7205910682678223,0.9604465961456299,0.7247244119644165,0.9540284276008606,0.9885002970695496,0.9993549585342407,0.9803776741027832,1.0,0.6143911480903625,0.9984264969825745,0.9972314834594727,0.9260261058807373,0.9775676727294922,0.9241154193878174,0.9645654559135437,0.962615966796875,0.9837360382080078,0.9322617053985596,0.9447744488716125,0.9480773210525513,0.6735172271728516,5.98204493522644,0.4277876317501068,0.8244485259056091

21,0.47609686851501465,0.836213231086731,0.9434465169906616,0.972628116607666,0.9717816114425659,0.9714232683181763,0.9722017049789429,0.9719401597976685,0.9719867706298828,0.9715102314949036,0.9719815254211426,0.9717659950256348,0.9430816769599915,0.9720324873924255,0.9715971946716309,0.9718582630157471,0.9727809429168701,0.9721145033836365,0.9717816114425659,0.8724291324615479,0.949254035949707,0.972740888595581,0.9956985116004944,0.9878373146057129,0.9646914005279541,0.69302898645401,0.7192001342773438,0.9630757570266724,0.7240790128707886,0.9539848566055298,0.9890871047973633,0.9993538856506348,0.9803812503814697,0.999630868434906,0.535577654838562,0.9207655191421509,0.9956601858139038,0.9258671998977661,0.9693365693092346,0.932525634765625,0.9637815952301025,0.9643586277961731,0.9835501909255981,0.9237651824951172,0.9407331943511963,0.9475148320198059,0.68528813123703,5.822114944458008,0.4500974416732788,0.836213231086731
22,0.4552007019519806,0.8569852709770203,0.9425231218338013,0.973145067691803,0.9733493328094482,0.9735821485519409,0.9729555249214172,0.9726988077163696,0.9736454486846924,0.9735093116760254,0.9734562635421753,0.9727859497070312,0.9485100507736206,0.9733924865722656,0.9734513163566589,0.9725446701049805,0.9731748104095459,0.9727909564971924,0.9741506576538086,0.7511123418807983,0.9437073469161987,0.9679775238037109,0.9951483607292175,0.9892024993896484,0.9624024629592896,0.7013270258903503,0.7283165454864502,0.9620459079742432,0.7307692170143127,0.9530068039894104,0.994288980960846,0.9981536269187927,0.9788693189620972,0.9411764740943909,0.7913527488708496,0.986998438835144,0.9963995218276978,0.9272080659866333,0.969239354133606,0.9412310123443604,0.9722737073898315,0.9627768397331238,0.9826304912567139,0.9383116960525513,0.9427218437194824,0.9325581789016724,0.6818755865097046,5.678199529647827,0.4733950197696686,0.8569852709770203

23,0.4425114393234253,0.851838231086731,0.9427710771560669,0.973247230052948,0.9733394980430603,0.9725598096847534,0.9726418256759644,0.9730826020240784,0.973800778388977,0.9735239744186401,0.9743897914886475,0.9730677008628845,0.9719867706298828,0.9734170436859131,0.973621129989624,0.9741268157958984,0.9739564061164856,0.9731796979904175,0.9731796979904175,0.7614246010780334,0.9564777612686157,0.9761193990707397,0.9965440034866333,0.9966837167739868,0.9695760011672974,0.6928135752677917,0.7236418724060059,0.9611751437187195,0.7272294163703918,0.9561953544616699,0.9923664331436157,0.9988009929656982,0.9781278967857361,1.0,0.9556190967559814,0.981837272644043,0.9953840374946594,0.9285714626312256,0.9644584655761719,0.9344063997268677,0.9765262603759766,0.9636093378067017,0.9833674430847168,0.9371859431266785,0.9449089765548706,0.9334261417388916,0.6688836216926575,5.832853078842163,0.473114013671875,0.851838231086731
24,0.4558831751346588,0.8597426414489746,0.9444254636764526,0.9717868566513062,0.9724838733673096,0.9724990725517273,0.9724017381668091,0.9724118709564209,0.9726583957672119,0.9722170829772949,0.972037672996521,0.9721299409866333,0.9697249531745911,0.9719454050064087,0.971966028213501,0.9714232683181763,0.9709944725036621,0.9724017381668091,0.9722375869750977,0.8058692812919617,0.9703608155250549,0.9774379730224609,0.9971054792404175,0.9907689094543457,0.9648956060409546,0.6959164142608643,0.7302206158638,0.9608960151672363,0.7331876754760742,0.9518462419509888,0.9960189461708069,0.9996309876441956,0.9819377660751343,0.999538242816925,0.9759358167648315,0.9961973428726196,0.9976946115493774,0.9290250539779663,0.9670625329017639,0.9329608678817749,0.9684877991676331,0.9649155139923096,0.9832962155342102,0.9352831840515137,0.9427722096443176,0.9264733195304871,0.6661474704742432,5.613653659820557,0.5001640915870667,0.8597426414489746
25,0.41911378502845764,0.8720588088035583,0.9439530372619629,0.9745340347290039,0.9740965962409973,0.9743589758872986,0.9747875928878784,0.9738345146179199,0.9741840362548828,0.9743636846542358,0.9741840362548828,0.9747829437255859,0.9723706245422363,0.975055456161499,0.9743684530258179,0.9747092723846436,0.9743731617927551,0.9742714762687683,0.9739314317703247,0.7430658340454102,0.9632529020309448,0.9813119173049927,0.9979389309883118,0.9905804395675659,0.9649990797042847,0.6966121196746826,0.7325338125228882,0.9614872932434082,0.7351433634757996,0.9573333263397217,0.9961955547332764,0.9995392560958862,0.979478657245636,0.9998154640197754,0.9913332462310791,0.9970430731773376,0.9957525730133057,0.9351159334182739,0.9680811166763306,0.9334696531295776,0.9690290093421936,0.9644448757171631,0.983726978302002,0.9431986808776855,0.9424185752868652,0.9350046515464783,0.6586664915084839,5.627791404724121,0.504396915435791,0.8720588088035583

26,0.4115917980670929,0.8829044103622437,0.9457849264144897,0.9741219878196716,0.9729182124137878,0.9733444452285767,0.9730875492095947,0.9741315841674805,0.9736987948417664,0.9736939668655396,0.9737958908081055,0.973762035369873,0.9709409475326538,0.9729132056236267,0.9733591079711914,0.9737716913223267,0.9737910628318787,0.9732718467712402,0.9731123447418213,0.8143385648727417,0.9528545141220093,0.973252534866333,0.998686671257019,0.9866361618041992,0.963444709777832,0.7022408246994019,0.7376407384872437,0.9624881148338318,0.7432844638824463,0.9571754932403564,0.9962807893753052,0.9997234344482422,0.9788849353790283,0.9987087249755859,0.9915066361427307,0.9968460202217102,0.9973251819610596,0.9317629337310791,0.9673852324485779,0.9376744031906128,0.9708674550056458,0.9594419002532959,0.9566673040390015,0.9384515285491943,0.9459609985351562,0.9335501790046692,0.6840692758560181,5.70002818107605,0.5096646547317505,0.8829044103622437

27,0.40359073877334595,0.8891544342041016,0.9500684142112732,0.9728782176971436,0.9734848737716675,0.973247230052948,0.9729804396629333,0.9723604321479797,0.9730677008628845,0.9728060364723206,0.9734219312667847,0.972063422203064,0.9666236639022827,0.973159909248352,0.9738544225692749,0.9727709293365479,0.9731252193450928,0.9728982448577881,0.9731649160385132,0.8608027696609497,0.9615101218223572,0.9759058952331543,0.9993467330932617,0.9974334239959717,0.9651052951812744,0.8149838447570801,0.7345350980758667,0.9631890058517456,0.7410867214202881,0.960186243057251,0.9955458641052246,0.9992609024047852,0.9816428422927856,0.9989844560623169,0.9912377595901489,0.9967514276504517,0.9966820478439331,0.940693736076355,0.9696040153503418,0.952035665512085,0.9755667448043823,0.9641396999359131,0.9681978821754456,0.9428253173828125,0.9428943395614624,0.9385687708854675,0.6759603023529053,5.828290700912476,0.5166101455688477,0.8891544342041016
28,0.41685226559638977,0.8810662031173706,0.9468172788619995,0.9695627689361572,0.969199538230896,0.9699685573577881,0.9697026014328003,0.969314455986023,0.9697304964065552,0.9694762229919434,0.9694592952728271,0.9701589345932007,0.961978554725647,0.9696438312530518,0.9704141616821289,0.9692690968513489,0.9694706201553345,0.9699963331222534,0.9699907302856445,0.7997590899467468,0.9623527526855469,0.9831250905990601,0.9991596937179565,0.9975453615188599,0.9755144715309143,0.7598627805709839,0.7388583421707153,0.960511326789856,0.7468595504760742,0.9641768336296082,0.9934372901916504,0.9988915920257568,0.9799591898918152,0.9983401298522949,0.9902178049087524,0.9969456195831299,0.9959409236907959,0.9430886507034302,0.9697843194007874,0.9529335498809814,0.9746187925338745,0.9674276113510132,0.9526875615119934,0.9447021484375,0.9479360580444336,0.940892219543457,0.6742936968803406,5.700841426849365,0.5201917290687561,0.8810662031173706
29,0.38045936822891235,0.8946691155433655,0.9517784118652344,0.9755489826202393,0.9756457805633545,0.9749308824539185,0.9752858877182007,0.9754703044891357,0.9749355316162109,0.903414785861969,0.9754657745361328,0.9748433828353882,0.9675337076187134,0.9755535125732422,0.975258469581604,0.9754476547241211,0.9755580425262451,0.9757245779037476,0.975115180015564,0.8942645788192749,0.9572507739067078,0.9768986105918884,0.9997196793556213,0.9981849193572998,0.9646118879318237,0.8515729308128357,0.7448203563690186,0.9619988203048706,0.7489543557167053,0.9601525068283081,0.996954083442688,0.9988002777099609,0.9800074100494385,0.9978758692741394,0.9931759834289551,0.9978699684143066,0.9968652129173279,0.939572811126709,0.9723978042602539,0.9497212171554565,0.9739090204238892,0.959653377532959,0.9613382816314697,0.9424152374267578,0.943494439125061,0.9378132820129395,0.6462543606758118,5.996589183807373,0.5222622156143188,0.8946691155433655

30,0.3788621425628662,0.8898897171020508,0.9525991678237915,0.974257230758667,0.9738297462463379,0.9745199680328369,0.9741697311401367,0.9746952056884766,0.974257230758667,0.9744370579719543,0.9737423658370972,0.9738297462463379,0.9665252566337585,0.9741744995117188,0.9746952056884766,0.9744323492050171,0.9741744995117188,0.9741744995117188,0.9738297462463379,0.8761094808578491,0.9626288414001465,0.9811868071556091,0.9996259212493896,0.9982843995094299,0.9700983762741089,0.8359360098838806,0.7420152425765991,0.9640957117080688,0.746004581451416,0.9589757919311523,0.996874988079071,0.9993548393249512,0.9822189211845398,0.9976010322570801,0.9927964210510254,0.9976825714111328,0.9964022040367126,0.9402357339859009,0.9731012582778931,0.9496188759803772,0.9756324291229248,0.9642723798751831,0.9736793041229248,0.9497487545013428,0.949089527130127,0.9386030435562134,0.6598507165908813,5.713502407073975,0.5307437181472778,0.8898897171020508

31,0.3634164333343506,0.8943014740943909,0.9537897706031799,0.9751845002174377,0.9750968217849731,0.9750092029571533,0.9752721786499023,0.9741347432136536,0.9746590852737427,0.9753599166870117,0.9752721786499023,0.9756232500076294,0.9665496349334717,0.9750092029571533,0.9748340845108032,0.9757989645004272,0.9749216437339783,0.9752721786499023,0.9748340845108032,0.8533555865287781,0.9639962911605835,0.983395516872406,0.9998128414154053,0.9987611770629883,0.9734740257263184,0.8719627857208252,0.7415559887886047,0.9629665017127991,0.7481460571289062,0.9624810218811035,0.9964015483856201,0.9995392560958862,0.981927752494812,0.9975082874298096,0.9978805780410767,0.997498631477356,0.9969562888145447,0.9402509927749634,0.9742181301116943,0.9493765234947205,0.9749767780303955,0.9643255472183228,0.9700576663017273,0.9557020664215088,0.9469668865203857,0.9393122792243958,0.6535696983337402,5.778286933898926,0.533654510974884,0.8943014740943909
32,0.3433402478694916,0.9016544222831726,0.9540355801582336,0.9747185707092285,0.9747185707092285,0.9747185707092285,0.9745434522628784,0.9744559526443481,0.9746309518814087,0.9743684530258179,0.9741061925888062,0.9742809534072876,0.9667035341262817,0.9747185707092285,0.9745434522628784,0.9740188121795654,0.9752447605133057,0.9748938083648682,0.9745434522628784,0.8766641616821289,0.9681400060653687,0.9790104627609253,0.9994378089904785,0.9939233064651489,0.9719208478927612,0.8594522476196289,0.7406737804412842,0.9650542736053467,0.751893937587738,0.963370680809021,0.9976235628128052,0.9998154640197754,0.9802035093307495,0.9967712163925171,0.9997231960296631,0.9968477487564087,0.9961247444152832,0.9421889781951904,0.9786046743392944,0.9609389305114746,0.9775509834289551,0.9650018215179443,0.9733321070671082,0.958511233329773,0.9448782205581665,0.9332774877548218,0.6628336906433105,5.8580358028411865,0.5356966257095337,0.9016544222831726
33,0.35398343205451965,0.8913602828979492,0.9538218379020691,0.9727557897567749,0.9728431701660156,0.972063422203064,0.9720582962036133,0.9334381818771362,0.972406804561615,0.972406804561615,0.9724169969558716,0.9729355573654175,0.9646744132041931,0.9719867706298828,0.9728531837463379,0.972063422203064,0.972406804561615,0.9722427129745483,0.9727608561515808,0.8233821392059326,0.9619355201721191,0.988117516040802,0.9999066591262817,0.9961026906967163,0.9695296287536621,0.910891056060791,0.7415623664855957,0.9659371972084045,0.7531838417053223,0.9601593613624573,0.997243344783783,0.9991692900657654,0.9801110029220581,0.9976966977119446,1.0,0.9992607831954956,0.9964015483856201,0.9436357021331787,0.9770061373710632,0.9676940441131592,0.978087306022644,0.9631559252738953,0.975553035736084,0.9556938409805298,0.9477500915527344,0.9527164697647095,0.6545207500457764,5.8982298374176025,0.5284463763237,0.8913602828979492
34,0.34476238489151,0.9005514979362488,0.9553586840629578,0.9768065214157104,0.9758436679840088,0.9764586687088013,0.9758436679840088,0.9754928946495056,0.97566819190979,0.9761070013046265,0.97566819190979,0.9763706922531128,0.9669375419616699,0.9760191440582275,0.9758436679840088,0.9754928946495056,0.9761070013046265,0.9758436679840088,0.9758436679840088,0.8444567918777466,0.9706423282623291,0.984494686126709,0.9996272325515747,0.9975308775901794,0.9773330688476562,0.9127708077430725,0.7350930571556091,0.9687083959579468,0.7488597631454468,0.9651561379432678,0.9965642690658569,0.9992620944976807,0.9779874086380005,0.9972304105758667,0.9999078512191772,0.9980534315109253,0.9966789484024048,0.9426490068435669,0.977386474609375,0.9657674431800842,0.977965772151947,0.9624373912811279,0.972625732421875,0.9554151892662048,0.948515772819519,0.9514365196228027,0.6313252449035645,5.657372713088989,0.5390501022338867,0.9005514979362488
35,0.3246733546257019,0.9033088088035583,0.9558652639389038,0.9768578410148621,0.9769457578659058,0.9768578410148621,0.9766777157783508,0.9766820669174194,0.9768535494804382,0.9771175384521484,0.9774782657623291,0.9765942096710205,0.9718790054321289,0.9765063524246216,0.9767699241638184,0.9777346849441528,0.9768578410148621,0.9765942096710205,0.9766820669174194,0.8779877424240112,0.9678459167480469,0.9915096163749695,0.9998129606246948,0.9990494251251221,0.9820853471755981,0.8700494766235352,0.7301390767097473,0.9652817249298096,0.7448025941848755,0.9691475629806519,0.9969651103019714,0.9992623925209045,0.9814060926437378,0.9963975548744202,0.9999078512191772,0.9987965226173401,0.9964931607246399,0.9379562139511108,0.9782527685165405,0.9682849645614624,0.9775218367576599,0.9655524492263794,0.9795842170715332,0.952173113822937,0.9475492238998413,0.9442896842956543,0.6360361576080322,5.5996763706207275,0.540520966053009,0.9033088088035583
36,0.3444431722164154,0.8941176533699036,0.9573935270309448,0.9751060009002686,0.9751707315444946,0.9750876426696777,0.9749124050140381,0.9751060009002686,0.9755173921585083,0.9748154878616333,0.9742951989173889,0.9753553867340088,0.9682656526565552,0.9757200479507446,0.975110650062561,0.9755399227142334,0.9748479723930359,0.9751936197280884,0.975110650062561,0.8903297185897827,0.9654569029808044,0.9883111715316772,0.9997196793556213,0.9985787272453308,0.9797156453132629,0.9344932436943054,0.7398706674575806,0.9658331871032715,0.7570502758026123,0.9659760594367981,0.9967723488807678,0.9986159801483154,0.980758547782898,0.9960339069366455,1.0,0.9994449615478516,0.9958471655845642,0.9391109347343445,0.977649450302124,0.967391312122345,0.9789806604385376,0.9673792123794556,0.9831815958023071,0.9524693489074707,0.9446927309036255,0.9364769458770752,0.6397383213043213,5.6887006759643555,0.5400908589363098,0.8941176533699036
37,0.32389867305755615,0.9045956134796143,0.9582228660583496,0.9749815464019775,0.9744370579719543,0.9750230312347412,0.9741840362548828,0.9742714762687683,0.9741792678833008,0.974261999130249,0.9738978147506714,0.9748984575271606,0.9678966999053955,0.9746075868606567,0.9745340347290039,0.9740965962409973,0.9756097793579102,0.9748154878616333,0.975115180015564,0.9007958173751831,0.9678636789321899,0.982652485370636,0.9995326995849609,0.9908536672592163,0.9832381010055542,0.9323759078979492,0.7380409836769104,0.9732751846313477,0.7551717758178711,0.9710955619812012,0.9980974197387695,0.9980627298355103,0.9799777269363403,0.9964035749435425,0.9997232556343079,0.998796284198761,0.9956642389297485,0.9468721151351929,0.9788483381271362,0.9681522846221924,0.9795119762420654,0.9639539122581482,0.9828354120254517,0.9552792310714722,0.9509185552597046,0.948093056678772,0.6483657360076904,5.714994192123413,0.5589775443077087,0.9045956134796143
38,0.3280090391635895,0.903124988079071,0.9578509330749512,0.9753917455673218,0.9751890897750854,0.9757290482521057,0.9756052494049072,0.9753735065460205,0.9753735065460205,0.9750646352767944,0.9746216535568237,0.9758480787277222,0.9705773591995239,0.9753735065460205,0.9750276803970337,0.9762036800384521,0.9753780961036682,0.975456714630127,0.9751982688903809,0.8981103897094727,0.9661688804626465,0.9867512583732605,0.9994395971298218,0.9982850551605225,0.9806525111198425,0.9100133180618286,0.7405267357826233,0.9718363285064697,0.760414719581604,0.9687322378158569,0.9969529509544373,0.9980648756027222,0.979077935218811,0.9973198175430298,0.9999078512191772,0.9987967014312744,0.9977880120277405,0.943673849105835,0.9782366156578064,0.9662890434265137,0.9793411493301392,0.9643986225128174,0.9716911315917969,0.9515709280967712,0.9502418041229248,0.9420033693313599,0.6439321637153625,6.034616470336914,0.5575173497200012,0.903124988079071
39,0.3003336489200592,0.920036792755127,0.9589731693267822,0.9768407344818115,0.9761202335357666,0.9764890670776367,0.9757782220840454,0.9762124419212341,0.977188766002655,0.9764673709869385,0.9745528697967529,0.9762299656867981,0.9821395874023438,0.9762167930603027,0.9771090745925903,0.9767484664916992,0.9765812158584595,0.9770125150680542,0.9771090745925903,0.9072909355163574,0.9711131453514099,0.9886958003044128,0.9998130202293396,0.9956340193748474,0.9764124155044556,0.9229238033294678,0.7360502481460571,0.9625023603439331,0.7519055008888245,0.9703760147094727,0.9980930685997009,0.998525083065033,0.9788119792938232,0.9978798031806946,0.9999077320098877,0.9992586970329285,0.9987080097198486,0.9427025318145752,0.9803975820541382,0.9706646800041199,0.982921838760376,0.9657291769981384,0.9702491760253906,0.95552659034729,0.9607242345809937,0.9457876086235046,0.6391497850418091,5.817178249359131,0.578388512134552,0.920036792755127

40,0.31031322479248047,0.9055147171020508,0.9585862755775452,0.9740679264068604,0.9744134545326233,0.9739170074462891,0.9742476940155029,0.9736308455467224,0.9738929867744446,0.9738055467605591,0.9384639263153076,0.9745575189590454,0.9933640956878662,0.9742429852485657,0.9745935201644897,0.9743305444717407,0.9740870594978333,0.9745011329650879,0.9736308455467224,0.9029809236526489,0.971352219581604,0.984740674495697,1.0,0.9963878393173218,0.9815446138381958,0.921922504901886,0.7404413223266602,0.9721535444259644,0.7612817287445068,0.9700627326965332,0.9970476627349854,0.9986155033111572,0.9810009002685547,0.9989848732948303,0.9999077320098877,0.9999074935913086,0.995857834815979,0.9463250637054443,0.9800447225570679,0.9677598476409912,0.9813474416732788,0.9634237289428711,0.9619747400283813,0.9563477039337158,0.953168511390686,0.9391174912452698,0.658816933631897,5.97423529624939,0.5475689768791199,0.9055147171020508

41,0.32720792293548584,0.9005514979362488,0.9586440324783325,0.9509224891662598,0.9740870594978333,0.9428879022598267,0.974926233291626,0.9758570194244385,0.9756187796592712,0.9759269952774048,0.9355572462081909,0.9765639305114746,0.936695396900177,0.9756277799606323,0.9751890897750854,0.9750922918319702,0.9769912958145142,0.9757066369056702,0.9756771326065063,0.8999999761581421,0.9741300344467163,0.9883242845535278,0.9995330572128296,0.9937428832054138,0.9806304574012756,0.9266666769981384,0.7423638701438904,0.9674449563026428,0.7615617513656616,0.9696016907691956,0.9974246025085449,0.997783899307251,0.9786229729652405,0.9977872371673584,0.9999076724052429,0.9997225999832153,0.9985256195068359,0.9461753368377686,0.9787788391113281,0.9708511829376221,0.9809656143188477,0.9678080081939697,0.9741683602333069,0.9588595628738403,0.9524074792861938,0.9647900462150574,0.6449256539344788,5.767345190048218,0.545874834060669,0.9005514979362488
42,0.3017195761203766,0.9108455777168274,0.9594990015029907,0.9768321514129639,0.9737569093704224,0.9772056341171265,0.976673424243927,0.9529389142990112,0.9765639305114746,0.9760981798171997,0.9125184416770935,0.9769287705421448,0.9688364267349243,0.9761114120483398,0.97637939453125,0.9770210385322571,0.9760059118270874,0.9761290550231934,0.9768493175506592,0.9088387489318848,0.9742220640182495,0.9788032174110413,0.9996252059936523,0.9860212802886963,0.971674919128418,0.9444550275802612,0.7399507164955139,0.9722116589546204,0.7560372352600098,0.9701180458068848,0.997241735458374,0.9978790283203125,0.978924036026001,0.997787594795227,0.999722957611084,0.9992583990097046,0.997692883014679,0.9465756416320801,0.9832065105438232,0.9713860750198364,0.9847697019577026,0.9710198640823364,0.9701796770095825,0.9574349522590637,0.9546046257019043,0.9527215361595154,0.6459937691688538,5.722695350646973,0.5680743455886841,0.9108455777168274
43,0.2876027226448059,0.9183823466300964,0.959646463394165,0.9794356226921082,0.9449667930603027,0.9797896146774292,0.9791705012321472,0.9799630641937256,0.9796162843704224,0.9791589975357056,0.9760236144065857,0.9789978265762329,0.9697249531745911,0.9790860414505005,0.9800553917884827,0.9789095520973206,0.9797933101654053,0.9791743755340576,0.9794204235076904,0.9152182340621948,0.9711732864379883,0.9851706624031067,0.999719500541687,0.9926596879959106,0.9807034134864807,0.9252479076385498,0.7454856634140015,0.9652157425880432,0.7640053033828735,0.9703922271728516,0.9968595504760742,0.9972314834594727,0.978788435459137,0.9972314834594727,0.9999076724052429,0.9998152256011963,0.9983376264572144,0.9450168609619141,0.982973575592041,0.9690059423446655,0.9806799292564392,0.9629491567611694,0.9849777221679688,0.954401969909668,0.9569013118743896,0.9462825059890747,0.627720832824707,5.636965990066528,0.5802661776542664,0.9183823466300964
44,0.2956653833389282,0.9147058725357056,0.9609182476997375,0.9765769243240356,0.9740631580352783,0.976995587348938,0.9769372940063477,0.9759269952774048,0.9764673709869385,0.9766519069671631,0.9744747877120972,0.9766691327095032,0.9713363647460938,0.9769372940063477,0.9772559404373169,0.9763220548629761,0.976752758026123,0.9770252704620361,0.9764055013656616,0.9038532972335815,0.9769840240478516,0.9892482757568359,0.9996256828308105,0.9959311485290527,0.9815202951431274,0.9352381229400635,0.7432406544685364,0.9655205011367798,0.761918306350708,0.9699828624725342,0.9969610571861267,0.9973251819610596,0.9811897277832031,0.9986177682876587,1.0,0.9996294379234314,0.9978805780410767,0.9456988573074341,0.9828449487686157,0.9721757173538208,0.9802753925323486,0.9743542075157166,0.9703634977340698,0.9591533541679382,0.9574428796768188,0.9869202375411987,0.6329765319824219,5.863457918167114,0.5874674916267395,0.9147058725357056
45,0.30623096227645874,0.9101102948188782,0.9589816927909851,0.9738737344741821,0.9698984622955322,0.9735967516899109,0.973514199256897,0.9735239744186401,0.9740487337112427,0.9736987948417664,0.9713099598884583,0.9735239744186401,0.9767484664916992,0.9742144346237183,0.9731649160385132,0.9740487337112427,0.9736113548278809,0.9736113548278809,0.9743992686271667,0.8955403566360474,0.9752302169799805,0.9829514026641846,0.9998129606246948,0.9871090054512024,0.9783517122268677,0.9362006187438965,0.7433409690856934,0.9722328186035156,0.7660690546035767,0.9716352224349976,0.9970419406890869,0.9961211681365967,0.9784059524536133,0.997599720954895,0.9997233152389526,0.999722421169281,0.9985242486000061,0.9441440105438232,0.9841830730438232,0.9729278683662415,0.9836461544036865,0.9757704734802246,0.9705227613449097,0.9581784009933472,0.9551115036010742,0.9596250057220459,0.6457912921905518,5.638236045837402,0.5885453820228577,0.9101102948188782
46,0.2989978492259979,0.9110293984413147,0.9608391523361206,0.977927565574646,0.9732275009155273,0.9768706560134888,0.9774866104125977,0.9771344661712646,0.9770421981811523,0.9777511358261108,0.9731351137161255,0.9775747656822205,0.9660203456878662,0.9768663644790649,0.9774866104125977,0.9771344661712646,0.977927565574646,0.9778393507003784,0.9771301746368408,0.9025408029556274,0.9721710681915283,0.9871172904968262,0.9998133182525635,0.9935386180877686,0.9797195196151733,0.9449192881584167,0.7420793175697327,0.9638920426368713,0.761083722114563,0.9699791073799133,0.9980090856552124,0.9970501661300659,0.9811967611312866,0.9968594312667847,0.9999078512191772,0.9998146891593933,0.9982478618621826,0.9490236639976501,0.9853078126907349,0.9724438786506653,0.9807799458503723,0.9762126207351685,0.975475549697876,0.9615384340286255,0.9620394706726074,0.9510132074356079,0.65054851770401,5.698089361190796,0.5903275609016418,0.9110293984413147
47,0.2818710207939148,0.9222426414489746,0.9599307775497437,0.9774824380874634,0.973674476146698,0.9774866104125977,0.9771217703819275,0.9777511358261108,0.9774824380874634,0.9771301746368408,0.9911455512046814,0.9769542813301086,0.9701051712036133,0.9780961275100708,0.9766949415206909,0.9774866104125977,0.9772224426269531,0.9773104190826416,0.9768663644790649,0.9078145027160645,0.9753268361091614,0.975602924823761,0.9996267557144165,0.9830009937286377,0.9711410999298096,0.9438862800598145,0.7379047870635986,0.9661582708358765,0.7574924230575562,0.9702426195144653,0.9975392818450928,0.9976979494094849,0.9822386503219604,0.9967706203460693,1.0,0.9997222423553467,0.9982465505599976,0.9480239748954773,0.9855153560638428,0.9730833768844604,0.9845839738845825,0.980919599533081,0.9738064408302307,0.9614883661270142,0.9637869596481323,0.9577596187591553,0.6486729979515076,5.960866451263428,0.6087348461151123,0.9222426414489746
48,0.2761729955673218,0.9253676533699036,0.9612730741500854,0.9784212112426758,0.9753599166870117,0.9791320562362671,0.9782488346099854,0.9785938262939453,0.977988600730896,0.9783370494842529,0.9957564473152161,0.9788706302642822,0.9693670272827148,0.9784252643585205,0.9784291982650757,0.9780726432800293,0.9786056876182556,0.9800148010253906,0.9787822961807251,0.9060359001159668,0.9755895137786865,0.9851512908935547,0.999626636505127,0.9836190342903137,0.9793136119842529,0.934248149394989,0.7446282505989075,0.9668565988540649,0.7670854330062866,0.9729190468788147,0.9970626831054688,0.9979708194732666,0.9818249344825745,0.9976005554199219,0.9999078512191772,0.9996298551559448,0.9968657493591309,0.9450056552886963,0.9847753047943115,0.9729604125022888,0.9821528196334839,0.9780587553977966,0.9814952611923218,0.9581625461578369,0.9645647406578064,0.9614883661270142,0.6323994398117065,5.695634365081787,0.6114979982376099,0.9253676533699036
49,0.27809956669807434,0.923713207244873,0.9612709283828735,0.9759136438369751,0.9723144769668579,0.9759136438369751,0.9761772751808167,0.9761772751808167,0.9753917455673218,0.9752119779586792,0.9940015077590942,0.976001501083374,0.9738248586654663,0.9757380485534668,0.976089358329773,0.9757380485534668,0.9758257865905762,0.9768775701522827,0.9752119779586792,0.9027237296104431,0.9744700193405151,0.9919611215591431,0.9999065399169922,0.9841269850730896,0.9748475551605225,0.9349724650382996,0.7462373971939087,0.9657754898071289,0.7659776210784912,0.9744393825531006,0.9979119300842285,0.9991694688796997,0.98164963722229,0.9966752529144287,0.9998154640197754,1.0,0.9980641603469849,0.9479655027389526,0.986418604850769,0.9718714952468872,0.9834787845611572,0.9795029163360596,0.98478102684021,0.9593238830566406,0.9649906754493713,0.9738458395004272,0.6405855417251587,5.669047594070435,0.616725742816925,0.923713207244873
50,0.2790297269821167,0.9242647290229797,0.9618096351623535,0.9755489826202393,0.9737958908081055,0.9752858877182007,0.9749355316162109,0.9753735065460205,0.9759881496429443,0.975110650062561,0.9951984882354736,0.9758869409561157,0.9679594039916992,0.9766044020652771,0.976340115070343,0.975110650062561,0.9753735065460205,0.9757245779037476,0.9753780961036682,0.8925198912620544,0.9804824590682983,0.984190821647644,0.9997192025184631,0.9826369285583496,0.9760729074478149,0.9599047899246216,0.7522830963134766,0.9728726148605347,0.7691283226013184,0.9716676473617554,0.9971423149108887,0.9992620944976807,0.9785952568054199,0.9969557523727417,0.9998157024383545,0.9998148083686829,0.9964931607246399,0.9483852982521057,0.9845054745674133,0.9768673181533813,0.9822226762771606,0.9750186204910278,0.9881926774978638,0.9626575112342834,0.9659661650657654,0.9829059839248657,0.6513263583183289,5.805325031280518,0.6339530348777771,0.9242647290229797

51,0.2648038864135742,0.9301470518112183,0.962692379951477,0.9779438972473145,0.9774235486984253,0.9774152040481567,0.9782247543334961,0.9526752829551697,0.9775912761688232,0.9779520034790039,0.9957541227340698,0.97750324010849,0.9729032516479492,0.9780280590057373,0.9779520034790039,0.977599561214447,0.9775912761688232,0.9779438972473145,0.9782167673110962,0.8903411626815796,0.978717565536499,0.9883155822753906,0.9997191429138184,0.9853333234786987,0.9821292757987976,0.9492462873458862,0.7445652484893799,0.9685367345809937,0.7654227018356323,0.9746631383895874,0.9980970621109009,0.9986164569854736,0.9800925850868225,0.998894214630127,1.0,0.9998147487640381,0.9967718124389648,0.9443612098693848,0.9844098091125488,0.9750558137893677,0.9850065112113953,0.9683026671409607,0.9872008562088013,0.9617739915847778,0.9657992124557495,0.9871771335601807,0.6479018926620483,5.5960352420806885,0.6333181858062744,0.9301470518112183

52,0.24320858716964722,0.9340073466300964,0.9628804922103882,0.9798892736434937,0.9782367944717407,0.9797160625457764,0.979804515838623,0.9801514148712158,0.979981541633606,0.9798929691314697,0.9952995777130127,0.979815661907196,0.9749216437339783,0.9796276092529297,0.9794508218765259,0.9787488579750061,0.9804247617721558,0.979804515838623,0.979981541633606,0.8861826658248901,0.9841737151145935,0.9802360534667969,0.9998130798339844,0.9832227230072021,0.9744296669960022,0.9426182508468628,0.748002290725708,0.9727949500083923,0.7727359533309937,0.9715941548347473,0.9974334239959717,0.9988930225372314,0.9797259569168091,0.9987996220588684,0.9999078512191772,0.9998146891593933,0.9985247850418091,0.9427230358123779,0.9761433601379395,0.9754372835159302,0.983568549156189,0.9733953475952148,0.9757344722747803,0.9615598917007446,0.9615312814712524,0.9898453950881958,0.6484636068344116,5.636423349380493,0.6376636624336243,0.9340073466300964
53,0.2586468756198883,0.929963231086731,0.9638209342956543,0.9775581955909729,0.9763750433921814,0.977184534072876,0.9772014021873474,0.9764977097511292,0.976673424243927,0.9769330024719238,0.994934618473053,0.9771175384521484,0.9715049862861633,0.9764977097511292,0.9774575233459473,0.8883459568023682,0.9764012098312378,0.9771175384521484,0.9771133661270142,0.8944835662841797,0.9860113859176636,0.9966374039649963,0.9998131990432739,0.9901046752929688,0.9810656309127808,0.9519011378288269,0.7532750964164734,0.9729934930801392,0.8107516765594482,0.9705435037612915,0.9967613220214844,0.9988000392913818,0.9790546894073486,0.9986144304275513,1.0,0.9999072551727295,0.9976046085357666,0.948388934135437,0.9850399494171143,0.9774842262268066,0.9832127690315247,0.9753488302230835,0.9730031490325928,0.963602602481842,0.9637343883514404,0.9826944470405579,0.6465627551078796,5.763230800628662,0.6478443145751953,0.929963231086731
54,0.24455079436302185,0.9341911673545837,0.9625619649887085,0.9772392511367798,0.9877283573150635,0.9775830507278442,0.977599561214447,0.9782969951629639,0.9777756929397583,0.9783049821853638,0.9929032325744629,0.9781284332275391,0.9725862741470337,0.9777756929397583,0.9780402183532715,0.977599561214447,0.9780361652374268,0.9777756929397583,0.9781284332275391,0.8621104955673218,0.986561119556427,0.9876219034194946,0.9993445873260498,0.9950692057609558,0.9826573133468628,0.9575381278991699,0.7477160096168518,0.9744781851768494,0.772120475769043,0.9736741781234741,0.9978111982345581,0.9994451999664307,0.9799185991287231,0.9995394349098206,0.9998154640197754,0.999721884727478,0.9988014101982117,0.9488445520401001,0.9862504601478577,0.9794609546661377,0.9836309552192688,0.9681623578071594,0.9729151129722595,0.9663943648338318,0.9666728973388672,0.9760000109672546,0.65392005443573,5.759213447570801,0.6415280103683472,0.9341911673545837
55,0.2588288187980652,0.9284926652908325,0.9630792737007141,0.924217700958252,0.9937245845794678,0.9762827754020691,0.9759314060211182,0.9763750433921814,0.9760191440582275,0.9761860370635986,0.9051263332366943,0.9768022298812866,0.9713152647018433,0.9766389727592468,0.9766303300857544,0.9763750433921814,0.9753871560096741,0.9760280251502991,0.9761202335357666,0.8892791271209717,0.9836156368255615,0.9912067651748657,0.9997204542160034,0.9983910322189331,0.9842444658279419,0.9512264728546143,0.7466704845428467,0.9686671495437622,0.8044469356536865,0.9726040363311768,0.996583104133606,0.9993535280227661,0.980455756187439,0.9999077320098877,0.9999077916145325,0.999907374382019,0.9990780353546143,0.9496544003486633,0.9860439300537109,0.9789962768554688,0.9858709573745728,0.9723566770553589,0.9720103740692139,0.9663068056106567,0.9638475775718689,0.9823518395423889,0.6605603098869324,5.825941324234009,0.6390204429626465,0.9284926652908325
56,0.23817802965641022,0.932536780834198,0.9646909236907959,0.9804356098175049,0.9944690465927124,0.9802619218826294,0.9807302355766296,0.9790706634521484,0.980623722076416,0.9807088375091553,0.9931696653366089,0.9799926280975342,0.9731202721595764,0.97757887840271,0.9799741506576538,0.9776284694671631,0.9782006144523621,0.9810816049575806,0.9801880121231079,0.8419001698493958,0.9857326745986938,0.9936400651931763,0.9998128414154053,0.9978162050247192,0.9800000190734863,0.9566786885261536,0.7474315166473389,0.9697692394256592,0.8578086495399475,0.9740986824035645,0.996282160282135,0.999354362487793,0.9784746766090393,1.0,1.0,1.0,0.997877836227417,0.9470335245132446,0.9862504601478577,0.977965772151947,0.98603355884552,0.9725417494773865,0.9723151326179504,0.9656006097793579,0.9666048288345337,0.978434681892395,0.6536787748336792,5.7693798542022705,0.6449863314628601,0.932536780834198
57,0.23439770936965942,0.9362132549285889,0.9655779600143433,0.9821527600288391,0.9951089024543762,0.9815019369125366,0.982106626033783,0.9822976589202881,0.9819844961166382,0.9816555976867676,0.968624472618103,0.9820010662078857,0.9739996194839478,0.9784212112426758,0.9815566539764404,0.9794545769691467,0.9574962258338928,0.9820176959037781,0.9823139309883118,0.8633333444595337,0.9813075065612793,0.9906507134437561,1.0,0.9948512315750122,0.981728196144104,0.9545973539352417,0.7455874085426331,0.9771993160247803,0.8681412935256958,0.9753661751747131,0.9978070259094238,0.9993531703948975,0.9788159132003784,0.9999077320098877,1.0,1.0,0.997787594795227,0.9505802989006042,0.9882189035415649,0.98026442527771,0.9861136674880981,0.9775426983833313,0.9762746691703796,0.9650557637214661,0.9670820236206055,0.9775009155273438,0.6400368213653564,5.812368392944336,0.6543382406234741,0.9362132549285889
58,0.23428912460803986,0.929411768913269,0.9652060270309448,0.9789783954620361,0.9945481419563293,0.9807266592979431,0.9801440834999084,0.9803251028060913,0.9788433313369751,0.9801733493804932,0.9453685879707336,0.9799152612686157,0.9736987948417664,0.9749077558517456,0.9800258874893188,0.9750600457191467,0.8130390644073486,0.9806272983551025,0.9809787273406982,0.7943899631500244,0.9865635633468628,0.9946649074554443,0.9998130798339844,0.9981890916824341,0.9862062335014343,0.953707218170166,0.7469500303268433,0.9807802438735962,0.9006069898605347,0.9736292958259583,0.9979992508888245,0.999261736869812,0.9782447814941406,1.0,1.0,0.9999072551727295,0.9982452988624573,0.9513992667198181,0.98959881067276,0.9858840703964233,0.9899888634681702,0.975269615650177,0.9730355739593506,0.9694691896438599,0.9649758338928223,0.9786006808280945,0.6534020304679871,5.785467147827148,0.6477615237236023,0.929411768913269
59,0.22135642170906067,0.9369485378265381,0.9661529660224915,0.9819254875183105,0.9960310459136963,0.9826312065124512,0.9818298816680908,0.9818265438079834,0.9819188117980957,0.9820176959037781,0.9275730848312378,0.9819321632385254,0.8409515619277954,0.9781445860862732,0.9816386699676514,0.9756187796592712,0.7751845121383667,0.9822747707366943,0.9822747707366943,0.8610135316848755,0.982961893081665,0.9904547929763794,0.9999065399169922,0.9929924011230469,0.9826434850692749,0.9473185539245605,0.7481551766395569,0.9822412133216858,0.9091945290565491,0.9751040935516357,0.9967687129974365,0.9991700649261475,0.9800408482551575,0.9998152256011963,0.9999077320098877,1.0,0.9989848732948303,0.9558465480804443,0.9871747493743896,0.984453558921814,0.9863535165786743,0.9794609546661377,0.974604606628418,0.9656453132629395,0.9807763695716858,0.9809656143188477,0.6892939805984497,5.701160669326782,0.6669877767562866,0.9369485378265381
60,0.22544142603874207,0.9365808963775635,0.9628590941429138,0.9828476905822754,0.9951984882354736,0.9830993413925171,0.9825742244720459,0.9829177856445312,0.9833672046661377,0.9828318357467651,0.9418091773986816,0.982231616973877,0.8073773384094238,0.9770921468734741,0.9824755191802979,0.9096466898918152,0.808988094329834,0.982399582862854,0.982106626033783,0.7631968855857849,0.981399655342102,0.9969251155853271,0.9994398951530457,0.9944930076599121,0.9799696207046509,0.9585703611373901,0.7461846470832825,0.978591799736023,0.9056423902511597,0.9794847369194031,0.998473584651947,0.9993535280227661,0.9780920743942261,0.9998157024383545,0.949999988079071,0.9777777791023254,0.9990769624710083,0.9501211643218994,0.9860283136367798,0.9852968454360962,0.9880908131599426,0.9762170314788818,0.9738993048667908,0.9646764397621155,0.9763054847717285,0.9805086255073547,0.6730685830116272,6.001849889755249,0.6836469769477844,0.9365808963775635

61,0.19968360662460327,0.9435662031173706,0.9656035900115967,0.9830289483070374,0.9955735802650452,0.9828349947929382,0.982761800289154,0.9827554225921631,0.9825677871704102,0.9831149578094482,0.9762439131736755,0.983124315738678,0.863152265548706,0.9773818254470825,0.983474850654602,0.8892679214477539,0.824289083480835,0.983124315738678,0.9836534857749939,0.7895320653915405,0.986469030380249,0.9912840127944946,0.999626636505127,0.9922260046005249,0.9833365082740784,0.9492105841636658,0.7477725148200989,0.9820750951766968,0.9071605205535889,0.9756813049316406,0.9981929063796997,0.9995384216308594,0.9800815582275391,0.7857142686843872,1.0,1.0,0.9998155236244202,0.9533620476722717,0.9892843961715698,0.9862886667251587,0.9894922971725464,0.9827137589454651,0.9747023582458496,0.9668769836425781,0.9884929656982422,0.9801860451698303,0.6926097869873047,6.097066402435303,0.6971399188041687,0.9435662031173706

62,0.20565497875213623,0.939338207244873,0.9650542736053467,0.9833948612213135,0.9971391558647156,0.9832165241241455,0.9831274151802063,0.9832165241241455,0.9837488532066345,0.9836595058441162,0.995116114616394,0.9834840297698975,0.9135918617248535,0.9776958227157593,0.982768177986145,0.9096697568893433,0.6194513440132141,0.9837518334388733,0.9832165241241455,0.7960940599441528,0.9836095571517944,0.9930776357650757,0.9998130202293396,0.9980087280273438,0.9834569692611694,0.9561235904693604,0.7520880699157715,0.9795899391174316,0.9063214063644409,0.9814391732215881,0.9986633658409119,0.9989831447601318,0.9776298999786377,0.9999078512191772,1.0,0.999907374382019,0.9992614388465881,0.9515496492385864,0.9886637926101685,0.9874604940414429,0.9881239533424377,0.9851218461990356,0.9756414890289307,0.9666852951049805,0.9665486812591553,0.9794952869415283,0.6744197607040405,5.67870306968689,0.694503128528595,0.939338207244873
63,0.19128839671611786,0.9485294222831726,0.9647336602210999,0.9845046997070312,0.9975087642669678,0.9845075607299805,0.9846863746643066,0.9840611815452576,0.9844153523445129,0.9849492311477661,0.9976032376289368,0.9846835136413574,0.9019372463226318,0.9801916480064392,0.9839690327644348,0.9206047058105469,0.6360353231430054,0.9843260049819946,0.9843260049819946,0.7817070484161377,0.9824190139770508,0.9989700317382812,0.9999064803123474,0.9984802007675171,0.9861190319061279,0.951919436454773,0.7446465492248535,0.9818337559700012,0.913225531578064,0.9728373885154724,0.998102068901062,0.9992613196372986,0.9808763265609741,0.6578947305679321,1.0,0.9998149871826172,0.9990766048431396,0.9555700421333313,0.9870129823684692,0.9869743585586548,0.9873558878898621,0.988934338092804,0.9766685366630554,0.9678258895874023,0.9905345439910889,0.9789611101150513,0.6841393113136292,5.82552433013916,0.686453104019165,0.9485294222831726
64,0.20338746905326843,0.9409926533699036,0.9633058309555054,0.9816285371780396,0.9979678392410278,0.9802982807159424,0.9814506769180298,0.9806523323059082,0.980563759803772,0.9818954467773438,0.9738581776618958,0.9819844961166382,0.8441038727760315,0.9779601693153381,0.9821626543998718,0.7833694815635681,0.6807118058204651,0.982340931892395,0.9813618659973145,0.7757918238639832,0.981685996055603,0.9965433478355408,0.999812662601471,0.9993327856063843,0.9885801076889038,0.9546319246292114,0.7562985420227051,0.976607084274292,0.910697340965271,0.9750191569328308,0.9974285364151001,0.9990766048431396,0.9799777269363403,0.8095238208770752,1.0,0.9310344457626343,0.9996312856674194,0.9540358781814575,0.9867174625396729,0.985578715801239,0.9870673418045044,0.9991649389266968,0.973028302192688,0.9669899344444275,0.9644118547439575,0.9782689809799194,0.6890763640403748,5.971633195877075,0.6965732574462891,0.9409926533699036
65,0.21541106700897217,0.9389705657958984,0.9655032157897949,0.9803650379180908,0.996587336063385,0.9814370274543762,0.9815259575843811,0.9809857606887817,0.9814370274543762,0.9810816049575806,0.9960317611694336,0.9804608225822449,0.9352496862411499,0.9762696027755737,0.9815225601196289,0.8580121994018555,0.815069317817688,0.9809927940368652,0.9812626838684082,0.801780104637146,0.9814916849136353,0.9981294870376587,0.9998134970664978,0.9985690116882324,0.9864609241485596,0.9567936658859253,0.7492432594299316,0.9775835871696472,0.9194191694259644,0.975372314453125,0.998765230178833,0.9993534088134766,0.9807014465332031,0.7749999761581421,0.9999076128005981,0.97408127784729,0.999354362487793,0.9561485052108765,0.9862632155418396,0.9871723651885986,0.9876957535743713,0.99008709192276,0.9716225862503052,0.968187689781189,0.9819433689117432,0.9793449640274048,0.6972050666809082,5.756727457046509,0.7055789828300476,0.9389705657958984
66,0.18527954816818237,0.9441176652908325,0.9682241678237915,0.9844182133674622,0.9951179027557373,0.984868049621582,0.9851393699645996,0.9835265874862671,0.9848708510398865,0.9847813844680786,0.8738025426864624,0.9842454195022583,0.7422623634338379,0.9792435169219971,0.9849603176116943,0.9213435053825378,0.763846755027771,0.9848708510398865,0.9848708510398865,0.8560311198234558,0.9838887453079224,0.9972952604293823,0.9999065399169922,0.9980041980743408,0.9850105047225952,0.9545108079910278,0.746953547000885,0.9803156852722168,0.9189753532409668,0.9784966707229614,0.9978153705596924,0.9993547201156616,0.9808262586593628,1.0,0.9998152256011963,1.0,0.9996309280395508,0.9553670883178711,0.9891163110733032,0.9883958101272583,0.988115131855011,0.9945106506347656,0.9775605201721191,0.9700855016708374,0.9931278228759766,0.9785076379776001,0.6794495582580566,5.621596574783325,0.7059834599494934,0.9441176652908325
67,0.18834955990314484,0.9461396932601929,0.9686751961708069,0.9845941066741943,0.9971433877944946,0.9851338863372803,0.9849492311477661,0.9844268560409546,0.9848736524581909,0.9847004413604736,0.9301570653915405,0.9845218658447266,0.7807382345199585,0.9805458188056946,0.9846948385238647,0.9798892736434937,0.8227323293685913,0.985058069229126,0.9845218658447266,0.8486026525497437,0.9788135290145874,0.9994399547576904,0.9999064207077026,0.9979182481765747,0.9911613464355469,0.947308361530304,0.7446788549423218,0.9798479080200195,0.9223301410675049,0.983735978603363,0.9993370771408081,0.9993544816970825,0.9825356006622314,0.9583333730697632,0.9721300005912781,1.0,0.9993541240692139,0.9540272951126099,0.9864413142204285,0.9853872060775757,0.9884586334228516,0.9965639114379883,0.9765393137931824,0.9655364751815796,0.9717156887054443,0.9787174463272095,0.6859480142593384,6.108260869979858,0.6968640089035034,0.9461396932601929
68,0.19731813669204712,0.9415441155433655,0.9661272764205933,0.9813343286514282,0.9974155426025391,0.9806272983551025,0.9806272983551025,0.9808012247085571,0.9809823036193848,0.9801843166351318,0.9785526990890503,0.9805386066436768,0.6481339931488037,0.976673424243927,0.9808934926986694,0.945970892906189,0.7922497391700745,0.9807159900665283,0.9816046953201294,0.8538732528686523,0.983345627784729,0.9945733547210693,0.9999065399169922,0.9954320192337036,0.983323872089386,0.951270341873169,0.7482424378395081,0.9812072515487671,0.931540846824646,0.9806046485900879,0.9992389678955078,0.9985253810882568,0.981224536895752,0.5,1.0,0.9856218099594116,0.999538779258728,0.9544943571090698,0.9875441789627075,0.9862504601478577,0.9892072677612305,0.9940465092658997,0.9723408222198486,0.964804470539093,0.9893202185630798,0.9826465845108032,0.7126201391220093,5.793565511703491,0.7202799916267395,0.9415441155433655
69,0.18395991623401642,0.9490808844566345,0.9672131538391113,0.9826568365097046,0.9964022040367126,0.9843202233314514,0.9841415882110596,0.9839542508125305,0.9836956262588501,0.9849492311477661,0.9588665962219238,0.9843202233314514,0.8050332069396973,0.9798855781555176,0.9844989776611328,0.9463901519775391,0.7151671648025513,0.983612596988678,0.9847673177719116,0.852222204208374,0.9829587340354919,0.997389554977417,0.9999066591262817,0.9952462315559387,0.9865663051605225,0.9541293382644653,0.7464748620986938,0.9789851903915405,0.9244351387023926,0.9857959747314453,0.9991480112075806,0.9991707801818848,0.9835155010223389,0.5681818127632141,1.0,0.9999072551727295,0.9994474053382874,0.9549962282180786,0.9874604940414429,0.9862975478172302,0.9871604442596436,0.9983292818069458,0.9763633012771606,0.9642326235771179,0.9921889305114746,0.9775551557540894,0.6967483162879944,5.511640548706055,0.710978090763092,0.9490808844566345
70,0.17379657924175262,0.9468749761581421,0.9694874286651611,0.9841387271881104,0.9967712163925171,0.9844989776611328,0.9843202233314514,0.9840494394302368,0.9844989776611328,0.9844989776611328,0.9976924657821655,0.9841415882110596,0.9950165748596191,0.9791551232337952,0.9836065769195557,0.9543358087539673,0.831456184387207,0.9847673177719116,0.9844095706939697,0.879603922367096,0.9773188233375549,0.9948569536209106,1.0,0.9964948892593384,0.9845702648162842,0.9477823972702026,0.7451575994491577,0.9798287153244019,0.9346791505813599,0.9744470119476318,0.9995245337486267,0.9985239505767822,0.9807870388031006,0.8809523582458496,1.0,0.914893627166748,0.999538242816925,0.9562255144119263,0.9885035753250122,0.988642692565918,0.9886869192123413,0.9996289014816284,0.9780067205429077,0.9658310413360596,0.9992554187774658,0.9828901290893555,0.6967581510543823,5.685144424438477,0.714046835899353,0.9468749761581421

71,0.19956238567829132,0.9395220875740051,0.9674333333969116,0.9805278778076172,0.9977835416793823,0.9803614616394043,0.9808082580566406,0.9805314540863037,0.9813412427902222,0.9809857606887817,0.949705183506012,0.9810780882835388,0.8532726764678955,0.9773313999176025,0.9814370274543762,0.9211522340774536,0.6866377592086792,0.9805494546890259,0.9816149473190308,0.8980609178543091,0.9844468832015991,0.9979454278945923,0.9997190237045288,0.9990512132644653,0.9944803714752197,0.9508835077285767,0.7531777620315552,0.9813511371612549,0.9361073970794678,0.973729133605957,0.9995256066322327,0.998060941696167,0.9816666841506958,0.6190476417541504,0.9374078512191772,0.9558823108673096,0.9992619752883911,0.9579055309295654,0.9878048896789551,0.9878116846084595,0.9889034032821655,0.9972103834152222,0.9716225862503052,0.9660059213638306,0.9991649389266968,0.9799331426620483,0.7134878635406494,5.576631784439087,0.7046195268630981,0.9395220875740051
72,0.1793796271085739,0.9448529481887817,0.9697887897491455,0.9816149473190308,0.99797123670578,0.9819977879524231,0.9813824892044067,0.9806201457977295,0.9816386699676514,0.9820901155471802,0.997969388961792,0.9817376732826233,0.6928966641426086,0.9783409833908081,0.9816454648971558,0.9156848192214966,0.7968236207962036,0.9817410707473755,0.9825452566146851,0.8924800753593445,0.9870260953903198,0.9983142614364624,1.0,0.9986623525619507,0.9991431832313538,0.9490009546279907,0.7543576955795288,0.9817469120025635,0.941466212272644,0.9733649492263794,0.9991451501846313,0.9991707801818848,0.9807157516479492,0.7811578512191772,0.96875,0.999907374382019,0.9992610216140747,0.9592142105102539,0.9904078841209412,0.9879518151283264,0.9910863637924194,0.9988833069801331,0.9748094081878662,0.970215916633606,0.9990723133087158,0.9812511205673218,0.7084234952926636,5.431052207946777,0.7094300985336304,0.9448529481887817
73,0.17773942649364471,0.9448529481887817,0.9714795351028442,0.981833279132843,0.9960302710533142,0.9824755191802979,0.9821197986602783,0.9813721776008606,0.9825645685195923,0.9825645685195923,0.9974188804626465,0.982386589050293,0.9608795642852783,0.9783693552017212,0.9832748174667358,0.7910213470458984,0.8439790606498718,0.9829210042953491,0.9830101728439331,0.8975546360015869,0.9852778911590576,0.999719500541687,0.9999066591262817,0.9987585544586182,0.9986686706542969,0.9505119323730469,0.7561370134353638,0.9784261584281921,0.94389408826828,0.9830282330513,0.9993342161178589,0.998430609703064,0.9812036752700806,0.9615384340286255,0.9998153448104858,0.9634146690368652,0.999538779258728,0.9558274149894714,0.9889692068099976,0.9880067110061646,0.9870697259902954,0.9993501901626587,0.9744593501091003,0.9662086963653564,0.9986017942428589,0.9813196659088135,0.7097448706626892,5.784877300262451,0.7084660530090332,0.9448529481887817
74,0.17965413630008698,0.9444853067398071,0.9703766107559204,0.9811807870864868,0.9953866004943848,0.9821000099182129,0.9822053909301758,0.9796785116195679,0.9821165204048157,0.9822053909301758,0.9982482194900513,0.98247230052948,0.9912329316139221,0.9780442714691162,0.9828286170959473,0.9462037682533264,0.613154947757721,0.9822943210601807,0.9830962419509888,0.9014618396759033,0.9143067598342896,0.9817694425582886,0.9999064803123474,0.9985743761062622,0.992581307888031,0.9516464471817017,0.7504284977912903,0.9762580394744873,0.9446768164634705,0.9902355074882507,0.9997150897979736,0.9984340667724609,0.981597900390625,0.8400000333786011,1.0,0.8483923673629761,0.9997234344482422,0.9562616944313049,0.989585280418396,0.9884886741638184,0.9880311489105225,0.9987905025482178,0.9754618406295776,0.9673670530319214,0.9989761710166931,0.9837390780448914,0.7220439314842224,5.574124097824097,0.7128189206123352,0.9444853067398071
75,0.18145857751369476,0.9474264979362488,0.9719006419181824,0.9822747707366943,0.9953789710998535,0.9821956157684326,0.9822845458984375,0.9788823127746582,0.9823735952377319,0.9821956157684326,0.999079704284668,0.9820176959037781,0.9940015077590942,0.97757887840271,0.982729971408844,0.9768450260162354,0.50737464427948,0.9822845458984375,0.9820176959037781,0.8986110687255859,0.9850883483886719,1.0,0.9998136162757874,0.997817873954773,0.9969696998596191,0.9554502367973328,0.7507601976394653,0.9788973331451416,0.9477697610855103,0.9929483532905579,0.9994292259216309,0.997782289981842,0.9798962473869324,1.0,1.0,1.0,0.999445915222168,0.9571908116340637,0.988532543182373,0.9877369403839111,0.9892213344573975,0.9997206330299377,0.9743589758872986,0.9678319096565247,0.9995346069335938,0.9813710451126099,0.736169695854187,5.555757999420166,0.7304196953773499,0.9474264979362488
76,0.163641095161438,0.9527573585510254,0.9732130765914917,0.9818887710571289,0.9968646168708801,0.9830352067947388,0.9838352203369141,0.9806272983551025,0.9829555749893188,0.9834840297698975,0.970588207244873,0.9833025932312012,0.993723452091217,0.9798082113265991,0.9834009408950806,0.9501198530197144,0.6363120079040527,0.9826887845993042,0.9836685657501221,0.9152964949607849,0.9840729236602783,1.0,0.9999068975448608,0.9978963136672974,0.9958078861236572,0.9523041844367981,0.7471526265144348,0.981442928314209,0.9503787755966187,0.9904960989952087,0.9990501403808594,0.9985237121582031,0.9822057485580444,1.0,1.0,0.9613533020019531,0.9997233152389526,0.9603100419044495,0.9898472428321838,0.9885709285736084,0.9893341064453125,0.999442458152771,0.9777798652648926,0.9689590930938721,0.999721884727478,0.9824316501617432,0.7329275608062744,5.741693019866943,0.7334878444671631,0.9527573585510254
77,0.17997640371322632,0.9474264979362488,0.971176028251648,0.9812730550765991,0.9964976906776428,0.98264080286026,0.9824658632278442,0.9809041023254395,0.9822053909301758,0.9822878241539001,0.9749077558517456,0.9824658632278442,0.9902069568634033,0.9797122478485107,0.9820276498794556,0.9790706634521484,0.7779316902160645,0.98247230052948,0.9827554225921631,0.9014097452163696,0.9867501258850098,0.9999067783355713,0.9998130798339844,0.9970414638519287,0.9978153705596924,0.9532175064086914,0.7544125914573669,0.9805529117584229,0.9470230340957642,0.9918251037597656,0.999618649482727,0.9989856481552124,0.9799185991287231,1.0,0.9411764740943909,0.925000011920929,0.9993541240692139,0.960044801235199,0.9915474653244019,0.9893221855163574,0.9906151294708252,0.9869444370269775,0.975587010383606,0.9686164855957031,0.9990723133087158,0.9778233766555786,0.7126435041427612,5.693343877792358,0.7274159789085388,0.9474264979362488
78,0.1679825633764267,0.9496323466300964,0.9735593795776367,0.9816386699676514,0.9972350597381592,0.9823474884033203,0.9817342758178711,0.9788784384727478,0.9821823835372925,0.9812051057815552,0.9980623722076416,0.9816454648971558,0.9907664060592651,0.9781566858291626,0.9825388193130493,0.9782288074493408,0.9241254329681396,0.9814712405204773,0.9820934534072876,0.9070714712142944,0.9812189340591431,1.0,1.0,0.9980045557022095,0.9997148513793945,0.9533181190490723,0.7545575499534607,0.9792463779449463,0.9449838399887085,0.9926680326461792,0.999809741973877,0.9988007545471191,0.9812511205673218,1.0,1.0,0.9882794618606567,0.9993538856506348,0.9575004577636719,0.9905028343200684,0.98661208152771,0.9903363585472107,0.9997208714485168,0.975157618522644,0.9672070145606995,0.9997215270996094,0.984050452709198,0.7260733246803284,5.666971445083618,0.725391149520874,0.9496323466300964
79,0.16251955926418304,0.9494485259056091,0.9731489419937134,0.9821033477783203,0.9966789484024048,0.982129693031311,0.9836474657058716,0.9793434143066406,0.9835580587387085,0.9829335808753967,0.9992616176605225,0.9831118583679199,0.9890942573547363,0.9787862300872803,0.9831087589263916,0.9228656888008118,0.7817182540893555,0.9825774431228638,0.9827554225921631,0.9134615659713745,0.981580376625061,0.9999065399169922,0.9999064207077026,0.9992401599884033,0.9997140169143677,0.9592010974884033,0.7557586431503296,0.980377197265625,0.9454235434532166,0.9928680062294006,0.999618649482727,0.9987072944641113,0.9806696176528931,0.761904776096344,1.0,1.0,0.9995390176773071,0.9584739208221436,0.9901541471481323,0.9884757995605469,0.9874837398529053,0.999440610408783,0.9777259826660156,0.9668092131614685,0.9993494749069214,0.9822655916213989,0.7396447658538818,5.641529321670532,0.7498217821121216,0.9494485259056091
80,0.18257249891757965,0.9463235139846802,0.9710371494293213,0.9804990887641907,0.9964022040367126,0.9804319739341736,0.9802510142326355,0.9779479503631592,0.9806946516036987,0.9794621467590332,1.0,0.9804319739341736,0.9906878471374512,0.9778720140457153,0.98006272315979,0.9550007581710815,0.7106740474700928,0.9807834625244141,0.9801660776138306,0.920303225517273,0.9785253405570984,0.9999066591262817,0.9999065399169922,0.9990487098693848,0.9995253086090088,0.9556841850280762,0.7550399303436279,0.9799085855484009,0.9486275315284729,0.9924890995025635,0.9996190071105957,0.9988007545471191,0.9813274145126343,0.8333333730697632,1.0,0.9999073147773743,0.9998154640197754,0.9582089185714722,0.9923720955848694,0.9880930185317993,0.9879977703094482,0.9995348453521729,0.9732092618942261,0.9660797119140625,0.9996284246444702,0.9812023043632507,0.7109835743904114,5.663089752197266,0.7601922154426575,0.9463235139846802

81,0.15215452015399933,0.9564338326454163,0.9714239835739136,0.9842454195022583,0.9960273504257202,0.9845912456512451,0.985228955745697,0.9807302355766296,0.984963059425354,0.9842512607574463,0.9583333730697632,0.9847842454910278,0.9907698035240173,0.9818265438079834,0.9845104217529297,0.9606105089187622,0.8179051876068115,0.984963059425354,0.985144853591919,0.903931736946106,0.9835387468338013,0.9999061822891235,0.9998133182525635,0.9988558292388916,0.9986732006072998,0.9553843140602112,0.7523293495178223,0.9796949625015259,0.9448027610778809,0.9947679042816162,0.9995233416557312,0.9978786110877991,0.9806588888168335,0.7250000238418579,1.0,0.8413708209991455,0.9989856481552124,0.9582086801528931,0.9930452108383179,0.9867026209831238,0.9887546300888062,0.9909493923187256,0.9786285161972046,0.9681326746940613,0.9997211694717407,0.9776105880737305,0.6970828175544739,5.616379022598267,0.757663905620575,0.9564338326454163

82,0.17513862252235413,0.9492647051811218,0.9712808132171631,0.9821956157684326,0.9957572221755981,0.9824658632278442,0.9822087287902832,0.9792397022247314,0.982571005821228,0.9828381538391113,1.0,0.9831055998802185,0.9923446178436279,0.9794937968254089,0.9815735816955566,0.9517325162887573,0.7557929754257202,0.9828381538391113,0.9836413860321045,0.9088219404220581,0.8850828409194946,0.999906599521637,1.0,0.9984771013259888,0.9995262622833252,0.9543287754058838,0.758384108543396,0.9804239869117737,0.9490591287612915,0.9835675954818726,0.9995236396789551,0.998984694480896,0.9806481599807739,0.71875,1.0,0.9046692848205566,0.9996314644813538,0.9568997621536255,0.9935921430587769,0.9883720874786377,0.9898924231529236,0.9986996054649353,0.9774415493011475,0.9672497510910034,0.9994428157806396,0.9796544313430786,0.6871743202209473,6.1040754318237305,0.7524377703666687,0.9492647051811218
83,0.15775614976882935,0.9511029124259949,0.9714304208755493,0.9847898483276367,0.9964022040367126,0.9851558208465576,0.9854323863983154,0.9825902581214905,0.985519289970398,0.9854243397712708,0.9999077320098877,0.985788106918335,0.9948368072509766,0.982011079788208,0.9458760023117065,0.9812730550765991,0.8353831768035889,0.9856141805648804,0.9856114983558655,0.9119444489479065,0.9851667881011963,0.9998127222061157,1.0,0.9993333220481873,0.9999047517776489,0.9501424431800842,0.7566413879394531,0.9810620546340942,0.9485714435577393,0.98406982421875,0.9996195435523987,0.9982469081878662,0.9818384051322937,0.9629629850387573,1.0,0.6794871687889099,0.9997232556343079,0.957849383354187,0.9954578876495361,0.9884586334228516,0.9899721145629883,0.9995351433753967,0.9794952869415283,0.965273916721344,0.9991601705551147,0.9876806139945984,0.7114164233207703,5.719562292098999,0.7391998171806335,0.9511029124259949
84,0.15640023350715637,0.9551470875740051,0.9708981513977051,0.9831180572509766,0.9980638027191162,0.9833764433860779,0.9832963943481445,0.9790706634521484,0.9829398393630981,0.9823172092437744,0.95652174949646,0.982943058013916,0.9933652877807617,0.9806201457977295,0.9582904577255249,0.978613555431366,0.8602128028869629,0.9840975999832153,0.9828571081161499,0.9140769243240356,0.9837076663970947,0.9939543008804321,0.9999065399169922,0.9995243549346924,0.9997140169143677,0.9535238146781921,0.7504292726516724,0.9797489643096924,0.9480160474777222,0.9925728440284729,0.9996204376220703,0.999445915222168,0.9828957319259644,0.7647058963775635,1.0,0.7142857313156128,0.9993548393249512,0.9551582336425781,0.9959152936935425,0.9881992340087891,0.9881107211112976,0.9988833069801331,0.9773869514465332,0.9656935930252075,0.9997214078903198,0.9818181991577148,0.6857078671455383,5.843878746032715,0.7551231384277344,0.9551470875740051
85,0.1537805050611496,0.9542279243469238,0.9731254577636719,0.983468770980835,0.99704909324646,0.9835580587387085,0.9833856821060181,0.9789628982543945,0.9832134246826172,0.9836655855178833,1.0,0.9833056926727295,0.9935412406921387,0.979985237121582,0.9813687801361084,0.9794318675994873,0.9771400690078735,0.9824125170707703,0.9829493165016174,0.920715868473053,0.983330249786377,0.9998133778572083,1.0,0.998664379119873,0.9999050498008728,0.9514166116714478,0.7549335956573486,0.9797027111053467,0.9539310932159424,0.9933358430862427,0.999809741973877,0.998525857925415,0.9808297753334045,0.9166666269302368,0.9999076128005981,0.7836912870407104,0.9990759491920471,0.9573694467544556,0.9946877956390381,0.9890395402908325,0.9898924231529236,0.9983296394348145,0.9785355925559998,0.9679821729660034,0.9997217655181885,0.9804723858833313,0.6971933841705322,5.71375036239624,0.7722366452217102,0.9542279243469238
86,0.16167756915092468,0.9527573585510254,0.9728624820709229,0.9820966720581055,0.9976019263267517,0.9815430045127869,0.9822911024093628,0.9785898923873901,0.9822911024093628,0.9822943210601807,0.9722222089767456,0.9824690818786621,0.9902231693267822,0.9786016941070557,0.9798744320869446,0.9030442833900452,0.8712177276611328,0.9830101728439331,0.98247230052948,0.9189990758895874,0.9443098306655884,0.9954545497894287,1.0,0.9999052882194519,0.9995238184928894,0.9563777446746826,0.7537199258804321,0.9811052083969116,0.9553183317184448,0.9939174652099609,0.9999049305915833,0.999170184135437,0.9816395044326782,0.8571428656578064,1.0,0.9591836929321289,0.9994473457336426,0.9606615304946899,0.9941471815109253,0.9879137277603149,0.9888350963592529,0.9922581315040588,0.9760885834693909,0.9705718755722046,0.9997214078903198,0.9833364486694336,0.7204575538635254,5.672364950180054,0.7646763920783997,0.9527573585510254
87,0.15647515654563904,0.9555147290229797,0.9703574180603027,0.9824787974357605,0.99759840965271,0.9831149578094482,0.9832196235656738,0.9782448410987854,0.9827744960784912,0.9840081334114075,0.9735919833183289,0.9832165241241455,0.9555089473724365,0.9800110459327698,0.9815464019775391,0.9534850120544434,0.5981566905975342,0.9832994937896729,0.9838441610336304,0.9213545322418213,0.9818500280380249,1.0,1.0,0.9998092651367188,0.9997150897979736,0.9562392234802246,0.7575266361236572,0.9819897413253784,0.9554333686828613,0.9941221475601196,0.9996206760406494,0.9992618560791016,0.9829566478729248,0.7749077677726746,1.0,0.7566642165184021,0.9992618560791016,0.9575004577636719,0.9963754415512085,0.9877254962921143,0.9890415668487549,0.999627947807312,0.9777158498764038,0.9690702557563782,0.9893506765365601,0.9791356325149536,0.6879876852035522,5.727084398269653,0.7801759839057922,0.9555147290229797
88,0.14514991641044617,0.9573529362678528,0.9714710116386414,0.9856958389282227,0.9974184036254883,0.9850415587425232,0.9849741458892822,0.9816555976867676,0.9849824905395508,0.9847925901412964,1.0,0.9857854843139648,0.9898430109024048,0.9819221496582031,0.9830352067947388,0.9189712405204773,0.8247989416122437,0.9847089052200317,0.9852398633956909,0.9125069379806519,0.9832535982131958,1.0,0.9999066591262817,0.9996185302734375,0.9999048709869385,0.9574246406555176,0.752756655216217,0.9787416458129883,0.9495247006416321,0.9938012361526489,0.9998105764389038,0.9996315240859985,0.984163761138916,0.5555555820465088,1.0,0.8275861740112305,0.9993546009063721,0.9585525989532471,0.9967472553253174,0.9900649785995483,0.9891445636749268,0.9995351433753967,0.9799144268035889,0.9659491777420044,0.9998139142990112,0.9836522340774536,0.6867592334747314,5.609128952026367,0.7817702293395996,0.9573529362678528
89,0.14842814207077026,0.9560661911964417,0.9732621908187866,0.9834040403366089,0.9987092018127441,0.983136773109436,0.9841299057006836,0.9798855781555176,0.9842193126678467,0.9833210706710815,1.0,0.9840317964553833,0.9906843900680542,0.9846253395080566,0.9817208051681519,0.9798929691314697,0.9777839183807373,0.9851146340370178,0.9840376377105713,0.9154303073883057,0.9838828444480896,0.9690424799919128,1.0,0.999904990196228,0.9997138381004333,0.9561119675636292,0.7539047598838806,0.9804013967514038,0.9521276950836182,0.9937310218811035,0.9998100399971008,0.9993536472320557,0.9825893640518188,0.5,1.0,0.875,0.9995378255844116,0.9583021402359009,0.9959940314292908,0.9890191555023193,0.9895020723342896,0.9852279424667358,0.9774749279022217,0.9676011800765991,0.9994428157806396,0.9879204630851746,0.7217705249786377,5.646714210510254,0.7889127731323242,0.9560661911964417
90,0.145670548081398,0.9555147290229797,0.9743309617042542,0.9828571081161499,0.9974184036254883,0.9836565256118774,0.9832041263580322,0.980996310710907,0.9832994937896729,0.9836685657501221,1.0,0.9836685657501221,0.9915989637374878,0.982485294342041,0.9804356098175049,0.9600821137428284,0.7971402406692505,0.983474850654602,0.9833148717880249,0.9222509860992432,0.984993577003479,1.0,1.0,0.9983855485916138,0.9999046325683594,0.9533599615097046,0.7505229115486145,0.9807583093643188,0.9605063199996948,0.9922156929969788,0.9998103976249695,0.9998156428337097,0.9835124015808105,0.7647058963775635,1.0,1.0,0.999538779258728,0.9599179625511169,0.9960029721260071,0.9904114603996277,0.9901560544967651,0.9842370748519897,0.9774957895278931,0.9678584337234497,0.9997212886810303,0.9834572076797485,0.7440701723098755,5.69939661026001,0.7844299077987671,0.9555147290229797

91,0.16150785982608795,0.9547793865203857,0.9718536138534546,0.984043538570404,0.9970517754554749,0.9831211566925049,0.9841269850730896,0.9797122478485107,0.9838590621948242,0.9841240644454956,1.0,0.9835944771766663,0.915774941444397,0.9819744825363159,0.9799704551696777,0.8387627005577087,0.7672328948974609,0.9837728142738342,0.9846693873405457,0.9219155311584473,0.9006386399269104,0.988225519657135,0.9938825368881226,0.9993351101875305,0.9996197819709778,0.9559718370437622,0.7598215937614441,0.980377197265625,0.9586029648780823,0.9948639869689941,0.999714732170105,0.9995384216308594,0.982202410697937,0.9791666269302368,1.0,0.9444444179534912,0.9996312856674194,0.9589964151382446,0.9977748990058899,0.9878048896789551,0.9897883534431458,0.9995347261428833,0.9788379669189453,0.9656680226325989,0.9998143315315247,0.9879932999610901,0.7213239073753357,5.833458423614502,0.7911155223846436,0.9547793865203857
92,0.15012340247631073,0.9564338326454163,0.9712444543838501,0.983686625957489,0.9983397722244263,0.9825677871704102,0.9839364886283875,0.9798082113265991,0.984311580657959,0.9837788343429565,0.9210526347160339,0.984501838684082,0.9030748605728149,0.9873663187026978,0.981796383857727,0.9173119068145752,0.8241486549377441,0.9844239950180054,0.9849436283111572,0.9213202595710754,0.9855459332466125,1.0,0.9948621988296509,0.9993326663970947,0.9996215105056763,0.9599047899246216,0.7547692060470581,0.9804813265800476,0.9538959860801697,0.9935349225997925,0.9996215105056763,0.9999078512191772,0.9843489527702332,0.865384578704834,0.9545454978942871,0.8452380895614624,0.9998151063919067,0.9574049711227417,0.973202109336853,0.9893162250518799,0.9922905564308167,0.9149087071418762,0.9786165952682495,0.9688080549240112,0.9997211694717407,0.9824545383453369,0.7402580380439758,5.677785634994507,0.7851573824882507,0.9564338326454163
93,0.13328269124031067,0.9626837968826294,0.9728283286094666,0.9843922853469849,0.9974164962768555,0.983410120010376,0.9838680028915405,0.9783813953399658,0.9842308759689331,0.9847785830497742,1.0,0.9841474294662476,0.988189697265625,0.9968652129173279,0.9811704158782959,0.9590620994567871,0.9546756744384766,0.9852262139320374,0.9845104217529297,0.9232050180435181,0.985519289970398,0.9841169714927673,0.9999067187309265,0.9987663626670837,0.9970538020133972,0.9527297019958496,0.7526215314865112,0.9793844223022461,0.957770586013794,0.9938012361526489,0.9999051094055176,0.9999078512191772,0.9839037656784058,0.828125,1.0,0.7435897588729858,0.9996306896209717,0.9581546783447266,0.9980461597442627,0.988868236541748,0.9899572134017944,0.9996289014816284,0.9771965742111206,0.9704680442810059,0.9996281862258911,0.9832221269607544,0.7461670637130737,5.704440355300903,0.7992587089538574,0.9626837968826294
94,0.12877467274665833,0.9643382430076599,0.9749722480773926,0.9854162931442261,0.9977827072143555,0.9853348135948181,0.9854377508163452,0.9786016941070557,0.9852398633956909,0.9857010841369629,1.0,0.9859726428985596,0.986354410648346,0.9968640804290771,0.9822053909301758,0.9049268960952759,0.7274125814437866,0.9853402376174927,0.9859856367111206,0.9222509860992432,0.9811198711395264,1.0,0.9998131990432739,0.9997148513793945,0.9999052882194519,0.9580094814300537,0.7571184635162354,0.9808130264282227,0.9588347673416138,0.9933459758758545,0.9998095035552979,0.9997236728668213,0.9814780950546265,0.9814814925193787,0.9614461064338684,0.9756097793579102,0.9998152256011963,0.9567613005638123,0.9998139142990112,0.9851300716400146,0.988598108291626,0.9997217059135437,0.9755303263664246,0.9664061069488525,0.9997216463088989,0.9846853613853455,0.7435605525970459,5.663414239883423,0.8127827644348145,0.9643382430076599
95,0.1556279957294464,0.9520220756530762,0.9723581075668335,0.9828159809112549,0.9966832399368286,0.9821956157684326,0.9836565256118774,0.9789474010467529,0.9832134246826172,0.9836534857749939,0.8822607398033142,0.9827426671981812,0.9403136372566223,0.997413158416748,0.9789783954620361,0.978108286857605,0.8575069308280945,0.9828697443008423,0.9843894243240356,0.9229344129562378,0.9834253787994385,1.0,1.0,0.9983913898468018,0.9989547729492188,0.9586430788040161,0.7570449113845825,0.9797863960266113,0.9576754570007324,0.9944740533828735,0.9996206760406494,0.999722957611084,0.9834351539611816,0.7222222089767456,0.9642857313156128,0.8243243098258972,0.9996305704116821,0.9579604864120483,0.9983277320861816,0.9877140522003174,0.9905853867530823,0.9906305074691772,0.9786800146102905,0.9682215452194214,0.9997211694717407,0.9817640781402588,0.742898166179657,5.852274656295776,0.7828558087348938,0.9520220756530762
96,0.1346425861120224,0.9626837968826294,0.9738243818283081,0.9857010841369629,0.9981536269187927,0.986354410648346,0.9859089851379395,0.9798632860183716,0.9865238666534424,0.9861725568771362,0.9807692170143127,0.9863418340682983,0.989098310470581,0.9966832399368286,0.9842076301574707,0.9817276000976562,0.6653749346733093,0.9869998097419739,0.9866310358047485,0.9296571016311646,0.9360036849975586,1.0,1.0,0.9997154474258423,0.9998090863227844,0.9567078948020935,0.7603572607040405,0.9782402515411377,0.958372950553894,0.9938943386077881,0.9999051094055176,0.9995392560958862,0.9831293821334839,0.5,0.9999077916145325,0.9053128957748413,0.9994466304779053,0.9601571559906006,0.9994426965713501,0.9890294075012207,0.9900538921356201,0.9998139142990112,0.9915505647659302,0.9689239263534546,0.9996289014816284,0.9858840703964233,0.7317959070205688,5.713647365570068,0.8020026683807373,0.9626837968826294
97,0.1303987354040146,0.9628676176071167,0.9738115072250366,0.9856905341148376,0.9976941347122192,0.9853321313858032,0.986364483833313,0.9787744283676147,0.9865363240242004,0.986628532409668,0.9999078512191772,0.9859752655029297,0.990027666091919,0.9974174499511719,0.9826600551605225,0.9375075101852417,0.7484328746795654,0.9869830012321472,0.9869027733802795,0.9173921346664429,0.985916793346405,0.9999065399169922,1.0,0.999430775642395,0.9994279146194458,0.9562106132507324,0.7602556943893433,0.9801715612411499,0.9583888649940491,0.994390606880188,0.9995228052139282,0.9998155832290649,0.980144739151001,0.5,1.0,0.7499077320098877,0.9995388388633728,0.9564609527587891,0.9992547035217285,0.988737940788269,0.98967444896698,0.9999070167541504,0.9919115304946899,0.9747446775436401,0.9998142719268799,0.9822622537612915,0.7172343730926514,5.6990461349487305,0.8139735460281372,0.9628676176071167
98,0.12808947265148163,0.9652573466300964,0.9695964455604553,0.9866334795951843,0.9967700242996216,0.9862571358680725,0.9875530004501343,0.9791204929351807,0.9871865510940552,0.9874584674835205,0.9999076128005981,0.9873639345169067,0.9892086386680603,0.9970419406890869,0.9830195903778076,0.8808295130729675,0.7476937174797058,0.9879062175750732,0.9876611232757568,0.929337739944458,0.985275149345398,0.9952380657196045,1.0,0.9991456270217896,0.9985725283622742,0.9581749439239502,0.7614565491676331,0.9786243438720703,0.9620361328125,0.9938896298408508,0.9997141361236572,0.9993538856506348,0.9809046983718872,0.5,0.970588207244873,0.5,0.9997234344482422,0.9584965705871582,0.9985141158103943,0.9871819019317627,0.9885517358779907,0.9910423159599304,0.990413248538971,0.9712557792663574,0.9912863969802856,0.9832775592803955,0.7239443063735962,5.618451833724976,0.8112831115722656,0.9652573466300964
99,0.14204435050487518,0.9591912031173706,0.9725226163864136,0.9861546754837036,0.9982455968856812,0.985519289970398,0.9859778881072998,0.9782568216323853,0.9860726594924927,0.9862520694732666,1.0,0.9861444234848022,0.9921687841415405,0.9971418380737305,0.9822021722793579,0.9805243015289307,0.8738007545471191,0.9854458570480347,0.9866161942481995,0.9310728311538696,0.985275149345398,0.9744898080825806,1.0,0.9991469383239746,0.9991443157196045,0.9549172520637512,0.75602126121521,0.9814218282699585,0.9628679752349854,0.9943116903305054,0.9996210336685181,0.9997230768203735,0.983700692653656,0.5,0.976190447807312,0.671875,0.9995378255844116,0.9614738821983337,0.9986051321029663,0.9889219999313354,0.9893082976341248,0.9998136758804321,0.9843982458114624,0.969150722026825,0.9998143315315247,0.9823956489562988,0.7184355854988098,5.633421182632446,0.8126025199890137,0.9591912031173706
100,0.1247420683503151,0.9658088088035583,0.9751389622688293,0.987463116645813,0.9977835416793823,0.9875507354736328,0.9879173636436462,0.9807195663452148,0.9878273606300354,0.9883677959442139,0.9999077320098877,0.9877328872680664,0.9893911480903625,0.9973261952400208,0.9841387271881104,0.9441255331039429,0.879568338394165,0.9880095720291138,0.9876588582992554,0.9267345070838928,0.9865512251853943,0.9921875,1.0,0.9944793581962585,0.9995241165161133,0.9615603685379028,0.7532801032066345,0.980246901512146,0.9589665532112122,0.9954329133033752,0.9999053478240967,0.9998154640197754,0.9844588041305542,0.75,1.0,0.9351851940155029,0.9996305704116821,0.9587233066558838,0.9997212886810303,0.987938404083252,0.9899647235870361,0.9857292175292969,0.9914498329162598,0.9708728790283203,0.9999071359634399,0.983376681804657,0.722939133644104,5.790210008621216,0.8122870922088623,0.9658088088035583

101,0.1312228888273239,0.9608455896377563,0.9750149846076965,0.9858856201171875,0.9976919889450073,0.9851503372192383,0.9857116937637329,0.9782408475875854,0.9861572980880737,0.9862444400787354,1.0,0.9859752655029297,0.9910598993301392,0.9974188804626465,0.9825645685195923,0.960425853729248,0.8674064874649048,0.9862545728683472,0.9865214228630066,0.928359866142273,0.9866482615470886,1.0,0.9999067783355713,0.998573899269104,0.999430775642395,0.9638645648956299,0.7623028755187988,0.9796406030654907,0.962412416934967,0.9940963983535767,0.9997143745422363,0.9996311664581299,0.9814130067825317,0.6428571343421936,1.0,0.9199999570846558,0.9995384216308594,0.9618477821350098,0.9998136758804321,0.9881970286369324,0.9899404048919678,0.9999067783355713,0.9915459156036377,0.9732590913772583,0.9997217655181885,0.9824185967445374,0.7120187282562256,5.788033485412598,0.8095932006835938,0.9608455896377563
102,0.1363362818956375,0.9571691155433655,0.9697439670562744,0.986082911491394,0.9979727268218994,0.9858986139297485,0.9867984056472778,0.9774824380874634,0.9867984056472778,0.9866186380386353,0.9249078035354614,0.9869757890701294,0.9583256244659424,0.9975101351737976,0.9828507900238037,0.9811947345733643,0.979291558265686,0.9866236448287964,0.9859985113143921,0.9267840385437012,0.9854538440704346,0.9623656272888184,1.0,0.9949475526809692,0.9997150897979736,0.9644415378570557,0.7550227642059326,0.9815550446510315,0.9636796712875366,0.9956315159797668,0.9995243549346924,0.9995394945144653,0.9808226823806763,0.6052631735801697,1.0,0.5512820482254028,0.9993548393249512,0.9591341614723206,0.9999070167541504,0.9875325560569763,0.9875255823135376,0.9050352573394775,0.9918001890182495,0.9701451063156128,0.9998141527175903,0.985855221748352,0.7048258781433105,5.69730806350708,0.7983919978141785,0.9571691155433655
103,0.11527857184410095,0.9663602709770203,0.9752992391586304,0.9881962537765503,0.9974155426025391,0.9879195690155029,0.9881962537765503,0.9800110459327698,0.9881983995437622,0.9890099763870239,1.0,0.9875621795654297,0.9888273477554321,0.9974141120910645,0.9841357469558716,0.8350980281829834,0.9988020658493042,0.9880228042602539,0.9882949590682983,0.9250880479812622,0.9841737151145935,0.9998126029968262,1.0,0.9994284510612488,0.9998093843460083,0.9635071158409119,0.7601518034934998,0.9796211123466492,0.9624975919723511,0.993725061416626,0.9994300603866577,1.0,0.9817895889282227,0.6428571343421936,1.0,0.6896551847457886,0.9993548393249512,0.9602092504501343,0.9998141527175903,0.9872344732284546,0.9877866506576538,0.9998143911361694,0.9904186129570007,0.9737184047698975,0.9997209906578064,0.9878911972045898,0.7150853872299194,5.717496395111084,0.8112481236457825,0.9663602709770203
104,0.11887603253126144,0.9663602709770203,0.9705690145492554,0.989569902420044,0.9987099170684814,0.9884771108627319,0.9890302419662476,0.9805566072463989,0.988487720489502,0.9891144037246704,1.0,0.9888458847999573,0.9914222359657288,0.9974212646484375,0.9869949817657471,0.96830153465271,0.8420130014419556,0.9890322685241699,0.9891244173049927,0.926998496055603,0.9881368279457092,0.9524444937705994,0.8882043361663818,0.9983839988708496,0.9997153282165527,0.9647259712219238,0.750809371471405,0.9826897382736206,0.9588649868965149,0.995643138885498,0.9998100996017456,0.9994457960128784,0.9832686185836792,0.6590908765792847,1.0,0.79347825050354,0.9995394349098206,0.9581225514411926,0.9998144507408142,0.9900538921356201,0.988860011100769,0.9998141527175903,0.9927374124526978,0.9689936637878418,0.9998136758804321,0.9864488840103149,0.7069392204284668,5.701428651809692,0.810472846031189,0.9663602709770203
105,0.1290130317211151,0.9595588445663452,0.9720972776412964,0.9871699810028076,0.9983376264572144,0.9868906736373901,0.9875552654266357,0.9792550206184387,0.9873778820037842,0.9877351522445679,1.0,0.9878206253051758,0.9917081594467163,0.9972339868545532,0.9842338562011719,0.9597667455673218,0.9750000238418579,0.9872881174087524,0.9884622097015381,0.9254905581474304,0.9365561604499817,0.9829545021057129,0.971077561378479,0.9990473985671997,0.9989529848098755,0.957714319229126,0.7638334035873413,0.9794793725013733,0.9637819528579712,0.995810329914093,0.9999048709869385,0.9999078512191772,0.9825129508972168,0.52173912525177,1.0,0.7221295237541199,0.9995388984680176,0.9585821032524109,0.9997204542160034,0.9893063306808472,0.9905062913894653,0.9998135566711426,0.9919145107269287,0.9750185608863831,0.9922146797180176,0.9819836616516113,0.7124460935592651,5.66370415687561,0.7966515421867371,0.9595588445663452
106,0.1200728714466095,0.9645220637321472,0.9746494293212891,0.9876406192779541,0.9975041151046753,0.9876223802566528,0.9880996346473694,0.9792358875274658,0.987652063369751,0.9875599145889282,1.0,0.987529993057251,0.9897525906562805,0.9961225986480713,0.9839246273040771,0.9915176033973694,1.0,0.9877419471740723,0.9873825311660767,0.9252362251281738,0.9883099794387817,0.971170961856842,1.0,0.9990465641021729,0.999809741973877,0.9668886661529541,0.7586239576339722,0.9798210859298706,0.9627406001091003,0.9944835901260376,0.9998103976249695,0.9997234344482422,0.9834228754043579,0.5,1.0,0.7386363744735718,0.9991698861122131,0.9613946676254272,1.0,0.9901450276374817,0.9893003702163696,0.9999070167541504,0.9916372299194336,0.9779670238494873,0.9998140335083008,0.9822292327880859,0.7192781567573547,5.6335532665252686,0.8187400102615356,0.9645220637321472
107,0.13087263703346252,0.9604779481887817,0.9683823585510254,0.9852480292320251,0.9969523549079895,0.9847033023834229,0.9862393736839294,0.9774068593978882,0.9857933521270752,0.9857985973358154,1.0,0.9863165616989136,0.9914301633834839,0.9962128400802612,0.9812557697296143,0.9943768382072449,1.0,0.9858829975128174,0.9863418340682983,0.9248378276824951,0.9857195615768433,0.9999064207077026,0.7621951103210449,0.9998093843460083,0.9997159242630005,0.9591290950775146,0.7614800930023193,0.9816679358482361,0.9623995423316956,0.9965779781341553,0.9998109936714172,1.0,0.9851851463317871,0.5384615659713745,0.8888888955116272,0.6463414430618286,0.9997234344482422,0.9571722745895386,0.9999072551727295,0.9888330698013306,0.9887588024139404,0.9999071955680847,0.9923876523971558,0.9738993048667908,0.9996281266212463,0.9803391695022583,0.7170054316520691,6.049695014953613,0.8099096417427063,0.9604779481887817
108,0.11428569257259369,0.9676470756530762,0.9740402698516846,0.988086462020874,0.9975082874298096,0.9872764348983765,0.9872857928276062,0.979424238204956,0.9871983528137207,0.988095223903656,0.9999078512191772,0.9873732328414917,0.995576024055481,0.9980623722076416,0.9845132827758789,0.9523681402206421,0.9210526347160339,0.988365650177002,0.9883699417114258,0.924870491027832,0.9867403507232666,1.0,0.9247311949729919,1.0,1.0,0.9615018963813782,0.7588672637939453,0.9815167784690857,0.9636951088905334,0.9957248568534851,0.9998100996017456,0.9997232556343079,0.9830114841461182,0.6000000238418579,1.0,0.9411764740943909,0.9987994432449341,0.9584267139434814,0.9999070167541504,0.9906837940216064,0.9883829355239868,0.9401123523712158,0.9925622940063477,0.9725366830825806,0.9997215270996094,0.9828321933746338,0.7207105159759521,5.820555686950684,0.8238867521286011,0.9676470756530762

109,0.12545561790466309,0.9601103067398071,0.973360538482666,0.9860957860946655,0.9979678392410278,0.9873476028442383,0.987456202507019,0.9160213470458984,0.9879963397979736,0.9873639345169067,0.8500000238418579,0.9870070219039917,0.9041121006011963,0.9964055418968201,0.9847589135169983,0.9454879760742188,0.8235294222831726,0.9877238273620605,0.987281084060669,0.9276717901229858,0.985461950302124,1.0,0.9862082004547119,0.9995239973068237,0.9998102188110352,0.9633915424346924,0.7583174109458923,0.9812428951263428,0.9630860090255737,0.9936383962631226,0.999714732170105,0.9994455575942993,0.9824740290641785,0.5,0.9374078512191772,0.8428571224212646,0.9997232556343079,0.9583333730697632,0.9997212290763855,0.9902143478393555,0.9881970286369324,0.944258451461792,0.9933891892433167,0.9776396751403809,1.0,0.9838229417800903,0.7338030338287354,5.890016078948975,0.8015475273132324,0.9601103067398071
110,0.11828458309173584,0.9623161554336548,0.9746900796890259,0.9862672686576843,0.9982482194900513,0.9868032336235046,0.9870824813842773,0.9787018299102783,0.9869027733802795,0.9873522520065308,1.0,0.9869003295898438,0.9923347234725952,0.9968640804290771,0.9842883348464966,0.9689803123474121,0.9544533491134644,0.9862774014472961,0.9877215623855591,0.9281747341156006,0.9855326414108276,0.9941860437393188,1.0,0.999334990978241,0.9996198415756226,0.9612395763397217,0.7620458602905273,0.9809994697570801,0.9607082009315491,0.9961026906967163,0.9992373585700989,0.9999076128005981,0.9808404445648193,0.6111111044883728,0.939393937587738,0.8822604417800903,0.9998157024383545,0.9596970081329346,0.972355842590332,0.9898661375045776,0.9906203746795654,0.9551714062690735,0.9928451776504517,0.9807692170143127,0.999534547328949,0.9872841835021973,0.736842155456543,5.699864387512207,0.8102944493293762,0.9623161554336548

111,0.1175229549407959,0.963786780834198,0.9696305990219116,0.987269401550293,0.9977896213531494,0.987463116645813,0.9882841110229492,0.9800811409950256,0.987834095954895,0.9883742332458496,1.0,0.9878251552581787,0.9485691785812378,0.9976010322570801,0.985144853591919,0.9959387183189392,0.6135440468788147,0.9881962537765503,0.9883806705474854,0.9271180033683777,0.9865536689758301,0.9999064803123474,0.8613861799240112,1.0,0.9995239973068237,0.9627801179885864,0.7614328861236572,0.9794949293136597,0.963316798210144,0.9955238103866577,0.999620795249939,0.999722957611084,0.983521580696106,0.5,0.9229846000671387,0.7272727489471436,0.9994461536407471,0.9561026096343994,0.9999069571495056,0.9890395402908325,0.9894922971725464,0.988002598285675,0.9915443658828735,0.9823485612869263,0.9997210502624512,0.9859076738357544,0.7227849960327148,5.717671155929565,0.8218146562576294,0.963786780834198
112,0.10467708855867386,0.9715073704719543,0.9717360734939575,0.9867109656333923,0.9976919889450073,0.9871913194656372,0.987652063369751,0.981099009513855,0.988189697265625,0.9883742332458496,1.0,0.9877238273620605,0.9914159178733826,0.9972309470176697,0.9856905341148376,0.9737380743026733,0.5714285969734192,0.9881018400192261,0.9883871078491211,0.9302799701690674,0.9256259202957153,0.8924050331115723,1.0,0.9994301795959473,0.9997144341468811,0.9636639356613159,0.7556169033050537,0.9806482791900635,0.9631639122962952,0.9941948652267456,0.9997128248214722,0.9999077320098877,0.978865385055542,0.52173912525177,0.9999078512191772,0.6764705777168274,0.9997231960296631,0.9591112732887268,0.9999070167541504,0.9904416799545288,0.991733193397522,0.9999070167541504,0.9925788640975952,0.97191321849823,0.9913395643234253,0.9853132963180542,0.7287163734436035,5.71820855140686,0.8493692278862,0.9715073704719543
113,0.10874255746603012,0.9659926295280457,0.973242998123169,0.9843347072601318,0.9982478618621826,0.9583896398544312,0.9878273606300354,0.9359383583068848,0.9880930185317993,0.9877374172210693,0.8571428656578064,0.9866359233856201,0.9944659471511841,0.9976946115493774,0.9851475954055786,0.9699949026107788,0.7352941036224365,0.988640546798706,0.988642692565918,0.9261384606361389,0.9867305755615234,0.9723405241966248,0.9999064207077026,1.0,0.9997153282165527,0.9616339206695557,0.7620716094970703,0.9820747375488281,0.9654483199119568,0.9943063259124756,0.9997142553329468,0.9998154640197754,0.9815843105316162,0.6764705777168274,0.9210526347160339,0.7571429014205933,0.99944669008255,0.9602134227752686,0.9999070167541504,0.987938404083252,0.9907838106155396,0.9818181991577148,0.9924707412719727,0.9766554832458496,0.9999072551727295,0.9810197353363037,0.7301470637321472,5.74834132194519,0.8399319648742676,0.9659926295280457
114,0.13340425491333008,0.9591912031173706,0.9735615253448486,0.9823670387268066,0.9981556534767151,0.9846778512001038,0.9851558208465576,0.9761378169059753,0.9856932163238525,0.9859648942947388,0.9523809552192688,0.9846835136413574,0.9933628439903259,0.9976015090942383,0.9839483499526978,0.9463099241256714,1.0,0.9861419200897217,0.9865288734436035,0.9246575236320496,0.9856458902359009,0.9836021661758423,0.9942247867584229,0.9995248913764954,0.9998106360435486,0.9612595438957214,0.7663934230804443,0.9795995950698853,0.9632800817489624,0.9950476288795471,0.9996194243431091,0.9997232556343079,0.9813612699508667,0.5,0.9047619104385376,0.8409091234207153,0.999723494052887,0.9575145244598389,0.9998142719268799,0.9896974563598633,0.9899684190750122,0.9999071955680847,0.9921773076057434,0.9815950989723206,0.9999070167541504,0.9847725033760071,0.7191450595855713,5.654175043106079,0.82855224609375,0.9591912031173706
115,0.11104881018400192,0.9680147171020508,0.9699020981788635,0.9859959483146667,0.9987087249755859,0.9878160953521729,0.9897525906562805,0.9810780882835388,0.9889401197433472,0.9892145991325378,1.0,0.9870094060897827,0.9951097965240479,0.9974203109741211,0.9881809949874878,0.9652470350265503,0.7105263471603394,0.9888479709625244,0.9901236891746521,0.9283204078674316,0.9861878156661987,0.9692941904067993,0.749813437461853,0.9986651539802551,0.9998093843460083,0.96645188331604,0.7648741006851196,0.9780751466751099,0.964625358581543,0.994844377040863,0.9997155666351318,1.0,0.9836552739143372,0.5454545617103577,1.0,0.8235294222831726,0.9994465112686157,0.958434522151947,0.9999072551727295,0.9893854856491089,0.9899609684944153,0.9537037014961243,0.9915443658828735,0.9791860580444336,0.9919084906578064,0.9845495223999023,0.7316602468490601,6.105084419250488,0.8519620299339294,0.9680147171020508
116,0.11927701532840729,0.9674632549285889,0.9748162031173706,0.9855352640151978,0.9982498288154602,0.985703706741333,0.9883506298065186,0.979620099067688,0.9875599145889282,0.9879262447357178,1.0,0.9863342642784119,0.9638094902038574,0.9976946115493774,0.9863519072532654,0.9202208518981934,1.0,0.9882841110229492,0.9888458847999573,0.9227348566055298,0.9872928261756897,0.9999063611030579,0.9234360456466675,0.9999053478240967,0.999715268611908,0.9647606611251831,0.7568107843399048,0.9803142547607422,0.9632269144058228,0.9956207275390625,0.9998099207878113,0.9999076724052429,0.9820569753646851,0.6764705777168274,0.9999077320098877,0.8513513803482056,0.999722957611084,0.959345817565918,0.9998137950897217,0.9904168248176575,0.9916294813156128,0.9997214078903198,0.993496835231781,0.980301022529602,0.999813437461853,0.985384464263916,0.7292793393135071,5.6461851596832275,0.8363620638847351,0.9674632549285889
117,0.10697313398122787,0.9667279124259949,0.9728540182113647,0.9852316379547119,0.9986146688461304,0.9861776828765869,0.9884622097015381,0.9021446704864502,0.9884771108627319,0.9890241622924805,1.0,0.9870800971984863,1.0,0.9980663061141968,0.9866310358047485,0.9389636516571045,0.5,0.9885650873184204,0.9895737171173096,0.9321924448013306,0.9880294799804688,0.9882352948188782,1.0,0.9997144937515259,0.999809741973877,0.9631458520889282,0.7615002989768982,0.9812309741973877,0.9644144773483276,0.9946818351745605,0.9992376565933228,0.999261736869812,0.98066246509552,0.5789473652839661,0.7142857313156128,0.8204202651977539,0.9994463920593262,0.9584736227989197,1.0,0.9890354871749878,0.9906976819038391,0.9704951643943787,0.9925788640975952,0.9808443784713745,0.9998140335083008,0.9906221032142639,0.7202278971672058,5.92936897277832,0.8419401049613953,0.9667279124259949
118,0.12015311419963837,0.9641544222831726,0.967388391494751,0.9841415882110596,0.9981546401977539,0.9858700037002563,0.9878273606300354,0.9570909738540649,0.9884622097015381,0.9883720874786377,0.9750000238418579,0.986067533493042,0.9238929748535156,0.99797123670578,0.9845855236053467,0.8580679893493652,0.7307692170143127,0.9886531233787537,0.9886635541915894,0.9331417083740234,0.9876725077629089,0.98591548204422,0.9767441749572754,0.9961085915565491,0.9995232820510864,0.9637364745140076,0.7597464323043823,0.9812986850738525,0.9708848595619202,0.994401216506958,0.9994292259216309,0.9998154640197754,0.9815020561218262,0.5,0.8823529481887817,0.5340909361839294,0.9994451999664307,0.9627798795700073,0.9999068975448608,0.9910018444061279,0.9933010935783386,0.7897217273712158,0.9945319890975952,0.9813196659088135,0.9998136758804321,0.983834981918335,0.7345461249351501,5.671217679977417,0.8446449041366577,0.9641544222831726
119,0.11559755355119705,0.9674632549285889,0.9707870483398438,0.9837758541107178,0.9983407258987427,0.986703634262085,0.9889298677444458,0.9040056467056274,0.9888314604759216,0.9894911646842957,0.9117647409439087,0.9868154525756836,0.9983391761779785,0.9983401298522949,0.9860726594924927,0.7863377332687378,1.0,0.9894891977310181,0.9904041290283203,0.9324073791503906,0.9884814023971558,0.8775908946990967,0.9634146690368652,0.9999048113822937,0.9984767436981201,0.964970588684082,0.7682301998138428,0.9783891439437866,0.9687738418579102,0.9938977956771851,0.9999051094055176,0.999630868434906,0.9831752777099609,0.5,0.8571428656578064,0.8863636255264282,0.9995386600494385,0.9589245319366455,0.9998136758804321,0.9910068511962891,0.991815447807312,1.0,0.9944310188293457,0.9851300716400146,0.9521949887275696,0.9832527041435242,0.7387529015541077,5.6883275508880615,0.8421379923820496,0.9674632549285889
120,0.09545855969190598,0.970588207244873,0.9728667736053467,0.982866644859314,0.9980645179748535,0.9569426774978638,0.9900295734405518,0.8968180418014526,0.9896659851074219,0.9898524284362793,0.970588207244873,0.9876452088356018,0.9758213758468628,0.9983388781547546,0.9864416122436523,0.8715866804122925,0.9399999976158142,0.9895794987678528,0.9900424480438232,0.9320999383926392,0.9876633882522583,0.966292142868042,0.9564282894134521,0.999904990196228,0.9996197819709778,0.9629946947097778,0.7602050304412842,0.9801443815231323,0.9683098793029785,0.9954268336296082,0.999809741973877,0.9997230768203735,0.9825764894485474,0.5909091234207153,0.8888888955116272,0.7072244882583618,0.9996308088302612,0.9603544473648071,1.0,0.989773154258728,0.9895891547203064,0.9909090995788574,0.9939478635787964,0.9858866930007935,0.9998139142990112,0.9827394485473633,0.7463558316230774,5.922594308853149,0.8682791590690613,0.970588207244873

121,0.09368680417537689,0.9729779362678528,0.9728753566741943,0.9811807870864868,0.9987072944641113,0.9853158593177795,0.9882711172103882,0.878341019153595,0.9875530004501343,0.9889278411865234,1.0,0.9850387573242188,0.9990764856338501,0.9976046085357666,0.9866112470626831,0.9983413219451904,1.0,0.9888314604759216,0.9897658228874207,0.9298684597015381,0.9883935451507568,0.9489796161651611,1.0,1.0,0.9998107552528381,0.9640198945999146,0.7623696327209473,0.9807398915290833,0.9679438471794128,0.9962892532348633,0.9995239973068237,1.0,0.9814814925193787,0.5,0.8999999761581421,0.5714285969734192,0.9998155832290649,0.9635581970214844,1.0,0.9897012710571289,0.9904078841209412,0.9055675864219666,0.992559552192688,0.9862555861473083,0.9999070763587952,0.9811688661575317,0.7479276657104492,5.793017625808716,0.8819293975830078,0.9729779362678528
122,0.08638870716094971,0.9751838445663452,0.9676898121833801,0.9828540086746216,0.9982446432113647,0.9868007898330688,0.9895794987678528,0.8624377846717834,0.9904077053070068,0.9904077053070068,1.0,0.986812949180603,0.9988921880722046,0.9980630874633789,0.9876383543014526,0.9027320146560669,0.925000011920929,0.9904893636703491,0.9907867908477783,0.9310312867164612,0.9889482259750366,0.8181818127632141,0.8914729356765747,0.999622106552124,1.0,0.9653956294059753,0.7615253329277039,0.9804480075836182,0.9677327275276184,0.9946829080581665,0.999809205532074,0.9999078512191772,0.9811111092567444,0.5,0.9772727489471436,0.5256410241127014,0.9999078512191772,0.9602506160736084,1.0,0.9898792505264282,0.9902489185333252,0.8711190819740295,0.9944144487380981,0.985406219959259,0.9998146295547485,0.9814366102218628,0.749403715133667,5.923146486282349,0.8769515752792358,0.9751838445663452
123,0.10100477933883667,0.971323549747467,0.9656955003738403,0.9821725487709045,0.9981539249420166,0.9619534015655518,0.9885566234588623,0.6792435646057129,0.9887433052062988,0.9896507263183594,0.8611111044883728,0.9863342642784119,0.9997234344482422,0.9982478618621826,0.9855326414108276,0.8159669637680054,0.6764705777168274,0.9885650873184204,0.9895833730697632,0.9345976114273071,0.9897733926773071,0.8920454978942871,0.8917526006698608,0.9999048709869385,0.9991410970687866,0.9663306474685669,0.7614478468894958,0.9810606241226196,0.967836856842041,0.9955331683158875,0.9997156858444214,0.9997230768203735,0.9834351539611816,0.5,0.8809523582458496,0.5,0.9996306896209717,0.9633302092552185,1.0,0.9905380010604858,0.9907923936843872,0.8544526100158691,0.9929328560829163,0.9847498536109924,0.9909090995788574,0.985956072807312,0.7595555782318115,5.808832883834839,0.8670943975448608,0.971323549747467
124,0.10888239741325378,0.9681985378265381,0.96531081199646,0.9813859462738037,0.9985239505767822,0.9848708510398865,0.9886195659637451,0.7954980134963989,0.9878228902816772,0.9878251552581787,1.0,0.985703706741333,0.9498155117034912,0.9985256195068359,0.9843202233314514,0.9481549263000488,0.7368420958518982,0.9882776737213135,0.9883871078491211,0.9267840385437012,0.9930926561355591,0.9935897588729858,0.8171107769012451,0.9993364810943604,0.9998102188110352,0.9638703465461731,0.7655833959579468,0.9800872802734375,0.9649657011032104,0.9966672658920288,0.999809741973877,0.9998153448104858,0.982146143913269,0.5,0.7200000286102295,0.5,0.9996310472488403,0.9594316482543945,1.0,0.9916279315948486,0.9919129610061646,0.884522557258606,0.9945106506347656,0.9846397638320923,0.9999071359634399,0.9816019535064697,0.7451033592224121,6.062007904052734,0.8517036437988281,0.9681985378265381
125,0.09792425483465195,0.9716911911964417,0.967961311340332,0.9851421117782593,0.9984311461448669,0.9868154525756836,0.9895008206367493,0.9822152853012085,0.9904129505157471,0.9908654689788818,0.9721300005912781,0.989092230796814,0.875,0.9988007545471191,0.9852697849273682,0.969916820526123,0.5,0.9907748699188232,0.9915160536766052,0.9269829392433167,0.9950312972068787,1.0,0.9114583730697632,0.9994310736656189,0.996954083442688,0.9656937122344971,0.7626262903213501,0.9807802438735962,0.9628044366836548,0.995151162147522,0.9998091459274292,0.9999078512191772,0.9808404445648193,0.5,0.7272727489471436,0.5243902206420898,0.9998154640197754,0.9584347605705261,1.0,0.9917409420013428,0.9919145107269287,0.937313973903656,0.9932231903076172,0.9848456382751465,1.0,0.9839159250259399,0.7456200122833252,6.061222314834595,0.8532364964485168,0.9716911911964417
126,0.10694235563278198,0.9678308963775635,0.9657703638076782,0.9813515543937683,0.99704909324646,0.9591328501701355,0.9889258146286011,0.8387627005577087,0.9880139827728271,0.9890140295028687,1.0,0.9855875968933105,0.824999988079071,0.9978719353675842,0.9833025932312012,0.7335216999053955,0.5,0.9890079498291016,0.9893872141838074,0.9291929006576538,0.9918909072875977,0.970588207244873,0.9999063014984131,0.9999053478240967,0.9995238184928894,0.9621456861495972,0.7673822045326233,0.9800990223884583,0.9633637070655823,0.995811939239502,0.9997159242630005,0.9998156428337097,0.9844473600387573,0.5,0.8148148059844971,0.510869562625885,0.9996306896209717,0.9630463123321533,0.9999072551727295,0.9928464889526367,0.9934136867523193,0.8629032373428345,0.9938627481460571,0.9835654497146606,0.976190447807312,0.9852257966995239,0.7495341897010803,6.616996765136719,0.8691422343254089,0.9678308963775635
127,0.09145886451005936,0.9724264740943909,0.9654369354248047,0.9833025932312012,0.9984322786331177,0.98634934425354,0.990221381187439,0.7433589100837708,0.9899483919143677,0.9906826615333557,1.0,0.9856141805648804,0.8611111044883728,0.997232973575592,0.986596405506134,0.8316715955734253,0.738095223903656,0.9905799627304077,0.9910483360290527,0.933234453201294,0.990788459777832,0.8231707215309143,0.9693877696990967,1.0,0.9995253086090088,0.9640411138534546,0.7605646848678589,0.9805465936660767,0.9700587391853333,0.995814323425293,0.9998099207878113,0.9998155832290649,0.9824837446212769,0.5,0.7647058963775635,0.5340909361839294,0.9997233152389526,0.9646652936935425,0.9999070763587952,0.9932985901832581,0.9932256937026978,0.8384615182876587,0.995541512966156,0.9862861633300781,0.9918032884597778,0.982671856880188,0.7539448738098145,6.264833927154541,0.8717456459999084,0.9724264740943909
128,0.08982507139444351,0.973713219165802,0.9623568058013916,0.9835823774337769,0.9985223412513733,0.9590351581573486,0.9905939102172852,0.8433132171630859,0.9904928803443909,0.9912329316139221,1.0,0.9878183603286743,1.0,0.997787594795227,0.9875369071960449,0.9764147996902466,0.5,0.9905051589012146,0.9913380146026611,0.9304654598236084,0.9943820238113403,0.8580247163772583,0.6917670965194702,1.0,0.9998102188110352,0.9648956060409546,0.7622778415679932,0.9813617467880249,0.9662985801696777,0.9951567053794861,0.9999051690101624,0.9999077320098877,0.9840622544288635,0.5,0.6599999666213989,0.5319148898124695,0.9996306896209717,0.9559701681137085,1.0,0.9912801384925842,0.9920192956924438,0.9660087823867798,0.9959046840667725,0.9868617057800293,0.9845223426818848,0.9880311489105225,0.7448691129684448,6.25410008430481,0.8816607594490051,0.973713219165802
129,0.08925355225801468,0.9750000238418579,0.9646717309951782,0.9838471412658691,0.9978781938552856,0.9866211414337158,0.9907680749893188,0.6149001717567444,0.9900460839271545,0.9909594058990479,0.8684210777282715,0.9875507354736328,0.8947368860244751,0.9985231757164001,0.9869998097419739,0.9979720115661621,0.6428571343421936,0.9912313222885132,0.9912506937980652,0.9337215423583984,0.9912603497505188,0.9509934782981873,0.7865853309631348,1.0,0.9998096227645874,0.9665970802307129,0.7632776498794556,0.9787758588790894,0.9685354828834534,0.9955161213874817,0.9999048709869385,0.9999078512191772,0.9823082685470581,0.5,0.5799999833106995,0.6627907156944275,0.9999076128005981,0.9594064950942993,0.9999071359634399,0.9912525415420532,0.9918276071548462,0.8559675216674805,0.9958124160766602,0.9827041029930115,0.9999071955680847,0.9914466142654419,0.7556750178337097,6.084025621414185,0.8807141184806824,0.9750000238418579
130,0.08741854131221771,0.9744485020637512,0.9635644555091858,0.983686625957489,0.9977864027023315,0.9872787594795227,0.9908772706985474,0.5453540086746216,0.9916020631790161,0.9912409782409668,0.97826087474823,0.987267017364502,0.5625,0.9973227381706238,0.986518919467926,0.831950843334198,0.5,0.9915050864219666,0.9922480583190918,0.931683361530304,0.9932805299758911,0.8229166269302368,0.9216867685317993,1.0,1.0,0.968125581741333,0.7614783644676208,0.9823863506317139,0.9675485491752625,0.9946919679641724,0.9997157454490662,0.9998154640197754,0.983802318572998,0.5,0.59375,0.6216216087341309,0.9998155832290649,0.9607256650924683,1.0,0.9941439032554626,0.990165114402771,0.9333333373069763,0.9970226883888245,0.9852477312088013,0.9922146797180176,0.9827362298965454,0.7563990354537964,6.184406757354736,0.8797916173934937,0.9744485020637512

131,0.10042125731706619,0.9709559082984924,0.9596720933914185,0.9858934283256531,0.9978786110877991,0.9880073666572571,0.9915269613265991,0.5680253505706787,0.9915207624435425,0.9923431873321533,0.8947368860244751,0.9881983995437622,0.695652186870575,0.9975992441177368,0.9682091474533081,0.7256116271018982,0.5,0.9920649528503418,0.9922523498535156,0.9323774576187134,0.9938271641731262,0.8209590911865234,0.8650751113891602,0.9999048113822937,1.0,0.9654351472854614,0.7581779956817627,0.9816635251045227,0.9669444561004639,0.9963898658752441,0.99971604347229,1.0,0.9842358827590942,0.5,0.5555555820465088,0.5384615659713745,1.0,0.9622006416320801,0.9837779998779297,0.9921991229057312,0.9757487773895264,0.8094308376312256,0.9973083734512329,0.9855867624282837,0.9998135566711426,0.9848484992980957,0.7525359988212585,6.18625807762146,0.8653216361999512,0.9709559082984924
132,0.10336945205926895,0.9698529243469238,0.9661251902580261,0.9840552806854248,0.9975087642669678,0.9600553512573242,0.9893970489501953,0.6400013566017151,0.9899371862411499,0.9905765056610107,0.804347813129425,0.9866334795951843,0.9411764740943909,0.9979667663574219,0.9850636124610901,0.8483425378799438,0.6086956262588501,0.9897563457489014,0.990311861038208,0.934959352016449,0.9910664558410645,0.9058823585510254,0.9699063301086426,0.9996198415756226,0.999714732170105,0.964367151260376,0.7667111158370972,0.9784680008888245,0.9665650725364685,0.9954137206077576,0.999525785446167,0.9999077320098877,0.9833364486694336,0.5,0.7249077558517456,0.578125,0.9998153448104858,0.9598990678787231,0.9308486580848694,0.9917147755622864,0.9925636649131775,0.8984375,0.996099591255188,0.983834981918335,0.9998142719268799,0.988653302192688,0.7486411333084106,5.991178750991821,0.8700770139694214,0.9698529243469238
133,0.08838129043579102,0.9727941155433655,0.9583446979522705,0.9841269850730896,0.9986172914505005,0.9864566326141357,0.9908772706985474,0.9546087980270386,0.9904059171676636,0.9910533428192139,1.0,0.9876269698143005,0.9583333730697632,0.9986167550086975,0.9868081212043762,0.9156511425971985,0.75,0.9912377595901489,0.9920576214790344,0.9332159757614136,0.9921673536300659,0.8547008633613586,0.5301204919815063,1.0,0.999808669090271,0.9683507680892944,0.7692014575004578,0.9804984927177429,0.9686256051063538,0.9945807456970215,0.9999051094055176,0.9999078512191772,0.9836946725845337,0.5,0.8600000143051147,0.5,0.9998155832290649,0.9631941914558411,1.0,0.9934027194976807,0.9924637079238892,0.7222222089767456,0.996841311454773,0.9868983030319214,0.9999072551727295,0.9861498475074768,0.7547916173934937,5.759634494781494,0.8826097249984741,0.9727941155433655
134,0.08772169798612595,0.9735293984413147,0.9681301116943359,0.9842193126678467,0.997880220413208,0.9877306222915649,0.9917004704475403,0.6212754249572754,0.9916912913322449,0.9915238618850708,1.0,0.9887536764144897,0.8571428656578064,0.9975988268852234,0.9871605634689331,0.9982485175132751,0.7749999761581421,0.9920635223388672,0.9920722842216492,0.9318097829818726,0.8923572897911072,0.9451219439506531,0.8352272510528564,1.0,0.999714732170105,0.968666672706604,0.7644431591033936,0.9815096855163574,0.9660711288452148,0.9948805570602417,0.9997149705886841,0.9998157620429993,0.9825258851051331,0.5,0.9318181872367859,0.6000000238418579,0.9998154044151306,0.9695920944213867,1.0,0.9918032884597778,0.9889054298400879,0.9661017060279846,0.9977657794952393,0.9834480285644531,0.9999071955680847,0.9860594868659973,0.7539280652999878,5.841732025146484,0.8766381144523621,0.9735293984413147
135,0.08994332700967789,0.9720588326454163,0.9654433131217957,0.9854297637939453,0.9979720115661621,0.987838625907898,0.9920737743377686,0.7186981439590454,0.9917020201683044,0.9928030967712402,1.0,0.9892988801002502,0.5952380895614624,0.9986162185668945,0.9879195690155029,0.9314490556716919,1.0,0.9923487901687622,0.9931683540344238,0.9385981559753418,0.993273138999939,0.7799999713897705,0.9374065399169922,0.9999048709869385,0.9998099207878113,0.9645363092422485,0.7688009142875671,0.9807141423225403,0.9705491065979004,0.9951539039611816,0.9997161626815796,0.9998154044151306,0.984340250492096,0.5,0.875,0.5681818127632141,0.9999076128005981,0.9629284739494324,1.0,0.9919925928115845,0.9911264777183533,0.8999999761581421,0.9959115386009216,0.986418604850769,0.9999073147773743,0.9864463806152344,0.7570252418518066,5.655577898025513,0.8783416748046875,0.9720588326454163
136,0.08102556318044662,0.9738970398902893,0.9686003923416138,0.9833118319511414,0.9984320402145386,0.9873663187026978,0.9911373853683472,0.8147875070571899,0.9908638000488281,0.991511344909668,1.0,0.9879307150840759,0.695652186870575,0.9990781545639038,0.987834095954895,0.9990749359130859,0.5625,0.9915097951889038,0.9913315773010254,0.9341422319412231,0.995026707649231,0.9861111044883728,0.9895833730697632,1.0,0.9999045133590698,0.9651029706001282,0.7678537368774414,0.9798364043235779,0.96868497133255,0.9946656227111816,0.9998098611831665,0.9998154640197754,0.9824366569519043,0.5,0.8125,0.5,0.9998154044151306,0.9714232683181763,1.0,0.9922991394996643,0.9904239177703857,0.8927642703056335,0.9967465996742249,0.9869080781936646,0.9999072551727295,0.9867592453956604,0.7543234825134277,5.543084383010864,0.8874432444572449,0.9738970398902893
137,0.08393833786249161,0.9753676652908325,0.9619185924530029,0.984764575958252,0.9989827871322632,0.963180661201477,0.9911455512046814,0.7042399048805237,0.9913284182548523,0.9920678734779358,0.949999988079071,0.9893008470535278,0.8999999761581421,0.998708963394165,0.9880996346473694,0.9741605520248413,0.5714285969734192,0.9915144443511963,0.9922566413879395,0.9360755681991577,0.9250383973121643,0.9183847904205322,0.6110178232192993,0.9996205568313599,1.0,0.9625734090805054,0.7675521969795227,0.9813865423202515,0.968524158000946,0.996394693851471,0.9997149705886841,0.9998154640197754,0.9829534888267517,0.5,0.5588235259056091,0.5,0.9998157024383545,0.9613156318664551,0.9999071359634399,0.990975022315979,0.9907045960426331,0.9686570167541504,0.9956295490264893,0.9849077463150024,0.982758641242981,0.9908061027526855,0.7574293613433838,5.636828184127808,0.884627103805542,0.9753676652908325
138,0.08447971940040588,0.9744485020637512,0.9681578874588013,0.9831149578094482,0.9983382225036621,0.8750563859939575,0.9911389946937561,0.671359121799469,0.9905051589012146,0.9913300275802612,1.0,0.988189697265625,0.8125,0.9990771412849426,0.9866359233856201,0.8791069984436035,0.75,0.99123615026474,0.9916927814483643,0.9310026168823242,0.9941046237945557,0.9634481072425842,0.8535652160644531,0.9999052882194519,0.9990485310554504,0.9710712432861328,0.766032338142395,0.9809741377830505,0.9670403003692627,0.9953430891036987,0.9995242357254028,1.0,0.9819377660751343,0.5,0.7291666865348816,0.7749999761581421,0.9998155832290649,0.9620928764343262,1.0,0.9929407835006714,0.9916387796401978,1.0,0.9961796402931213,0.9854413866996765,0.9999071955680847,0.9815055727958679,0.7515106201171875,5.5933520793914795,0.8797393441200256,0.9744485020637512
139,0.08901101350784302,0.9726102948188782,0.9584879279136658,0.9834595918655396,0.997599720954895,0.9260556697845459,0.9897733926773071,0.6648414134979248,0.9897582530975342,0.9911324977874756,0.8913043737411499,0.9876452088356018,0.5,0.9989837408065796,0.9862698316574097,0.8860867619514465,0.5,0.9902268052101135,0.9915003776550293,0.9342032074928284,0.9598463773727417,0.8291139602661133,0.7149533033370972,0.9999051094055176,0.9998104572296143,0.9675583243370056,0.7685043811798096,0.9812452793121338,0.9673314094543457,0.9960136413574219,0.9996193647384644,0.9999077320098877,0.9820137023925781,0.5,0.5,0.6698113083839417,0.9999076724052429,0.9593381881713867,0.982758641242981,0.9934835433959961,0.9837973117828369,0.8611111044883728,0.9959955215454102,0.9850344061851501,0.9909785985946655,0.9879518151283264,0.7522150278091431,5.495115041732788,0.8847436308860779,0.9726102948188782
140,0.1009376272559166,0.9702205657958984,0.9592211246490479,0.9844703674316406,0.9985247850418091,0.9553752541542053,0.9901273250579834,0.64037024974823,0.9905765056610107,0.9902286529541016,0.9583333730697632,0.9878251552581787,0.59375,0.998430609703064,0.9866236448287964,0.8321352005004883,0.5263158082962036,0.9906774759292603,0.9905086755752563,0.9360540509223938,0.9383682012557983,0.7641810178756714,0.570588231086731,0.9998096227645874,0.9943687915802002,0.9656676650047302,0.7690036296844482,0.9821394681930542,0.9677879214286804,0.9959179759025574,0.9997139573097229,1.0,0.9811180830001831,0.5,0.6875,0.5,1.0,0.9656652212142944,0.976190447807312,0.9933147430419922,0.9932935833930969,0.9567900896072388,0.9964690208435059,0.9869840145111084,0.9634506702423096,0.9900446534156799,0.7515573501586914,5.575785398483276,0.8747159242630005,0.9702205657958984

141,0.08778370916843414,0.9731617569923401,0.9639043211936951,0.9852452874183655,0.9978770613670349,0.9592196345329285,0.9915003776550293,0.4929928183555603,0.9903172254562378,0.9908739328384399,1.0,0.9876497983932495,0.949999988079071,0.9987084865570068,0.9869998097419739,0.8743537664413452,0.6470588445663452,0.9908671379089355,0.9918744564056396,0.9362863302230835,0.9940136671066284,0.8939393758773804,0.7616822719573975,0.9998093843460083,1.0,0.9680486917495728,0.7713362574577332,0.980003833770752,0.9686906933784485,0.9951484203338623,0.999904990196228,0.9999077320098877,0.9824903011322021,0.5,0.5333333611488342,0.5900000333786011,0.9998157024383545,0.9648532867431641,1.0,0.9944196343421936,0.9932118654251099,0.9399071931838989,0.9981433153152466,0.9852340221405029,0.9915737509727478,0.9828131198883057,0.7570343017578125,5.666716575622559,0.8818380236625671,0.9731617569923401
142,0.08134334534406662,0.9740808606147766,0.9549888372421265,0.9866507053375244,0.9993540048599243,0.9887557625770569,0.9920737743377686,0.670579195022583,0.9921630024909973,0.9934428930282593,0.9666666984558105,0.9889298677444458,0.6315789222717285,0.9983419179916382,0.9882689714431763,0.9112114906311035,0.5526315569877625,0.9926213026046753,0.9925373196601868,0.9279220700263977,0.9406698346138,0.8893800973892212,0.6284403800964355,1.0,1.0,0.9678001403808594,0.7672315239906311,0.9829642176628113,0.9667555689811707,0.994789719581604,0.9997142553329468,1.0,0.9818652868270874,0.5,0.5,0.5612244606018066,0.9999077320098877,0.9715728759765625,1.0,0.9947163462638855,0.9930336475372314,0.7460317611694336,0.9986064434051514,0.987188994884491,0.9621713161468506,0.9857780337333679,0.7562500238418579,5.64076042175293,0.8787313103675842,0.9740808606147766
143,0.09137700498104095,0.971323549747467,0.9610401391983032,0.9842163324356079,0.9988023042678833,0.9861853122711182,0.9905955791473389,0.8766590356826782,0.990311861038208,0.9916882514953613,0.96875,0.9887433052062988,0.65625,0.9997234344482422,0.98728346824646,0.813614010810852,0.5,0.9905104041099548,0.9923347234725952,0.9342300891876221,0.9438305497169495,0.7931034564971924,0.7124999761581421,1.0,0.9997150897979736,0.9661210775375366,0.7688723802566528,0.9810620546340942,0.9670392274856567,0.9960113763809204,0.9998103380203247,0.9998149871826172,0.9836704730987549,0.5,0.5,0.5,0.9999078512191772,0.963884711265564,0.9999070167541504,0.9949814081192017,0.9930400848388672,0.8771929740905762,0.9976757168769836,0.9845839738845825,0.9998139142990112,0.9919955730438232,0.7470666170120239,5.853649377822876,0.8794169425964355,0.971323549747467
144,0.09113907814025879,0.9707720875740051,0.9583468437194824,0.9826536178588867,0.9991706609725952,0.9845969676971436,0.989654541015625,0.793271541595459,0.9895660281181335,0.9899409413337708,0.8478261232376099,0.9871605634689331,0.6041666865348816,0.9992623925209045,0.9522887468338013,0.905236005783081,0.550000011920929,0.9904005527496338,0.9901291131973267,0.9314523935317993,0.9952100515365601,0.875,0.51408451795578,0.9999052882194519,0.9998092651367188,0.9675337076187134,0.766584038734436,0.9781119227409363,0.9655665755271912,0.9958993196487427,0.9997142553329468,0.9997233152389526,0.98171067237854,0.5,0.5,0.6282051205635071,0.9999077916145325,0.9696799516677856,1.0,0.9951744675636292,0.9933048486709595,0.8606557250022888,0.9975823163986206,0.985780656337738,0.9999071359634399,0.98959881067276,0.7438087463378906,5.59061336517334,0.8839437365531921,0.9707720875740051
145,0.07906969636678696,0.9755514860153198,0.956600546836853,0.9856353998184204,0.9991706609725952,0.9881106019020081,0.9914286136627197,0.7432631850242615,0.9921543598175049,0.9917081594467163,1.0,0.9889258146286011,0.6739130616188049,0.9986187815666199,0.9886468648910522,0.9995384812355042,0.5,0.9923403263092041,0.992615818977356,0.9350889921188354,0.8533695936203003,0.7659574747085571,0.5645161271095276,1.0,0.9999047517776489,0.9679462909698486,0.7634479999542236,0.9797258377075195,0.9688568115234375,0.9960952401161194,0.9997153282165527,1.0,0.9835398197174072,0.5,0.5,0.5,1.0,0.9720096588134766,0.9900000095367432,0.9969353675842285,0.992469310760498,0.9912281036376953,0.9983271360397339,0.9865015745162964,0.9760044813156128,0.9865341782569885,0.7526609897613525,5.554089307785034,0.8836779594421387,0.9755514860153198
146,0.07904088497161865,0.976838231086731,0.9567266702651978,0.987726092338562,0.9982478618621826,0.9876155257225037,0.9923446178436279,0.49437373876571655,0.9924396276473999,0.9929940700531006,0.8999999761581421,0.9896640777587891,0.5588235259056091,0.9987084865570068,0.9891144037246704,0.9686578512191772,0.5333333611488342,0.9927135109901428,0.9929953813552856,0.9350083470344543,0.9935519695281982,0.7580645084381104,0.7321428656578064,0.9999046921730042,0.9996233582496643,0.9615164995193481,0.7669884562492371,0.9782732725143433,0.9715346097946167,0.9959839582443237,0.999904990196228,1.0,0.982768177986145,0.5,0.5,0.557692289352417,0.9998155832290649,0.9744164347648621,1.0,0.9966492652893066,0.9948033094406128,0.8195791840553284,0.997498631477356,0.9856241941452026,0.9999072551727295,0.9751903414726257,0.7476204037666321,5.563791751861572,0.8929421305656433,0.976838231086731
147,0.08405835926532745,0.9744485020637512,0.9660012125968933,0.9846863746643066,0.99797123670578,0.9869949817657471,0.9906860589981079,0.49400147795677185,0.9915176033973694,0.992615818977356,0.7390381097793579,0.9891204237937927,0.7857142686843872,0.9988919496536255,0.988189697265625,0.7998156547546387,0.5,0.992250919342041,0.992529034614563,0.9367018342018127,0.9364743232727051,0.9526315927505493,0.9430884122848511,0.9995228052139282,1.0,0.9650588631629944,0.7723909020423889,0.9790714979171753,0.9681335687637329,0.9965661764144897,0.99942946434021,0.9999077916145325,0.9820470213890076,0.5,0.625,0.887499988079071,0.9998152256011963,0.9721391201019287,1.0,0.9975894689559937,0.9805813431739807,0.8282651305198669,0.9981398582458496,0.9868177175521851,1.0,0.9838109016418457,0.7561706304550171,5.5900115966796875,0.8871840238571167,0.9744485020637512
148,0.08620838075876236,0.9757353067398071,0.9592317938804626,0.9837728142738342,0.9986157417297363,0.9860777854919434,0.9907561540603638,0.5195826888084412,0.9900405406951904,0.9908587336540222,0.5833333134651184,0.9872764348983765,0.8125,0.9989844560623169,0.9879173636436462,0.7953726053237915,0.574999988079071,0.9906774759292603,0.9902268052101135,0.9375693798065186,0.9950249195098877,0.7422680258750916,0.717391312122345,1.0,0.9997154474258423,0.9689922332763672,0.7677891850471497,0.9801368713378906,0.9680608510971069,0.995815098285675,0.9997156262397766,0.9998152256011963,0.983700692653656,0.5,0.5,0.7027027010917664,0.999722957611084,0.9736645221710205,1.0,0.9969382286071777,0.9927361011505127,0.9582402110099792,0.9976761341094971,0.986788272857666,0.9932346343994141,0.9875673055648804,0.7563412189483643,6.267421245574951,0.8975867033004761,0.9757353067398071
149,0.11592860519886017,0.9648897051811218,0.9572588801383972,0.9846054315567017,0.9987080097198486,0.9404258728027344,0.9913904666900635,0.4938180446624756,0.9907715320587158,0.9901418685913086,0.7857142686843872,0.9878363609313965,0.7291666865348816,0.9990776777267456,0.9871889352798462,0.7738291621208191,0.7749999761581421,0.9909560680389404,0.9907851219177246,0.9315575361251831,0.9359351992607117,0.8149999976158142,0.7635135054588318,0.9998102784156799,0.9995228052139282,0.973574161529541,0.7648968696594238,0.9814920425415039,0.9657115936279297,0.9950608015060425,0.9994287490844727,0.9998152256011963,0.9815706610679626,0.5,0.6190476417541504,0.5,0.9999077320098877,0.9712041616439819,0.9571428298950195,0.9965721368789673,0.9681922197341919,0.8659785985946655,0.9900177717208862,0.9866270422935486,0.9737663269042969,0.9781812429428101,0.7467279434204102,5.65519905090332,0.8607901334762573,0.9648897051811218
150,0.08283811062574387,0.9738970398902893,0.9691240787506104,0.9836926460266113,0.9986167550086975,0.9872575998306274,0.9910483360290527,0.6115739345550537,0.9915128946304321,0.991794228553772,1.0,0.989112377166748,0.9721300005912781,0.999261736869812,0.9870046377182007,0.9345057010650635,0.65625,0.9923388957977295,0.9920663833618164,0.9381023049354553,0.9967724084854126,0.9945055246353149,1.0,1.0,0.9997149705886841,0.970543622970581,0.7662609219551086,0.9806997776031494,0.9698933362960815,0.995816707611084,0.9998102784156799,0.999907910823822,0.9838888645172119,0.5,0.6428571343421936,0.6195652484893799,0.9998154044151306,0.9763368368148804,0.9999069571495056,0.9971173405647278,0.9912639260292053,0.7222222089767456,0.998509407043457,0.986790657043457,1.0,0.9955447912216187,0.756291389465332,5.69795560836792,0.8900132775306702,0.9738970398902893

151,0.07875116914510727,0.9761029481887817,0.9657126665115356,0.9862419366836548,0.998430609703064,0.9856168031692505,0.9900405406951904,0.5940036773681641,0.9918804168701172,0.992615818977356,1.0,0.9890079498291016,0.5799076557159424,0.9987092018127441,0.986810564994812,0.9757291078567505,0.8333333730697632,0.9917972087860107,0.9925262928009033,0.9301075339317322,0.9987106323242188,0.9095238447189331,0.8887954354286194,1.0,0.9998093843460083,0.9706666469573975,0.7722941637039185,0.9806046485900879,0.9674432277679443,0.9957191944122314,0.9998100996017456,0.9999077320098877,0.9831979274749756,0.5,0.8333333730697632,0.5,0.9998154640197754,0.9754389524459839,1.0,0.9987010955810547,0.9950587749481201,0.8142857551574707,0.99693763256073,0.9868029356002808,0.9929624199867249,0.9865946769714355,0.7509618997573853,5.6560022830963135,0.8965697288513184,0.9761029481887817
152,0.08711305260658264,0.9726102948188782,0.9619956016540527,0.9838650226593018,0.9990776777267456,0.9871747493743896,0.99103844165802,0.8260360956192017,0.991140604019165,0.9910582304000854,0.7647058963775635,0.9882071018218994,0.925000011920929,0.9991706609725952,0.9876360893249512,0.9995380640029907,0.65625,0.9914190769195557,0.9914206266403198,0.9285317063331604,0.9972375631332397,0.9747474789619446,0.5515463948249817,0.9999051094055176,0.9998104572296143,0.9695436358451843,0.7704294919967651,0.9807947874069214,0.9691499471664429,0.9956198930740356,0.999809980392456,0.9997234344482422,0.9827458262443542,0.5,0.5,0.6052631735801697,0.7690465450286865,0.9712493419647217,0.9433962106704712,0.9954401254653931,0.9929433465003967,0.9365079402923584,0.9982339143753052,0.9843111634254456,0.9998140335083008,0.9966567754745483,0.741926908493042,5.868196725845337,0.8836637139320374,0.9726102948188782
153,0.09338388592004776,0.973713219165802,0.9541103839874268,0.9857010841369629,0.9992630481719971,0.9255955219268799,0.9911389946937561,0.5360351800918579,0.9923332929611206,0.9920678734779358,0.8541666269302368,0.9595242738723755,0.804347813129425,0.9996311664581299,0.957411527633667,0.5585469603538513,0.6052631735801697,0.991705060005188,0.9918879270553589,0.9382407665252686,0.9951125383377075,0.7777777910232544,0.5,0.9995222091674805,1.0,0.9682267904281616,0.7722453474998474,0.9804405570030212,0.9705380797386169,0.9955306053161621,0.9999050498008728,0.9999074935913086,0.9832127690315247,0.5,0.5,0.5652173757553101,0.9999077320098877,0.9804818630218506,0.9375,0.9950715899467468,0.9938684701919556,0.9545454978942871,0.9975854158401489,0.9854089021682739,0.9202629327774048,0.9932181239128113,0.758263885974884,5.710806608200073,0.8883988857269287,0.973713219165802
154,0.0828513354063034,0.976286768913269,0.954499363899231,0.9850553274154663,0.9982462525367737,0.9868906736373901,0.9901328086853027,0.5659847855567932,0.9904928803443909,0.9923347234725952,0.8541666269302368,0.9892145991325378,0.9199076890945435,0.9990769624710083,0.988020658493042,0.8662058115005493,0.6499077677726746,0.9916020631790161,0.9915207624435425,0.9311332702636719,0.9949355125427246,0.5713353753089905,0.6633663177490234,0.9999051690101624,1.0,0.9705266952514648,0.7684973478317261,0.9818806052207947,0.9651007652282715,0.996015191078186,0.9994302988052368,0.9997234344482422,0.9827650189399719,0.5,0.5,0.5,0.9999077320098877,0.9789750576019287,0.9927536249160767,0.9956376552581787,0.9937639236450195,0.7234042882919312,0.9979568719863892,0.9840445518493652,0.9855281114578247,0.9898792505264282,0.7473151683807373,5.802967309951782,0.900998055934906,0.976286768913269
155,0.08592449128627777,0.9748162031173706,0.9551278352737427,0.9836565256118774,0.9983407258987427,0.9833025932312012,0.9889135360717773,0.5353832244873047,0.988457977771759,0.9903935194015503,0.9444444179534912,0.9868834018707275,0.5,0.9991689920425415,0.9864441156387329,0.865107536315918,0.5714285969734192,0.9897563457489014,0.9903988242149353,0.9406920671463013,0.9617818593978882,0.5329670310020447,0.7469135522842407,0.9997138977050781,0.9999051094055176,0.9723222851753235,0.7704372406005859,0.9793657064437866,0.967956006526947,0.9962815046310425,0.9998104572296143,0.9998156428337097,0.9839903712272644,0.5,0.5,0.5,0.9999077916145325,0.9790497422218323,1.0,0.9958217144012451,0.993201732635498,0.8473646640777588,0.9977719783782959,0.9859769344329834,1.0,0.9849693775177002,0.7573855519294739,5.669663190841675,0.9090670347213745,0.9748162031173706
156,0.07618128508329391,0.9803308844566345,0.9621152877807617,0.9845912456512451,0.9988933801651001,0.9867452383041382,0.989953875541687,0.605209231376648,0.9906723499298096,0.9920576214790344,0.8823529481887817,0.9894775748252869,0.5,0.9993535280227661,0.9326602220535278,0.9471839666366577,0.5,0.9917851090431213,0.9913364052772522,0.9382293224334717,0.799723744392395,0.9662524461746216,0.7953606843948364,1.0,0.9999051690101624,0.9701123237609863,0.7718483209609985,0.9804947376251221,0.9709511995315552,0.9964775443077087,0.9997142553329468,0.9999077320098877,0.9821031093597412,0.5,0.5,0.5256410241127014,0.9996306896209717,0.9775952100753784,1.0,0.9973053336143494,0.9930271506309509,0.8730412721633911,0.9982322454452515,0.9865015745162964,0.9999071955680847,0.9880044460296631,0.748740553855896,5.551142930984497,0.9224250316619873,0.9803308844566345

