epoch,loss,SignClass_A_balanced_accuracy,SignClass_B_balanced_accuracy,SignClass_C_balanced_accuracy,SignClass_D_balanced_accuracy,accuracy,balanced_accuracy,balanced_accuracy_A13,balanced_accuracy_A14,balanced_accuracy_A15b,balanced_accuracy_A16,balanced_accuracy_A17a,balanced_accuracy_A19a,balanced_accuracy_A1a,balanced_accuracy_A1b,balanced_accuracy_A1c,balanced_accuracy_A32,balanced_accuracy_A33,balanced_accuracy_A34,balanced_accuracy_A4b2,balanced_accuracy_A7a,balanced_accuracy_A9,balanced_accuracy_B1,balanced_accuracy_B2a,balanced_accuracy_B3,balanced_accuracy_C13aa,balanced_accuracy_C13bb,balanced_accuracy_C14_100,balanced_accuracy_C14_120,balanced_accuracy_C14_20,balanced_accuracy_C14_30,balanced_accuracy_C14_50,balanced_accuracy_C14_60,balanced_accuracy_C14_70,balanced_accuracy_C14_80,balanced_accuracy_C17a,balanced_accuracy_C17b_80,balanced_accuracy_C17c,balanced_accuracy_C17d,balanced_accuracy_C1a,balanced_accuracy_C2,balanced_accuracy_C3e3,balanced_accuracy_D1a1,balanced_accuracy_D1a4,balanced_accuracy_D1a5,balanced_accuracy_D1a6,balanced_accuracy_D1a7,balanced_accuracy_D2a1,balanced_accuracy_D2a2,balanced_accuracy_D3,balanced_accuracy_invalid,epoch_elapsed,f1,recall
0,3.8576154708862305,0.5,0.4962025284767151,0.5,0.5,0.015808824449777603,0.4993972182273865,0.5,0.5,0.48811498284339905,0.5,0.5,0.5,0.5,0.4934024214744568,0.5,0.5,0.4928992986679077,0.5,0.47196605801582336,0.5,0.5,0.5,0.5,0.5,0.5,0.5,0.5411978363990784,0.5,0.47411495447158813,0.5,0.5,0.5,0.5,0.5,0.5,0.49953779578208923,0.5,0.5,0.5,0.5,0.5,0.5,0.5,0.5,0.4940398633480072,0.5,0.5,0.5,0.5,0.5,7.44950270652771,0.002730404492467642,0.015808824449777603
1,3.6917896270751953,0.5,0.3757283687591553,0.5,0.5,0.031066175550222397,0.5097191333770752,0.5,0.5,0.5,0.5,0.5,0.5,0.5,0.4998153746128082,0.5,0.5,0.45676276087760925,0.5,0.3843173384666443,0.5,0.5,0.5,0.5,0.499355673789978,0.5,0.5,0.642026424407959,0.5,0.5295162200927734,0.5,0.5,0.5,0.45571112632751465,0.5,0.5,0.4470370411872864,0.5,0.5,0.5,0.5,0.5,0.4954460859298706,0.5,0.5,0.43719762563705444,0.5,0.5,0.5,0.5,0.5122890472412109,5.50073766708374,0.001479548867791891,0.031066175550222397

2,3.162066698074341,0.49991729855537415,0.5,0.47575029730796814,0.5,0.17095588147640228,0.6893296837806702,0.5,0.5,0.5,0.5,0.5,0.5,0.5,0.5,0.5,0.5,0.46839290857315063,0.5,0.399539589881897,0.5,0.5,0.5,0.5,0.49290844798088074,0.5,0.5,0.5403327941894531,0.4999047517776489,0.4585864543914795,0.5,0.5,0.5,0.5521901845932007,0.5,0.5,0.39502865076065063,0.5,0.5,0.5,0.5,0.5,0.48886001110076904,0.5,0.5,0.4826562702655792,0.5,0.5,0.5,0.5,0.7138839960098267,5.476552248001099,0.011028447188436985,0.17095588147640228

3,2.435955047607422,0.5,0.5,0.36921530961990356,0.49991360306739807,0.49191176891326904,0.7372392416000366,0.5,0.5,0.5,0.5,0.5,0.5,0.5,0.5,0.5,0.5,0.5,0.5,0.5,0.5,0.5,0.5,0.5,0.5,0.5,0.5,0.4262084662914276,0.5,0.45157915353775024,0.5,0.5,0.5,0.39952927827835083,0.5,0.5,0.4998149871826172,0.5,0.5,0.5,0.5,0.5,0.5,0.5,0.5,0.5,0.5,0.5,0.5,0.5,0.5010794401168823,5.922939300537109,0.01498723030090332,0.49191176891326904

4,2.0973944664001465,0.5,0.5,0.25169867277145386,0.4758354723453522,0.5119485259056091,0.7479586601257324,0.5,0.5,0.5,0.5,0.5,0.5,0.5,0.5,0.5,0.5,0.5,0.5,0.5,0.5,0.5,0.5,0.5,0.5,0.5,0.5,0.49866893887519836,0.5,0.5,0.5,0.5,0.5,0.3973993957042694,0.5,0.5,0.5,0.5,0.5,0.5,0.5,0.5,0.5,0.5,0.5,0.5,0.5,0.5,0.5,0.5,0.5,5.403269052505493,0.015390991233289242,0.5119485259056091

5,2.005457878112793,0.5,0.5,0.2625296711921692,0.45804333686828613,0.4957720637321472,0.74574214220047,0.5,0.5,0.5,0.5,0.5,0.5,0.5,0.5,0.5,0.5,0.5,0.5,0.5,0.5,0.5,0.5,0.5,0.5,0.5,0.5,0.5,0.5,0.5,0.5,0.5,0.6177458763122559,0.4926512837409973,0.5,0.5,0.5,0.5,0.5,0.5,0.5,0.5,0.5,0.5,0.5,0.5,0.5,0.5,0.5,0.5,0.5,5.3828465938568115,0.015065860003232956,0.4957720637321472
6,1.8172341585159302,0.5,0.5,0.2858407497406006,0.48121678829193115,0.523161768913269,0.7702654600143433,0.5,0.5,0.5,0.5,0.5,0.5,0.5,0.5,0.5,0.5,0.5,0.5,0.5,0.5,0.5,0.5,0.5,0.5,0.5,0.5,0.5,0.6105182766914368,0.5,0.5,0.5,0.7531998157501221,0.5237191915512085,0.5019415020942688,0.5,0.5,0.5,0.5,0.5,0.5,0.5,0.5,0.5,0.4983271360397339,0.5,0.5,0.5,0.5,0.6027552485466003,0.5,5.49377703666687,0.015612315386533737,0.523161768913269

7,1.8130919933319092,0.5,0.5,0.3214825987815857,0.5040572285652161,0.5071691274642944,0.7793091535568237,0.5,0.5,0.5,0.5,0.5,0.5,0.5,0.5,0.5,0.5,0.5,0.5,0.5,0.5,0.5,0.5,0.5,0.5,0.5,0.5,0.5,0.8571334481239319,0.5,0.5,0.5,0.8264790177345276,0.6452421545982361,0.5829871892929077,0.5,0.5,0.5,0.5,0.5,0.5,0.5,0.499813973903656,0.5,0.6010128855705261,0.5,0.5283668041229248,0.49990707635879517,0.5,0.6079583168029785,0.5,5.375848293304443,0.015321819111704826,0.5071691274642944
8,1.7529417276382446,0.5,0.5,0.32207202911376953,0.5769838690757751,0.5042279362678528,0.7863157987594604,0.5,0.5,0.5,0.5,0.5,0.5,0.5,0.5,0.5,0.5,0.5,0.5,0.5,0.5,0.5,0.5,0.5,0.5,0.5,0.5,0.5,0.8599119186401367,0.5,0.4999051094055176,0.5,0.9097169637680054,0.731128454208374,0.6538991332054138,0.5,0.5,0.5,0.5,0.5,0.5,0.5,0.4999072551727295,0.5,0.5597315430641174,0.5,0.5615825653076172,0.49656516313552856,0.5,0.6520300507545471,0.5001833438873291,5.2991180419921875,0.02286963164806366,0.5042279362678528
9,1.7180657386779785,0.5,0.5,0.3427876830101013,0.6039632558822632,0.5284926295280457,0.7933951616287231,0.5,0.5,0.5,0.5,0.5,0.5,0.5,0.5,0.5,0.5,0.5,0.5,0.5,0.5,0.5,0.5,0.5,0.5,0.5,0.5,0.5522253513336182,0.8638268709182739,0.5,0.4981963038444519,0.5,0.9096918106079102,0.8242092132568359,0.814696729183197,0.5,0.5,0.5,0.5,0.5,0.5,0.5,0.5126394033432007,0.5,0.587205708026886,0.5,0.559906005859375,0.47845467925071716,0.5,0.6559700965881348,0.5059796571731567,5.425854682922363,0.040738873183727264,0.5284926295280457
10,1.6760739088058472,0.5,0.5,0.36371666193008423,0.603119969367981,0.5406249761581421,0.8016458749771118,0.5,0.5,0.5,0.5,0.5,0.5,0.5,0.5,0.5,0.5,0.5,0.5,0.5,0.5,0.5,0.5,0.49925994873046875,0.5,0.5,0.5,0.6957536339759827,0.8550516366958618,0.5,0.5249727368354797,0.5,0.9144580364227295,0.8112682104110718,0.8270376920700073,0.5,0.5,0.5,0.5,0.5,0.5,0.5,0.5938757658004761,0.5,0.625342607498169,0.5,0.5417640209197998,0.5229767560958862,0.5,0.6316184997558594,0.5104552507400513,5.670673131942749,0.04363864287734032,0.5406249761581421

11,1.625207543373108,0.5,0.5,0.36285197734832764,0.6273364424705505,0.5512867569923401,0.808045506477356,0.5,0.5,0.5,0.5,0.5,0.5,0.5,0.5,0.5,0.5,0.5,0.5,0.5,0.5,0.5,0.5,0.4965740740299225,0.5,0.5,0.5,0.7282530665397644,0.8531947135925293,0.4993346035480499,0.6407002210617065,0.5,0.9489328861236572,0.8203449249267578,0.8224012851715088,0.5,0.5,0.5,0.5,0.5,0.5,0.5,0.5800996422767639,0.497393399477005,0.576259434223175,0.49981382489204407,0.6599345207214355,0.45189207792282104,0.5,0.7045702934265137,0.5465351939201355,5.396229028701782,0.042140666395425797,0.5512867569923401

12,1.6180399656295776,0.5,0.5,0.3752603828907013,0.6099615693092346,0.5351102948188782,0.8024324178695679,0.5,0.5,0.5,0.5,0.5,0.5,0.5,0.5,0.5,0.5,0.5,0.5,0.5,0.5,0.5,0.5,0.4817761480808258,0.5,0.5,0.5,0.7695714235305786,0.8529995679855347,0.4890580475330353,0.6088479161262512,0.5,0.9570505619049072,0.8257575035095215,0.8316592574119568,0.5,0.5,0.5,0.5,0.5,0.5,0.5,0.5559715628623962,0.5301673412322998,0.6425025463104248,0.5392857193946838,0.6906973123550415,0.47996461391448975,0.5311747789382935,0.6913174986839294,0.6062272191047668,5.515682220458984,0.038349248468875885,0.5351102948188782
13,1.545575499534607,0.5,0.5,0.3667445778846741,0.6277127265930176,0.5512867569923401,0.8107942342758179,0.5,0.5,0.5,0.5,0.5,0.5,0.5,0.5,0.5,0.5,0.5,0.5,0.5,0.5,0.5,0.5,0.47092053294181824,0.5,0.5,0.5,0.751976490020752,0.8550094366073608,0.45777735114097595,0.6980287432670593,0.5,0.9669013023376465,0.8231624364852905,0.846438467502594,0.5,0.5,0.5,0.5,0.5,0.5,0.49981269240379333,0.5400876998901367,0.5697544813156128,0.6362799406051636,0.563934326171875,0.6311978101730347,0.5389695167541504,0.5762096643447876,0.7407828569412231,0.618227481842041,5.335842847824097,0.03962208703160286,0.5512867569923401
14,1.492527723312378,0.5,0.5,0.35732147097587585,0.6285197734832764,0.5625,0.8226295709609985,0.5,0.5,0.5,0.5,0.5,0.5,0.5,0.5,0.5,0.5,0.5,0.5,0.5,0.5,0.5,0.5,0.48694655299186707,0.5,0.5,0.5,0.7739456295967102,0.8833180665969849,0.44465649127960205,0.8519796133041382,0.5,0.9638910293579102,0.8264204263687134,0.8705098032951355,0.5,0.5,0.5,0.5,0.5,0.5,0.5,0.5317754745483398,0.5508162975311279,0.5986494421958923,0.5961052775382996,0.6174096465110779,0.5329872369766235,0.563243567943573,0.696541428565979,0.6318737268447876,5.932811975479126,0.04107775166630745,0.5625

15,1.482473611831665,0.5,0.5,0.3617934584617615,0.627926230430603,0.5562499761581421,0.8145071268081665,0.5,0.5,0.5,0.5,0.5,0.5,0.5,0.5,0.5,0.5,0.5,0.5,0.5,0.5,0.5,0.5,0.4773806035518646,0.5,0.5,0.5,0.8165982961654663,0.9345700740814209,0.4401441812515259,0.660373866558075,0.5,0.9643605947494507,0.841769814491272,0.826227605342865,0.4999077618122101,0.5,0.5,0.5,0.5,0.5,0.49971890449523926,0.5308009386062622,0.5240343809127808,0.659923255443573,0.658918023109436,0.6527886390686035,0.49980729818344116,0.554049015045166,0.772566556930542,0.6280893087387085,5.504945516586304,0.043964777141809464,0.5562499761581421
16,1.4553097486495972,0.5,0.5,0.3554841876029968,0.6326140761375427,0.5571691393852234,0.8172580599784851,0.5,0.5,0.5,0.5,0.5,0.5,0.5,0.5,0.5,0.5,0.5,0.5,0.5,0.5,0.5,0.5,0.5469952821731567,0.5,0.5,0.5,0.8173829317092896,0.9398083686828613,0.42279762029647827,0.7151496410369873,0.5,0.9747580289840698,0.8201074600219727,0.8664155006408691,0.5,0.5,0.5,0.5,0.5,0.5,0.4987852871417999,0.6096227169036865,0.5877404808998108,0.6121317744255066,0.6604036092758179,0.6621256470680237,0.48978427052497864,0.5931463241577148,0.703686535358429,0.6567595601081848,5.42735743522644,0.045789849013090134,0.5571691393852234
17,1.42532479763031,0.5,0.5,0.3466781973838806,0.6426773071289062,0.5693014860153198,0.8252201676368713,0.5,0.5,0.5,0.5,0.5,0.5,0.5,0.5,0.5,0.5,0.5,0.5,0.5,0.5,0.5,0.5,0.6935527920722961,0.5,0.5,0.5,0.8453562259674072,0.9472085237503052,0.40206870436668396,0.784538984298706,0.5,0.9795860052108765,0.8291960954666138,0.8895411491394043,0.5,0.5,0.5,0.5,0.5,0.5,0.4996272921562195,0.6268615126609802,0.592893123626709,0.586597204208374,0.6659393310546875,0.6756082773208618,0.48216772079467773,0.5489610433578491,0.7592941522598267,0.6829396486282349,5.281931400299072,0.0602094940841198,0.5693014860153198
18,1.406718134880066,0.5,0.5,0.3663046658039093,0.6627575159072876,0.5838235020637512,0.8206459283828735,0.5,0.5,0.5,0.5,0.5,0.5,0.5,0.5,0.5,0.5,0.5,0.5,0.5,0.5,0.5,0.5,0.8634512424468994,0.5,0.5,0.49953269958496094,0.8688931465148926,0.9494584798812866,0.4007401764392853,0.6973230838775635,0.5,0.9796856641769409,0.8700706958770752,0.9058160185813904,0.5,0.5,0.5,0.5,0.5,0.5,0.49850019812583923,0.6260635852813721,0.5620031952857971,0.54466313123703,0.595970869064331,0.6215167045593262,0.5124393105506897,0.6065711379051208,0.7608252167701721,0.6972336173057556,5.265339136123657,0.06927229464054108,0.5838235020637512

19,1.3887908458709717,0.5,0.5000791549682617,0.35018134117126465,0.6143817901611328,0.578125,0.821530818939209,0.5,0.5,0.5,0.5,0.5,0.5,0.5,0.5,0.5,0.5,0.5,0.5,0.5,0.5,0.5,0.5,0.8612861633300781,0.5,0.5,0.4992547035217285,0.9029033780097961,0.9462621212005615,0.3788861334323883,0.6062684655189514,0.5,0.9801293015480042,0.8645197153091431,0.8819860219955444,0.5,0.5,0.5,0.5,0.5,0.5,0.4958045780658722,0.659171462059021,0.6344714760780334,0.6869618892669678,0.5726518630981445,0.6460784077644348,0.5164743065834045,0.6041613817214966,0.7450377345085144,0.6913155913352966,5.58841609954834,0.06757531315088272,0.578125
20,1.339509129524231,0.5,0.5000789761543274,0.36146488785743713,0.6430650949478149,0.591176450252533,0.8275008797645569,0.5,0.5,0.5,0.5,0.5,0.5,0.5,0.5,0.5,0.5,0.5,0.5,0.5,0.5,0.5,0.5,0.8435071706771851,0.5,0.5,0.49934715032577515,0.9162857532501221,0.9486569166183472,0.37060946226119995,0.6583142876625061,0.5,0.9801368713378906,0.8739432096481323,0.9123339653015137,0.49972349405288696,0.49990737438201904,0.5,0.5,0.5,0.5,0.4997202455997467,0.6324549913406372,0.610684335231781,0.6993613839149475,0.6080010533332825,0.6309576630592346,0.6068638563156128,0.6697748303413391,0.8302429914474487,0.6994094848632812,5.3779296875,0.07065366953611374,0.591176450252533

21,1.3285876512527466,0.5,0.5,0.36327823996543884,0.6407822966575623,0.595588207244873,0.8291360139846802,0.5,0.5,0.5,0.5,0.5,0.5,0.5,0.5,0.5,0.5,0.5,0.5,0.5,0.5,0.5,0.5,0.8481118083000183,0.5,0.5,0.49766266345977783,0.9139437675476074,0.9490028619766235,0.38275468349456787,0.7614352703094482,0.5,0.9839870929718018,0.8758015632629395,0.9035062789916992,0.4999077618122101,0.49888888001441956,0.5,0.5,0.5,0.5,0.49953368306159973,0.6141855120658875,0.6262402534484863,0.679903507232666,0.6916181445121765,0.6694568395614624,0.6532781720161438,0.6285724639892578,0.8266803622245789,0.693865954875946,5.29290246963501,0.07377622276544571,0.595588207244873

22,1.3337392807006836,0.5,0.5,0.36517783999443054,0.6609944105148315,0.5808823704719543,0.8217318058013916,0.5,0.5,0.5,0.5,0.5,0.5,0.5,0.5,0.5,0.5,0.5,0.5,0.5,0.5,0.5,0.5,0.8471526503562927,0.5,0.49990639090538025,0.4968230128288269,0.9164297580718994,0.9499905109405518,0.38837340474128723,0.5876542329788208,0.49990418553352356,0.9837822318077087,0.8923844695091248,0.948180615901947,0.4972299039363861,0.4974059760570526,0.5,0.5,0.5,0.5,0.49606889486312866,0.6329089403152466,0.6428599953651428,0.7722348570823669,0.6722413897514343,0.6239848136901855,0.6668832898139954,0.6399118900299072,0.8456989526748657,0.7178308963775635,5.225226879119873,0.07093324512243271,0.5808823704719543
23,1.2551928758621216,0.5,0.5,0.3497571647167206,0.6622377634048462,0.6053308844566345,0.8300551176071167,0.5,0.5,0.5,0.5,0.5,0.5,0.5,0.5,0.5,0.5,0.5,0.5,0.5,0.5,0.5,0.5,0.8392229080200195,0.5,0.5,0.4956115782260895,0.9152767658233643,0.9448249340057373,0.34988561272621155,0.5476970672607422,0.5,0.9840030670166016,0.8994268178939819,0.9430210590362549,0.49677062034606934,0.4969461262226105,0.5,0.5,0.5,0.5,0.4942045211791992,0.6417286396026611,0.6629847884178162,0.6431671380996704,0.7039546966552734,0.67918461561203,0.6053426265716553,0.6428836584091187,0.8082841038703918,0.7368438243865967,5.24088191986084,0.07714740186929703,0.6053308844566345
24,1.2829431295394897,0.5,0.5,0.3657408058643341,0.6678038239479065,0.5972426533699036,0.8215394020080566,0.5,0.5,0.5,0.5,0.5,0.5,0.5,0.5,0.5,0.5,0.5,0.5,0.5,0.5,0.5,0.5,0.8419396877288818,0.5,0.5,0.4891669750213623,0.9131303429603577,0.9492973685264587,0.33992019295692444,0.5338199734687805,0.5,0.9820308089256287,0.8922677636146545,0.9430955648422241,0.49501752853393555,0.4957391619682312,0.5,0.5,0.5,0.5,0.4930776357650757,0.5647873282432556,0.6545681953430176,0.6880930662155151,0.6954618692398071,0.5896960496902466,0.6632096767425537,0.63275146484375,0.7781256437301636,0.7331035137176514,5.185659170150757,0.07670009881258011,0.5972426533699036
25,1.2482528686523438,0.5,0.5,0.34820765256881714,0.6690471172332764,0.6034926176071167,0.825974702835083,0.5,0.5,0.5,0.5,0.5,0.5,0.5,0.5,0.5,0.5,0.5,0.5,0.5,0.5,0.5,0.5,0.8411275148391724,0.5,0.5,0.4828715920448303,0.9124380350112915,0.9462825655937195,0.32558581233024597,0.6297380328178406,0.5,0.9843304753303528,0.9051436185836792,0.9418604373931885,0.4937327206134796,0.4962114095687866,0.5,0.5,0.5,0.5,0.4915887713432312,0.6375703811645508,0.6234927177429199,0.7098076343536377,0.6799256801605225,0.7114650011062622,0.6376811265945435,0.6221206784248352,0.7672996520996094,0.7461581230163574,5.452123165130615,0.08102408051490784,0.6034926176071167
26,1.2653653621673584,0.5,0.443490594625473,0.3529483675956726,0.6606009006500244,0.5908088088035583,0.8241171836853027,0.5,0.5,0.5,0.5,0.5,0.5,0.5,0.5,0.49944567680358887,0.5,0.5,0.5,0.5,0.5,0.5,0.5,0.8475406765937805,0.5,0.49953359365463257,0.46856820583343506,0.9053435325622559,0.9438415765762329,0.329623281955719,0.6481491327285767,0.5,0.9912596940994263,0.9011055827140808,0.9413056373596191,0.4935460090637207,0.49657535552978516,0.5,0.5,0.5,0.5,0.49158090353012085,0.6057400703430176,0.6010204553604126,0.733883798122406,0.7567665576934814,0.7602421045303345,0.6561521291732788,0.6478354334831238,0.8041674494743347,0.7501177191734314,5.283317804336548,0.08324430882930756,0.5908088088035583
27,1.2241859436035156,0.5,0.43672555685043335,0.368794322013855,0.6695241928100586,0.6132352948188782,0.8258250951766968,0.5,0.5,0.5,0.5,0.5,0.5,0.5,0.5,0.4997236132621765,0.5,0.5,0.5,0.5,0.5,0.5,0.5,0.8390113115310669,0.5,0.4972897171974182,0.46760642528533936,0.9139173030853271,0.9497530460357666,0.34010249376296997,0.5264700651168823,0.5,0.9892299175262451,0.9453629851341248,0.9452250003814697,0.4924284517765045,0.49285581707954407,0.5,0.5,0.5,0.5,0.4913327097892761,0.6407179832458496,0.7073256969451904,0.7087838649749756,0.7787128686904907,0.8034275770187378,0.6782307624816895,0.6871330142021179,0.8068562746047974,0.756161093711853,5.2418060302734375,0.09720110893249512,0.6132352948188782

28,1.2409193515777588,0.5,0.43962833285331726,0.36209455132484436,0.673294723033905,0.6031249761581421,0.8229907751083374,0.5,0.5,0.5,0.5,0.5,0.5,0.5,0.5,0.4991688132286072,0.5,0.5,0.5,0.5,0.5,0.5,0.5,0.8359881639480591,0.5,0.49636465311050415,0.4652141332626343,0.9103559255599976,0.948705792427063,0.31924837827682495,0.5332356691360474,0.5,0.9936408400535583,0.9440845847129822,0.9442753791809082,0.4923332631587982,0.4902651607990265,0.5,0.49972304701805115,0.5,0.5,0.4932860732078552,0.7924212217330933,0.5882537961006165,0.7056174874305725,0.6844341158866882,0.7671023607254028,0.6743172407150269,0.8164992332458496,0.7900042533874512,0.7360764741897583,5.4636547565460205,0.10137905180454254,0.6031249761581421
29,1.209168791770935,0.5,0.45759496092796326,0.35594192147254944,0.6412360668182373,0.6136029362678528,0.8270498514175415,0.5,0.5,0.5,0.5,0.5,0.5,0.5,0.5,0.49898597598075867,0.5,0.5,0.5,0.5,0.5,0.5,0.5,0.8342905044555664,0.5,0.4926057755947113,0.46921205520629883,0.9147154092788696,0.9466629028320312,0.30801525712013245,0.6097160577774048,0.5,0.9914546012878418,0.941698431968689,0.9422784447669983,0.5412525534629822,0.48852914571762085,0.5,0.4992625415325165,0.5,0.5,0.49325209856033325,0.771331787109375,0.6245443820953369,0.7390594482421875,0.7839794158935547,0.7082887887954712,0.708275556564331,0.7650469541549683,0.8745363354682922,0.7545991539955139,5.544931173324585,0.11733363568782806,0.6136029362678528
30,1.2137744426727295,0.5,0.4368201196193695,0.3699558675289154,0.6578779220581055,0.6332720518112183,0.8211696147918701,0.5,0.5,0.5,0.5,0.5,0.5,0.5,0.5,0.49852535128593445,0.5,0.5,0.5,0.5,0.5,0.5,0.5,0.8283969163894653,0.5,0.49242281913757324,0.4641721248626709,0.9131593704223633,0.9521417617797852,0.30236324667930603,0.5470618605613708,0.5,0.9913250803947449,0.9437785148620605,0.9428869485855103,0.6928110718727112,0.4889855682849884,0.5,0.4973207712173462,0.5,0.5,0.4922386407852173,0.77763432264328,0.6468707323074341,0.7051377296447754,0.7974845170974731,0.7627334594726562,0.6638123989105225,0.8210040330886841,0.7932894229888916,0.7469122409820557,5.495336294174194,0.13238057494163513,0.6332720518112183

31,1.1991491317749023,0.5,0.45110729336738586,0.36026546359062195,0.6696280837059021,0.6226102709770203,0.8224436044692993,0.5,0.5,0.5,0.5,0.5,0.5,0.5,0.5,0.4980616569519043,0.5,0.5,0.5,0.5,0.5,0.5,0.5,0.8260990381240845,0.5,0.49226322770118713,0.460933119058609,0.9131097793579102,0.951919436454773,0.31366047263145447,0.5412508249282837,0.5,0.9933434724807739,0.9435253739356995,0.9429708123207092,0.7765915393829346,0.4816530644893646,0.5,0.49520647525787354,0.5,0.5,0.48810192942619324,0.8161170482635498,0.6155368089675903,0.7300640344619751,0.759263277053833,0.7482309341430664,0.6790364980697632,0.8025369048118591,0.7510746121406555,0.7459026575088501,5.573584794998169,0.12376822531223297,0.6226102709770203

32,1.154796838760376,0.5,0.37887659668922424,0.36407604813575745,0.6643433570861816,0.6176470518112183,0.8238970637321472,0.5,0.5,0.49917080998420715,0.5,0.5,0.5,0.5,0.5,0.4978789985179901,0.5,0.5,0.5,0.5,0.5,0.5,0.5,0.8233771324157715,0.5,0.4901082515716553,0.4590577781200409,0.9113996624946594,0.951163649559021,0.3157694637775421,0.555023729801178,0.5,0.9826189279556274,0.9427785277366638,0.94257652759552,0.6070927381515503,0.48066246509552,0.5,0.4947436451911926,0.5,0.5,0.489988774061203,0.7376353144645691,0.6556077003479004,0.6866629123687744,0.7648842930793762,0.7623575925827026,0.6603469848632812,0.8082360625267029,0.8380558490753174,0.7539044618606567,6.585035800933838,0.10892502218484879,0.6176470518112183
33,1.1427043676376343,0.5,0.4091940224170685,0.3530808985233307,0.6474339365959167,0.6165441274642944,0.829768717288971,0.5,0.5,0.498985230922699,0.5,0.5,0.5,0.5,0.5,0.49842971563339233,0.5,0.5,0.5,0.5,0.5,0.5,0.5,0.8261432647705078,0.5,0.4891608953475952,0.4597165286540985,0.9107651710510254,0.9480136632919312,0.3235294222831726,0.5327185988426208,0.5,0.9966615438461304,0.9441484212875366,0.9468207359313965,0.7283565998077393,0.4761022627353668,0.5,0.4914972186088562,0.5,0.5,0.4886915981769562,0.779478907585144,0.5979151129722595,0.7128629684448242,0.742500364780426,0.8733395338058472,0.7046594023704529,0.7784544229507446,0.7966642379760742,0.7592349648475647,5.496601581573486,0.10629472136497498,0.6165441274642944
34,1.1404588222503662,0.5,0.4370812773704529,0.3683723211288452,0.6602850556373596,0.6294117569923401,0.8222939372062683,0.5,0.4999076724052429,0.4988921582698822,0.5,0.5,0.5,0.49990779161453247,0.5,0.4971407353878021,0.5,0.5,0.5,0.5,0.5,0.5,0.5,0.8243694305419922,0.5,0.4862719476222992,0.4628315269947052,0.9138751029968262,0.9542078971862793,0.31773117184638977,0.506085991859436,0.5,0.9854974746704102,0.9447503089904785,0.9440652132034302,0.7516897320747375,0.47422394156455994,0.5,0.4877215623855591,0.5,0.5,0.49009716510772705,0.7789216637611389,0.6804722547531128,0.7401145100593567,0.7478293180465698,0.8118640184402466,0.7115551233291626,0.8410759568214417,0.706778883934021,0.7569032907485962,5.3838911056518555,0.12161614745855331,0.6294117569923401

35,1.112873911857605,0.5,0.4359177350997925,0.35796692967414856,0.6424829959869385,0.651286780834198,0.827346920967102,0.5,0.5,0.4992620050907135,0.5,0.5,0.5,0.5,0.5,0.4976937174797058,0.5,0.5,0.5,0.5,0.5,0.5,0.5,0.8196812868118286,0.5,0.48297154903411865,0.4646652936935425,0.9174923896789551,0.9549437761306763,0.29990485310554504,0.5759953260421753,0.5,0.9488398432731628,0.9426182508468628,0.9439376592636108,0.7797803282737732,0.47837337851524353,0.5,0.4827331602573395,0.5,0.5,0.49085137248039246,0.7755945920944214,0.814599871635437,0.7270850539207458,0.7614120244979858,0.7512885928153992,0.6496522426605225,0.7543982267379761,0.8453595638275146,0.7550573348999023,5.383814811706543,0.14295615255832672,0.651286780834198

36,1.0986467599868774,0.5,0.41673943400382996,0.37680530548095703,0.6728568077087402,0.6818014979362488,0.8262418508529663,0.5,0.4994460940361023,0.49889257550239563,0.5,0.5,0.5,0.4991694390773773,0.5,0.7264894247055054,0.5,0.5,0.5,0.5,0.5,0.5,0.5,0.8242418766021729,0.5,0.48522260785102844,0.4584423005580902,0.916208028793335,0.957313597202301,0.30568182468414307,0.5561047196388245,0.5,0.9520484805107117,0.9142999053001404,0.947413444519043,0.6899353861808777,0.47639763355255127,0.4998152554035187,0.48053863644599915,0.5,0.5,0.48888057470321655,0.8186836838722229,0.6180881261825562,0.712242603302002,0.75615394115448,0.7635663151741028,0.6566978693008423,0.7740200161933899,0.7842936515808105,0.7596293687820435,5.334846258163452,0.15377211570739746,0.6818014979362488

37,1.1028704643249512,0.5,0.4484766125679016,0.3871672749519348,0.6519917249679565,0.6672794222831726,0.8205369710922241,0.5,0.49926239252090454,0.49861547350883484,0.5,0.5,0.5,0.49889156222343445,0.5,0.8435424566268921,0.5,0.5,0.5,0.5,0.5,0.5,0.5,0.8211638331413269,0.5,0.48392224311828613,0.4575621485710144,0.9233694672584534,0.9595825672149658,0.30146917700767517,0.515285313129425,0.5,0.99099200963974,0.8862740993499756,0.9470643997192383,0.7022252678871155,0.47315311431884766,0.49972325563430786,0.47757476568222046,0.5,0.5,0.4910397529602051,0.7625653743743896,0.7359822988510132,0.6919364929199219,0.7596477270126343,0.8191708326339722,0.6708267331123352,0.770886242389679,0.790824294090271,0.7566080093383789,5.719495534896851,0.15485672652721405,0.6672794222831726
38,1.0493385791778564,0.5,0.40867358446121216,0.3727101981639862,0.6610528230667114,0.6862132549285889,0.8274260759353638,0.4999077022075653,0.49796709418296814,0.49769797921180725,0.5,0.5,0.49972328543663025,0.4976958632469177,0.5,0.9384217262268066,0.5,0.5,0.5,0.5,0.5,0.5,0.5,0.8119555115699768,0.5,0.4828101694583893,0.4564688205718994,0.9256448745727539,0.9585314989089966,0.30127593874931335,0.49898380041122437,0.5,0.9421098828315735,0.9045168161392212,0.9479345083236694,0.6994706988334656,0.4628014862537384,0.4995393455028534,0.47482943534851074,0.5,0.5,0.4904850721359253,0.816462516784668,0.7595547437667847,0.6575841903686523,0.7650628685951233,0.7719334363937378,0.6345725059509277,0.776425302028656,0.8582248687744141,0.7532201409339905,5.511471509933472,0.14800894260406494,0.6862132549285889
39,1.076814889907837,0.5,0.4434260427951813,0.38836225867271423,0.6499905586242676,0.6650735139846802,0.8145434260368347,0.49926212430000305,0.498153954744339,0.4981556534767151,0.5,0.5,0.4992615878582001,0.49815496802330017,0.5,0.9872764348983765,0.5,0.5,0.5,0.5,0.5,0.5,0.5,0.822935938835144,0.5,0.4828069508075714,0.447304368019104,0.9271347522735596,0.96375572681427,0.2968987822532654,0.49577441811561584,0.5,0.8746485710144043,0.8833876848220825,0.9489043951034546,0.716334342956543,0.4574231803417206,0.49963098764419556,0.47362110018730164,0.5,0.5,0.4886873662471771,0.7995849847793579,0.8045709133148193,0.7120381593704224,0.7322604656219482,0.816236138343811,0.6616443395614624,0.7507505416870117,0.7436749339103699,0.7577130198478699,5.326474666595459,0.1443810909986496,0.6650735139846802
40,1.037872314453125,0.5,0.4090920090675354,0.3897239863872528,0.6651941537857056,0.7238970398902893,0.8200474381446838,0.49843230843544006,0.6794582009315491,0.4977859854698181,0.5,0.5,0.49787822365760803,0.49741697311401367,0.49907681345939636,0.9870944023132324,0.5,0.5,0.4997231960296631,0.5,0.5,0.49898579716682434,0.5,0.8199443817138672,0.5,0.484377920627594,0.4480762183666229,0.927251935005188,0.9601442813873291,0.31757909059524536,0.5078878998756409,0.5,0.8353585004806519,0.8887658715248108,0.9481707215309143,0.7167035937309265,0.44831106066703796,0.49926212430000305,0.4663035571575165,0.5,0.5,0.4896397292613983,0.777654767036438,0.821893572807312,0.7037651538848877,0.7623416781425476,0.8027987480163574,0.6031423211097717,0.7723714113235474,0.7783313393592834,0.7724727392196655,5.319494247436523,0.18625783920288086,0.7238970398902893

41,1.0668463706970215,0.5,0.42229264974594116,0.39125344157218933,0.6618630886077881,0.71875,0.8180403709411621,0.4970485270023346,0.9798632860183716,0.4976036846637726,0.5,0.49926266074180603,0.4976014792919159,0.7472575902938843,0.4979693591594696,0.9856852293014526,0.5,0.5,0.49870920181274414,0.49935293197631836,0.5,0.4980638027191162,0.5,0.8192336559295654,0.5,0.48220306634902954,0.4416324198246002,0.9268292784690857,0.9644148349761963,0.325411856174469,0.4887917935848236,0.5,0.8523863554000854,0.9064706563949585,0.9462049007415771,0.7526277303695679,0.4450101852416992,0.49889320135116577,0.4572562873363495,0.5,0.5,0.48972538113594055,0.7464442253112793,0.8052953481674194,0.7509386539459229,0.7251918911933899,0.7316697835922241,0.6619958877563477,0.8348417282104492,0.8084794282913208,0.7679210901260376,5.503743648529053,0.19532938301563263,0.71875

42,1.0439107418060303,0.5,0.41228240728378296,0.3974545896053314,0.6523381471633911,0.7174632549285889,0.8153235912322998,0.49677419662475586,0.9785134792327881,0.4976958632469177,0.5,0.5175098180770874,0.6517081260681152,0.9542228579521179,0.49769243597984314,0.9812626838684082,0.5,0.5,0.4982488453388214,0.49741363525390625,0.5,0.7165607810020447,0.5,0.8235294222831726,0.5,0.48134326934814453,0.4413250982761383,0.9272692799568176,0.9656816124916077,0.33285850286483765,0.48546457290649414,0.5,0.8283106684684753,0.8518427610397339,0.9492477178573608,0.7251777052879333,0.4434468746185303,0.49834102392196655,0.44929006695747375,0.5,0.5,0.48766353726387024,0.8257632255554199,0.7090756893157959,0.7187765836715698,0.7600799202919006,0.7498806118965149,0.7067200541496277,0.7967277765274048,0.7366065979003906,0.7661502361297607,5.509777069091797,0.1804407387971878,0.7174632549285889
43,1.0262559652328491,0.5,0.4120253026485443,0.39084962010383606,0.6476906538009644,0.723713219165802,0.8201714158058167,0.794933021068573,0.9789551496505737,0.4976937174797058,0.5,0.8666789531707764,0.9817174673080444,0.9794318675994873,0.8105816841125488,0.9799004197120667,0.4994466006755829,0.5,0.49760544300079346,0.485310435295105,0.5,0.9816657304763794,0.5,0.8230342268943787,0.5,0.4805888831615448,0.445938378572464,0.9359241724014282,0.9696623086929321,0.33355462551116943,0.5039603114128113,0.5,0.7802019715309143,0.8302889466285706,0.9524757862091064,0.7502790093421936,0.43931815028190613,0.4992629587650299,0.443305641412735,0.5,0.5,0.4897349774837494,0.7648537158966064,0.807921290397644,0.727755069732666,0.7300349473953247,0.8168743848800659,0.636380672454834,0.7882013320922852,0.7978307008743286,0.7720085382461548,5.296879053115845,0.18053703010082245,0.723713219165802
44,1.0316989421844482,0.5,0.4333069920539856,0.40985429286956787,0.6338176727294922,0.7170956134796143,0.8208853006362915,0.9778311252593994,0.9764455556869507,0.5810253620147705,0.5,0.9773146510124207,0.9760103225708008,0.9761948585510254,0.9777839183807373,0.9775664806365967,0.4988000690937042,0.5,0.521494448184967,0.4750046133995056,0.49843087792396545,0.9784896373748779,0.5,0.8269444704055786,0.5,0.4834865927696228,0.44306284189224243,0.9364414811134338,0.9716318845748901,0.3190195560455322,0.5217339396476746,0.5,0.8127825260162354,0.8397890329360962,0.9538388252258301,0.8596750497817993,0.4397110641002655,0.49741697311401367,0.43682077527046204,0.5,0.5,0.48878923058509827,0.7861039042472839,0.7650461196899414,0.8224614858627319,0.7189128398895264,0.7948852777481079,0.7420440912246704,0.76171875,0.7556071877479553,0.7677112817764282,5.291470766067505,0.19511111080646515,0.7170956134796143
45,1.0122321844100952,0.5,0.45077455043792725,0.4077679514884949,0.6479756832122803,0.723713219165802,0.8195621967315674,0.978032112121582,0.9768364429473877,0.5974217653274536,0.5,0.9778556823730469,0.9766691327095032,0.9771971702575684,0.8949956893920898,0.9767398834228516,0.497787207365036,0.5,0.9007877707481384,0.4759269654750824,0.6149923205375671,0.978650689125061,0.5,0.8186447024345398,0.5,0.48475781083106995,0.43878889083862305,0.9399886131286621,0.9765506982803345,0.32102057337760925,0.5078088641166687,0.5,0.7750071287155151,0.8239468336105347,0.9582780599594116,0.7668823003768921,0.4347584545612335,0.4981553256511688,0.4404761791229248,0.5,0.5,0.4834238588809967,0.7865594029426575,0.7817997932434082,0.7857407331466675,0.7899292707443237,0.7957091331481934,0.7153087854385376,0.7570000886917114,0.8041596412658691,0.7612792253494263,5.304906129837036,0.18942689895629883,0.723713219165802
46,0.9847946166992188,0.5,0.42428797483444214,0.4013628661632538,0.6467834711074829,0.7275735139846802,0.8239783048629761,0.9751662015914917,0.9746169447898865,0.6151723861694336,0.5,0.9748015403747559,0.9755083322525024,0.9749815464019775,0.9753826260566711,0.9731698036193848,0.49547719955444336,0.5,0.9765639305114746,0.4732324182987213,0.8336145281791687,0.9746122360229492,0.5,0.8167253136634827,0.5,0.4849701225757599,0.4385146498680115,0.941137433052063,0.9792613983154297,0.31936773657798767,0.5161449313163757,0.5,0.7896446585655212,0.8397617340087891,0.9589481353759766,0.8091033697128296,0.43641403317451477,0.4982469081878662,0.6136879920959473,0.5,0.5,0.4855383336544037,0.7903968691825867,0.7365813851356506,0.6887868642807007,0.7508376836776733,0.8045412302017212,0.7269191741943359,0.780877947807312,0.798470139503479,0.7572891712188721,5.388495922088623,0.19199475646018982,0.7275735139846802
47,0.9846764802932739,0.5,0.3986102044582367,0.41224461793899536,0.63335120677948,0.7259191274642944,0.826833963394165,0.9749216437339783,0.9751707315444946,0.9322412014007568,0.5,0.9750738143920898,0.9747325778007507,0.9749124050140381,0.9754476547241211,0.9737085103988647,0.47758716344833374,0.4990764558315277,0.9766968488693237,0.47392186522483826,0.9751014709472656,0.9743542671203613,0.5,0.8193596005439758,0.5,0.48433420062065125,0.4347175359725952,0.9389640092849731,0.9789573550224304,0.3224334716796875,0.5068441033363342,0.5,0.7798886299133301,0.8289284706115723,0.9559909105300903,0.8175555467605591,0.4391553997993469,0.4954780340194702,0.7113500833511353,0.5,0.5,0.48419082164764404,0.7307504415512085,0.8043850064277649,0.8160157203674316,0.7503868937492371,0.7732282876968384,0.7590215802192688,0.8305031061172485,0.8078243136405945,0.7586374878883362,5.315162658691406,0.19118225574493408,0.7259191274642944
48,0.9706578850746155,0.5,0.4314650893211365,0.40418577194213867,0.6479768753051758,0.731249988079071,0.8252415657043457,0.9758747816085815,0.9764716625213623,0.98006272315979,0.5,0.9760236144065857,0.977096438407898,0.9770921468734741,0.9771006107330322,0.9765769243240356,0.479742169380188,0.49926212430000305,0.9765509366989136,0.4749123752117157,0.9764012098312378,0.9759358167648315,0.5,0.8212104439735413,0.5,0.48194006085395813,0.4401980936527252,0.9414610862731934,0.9789443612098694,0.3308514654636383,0.5430349111557007,0.5,0.7720075845718384,0.8331200480461121,0.9554097652435303,0.8445121049880981,0.4335800111293793,0.49464550614356995,0.5022568702697754,0.5,0.5,0.4803444445133209,0.7740693688392639,0.8015280961990356,0.7892578840255737,0.7441715002059937,0.8083987832069397,0.7144105434417725,0.8142193555831909,0.8193920850753784,0.7622210383415222,5.343854665756226,0.19787776470184326,0.731249988079071

49,0.9486550092697144,0.5,0.4187966287136078,0.39028677344322205,0.6582468748092651,0.7314338088035583,0.8288624286651611,0.9777839183807373,0.9771217703819275,0.9797821044921875,0.5,0.975957989692688,0.9769457578659058,0.9767699241638184,0.9773901700973511,0.9773693084716797,0.47831302881240845,0.4981532692909241,0.9765769243240356,0.4761025905609131,0.9778352379798889,0.976572573184967,0.5,0.8155502080917358,0.5,0.483171284198761,0.4363093078136444,0.942237913608551,0.9768280982971191,0.32403188943862915,0.5647188425064087,0.5,0.735277533531189,0.8226324915885925,0.9538695812225342,0.9832258224487305,0.42472222447395325,0.4935424327850342,0.6709504127502441,0.5,0.5,0.4768786132335663,0.7575050592422485,0.8088383674621582,0.748212456703186,0.7261197566986084,0.7689169049263,0.6921138763427734,0.780670166015625,0.8073595762252808,0.7600939273834229,5.224774122238159,0.19573667645454407,0.7314338088035583
50,0.9566975235939026,0.5,0.434558242559433,0.40966615080833435,0.6549361944198608,0.726838231086731,0.8248888254165649,0.9780766367912292,0.9776835441589355,0.9792358875274658,0.5,0.9778597354888916,0.9781243801116943,0.9776835441589355,0.9782127141952515,0.9769372940063477,0.47741520404815674,0.4964912235736847,0.9777716398239136,0.47600147128105164,0.9773313999176025,0.9782930016517639,0.5,0.8185775279998779,0.5,0.4826200604438782,0.4388764500617981,0.9450047612190247,0.9818475246429443,0.33956003189086914,0.5715351700782776,0.5,0.7817575931549072,0.8342311382293701,0.9568508863449097,0.9858829975128174,0.4136843979358673,0.49501752853393555,0.5122750997543335,0.5,0.5,0.4799475371837616,0.7381638288497925,0.7760610580444336,0.7863548994064331,0.7406924962997437,0.7690894603729248,0.6832438111305237,0.784044623374939,0.8105819225311279,0.7755125761032104,5.732820510864258,0.1950748860836029,0.726838231086731

51,0.9599462151527405,0.5,0.4653507173061371,0.39634057879447937,0.636371910572052,0.7321690917015076,0.8234182596206665,0.9768791198730469,0.97750324010849,0.9799704551696777,0.5,0.9775623083114624,0.9773313999176025,0.9779438972473145,0.9788276553153992,0.9747185707092285,0.4752904176712036,0.47549474239349365,0.9774575233459473,0.4742429852485657,0.9768918752670288,0.9763046503067017,0.5,0.8236656785011292,0.5,0.48238253593444824,0.4379541575908661,0.9400457143783569,0.9796462059020996,0.33804160356521606,0.4998627007007599,0.5,0.7280811667442322,0.8325932025909424,0.9539310932159424,0.9849070310592651,0.4077022671699524,0.4937303960323334,0.6159728169441223,0.49990713596343994,0.49990788102149963,0.478005588054657,0.8320012092590332,0.823330283164978,0.8424314856529236,0.7190825343132019,0.8200728893280029,0.7368044853210449,0.7450382113456726,0.7913526892662048,0.7541364431381226,5.337393283843994,0.2229255884885788,0.7321690917015076
52,0.9414058923721313,0.5,0.4417174458503723,0.3950384259223938,0.6476773023605347,0.7323529124259949,0.8218258619308472,0.9764455556869507,0.9752767086029053,0.9765509366989136,0.4985226094722748,0.9748984575271606,0.9751890897750854,0.9755354523658752,0.9747418761253357,0.9747968912124634,0.474261999130249,0.47000738978385925,0.9747185707092285,0.5171230435371399,0.975452184677124,0.974713921546936,0.5,0.8117375373840332,0.5,0.4813119173049927,0.44021639227867126,0.9432401657104492,0.9815096855163574,0.34074074029922485,0.5778095126152039,0.5,0.643926739692688,0.820019006729126,0.9520015120506287,0.7717076539993286,0.4060707092285156,0.4952951967716217,0.6373695135116577,0.5,0.5,0.48469293117523193,0.798743724822998,0.7948390245437622,0.7531919479370117,0.7462760806083679,0.7491626739501953,0.7382001876831055,0.7823225259780884,0.7988730072975159,0.7625783681869507,5.300015926361084,0.20766843855381012,0.7323529124259949
53,0.9104523658752441,0.5,0.436300128698349,0.40580523014068604,0.6569424867630005,0.7338235378265381,0.8256733417510986,0.9755961894989014,0.974926233291626,0.9761114120483398,0.4953780770301819,0.9747829437255859,0.9751014709472656,0.9745621681213379,0.9742999076843262,0.9744465351104736,0.4738104045391083,0.46592798829078674,0.9741888046264648,0.6671308279037476,0.9753553867340088,0.9749584197998047,0.5,0.8122917413711548,0.5,0.48384687304496765,0.4392523467540741,0.9444233179092407,0.9818888902664185,0.3366280198097229,0.5232212543487549,0.5,0.7299830913543701,0.8213856220245361,0.9526206254959106,0.7231478095054626,0.40347954630851746,0.4935436248779297,0.5883075594902039,0.5,0.5,0.47976502776145935,0.82213294506073,0.7895599603652954,0.7644447088241577,0.806846559047699,0.8083906769752502,0.711952269077301,0.7867550849914551,0.8029869794845581,0.7606475353240967,5.401652097702026,0.20374496281147003,0.7338235378265381
54,0.9155951142311096,0.5,0.4253014922142029,0.4045795500278473,0.6605402231216431,0.7441176176071167,0.8229929208755493,0.9763575792312622,0.9770380258560181,0.9790241718292236,0.4782247543334961,0.9761025905609131,0.9765063524246216,0.9772014021873474,0.9765942096710205,0.9756547212600708,0.4739804267883301,0.46659284830093384,0.9760280251502991,0.8470685482025146,0.9764142036437988,0.9757469892501831,0.5681818127632141,0.8155555725097656,0.49981561303138733,0.4814780056476593,0.4417584538459778,0.9480211734771729,0.980201780796051,0.36107954382896423,0.5261830687522888,0.5,0.6729111075401306,0.8548856377601624,0.9507806301116943,0.9816182851791382,0.3993332087993622,0.4922523498535156,0.7681342959403992,0.5,0.5,0.4734281301498413,0.7747273445129395,0.7875502109527588,0.7650531530380249,0.7525787949562073,0.8027285933494568,0.763878583908081,0.7940429449081421,0.8304624557495117,0.7757482528686523,5.229808568954468,0.23010176420211792,0.7441176176071167

55,0.8751891851425171,0.5,0.4215354025363922,0.39803406596183777,0.6529526114463806,0.7426470518112183,0.8290098905563354,0.9754657745361328,0.9765639305114746,0.9764316082000732,0.47399961948394775,0.9755535125732422,0.9764890670776367,0.9761158227920532,0.9771761298179626,0.9747325778007507,0.47328174114227295,0.46263837814331055,0.9758257865905762,0.7322991490364075,0.976995587348938,0.9755535125732422,0.8888888955116272,0.8131939172744751,0.4990803897380829,0.48236939311027527,0.4405117630958557,0.9469884037971497,0.979448139667511,0.3638439476490021,0.5365787744522095,0.5,0.6539885401725769,0.8497981429100037,0.9434899091720581,0.9842367172241211,0.3829905390739441,0.4952029585838318,0.5786405205726624,0.5,0.5,0.47417664527893066,0.7555133104324341,0.7924885749816895,0.8359208106994629,0.8337875008583069,0.8301186561584473,0.7747754454612732,0.7847458124160767,0.7814435958862305,0.7735927104949951,5.377932548522949,0.21335043013095856,0.7426470518112183
56,0.898935854434967,0.5,0.4119284152984619,0.41164523363113403,0.6014310717582703,0.7400735020637512,0.8238265514373779,0.9751890897750854,0.9767227172851562,0.9767355918884277,0.5183700919151306,0.9755489826202393,0.9765509366989136,0.9763662815093994,0.9759180545806885,0.9749815464019775,0.4715709686279297,0.45964911580085754,0.975115180015564,0.7213311195373535,0.9750460386276245,0.9752858877182007,0.8666666746139526,0.8178789615631104,0.49889522790908813,0.48340171575546265,0.43621590733528137,0.9488593339920044,0.9826375842094421,0.35307517647743225,0.5564839839935303,0.5,0.6346888542175293,0.8522434234619141,0.9425047636032104,0.9843231439590454,0.3718257546424866,0.49353885650634766,0.5492722988128662,0.5,0.5,0.474696546792984,0.7936140298843384,0.8471705317497253,0.8518779277801514,0.74278724193573,0.7441884875297546,0.8073785305023193,0.766424298286438,0.7855165004730225,0.7765955924987793,5.3371241092681885,0.22063522040843964,0.7400735020637512
57,0.8757448792457581,0.5,0.46200695633888245,0.3929993808269501,0.6464786529541016,0.7435661554336548,0.8272507190704346,0.9778475165367126,0.9787979125976562,0.9794280529022217,0.9695290923118591,0.9772475957870483,0.9788018465042114,0.9784331917762756,0.9785174131393433,0.9774699807167053,0.47391223907470703,0.7082718014717102,0.9781526327133179,0.9122046232223511,0.9787057638168335,0.9785740375518799,0.75,0.813540518283844,0.46970534324645996,0.4821428656578064,0.43947911262512207,0.9500855803489685,0.9793530106544495,0.36150190234184265,0.5428368449211121,0.5,0.642693042755127,0.831638753414154,0.942175567150116,0.9832227230072021,0.36760902404785156,0.49114227294921875,0.6448193192481995,0.5,0.5,0.4745699465274811,0.8094913363456726,0.8091169595718384,0.8837857842445374,0.7799256443977356,0.769345223903656,0.8071573972702026,0.7291511297225952,0.7612981796264648,0.7855838537216187,5.329976558685303,0.22226698696613312,0.7435661554336548
58,0.8823102116584778,0.5,0.45390233397483826,0.398886501789093,0.6245630979537964,0.745036780834198,0.8259084224700928,0.9759703874588013,0.9755064249038696,0.9769372940063477,0.965628445148468,0.9762608408927917,0.9767441749572754,0.9768151044845581,0.9762871265411377,0.9735918641090393,0.46779850125312805,0.7441353797912598,0.9751335382461548,0.9694480299949646,0.9762871265411377,0.9750184416770935,0.8500000238418579,0.8238499760627747,0.42936083674430847,0.48248881101608276,0.43330836296081543,0.946108341217041,0.9796462059020996,0.36239317059516907,0.5920388102531433,0.5,0.6774579286575317,0.8052593469619751,0.9375,0.9822943210601807,0.3796999454498291,0.49133002758026123,0.582999587059021,0.5,0.5,0.47382688522338867,0.7711910009384155,0.7675912380218506,0.8853740096092224,0.8599330186843872,0.7919769287109375,0.8155258893966675,0.7702713012695312,0.7801424860954285,0.7968506813049316,5.2538487911224365,0.224928081035614,0.745036780834198
59,0.8869788646697998,0.5,0.44629380106925964,0.40840256214141846,0.6220302581787109,0.7387867569923401,0.8245276212692261,0.9742429852485657,0.9762652516365051,0.9763925075531006,0.9655172824859619,0.9739266633987427,0.9756502509117126,0.9747372269630432,0.975452184677124,0.9733542203903198,0.46699851751327515,0.6650550365447998,0.9754385948181152,0.9685133695602417,0.9758913516998291,0.9744511842727661,0.7142857313156128,0.8189894556999207,0.3768182694911957,0.48232653737068176,0.4363568425178528,0.948898196220398,0.9817559719085693,0.3626519739627838,0.6174989938735962,0.5,0.6507518291473389,0.8561297655105591,0.9393162727355957,0.9836534857749939,0.359157532453537,0.4930786192417145,0.5625972151756287,0.5,0.5,0.4707913398742676,0.7667286396026611,0.7997373342514038,0.8850083351135254,0.8191107511520386,0.8015031814575195,0.8113977909088135,0.7645041942596436,0.7945570945739746,0.8025559186935425,5.6415674686431885,0.23450496792793274,0.7387867569923401
60,0.8834790587425232,0.5,0.39406493306159973,0.4062930941581726,0.6298807859420776,0.731249988079071,0.8211952447891235,0.9735093116760254,0.9745575189590454,0.976348876953125,0.8642579913139343,0.973655104637146,0.9752676486968994,0.9744606018066406,0.9743684530258179,0.9743353128433228,0.4667281210422516,0.6305310726165771,0.9754022359848022,0.9673432111740112,0.9743589758872986,0.9740726947784424,0.7272727489471436,0.8190405368804932,0.3714548945426941,0.48151952028274536,0.4382127523422241,0.9485697746276855,0.9821904897689819,0.36434701085090637,0.5620594024658203,0.5,0.6291447877883911,0.8382872343063354,0.938579797744751,0.9818165302276611,0.34239837527275085,0.49382373690605164,0.5756159424781799,0.5,0.5,0.4763992428779602,0.8238898515701294,0.761970043182373,0.8897359371185303,0.8574256300926208,0.7901499271392822,0.8117810487747192,0.8303239345550537,0.7802988290786743,0.7818117737770081,5.398449659347534,0.23596638441085815,0.731249988079071

61,0.8615332841873169,0.5,0.4234968423843384,0.3977108895778656,0.5937276482582092,0.739338219165802,0.8223260045051575,0.976823627948761,0.9792358875274658,0.9787214398384094,0.777224063873291,0.978329062461853,0.9787096977233887,0.9784331917762756,0.9785213470458984,0.9762212038040161,0.6194649934768677,0.660796582698822,0.9779479503631592,0.9695459604263306,0.9785094857215881,0.9780199527740479,0.699999988079071,0.8174324035644531,0.36082950234413147,0.49117976427078247,0.43956661224365234,0.9508851766586304,0.9801905155181885,0.36452779173851013,0.6242884397506714,0.5,0.6452271342277527,0.8489264249801636,0.9395730495452881,0.9824626445770264,0.33669692277908325,0.49196380376815796,0.637730598449707,0.4999074637889862,0.49990779161453247,0.471931129693985,0.7800042629241943,0.7926356792449951,0.8893632888793945,0.8593595623970032,0.7270059585571289,0.8113822937011719,0.734479546546936,0.8574292659759521,0.8026392459869385,5.381532669067383,0.25029993057250977,0.739338219165802
62,0.8792898654937744,0.5,0.3886820077896118,0.4112805724143982,0.601367712020874,0.7299632430076599,0.8151504993438721,0.9734317064285278,0.9763090014457703,0.9779479503631592,0.7771317958831787,0.976190447807312,0.9767570495605469,0.976572573184967,0.9758658409118652,0.9735581278800964,0.8279130458831787,0.702323853969574,0.9754204750061035,0.9671465158462524,0.9759402275085449,0.9744465351104736,0.9333333373069763,0.8152536153793335,0.34683358669281006,0.5162474513053894,0.43571028113365173,0.9513425827026367,0.983317494392395,0.36785441637039185,0.5665252804756165,0.5,0.6360960602760315,0.8276664614677429,0.940268874168396,0.9811947345733643,0.3424365818500519,0.49076637625694275,0.6070593595504761,0.5,0.49990779161453247,0.4700990617275238,0.7713189125061035,0.7846243381500244,0.8896442651748657,0.8527849912643433,0.7650867700576782,0.8069767355918884,0.8165998458862305,0.7798537015914917,0.7826039791107178,5.327744960784912,0.25340452790260315,0.7299632430076599
63,0.8535814881324768,0.5,0.3648717701435089,0.3990814685821533,0.6164292097091675,0.7420955896377563,0.8203060626983643,0.9749077558517456,0.9779438972473145,0.9780564308166504,0.7718554139137268,0.9758005142211914,0.9772392511367798,0.9776711463928223,0.9774990677833557,0.9753462672233582,0.9664323925971985,0.946053147315979,0.9752027988433838,0.9671404957771301,0.9768663644790649,0.9755489826202393,1.0,0.8153504133224487,0.33765876293182373,0.5481719970703125,0.43508803844451904,0.9538432359695435,0.9836564064025879,0.36836618185043335,0.5818125009536743,0.5,0.6235213279724121,0.8415809869766235,0.938647985458374,0.9818500280380249,0.3395107388496399,0.4893852770328522,0.5733333230018616,0.5,0.4999077618122101,0.47027382254600525,0.7787944674491882,0.8004921674728394,0.8912234902381897,0.8630591630935669,0.7448658347129822,0.8084710836410522,0.8202263712882996,0.7408379316329956,0.7829079627990723,5.3338398933410645,0.25966522097587585,0.7420955896377563
64,0.8381682634353638,0.5,0.3475455641746521,0.4031067192554474,0.6132498979568481,0.7387867569923401,0.8159542083740234,0.9747372269630432,0.9774068593978882,0.9781445860862732,0.7727440595626831,0.9766604900360107,0.9778597354888916,0.9772182106971741,0.9770549535751343,0.9749401211738586,0.9625668525695801,0.9445059895515442,0.9752904176712036,0.9669246673583984,0.9776298999786377,0.9756367802619934,1.0,0.8161547183990479,0.33474576473236084,0.5187878608703613,0.43508443236351013,0.9532852172851562,0.9818406105041504,0.3773782253265381,0.5495334267616272,0.5,0.6112549304962158,0.8470540046691895,0.9409867525100708,0.9847869873046875,0.33826521039009094,0.49050167202949524,0.598596453666687,0.5,0.5,0.47214433550834656,0.7730173468589783,0.7546855211257935,0.8971788883209229,0.8527354001998901,0.7546468377113342,0.812291145324707,0.78278648853302,0.7607328295707703,0.8023576736450195,5.600945949554443,0.23349818587303162,0.7387867569923401
65,0.8308637738227844,0.5,0.3810543417930603,0.4015021324157715,0.6124001741409302,0.7373161911964417,0.8187927603721619,0.9721041917800903,0.9740679264068604,0.9740822315216064,0.7712677717208862,0.972713828086853,0.9741601943969727,0.9740583896636963,0.9740679264068604,0.9723812937736511,0.9590481519699097,0.9311774373054504,0.972135066986084,0.9637587666511536,0.9727859497070312,0.972037672996521,1.0,0.8148045539855957,0.3293716609477997,0.520763099193573,0.4338688552379608,0.9495247006416321,0.9826633930206299,0.37228158116340637,0.5744799971580505,0.5,0.6534296870231628,0.7721590995788574,0.9360067844390869,0.982819139957428,0.3390676975250244,0.49143174290657043,0.5695716142654419,0.5,0.5,0.4691934287548065,0.7793557047843933,0.78619384765625,0.8992571830749512,0.8565102815628052,0.7837327718734741,0.8095592260360718,0.7709335088729858,0.7654956579208374,0.8031015396118164,5.3955912590026855,0.2477848380804062,0.7373161911964417
66,0.8102945685386658,0.5,0.35751014947891235,0.4004209637641907,0.6134207248687744,0.748161792755127,0.8241877555847168,0.9734799861907959,0.9754793643951416,0.9767270088195801,0.7744284868240356,0.9746543765068054,0.9756547212600708,0.9750184416770935,0.9753826260566711,0.9731302261352539,0.9578947424888611,0.9285450577735901,0.9737278819084167,0.9645161628723145,0.9748154878616333,0.9733640551567078,1.0,0.8193620443344116,0.32223039865493774,0.645327091217041,0.43613648414611816,0.9482135772705078,0.9807510375976562,0.3744765818119049,0.5987318754196167,0.5,0.6574766635894775,0.8253378868103027,0.9394631385803223,0.983308732509613,0.33912399411201477,0.49196526408195496,0.5667527318000793,0.5,0.49981552362442017,0.4728088080883026,0.7887071371078491,0.745907723903656,0.9048548936843872,0.8747861385345459,0.7719407081604004,0.8127201795578003,0.8412021398544312,0.8033015727996826,0.8167468905448914,5.376285552978516,0.25620236992836,0.748161792755127
67,0.7816013097763062,0.5,0.38302549719810486,0.40149006247520447,0.6120525598526001,0.7556985020637512,0.8239141702651978,0.9779479503631592,0.9797160625457764,0.9804500341415405,0.7693512439727783,0.9793510437011719,0.9798194169998169,0.9801551103591919,0.9797160625457764,0.9770675897598267,0.9612832069396973,0.919797420501709,0.9787940382957458,0.9703327417373657,0.9789056777954102,0.978613555431366,0.9998157620429993,0.8095591068267822,0.31251150369644165,0.6225191354751587,0.4407414197921753,0.9558823108673096,0.9824910163879395,0.38461539149284363,0.5987328290939331,0.5,0.6314072012901306,0.8306407928466797,0.9460049271583557,0.9820176959037781,0.33064964413642883,0.48928505182266235,0.6536253690719604,0.5,0.4998154640197754,0.46939921379089355,0.7836466431617737,0.8107781410217285,0.8994792699813843,0.8458384871482849,0.7855242490768433,0.80501389503479,0.7763818502426147,0.8009036779403687,0.8201359510421753,5.3552939891815186,0.26240748167037964,0.7556985020637512

68,0.795344889163971,0.5,0.38893288373947144,0.408417284488678,0.6074470281600952,0.753125011920929,0.8203060626983643,0.9752073287963867,0.9785054922103882,0.9788823127746582,0.7737919688224792,0.977515697479248,0.9790436029434204,0.9781365394592285,0.9775280952453613,0.9767398834228516,0.9571955800056458,0.910348653793335,0.9764977097511292,0.9644702672958374,0.9776958227157593,0.9762124419212341,1.0,0.8164474964141846,0.306522935628891,0.6197916865348816,0.43810680508613586,0.9534531831741333,0.9822883009910583,0.3819444477558136,0.5908292531967163,0.5,0.6011080145835876,0.8220757246017456,0.9458151459693909,0.9799778461456299,0.33604738116264343,0.48948919773101807,0.5738685727119446,0.5,0.4999077022075653,0.46657952666282654,0.7900106906890869,0.7688666582107544,0.905895471572876,0.8978868722915649,0.7796968221664429,0.8127667903900146,0.8389332294464111,0.820126473903656,0.8092288970947266,5.758728504180908,0.26285484433174133,0.753125011920929
69,0.7794800996780396,0.5,0.45373621582984924,0.39226850867271423,0.6067287921905518,0.7556985020637512,0.8284562826156616,0.9740679264068604,0.9757380485534668,0.9755805730819702,0.7680184245109558,0.9751014709472656,0.9759180545806885,0.9750138521194458,0.9757380485534668,0.9738785028457642,0.9561645984649658,0.8997970223426819,0.9747185707092285,0.9617652893066406,0.9758824706077576,0.9744511842727661,1.0,0.8069233894348145,0.30217352509498596,0.6069828271865845,0.4362873136997223,0.9516497850418091,0.9817212820053101,0.378831148147583,0.6701254844665527,0.5,0.6408392786979675,0.8439127206802368,0.9358024597167969,0.9808259606361389,0.31362372636795044,0.49031364917755127,0.6681745648384094,0.5,0.5,0.4703524112701416,0.7968240976333618,0.7438474893569946,0.904912531375885,0.8814791440963745,0.7686811089515686,0.8035846948623657,0.7882260084152222,0.8095247745513916,0.8110688328742981,5.436548709869385,0.2535039186477661,0.7556985020637512
70,0.8080236911773682,0.5,0.3808020055294037,0.3941761255264282,0.6112632751464844,0.7382352948188782,0.8187500238418579,0.9725193977355957,0.9754657745361328,0.9764455556869507,0.7670297622680664,0.9748154878616333,0.9759180545806885,0.9755354523658752,0.9755489826202393,0.9724118709564209,0.9497510194778442,0.8713337182998657,0.9737278819084167,0.9619003534317017,0.9739996194839478,0.973621129989624,0.9999077916145325,0.8173059225082397,0.3020833432674408,0.590247392654419,0.4363194406032562,0.9485741853713989,0.9796810150146484,0.3802469074726105,0.5820293426513672,0.5,0.6215168237686157,0.8231451511383057,0.9379408955574036,0.9820375442504883,0.31496572494506836,0.48955443501472473,0.5544800758361816,0.5,0.5,0.46929413080215454,0.7930817604064941,0.8255977630615234,0.9119836091995239,0.9052067399024963,0.7908507585525513,0.8112225532531738,0.7788700461387634,0.8260035514831543,0.7939879298210144,5.340603590011597,0.23783493041992188,0.7382352948188782

71,0.7606415748596191,0.5,0.4092201590538025,0.3957875669002533,0.616529107093811,0.753125011920929,0.8271652460098267,0.9729032516479492,0.9753689765930176,0.9756502509117126,0.7641422748565674,0.9747278690338135,0.9762520790100098,0.9751845002174377,0.9749308824539185,0.9735532999038696,0.9534904956817627,0.8302600383758545,0.9745981693267822,0.9627237319946289,0.9747278690338135,0.9737958908081055,0.9999076724052429,0.8093432188034058,0.2975336015224457,0.5564985871315002,0.4382716119289398,0.9511778354644775,0.9813511371612549,0.3896682560443878,0.7222120761871338,0.5,0.6305901408195496,0.8526565432548523,0.9391891956329346,0.983410120010376,0.30791327357292175,0.4874723553657532,0.5824713706970215,0.5,0.5,0.4690414071083069,0.7706629633903503,0.7815564274787903,0.9121747016906738,0.8776061534881592,0.7337239980697632,0.8024553656578064,0.7681437730789185,0.80528324842453,0.8136698603630066,5.388257026672363,0.23504550755023956,0.753125011920929
72,0.7773234844207764,0.5,0.39687415957450867,0.39651358127593994,0.6174160242080688,0.7461397051811218,0.8247606158256531,0.971771240234375,0.9740679264068604,0.9749953746795654,0.7660084962844849,0.972775936126709,0.9732373952865601,0.9736162424087524,0.9737230539321899,0.9716129302978516,0.9519904255867004,0.8229647278785706,0.9729305505752563,0.9583487510681152,0.9723400473594666,0.9723659753799438,0.9988937973976135,0.8156481385231018,0.29771554470062256,0.6246257424354553,0.43476635217666626,0.948708176612854,0.9802083373069763,0.3873506486415863,0.6843162775039673,0.5,0.6227012872695923,0.8332891464233398,0.9406440258026123,0.9817276000976562,0.30685821175575256,0.49095940589904785,0.6485694050788879,0.5,0.5,0.4699999988079071,0.7801033854484558,0.7251174449920654,0.920876681804657,0.8488402366638184,0.7491635680198669,0.8098381757736206,0.8008384704589844,0.8783482313156128,0.8070088028907776,5.521968364715576,0.24294975399971008,0.7461397051811218
73,0.7686557769775391,0.5,0.45393213629722595,0.39628469944000244,0.6289286613464355,0.7516543865203857,0.8248995542526245,0.973334550857544,0.9746357202529907,0.9760369062423706,0.7650313377380371,0.9734611511230469,0.974884569644928,0.9747968912124634,0.9743826389312744,0.9736113548278809,0.9527587890625,0.7925207614898682,0.9726886749267578,0.9549649357795715,0.9743258357048035,0.9725711345672607,0.9995388388633728,0.8120259046554565,0.2963167726993561,0.6325689554214478,0.4358448386192322,0.9497535228729248,0.9800909757614136,0.39329907298088074,0.7013381123542786,0.5,0.644898533821106,0.820354163646698,0.9414680600166321,0.9848597049713135,0.3048306405544281,0.49289798736572266,0.6652907729148865,0.4999074935913086,0.49990785121917725,0.471994012594223,0.7424544095993042,0.7360259294509888,0.9253897666931152,0.8496457934379578,0.7364002466201782,0.8067632913589478,0.8138793110847473,0.8164498209953308,0.8165501356124878,5.382227659225464,0.24391651153564453,0.7516543865203857
74,0.7850537300109863,0.5,0.4318053126335144,0.4072071313858032,0.6060075759887695,0.745036780834198,0.8165462613105774,0.9712017774581909,0.9728410840034485,0.974723219871521,0.7704222798347473,0.9726786017417908,0.9729505181312561,0.9726988077163696,0.9733591079711914,0.9713863730430603,0.9501661062240601,0.7896533012390137,0.9708325862884521,0.9558714628219604,0.9721401929855347,0.969780683517456,0.9965835809707642,0.8170889616012573,0.29920825362205505,0.6004891991615295,0.4347744584083557,0.950437605381012,0.9819597005844116,0.38415446877479553,0.6523988246917725,0.5,0.5964115262031555,0.8170309662818909,0.938188374042511,0.9817410707473755,0.31540027260780334,0.49188342690467834,0.8280413150787354,0.4998144507408142,0.4997229278087616,0.47219112515449524,0.8172495365142822,0.7280281186103821,0.9281337261199951,0.8967887759208679,0.8116040229797363,0.813951313495636,0.7956994771957397,0.81098473072052,0.8154411911964417,6.34749174118042,0.2651897072792053,0.745036780834198
75,0.7597441673278809,0.5,0.41554728150367737,0.3960965871810913,0.6078158020973206,0.7612132430076599,0.8180959224700928,0.9730677008628845,0.9773229956626892,0.9776835441589355,0.7742946743965149,0.9760805368423462,0.9760280251502991,0.9766647815704346,0.977142870426178,0.9734758138656616,0.9515503644943237,0.7989681363105774,0.9736939668655396,0.95863276720047,0.9757290482521057,0.9730103015899658,0.988552451133728,0.8183416724205017,0.30169397592544556,0.5911681056022644,0.4372193217277527,0.9526808261871338,0.9804257154464722,0.3953731954097748,0.6613964438438416,0.5,0.6189824342727661,0.8239571452140808,0.9399542808532715,0.9798082113265991,0.31136447191238403,0.4902195930480957,0.8224048614501953,0.5,0.4999076724052429,0.46872660517692566,0.7386664748191833,0.7288120985031128,0.9305633306503296,0.9087839126586914,0.7976900339126587,0.8139017820358276,0.799014151096344,0.8247767686843872,0.8164473176002502,5.781257152557373,0.2727946639060974,0.7612132430076599
76,0.7417285442352295,0.5,0.44555288553237915,0.400595098733902,0.6232280731201172,0.7650735378265381,0.8220053911209106,0.9715867042541504,0.975258469581604,0.9756367802619934,0.7636095285415649,0.9734268188476562,0.9736162424087524,0.9735337495803833,0.9738200902938843,0.9724220633506775,0.944792628288269,0.7898911237716675,0.971832275390625,0.9579800963401794,0.9733444452285767,0.9724940061569214,0.9832227230072021,0.8127198815345764,0.2936463952064514,0.5931839346885681,0.43862107396125793,0.9514323472976685,0.9821904897689819,0.39283671975135803,0.6851176023483276,0.5,0.6195269227027893,0.8282760381698608,0.938734769821167,0.9820276498794556,0.30025941133499146,0.4899594783782959,0.8172509670257568,0.49990734457969666,0.49990788102149963,0.47321760654449463,0.7421316504478455,0.7581005692481995,0.9241353273391724,0.9383002519607544,0.7489001750946045,0.8105273246765137,0.7784432172775269,0.8287122845649719,0.8206380605697632,5.811432361602783,0.27776432037353516,0.7650735378265381
77,0.7560756206512451,0.5,0.39224517345428467,0.4060530960559845,0.6073136329650879,0.7683823704719543,0.8206160068511963,0.9704415202140808,0.9733049869537354,0.9735288619995117,0.7676199674606323,0.9711414575576782,0.9720324873924255,0.9725862741470337,0.972037672996521,0.9712177515029907,0.9404169321060181,0.7878395915031433,0.970012903213501,0.9533038139343262,0.9714127779006958,0.970647931098938,0.981433629989624,0.8222674131393433,0.30267035961151123,0.5932773351669312,0.43279117345809937,0.9483479261398315,0.9802281260490417,0.3929252624511719,0.7272528409957886,0.5,0.6249088644981384,0.8161603808403015,0.9373569488525391,0.9851338863372803,0.3176089823246002,0.4928874969482422,0.8263876438140869,0.5,0.49990779161453247,0.47584855556488037,0.7564922571182251,0.8556045293807983,0.9293549060821533,0.8124406337738037,0.8103905916213989,0.8208719491958618,0.8113827705383301,0.7900902032852173,0.8166636824607849,5.93798565864563,0.2638418972492218,0.7683823704719543

78,0.7760490775108337,0.5,0.47153469920158386,0.40433529019355774,0.6469647884368896,0.7547793984413147,0.8167663812637329,0.9695347547531128,0.973145067691803,0.9730925559997559,0.7620409727096558,0.9715919494628906,0.9724271297454834,0.9722170829772949,0.9731153249740601,0.9702951908111572,0.9374076724052429,0.782448410987854,0.9693670272827148,0.9532201290130615,0.9723812937736511,0.9695403575897217,0.9793357849121094,0.8166574239730835,0.6417130827903748,0.5520401000976562,0.4353874921798706,0.9496771693229675,0.9822138547897339,0.39857059717178345,0.6779317259788513,0.5,0.6003882884979248,0.8269984722137451,0.937832236289978,0.9809216260910034,0.2970746159553528,0.48624446988105774,0.7593860626220703,0.5,0.4998154640197754,0.4695407748222351,0.7532708644866943,0.6625313758850098,0.9333580732345581,0.9432135820388794,0.7790778875350952,0.8121639490127563,0.7894104719161987,0.801765501499176,0.8073353171348572,6.428985595703125,0.27711763978004456,0.7547793984413147
79,0.7322403192520142,0.5,0.4448181688785553,0.4027502238750458,0.6231643557548523,0.7648897171020508,0.8214859962463379,0.973057746887207,0.9760981798171997,0.97702956199646,0.7606608867645264,0.9747922420501709,0.9755354523658752,0.9746403694152832,0.9747278690338135,0.9734464287757874,0.9355165958404541,0.7798004150390625,0.9729182124137878,0.9526315927505493,0.9740918278694153,0.972893238067627,0.9811198711395264,0.8128005862236023,0.7924875617027283,0.5911681056022644,0.4351765513420105,0.9535700678825378,0.9840213060379028,0.39876776933670044,0.6898283958435059,0.5,0.6173120737075806,0.8214014768600464,0.9399242997169495,0.9808153510093689,0.2951183319091797,0.4854108989238739,0.6654127836227417,0.5,0.49981528520584106,0.4678504765033722,0.7219958305358887,0.6590509414672852,0.9329551458358765,0.9383026361465454,0.8172414302825928,0.8126511573791504,0.8061432838439941,0.8370144367218018,0.811745285987854,6.66601037979126,0.2753947377204895,0.7648897171020508
80,0.7215870022773743,0.5,0.372600257396698,0.396426260471344,0.6171697378158569,0.7770220637321472,0.8243523836135864,0.9714022278785706,0.9753644466400146,0.976190447807312,0.7624884843826294,0.9742382168769836,0.9739362597465515,0.9741888046264648,0.9743542671203613,0.9724322557449341,0.9333702325820923,0.7792925834655762,0.9718946218490601,0.9538334012031555,0.9740774631500244,0.9731004238128662,0.9812799692153931,0.813878059387207,0.7901086807250977,0.5657069087028503,0.43667227029800415,0.9523854851722717,0.9824091792106628,0.3994860053062439,0.6731317043304443,0.5,0.6175190210342407,0.8408973217010498,0.9363014698028564,0.9797047972679138,0.2948646545410156,0.48366856575012207,0.824857234954834,0.4999074339866638,0.49972355365753174,0.4665358066558838,0.8009616136550903,0.7896628379821777,0.9347583651542664,0.939081072807312,0.8061895966529846,0.8088235259056091,0.8179057836532593,0.8654794692993164,0.8102422952651978,6.692932367324829,0.2922772169113159,0.7770220637321472

81,0.7363236546516418,0.5,0.389028400182724,0.3987005054950714,0.6222474575042725,0.7920956015586853,0.8231916427612305,0.967890739440918,0.9723196029663086,0.9726014733314514,0.7659162282943726,0.9704633951187134,0.9710438847541809,0.9713205099105835,0.9711041450500488,0.9698005318641663,0.928624153137207,0.7850553393363953,0.9695876836776733,0.9545286893844604,0.9706587791442871,0.9694783687591553,0.9782408475875854,0.818055272102356,0.79635089635849,0.601459264755249,0.4343726634979248,0.948854923248291,0.9818060398101807,0.4034014344215393,0.6286276578903198,0.5,0.6352874040603638,0.8383891582489014,0.9326558113098145,0.9814541339874268,0.2972947955131531,0.48744693398475647,0.7538325786590576,0.49981480836868286,0.4997234046459198,0.46683529019355774,0.8187470436096191,0.7309810519218445,0.9408273100852966,0.9454765319824219,0.7885738611221313,0.8140918016433716,0.759060263633728,0.8703288435935974,0.8078988790512085,5.891711950302124,0.33197107911109924,0.7920956015586853

82,0.7385052442550659,0.5,0.33884239196777344,0.4006038308143616,0.625602126121521,0.7876838445663452,0.8221699595451355,0.9706642031669617,0.9731500148773193,0.9734513163566589,0.766906201839447,0.9717764258384705,0.9735044240951538,0.9728882312774658,0.972309410572052,0.9725508689880371,0.9254847764968872,0.7775415778160095,0.9711095094680786,0.9525258541107178,0.972135066986084,0.9705610871315002,0.9802546501159668,0.8176600933074951,0.795655369758606,0.6373744606971741,0.4364486038684845,0.9488399028778076,0.9799200296401978,0.44425830245018005,0.6642946600914001,0.5,0.6250494718551636,0.8526407480239868,0.9355700016021729,0.9789861440658569,0.296406090259552,0.48375484347343445,0.7213307619094849,0.5,0.5,0.46893078088760376,0.7502319812774658,0.702276349067688,0.9427083730697632,0.9452003836631775,0.8083574175834656,0.8157894611358643,0.8254367113113403,0.9002655744552612,0.8133224844932556,6.211542844772339,0.3045004606246948,0.7876838445663452
83,0.7131229043006897,0.5,0.38931846618652344,0.39632517099380493,0.6132166981697083,0.7948529124259949,0.8206353187561035,0.9729604721069336,0.9752995371818542,0.9768450260162354,0.7623132467269897,0.9746263027191162,0.9750230312347412,0.9759136438369751,0.9749630689620972,0.9714338779449463,0.9132398962974548,0.7697842121124268,0.9728832244873047,0.9522404670715332,0.9749077558517456,0.9729604721069336,0.9800701141357422,0.8144444227218628,0.7897015810012817,0.6199762225151062,0.44549331068992615,0.9531279802322388,0.9816644191741943,0.4356658458709717,0.6618415713310242,0.5,0.6263368129730225,0.8287941217422485,0.9398288726806641,0.981833279132843,0.2925384044647217,0.4868251383304596,0.6848785877227783,0.5,0.49990779161453247,0.46921780705451965,0.764636754989624,0.7054336071014404,0.939083456993103,0.9464684128761292,0.8110702633857727,0.813381552696228,0.8252796530723572,0.868640661239624,0.8141127228736877,5.337415933609009,0.3142508566379547,0.7948529124259949
84,0.7110304236412048,0.5,0.5128205418586731,0.40692394971847534,0.6276880502700806,0.804963231086731,0.8209195137023926,0.9710224866867065,0.97517991065979,0.9754748344421387,0.765953540802002,0.9720427989959717,0.9743305444717407,0.9748247861862183,0.971233606338501,0.9708594679832458,0.9154682755470276,0.770379900932312,0.9709677696228027,0.9543697834014893,0.9734219312667847,0.9709409475326538,0.9797047972679138,0.8163548707962036,0.7877393364906311,0.6475909352302551,0.45791831612586975,0.9504555463790894,0.9808385372161865,0.49437373876571655,0.6438637971878052,0.5,0.5800244212150574,0.8524060249328613,0.9388201832771301,0.9818131327629089,0.28969281911849976,0.4895775616168976,0.5841319561004639,0.4999074339866638,0.4998156726360321,0.466922789812088,0.726901650428772,0.7511409521102905,0.9408541917800903,0.9463787078857422,0.8106939792633057,0.8121516108512878,0.8125156760215759,0.865517258644104,0.8176648616790771,5.524876117706299,0.3166239559650421,0.804963231086731

85,0.7278321981430054,0.5,0.4370253384113312,0.4053950309753418,0.6402069330215454,0.7963235378265381,0.8202932476997375,0.9716684818267822,0.9753599166870117,0.9766389727592468,0.7684074640274048,0.972728967666626,0.9741792678833008,0.9740870594978333,0.9728261232376099,0.9718738794326782,0.9116506576538086,0.7748386859893799,0.9730179309844971,0.9570506811141968,0.9736162424087524,0.9720324873924255,0.979424238204956,0.8198740482330322,0.7936683297157288,0.5870256423950195,0.49254316091537476,0.9506466388702393,0.9797335863113403,0.47196298837661743,0.6136261224746704,0.5,0.6114647388458252,0.822310745716095,0.9372022151947021,0.9825452566146851,0.2925088107585907,0.4890099763870239,0.7779746055603027,0.5,0.49953892827033997,0.469966322183609,0.7451991438865662,0.6899181604385376,0.9476075768470764,0.9485485553741455,0.8081538677215576,0.8143545985221863,0.7990698218345642,0.9036829471588135,0.8173818588256836,5.563846588134766,0.3237254023551941,0.7963235378265381
86,0.696823239326477,0.5,0.4543989598751068,0.4174538254737854,0.6341957449913025,0.8134191036224365,0.8237559795379639,0.9711626768112183,0.9751845002174377,0.9751982688903809,0.7588462829589844,0.9735044240951538,0.9739170074462891,0.9746263027191162,0.9733690023422241,0.9724888801574707,0.8749768733978271,0.7665128707885742,0.9723349213600159,0.9559609293937683,0.9740487337112427,0.9713417291641235,0.9801733493804932,0.811284065246582,0.7836892604827881,0.6118343472480774,0.5097468495368958,0.9516006708145142,0.9809442758560181,0.5288732647895813,0.6302428245544434,0.5,0.6273247003555298,0.8518425822257996,0.941703200340271,0.9801367521286011,0.2823954224586487,0.48719602823257446,0.8150849342346191,0.49990737438201904,0.4998154938220978,0.4686332941055298,0.7562180161476135,0.7108049988746643,0.9485034346580505,0.944413423538208,0.80210280418396,0.8069132566452026,0.8328015804290771,0.8832837343215942,0.8155105113983154,5.359933137893677,0.34326013922691345,0.8134191036224365
87,0.6946395635604858,0.5,0.5130208134651184,0.39657318592071533,0.6282215118408203,0.8025735020637512,0.8301299810409546,0.970490574836731,0.9748154878616333,0.9760103225708008,0.756360650062561,0.972232460975647,0.9740822315216064,0.9736987948417664,0.9724475145339966,0.9716371297836304,0.8530280590057373,0.7627447247505188,0.9712834358215332,0.9510709047317505,0.9723502397537231,0.9707510471343994,0.9788018465042114,0.8126156330108643,0.7823085784912109,0.6122762560844421,0.45039093494415283,0.9526335597038269,0.9818840622901917,0.6027418375015259,0.6067318916320801,0.5,0.5790607929229736,0.8549427390098572,0.938746452331543,0.9813480973243713,0.2847878336906433,0.49003690481185913,0.8170754313468933,0.4999074637889862,0.49990779161453247,0.47238290309906006,0.787994384765625,0.7484778165817261,0.9503809809684753,0.9482694864273071,0.7339177131652832,0.806833028793335,0.830245316028595,0.8703139424324036,0.8112360239028931,5.378902912139893,0.318246454000473,0.8025735020637512
88,0.6669186949729919,0.5,0.5127514600753784,0.3979003131389618,0.5999288558959961,0.8165441155433655,0.822616696357727,0.9727608561515808,0.9752995371818542,0.975115180015564,0.7659476399421692,0.9737278819084167,0.9748984575271606,0.9748015403747559,0.9745387434959412,0.9706912040710449,0.8664820194244385,0.7680878639221191,0.9729505181312561,0.9531048536300659,0.9746952056884766,0.9725914001464844,0.9788862466812134,0.815433144569397,0.7913523316383362,0.5584149360656738,0.44394001364707947,0.950920820236206,0.9794598817825317,0.5163227915763855,0.6445317268371582,0.5,0.5892561078071594,0.8755872249603271,0.939396858215332,0.981635332107544,0.2883509695529938,0.4906008243560791,0.8208225965499878,0.5,0.5,0.4726540446281433,0.7735409736633301,0.6907711625099182,0.9473390579223633,0.9483494162559509,0.7898286581039429,0.8082574009895325,0.7505996227264404,0.9445509910583496,0.821243166923523,5.42388916015625,0.34052446484565735,0.8165441155433655

89,0.6708129048347473,0.5,0.5121719837188721,0.3925773501396179,0.6454311609268188,0.8238970637321472,0.8261435031890869,0.9711804986000061,0.9760937690734863,0.9754234552383423,0.7626383900642395,0.9736405611038208,0.9757856130599976,0.9741109609603882,0.9746309518814087,0.9703764915466309,0.8477699756622314,0.7628086805343628,0.9710599184036255,0.9504886865615845,0.9742287397384644,0.9711414575576782,0.9791705012321472,0.8145579099655151,0.7873457670211792,0.5969868898391724,0.4529411792755127,0.9520038366317749,0.9813439846038818,0.5472220182418823,0.6036239862442017,0.5,0.6211476922035217,0.8356195688247681,0.9366679191589355,0.9833672046661377,0.28551584482192993,0.49382489919662476,0.8199446201324463,0.5,0.49990788102149963,0.4723157584667206,0.7247681021690369,0.7077025175094604,0.952548623085022,0.9497123956680298,0.7661950588226318,0.8057259321212769,0.7646708488464355,0.9686744809150696,0.8219622373580933,5.647785902023315,0.3485146462917328,0.8238970637321472
90,0.6830459237098694,0.5,0.5134493708610535,0.411560595035553,0.635818362236023,0.8091911673545837,0.8274004459381104,0.969199538230896,0.9733875393867493,0.9741554260253906,0.7689820528030396,0.9714075326919556,0.9727608561515808,0.9724990725517273,0.972135066986084,0.9686866998672485,0.859856128692627,0.7704645991325378,0.9711431860923767,0.9479859471321106,0.9712940454483032,0.9698395133018494,0.9767613410949707,0.8219177722930908,0.7971281409263611,0.6035915613174438,0.46594515442848206,0.9485883116722107,0.9799009561538696,0.6196943521499634,0.6166833639144897,0.5,0.6058090329170227,0.8288205862045288,0.933269739151001,0.9827331304550171,0.2908484637737274,0.4894736707210541,0.8240280151367188,0.5,0.4999076724052429,0.47546184062957764,0.7158441543579102,0.7604755163192749,0.9571269750595093,0.9539963006973267,0.7935128211975098,0.8123841285705566,0.826580286026001,0.9718912839889526,0.8161749839782715,5.542290687561035,0.3412833511829376,0.8091911673545837

91,0.6776671409606934,0.5,0.5137549638748169,0.42731013894081116,0.6404324769973755,0.8196691274642944,0.8235336542129517,0.970674991607666,0.9735093116760254,0.9754158854484558,0.761298656463623,0.9726988077163696,0.9732521772384644,0.9728111028671265,0.9732373952865601,0.9708648324012756,0.8481994867324829,0.764662504196167,0.9712283611297607,0.9404321908950806,0.972247838973999,0.9718478918075562,0.9784092903137207,0.8169964551925659,0.7899631261825562,0.6064841747283936,0.4723641574382782,0.9515823125839233,0.9814462661743164,0.4597399830818176,0.6053712368011475,0.5,0.6341822743415833,0.835893988609314,0.9381060600280762,0.9847757816314697,0.33200347423553467,0.48900794982910156,0.8240774869918823,0.4998149871826172,0.4998154044151306,0.47644859552383423,0.7386923432350159,0.7263470888137817,0.9573974609375,0.9554234743118286,0.7490272521972656,0.8075352907180786,0.83721524477005,0.9691094756126404,0.8208647966384888,5.388269424438477,0.35792800784111023,0.8196691274642944
92,0.6740096807479858,0.5,0.5139306783676147,0.42197585105895996,0.6334811449050903,0.8165441155433655,0.8219262957572937,0.9693031311035156,0.9723812937736511,0.9733924865722656,0.7639734745025635,0.9716684818267822,0.9729255437850952,0.9726735353469849,0.9715499877929688,0.9692449569702148,0.8382923603057861,0.7676823735237122,0.9696550369262695,0.9409325122833252,0.9713152647018433,0.9693087339401245,0.9767484664916992,0.8186701536178589,0.7917664051055908,0.6359045505523682,0.46904510259628296,0.948174238204956,0.978885293006897,0.4710434079170227,0.6256743669509888,0.5,0.6116694808006287,0.8292337656021118,0.9348490238189697,0.9827426671981812,0.28823748230934143,0.48784083127975464,0.6933472156524658,0.49990734457969666,0.4997231066226959,0.47563934326171875,0.7906523942947388,0.6457960605621338,0.9563477039337158,0.953633189201355,0.7814633250236511,0.8122566342353821,0.7809684872627258,0.9695563316345215,0.8167605400085449,5.332383632659912,0.3665958046913147,0.8165441155433655
93,0.6517831087112427,0.5,0.5143896341323853,0.41387754678726196,0.6303858757019043,0.8319852948188782,0.8269750475883484,0.971771240234375,0.9738978147506714,0.9745199680328369,0.7654058933258057,0.9732570648193359,0.9736405611038208,0.9739851951599121,0.9725761413574219,0.971868634223938,0.8234859704971313,0.7666605114936829,0.9723914861679077,0.9398967623710632,0.9736987948417664,0.9718842506408691,0.9785898923873901,0.8189703226089478,0.7867403030395508,0.624646782875061,0.5110608339309692,0.9516404271125793,0.980114221572876,0.6026833653450012,0.6355798840522766,0.5,0.5942345857620239,0.8212299346923828,0.9379881620407104,0.9831055998802185,0.28543636202812195,0.4904165267944336,0.7509325742721558,0.49990740418434143,0.4997231960296631,0.4749298393726349,0.7475924491882324,0.6862326860427856,0.9558057188987732,0.9514302015304565,0.813573956489563,0.811896800994873,0.8299627900123596,0.9712183475494385,0.8205403685569763,5.633627414703369,0.3778194189071655,0.8319852948188782

94,0.6712104082107544,0.5,0.5152641534805298,0.41588789224624634,0.6360008716583252,0.8209558725357056,0.8287534713745117,0.9729654788970947,0.976089358329773,0.9753826260566711,0.7657200694084167,0.9743731617927551,0.9757290482521057,0.9758257865905762,0.9726368188858032,0.9729555249214172,0.8180306553840637,0.7660398483276367,0.9727188944816589,0.9398301839828491,0.9744794368743896,0.973247230052948,0.9795278310775757,0.8236165046691895,0.7797015905380249,0.6408325433731079,0.4953608214855194,0.9519157409667969,0.9795666337013245,0.7327258586883545,0.6090086102485657,0.5,0.5928925275802612,0.8340162038803101,0.9396798610687256,0.9832779169082642,0.28868553042411804,0.4918864071369171,0.6784518957138062,0.5,0.4999077022075653,0.4751541316509247,0.7367461919784546,0.6896094083786011,0.9536694288253784,0.951717734336853,0.7857609391212463,0.8122676610946655,0.8141790628433228,0.9691036939620972,0.8237590789794922,5.570441246032715,0.36261460185050964,0.8209558725357056
95,0.6526221036911011,0.5,0.5154223442077637,0.40669456124305725,0.6300628185272217,0.8305147290229797,0.8250961899757385,0.9726937413215637,0.9755489826202393,0.9759269952774048,0.7604685425758362,0.9742078185081482,0.9758124351501465,0.9758124351501465,0.9733591079711914,0.9726014733314514,0.8022676706314087,0.7610538005828857,0.9728882312774658,0.9360798001289368,0.9748154878616333,0.9727909564971924,0.9786096215248108,0.813738226890564,0.7742677927017212,0.6023435592651367,0.4911336302757263,0.954614520072937,0.9820239543914795,0.6313644647598267,0.6507396101951599,0.5,0.5825841426849365,0.8219771385192871,0.9392816424369812,0.9806982278823853,0.30673593282699585,0.4915144741535187,0.6955124735832214,0.4998149275779724,0.49981531500816345,0.4753304719924927,0.7086740732192993,0.7494415044784546,0.9588213562965393,0.9523986577987671,0.7015793323516846,0.8030133843421936,0.8197085857391357,0.9708783030509949,0.8200372457504272,5.364899635314941,0.38161903619766235,0.8305147290229797
96,0.6640481352806091,0.5,0.51544189453125,0.4281017780303955,0.6176152229309082,0.8292279243469238,0.8275905847549438,0.9704688191413879,0.9723144769668579,0.9718232154846191,0.7625553607940674,0.9715207815170288,0.9715365171432495,0.9726483225822449,0.9718375205993652,0.9708110094070435,0.8099631071090698,0.7636531591415405,0.971278190612793,0.9286372661590576,0.9716842174530029,0.971354603767395,0.9772014021873474,0.8190405368804932,0.7755985260009766,0.5920829772949219,0.4796740412712097,0.9504855871200562,0.9804724454879761,0.7423747777938843,0.5665826797485352,0.5,0.6210019588470459,0.8082805871963501,0.9343684911727905,0.9820010662078857,0.33287906646728516,0.4920649528503418,0.8176361918449402,0.499907523393631,0.49990785121917725,0.47741273045539856,0.763034462928772,0.6179221272468567,0.960624098777771,0.9529073238372803,0.7944568395614624,0.8082370758056641,0.8146151304244995,0.9695394039154053,0.8155145645141602,5.3494179248809814,0.39288339018821716,0.8292279243469238
97,0.6696522235870361,0.5,0.5165688991546631,0.4295305013656616,0.6290462017059326,0.8268382549285889,0.8244656324386597,0.967908501625061,0.9706696271896362,0.972109317779541,0.754807710647583,0.9705339074134827,0.9705393314361572,0.9700074195861816,0.9690959453582764,0.9675396680831909,0.8042313456535339,0.756881594657898,0.9687904119491577,0.9228924512863159,0.9700018167495728,0.968611478805542,0.9751662015914917,0.8176677823066711,0.767728865146637,0.575562596321106,0.4983908236026764,0.9496861696243286,0.982295036315918,0.6045634150505066,0.6079391241073608,0.5,0.5963127017021179,0.8279344439506531,0.9357903003692627,0.9792166948318481,0.37337660789489746,0.48661866784095764,0.6663603782653809,0.4999074339866638,0.49981552362442017,0.47321760654449463,0.7704414129257202,0.6701090335845947,0.9611007571220398,0.9516966342926025,0.8040763139724731,0.8066160082817078,0.7522612810134888,0.9696096777915955,0.8071191906929016,5.428815603256226,0.40040624141693115,0.8268382549285889
98,0.6202260851860046,0.5,0.5161392688751221,0.41950303316116333,0.6450247764587402,0.8413602709770203,0.8390325903892517,0.9739025831222534,0.9766949415206909,0.9775830507278442,0.759778618812561,0.9756950736045837,0.9771090745925903,0.976572573184967,0.9758703112602234,0.9745481014251709,0.8044039011001587,0.7611100673675537,0.9745340347290039,0.9257754683494568,0.9764803647994995,0.9743542671203613,0.9800811409950256,0.8129862546920776,0.7681399583816528,0.6160869598388672,0.49959102272987366,0.9566959142684937,0.9827224016189575,0.8679548501968384,0.6073929667472839,0.5,0.5982561707496643,0.8482479453086853,0.9371916651725769,0.9810103178024292,0.3388984501361847,0.48939505219459534,0.692191481590271,0.4999072551727295,0.4996309280395508,0.47720080614089966,0.7408729791641235,0.7309810519218445,0.9644448757171631,0.9540464878082275,0.8005689382553101,0.804347813129425,0.8279293775558472,0.9710536003112793,0.8189290761947632,5.313379526138306,0.3964284658432007,0.8413602709770203
99,0.6348053216934204,0.5,0.5148687362670898,0.43569839000701904,0.6132717132568359,0.8297793865203857,0.8294203281402588,0.972775936126709,0.9754793643951416,0.975983738899231,0.757749080657959,0.9744606018066406,0.9752767086029053,0.9745621681213379,0.9747092723846436,0.97243732213974,0.8092954754829407,0.7576540112495422,0.9727088212966919,0.9188815355300903,0.9743636846542358,0.9727909564971924,0.9785332679748535,0.8164474964141846,0.7667157649993896,0.5464052557945251,0.4796968996524811,0.9544337391853333,0.9829912185668945,0.8410385847091675,0.6166219115257263,0.5,0.5878796577453613,0.843597412109375,0.9421800971031189,0.983397901058197,0.38181424140930176,0.4883613586425781,0.8122693300247192,0.4999074637889862,0.4998154640197754,0.47748085856437683,0.723699688911438,0.7316207885742188,0.9639866352081299,0.9529510140419006,0.7774119973182678,0.8037078380584717,0.7447769641876221,0.9726446866989136,0.8237777948379517,5.466053485870361,0.3898651897907257,0.8297793865203857
100,0.6325625777244568,0.5,0.5156275033950806,0.4402359127998352,0.61126309633255,0.8393382430076599,0.8317245244979858,0.9680103659629822,0.9703874588012695,0.9703764915466309,0.7586270570755005,0.9699095487594604,0.9703006744384766,0.9693087339401245,0.9691483378410339,0.9677002429962158,0.8133640289306641,0.7586652040481567,0.9682363867759705,0.9124101400375366,0.9690151214599609,0.9676079750061035,0.9751386642456055,0.816901445388794,0.7684094309806824,0.6051312685012817,0.5601150989532471,0.950638473033905,0.9827553629875183,0.792866587638855,0.6034757494926453,0.5,0.5860958695411682,0.8502089977264404,0.934357762336731,0.9838709831237793,0.27970021963119507,0.4893146753311157,0.8167650699615479,0.5,0.5,0.47504672408103943,0.7805318236351013,0.758716344833374,0.9656552076339722,0.9546636939048767,0.7498796582221985,0.8071335554122925,0.7779600024223328,0.9747399687767029,0.8106163740158081,5.5553648471832275,0.40364453196525574,0.8393382430076599

101,0.6220982074737549,0.5,0.5145615935325623,0.43389901518821716,0.6241096258163452,0.8500000238418579,0.8346699476242065,0.9726216793060303,0.976190447807312,0.9755173921585083,0.7612903118133545,0.9743636846542358,0.9743872880935669,0.9756232500076294,0.9740092158317566,0.9735435247421265,0.8185335397720337,0.7625415325164795,0.9733394980430603,0.9172967076301575,0.9741840362548828,0.9724677801132202,0.9784132838249207,0.813761830329895,0.7686567306518555,0.6142857074737549,0.5136336088180542,0.9577878713607788,0.9830120205879211,0.879644513130188,0.5889087319374084,0.5,0.6209179162979126,0.8549427390098572,0.9387194514274597,0.9830602407455444,0.2748933732509613,0.4906860888004303,0.5547158122062683,0.49990740418434143,0.499723345041275,0.4745413661003113,0.7802664041519165,0.6764765381813049,0.9662200212478638,0.9569573402404785,0.7870790958404541,0.8015799522399902,0.8602808713912964,0.9720830917358398,0.8210738897323608,5.385958909988403,0.42120006680488586,0.8500000238418579

102,0.6148378252983093,0.5,0.5154516696929932,0.4364684820175171,0.6387896537780762,0.8417279124259949,0.838476836681366,0.9700239896774292,0.973975658416748,0.9732275009155273,0.7554427981376648,0.9716024398803711,0.9738881587982178,0.9732323884963989,0.9723144769668579,0.9711360931396484,0.8114966154098511,0.7574750781059265,0.9700571298599243,0.9042121171951294,0.9719505310058594,0.970490574836731,0.9768407344818115,0.8154387474060059,0.7592660784721375,0.5775157809257507,0.5011531114578247,0.9526335597038269,0.9813764095306396,0.9108563661575317,0.6232140064239502,0.5,0.6334996223449707,0.8772141933441162,0.9421613216400146,0.9845104217529297,0.2742978632450104,0.48947951197624207,0.6128225326538086,0.49981456995010376,0.4998151957988739,0.4772939682006836,0.7342433929443359,0.7330335974693298,0.9693536758422852,0.9604896903038025,0.7986021041870117,0.8021937608718872,0.7669628858566284,0.9757615327835083,0.8189360499382019,5.657513856887817,0.4134180545806885,0.8417279124259949
103,0.6391273140907288,0.5,0.5196682214736938,0.4410214424133301,0.6367037296295166,0.840624988079071,0.8347340822219849,0.9676942825317383,0.9712834358215332,0.9691357612609863,0.7589549422264099,0.9693557024002075,0.9707947969436646,0.9699095487594604,0.9694536924362183,0.9689865112304688,0.8033210039138794,0.7587953805923462,0.9686864614486694,0.9024120569229126,0.9690902233123779,0.9684850573539734,0.9746999144554138,0.8205246925354004,0.7583287358283997,0.5671308636665344,0.4713248908519745,0.9513888955116272,0.9829589128494263,0.8954057693481445,0.6017866134643555,0.5,0.6097524166107178,0.8553130626678467,0.9332448244094849,0.9821988344192505,0.28071799874305725,0.4892066419124603,0.7879127264022827,0.4997226297855377,0.49963077902793884,0.47742959856987,0.7751396894454956,0.7367140650749207,0.9715484976768494,0.9586508274078369,0.8683590888977051,0.8079556226730347,0.8273370862007141,0.9715877771377563,0.8182708621025085,6.000776529312134,0.4163907766342163,0.840624988079071
104,0.6217361092567444,0.5,0.5161545872688293,0.43807360529899597,0.6226593255996704,0.8431985378265381,0.8308460116386414,0.9690502882003784,0.9726014733314514,0.9735918641090393,0.763735294342041,0.9708540439605713,0.9725092649459839,0.9723042845726013,0.9715499877929688,0.9699373245239258,0.8055145740509033,0.7643318176269531,0.9690208435058594,0.9177716374397278,0.9721914529800415,0.9706696271896362,0.9754431247711182,0.8206743001937866,0.7652366161346436,0.5700364708900452,0.5382611751556396,0.952040433883667,0.9818198680877686,0.8812128901481628,0.560117781162262,0.5,0.5947206616401672,0.8270285725593567,0.9332129955291748,0.9841504096984863,0.27558398246765137,0.4896717071533203,0.7074497938156128,0.4998149573802948,0.49953848123550415,0.47558921575546265,0.7383673191070557,0.7590362429618835,0.9673105478286743,0.956792414188385,0.8615145683288574,0.8054728507995605,0.7890793085098267,0.9742947220802307,0.8092625141143799,5.6775243282318115,0.4102674126625061,0.8431985378265381
105,0.6071286797523499,0.5,0.5195689797401428,0.434484601020813,0.6359758377075195,0.8490808606147766,0.8325773477554321,0.9701107144355774,0.9735044240951538,0.9734415411949158,0.7597749829292297,0.9718738794326782,0.9730627536773682,0.9728732109069824,0.9709677696228027,0.9709516763687134,0.798652172088623,0.7612188458442688,0.9716423749923706,0.9171586632728577,0.9719712734222412,0.9719401597976685,0.977096438407898,0.81588214635849,0.7622377872467041,0.5734597444534302,0.5234748125076294,0.9528085589408875,0.9827979803085327,0.8550767302513123,0.5990910530090332,0.5,0.5972820520401001,0.8491984605789185,0.9347826242446899,0.9830101728439331,0.27703702449798584,0.48949310183525085,0.7054847478866577,0.5,0.49981561303138733,0.47728121280670166,0.6782745718955994,0.6714064478874207,0.9682097434997559,0.95652174949646,0.882701575756073,0.8014283180236816,0.8339024782180786,0.9709161520004272,0.8197174072265625,6.634615659713745,0.42958173155784607,0.8490808606147766
106,0.5996400117874146,0.5,0.5182753205299377,0.435658723115921,0.6399796009063721,0.8498162031173706,0.8389363884925842,0.9718582630157471,0.9731550216674805,0.9741411209106445,0.7591260671615601,0.972858190536499,0.9730004072189331,0.9728882312774658,0.9718790054321289,0.9720479846000671,0.794741690158844,0.7600184679031372,0.9719297885894775,0.9091329574584961,0.9720840454101562,0.9723400473594666,0.9768193960189819,0.8141404390335083,0.7620099782943726,0.5991596579551697,0.570252537727356,0.9538125991821289,0.9834600687026978,0.8795281052589417,0.6204265356063843,0.5,0.6126359105110168,0.8733019828796387,0.9379506707191467,0.9836896657943726,0.27515724301338196,0.49049463868141174,0.6956048011779785,0.5,0.5,0.47943925857543945,0.7895225286483765,0.6785315871238708,0.9686398506164551,0.9576586484909058,0.8502329587936401,0.8009483218193054,0.8037859201431274,0.9752833843231201,0.8209054470062256,5.5803916454315186,0.4321101903915405,0.8498162031173706
107,0.5960162878036499,0.5,0.5214917659759521,0.436331182718277,0.6402842998504639,0.8533087968826294,0.8345075249671936,0.973334550857544,0.9758869409561157,0.9751982688903809,0.764109194278717,0.9734513163566589,0.975456714630127,0.9750876426696777,0.9728510975837708,0.9735239744186401,0.7974543571472168,0.7632743120193481,0.9727659225463867,0.8901606202125549,0.9749124050140381,0.9739851951599121,0.9776835441589355,0.8171724677085876,0.768133282661438,0.602464497089386,0.549170970916748,0.9533358812332153,0.9809080362319946,0.8817464113235474,0.6067490577697754,0.5,0.5847368240356445,0.8756465911865234,0.9383091926574707,0.9812453985214233,0.2720111310482025,0.4872764050960541,0.5473170280456543,0.5,0.5,0.4812360107898712,0.7355244159698486,0.7540397644042969,0.9692778587341309,0.9584108591079712,0.8225662708282471,0.7966306805610657,0.7816706895828247,0.9725376963615417,0.8230623006820679,5.474546670913696,0.44732433557510376,0.8533087968826294
108,0.5706974864006042,0.5,0.5167403817176819,0.43026772141456604,0.6362094879150391,0.8549632430076599,0.8391480445861816,0.9728481769561768,0.975452184677124,0.9751014709472656,0.7587289810180664,0.9747046232223511,0.9743140935897827,0.9749953746795654,0.9749169945716858,0.9733444452285767,0.7899206280708313,0.7580704689025879,0.971966028213501,0.8740549087524414,0.9749031066894531,0.9728111028671265,0.9784013032913208,0.8128465414047241,0.763119101524353,0.6254898309707642,0.5297910571098328,0.9549015760421753,0.9823126792907715,0.9204244017601013,0.6154778003692627,0.5,0.6355894804000854,0.8493722677230835,0.936846137046814,0.9851503372192383,0.2698221504688263,0.49086546897888184,0.6050981283187866,0.5,0.4999077618122101,0.4837474226951599,0.699367105960846,0.7513935565948486,0.9691266417503357,0.9572808742523193,0.8980050086975098,0.79347825050354,0.8008959293365479,0.9760356545448303,0.8138115406036377,5.3630900382995605,0.44044336676597595,0.8549632430076599
109,0.597432017326355,0.5,0.5193221569061279,0.4419696629047394,0.6228417754173279,0.8420956134796143,0.832814633846283,0.9714127779006958,0.9737327098846436,0.9749815464019775,0.7634398937225342,0.9726014733314514,0.9741888046264648,0.9740631580352783,0.9731550216674805,0.9724838733673096,0.7947319746017456,0.7629151344299316,0.9725092649459839,0.8856221437454224,0.9736793637275696,0.9722529649734497,0.9768535494804382,0.8221046924591064,0.7668384313583374,0.6106743812561035,0.5214858651161194,0.9517728090286255,0.9804517030715942,0.9123209118843079,0.5685185790061951,0.5,0.5908398628234863,0.8513282537460327,0.9370949268341064,0.9835823774337769,0.27679067850112915,0.48975637555122375,0.7051819562911987,0.49990734457969666,0.49963077902793884,0.47979798913002014,0.7554911375045776,0.6851576566696167,0.9702116250991821,0.9579551815986633,0.883945107460022,0.8016920685768127,0.8227087259292603,0.9741154909133911,0.81784987449646,5.30928635597229,0.42441526055336,0.8420956134796143
110,0.602331280708313,0.5,0.5182279348373413,0.4491773545742035,0.6198241710662842,0.8525735139846802,0.8308460116386414,0.9701051712036133,0.9717920422554016,0.9730179309844971,0.7594060897827148,0.9704797267913818,0.9728431701660156,0.9718738794326782,0.9715709686279297,0.9695684313774109,0.7863737344741821,0.7591227293014526,0.9710828065872192,0.8881615400314331,0.9714681506156921,0.9705069065093994,0.9747922420501709,0.8200592994689941,0.7635895013809204,0.5819457769393921,0.5552070140838623,0.9510083794593811,0.9810246825218201,0.9104463458061218,0.5717541575431824,0.5,0.6077567338943481,0.8336384296417236,0.9357632398605347,0.9846835136413574,0.27417856454849243,0.49059733748435974,0.7502354383468628,0.49962949752807617,0.49944618344306946,0.47915107011795044,0.7577075958251953,0.6653300523757935,0.969620943069458,0.9604578018188477,0.9225704669952393,0.8006334900856018,0.8260768055915833,0.9749536514282227,0.8176725506782532,5.785912752151489,0.4635494649410248,0.8525735139846802

111,0.5924316644668579,0.5,0.5196806788444519,0.4449235200881958,0.6487995386123657,0.8613970875740051,0.8321242332458496,0.9743542671203613,0.9753871560096741,0.9753131866455078,0.7582194209098816,0.9743731617927551,0.9763662815093994,0.9758257865905762,0.9749815464019775,0.9743542671203613,0.7811460494995117,0.7583948373794556,0.9736939668655396,0.8817124962806702,0.9742999076843262,0.9742857217788696,0.978501558303833,0.8146607875823975,0.7576901912689209,0.564460277557373,0.6044161319732666,0.9549848437309265,0.9807509183883667,0.9185785055160522,0.5679165124893188,0.5,0.5972045660018921,0.838542103767395,0.9399047493934631,0.9826536178588867,0.2645752429962158,0.4917911887168884,0.6038567423820496,0.49990734457969666,0.49944719672203064,0.4787174165248871,0.8368508219718933,0.7234015464782715,0.9716351628303528,0.9601044058799744,0.9212439656257629,0.791449785232544,0.8604668378829956,0.9736255407333374,0.8140592575073242,5.6655473709106445,0.4631851017475128,0.8613970875740051

112,0.6041259765625,0.5,0.5208102464675903,0.45004260540008545,0.6337150931358337,0.8564338088035583,0.8333682417869568,0.9707186222076416,0.971868634223938,0.9727557897567749,0.7641631364822388,0.9707402586936951,0.9723966121673584,0.971254825592041,0.9703061580657959,0.970012903213501,0.7877949476242065,0.7636095285415649,0.9701864719390869,0.8759461045265198,0.9722068309783936,0.9707294702529907,0.9752676486968994,0.8237470388412476,0.765529990196228,0.5661422610282898,0.515678346157074,0.9512611627578735,0.9808534979820251,0.9177263379096985,0.5920760035514832,0.5,0.6118887662887573,0.8468642234802246,0.9358583688735962,0.9805314540863037,0.2806028127670288,0.48856720328330994,0.5502333045005798,0.4999072253704071,0.49963125586509705,0.4808518588542938,0.8020833730697632,0.6644003391265869,0.971627950668335,0.9584341049194336,0.9550362825393677,0.8018727898597717,0.7710367441177368,0.974237322807312,0.819333553314209,7.5175957679748535,0.45520123839378357,0.8564338088035583
113,0.5709273219108582,0.5,0.5182163715362549,0.4360613524913788,0.6193222999572754,0.8667279481887817,0.8356682062149048,0.9747651815414429,0.9782127141952515,0.9780523777008057,0.7583533525466919,0.9768450260162354,0.9778679609298706,0.977419376373291,0.9765063524246216,0.9754974246025085,0.7866900563240051,0.7579782009124756,0.9761114120483398,0.8593201637268066,0.9773188233375549,0.976572573184967,0.9802473783493042,0.8185946941375732,0.7570824027061462,0.5804109573364258,0.5667833685874939,0.9575786590576172,0.9814358949661255,0.9078196287155151,0.5723376870155334,0.5,0.6016944646835327,0.9160172343254089,0.9418759346008301,0.9828507900238037,0.2701074779033661,0.4904094338417053,0.5471863746643066,0.49962976574897766,0.4996311366558075,0.47998878359794617,0.7592626810073853,0.703648567199707,0.9695054292678833,0.9588289856910706,0.954401969909668,0.7989575862884521,0.8090375661849976,0.9729955196380615,0.8190997838973999,5.981842517852783,0.46915826201438904,0.8667279481887817
114,0.5758278965950012,0.5,0.5192338228225708,0.4460262954235077,0.6274727582931519,0.8604779243469238,0.834099292755127,0.9714285731315613,0.9737230539321899,0.9740918278694153,0.7628134489059448,0.972775936126709,0.9740043878555298,0.9739851951599121,0.9733444452285767,0.9727608561515808,0.7877167463302612,0.7627400159835815,0.9718790054321289,0.852213978767395,0.9739515781402588,0.9724990725517273,0.9770879745483398,0.8213493824005127,0.7643212080001831,0.6323966383934021,0.5341572761535645,0.9538198709487915,0.980663537979126,0.9057142734527588,0.5979271531105042,0.5,0.603726327419281,0.891015887260437,0.9401562809944153,0.9844875335693359,0.27263468503952026,0.4934562146663666,0.6156644821166992,0.4998146891593933,0.4994471073150635,0.4829874634742737,0.7525928020477295,0.752139151096344,0.971335768699646,0.9615312814712524,0.9571269750595093,0.7990150451660156,0.7395213842391968,0.974563717842102,0.8233192563056946,5.628528118133545,0.45837798714637756,0.8604779243469238
115,0.571739673614502,0.5,0.5184306502342224,0.444479376077652,0.6220067739486694,0.8698529601097107,0.8327163457870483,0.9736356735229492,0.9758257865905762,0.9759180545806885,0.7649446725845337,0.973655104637146,0.9753917455673218,0.9750368595123291,0.9745246171951294,0.9740487337112427,0.7907363176345825,0.7642989158630371,0.9733738899230957,0.8471401929855347,0.9745151996612549,0.9733591079711914,0.9780645370483398,0.8204962015151978,0.7640501260757446,0.593937337398529,0.5342869758605957,0.9536789655685425,0.9817142486572266,0.9105954170227051,0.5643996596336365,0.5,0.605160653591156,0.8699983358383179,0.9376069903373718,0.9833856821060181,0.2767476439476013,0.49178361892700195,0.7020583748817444,0.4999074339866638,0.4996309280395508,0.4823298454284668,0.7499951124191284,0.7467781901359558,0.9720312356948853,0.9593790769577026,0.957985520362854,0.7986252903938293,0.7580850720405579,0.9757840037345886,0.8232729434967041,5.357669353485107,0.47343945503234863,0.8698529601097107
116,0.5464224219322205,0.5,0.5198387503623962,0.44856125116348267,0.6180682182312012,0.8733456134796143,0.8367817997932434,0.970935583114624,0.9728682041168213,0.973689079284668,0.7584965229034424,0.9718842506408691,0.9731649160385132,0.9721710681915283,0.972309410572052,0.9705014824867249,0.7885040640830994,0.757749080657959,0.9711360931396484,0.8484876155853271,0.9726533889770508,0.9719090461730957,0.9761070013046265,0.816466212272644,0.758055567741394,0.64305579662323,0.5473389625549316,0.9529557228088379,0.9831844568252563,0.9062737226486206,0.5886809229850769,0.5,0.6146867871284485,0.8829903602600098,0.9375829696655273,0.9822714328765869,0.26849111914634705,0.491705060005188,0.5860066413879395,0.49981528520584106,0.4997234046459198,0.47687265276908875,0.7386143207550049,0.6382154226303101,0.9695926904678345,0.9585815668106079,0.9552475214004517,0.7954080700874329,0.8125156760215759,0.9728250503540039,0.8224021196365356,5.385595321655273,0.4652884006500244,0.8733456134796143

117,0.557252049446106,0.5,0.5190845727920532,0.4396339952945709,0.6209063529968262,0.8683823347091675,0.8376752734184265,0.9746122360229492,0.9754657745361328,0.9760059118270874,0.760653018951416,0.9759047031402588,0.9761025905609131,0.9757380485534668,0.9745715856552124,0.9743589758872986,0.7891143560409546,0.7600958943367004,0.9743589758872986,0.8515956401824951,0.9752630591392517,0.973655104637146,0.9775871634483337,0.8181059956550598,0.7600884437561035,0.5858092308044434,0.5896457433700562,0.9547274112701416,0.9809813499450684,0.9105613827705383,0.6237437129020691,0.5,0.5975018739700317,0.8905560374259949,0.9382492899894714,0.9828603267669678,0.26819780468940735,0.4932780861854553,0.5164727568626404,0.4998149275779724,0.49972274899482727,0.4807368516921997,0.7359456419944763,0.6620507836341858,0.9713038206100464,0.9597028493881226,0.9560327529907227,0.7930007576942444,0.8349897861480713,0.976672887802124,0.8169864416122437,5.366694211959839,0.4674310088157654,0.8683823347091675
118,0.5470892786979675,0.5,0.5224932432174683,0.44901415705680847,0.6430848836898804,0.873161792755127,0.8339047431945801,0.9733148813247681,0.9743636846542358,0.9755264520645142,0.7544280290603638,0.9738978147506714,0.9748201370239258,0.9743636846542358,0.9737375974655151,0.9726836681365967,0.7842794060707092,0.753921389579773,0.9734268188476562,0.8428044319152832,0.9737133383750916,0.973762035369873,0.9764933586120605,0.8153061270713806,0.7528566122055054,0.5786666870117188,0.5041466951370239,0.9532551169395447,0.9824762344360352,0.9107851982116699,0.5788268446922302,0.5,0.5778252482414246,0.9042019248008728,0.9399467706680298,0.980453610420227,0.2670433521270752,0.49038994312286377,0.6063901782035828,0.4998147487640381,0.499907910823822,0.48002612590789795,0.7418390512466431,0.699163556098938,0.9701839089393616,0.9576113224029541,0.951991081237793,0.7898644804954529,0.769961953163147,0.9727611541748047,0.8205708265304565,5.326717376708984,0.47693777084350586,0.873161792755127
119,0.597981333732605,0.5,0.519486665725708,0.446973979473114,0.619971752166748,0.8648896813392639,0.8317394852638245,0.9709409475326538,0.9731928110122681,0.9730478525161743,0.7585761547088623,0.971418023109436,0.9725345373153687,0.9733678698539734,0.9716946482658386,0.9713969230651855,0.7901052236557007,0.7576901912689209,0.9711360931396484,0.8472042679786682,0.9709837436676025,0.970674991607666,0.9764586687088013,0.8176851868629456,0.75737464427948,0.6364901661872864,0.5416723489761353,0.9533599615097046,0.9818648099899292,0.9129813313484192,0.5950506329536438,0.5,0.5420303344726562,0.8909204006195068,0.9377849102020264,0.9845046997070312,0.2686816155910492,0.4889298975467682,0.6120122671127319,0.4997222125530243,0.49953874945640564,0.4832302927970886,0.7247799634933472,0.7536412477493286,0.970653772354126,0.959014892578125,0.9526110291481018,0.7941122055053711,0.8560904860496521,0.9728321433067322,0.8149694204330444,5.2927117347717285,0.48985204100608826,0.8648896813392639
120,0.5423081517219543,0.5,0.5179166197776794,0.44449305534362793,0.6418373584747314,0.8764705657958984,0.8312094211578369,0.9752539396286011,0.9755805730819702,0.9759358167648315,0.7624400854110718,0.9755625128746033,0.9763133525848389,0.9755760431289673,0.9756547212600708,0.9756232500076294,0.7908587455749512,0.7626774907112122,0.9752073287963867,0.8422169089317322,0.9757380485534668,0.9745715856552124,0.9791589975357056,0.8193129301071167,0.7606334090232849,0.6118113994598389,0.5687232613563538,0.956916332244873,0.9827094674110413,0.9104194641113281,0.5598332285881042,0.5,0.5739083290100098,0.8850381374359131,0.9398481845855713,0.9848959445953369,0.2646949887275696,0.4916067123413086,0.48807990550994873,0.49981528520584106,0.4997234642505646,0.4781384766101837,0.7658258080482483,0.5458688735961914,0.9702116250991821,0.9599218964576721,0.9536830186843872,0.7946743369102478,0.7961171269416809,0.9756641387939453,0.811660885810852,5.3722615242004395,0.49400728940963745,0.8764705657958984

121,0.5487152338027954,0.5,0.5193436145782471,0.446673184633255,0.6449761390686035,0.8678308725357056,0.8356873989105225,0.9729854464530945,0.9742809534072876,0.9744747877120972,0.7586715817451477,0.974257230758667,0.9748340845108032,0.9742762446403503,0.974261999130249,0.9733591079711914,0.7816940546035767,0.7578297853469849,0.9742476940155029,0.8413577079772949,0.9747829437255859,0.9745652675628662,0.9773818254470825,0.8164627552032471,0.7570902109146118,0.5891132354736328,0.564799427986145,0.9556336402893066,0.9824828505516052,0.9104321002960205,0.5416077375411987,0.5,0.5964259505271912,0.910370945930481,0.9389595985412598,0.9856958389282227,0.26496201753616333,0.4938271641731262,0.5339734554290771,0.4997221827507019,0.49953797459602356,0.48348572850227356,0.7820792198181152,0.6650426983833313,0.9720727205276489,0.9621254205703735,0.9560623168945312,0.7925176620483398,0.7912281155586243,0.9761196374893188,0.8126055002212524,5.555978536605835,0.491848886013031,0.8678308725357056
122,0.5442594885826111,0.5,0.5205729007720947,0.44674354791641235,0.6458874940872192,0.8764705657958984,0.8363885283470154,0.9717972278594971,0.9737910628318787,0.9739708304405212,0.7548929452896118,0.973324716091156,0.9740726947784424,0.9736987948417664,0.9732373952865601,0.972135066986084,0.7771217823028564,0.7546544075012207,0.9729654788970947,0.8266851305961609,0.9728882312774658,0.9724787473678589,0.9762036800384521,0.812928318977356,0.7530852556228638,0.5876775979995728,0.5650209784507751,0.9548479318618774,0.9833142757415771,0.9095238447189331,0.49420371651649475,0.5,0.5356631875038147,0.9026151895523071,0.9392647743225098,0.984043538570404,0.2593929171562195,0.4940081238746643,0.8091462254524231,0.49972254037857056,0.49944689869880676,0.4856610894203186,0.7296777963638306,0.6849654316902161,0.9745447635650635,0.9636211395263672,0.9586960673332214,0.788718044757843,0.7858558893203735,0.9757299423217773,0.8171683549880981,5.312083959579468,0.4970734119415283,0.8764705657958984
123,0.5556995868682861,0.5,0.5207804441452026,0.45077061653137207,0.6270817518234253,0.8678308725357056,0.8298649191856384,0.973334550857544,0.9733738899230957,0.9744559526443481,0.7584839463233948,0.9736162424087524,0.9743684530258179,0.9745105504989624,0.9732768535614014,0.9730875492095947,0.7853713035583496,0.7591497302055359,0.9737765789031982,0.8317334651947021,0.9740343689918518,0.9726065397262573,0.9769074320793152,0.8174324035644531,0.7581982612609863,0.5867286920547485,0.564751148223877,0.9558320641517639,0.9823708534240723,0.9098765850067139,0.49748528003692627,0.5,0.5652947425842285,0.9007316827774048,0.9427459239959717,0.9842221736907959,0.2688888907432556,0.4928966760635376,0.7444925308227539,0.49990734457969666,0.4998154938220978,0.4848286211490631,0.7415493726730347,0.6999441385269165,0.9710306525230408,0.958418607711792,0.9554234743118286,0.794325590133667,0.7901747226715088,0.9759955406188965,0.8182934522628784,5.529040575027466,0.47799670696258545,0.8678308725357056
124,0.5403808355331421,0.5,0.5189993381500244,0.4500669538974762,0.6261565685272217,0.8812500238418579,0.8291916251182556,0.9730875492095947,0.9739996194839478,0.9744511842727661,0.7568790316581726,0.9731748104095459,0.9748938083648682,0.9738104343414307,0.9739708304405212,0.9735190868377686,0.780247151851654,0.7557603716850281,0.9737571477890015,0.8287873268127441,0.973514199256897,0.9722580909729004,0.9772894978523254,0.8144788146018982,0.7548803091049194,0.6448265314102173,0.5676950216293335,0.956467866897583,0.9836935997009277,0.9137471318244934,0.5175250172615051,0.5,0.5592188835144043,0.8990579843521118,0.9462426900863647,0.984432578086853,0.26333826780319214,0.4917820990085602,0.7038992643356323,0.4996296167373657,0.4992607533931732,0.4846499562263489,0.6828122138977051,0.6758517026901245,0.9729403257369995,0.9601671695709229,0.957962155342102,0.7876254320144653,0.7678323984146118,0.9741779565811157,0.8239610195159912,5.241703033447266,0.5057267546653748,0.8812500238418579
125,0.5032304525375366,0.5,0.5201836228370667,0.44991642236709595,0.6325588226318359,0.8889706134796143,0.8396674394607544,0.9735967516899109,0.9740726947784424,0.9740965962409973,0.7591260671615601,0.9737716913223267,0.9740092158317566,0.9735337495803833,0.9735093116760254,0.9727909564971924,0.7838560938835144,0.7592284679412842,0.9734268188476562,0.8257015943527222,0.973324716091156,0.9735772609710693,0.9763967990875244,0.8210847973823547,0.7579752802848816,0.6071769595146179,0.5799440145492554,0.9536473751068115,0.983444333076477,0.9088660478591919,0.5484350919723511,0.5,0.6001372933387756,0.9498854875564575,0.942409873008728,0.9839572310447693,0.2675235867500305,0.4879874289035797,0.5670289993286133,0.5,0.49981552362442017,0.48574888706207275,0.7763291597366333,0.6615104079246521,0.9750744104385376,0.9642989635467529,0.9583256244659424,0.7916589379310608,0.763695478439331,0.9754310846328735,0.8233455419540405,5.286234140396118,0.5128474235534668,0.8889706134796143

126,0.5258858799934387,0.5,0.5219693183898926,0.4429878294467926,0.6024425029754639,0.8819853067398071,0.834802508354187,0.9747185707092285,0.9759002923965454,0.9754612445831299,0.7617028951644897,0.9741935729980469,0.9755535125732422,0.975452184677124,0.9752539396286011,0.9741649627685547,0.7905517816543579,0.7614873647689819,0.9743826389312744,0.8317351937294006,0.9746263027191162,0.9745340347290039,0.9773229956626892,0.8166019916534424,0.7585190534591675,0.5581355690956116,0.5662779808044434,0.952629566192627,0.9798104166984558,0.911597490310669,0.5272669792175293,0.5,0.597665548324585,0.9391968250274658,0.9436700344085693,0.9820276498794556,0.26476576924324036,0.4850277304649353,0.5702381134033203,0.49981489777565,0.49953797459602356,0.48570626974105835,0.7418093681335449,0.6779186725616455,0.9728291034698486,0.9573816061019897,0.9519069790840149,0.7914110422134399,0.8479025363922119,0.9745495319366455,0.8147438764572144,5.312349796295166,0.5022958517074585,0.8819853067398071
127,0.5190399289131165,0.5,0.5224140882492065,0.4532276391983032,0.6229643821716309,0.8843749761581421,0.8328573703765869,0.9729505181312561,0.9738248586654663,0.9741792678833008,0.7531365156173706,0.9734219312667847,0.9741840362548828,0.9746075868606567,0.9728832244873047,0.9723451137542725,0.7795718908309937,0.7526782751083374,0.9737085103988647,0.8196418285369873,0.9735821485519409,0.9720891714096069,0.976911723613739,0.8177691698074341,0.7506904602050781,0.619030773639679,0.5632581114768982,0.9550784826278687,0.9837514162063599,0.9099467396736145,0.5127532482147217,0.5,0.5619953870773315,0.944137454032898,0.9429600238800049,0.9818987846374512,0.26577243208885193,0.48395130038261414,0.6372624039649963,0.4997221827507019,0.4996309280395508,0.484698623418808,0.7413491010665894,0.6508364081382751,0.9727391004562378,0.9610245227813721,0.9555906057357788,0.7876418828964233,0.7770487070083618,0.9751350283622742,0.823728084564209,5.460171222686768,0.5063838362693787,0.8843749761581421
128,0.542704701423645,0.5,0.5201804637908936,0.4518355131149292,0.6184650659561157,0.878125011920929,0.8352491855621338,0.9716024398803711,0.9737668633460999,0.9734317064285278,0.7610619068145752,0.9728331565856934,0.9732422828674316,0.9728732109069824,0.9721196889877319,0.9721196889877319,0.7846978306770325,0.7590372562408447,0.9732176065444946,0.8257337808609009,0.971868634223938,0.972247838973999,0.9748387336730957,0.8229900002479553,0.7579606175422668,0.6189823150634766,0.5164574980735779,0.9529054164886475,0.9820950031280518,0.9063392281532288,0.49478277564048767,0.5,0.5513481497764587,0.9464762210845947,0.9458997845649719,0.9846111536026001,0.27009260654449463,0.4911455512046814,0.7067662477493286,0.499722421169281,0.49953892827033997,0.4860643446445465,0.796635627746582,0.6364173293113708,0.9735081195831299,0.9643919467926025,0.9593691825866699,0.7947788834571838,0.7401735186576843,0.9775343537330627,0.8098015785217285,5.378015518188477,0.5038630366325378,0.878125011920929
129,0.5222696661949158,0.5,0.5208992958068848,0.4448021948337555,0.6316773891448975,0.8891544342041016,0.8327419757843018,0.9757335186004639,0.9761158227920532,0.9768279194831848,0.7647871971130371,0.9758213758468628,0.9764890670776367,0.9757559299468994,0.9750230312347412,0.9756592512130737,0.7878648042678833,0.7643858194351196,0.9758391380310059,0.8204725980758667,0.9752119779586792,0.9767227172851562,0.9779601693153381,0.8194032907485962,0.7626588344573975,0.5594029426574707,0.6171531081199646,0.9537090063095093,0.9795995950698853,0.9116358757019043,0.5247635245323181,0.5,0.5553150773048401,0.8954821825027466,0.9510215520858765,0.9828413724899292,0.2669200897216797,0.4901418685913086,0.6398338079452515,0.4997229278087616,0.4995390772819519,0.48459383845329285,0.7190411686897278,0.7380090355873108,0.9726511240005493,0.9598696231842041,0.9560163617134094,0.7910170555114746,0.8099136352539062,0.9759427905082703,0.8171037435531616,5.412670850753784,0.5026452541351318,0.8891544342041016
130,0.5092641115188599,0.5,0.5227165222167969,0.44624850153923035,0.6107743978500366,0.8860294222831726,0.8361811637878418,0.9727188944816589,0.9745246171951294,0.9743731617927551,0.7624054551124573,0.9738495349884033,0.9744465351104736,0.9737181663513184,0.9735918641090393,0.9727909564971924,0.7851216793060303,0.760953962802887,0.9736162424087524,0.8188526034355164,0.9736841917037964,0.9739564061164856,0.9760589599609375,0.821408748626709,0.7584238648414612,0.6375395059585571,0.5685871839523315,0.952195405960083,0.9812809228897095,0.9110242128372192,0.5322405695915222,0.5,0.543060839176178,0.9503722190856934,0.9428679943084717,0.9820044040679932,0.262099027633667,0.49150508642196655,0.6347713470458984,0.4999074935913086,0.49990779161453247,0.48777756094932556,0.7702292203903198,0.626368522644043,0.9729100465774536,0.9593790769577026,0.9553405046463013,0.7923020124435425,0.8387385606765747,0.9730333089828491,0.8186874389648438,5.619996070861816,0.5131250023841858,0.8860294222831726

131,0.5145844221115112,0.5,0.5248653888702393,0.44763821363449097,0.6409004926681519,0.8805146813392639,0.8334023952484131,0.9749031066894531,0.9766303300857544,0.9765639305114746,0.7608374953269958,0.9741983413696289,0.9761290550231934,0.9759224653244019,0.9740235805511475,0.9747968912124634,0.7835298776626587,0.7591260671615601,0.9752904176712036,0.8164451718330383,0.9746403694152832,0.9741252660751343,0.9791281819343567,0.8172560930252075,0.7591126561164856,0.5721555948257446,0.5881404876708984,0.9577237367630005,0.9834569692611694,0.9155237674713135,0.5082619190216064,0.5,0.55799800157547,0.9438155293464661,0.9508522748947144,0.9797896146774292,0.25976309180259705,0.49050167202949524,0.613093376159668,0.4998149871826172,0.49944546818733215,0.4875701069831848,0.7304362058639526,0.6051996350288391,0.9742660522460938,0.9626560211181641,0.9561582803726196,0.7884722352027893,0.7915955781936646,0.9754006862640381,0.8193017244338989,5.311772584915161,0.4814639687538147,0.8805146813392639
132,0.5123459696769714,0.5,0.520787239074707,0.4460817575454712,0.6245393753051758,0.8974264860153198,0.83717942237854,0.973800778388977,0.9746122360229492,0.9744511842727661,0.7553976774215698,0.9735337495803833,0.9742714762687683,0.9748753309249878,0.9735239744186401,0.9735288619995117,0.7785674333572388,0.7534562349319458,0.974252462387085,0.8078128099441528,0.9740583896636963,0.9737181663513184,0.9765063524246216,0.8185267448425293,0.7525336146354675,0.5681205987930298,0.5613758563995361,0.95524662733078,0.9833269715309143,0.9109445810317993,0.5070618391036987,0.5,0.5514185428619385,0.9496484994888306,0.9446550607681274,0.9832841157913208,0.26086553931236267,0.4909510612487793,0.6422173380851746,0.49972155690193176,0.7586126327514648,0.48841121792793274,0.7389404773712158,0.6425974369049072,0.9755439758300781,0.9621028900146484,0.9587053656578064,0.7859668731689453,0.809242844581604,0.9759472608566284,0.8189421892166138,5.430330276489258,0.5474546551704407,0.8974264860153198
133,0.5076102018356323,0.5,0.5241259336471558,0.44473856687545776,0.619289755821228,0.9001837968826294,0.8336161971092224,0.9741601943969727,0.9748753309249878,0.9744653701782227,0.7588462829589844,0.9736356735229492,0.97508305311203,0.9747046232223511,0.9732768535614014,0.9739851951599121,0.7827128767967224,0.7580645084381104,0.9743542671203613,0.8168298602104187,0.9735386371612549,0.9740918278694153,0.9765639305114746,0.8206552267074585,0.7574585676193237,0.6011507511138916,0.597486138343811,0.9543296694755554,0.9816043972969055,0.9121183156967163,0.4956356883049011,0.5,0.5427752733230591,0.9498953819274902,0.9456707835197449,0.9800811409950256,0.26286083459854126,0.4921615719795227,0.8515956401824951,0.49981439113616943,0.7495385408401489,0.48765894770622253,0.7591038942337036,0.5967880487442017,0.9736253619194031,0.961366593837738,0.9551365375518799,0.7888187170028687,0.7875763773918152,0.9734933376312256,0.8193684816360474,5.505114555358887,0.546209454536438,0.9001837968826294

134,0.5288755297660828,0.5,0.5203952789306641,0.4365718364715576,0.6298783421516418,0.898713231086731,0.8369463682174683,0.9765020608901978,0.9769669771194458,0.9774235486984253,0.7559534907341003,0.9772098064422607,0.9779520034790039,0.9773146510124207,0.9765812158584595,0.977302074432373,0.7831981182098389,0.7548874616622925,0.9774990677833557,0.8099409937858582,0.9773776531219482,0.9773146510124207,0.9792779684066772,0.8143306970596313,0.7516111135482788,0.5903710126876831,0.6046685576438904,0.9570096731185913,0.9811123609542847,0.9159064888954163,0.4945879280567169,0.5,0.5471310019493103,0.9519559144973755,0.9557732343673706,0.9812085628509521,0.25365808606147766,0.49345138669013977,0.8442925810813904,0.49953678250312805,0.7657450437545776,0.4921773076057434,0.7122504711151123,0.5544482469558716,0.9741250872612,0.960040807723999,0.9550540447235107,0.7811046838760376,0.7960953116416931,0.9752373695373535,0.8122895956039429,5.373455762863159,0.5510578155517578,0.898713231086731
135,0.4929179847240448,0.5,0.5225546360015869,0.4386851191520691,0.6245918273925781,0.9016544222831726,0.8376624584197998,0.9755715131759644,0.977658748626709,0.9775830507278442,0.763550877571106,0.9753962755203247,0.97757887840271,0.976823627948761,0.9745762348175049,0.9748387336730957,0.7890653610229492,0.7629731893539429,0.976752758026123,0.8224023580551147,0.9756547212600708,0.9755940437316895,0.9790629148483276,0.8197922706604004,0.7618696689605713,0.6530222296714783,0.5800338387489319,0.9567453861236572,0.982285737991333,0.9147360324859619,0.49469193816185,0.5,0.5521330833435059,0.9490687847137451,0.9496580362319946,0.9815464019775391,0.2637271285057068,0.4935424327850342,0.8519099354743958,0.49963030219078064,0.6464134454727173,0.4903828203678131,0.7905505895614624,0.6199946403503418,0.9757823944091797,0.9623166918754578,0.953987717628479,0.789972186088562,0.7868760824203491,0.973831295967102,0.8162224292755127,5.471526622772217,0.5411772727966309,0.9016544222831726
136,0.48361629247665405,0.5,0.5194251537322998,0.4399431347846985,0.6370747089385986,0.9095588326454163,0.834689199924469,0.9785977602005005,0.9787018299102783,0.9790783524513245,0.7651612758636475,0.9779764413833618,0.9783609509468079,0.9789551496505737,0.9781445860862732,0.9778842926025391,0.7885324358940125,0.7626197338104248,0.9787862300872803,0.8243218660354614,0.9784132838249207,0.9786096215248108,0.981102466583252,0.8189814686775208,nan,0.5846661329269409,0.6250627040863037,0.9592536091804504,0.9825128316879272,0.916840672492981,0.49638301134109497,0.5,0.5492568612098694,0.9190837144851685,0.9571157693862915,0.9842046499252319,0.26216015219688416,0.4940904974937439,0.8513014316558838,0.49990740418434143,0.785437822341919,0.48876193165779114,0.7638439536094666,0.5961058139801025,0.9742755889892578,0.9628045558929443,0.954782247543335,0.7873189449310303,0.8145824074745178,0.9751344919204712,0.8243587017059326,5.492176532745361,0.5607348084449768,0.9095588326454163
137,0.48957115411758423,0.5,0.5230221748352051,0.4424770474433899,0.6235659718513489,0.90625,0.8371943235397339,0.974257230758667,0.9756277799606323,0.9760937690734863,0.7670538425445557,0.9744511842727661,0.9749493598937988,0.9749953746795654,0.973800778388977,0.9740679264068604,0.7894785404205322,0.7666482329368591,0.9744559526443481,0.8212836980819702,0.9740870594978333,0.9736696481704712,0.9788550138473511,0.8259299993515015,0.7667157649993896,0.6464797854423523,0.6192927360534668,0.9552366733551025,0.9825913310050964,0.9123358130455017,0.4965798854827881,0.5,0.5432509183883667,0.952806830406189,0.9559354186058044,0.9804680347442627,0.26747411489486694,0.4922523498535156,0.859634518623352,0.49972212314605713,0.7494468688964844,0.49169155955314636,0.742132842540741,0.5077396035194397,0.9752511978149414,0.963919460773468,0.955939769744873,0.793926477432251,0.785089373588562,0.9747259020805359,0.8190246224403381,5.367238283157349,0.5468603372573853,0.90625
138,0.5053918957710266,0.5,0.5219693183898926,0.4464509189128876,0.6439014673233032,0.8999999761581421,0.8322332501411438,0.9739900827407837,0.9757676720619202,0.9750738143920898,0.7566421031951904,0.9741649627685547,0.9742951989173889,0.9739170074462891,0.9733493328094482,0.9745888113975525,0.7815211415290833,0.755955696105957,0.9747922420501709,0.8144358396530151,0.9739804267883301,0.9741840362548828,0.9754098653793335,0.8162868022918701,0.7550175189971924,0.5936253666877747,0.6242668628692627,0.9546493887901306,0.9829815626144409,0.9125261902809143,0.4965837895870209,0.5,0.515183687210083,0.9556505084037781,0.9538213610649109,0.9808259606361389,0.2626945972442627,0.494105726480484,0.8457702398300171,0.49981462955474854,0.7745387554168701,0.4899084270000458,0.7538440227508545,0.5141250491142273,0.9753396511077881,0.9642126560211182,0.9578145742416382,0.7860318422317505,0.8047252893447876,0.9754647016525269,0.8114993572235107,5.347731351852417,0.5617625713348389,0.8999999761581421
139,0.5117440819740295,0.5,0.5212597250938416,0.45296013355255127,0.6314902305603027,0.8983455896377563,0.8340799808502197,0.9716024398803711,0.9731302261352539,0.9726266860961914,0.7590439319610596,0.9721299409866333,0.973334550857544,0.9723451137542725,0.9714127779006958,0.9726331233978271,0.7840427160263062,0.7572484016418457,0.9730179309844971,0.8174778819084167,0.9723966121673584,0.9724169969558716,0.9761860370635986,0.8224610686302185,0.7574138641357422,0.650066077709198,0.6287477016448975,0.9554182291030884,0.9846562147140503,0.9105203151702881,0.49819424748420715,0.5,0.5403532981872559,0.9552181959152222,0.9550179243087769,0.9834901094436646,0.26287513971328735,0.4957517683506012,0.8595132827758789,0.4996296167373657,0.8070473670959473,0.4921480715274811,0.7318400144577026,0.5547274947166443,0.975872278213501,0.9655588865280151,0.9601967334747314,0.7921389937400818,0.8038454055786133,0.9780424237251282,0.8211061954498291,5.527572393417358,0.5476365685462952,0.8983455896377563
140,0.4782360792160034,0.5,0.5224034190177917,0.4503733515739441,0.6349169611930847,0.9014706015586853,0.8328509330749512,0.9764760136604309,0.977016806602478,0.9767656326293945,0.7629929780960083,0.9763090014457703,0.9764186143875122,0.9764890670776367,0.9753871560096741,0.9754008054733276,0.788021445274353,0.7615753412246704,0.975957989692688,0.8209079504013062,0.9763002395629883,0.977104902267456,0.9795899391174316,0.821481466293335,0.7616900205612183,0.6092501878738403,0.6576940417289734,0.9585939049720764,0.9827651977539062,0.9170467853546143,0.49733078479766846,0.5,0.5434099435806274,0.9575884342193604,0.9594569206237793,0.9822021722793579,0.26098647713661194,0.4944639205932617,0.8619830012321472,0.49972134828567505,0.807415246963501,0.4917818307876587,0.7260199785232544,0.568185567855835,0.974925696849823,0.9649841785430908,0.9577752947807312,0.7896935939788818,0.8047165870666504,0.9767701029777527,0.8286920785903931,5.496181488037109,0.5479425191879272,0.9014706015586853

141,0.4770702123641968,0.5,0.5230720639228821,0.44065728783607483,0.645641028881073,0.9104779362678528,0.8365125060081482,0.9733591079711914,0.9747875928878784,0.9751615524291992,0.7610260248184204,0.9734562635421753,0.9756097793579102,0.9739996194839478,0.9718284010887146,0.9728261232376099,0.7856879234313965,0.7585253715515137,0.9745935201644897,0.8202506303787231,0.973621129989624,0.9743305444717407,0.9764933586120605,0.8229629993438721,0.7580467462539673,0.6677465438842773,0.6121659278869629,0.9527566432952881,0.9811517000198364,0.911949098110199,0.4980941414833069,0.5,0.5294464826583862,0.9550732970237732,0.9538271427154541,0.9819811582565308,0.25560495257377625,0.49456021189689636,0.8671154975891113,0.5,0.6425803303718567,0.4922516942024231,0.7469021081924438,0.5853766798973083,0.9762923121452332,0.9655396938323975,0.9594367742538452,0.7893174886703491,0.8443994522094727,0.9743494391441345,0.8201239109039307,5.427148103713989,0.5643451809883118,0.9104779362678528

142,0.463132381439209,0.5,0.5207508206367493,0.44362667202949524,0.6221892237663269,0.9108455777168274,0.8409606218338013,0.9753917455673218,0.9756816625595093,0.9765769243240356,0.7566869258880615,0.9758480787277222,0.9768535494804382,0.9764760136604309,0.9746496677398682,0.9755535125732422,0.7812672853469849,0.7555822134017944,0.9769870638847351,0.8242620229721069,0.9752210378646851,0.9754053354263306,0.9793205261230469,0.8227836489677429,0.7566347122192383,0.688197135925293,0.6370065808296204,0.9561836123466492,0.9811930060386658,0.9142504930496216,0.4975190758705139,0.5,0.5463326573371887,0.9588571786880493,0.9584920406341553,0.9829114675521851,0.2521771490573883,0.49455419182777405,0.8631073236465454,0.49972254037857056,0.649539589881897,0.4919520914554596,0.7408411502838135,0.6274170279502869,0.9764782190322876,0.9674781560897827,0.9574823379516602,0.7872558236122131,0.8257244825363159,0.9761506915092468,0.8247905969619751,5.392854928970337,0.5633710622787476,0.9108455777168274
143,0.4648335576057434,0.5,0.5189052224159241,0.44427138566970825,0.6135506629943848,0.908088207244873,0.8336033821105957,0.9761202335357666,0.9766906499862671,0.9775871634483337,0.7648957967758179,0.9765769243240356,0.9773229956626892,0.9774824380874634,0.9748387336730957,0.9761158227920532,0.788872480392456,0.7637940645217896,0.9765639305114746,0.8263440132141113,0.9768321514129639,0.9764890670776367,0.9787901043891907,0.8277201652526855,0.762347936630249,0.625246524810791,0.6706758737564087,0.9596943855285645,0.9845116138458252,0.9164289832115173,0.49695178866386414,0.5,0.5112585425376892,0.9581031799316406,0.9560855627059937,0.9844009876251221,0.260881632566452,0.4952109158039093,0.8636279702186584,0.49990731477737427,0.7798153162002563,0.4923350214958191,0.719936728477478,0.536135733127594,0.9774121642112732,0.9665554761886597,0.9631696343421936,0.7932379841804504,0.7690320014953613,0.9765306115150452,0.8217339515686035,5.3402581214904785,0.5618837475776672,0.908088207244873
144,0.44800055027008057,0.5,0.5219936966896057,0.43668416142463684,0.6313337087631226,0.90625,0.8403770923614502,0.9745481014251709,0.9757200479507446,0.97566819190979,0.7639579772949219,0.9745575189590454,0.9764455556869507,0.9750046133995056,0.9728211164474487,0.9747092723846436,0.787758469581604,0.7629246711730957,0.9753508567810059,0.8165620565414429,0.9743778705596924,0.9752676486968994,0.9776958227157593,0.8276150226593018,0.7616460919380188,0.7190948724746704,0.6250779628753662,0.9538986682891846,0.9798663854598999,0.9109108448028564,0.49553316831588745,0.5,0.5397903323173523,0.9563726186752319,0.9557784199714661,0.9821033477783203,0.25681692361831665,0.4953814744949341,0.8732939958572388,0.5,0.7497231364250183,0.49168846011161804,0.7915177345275879,0.548562228679657,0.9788222312927246,0.9692436456680298,0.9605116844177246,0.7952354550361633,0.8357727527618408,0.9759910702705383,0.8285665512084961,5.364980936050415,0.5584439039230347,0.90625
145,0.45661911368370056,0.5,0.5233681797981262,0.4399564564228058,0.6103312969207764,0.9099264740943909,0.8402060270309448,0.9758614301681519,0.9766863584518433,0.9775830507278442,0.7637940645217896,0.9765639305114746,0.9777511358261108,0.9769415259361267,0.9750368595123291,0.9757603406906128,0.7875853180885315,0.7611582279205322,0.9763046503067017,0.8147465586662292,0.9759446978569031,0.9767441749572754,0.9796898365020752,0.8244494199752808,0.7614746689796448,0.6756594181060791,0.6575993299484253,0.9566084146499634,0.9800493717193604,0.9158709049224854,0.49734950065612793,0.49990472197532654,0.5444933772087097,0.9591797590255737,0.9574264883995056,0.9823930263519287,0.25541365146636963,0.4952969253063202,0.8769599795341492,0.49953728914260864,0.8677754402160645,0.4942937195301056,0.7335883378982544,0.49788159132003784,0.977141797542572,0.9671492576599121,0.9620241522789001,0.7910308837890625,0.7853060960769653,0.978697657585144,0.8314117193222046,5.610545635223389,0.5545437932014465,0.9099264740943909
146,0.5027500987052917,0.5,0.5218319892883301,0.4482930600643158,0.6186926960945129,0.9018382430076599,0.833165168762207,0.9735044240951538,0.973621129989624,0.9742429852485657,0.766863226890564,0.9724576473236084,0.9740631580352783,0.9738688468933105,0.9714839458465576,0.9730677008628845,0.7919431924819946,0.7649012804031372,0.9739564061164856,0.8216196298599243,0.9726318120956421,0.9739468097686768,0.9751982688903809,0.8336727023124695,0.7639425992965698,0.626309871673584,0.680053174495697,0.9533029794692993,0.981428861618042,0.9102612733840942,0.497901976108551,0.5,0.4939209818840027,0.9584600925445557,0.9551160335540771,0.9814541339874268,0.26371386647224426,0.4949243366718292,0.8763619661331177,0.4998147487640381,0.7891047596931458,0.4932596981525421,0.7931090593338013,0.5392299890518188,0.976465106010437,0.9659048318862915,0.9583178162574768,0.7963754534721375,0.7821800708770752,0.974628210067749,0.8180152177810669,5.383716821670532,0.5666632652282715,0.9018382430076599
147,0.46683022379875183,0.5,0.5215947031974792,0.4427875280380249,0.624202311038971,0.9099264740943909,0.8359695672988892,0.9761378169059753,0.9772098064422607,0.9777511358261108,0.7631967663764954,0.9769287705421448,0.9768663644790649,0.9764977097511292,0.9729804396629333,0.9754884243011475,0.7898377180099487,0.760821521282196,0.9772853255271912,0.8188445568084717,0.9762167930603027,0.9763967990875244,0.9795278310775757,0.8263002038002014,0.7604454159736633,0.6386142373085022,0.6205094456672668,0.9595419764518738,0.9839878082275391,0.9171244502067566,0.5046566724777222,0.5,0.4991607964038849,0.9562022686004639,0.9574024677276611,0.981635332107544,0.2537160813808441,0.49271082878112793,0.8788716793060303,0.49962976574897766,0.8242620229721069,0.49458247423171997,0.8068615794181824,0.5523277521133423,0.9779493808746338,0.9676132202148438,0.9598438739776611,0.7907301187515259,0.8206939101219177,0.9767268896102905,0.8139520883560181,5.388935327529907,0.5816670656204224,0.9099264740943909
148,0.48629918694496155,0.5,0.5235647559165955,0.4410807192325592,0.6360840797424316,0.916911780834198,0.8348709344863892,0.9779804944992065,0.9781647324562073,0.9789706468582153,0.7613720297813416,0.9782408475875854,0.9784411191940308,0.9781647324562073,0.9754008054733276,0.9787509441375732,0.7885466814041138,0.7599151134490967,0.9782448410987854,0.8191783428192139,0.9780645370483398,0.9785094857215881,0.9803723096847534,0.8253335952758789,0.7574585676193237,0.5796780586242676,0.6004453897476196,0.958601713180542,0.9813163876533508,0.9201784133911133,0.4971461296081543,0.5,0.503254234790802,0.964462161064148,0.9629206657409668,0.98006272315979,0.24986113607883453,0.4949299395084381,0.8866236209869385,0.49972227215766907,0.7953726053237915,0.4957033395767212,0.6870549917221069,0.5411674976348877,0.9751812219619751,0.9648096561431885,0.9571242332458496,0.7840275168418884,0.7490222454071045,0.975298285484314,0.8270853757858276,5.59389066696167,0.5841334462165833,0.916911780834198
149,0.4594172239303589,0.5,0.5223644971847534,0.4390742778778076,0.620680570602417,0.9101102948188782,0.8361320495605469,0.974266767501831,0.9755309224128723,0.9750092029571533,0.762370765209198,0.9743494987487793,0.974926233291626,0.9748154878616333,0.970099687576294,0.9738881587982178,0.7893475890159607,0.7618828415870667,0.9744606018066406,0.8240125179290771,0.9737423658370972,0.9746309518814087,0.9780361652374268,0.8274458646774292,0.7602171897888184,0.6078979969024658,0.6821848154067993,0.9534728527069092,0.9803996086120605,0.9116195440292358,0.498379111289978,0.5,0.5169121623039246,0.961005687713623,0.9579599499702454,0.9811704158782959,0.25614944100379944,0.49852508306503296,0.8860829472541809,0.5,0.7102496027946472,0.4961646497249603,0.706690788269043,0.5453703999519348,0.9774842262268066,0.9686219692230225,0.9607679843902588,0.7909006476402283,0.8438045978546143,0.9760668277740479,0.8235622048377991,5.515966176986694,0.5755892992019653,0.9101102948188782
150,0.49785783886909485,0.5,0.5211100578308105,0.44937267899513245,0.6244490742683411,0.9018382430076599,0.8383827805519104,0.9703171253204346,0.9715709686279297,0.9723711013793945,0.7539199590682983,0.9708379507064819,0.9718426465988159,0.9713969230651855,0.9669802188873291,0.9701107144355774,0.7847260236740112,0.754102885723114,0.9716476202011108,0.8157506585121155,0.9712728261947632,0.9712017774581909,0.9734660387039185,0.8235403299331665,0.7523914575576782,0.6092062592506409,0.6840669512748718,0.9516312479972839,0.9822654724121094,0.9109927415847778,0.4983864724636078,0.5,0.5100461840629578,0.9656481742858887,0.9553130865097046,0.9821922779083252,0.25652414560317993,0.495755672454834,0.8888888955116272,0.4997220039367676,0.8330559134483337,0.4968283474445343,0.7372545003890991,0.5053118467330933,0.9761949181556702,0.9657444953918457,0.9597808122634888,0.7879858613014221,0.8662272095680237,0.9758543968200684,0.8148936629295349,5.3413543701171875,0.5756679773330688,0.9018382430076599

151,0.4751242995262146,0.5,0.5224968194961548,0.4488649070262909,0.6131482720375061,0.9117646813392639,0.8328723311424255,0.9738248586654663,0.9747325778007507,0.975702166557312,0.7664388418197632,0.9733787775039673,0.9754476547241211,0.9746357202529907,0.9706804752349854,0.9734562635421753,0.7940959334373474,0.7667834758758545,0.9743542671203613,0.8241748213768005,0.9746859073638916,0.9738200902938843,0.9777593612670898,0.832777738571167,0.7661691904067993,0.5831714868545532,0.6761477589607239,0.9557396173477173,0.9833492040634155,0.9140387773513794,0.4987647235393524,0.49990448355674744,0.5032695531845093,0.9645376205444336,0.957898736000061,0.980996310710907,0.25738435983657837,0.4959402084350586,0.8912762403488159,0.49990734457969666,0.9995390176773071,0.4976648688316345,0.7509195804595947,0.5150755643844604,0.9772304892539978,0.9682037830352783,0.9588901400566101,0.7965549230575562,0.8140814304351807,0.9754372835159302,0.8222107887268066,5.376150131225586,0.5951671004295349,0.9117646813392639
152,0.4460594654083252,0.5,0.5207311511039734,0.4474392235279083,0.6354435682296753,0.9104779362678528,0.8393895626068115,0.9739218950271606,0.9748247861862183,0.9749216437339783,0.7592763900756836,0.9750600457191467,0.9750922918319702,0.9748201370239258,0.9698283672332764,0.9738833904266357,0.7873616218566895,0.7592694759368896,0.9747185707092285,0.8243542313575745,0.9749630689620972,0.9745387434959412,0.9768493175506592,0.8262358903884888,0.7569955587387085,0.6427518129348755,0.6788802742958069,0.9552860856056213,0.9822756052017212,0.9158114790916443,0.4983843266963959,0.5,0.5130876898765564,0.9648721218109131,0.9602586030960083,0.9828349947929382,0.2526871860027313,0.4956609904766083,0.902522087097168,0.4999074637889862,0.9998154640197754,0.498694509267807,0.7545146942138672,0.5569042563438416,0.9791008830070496,0.9680771827697754,0.9616815447807312,0.789018988609314,0.7903419733047485,0.97679603099823,0.8246323466300964,5.367391347885132,0.5987509489059448,0.9104779362678528
153,0.4515446424484253,0.5,0.5214500427246094,0.4428449273109436,0.620947539806366,0.9183823466300964,0.8398768901824951,0.9734219312667847,0.9743258357048035,0.9745981693267822,0.7565096616744995,0.9727188944816589,0.9739900827407837,0.9735190868377686,0.9682832360267639,0.9731202721595764,0.7836440801620483,0.7565449476242065,0.9735093116760254,0.8222447633743286,0.9730527997016907,0.9732422828674316,0.9754657745361328,0.8260225653648376,0.7552035450935364,0.6587672233581543,0.7059544324874878,0.9529646635055542,0.9813128709793091,0.9140595197677612,0.49839046597480774,0.49990469217300415,0.49458688497543335,0.9630123972892761,0.9567784070968628,0.9825581312179565,0.25222140550613403,0.4920693337917328,0.9050737619400024,0.49962982535362244,0.99944669008255,0.4985989034175873,0.7319234609603882,0.5482195615768433,0.9798769950866699,0.9696547985076904,0.9611884951591492,0.7873328328132629,0.7712024450302124,0.9760756492614746,0.8169451355934143,5.467157602310181,0.6010779142379761,0.9183823466300964
154,0.4264465272426605,0.5,0.5240240097045898,0.4452485144138336,0.6399968862533569,0.9139705896377563,0.8422516584396362,0.9754838943481445,0.9768279194831848,0.9765596389770508,0.7561335563659668,0.9757469892501831,0.9766604900360107,0.9762080311775208,0.9708540439605713,0.9752858877182007,0.7845543622970581,0.7560840845108032,0.9759314060211182,0.8309054374694824,0.9756457805633545,0.9759224653244019,0.9780645370483398,0.82457435131073,0.7553406953811646,0.6773082613945007,0.6761069297790527,0.9544339179992676,0.9804182648658752,0.9169365167617798,0.49924084544181824,0.5,0.4915318787097931,0.9641972780227661,0.963079571723938,0.9788862466812134,0.25120416283607483,0.4928992986679077,0.9030800461769104,0.4999074339866638,0.9994469881057739,0.49859654903411865,0.708953857421875,0.5333927869796753,0.9766815304756165,0.9651356935501099,0.9564327001571655,0.7856876850128174,0.7946434020996094,0.9764617681503296,0.830517053604126,5.3558220863342285,0.587268054485321,0.9139705896377563
155,0.45832303166389465,0.5,0.5233349204063416,0.44799554347991943,0.6064920425415039,0.9156249761581421,0.8431087732315063,0.975258469581604,0.9752767086029053,0.9753826260566711,0.7599225044250488,0.9746496677398682,0.9753780961036682,0.9758034944534302,0.9702677726745605,0.9755173921585083,0.7869260311126709,0.7592251300811768,0.9746590852737427,0.8236759901046753,0.9746403694152832,0.9750092029571533,0.9768748879432678,0.8289229869842529,0.7586143016815186,0.6097265481948853,0.7274316549301147,0.9564430117607117,0.9833428859710693,0.916904628276825,0.49762222170829773,0.49990519881248474,0.4934448003768921,0.963252067565918,0.9575597047805786,0.9797896146774292,0.2511584758758545,0.49299150705337524,0.9114554524421692,0.49963051080703735,0.9992614388465881,0.49606814980506897,0.751498281955719,0.4949057698249817,0.9800745248794556,0.9685060977935791,0.9597433805465698,0.7892777323722839,0.8304336071014404,0.9741635322570801,0.8185387849807739,5.316217422485352,0.6102747917175293,0.9156249761581421
156,0.45813101530075073,0.5,0.5216840505599976,0.44301465153694153,0.6167504787445068,0.9152573347091675,0.8371131420135498,0.9760457277297974,0.9772392511367798,0.9776875972747803,0.7653533220291138,0.976673424243927,0.9779520034790039,0.9773188233375549,0.969049334526062,0.9756592512130737,0.7961595058441162,0.7644673585891724,0.9774866104125977,0.8331795930862427,0.9762124419212341,0.9772098064422607,0.9796351194381714,0.8346617221832275,0.7623917460441589,0.5953850746154785,0.6543566584587097,0.9586416482925415,0.9806850552558899,0.9159359931945801,0.498195618391037,0.5,0.4941738247871399,0.9609672427177429,0.9619710445404053,0.9825581312179565,0.2556377053260803,0.49317216873168945,0.9025853872299194,0.49990740418434143,0.9993542432785034,0.4985021650791168,0.7068016529083252,0.4846585988998413,0.9770445823669434,0.9664193391799927,0.9574666023254395,0.7942819595336914,0.8330318927764893,0.9758498668670654,0.8259839415550232,5.408688306808472,0.6177598237991333,0.9152573347091675
157,0.44654005765914917,0.5,0.5226949453353882,0.44570034742355347,0.6270162463188171,0.9176470637321472,0.8361598253250122,0.9750876426696777,0.9759136438369751,0.9760147333145142,0.7617028951644897,0.9747372269630432,0.9755715131759644,0.9753735065460205,0.9682656526565552,0.9755961894989014,0.7919048070907593,0.7621771097183228,0.9746730327606201,0.8244464993476868,0.9747278690338135,0.9750000238418579,0.97750324010849,0.8264776468276978,0.7609975934028625,0.5995521545410156,0.7544533610343933,0.9563815593719482,0.9804836511611938,0.9179458022117615,0.4988584518432617,0.4999051094055176,0.4939163625240326,0.9657495021820068,0.9607319831848145,0.9811981916427612,0.25476762652397156,0.4918729364871979,0.9096518754959106,0.49981489777565,0.9994466304779053,0.4992516338825226,0.6818192005157471,0.49737316370010376,0.9786126017570496,0.9696744084358215,0.9594945907592773,0.791387677192688,0.7463957071304321,0.9764869809150696,0.8252639174461365,5.606276750564575,0.604915976524353,0.9176470637321472
158,0.46810182929039,0.5,0.5216118097305298,0.4571045935153961,0.6310817003250122,0.9034926295280457,0.8392292261123657,0.9736987948417664,0.9738978147506714,0.9739025831222534,0.7620409727096558,0.9741458892822266,0.974266767501831,0.9740679264068604,0.9668508172035217,0.9736793637275696,0.7894834280014038,0.7620236873626709,0.974252462387085,0.8207303285598755,0.9731796979904175,0.974408745765686,0.9771175384521484,0.8349379301071167,0.7605931758880615,0.6565826535224915,0.7908052206039429,0.9573863744735718,0.9838372468948364,0.9182198643684387,0.49866870045661926,0.5,0.49411541223526,0.9687380790710449,0.9592010974884033,0.9825774431228638,0.25726717710494995,0.49418389797210693,0.9165743589401245,0.49972179532051086,0.9994459748268127,0.49990636110305786,0.6951086521148682,0.5634084343910217,0.9788497090339661,0.9713754653930664,0.9637479186058044,0.792046070098877,0.8475428223609924,0.9761152267456055,0.8225389719009399,5.583407640457153,0.5972657799720764,0.9034926295280457
159,0.4624979794025421,0.5,0.523956835269928,0.4540610909461975,0.6534218788146973,0.8972426652908325,0.8445173501968384,0.9719505310058594,0.9726115465164185,0.9729854464530945,0.7583502531051636,0.9717868566513062,0.9733296632766724,0.9725193977355957,0.9656699895858765,0.9715049862861633,0.7867281436920166,0.7566844820976257,0.9733000993728638,0.8245015144348145,0.9723042845726013,0.9726583957672119,0.9751615524291992,0.8346617221832275,0.7568190097808838,0.6315796971321106,0.8017258048057556,0.956373929977417,0.98319411277771,0.9165873527526855,0.4986709654331207,0.499904990196228,0.4929857850074768,0.9681965112686157,0.960356593132019,0.9809998273849487,0.2518552839756012,0.49483585357666016,0.9100553393363953,0.49935102462768555,0.9996311664581299,0.5,0.7686144113540649,0.5440675616264343,0.9789150953292847,0.9703090190887451,0.9614956378936768,0.7913728952407837,0.8052455186843872,0.9758620262145996,0.8227115869522095,5.313663482666016,0.5644174814224243,0.8972426652908325
160,0.43410560488700867,0.5,0.5233533978462219,0.44555193185806274,0.6250748634338379,0.9152573347091675,0.8384661674499512,0.9747325778007507,0.976348876953125,0.9756637215614319,0.7611582279205322,0.9747418761253357,0.9759224653244019,0.9756323099136353,0.9681851863861084,0.9744370579719543,0.7918974161148071,0.7599114775657654,0.9753553867340088,0.8193982839584351,0.9750000238418579,0.9748247861862183,0.9768663644790649,0.8329625129699707,0.7585190534591675,0.6796953678131104,0.761608362197876,0.9571292400360107,0.9820512533187866,0.9147727489471436,0.49837785959243774,0.4998095631599426,0.49418938159942627,0.965766429901123,0.9590226411819458,0.9830289483070374,0.2530098259449005,0.49335792660713196,0.9100480079650879,0.4977736473083496,0.9996306896209717,0.5,0.7231103181838989,0.5127177238464355,0.9785555005073547,0.970992922782898,0.9629044532775879,0.7935369610786438,0.849266529083252,0.9755712747573853,0.818291425704956,5.343297243118286,0.5920233726501465,0.9152573347091675

161,0.442647784948349,0.5,0.5234793424606323,0.44148269295692444,0.6348443031311035,0.9139705896377563,0.8414030075073242,0.974344789981842,0.9749216437339783,0.9754657745361328,0.76149582862854,0.9740822315216064,0.9752904176712036,0.9748061895370483,0.9685308337211609,0.9738929867744446,0.7884544134140015,0.759098470211029,0.9741744995117188,0.8231010437011719,0.9743400812149048,0.974257230758667,0.976607084274292,0.832316517829895,0.7573137283325195,0.6427494287490845,0.7247638702392578,0.954007625579834,0.9813581705093384,0.914592444896698,0.4981035590171814,0.49990516901016235,0.4935213327407837,0.9630194306373596,0.9571918249130249,0.982485294342041,0.2532864212989807,0.49686405062675476,0.9062557220458984,0.4980548322200775,0.9994460940361023,0.5,0.7376155853271484,0.5367796421051025,0.9798626899719238,0.9700521230697632,0.9615599513053894,0.7889652252197266,0.8365155458450317,0.976748526096344,0.8186594247817993,5.3192527294158936,0.591208279132843,0.9139705896377563
162,0.4201216399669647,0.5,0.5235490202903748,0.4423972964286804,0.6444412469863892,0.9194852709770203,0.8451671600341797,0.9740918278694153,0.9749953746795654,0.974926233291626,0.7594948410987854,0.9741014242172241,0.9748201370239258,0.9741983413696289,0.9681264162063599,0.9740726947784424,0.7901678681373596,0.7578471302986145,0.9753326177597046,0.8260147571563721,0.9741792678833008,0.9749768972396851,0.9766604900360107,0.8268052339553833,0.7584238648414612,0.6475174427032471,0.7743470072746277,0.9594388008117676,0.9835551381111145,0.9149401187896729,0.49809741973876953,0.4999053478240967,0.49514931440353394,0.9667553305625916,0.9580094814300537,0.9820901155471802,0.2512032687664032,0.49271082878112793,0.9059159755706787,0.49731531739234924,0.9994466304779053,0.5,0.795615553855896,0.5499230623245239,0.9780067205429077,0.972408652305603,0.9618242979049683,0.789361298084259,0.8309981822967529,0.9747728109359741,0.8182287812232971,5.451186656951904,0.5987022519111633,0.9194852709770203
163,0.4300583302974701,0.5,0.523086667060852,0.4391421973705292,0.6403650045394897,0.9128676652908325,0.8444532155990601,0.9748154878616333,0.9754793643951416,0.97637939453125,0.7561739683151245,0.9749124050140381,0.9763838052749634,0.9757335186004639,0.9674594402313232,0.9745575189590454,0.7843968868255615,0.755081295967102,0.9753553867340088,0.8228455781936646,0.9748108386993408,0.9749077558517456,0.9779520034790039,0.8301293849945068,0.7549797296524048,0.6437403559684753,0.7589169144630432,0.9577383995056152,0.9829847812652588,0.9163490533828735,0.4984796643257141,0.49990540742874146,0.4955542981624603,0.9668439626693726,0.9596850872039795,0.9830414652824402,0.24657025933265686,0.4933505654335022,0.911639928817749,0.4993518590927124,0.9994463920593262,0.5,0.7049566507339478,0.5527424216270447,0.9825473427772522,0.9752511978149414,0.9656771421432495,0.7856214046478271,0.8218804597854614,0.9779903292655945,0.8250746726989746,5.273200035095215,0.6015283465385437,0.9128676652908325
164,0.4411953091621399,0.5,0.5243401527404785,0.44899559020996094,0.6256333589553833,0.9148896932601929,0.8380193710327148,0.9729854464530945,0.9746028780937195,0.9743589758872986,0.7626336812973022,0.9736064672470093,0.9748753309249878,0.9748660326004028,0.9674234390258789,0.9724475145339966,0.7930430173873901,0.7613677978515625,0.9733591079711914,0.8354815244674683,0.9732422828674316,0.9736987948417664,0.9757335186004639,0.834719181060791,0.7610097527503967,0.5723605751991272,0.7413990497589111,0.9569902420043945,0.9823160171508789,0.9187701940536499,0.4980970621109009,0.4999048709869385,0.4941926896572113,0.9665204286575317,0.9567983150482178,0.9815430045127869,0.25523632764816284,0.49225521087646484,0.9153136610984802,0.4986134171485901,0.999261736869812,0.5,0.7111799716949463,0.5868391990661621,0.9800037145614624,0.9728169441223145,0.9632967710494995,0.7915118932723999,0.8106746673583984,0.9762037992477417,0.8168563842773438,5.254316806793213,0.6072782278060913,0.9148896932601929
165,0.430900901556015,0.5,0.5241039991378784,0.4461023509502411,0.6115506887435913,0.9115808606147766,0.8422045707702637,0.973324716091156,0.9737278819084167,0.9736502766609192,0.761378288269043,0.9729903936386108,0.9747829437255859,0.9735239744186401,0.965768575668335,0.9733973741531372,0.7916897535324097,0.759088397026062,0.9735239744186401,0.8424063920974731,0.9729804396629333,0.973077654838562,0.9762652516365051,0.834784209728241,0.7591671347618103,0.6012996435165405,0.8211246728897095,0.9551257491111755,0.9817643761634827,0.9140357971191406,0.4991428554058075,0.4999050199985504,0.49421361088752747,0.9657468795776367,0.9570178985595703,0.9818500280380249,0.252872496843338,0.49095606803894043,0.9087550640106201,0.49972179532051086,0.9995390772819519,0.5,0.7932087182998657,0.545293927192688,0.9782366156578064,0.9694067239761353,0.9610450267791748,0.7918447256088257,0.7962207198143005,0.9758274555206299,0.8213117718696594,5.250829219818115,0.5977674722671509,0.9115808606147766
166,0.43438586592674255,0.5,0.5256673693656921,0.44807782769203186,0.6148675680160522,0.9167279601097107,0.8382331728935242,0.9738978147506714,0.9751982688903809,0.9762036800384521,0.7632791996002197,0.9741744995117188,0.9753644466400146,0.9743826389312744,0.9684210419654846,0.9733591079711914,0.795651376247406,0.7610741853713989,0.9753371477127075,0.8420615792274475,0.9739851951599121,0.9746169447898865,0.9771344661712646,0.8371877670288086,0.7605893611907959,0.6730722784996033,0.795431911945343,0.9593696594238281,0.9834474921226501,0.9206621050834656,0.4986666738986969,0.4997144043445587,0.49457865953445435,0.9697890877723694,0.9614437222480774,0.9809286594390869,0.2526802122592926,0.4904005825519562,0.9095185399055481,0.49749767780303955,0.9994463920593262,0.5,0.7773420810699463,0.5144765377044678,0.979485273361206,0.9686861038208008,0.9584729671478271,0.7940301299095154,0.8271204233169556,0.9751720428466797,0.8190920352935791,5.409265518188477,0.5969752073287964,0.9167279601097107
167,0.4430186450481415,0.5,0.5252453088760376,0.4446006715297699,0.6042786240577698,0.9158087968826294,0.840315043926239,0.9755625128746033,0.9760280251502991,0.9759624004364014,0.7613343000411987,0.9756547212600708,0.9761202335357666,0.9761070013046265,0.967637836933136,0.9760717153549194,0.7916589975357056,0.7601033449172974,0.9759180545806885,0.8379476070404053,0.9758213758468628,0.9753917455673218,0.9788550138473511,0.8357974290847778,0.7604569792747498,0.6464830636978149,0.8043493628501892,0.9611079692840576,0.9833681583404541,0.9230039715766907,0.4984831213951111,0.4998089671134949,0.4948708117008209,0.9702244997024536,0.9638189077377319,0.9813343286514282,0.2527777850627899,0.4894697964191437,0.9151744842529297,0.496294230222702,0.9990761280059814,0.5,0.7640268802642822,0.5113551616668701,0.9813502430915833,0.9716647863388062,0.9631862044334412,0.7899237871170044,0.7267575860023499,0.9757615327835083,0.8212273716926575,5.391747951507568,0.5930302739143372,0.9158087968826294
168,0.42101481556892395,0.5,0.5223383903503418,0.4434835910797119,0.625011682510376,0.9156249761581421,0.8476530313491821,0.9740870594978333,0.975456714630127,0.976001501083374,0.7616761922836304,0.9744417667388916,0.9759091734886169,0.9748154878616333,0.964483380317688,0.9736405611038208,0.788589358329773,0.7591260671615601,0.9741840362548828,0.8253190517425537,0.974261999130249,0.9742714762687683,0.9770464897155762,0.8354031443595886,0.7582012414932251,0.6154921650886536,0.8194307088851929,0.9573636054992676,0.9824494123458862,0.9140163660049438,0.4989551603794098,0.4996197819709778,0.49479758739471436,0.964108943939209,0.9591565132141113,0.9826503992080688,0.25462621450424194,0.4916113615036011,0.9151431322097778,0.49666541814804077,0.9993538856506348,0.5,0.7618913650512695,0.5042346715927124,0.9806619882583618,0.971855878829956,0.9626255035400391,0.7914270162582397,0.7978177666664124,0.9766945242881775,0.8155419230461121,5.307460784912109,0.5996822118759155,0.9156249761581421
169,0.4332572817802429,0.5,0.5234548449516296,0.4464462697505951,0.6220149993896484,0.9181985259056091,0.8395819067955017,0.972945511341095,0.9739323258399963,0.973159909248352,0.7554879188537598,0.9724322557449341,0.9730627536773682,0.9727038145065308,0.9650239944458008,0.972232460975647,0.7893377542495728,0.7540530562400818,0.9728782176971436,0.8198671936988831,0.9726836681365967,0.9725244045257568,0.9751845002174377,0.8328394293785095,0.7531330585479736,0.6482537984848022,0.7670481204986572,0.9581276178359985,0.9824928641319275,0.918798565864563,0.49905088543891907,0.4999051094055176,0.49533334374427795,0.9670777916908264,0.9600417613983154,0.9820934534072876,0.2487027496099472,0.4910450577735901,0.9142988920211792,0.4965696334838867,0.9991697072982788,0.5,0.7232142686843872,0.5177773237228394,0.9796316623687744,0.970746636390686,0.9615455865859985,0.7893608808517456,0.8092186450958252,0.9771630167961121,0.8209312558174133,5.31797981262207,0.6114091277122498,0.9181985259056091
170,0.43857982754707336,0.5,0.524133563041687,0.45110389590263367,0.6469762921333313,0.9185661673545837,0.8430489301681519,0.9721299409866333,0.9728682041168213,0.973145067691803,0.7584456205368042,0.9730029702186584,0.9725295305252075,0.9725964069366455,0.9630451202392578,0.9714891910552979,0.7876800894737244,0.7574695348739624,0.9717103242874146,0.8185677528381348,0.971868634223938,0.9721401929855347,0.9749768972396851,0.8335492610931396,0.7565850019454956,0.6154732704162598,0.7972304821014404,0.9574488401412964,0.9811643958091736,0.9158076047897339,0.4977181851863861,0.4996202886104584,0.4956381618976593,0.9711465835571289,0.9612675905227661,0.9804716110229492,0.2510654032230377,0.49225378036499023,0.9191882014274597,0.49666789174079895,0.9988930225372314,0.5,0.7682892084121704,0.5447163581848145,0.9789268374443054,0.9716629385948181,0.9622694253921509,0.7907775044441223,0.8103294372558594,0.9750324487686157,0.8209513425827026,5.335298299789429,0.6133835911750793,0.9185661673545837

171,0.4120441973209381,0.5,0.522035539150238,0.44748222827911377,0.621360719203949,0.9235293865203857,0.8373076319694519,0.9731103181838989,0.9745105504989624,0.974266767501831,0.7611459493637085,0.9724322557449341,0.9739996194839478,0.9740439653396606,0.9636330008506775,0.972232460975647,0.7902600765228271,0.7599741220474243,0.9728060364723206,0.8242894411087036,0.9722529649734497,0.9723604321479797,0.9766389727592468,0.8372523784637451,0.7590783834457397,0.5993697047233582,0.7822912931442261,0.956893265247345,0.981418251991272,0.9163501262664795,0.49904578924179077,0.49980926513671875,0.4961998760700226,0.971075177192688,0.9604912400245667,0.9836625456809998,0.2520860433578491,0.4910433888435364,0.9258201122283936,0.4970315396785736,0.9994465112686157,0.5,0.8386621475219727,0.5363602638244629,0.9801003932952881,0.9699276089668274,0.9606438279151917,0.7957038879394531,0.8096176385879517,0.9775676727294922,0.8227128982543945,5.494970321655273,0.6253898739814758,0.9235293865203857

172,0.41199991106987,0.5,0.5234819650650024,0.43676188588142395,0.6223424077033997,0.9209558963775635,0.846210241317749,0.9741315841674805,0.9744606018066406,0.9747418761253357,0.7609778642654419,0.9735337495803833,0.9758780002593994,0.9741935729980469,0.966211199760437,0.9729804396629333,0.7924736738204956,0.7586715817451477,0.9742714762687683,0.8273380994796753,0.9736308455467224,0.9740631580352783,0.9767742156982422,0.8364192247390747,0.7576427459716797,0.6500440835952759,0.8205734491348267,0.958016037940979,0.9813966751098633,0.9173772931098938,0.49895358085632324,0.4995253384113312,0.494489848613739,0.9660581946372986,0.9610698223114014,0.979339599609375,0.2482413947582245,0.48996132612228394,0.9229704737663269,0.4975064694881439,0.9997236728668213,0.5,0.7205080986022949,0.522566556930542,0.9764344692230225,0.9675554633140564,0.9564369320869446,0.7921243906021118,0.7411350607872009,0.974423348903656,0.8159266710281372,5.399544954299927,0.6152372360229492,0.9209558963775635
173,0.405163049697876,0.5,0.5229575634002686,0.4384182393550873,0.6260955929756165,0.9227941036224365,0.8442138433456421,0.9744606018066406,0.9759047031402588,0.9758570194244385,0.7610864639282227,0.9747325778007507,0.9762036800384521,0.9752858877182007,0.9656699895858765,0.9740140438079834,0.791090190410614,0.7600553631782532,0.9754657745361328,0.8228011727333069,0.9742951989173889,0.9751936197280884,0.9786664247512817,0.8375577926635742,0.7596242427825928,0.6399161219596863,0.8032495975494385,0.960365891456604,0.982149600982666,0.9180452823638916,0.4993344843387604,0.4995240867137909,0.49470099806785583,0.9692673683166504,0.9612093567848206,0.982723593711853,0.2528214752674103,0.4963119924068451,0.9311139583587646,0.4965746998786926,0.9996313452720642,0.5,0.7058860063552856,0.5280426740646362,0.9811303615570068,0.971335768699646,0.9619454145431519,0.7952814102172852,0.8040453195571899,0.9766511917114258,0.82817542552948,5.317103147506714,0.6194846034049988,0.9227941036224365
174,0.4076423645019531,0.5,0.524774432182312,0.44284185767173767,0.629694938659668,0.9262867569923401,0.8448486328125,0.9723807573318481,0.974257230758667,0.9743778705596924,0.7650746703147888,0.9740439653396606,0.9742714762687683,0.9746952056884766,0.965976357460022,0.9732373952865601,0.7950562238693237,0.7634973526000977,0.9745981693267822,0.8219619989395142,0.972995400428772,0.9735386371612549,0.9759535789489746,0.8421052694320679,0.7624263763427734,0.681329607963562,0.8212110996246338,0.9567900896072388,0.9797682762145996,0.9155881404876709,0.4988584518432617,0.4998106360435486,0.49563151597976685,0.9708167314529419,0.9628604054450989,0.9820044040679932,0.2566240429878235,0.49371883273124695,0.9291512966156006,0.49638688564300537,0.9996308088302612,0.5,0.7286086082458496,0.5259953141212463,0.9813439846038818,0.972490668296814,0.9629526138305664,0.798959493637085,0.8492888808250427,0.9761727452278137,0.8277196884155273,5.2904839515686035,0.6237821578979492,0.9262867569923401
175,0.4110998809337616,0.5,0.5238170623779297,0.44628146290779114,0.6412802934646606,0.9275735020637512,0.8434507846832275,0.9758124351501465,0.9755760431289673,0.9759624004364014,0.7618520259857178,0.9753689765930176,0.9767441749572754,0.9762784242630005,0.9660578966140747,0.9756367802619934,0.7933640480041504,0.7600553631782532,0.9752073287963867,0.828228771686554,0.9752949476242065,0.9751198291778564,0.9793862104415894,0.8370432257652283,0.760221004486084,0.6626865863800049,0.8396636247634888,0.9634192585945129,0.9843036532402039,0.9234790802001953,0.49867045879364014,0.49990469217300415,0.49544936418533325,0.974468469619751,0.9668811559677124,0.9841784238815308,0.24837753176689148,0.4922451972961426,0.9270948767662048,0.4953763782978058,0.999538779258728,0.5,0.7668877840042114,0.4888392984867096,0.9800556898117065,0.9691209197044373,0.9621113538742065,0.7926579713821411,0.7869925498962402,0.9745951890945435,0.8277851343154907,5.423340082168579,0.6265187859535217,0.9275735020637512
176,0.41480752825737,0.5,0.523237407207489,0.4498145580291748,0.6243785619735718,0.9224264621734619,0.8424654006958008,0.9713863730430603,0.9719609022140503,0.9726886749267578,0.760007381439209,0.9713099598884583,0.9729305505752563,0.972037672996521,0.9632841348648071,0.9716318845748901,0.7910668253898621,0.7593070268630981,0.9714232683181763,0.8243916034698486,0.9720221757888794,0.9722017049789429,0.9746357202529907,0.8393748998641968,0.758147656917572,0.6267939209938049,0.8355451822280884,0.9562582969665527,0.9811248779296875,0.9193732142448425,0.4981890916824341,0.49971461296081543,0.49552977085113525,0.9722909927368164,0.9648021459579468,0.981549859046936,0.2524944543838501,0.4910533130168915,0.9282680749893188,0.496757447719574,0.9997231960296631,0.5,0.7918657064437866,0.5010402202606201,0.9819736480712891,0.9722739458084106,0.9642059803009033,0.791566014289856,0.7681888341903687,0.9759383201599121,0.8260030746459961,5.379117250442505,0.6140626072883606,0.9224264621734619
177,0.39541661739349365,0.5,0.5225653052330017,0.4444483816623688,0.6186610460281372,0.9251838326454163,0.8458938598632812,0.9764186143875122,0.9773313999176025,0.9776036739349365,0.7602323293685913,0.9771175384521484,0.9778638482093811,0.9769712686538696,0.9676198959350586,0.9769287705421448,0.7949806451797485,0.7598563432693481,0.9774068593978882,0.8287797570228577,0.9775664806365967,0.9774782657623291,0.9795165061950684,0.8365776538848877,0.7586492300033569,0.6665107011795044,0.8865679502487183,0.9626283645629883,0.983254075050354,0.9231787919998169,0.4990490674972534,0.4998095631599426,0.4965825080871582,0.9738249778747559,0.9659328460693359,0.98349928855896,0.24972233176231384,0.49280574917793274,0.9239150285720825,0.4975943863391876,0.9997233152389526,0.5,0.7918522357940674,0.5551939010620117,0.979468584060669,0.970828652381897,0.9602526426315308,0.7903165817260742,0.7795588970184326,0.978438675403595,0.8225694298744202,5.397360563278198,0.6108794808387756,0.9251838326454163
178,0.41169825196266174,0.5,0.5237454771995544,0.44403889775276184,0.6439096927642822,0.9205882549285889,0.8448101878166199,0.9750692844390869,0.9748387336730957,0.9762520790100098,0.7607452869415283,0.9745387434959412,0.9750138521194458,0.9746637344360352,0.9652944803237915,0.9742762446403503,0.7904981374740601,0.759361743927002,0.974723219871521,0.8278945684432983,0.9744511842727661,0.9748984575271606,0.9765020608901978,0.8405635952949524,0.7586556077003479,0.6517084836959839,0.8788070678710938,0.9597296714782715,0.9829115867614746,0.9199504852294922,0.498672217130661,0.49971505999565125,0.49495717883110046,0.9707008600234985,0.9649838805198669,0.9816285371780396,0.2505563795566559,0.4924312233924866,0.9251385927200317,0.4962887465953827,0.99944669008255,0.5,0.7815532684326172,0.539384126663208,0.9820964336395264,0.9726663827896118,0.9628221988677979,0.7929723858833313,0.8450278043746948,0.976332426071167,0.8221081495285034,5.345557928085327,0.613507091999054,0.9205882549285889
179,0.4125148057937622,0.5,0.5228317975997925,0.43754106760025024,0.6454159021377563,0.918749988079071,0.8462038040161133,0.9719505310058594,0.9730478525161743,0.9729654788970947,0.7626821994781494,0.9722068309783936,0.9728832244873047,0.9727859497070312,0.9625115394592285,0.9717556238174438,0.7923901081085205,0.7624192237854004,0.9726634621620178,0.8333026170730591,0.9718635082244873,0.9721299409866333,0.9748201370239258,0.8474230766296387,0.7610138654708862,0.6751796007156372,0.8329759836196899,0.9562071561813354,0.981404185295105,0.914944052696228,0.4991457760334015,0.4998093843460083,0.4955441653728485,0.9684821963310242,0.9635515809059143,0.9830226898193359,0.2516654431819916,0.49225378036499023,0.9239290952682495,0.4963929057121277,0.9997227787971497,0.5,0.7822659015655518,0.5540271997451782,0.9817525148391724,0.9728776216506958,0.9640997052192688,0.797751784324646,0.8254674673080444,0.9762569665908813,0.8163868188858032,5.396707057952881,0.6252321004867554,0.918749988079071
180,0.43184784054756165,0.5,0.526823878288269,0.4416775107383728,0.621202826499939,0.9178308844566345,0.841909646987915,0.9749308824539185,0.9757559299468994,0.9762124419212341,0.7609981298446655,0.9757290482521057,0.9762167930603027,0.9762784242630005,0.9661626815795898,0.9749169945716858,0.7916589975357056,0.7589961290359497,0.9755535125732422,0.843611478805542,0.9752767086029053,0.9759047031402588,0.97757887840271,0.8402109146118164,0.7580585479736328,0.6418741345405579,0.800967276096344,0.9626638889312744,0.9833997488021851,0.9196326732635498,0.4986679255962372,0.49971407651901245,0.49572160840034485,0.9722434282302856,0.9696797132492065,0.9803469181060791,0.24777859449386597,0.4918864071369171,0.9208487272262573,0.496111124753952,0.9988917708396912,0.5,0.7870776057243347,0.5424952507019043,0.9797020554542542,0.9708348512649536,0.960174560546875,0.7922948002815247,0.7962617874145508,0.973156213760376,0.8122527599334717,5.47878885269165,0.6185240745544434,0.9178308844566345

181,0.42255741357803345,0.5,0.5228350162506104,0.44080907106399536,0.617977499961853,0.9163603186607361,0.8408259153366089,0.9759269952774048,0.977016806602478,0.9763925075531006,0.7615213394165039,0.9757513999938965,0.9769372940063477,0.9759535789489746,0.9653136730194092,0.9752995371818542,0.7946444749832153,0.7600553631782532,0.9761202335357666,0.839156985282898,0.9760059118270874,0.9760981798171997,0.9780604839324951,0.8495837450027466,0.7589762210845947,0.6348876357078552,0.8699180483818054,0.9612314701080322,0.9814214706420898,0.9208927154541016,0.4992345869541168,0.499904990196228,0.49704423546791077,0.9743492603302002,0.9697718620300293,0.9836474657058716,0.2532840073108673,0.49169281125068665,0.9248661994934082,0.4957368075847626,0.9992616176605225,0.5,0.7362329959869385,0.5431885719299316,0.9809443950653076,0.9729855060577393,0.9624465703964233,0.7942926287651062,0.780307412147522,0.9761860370635986,0.8227677345275879,5.44544529914856,0.6214733123779297,0.9163603186607361
182,0.39201149344444275,0.5,0.5224318504333496,0.43258485198020935,0.6246784329414368,0.923713207244873,0.8430852890014648,0.9741157293319702,0.9757424592971802,0.9763662815093994,0.7575674057006836,0.9749953746795654,0.9759269952774048,0.9757424592971802,0.9654122591018677,0.9746357202529907,0.7894445657730103,0.7569611072540283,0.9748433828353882,0.8256093263626099,0.9749124050140381,0.9751707315444946,0.9775954484939575,0.8474278450012207,0.7557646036148071,0.6384687423706055,0.7992509603500366,0.9621688723564148,0.9840456247329712,0.9202926158905029,0.49914515018463135,0.49971461296081543,0.49656161665916443,0.9714557528495789,0.9676136374473572,0.9836095571517944,0.24787037074565887,0.4906654357910156,0.9266469478607178,0.49805375933647156,0.9997233152389526,0.5,0.7562378644943237,0.5469539761543274,0.9826143980026245,0.9723869562149048,0.9618462324142456,0.7919999957084656,0.8029747009277344,0.977336049079895,0.8222495317459106,5.330036878585815,0.6427205204963684,0.923713207244873
183,0.4052092730998993,0.5,0.522759735584259,0.44704025983810425,0.607591986656189,0.9226102828979492,0.8429484367370605,0.9725862741470337,0.9736113548278809,0.9739948511123657,0.7616193294525146,0.9725914001464844,0.974252462387085,0.973159909248352,0.9615597724914551,0.9723914861679077,0.7967509627342224,0.7619442939758301,0.9730478525161743,0.8298284411430359,0.9723914861679077,0.9725092649459839,0.9760981798171997,0.8502039313316345,0.760128915309906,0.6546894311904907,0.8552754521369934,0.9575579166412354,0.9823607802391052,0.9177154898643494,0.4987637996673584,0.4997144937515259,0.49570855498313904,0.9715454578399658,0.9690467119216919,0.9823768138885498,0.2604840099811554,0.4892929792404175,0.9311012625694275,0.49675866961479187,0.9992618560791016,0.5,0.7340498566627502,0.5446284413337708,0.9822093844413757,0.9731481075286865,0.9620523452758789,0.7997771501541138,0.8288232684135437,0.9763500690460205,0.8259961009025574,5.350233316421509,0.6348891258239746,0.9226102828979492
184,0.40083444118499756,0.5,0.5250079035758972,0.4455331861972809,0.6321321725845337,0.9227941036224365,0.841992974281311,0.9735386371612549,0.9746450185775757,0.9749169945716858,0.7607571482658386,0.9742335081100464,0.9755264520645142,0.9747278690338135,0.9635810852050781,0.9729082584381104,0.7920125722885132,0.7595391273498535,0.9738104343414307,0.8295454978942871,0.9732620716094971,0.9741506576538086,0.9769457578659058,0.8438310623168945,0.7592524290084839,0.6727597713470459,0.8806138038635254,0.9597079753875732,0.9822070598602295,0.9207468032836914,0.4992396831512451,0.49971505999565125,0.4954075813293457,0.9762402772903442,0.9709401726722717,0.9828507900238037,0.25449490547180176,0.4888458847999573,0.9339970350265503,0.4974995255470276,0.9992632269859314,0.5,0.737960696220398,0.5447532534599304,0.9812337160110474,0.9726715087890625,0.9614168405532837,0.7951337099075317,0.7731757164001465,0.9766771793365479,0.8262438774108887,5.669607639312744,0.6236926913261414,0.9227941036224365
185,0.3936108350753784,0.5,0.5224932432174683,0.43189993500709534,0.6295821666717529,0.9213235378265381,0.8494741916656494,0.9752813577651978,0.9752302169799805,0.9761860370635986,0.7605686187744141,0.9753599166870117,0.9768989086151123,0.9758257865905762,0.965638279914856,0.9751060009002686,0.7943890690803528,0.7597749829292297,0.9754838943481445,0.825918436050415,0.9748340845108032,0.975115180015564,0.9776036739349365,0.8506108522415161,0.7588973045349121,0.7363218069076538,0.9207831621170044,0.9604007601737976,0.9818406105041504,0.9179175496101379,0.4993366301059723,0.4999051094055176,0.496208518743515,0.9716837406158447,0.9688035249710083,0.9830931425094604,0.2474953681230545,0.4913332164287567,0.9351356029510498,0.4968436658382416,0.9995384216308594,0.5,0.788027286529541,0.5042770504951477,0.980858564376831,0.972867488861084,0.962367594242096,0.7972671389579773,0.7632558345794678,0.9756641387939453,0.8195121884346008,5.359202146530151,0.6397058367729187,0.9213235378265381
186,0.4238370656967163,0.5,0.5239487886428833,0.4422324299812317,0.6204202175140381,0.9198529124259949,0.8417536020278931,0.9736162424087524,0.9743589758872986,0.9750692844390869,0.7626774907112122,0.9735288619995117,0.9744417667388916,0.9743353128433228,0.9636598825454712,0.9729854464530945,0.7977113723754883,0.7623132467269897,0.9731024503707886,0.8312442302703857,0.9743163585662842,0.9739708304405212,0.9764846563339233,0.8539315462112427,0.7602689266204834,0.6902052164077759,0.920130729675293,0.9599204063415527,0.9818578958511353,0.9207316637039185,0.49857115745544434,0.49971434473991394,0.497903972864151,0.9763622283935547,0.9706441164016724,0.9830352067947388,0.2510665953159332,0.49049288034439087,0.9383182525634766,0.49685242772102356,0.9992623925209045,0.5,0.7556980848312378,0.5008423328399658,0.9832464456558228,0.9742354154586792,0.9624465703964233,0.7995545864105225,0.7837435007095337,0.9766103625297546,0.8299182057380676,5.424288749694824,0.6338782906532288,0.9198529124259949
187,0.387951135635376,0.5,0.5243148803710938,0.44488224387168884,0.6310076713562012,0.9242647290229797,0.8457485437393188,0.9720221757888794,0.9717920422554016,0.9724118709564209,0.7572985887527466,0.9721145033836365,0.9727507829666138,0.9727507829666138,0.9606306552886963,0.9720118045806885,0.788735032081604,0.7565996050834656,0.9716076850891113,0.827427089214325,0.9716737270355225,0.9719454050064087,0.9746263027191162,0.8517662286758423,0.7552054524421692,0.7387464642524719,0.9202614426612854,0.9592225551605225,0.9846329092979431,0.9159392714500427,0.4990476071834564,0.4992363452911377,0.49715209007263184,0.9728001356124878,0.9677327871322632,0.9823041558265686,0.25060173869132996,0.4888376295566559,0.9423360228538513,0.4972288906574249,0.9994466304779053,0.5,0.7411907911300659,0.5438042283058167,0.9836339950561523,0.975394606590271,0.9633172750473022,0.797826886177063,0.7996705174446106,0.9762214422225952,0.8202388286590576,5.3273584842681885,0.6519071459770203,0.9242647290229797
188,0.37534114718437195,0.5,0.5283138155937195,0.4387381672859192,0.622763991355896,0.9272058606147766,0.8504617214202881,0.9755535125732422,0.9765682220458984,0.9759801626205444,0.7606931924819946,0.9755535125732422,0.977096438407898,0.9766389727592468,0.9667158126831055,0.9756277799606323,0.7975861430168152,0.7612188458442688,0.9752302169799805,0.8389893174171448,0.9752073287963867,0.9757380485534668,0.9787096977233887,0.8454411029815674,0.7588874697685242,0.6851016283035278,0.8874078989028931,0.9612249135971069,0.9817107915878296,0.9218451976776123,0.4988621175289154,0.49952489137649536,0.4968714416027069,0.9736741781234741,0.9716352224349976,0.9808259606361389,0.2452288269996643,0.4877328872680664,0.9409594535827637,0.49713122844696045,0.9996306896209717,0.5,0.7450017929077148,0.5446522831916809,0.9808336496353149,0.9709821343421936,0.9598363637924194,0.793587327003479,0.7661899924278259,0.9755712747573853,0.8271976709365845,5.319373369216919,0.6189835667610168,0.9272058606147766
189,0.39200714230537415,0.5,0.5270826816558838,0.43866679072380066,0.6321449875831604,0.9172794222831726,0.8501218557357788,0.9724169969558716,0.9732521772384644,0.9738881587982178,0.7575674057006836,0.9726836681365967,0.973334550857544,0.9728010296821594,0.9630451202392578,0.9723864197731018,0.7941176891326904,0.7562730312347412,0.9731500148773193,0.8284975290298462,0.9723349213600159,0.9719815254211426,0.9760849475860596,0.8506938219070435,0.7554818391799927,0.6736014485359192,0.935771107673645,0.9613485336303711,0.9827322959899902,0.9183168411254883,0.49905142188072205,0.49952515959739685,0.49753040075302124,0.9732954502105713,0.9702754020690918,0.9812557697296143,0.24327832460403442,0.48773741722106934,0.9416589736938477,0.49583950638771057,0.999445915222168,0.5,0.7456550598144531,0.5827550888061523,0.9814848899841309,0.9727137088775635,0.9608865976333618,0.7954882979393005,0.8014100193977356,0.9736206531524658,0.8161989450454712,5.374422788619995,0.604062020778656,0.9172794222831726
190,0.41164034605026245,0.5,0.5244346261024475,0.44607996940612793,0.6425635814666748,0.9147058725357056,0.840351402759552,0.9735190868377686,0.973907470703125,0.9747968912124634,0.7584933638572693,0.973077654838562,0.9741649627685547,0.9745011329650879,0.9617793560028076,0.9728882312774658,0.7932435274124146,0.7566820383071899,0.9739708304405212,0.8286030292510986,0.9740391969680786,0.9732669591903687,0.9759180545806885,0.8515914082527161,0.7568140029907227,0.6259328126907349,0.9042621850967407,0.958957314491272,0.981428861618042,0.9195955991744995,0.499142050743103,0.4997144341468811,0.49857306480407715,0.9755866527557373,0.9697603583335876,0.9819421768188477,0.24155844748020172,0.4891164004802704,0.9420021772384644,0.4980555474758148,0.9993551969528198,0.5,0.7241747379302979,0.5106421113014221,0.9814057350158691,0.9732874035835266,0.9613526463508606,0.7945269346237183,0.7880882620811462,0.9768544435501099,0.8201419115066528,5.3606438636779785,0.601443886756897,0.9147058725357056

191,0.4004828929901123,0.5,0.5233074426651001,0.43433937430381775,0.6362402439117432,0.9181985259056091,0.8444232940673828,0.9730627536773682,0.9740679264068604,0.9739851951599121,0.7622255086898804,0.9737668633460999,0.9739804267883301,0.9728261232376099,0.9615100622177124,0.9731401205062866,0.7977113723754883,0.7620409727096558,0.9732570648193359,0.8367478847503662,0.9728060364723206,0.9735093116760254,0.9755489826202393,0.8559101819992065,0.760128915309906,0.6000056266784668,0.8835368156433105,0.958134651184082,0.9813234806060791,0.9139437675476074,0.4993321895599365,0.4991469085216522,0.4995260536670685,0.9716567993164062,0.9689701199531555,0.9837608337402344,0.24930593371391296,0.4897620379924774,0.9388940334320068,0.49731630086898804,0.999631404876709,0.5,0.7741369009017944,0.543136477470398,0.9782971739768982,0.9711413383483887,0.9614025354385376,0.8007064461708069,0.7466232776641846,0.9757795333862305,0.8157472610473633,5.31072998046875,0.6236867308616638,0.9181985259056091
192,0.3958776891231537,0.5,0.5250712037086487,0.4250134825706482,0.6077015399932861,0.916911780834198,0.8465308547019958,0.9748984575271606,0.9764716625213623,0.9757871627807617,0.7667466402053833,0.9746496677398682,0.9765596389770508,0.9754928946495056,0.9643251895904541,0.9745293855667114,0.8023620843887329,0.7666666507720947,0.976340115070343,0.8413328528404236,0.9754385948181152,0.9745669364929199,0.9785977602005005,0.8567992448806763,0.7663043737411499,0.5886579155921936,0.9360411167144775,0.9616045951843262,0.9815095663070679,0.9166507720947266,0.4989575445652008,0.4991439878940582,0.4980956017971039,0.9711611866950989,0.9694576263427734,0.9846111536026001,0.2535734176635742,0.49040767550468445,0.9416759014129639,0.4969455897808075,0.9991688132286072,0.5,0.7363686561584473,0.5691034197807312,0.9828932285308838,0.971068263053894,0.9628045558929443,0.8041294813156128,0.8434927463531494,0.977505087852478,0.8208475112915039,5.283733129501343,0.6181274652481079,0.916911780834198
193,0.3762028217315674,0.5,0.5239302515983582,0.4370132088661194,0.6312524080276489,0.9172794222831726,0.8469775915145874,0.9744700193405151,0.9761992692947388,0.9762080311775208,0.7617418766021729,0.9754340648651123,0.9760191440582275,0.9759136438369751,0.9647406339645386,0.9742857217788696,0.7964740991592407,0.760797381401062,0.974926233291626,0.8431680202484131,0.9755128622055054,0.9748340845108032,0.9773985147476196,0.8513438701629639,0.7606813907623291,0.6224819421768188,0.8991740345954895,0.9620650410652161,0.981643557548523,0.9201904535293579,0.49971434473991394,0.499809592962265,0.4977302849292755,0.9749525785446167,0.9711703062057495,0.9837488532066345,0.24703814089298248,0.4895794987678528,0.9402544498443604,0.4962935447692871,0.9997233152389526,0.5,0.7288752794265747,0.5219112634658813,0.9810479283332825,0.9719643592834473,0.9614883661270142,0.7983466386795044,0.8312577605247498,0.9759204387664795,0.8256595134735107,5.530944347381592,0.6076481342315674,0.9172794222831726
194,0.3826211392879486,0.5,0.52488112449646,0.4459102153778076,0.6123820543289185,0.916911780834198,0.8481489419937134,0.9734170436859131,0.9742429852485657,0.9742476940155029,0.7602651119232178,0.9729903936386108,0.9739851951599121,0.9743258357048035,0.9610773324966431,0.9730478525161743,0.7990757822990417,0.7594504952430725,0.9737036228179932,0.8409048914909363,0.9723706245422363,0.9731796979904175,0.9756502509117126,0.8548775911331177,0.7599557638168335,0.6205295920372009,0.9315907955169678,0.961005687713623,0.9835457801818848,0.9202167987823486,0.49952417612075806,0.49952298402786255,0.4997154772281647,0.9748762845993042,0.9707946181297302,0.9818165302276611,0.24828672409057617,0.48829060792922974,0.9383422136306763,0.4970419704914093,0.9995394945144653,0.5,0.7816493511199951,0.5167077779769897,0.9789689183235168,0.9699758291244507,0.9577058553695679,0.8010812997817993,0.8123133778572083,0.9737722873687744,0.8223060369491577,5.357576608657837,0.6130250096321106,0.916911780834198
195,0.39542147517204285,0.5,0.5226445198059082,0.4414418935775757,0.6257747411727905,0.9205882549285889,0.8438483476638794,0.9716024398803711,0.9723349213600159,0.9728832244873047,0.7641143798828125,0.9723966121673584,0.9726014733314514,0.9732027053833008,0.9614460468292236,0.9714127779006958,0.7978212833404541,0.763085126876831,0.9721401929855347,0.8428386449813843,0.972135066986084,0.9729255437850952,0.9749077558517456,0.8584259152412415,0.7629929780960083,0.6829793453216553,0.9210370779037476,0.9589772820472717,0.9820444583892822,0.9140893220901489,0.4990501403808594,0.49894899129867554,0.49980977177619934,0.9708174467086792,0.9691123366355896,0.9834840297698975,0.2578139305114746,0.48883968591690063,0.9403508901596069,0.4971301555633545,0.9995391368865967,0.5,0.7078502774238586,0.5367743372917175,0.9809550046920776,0.9737869501113892,0.9624234437942505,0.8026976585388184,0.7873016595840454,0.9769687652587891,0.8177551627159119,5.367237567901611,0.6335482001304626,0.9205882549285889
196,0.40032312273979187,0.5,0.5257764458656311,0.4452301859855652,0.6181550621986389,0.9189338088035583,0.8437885046005249,0.973159909248352,0.974252462387085,0.9750508069992065,0.767564058303833,0.9736016392707825,0.974261999130249,0.9737085103988647,0.9630792140960693,0.9731500148773193,0.7995017766952515,0.7665743231773376,0.9737133383750916,0.8403764963150024,0.9734219312667847,0.9739708304405212,0.9748711585998535,0.8580281138420105,0.7642134428024292,0.630065381526947,0.9014879465103149,0.9586487412452698,0.9808571338653564,0.9213366508483887,0.4994305372238159,0.49933382868766785,0.4992370903491974,0.9761179685592651,0.973613977432251,0.9797047972679138,0.25435346364974976,0.4873476028442383,0.938399076461792,0.4963017702102661,0.9992619752883911,0.5,0.7627648115158081,0.5335471034049988,0.9787174463272095,0.9710266590118408,0.9594017267227173,0.8042263984680176,0.841192901134491,0.9740561246871948,0.8239226341247559,5.338974475860596,0.6229110360145569,0.9189338088035583
197,0.3790273368358612,0.5,0.5247118473052979,0.43918377161026,0.6258907914161682,0.9266543984413147,0.8488115668296814,0.9753826260566711,0.9767313003540039,0.9758614301681519,0.7618346214294434,0.9758213758468628,0.9761158227920532,0.976190447807312,0.9648523926734924,0.9757335186004639,0.7962929010391235,0.7607011198997498,0.976001501083374,0.8379201889038086,0.9759047031402588,0.9754703044891357,0.977147102355957,0.8594644069671631,0.7600516080856323,0.6431071758270264,0.9229367971420288,0.963558554649353,0.9833618402481079,0.9242107272148132,0.4990512430667877,0.49942857027053833,0.49942922592163086,0.9742954969406128,0.9725066423416138,0.9811773300170898,0.2506479024887085,0.48829492926597595,0.9425911903381348,0.49684834480285645,0.998986005783081,0.5,0.8505938053131104,0.5477777719497681,0.981574535369873,0.9723151326179504,0.9590057134628296,0.797785222530365,0.879092276096344,0.9758710861206055,0.8242478370666504,5.511952638626099,0.6297315359115601,0.9266543984413147
198,0.3697371482849121,0.5,0.5266445279121399,0.44322964549064636,0.624647319316864,0.9297794103622437,0.8455775380134583,0.9754748344421387,0.9765812158584595,0.9767742156982422,0.7750552892684937,0.9755625128746033,0.9769372940063477,0.9757692813873291,0.9660704135894775,0.9760761260986328,0.806410014629364,0.7739435434341431,0.9764586687088013,0.8389924764633179,0.9762652516365051,0.9752165079116821,0.9788706302642822,0.8657116889953613,0.773430347442627,0.6271960139274597,0.9194744825363159,0.9615458250045776,0.9814673662185669,0.9217407703399658,0.4996212124824524,0.4994261562824249,0.49952399730682373,0.9728623032569885,0.972396731376648,0.9796973466873169,0.257688045501709,0.4872693717479706,0.947664737701416,0.49676164984703064,0.9996306896209717,0.5,0.8735248446464539,0.5510345697402954,0.9817843437194824,0.9731643795967102,0.9619535207748413,0.8059840202331543,0.7904083728790283,0.9738458395004272,0.8260442018508911,5.419493198394775,0.6474668383598328,0.9297794103622437
199,0.38090601563453674,0.5,0.5225546360015869,0.43866461515426636,0.6199994087219238,0.9211397171020508,0.8501389026641846,0.9748984575271606,0.9758213758468628,0.9754793643951416,0.7583025693893433,0.9740331172943115,0.9762652516365051,0.9750230312347412,0.9636732339859009,0.9747829437255859,0.7948718070983887,0.7575253844261169,0.9755219221115112,0.8263837695121765,0.9745434522628784,0.9743872880935669,0.9776835441589355,0.8595255613327026,0.7567642331123352,0.6072273850440979,0.9078717231750488,0.9613112211227417,0.9829718470573425,0.9223301410675049,0.49876776337623596,0.4991428554058075,0.4996197819709778,0.9733587503433228,0.9707053899765015,0.9833886623382568,0.24875162541866302,0.48947563767433167,0.9477419257164001,0.49629560112953186,0.998985767364502,0.5,0.861922025680542,0.5228782892227173,0.9815089702606201,0.9745731353759766,0.9643452167510986,0.7951337099075317,0.8529611825942993,0.9774457216262817,0.8261847496032715,5.372828483581543,0.6224998235702515,0.9211397171020508
200,0.3856061100959778,0.5,0.5243110656738281,0.4239066243171692,0.6333804130554199,0.9176470637321472,0.8461439609527588,0.9736162424087524,0.9748938083648682,0.9750968217849731,0.7664698362350464,0.9736259579658508,0.9738538265228271,0.9746122360229492,0.962446928024292,0.972893238067627,0.8048286437988281,0.7642606496810913,0.9741601943969727,0.8388079404830933,0.9743992686271667,0.9738978147506714,0.9774782657623291,0.8629883527755737,0.7653023600578308,0.671157717704773,0.9200275540351868,0.9578301906585693,0.9800909757614136,0.9130681753158569,0.4993366301059723,0.49923795461654663,0.49942758679389954,0.9707946181297302,0.9676588773727417,0.9835611581802368,0.2520393133163452,0.4891204237937927,0.9490586519241333,0.4962976574897766,0.9991707801818848,0.5,0.9261321425437927,0.5192294716835022,0.9831972122192383,0.975269615650177,0.9658858776092529,0.8021509647369385,0.7705138921737671,0.977158784866333,0.8204647302627563,5.287304878234863,0.6120439767837524,0.9176470637321472

201,0.36922773718833923,0.5,0.5249524712562561,0.4346388578414917,0.638640284538269,0.923713207244873,0.8540719151496887,0.9749308824539185,0.9767355918884277,0.9764977097511292,0.7606608867645264,0.9759926199913025,0.977104902267456,0.9756771326065063,0.9653328657150269,0.9754476547241211,0.8045881986618042,0.7583440542221069,0.9752165079116821,0.8355165719985962,0.9753735065460205,0.9760059118270874,0.9784212112426758,0.8553290367126465,0.7574138641357422,0.6898593306541443,0.9070541858673096,0.962348222732544,0.9828799962997437,0.924022912979126,0.499525785446167,0.4994291067123413,0.4995265007019043,0.9762490391731262,0.9733295440673828,0.9819154739379883,0.2429707795381546,0.4886740446090698,0.9416052103042603,0.4962921738624573,0.9994462728500366,0.5,0.8344660997390747,0.5475791692733765,0.9801410436630249,0.9728321433067322,0.9618597030639648,0.7972345948219299,0.8312744498252869,0.9763896465301514,0.8308588266372681,5.335783958435059,0.6060696840286255,0.923713207244873
202,0.40302926301956177,0.5,0.5267744064331055,0.4341799318790436,0.6242049932479858,0.9215073585510254,0.8490509986877441,0.9724169969558716,0.9737716913223267,0.9734317064285278,0.7603877782821655,0.972858190536499,0.9730826020240784,0.9730627536773682,0.962070882320404,0.9720582962036133,0.8031786680221558,0.7590405941009521,0.9726786017417908,0.8364976644515991,0.9725092649459839,0.973290205001831,0.9745293855667114,0.8594154715538025,0.7593991756439209,0.6193550229072571,0.9059174060821533,0.9588078856468201,0.9815659523010254,0.91969895362854,0.4988677203655243,0.4990425109863281,0.49924013018608093,0.9763802289962769,0.9722275137901306,0.9812695980072021,0.248796746134758,0.4873639643192291,0.9403136968612671,0.49630314111709595,0.9988932013511658,0.5,0.9208372235298157,0.5099276304244995,0.981781005859375,0.973635196685791,0.9627531170845032,0.7987182140350342,0.7981495261192322,0.9749629497528076,0.815416693687439,5.4897072315216064,0.6266152858734131,0.9215073585510254
203,0.3964069187641144,0.5,0.5273907780647278,0.4290807545185089,0.6199994087219238,0.9222426414489746,0.8456929922103882,0.9733296632766724,0.9738881587982178,0.9739804267883301,0.7660457491874695,0.9733444452285767,0.9740679264068604,0.9738881587982178,0.9629082679748535,0.9733924865722656,0.806763768196106,0.764711320400238,0.9730875492095947,0.8492165803909302,0.973077654838562,0.9731649160385132,0.9762608408927917,0.8666913509368896,0.7647275328636169,0.6367977857589722,0.9548379778862,0.9579625129699707,0.9787758588790894,0.9191218614578247,0.4989575445652008,0.49914154410362244,0.49971362948417664,0.9761273264884949,0.9715898036956787,0.9830257892608643,0.25264132022857666,0.4891926944255829,0.9445776343345642,0.496757447719574,0.998985230922699,0.5,0.9234769344329834,0.5662014484405518,0.9819736480712891,0.9715001583099365,0.9613233804702759,0.8067187666893005,0.8351737260818481,0.976190447807312,0.8253175020217896,5.37349271774292,0.6194843053817749,0.9222426414489746
204,0.3428138196468353,0.5,0.5263948440551758,0.4316943287849426,0.6261210441589355,0.9316176176071167,0.8550935983657837,0.9751982688903809,0.9763838052749634,0.9764846563339233,0.7659044861793518,0.9751982688903809,0.9774450063705444,0.9757648706436157,0.9646548628807068,0.975456714630127,0.8055504560470581,0.7655038833618164,0.9759180545806885,0.8568663597106934,0.9752858877182007,0.9752027988433838,0.9779560565948486,0.864754855632782,0.7652366161346436,0.6779704689979553,0.8913098573684692,0.9630649089813232,0.9816408157348633,0.9220507144927979,0.4993353486061096,0.49885931611061096,0.4999048411846161,0.975913941860199,0.9730629920959473,0.982647180557251,0.25249260663986206,0.4884665012359619,0.9455500245094299,0.49611687660217285,0.9996309280395508,0.5,0.9244931936264038,0.5488009452819824,0.9819836616516113,0.97394859790802,0.962081789970398,0.8045175671577454,0.8219236135482788,0.9751812219619751,0.8308334350585938,5.351880073547363,0.6196635961532593,0.9316176176071167
205,0.3741971552371979,0.5,0.5278259515762329,0.4169783890247345,0.6216632127761841,0.9235293865203857,0.8510622978210449,0.9757200479507446,0.9761158227920532,0.9768321514129639,0.7658847570419312,0.9757335186004639,0.9762080311775208,0.97566819190979,0.9619214534759521,0.97517991065979,0.8057454228401184,0.7653682827949524,0.9754748344421387,0.8540665507316589,0.9756367802619934,0.9755489826202393,0.977260172367096,0.8670734167098999,0.7632983922958374,0.7218727469444275,0.8989521265029907,0.9608010649681091,0.9812287092208862,0.920992374420166,0.49914318323135376,0.49952587485313416,0.4997140169143677,0.9760143756866455,0.9754379391670227,0.9813961982727051,0.2522706091403961,0.4886426627635956,0.9480339288711548,0.4973177909851074,0.9993546009063721,0.5,0.9221768379211426,0.5931446552276611,0.983454167842865,0.973068356513977,0.9615384340286255,0.8037504553794861,0.801924467086792,0.9749348163604736,0.8178354501724243,5.5231873989105225,0.643377959728241,0.9235293865203857
206,0.3620457351207733,0.5,0.5274037718772888,0.43753862380981445,0.6326063275337219,0.9283088445663452,0.8448165655136108,0.9762871265411377,0.9772014021873474,0.9779316782951355,0.7613824605941772,0.9760369062423706,0.9770464897155762,0.9768450260162354,0.9652149677276611,0.9756637215614319,0.800442636013031,0.761210560798645,0.977096438407898,0.8480989336967468,0.9762124419212341,0.976041316986084,0.9782488346099854,0.8653739094734192,0.7608615756034851,0.6818656325340271,0.9035447835922241,0.964211106300354,0.9823729991912842,0.9258663058280945,0.4992388188838959,0.4992360472679138,0.4996188282966614,0.9779146909713745,0.9728343486785889,0.9833948612213135,0.24587580561637878,0.48773741722106934,0.9437177181243896,0.496570885181427,0.999262273311615,0.5,0.9265825152397156,0.522309422492981,0.9804832935333252,0.9718965291976929,0.9614093899726868,0.7994428873062134,0.7771737575531006,0.9747587442398071,0.8202194571495056,5.611926794052124,0.6529837846755981,0.9283088445663452
207,0.35468336939811707,0.5,0.5278438925743103,0.43476352095603943,0.6245157122612,0.9273896813392639,0.8498867154121399,0.9746450185775757,0.9760981798171997,0.9759358167648315,0.7670538425445557,0.9758079051971436,0.9759358167648315,0.9754838943481445,0.961524248123169,0.9738345146179199,0.8100811243057251,0.7645541429519653,0.9753780961036682,0.8463455438613892,0.9751707315444946,0.9754612445831299,0.9786860942840576,0.8659870624542236,0.7657516598701477,0.597466230392456,0.9376727342605591,0.9637488126754761,0.9848977327346802,0.9218572378158569,0.49952587485313416,0.49933648109436035,0.5,0.9745053052902222,0.9723955392837524,0.9824787974357605,0.2495361715555191,0.48836350440979004,0.9472616910934448,0.4972253143787384,0.9996313452720642,0.5,0.9244810938835144,0.5423172116279602,0.9813162088394165,0.9720416069030762,0.9613881707191467,0.8063197135925293,0.83650803565979,0.9761860370635986,0.8279774188995361,5.431292533874512,0.6478148698806763,0.9273896813392639
208,0.3566126227378845,0.5,0.5262323617935181,0.44282758235931396,0.6286017894744873,0.9261029362678528,0.849961519241333,0.9743589758872986,0.9751014709472656,0.9751890897750854,0.768897533416748,0.9748108386993408,0.9752813577651978,0.974926233291626,0.9626755714416504,0.9737423658370972,0.8085577487945557,0.7679033279418945,0.9749077558517456,0.8418235778808594,0.9748061895370483,0.9746357202529907,0.9778393507003784,0.8696497678756714,0.7677781581878662,0.7225667834281921,0.9191939234733582,0.9624690413475037,0.9828832149505615,0.9197683334350586,0.4995238184928894,0.49933359026908875,0.49981024861335754,0.9753849506378174,0.9747388362884521,0.9846778512001038,0.25208914279937744,0.49022141098976135,0.9505261182785034,0.4961038827896118,0.9997233152389526,0.5,0.9313253164291382,0.546233057975769,0.9819109439849854,0.9739380478858948,0.9630835056304932,0.8095989227294922,0.8472822904586792,0.9784106016159058,0.830452024936676,5.322237730026245,0.6491338014602661,0.9261029362678528
209,0.37285009026527405,0.5,0.5272194743156433,0.4283033311367035,0.6159968376159668,0.9275735020637512,0.8483306169509888,0.9748108386993408,0.9751014709472656,0.9759224653244019,0.7677978277206421,0.9744606018066406,0.9760937690734863,0.975452184677124,0.9647536277770996,0.9742762446403503,0.8138376474380493,0.766543447971344,0.9742030501365662,0.8491609692573547,0.9747325778007507,0.9745481014251709,0.9777880311012268,0.863611102104187,0.7654207348823547,0.7014670372009277,0.8837369084358215,0.9619255661964417,0.9801104068756104,0.9212980270385742,0.49895378947257996,0.49914854764938354,0.49961912631988525,0.9756329655647278,0.9767308831214905,0.9830195903778076,0.2508336305618286,0.4886447489261627,0.9467908143997192,0.4960148334503174,0.9992625713348389,0.5,0.9248001575469971,0.5091904997825623,0.9824986457824707,0.9746706485748291,0.9632857441902161,0.8035681247711182,0.8124046921730042,0.9783416986465454,0.8246909976005554,6.043561697006226,0.6583177447319031,0.9275735020637512
210,0.3734375238418579,0.5,0.5269712805747986,0.43441519141197205,0.6406922340393066,0.9255514740943909,0.8536080718040466,0.9734219312667847,0.973975658416748,0.9744181632995605,0.76109778881073,0.973514199256897,0.9742429852485657,0.9735337495803833,0.9605457186698914,0.9728010296821594,0.804520308971405,0.7594469785690308,0.9735190868377686,0.8468069434165955,0.974029541015625,0.9729903936386108,0.9756547212600708,0.8675515055656433,0.7600036859512329,0.6262946724891663,0.887439489364624,0.9601483345031738,0.982693076133728,0.9196462631225586,0.49952614307403564,0.4995238184928894,0.4997160732746124,0.9753427505493164,0.9763622283935547,0.9840140342712402,0.24921339750289917,0.49003875255584717,0.9479224681854248,0.4944547116756439,0.9994459748268127,0.5,0.9273878335952759,0.5433225631713867,0.9802374839782715,0.9736402034759521,0.9610739946365356,0.8064066767692566,0.855096697807312,0.9757435321807861,0.8215594291687012,5.466164827346802,0.6442437767982483,0.9255514740943909

211,0.37236300110816956,0.5,0.5260531902313232,0.43479305505752563,0.6302549839019775,0.9235293865203857,0.8475311994552612,0.9741935729980469,0.9761772751808167,0.9763706922531128,0.7621467113494873,0.9752676486968994,0.976001501083374,0.9750276803970337,0.9634618759155273,0.9741061925888062,0.8096554279327393,0.7607531547546387,0.9755309224128723,0.8448053002357483,0.9748294353485107,0.9747325778007507,0.9780280590057373,0.8717379570007324,0.7599962949752808,0.6754845976829529,0.9309289455413818,0.9623339772224426,0.9812915325164795,0.9240843057632446,0.49914252758026123,0.4987642467021942,0.49952399730682373,0.9777185320854187,0.9773591756820679,0.9816657304763794,0.2475908100605011,0.4895775616168976,0.945192813873291,0.49657851457595825,0.9995384812355042,0.5,0.922061026096344,0.5083333253860474,0.9815227389335632,0.9730783700942993,0.9604823589324951,0.8041256666183472,0.7557564377784729,0.9791278839111328,0.8246324062347412,5.462058782577515,0.6411489248275757,0.9235293865203857
212,0.3678742051124573,0.5,0.528336226940155,0.4200865626335144,0.6274133920669556,0.9316176176071167,0.8509789705276489,0.9752995371818542,0.9770040512084961,0.9759535789489746,0.7610300779342651,0.9761860370635986,0.9762167930603027,0.9761202335357666,0.9640878438949585,0.9760849475860596,0.812753438949585,0.7593991756439209,0.9755715131759644,0.8423240184783936,0.9757424592971802,0.9758347272872925,0.9773397445678711,0.8641757965087891,0.7584269642829895,0.640113353729248,0.9029101729393005,0.9624239206314087,0.9828663468360901,0.9227385520935059,0.4993356168270111,0.4985749423503876,0.49971500039100647,0.9739543795585632,0.9773287773132324,0.9819154739379883,0.24634191393852234,0.48810622096061707,0.9458187222480774,0.49675506353378296,0.9995391368865967,0.5,0.9220174551010132,0.5154529809951782,0.9820398092269897,0.9724080562591553,0.9592386484146118,0.802007794380188,0.7882943749427795,0.9745810031890869,0.8187417984008789,5.3556108474731445,0.6658011674880981,0.9316176176071167
213,0.37802600860595703,0.5,0.527641773223877,0.42944151163101196,0.6294714212417603,0.9284926652908325,0.8491150736808777,0.9747046232223511,0.9752630591392517,0.9749169945716858,0.7588973045349121,0.9744370579719543,0.9750000238418579,0.9748247861862183,0.9605797529220581,0.9739851951599121,0.8122923374176025,0.7586175203323364,0.9742714762687683,0.8337647914886475,0.9752310514450073,0.974266767501831,0.9758480787277222,0.8719016313552856,0.7575506567955017,0.6517453789710999,0.8841129541397095,0.9619554877281189,0.9819425940513611,0.9203791618347168,0.4987654387950897,0.49923837184906006,0.4995248019695282,0.9766514897346497,0.9774757623672485,0.9829210042953491,0.25096988677978516,0.4886656701564789,0.9450590014457703,0.49611398577690125,0.9989854097366333,0.5,0.9241296052932739,0.5397137403488159,0.9825981855392456,0.9740211963653564,0.9629389047622681,0.8051272630691528,0.801153302192688,0.9758004546165466,0.8151247501373291,5.326876640319824,0.6383236646652222,0.9284926652908325
214,0.3440568745136261,0.5,0.5270912647247314,0.43252378702163696,0.6310916543006897,0.9341911673545837,0.8457741737365723,0.9737910628318787,0.9756976366043091,0.9750138521194458,0.7642936110496521,0.9745199680328369,0.9748294353485107,0.9741204977035522,0.9618080854415894,0.9736939668655396,0.8123385906219482,0.7634052038192749,0.9741792678833008,0.8346253633499146,0.9740774631500244,0.9741697311401367,0.9779194593429565,0.8755321502685547,0.7632160186767578,0.5855071544647217,0.9112684726715088,0.9598859548568726,0.9806046485900879,0.9203489422798157,0.4994277060031891,0.49923795461654663,0.4995242655277252,0.9753601551055908,0.9758864045143127,0.9822878241539001,0.2493516057729721,0.4880996346473694,0.9451208114624023,0.49620720744132996,0.9995388984680176,0.5,0.9230697751045227,0.5143115520477295,0.9809408783912659,0.9744138717651367,0.9627976417541504,0.8071495294570923,0.7598397135734558,0.9755349159240723,0.8232443332672119,5.260184049606323,0.6613466143608093,0.9341911673545837

215,0.37147748470306396,0.5,0.526544451713562,0.4331893026828766,0.613572359085083,0.9306985139846802,0.8517121076583862,0.9729604721069336,0.9735190868377686,0.9740535616874695,0.7654058933258057,0.9734848737716675,0.9734415411949158,0.9738688468933105,0.9600960612297058,0.9715521931648254,0.8140221834182739,0.764976978302002,0.9740343689918518,0.8359490633010864,0.9738350510597229,0.9726216793060303,0.9743684530258179,0.8801331520080566,0.7640780210494995,0.6466284990310669,0.9146991968154907,0.9586023688316345,0.9805492162704468,0.9176962375640869,0.49904942512512207,0.49952659010887146,0.4991404116153717,0.9773721098899841,0.9769303798675537,0.9826600551605225,0.25115805864334106,0.48803165555000305,0.9494009017944336,0.4959251582622528,0.9988018274307251,0.5,0.9277612566947937,0.5922985076904297,0.9814883470535278,0.9751766324043274,0.9626948833465576,0.810271143913269,0.8160185217857361,0.9776992797851562,0.8158872723579407,5.479236364364624,0.6645007729530334,0.9306985139846802
216,0.3597269058227539,0.5,0.5285035371780396,0.43128734827041626,0.633222222328186,0.9314337968826294,0.8531122207641602,0.9726014733314514,0.9745057821273804,0.9744370579719543,0.7566371560096741,0.9727859497070312,0.9744275808334351,0.9734513163566589,0.9591177701950073,0.9727608561515808,0.8044682741165161,0.7563203573226929,0.9734995365142822,0.833824872970581,0.97243732213974,0.9729704856872559,0.9752767086029053,0.8736110925674438,0.7552486062049866,0.713043212890625,0.9287214875221252,0.9634239077568054,0.9842946529388428,0.9220829010009766,0.49933987855911255,0.49923837184906006,0.4997144341468811,0.976885199546814,0.976614236831665,0.9822845458984375,0.24096719920635223,0.48763608932495117,0.9454596042633057,0.4964834451675415,0.9997234344482422,0.5,0.9247862100601196,0.5777459740638733,0.979546308517456,0.9721757173538208,0.960766077041626,0.8026609420776367,0.7998511791229248,0.9748328328132629,0.8117508888244629,5.355193138122559,0.6731087565422058,0.9314337968826294
217,0.3590884506702423,0.5,0.5267121195793152,0.4309251606464386,0.618881106376648,0.9279412031173706,0.8514492511749268,0.9768151044845581,0.9766777157783508,0.9766777157783508,0.7696774005889893,0.9758570194244385,0.9772098064422607,0.976673424243927,0.9641739130020142,0.9765466451644897,0.8139063119888306,0.7686980962753296,0.9760324358940125,0.8523985147476196,0.9758570194244385,0.9767355918884277,0.9793243408203125,0.878285825252533,0.7690252065658569,0.6336448788642883,0.9351729154586792,0.9616190195083618,0.9799578189849854,0.9229380488395691,0.49924054741859436,0.49924027919769287,0.49971532821655273,0.9750427007675171,0.9760587215423584,0.9836655855178833,0.25161945819854736,0.488189697265625,0.9466789960861206,0.495830237865448,0.9991698861122131,0.5,0.9237351417541504,0.5556578636169434,0.9804796576499939,0.974981427192688,0.9626601934432983,0.8076422214508057,0.7533607482910156,0.9769859313964844,0.8197730779647827,5.39059853553772,0.6454362273216248,0.9279412031173706
218,0.3442481458187103,0.5,0.5257830023765564,0.4258713722229004,0.6270026564598083,0.9272058606147766,0.8490424156188965,0.972945511341095,0.9734268188476562,0.9733690023422241,0.763968288898468,0.9728682041168213,0.9733542203903198,0.9739515781402588,0.9619996547698975,0.9726937413215637,0.8055145740509033,0.763153076171875,0.972514271736145,0.844741702079773,0.9727859497070312,0.972775936126709,0.9760103225708008,0.8770825862884521,0.7632596492767334,0.6901769638061523,0.9198939800262451,0.9604007601737976,0.9807618856430054,0.9199166893959045,0.4991430342197418,0.49847763776779175,0.49980947375297546,0.9733637571334839,0.9752238988876343,0.984043538570404,0.2491663545370102,0.489306777715683,0.9509315490722656,0.4960148334503174,0.9993542432785034,0.5,0.9296585321426392,0.5274884104728699,0.9808799028396606,0.9750929474830627,0.9641130566596985,0.807270348072052,0.7851778864860535,0.9789385795593262,0.8222715258598328,5.313441276550293,0.6550124287605286,0.9272058606147766
219,0.35178378224372864,0.5,0.5271773934364319,0.42120805382728577,0.6256630420684814,0.9345588088035583,0.8529198169708252,0.974579393863678,0.9743636846542358,0.9744606018066406,0.761254608631134,0.9740679264068604,0.9740188121795654,0.9748799800872803,0.9613892436027527,0.9730004072189331,0.8079904317855835,0.7600147724151611,0.973655104637146,0.8441594243049622,0.973548412322998,0.9738104343414307,0.9781724214553833,0.8780374526977539,0.7610456943511963,0.627449095249176,0.9355703592300415,0.9633307456970215,0.9825847148895264,0.9204674959182739,0.4993347227573395,0.4988599717617035,0.49952688813209534,0.9737341403961182,0.9734042882919312,0.9852371215820312,0.2476903200149536,0.48948532342910767,0.9476014375686646,0.4957336187362671,0.9993544816970825,0.5,0.9278014898300171,0.5422053933143616,0.9811338186264038,0.9747493267059326,0.9632352590560913,0.8070273399353027,0.7533507347106934,0.9779384136199951,0.8178535103797913,5.481170892715454,0.6656033396720886,0.9345588088035583
220,0.34720757603645325,0.5,0.5241820812225342,0.43231117725372314,0.6192442178726196,0.9288603067398071,0.8531912565231323,0.973037838935852,0.9743353128433228,0.973907470703125,0.7613950967788696,0.972975492477417,0.9746122360229492,0.9741411209106445,0.9587866067886353,0.9729555249214172,0.8051504492759705,0.7599594593048096,0.9737813472747803,0.8488458395004272,0.9724627137184143,0.9734268188476562,0.97612464427948,0.8784009218215942,0.7600405216217041,0.6461231112480164,0.9098379611968994,0.9629170894622803,0.9833744764328003,0.9191077947616577,0.49914416670799255,0.49876752495765686,0.49971461296081543,0.9734395742416382,0.9765698909759521,0.983704686164856,0.24962934851646423,0.4876406490802765,0.9504520893096924,0.49592140316963196,0.999353289604187,0.5,0.9306433200836182,0.5447691679000854,0.9806475639343262,0.9762923121452332,0.9631998538970947,0.8071561455726624,0.754010796546936,0.9792592525482178,0.8196734189987183,5.36265754699707,0.6497299075126648,0.9288603067398071

221,0.39583250880241394,0.5,0.5297006368637085,0.43963122367858887,0.6290184259414673,0.924448549747467,0.8501645922660828,0.9747325778007507,0.9760059118270874,0.9760981798171997,0.7605646848678589,0.975456714630127,0.9763619899749756,0.9758213758468628,0.9626176953315735,0.9746403694152832,0.8078626394271851,0.7597342729568481,0.9755444526672363,0.8514012098312378,0.9756367802619934,0.9751890897750854,0.9766820669174194,0.8782455921173096,0.7581952214241028,0.654566764831543,0.9659832119941711,0.9644415378570557,0.9807618856430054,0.9227108359336853,0.4985670745372772,0.498860627412796,0.49895238876342773,0.9777208566665649,0.9784843921661377,0.9837338328361511,0.24587580561637878,0.48763608932495117,0.9461326003074646,0.4943539500236511,0.9985247850418091,0.5,0.9229767322540283,0.505547285079956,0.9784266352653503,0.9722015857696533,0.9597433805465698,0.8057774305343628,0.8010562658309937,0.9744803309440613,0.8150700330734253,5.429071426391602,0.6634917855262756,0.924448549747467
222,0.3407301604747772,0.5,0.5277381539344788,0.43209952116012573,0.6379760503768921,0.9314337968826294,0.8546297550201416,0.9719867706298828,0.9737133383750916,0.9743400812149048,0.762643039226532,0.9729555249214172,0.9740726947784424,0.9730875492095947,0.9608005881309509,0.9728431701660156,0.8054323792457581,0.7616150379180908,0.9733197689056396,0.861884593963623,0.972268283367157,0.9723451137542725,0.9768108129501343,0.87921142578125,0.7618346214294434,0.645649254322052,0.9654494524002075,0.9639682173728943,0.9815343618392944,0.9234208464622498,0.4994305372238159,0.4989561438560486,0.49971532821655273,0.9773420095443726,0.9791507720947266,0.9824885129928589,0.24527253210544586,0.4892086386680603,0.9482027292251587,0.4962030053138733,0.9996309280395508,0.5,0.9205328822135925,0.523237943649292,0.9814402461051941,0.9753763675689697,0.9638004899024963,0.8094707727432251,0.8079730272293091,0.9772050380706787,0.8251427412033081,5.288297414779663,0.6727057695388794,0.9314337968826294
223,0.372715026140213,0.5,0.531581461429596,0.41694116592407227,0.6299502849578857,0.9272058606147766,0.8534905314445496,0.9745293855667114,0.9751890897750854,0.9754657745361328,0.762643039226532,0.9742857217788696,0.9749355316162109,0.9756232500076294,0.9619214534759521,0.9738104343414307,0.809444785118103,0.7619575262069702,0.9752493500709534,0.8615157604217529,0.9751707315444946,0.9750692844390869,0.9773985147476196,0.8785210847854614,0.7623343467712402,0.6540616154670715,0.9550976157188416,0.9677051305770874,0.9815694093704224,0.9227030277252197,0.4992418587207794,0.4991457760334015,0.49952390789985657,0.9764062166213989,0.9772727489471436,0.9802583456039429,0.24611398577690125,0.4882776439189911,0.9463626146316528,0.4955580234527588,0.9993540048599243,0.5,0.9182969927787781,0.4897148013114929,0.9787333011627197,0.9721964001655579,0.9578145742416382,0.8115807175636292,0.7570314407348633,0.9758124351501465,0.8128845691680908,5.330790281295776,0.659197211265564,0.9272058606147766
224,0.3417517840862274,0.5,0.5283929109573364,0.4166257083415985,0.6095147728919983,0.9352940917015076,0.859411358833313,0.9726014733314514,0.9740583896636963,0.9742476940155029,0.7614390850067139,0.9722580909729004,0.9737133383750916,0.9746624827384949,0.957003116607666,0.9718893766403198,0.8060169816017151,0.7600553631782532,0.9732176065444946,0.859915018081665,0.9726988077163696,0.9723451137542725,0.97618168592453,0.8822604417800903,0.7603092789649963,0.6983153820037842,0.9492319226264954,0.961582362651825,0.9799695014953613,0.9175405502319336,0.4989553689956665,0.4988657832145691,0.49952659010887146,0.9759606122970581,0.9774765968322754,0.9823833107948303,0.24527603387832642,0.4882841408252716,0.949447512626648,0.4959236681461334,0.999354362487793,0.5,0.9232770204544067,0.5195543766021729,0.9800782203674316,0.9733518958091736,0.9613382816314697,0.8136287331581116,0.8055188655853271,0.9760267734527588,0.8251838684082031,5.346844673156738,0.6766510009765625,0.9352940917015076

