epoch,loss,accuracy,balanced_accuracy,balanced_accuracy_A13,balanced_accuracy_A14,balanced_accuracy_A15b,balanced_accuracy_A16,balanced_accuracy_A17a,balanced_accuracy_A19a,balanced_accuracy_A1a,balanced_accuracy_A1b,balanced_accuracy_A1c,balanced_accuracy_A32,balanced_accuracy_A33,balanced_accuracy_A34,balanced_accuracy_A4b2,balanced_accuracy_A7a,balanced_accuracy_A9,balanced_accuracy_B1,balanced_accuracy_B2a,balanced_accuracy_B3,balanced_accuracy_C13aa,balanced_accuracy_C13bb,balanced_accuracy_C14_100,balanced_accuracy_C14_120,balanced_accuracy_C14_20,balanced_accuracy_C14_30,balanced_accuracy_C14_50,balanced_accuracy_C14_60,balanced_accuracy_C14_70,balanced_accuracy_C14_80,balanced_accuracy_C17a,balanced_accuracy_C17b_80,balanced_accuracy_C17c,balanced_accuracy_C17d,balanced_accuracy_C1a,balanced_accuracy_C2,balanced_accuracy_C3e3,balanced_accuracy_D1a1,balanced_accuracy_D1a4,balanced_accuracy_D1a5,balanced_accuracy_D1a6,balanced_accuracy_D1a7,balanced_accuracy_D2a1,balanced_accuracy_D2a2,balanced_accuracy_D3,balanced_accuracy_const_0,elapsed,f1,mean_invalid,recall
0,3.763902187347412,0.04343504458665848,0.5217267274856567,0.4553780257701874,0.5,0.490180104970932,0.4928774833679199,0.5,0.5,0.5,0.46482783555984497,0.5,0.5,0.4953190088272095,0.5,0.4228649437427521,0.5,0.5,0.5,0.5,0.4990837275981903,0.5,0.5,0.5,0.5,0.46377328038215637,0.4503917694091797,0.5,0.4423527121543884,0.499898225069046,0.5,0.5,0.6517506837844849,0.4928767681121826,0.5470033288002014,0.5,0.5,0.4652964472770691,0.5,0.7756199240684509,0.6926608085632324,0.6892998814582825,0.6540444493293762,0.5047819018363953,0.75471031665802,0.5,nan,21.848384618759155,0.005970412399619818,-0.33818863002434724,0.04343504458665848
1,3.6132912635803223,0.04582049325108528,0.569503903388977,0.42108476161956787,0.5,0.4649944007396698,0.5,0.5,0.5,0.5,0.3823625445365906,0.5,0.5,0.49954208731651306,0.5,0.45074793696403503,0.5,0.5,0.5,0.5,0.7838725447654724,0.5,0.5,0.5,0.5,0.49053627252578735,0.5,0.5,0.47232115268707275,0.5,0.5,0.5,0.8266540765762329,0.6653831005096436,0.8059490919113159,0.5,0.5,0.5222194194793701,0.5,0.824819803237915,0.8754453659057617,0.8397799134254456,0.8359649181365967,0.8335766196250916,0.825786292552948,0.6239781379699707,nan,22.337368488311768,0.004931070376187563,-0.8798968092654218,0.04582049325108528
2,3.4871108531951904,0.04760958254337311,0.5917600393295288,0.5,0.5,0.5,0.5,0.5,0.5,0.5,0.46382415294647217,0.5,0.5,0.5,0.5,0.5,0.5,0.5,0.5,0.5,0.8331156969070435,0.5,0.5,0.5,0.5,0.5,0.5,0.5,0.5,0.5,0.5,0.46982541680336,0.8494967222213745,0.8232955932617188,0.8474617004394531,0.5,0.5,0.6992632746696472,0.4951663911342621,0.847359299659729,0.860130250453949,0.848529577255249,0.840135395526886,0.8546351790428162,0.8421697616577148,0.827825665473938,nan,21.702643632888794,0.010125591419637203,-1.4288645665553892,0.04760958254337311
3,3.414943218231201,0.048205941915512085,0.6021744012832642,0.5,0.5,0.5,0.5,0.5,0.5,0.5,0.5,0.5,0.5,0.5,0.5,0.5,0.5,0.5,0.5,0.5,0.8410005569458008,0.5,0.5,0.5,0.5,0.5,0.5,0.5,0.5,0.5,0.5,0.7577180862426758,0.849242091178894,0.825126588344574,0.8479700684547424,0.5,0.5,0.7596002817153931,0.5338181853294373,0.8479698896408081,0.8563650846481323,0.8469522595405579,0.8441034555435181,0.8485804796218872,0.8440014123916626,0.842018187046051,nan,22.086808919906616,0.008437026292085648,-1.8965481252985936,0.048205941915512085
4,3.3681068420410156,0.049001093953847885,0.6104183197021484,0.5,0.5,0.5,0.5,0.5,0.5,0.5,0.5,0.5,0.5,0.5,0.5,0.5,0.5,0.5,0.5,0.5,0.8398301005363464,0.5,0.5,0.5,0.5,0.5,0.5,0.5,0.5,0.5,0.5,0.8207006454467773,0.8448666334152222,0.8320965766906738,0.8482751846313477,0.5,0.5,0.792007327079773,0.7993331551551819,0.8451716899871826,0.8522946834564209,0.8467996120452881,0.845426082611084,0.8471558094024658,0.8444084525108337,0.8394230604171753,nan,21.394142627716064,0.009288832545280457,-2.2918877877934105,0.049001093953847885
5,3.3333446979522705,0.04959745705127716,0.6122848391532898,0.5,0.5,0.5,0.5,0.5,0.5,0.5,0.5,0.5,0.5,0.5,0.5,0.5,0.5,0.5,0.5,0.5,0.8451210260391235,0.5,0.5,0.5,0.5,0.5,0.5,0.5,0.5,0.5,0.5,0.8389647006988525,0.8484786748886108,0.8365226984024048,0.8452734351158142,0.5,0.5,0.8011646270751953,0.83830326795578,0.8465961217880249,0.8515315055847168,0.8463926315307617,0.8465452194213867,0.8464434742927551,0.8463417291641235,0.8400843143463135,nan,21.881682634353638,0.010180780664086342,-2.6381863100298144,0.04959745705127716
6,3.3075077533721924,0.04999503120779991,0.6118549108505249,0.5,0.5,0.5,0.5,0.5,0.5,0.5,0.5,0.5,0.5,0.5,0.5,0.5,0.5,0.5,0.5,0.5,0.842322826385498,0.5,0.5,0.5,0.5,0.5,0.5,0.5,0.5,0.5,0.5,0.8353526592254639,0.8436963558197021,0.8332667946815491,0.8454769849777222,0.5,0.5,0.7927193641662598,0.8410506248474121,0.8451207876205444,0.8502086400985718,0.847003161907196,0.8472575545310974,0.8471558094024658,0.8469014167785645,0.8418140411376953,nan,21.91017484664917,0.010556219145655632,-2.9206840440063657,0.04999503120779991
7,3.283756732940674,0.050889573991298676,0.6125564575195312,0.5,0.5,0.5,0.5,0.5,0.5,0.5,0.5,0.5,0.5,0.5,0.5,0.5,0.5,0.5,0.5,0.5,0.8465454578399658,0.5,0.5,0.5,0.5,0.5,0.5,0.5,0.5,0.5,0.5,0.8394226431846619,0.8458331227302551,0.8374385833740234,0.8430349230766296,0.5043191909790039,0.5,0.8054890036582947,0.8409997224807739,0.8449172973632812,0.8505138754844666,0.8469522595405579,0.8471558094024658,0.8470540046691895,0.8467996120452881,0.8418140411376953,nan,22.068806648254395,0.011790081858634949,-3.1735386618585855,0.050889573991298676
8,3.267469644546509,0.05138654261827469,0.6160560250282288,0.5,0.5,0.5,0.5,0.5,0.5,0.5,0.5,0.5,0.5,0.5,0.5,0.5,0.5,0.5,0.5,0.5,0.8389142751693726,0.5,0.5,0.5,0.5,0.5,0.5,0.5,0.5,0.5,0.5,0.8266021013259888,0.846748948097229,0.835556149482727,0.837642252445221,0.6543738842010498,0.5270580649375916,0.792922854423523,0.8452223539352417,0.8479189872741699,0.8514297008514404,0.8476645946502686,0.8478172421455383,0.8477154970169067,0.8450698852539062,0.838456392288208,nan,22.080183506011963,0.011893737129867077,-3.382954124190582,0.05138654261827469
9,3.2399275302886963,0.05208229646086693,0.621928334236145,0.5,0.5,0.5,0.5,0.5,0.5,0.5,0.5,0.5,0.5,0.5,0.5,0.5,0.5,0.5,0.5,0.5117951035499573,0.8459348678588867,0.5,0.5,0.5,0.5,0.5,0.5,0.5,0.5,0.5345907211303711,0.5,0.8395243883132935,0.847562849521637,0.8396261930465698,0.8471049070358276,0.6728403568267822,0.6501032114028931,0.8137307167053223,0.8457311391830444,0.8467996120452881,0.8494454026222229,0.8467487096786499,0.8467996120452881,0.8467996120452881,0.8466470241546631,0.843492865562439,nan,22.167195081710815,0.013952470384538174,-3.631971019717953,0.05208229646086693
10,3.2223308086395264,0.05655501410365105,0.6294025182723999,0.5,0.5,0.5,0.5,0.5,0.5,0.5,0.5,0.5,0.5,0.5,0.5,0.5,0.5,0.5,0.5,0.6647001504898071,0.841712236404419,0.5,0.5,0.5,0.5,0.5,0.5,0.5,0.5,0.6691263318061829,0.5,0.8394226431846619,0.8434419631958008,0.8419156074523926,0.8473083972930908,0.6690245866775513,0.673399806022644,0.8181059956550598,0.8458837866783142,0.847206711769104,0.850412130355835,0.847003161907196,0.847206711769104,0.8469522595405579,0.8445101976394653,0.8459348678588867,nan,21.72677183151245,0.018126333132386208,-3.827724580013092,0.05655501410365105

11,3.206664562225342,0.06033197417855263,0.633225679397583,0.5,0.5,0.5,0.5081024765968323,0.5,0.5,0.5,0.5,0.5,0.5,0.5,0.5,0.5,0.5,0.5,0.634484052658081,0.6730945110321045,0.8451210260391235,0.5,0.5164265036582947,0.5,0.5,0.5,0.5,0.5,0.5,0.6665316224098206,0.5,0.8332667946815491,0.8463927507400513,0.8423734903335571,0.8435946106910706,0.6730436682701111,0.6686683893203735,0.8099660277366638,0.8458837866783142,0.8478680849075317,0.8508193492889404,0.8479189872741699,0.8479698896408081,0.8479698896408081,0.8452734351158142,0.844815731048584,nan,21.92772674560547,0.01902940683066845,-4.00390545907877,0.06033197417855263
12,3.189300060272217,0.059437431395053864,0.6438469290733337,0.5,0.5,0.5,0.6572322845458984,0.5,0.5,0.5,0.5,0.5,0.5961829423904419,0.5,0.5,0.5,0.5,0.5,0.661545991897583,0.6722806692123413,0.8479700684547424,0.5,0.6660739183425903,0.5,0.5234460234642029,0.5,0.49495962262153625,0.5,0.5,0.665819525718689,0.5,0.8398805856704712,0.842678964138031,0.8402367234230042,0.837642252445221,0.667752742767334,0.6721280217170715,0.814239501953125,0.841762900352478,0.8460875153541565,0.8540754914283752,0.8484786748886108,0.8465454578399658,0.8484277725219727,0.8454769849777222,0.8456298112869263,nan,22.217657327651978,0.021007366478443146,-4.165194235103005,0.059437431395053864
13,3.172518014907837,0.0636119693517685,0.6587097644805908,0.5,0.5,0.5,0.6629161238670349,0.514286458492279,0.5,0.5353478789329529,0.5,0.5,0.6652087569236755,0.5,0.5,0.5038083791732788,0.5,0.6437433958053589,0.6650561094284058,0.6715681552886963,0.8465456962585449,0.5,0.6695331335067749,0.5,0.6653614044189453,0.5,0.6610878705978394,0.5,0.5,0.6672437191009521,0.5,0.8306212425231934,0.8484277725219727,0.8374894261360168,0.8389649391174316,0.6715681552886963,0.6715681552886963,0.8288915157318115,0.8434926271438599,0.8478680849075317,0.8558053970336914,0.8483260273933411,0.8480207920074463,0.8482751846313477,0.8472575545310974,0.8484280109405518,nan,21.601192474365234,0.023847058415412903,-4.332469956489292,0.0636119693517685

14,3.155594825744629,0.06579862534999847,0.6752980947494507,0.5,0.5,0.5,0.6620512008666992,0.6625632047653198,0.5336235761642456,0.6712628602981567,0.6314816474914551,0.5,0.6577808856964111,0.5,0.5,0.664699912071228,0.5,0.668973445892334,0.6621052622795105,0.6685155034065247,0.845375657081604,0.5,0.6666331887245178,0.5,0.6667858362197876,0.5,0.6645981669425964,0.5,0.5474042892456055,0.6686681509017944,0.5,0.8370314836502075,0.8440525531768799,0.8438488245010376,0.8323511481285095,0.6707031726837158,0.6707031726837158,0.8372350335121155,0.843543529510498,0.8483769297599792,0.8599776029586792,0.8492927551269531,0.8484277725219727,0.8489874601364136,0.8450190424919128,0.8494455814361572,nan,21.961976528167725,0.02390533871948719,-4.498816685533917,0.06579862534999847
15,3.1406173706054688,0.0652022659778595,0.6956738233566284,0.5,0.5,0.5,0.6575050354003906,0.6580352783203125,0.6649543046951294,0.6668367385864258,0.6518285274505615,0.6100680828094482,0.657577395439148,0.5942525863647461,0.5589492917060852,0.6667349338531494,0.6414052844047546,0.6665822863578796,0.6663278937339783,0.6663278937339783,0.8544316291809082,0.5276185870170593,0.670754075050354,0.5,0.6622070074081421,0.5854974985122681,0.6688207983970642,0.5,0.662766695022583,0.6685155034065247,0.5428311824798584,0.8349456191062927,0.8449683785438538,0.8373876810073853,0.8392702341079712,0.6685155034065247,0.6707031726837158,0.8372350335121155,0.8457820415496826,0.8495471477508545,0.8692377805709839,0.8519385457038879,0.8472577333450317,0.8512262105941772,0.8387614488601685,0.8500055074691772,nan,21.938525915145874,0.02375604957342148,-4.709109360649671,0.0652022659778595
16,3.128950595855713,0.06768710911273956,0.7191330194473267,0.6652087569236755,0.6402350664138794,0.5,0.662670910358429,0.665157675743103,0.665157675743103,0.6695328950881958,0.6564071178436279,0.6696855425834656,0.6605788469314575,0.6674979329109192,0.6653611660003662,0.6695328950881958,0.6697364449501038,0.6672943830490112,0.6649032831192017,0.6692785024642944,0.8596214652061462,0.6609859466552734,0.6694820523262024,0.49954208731651306,0.6542195081710815,0.6675487756729126,0.6607823967933655,0.5329579710960388,0.6608332395553589,0.6693294048309326,0.6632243990898132,0.8287897706031799,0.8472577333450317,0.8422208428382874,0.841712236404419,0.6671417355537415,0.667090892791748,0.8246688842773438,0.8439505100250244,0.850412130355835,0.8797191381454468,0.8548896312713623,0.8457316160202026,0.8533123135566711,0.8412034511566162,0.8595197200775146,nan,22.190650701522827,0.027326242998242378,-4.881564193496575,0.06768710911273956
17,3.1163415908813477,0.065997414290905,0.7278345823287964,0.6657682061195374,0.6681084632873535,0.5,0.6633322834968567,0.6656664609909058,0.6635296940803528,0.6678540706634521,0.6481145024299622,0.6657682061195374,0.6634279489517212,0.6679558157920837,0.665869951248169,0.6699908375740051,0.6658191084861755,0.667803168296814,0.6612403392791748,0.6699399948120117,0.8706624507904053,0.661443829536438,0.6656155586242676,0.6490334272384644,0.6656155586242676,0.6679558157920837,0.6612403392791748,0.6637840867042542,0.6613420844078064,0.6634279489517212,0.6702452301979065,0.8309265375137329,0.8470542430877686,0.8420172929763794,0.8416104912757874,0.6656155586242676,0.667803168296814,0.8309265375137329,0.8438488245010376,0.8511244654655457,0.8914215564727783,0.8648620843887329,0.846138596534729,0.8603338003158569,0.8434419631958008,0.8682712912559509,nan,21.843435049057007,0.025076882913708687,-5.086069346872384,0.065997414290905
18,3.112715244293213,0.06649438291788101,0.7321894764900208,0.6678540706634521,0.665717363357544,0.6637840867042542,0.6609828472137451,0.6656155586242676,0.6569159030914307,0.6634787917137146,0.659103512763977,0.6700925827026367,0.6500477194786072,0.6700925827026367,0.6680067181587219,0.6699908375740051,0.6679049730300903,0.6699908375740051,0.6655647158622742,0.6677014231681824,0.8776841163635254,0.6613929271697998,0.6656664609909058,0.665869951248169,0.667803168296814,0.6700925827026367,0.6634279489517212,0.6614947319030762,0.6634787917137146,0.6656664609909058,0.6548300385475159,0.8315879106521606,0.838202178478241,0.825330376625061,0.8325040340423584,0.6656155586242676,0.6699399948120117,0.8296038508415222,0.8399823307991028,0.8537193536758423,0.8939658403396606,0.8769207000732422,0.8505140542984009,0.8727485537528992,0.838456392288208,0.876819372177124,nan,21.845115661621094,0.0314345620572567,-5.260899850784482,0.06649438291788101
19,3.102419853210449,0.06977437436580658,0.73312908411026,0.6672943830490112,0.6673452854156494,0.6652085185050964,0.6672171354293823,0.6672943830490112,0.6672943830490112,0.6672943830490112,0.6585438847541809,0.665157675743103,0.6518791913986206,0.665157675743103,0.6695328950881958,0.6672943830490112,0.6695328950881958,0.6672943830490112,0.6629191637039185,0.6694820523262024,0.8860287666320801,0.6542195081710815,0.6694820523262024,0.665157675743103,0.6541686058044434,0.6695328950881958,0.6607314944267273,0.665157675743103,0.6607314944267273,0.6672943830490112,0.6673452854156494,0.8299091458320618,0.8450194597244263,0.8281285762786865,0.8284340500831604,0.6651067733764648,0.6694820523262024,0.806099534034729,0.8426278829574585,0.8542790412902832,0.9035310745239258,0.8882161378860474,0.8476141691207886,0.8835351467132568,0.838456392288208,0.8914215564727783,nan,21.741201162338257,0.030874839052557945,-5.439933540261582,0.06977437436580658
20,3.105632781982422,0.0710664913058281,0.731323778629303,0.6660735011100769,0.6661243438720703,0.6663278937339783,0.6615933179855347,0.659510612487793,0.6660735011100769,0.6682611107826233,0.6594597101211548,0.6683120131492615,0.6549826860427856,0.6704996228218079,0.6661752462387085,0.6682102680206299,0.6661752462387085,0.6660225987434387,0.6660225987434387,0.6660225987434387,0.8868434429168701,0.6530494689941406,0.6638858318328857,0.6487759351730347,0.659510612487793,0.6639367341995239,0.6616473197937012,0.6706013679504395,0.6638858318328857,0.6573230028152466,0.6683628559112549,0.8030471801757812,0.8307747840881348,0.8383545875549316,0.8135278820991516,0.6660735011100769,0.6660735011100769,0.7855461239814758,0.8396772742271423,0.8567723631858826,0.9095858335494995,0.897883415222168,0.8490898609161377,0.8939656019210815,0.8423230648040771,0.885469913482666,nan,22.40164566040039,0.03298012167215347,-5.584851415004945,0.0710664913058281

21,3.08793306350708,0.07563860714435577,0.7341172695159912,0.6661750078201294,0.6640383005142212,0.6663785576820374,0.6661487817764282,0.6661750078201294,0.6617997884750366,0.6662259101867676,0.6596121788024902,0.6662259101867676,0.6617997884750366,0.6662259101867676,0.6684644222259521,0.6683626770973206,0.6685153245925903,0.6683626770973206,0.6661750078201294,0.6661750078201294,0.8940173387527466,0.6640383005142212,0.6640383005142212,0.6685153245925903,0.6661750078201294,0.6684644222259521,0.6661750078201294,0.6640892028808594,0.6464863419532776,0.6661750078201294,0.6684644222259521,0.8285864591598511,0.8334200382232666,0.8396772742271423,0.8251272439956665,0.668413519859314,0.668413519859314,0.8153588771820068,0.8326564431190491,0.8524986505508423,0.9145721197128296,0.9033784866333008,0.842832088470459,0.8994097709655762,0.826195478439331,0.8969681859016418,nan,21.84902787208557,0.03810465335845947,-5.775913016718622,0.07563860714435577

22,3.0743215084075928,0.07703011482954025,0.7369626760482788,0.6674976944923401,0.6675485968589783,0.6654627323150635,0.6674806475639343,0.6674976944923401,0.6653100848197937,0.6675485968589783,0.6631224155426025,0.6675994396209717,0.6630715727806091,0.6675994396209717,0.6654627323150635,0.6674976944923401,0.6676503419876099,0.6674976944923401,0.6631224155426025,0.6675485968589783,0.9038369655609131,0.6632242202758789,0.6631733179092407,0.6632751226425171,0.6675485968589783,0.6675994396209717,0.6674976944923401,0.6654118299484253,0.6653100848197937,0.6653609275817871,0.6676503419876099,0.8315879106521606,0.8332165479660034,0.8450190424919128,0.8276199698448181,0.6675485968589783,0.6675485968589783,0.8293494582176208,0.8381508588790894,0.854889988899231,0.9216444492340088,0.9119263291358948,0.8495984673500061,0.9079576730728149,0.8379983901977539,0.9111630916595459,nan,21.84298849105835,0.042433951050043106,-6.0346096479777795,0.07703011482954025
23,3.0652358531951904,0.0801113173365593,0.7378919124603271,0.6677521467208862,0.6655644774436951,0.6634786128997803,0.6633414626121521,0.6655644774436951,0.6677521467208862,0.6677521467208862,0.6655644774436951,0.6656662225723267,0.6567630767822266,0.6678538918495178,0.6678538918495178,0.6677521467208862,0.6678538918495178,0.6677521467208862,0.6677521467208862,0.6678029894828796,0.914012610912323,0.6656153202056885,0.6678538918495178,0.6634786128997803,0.6677521467208862,0.6678538918495178,0.6655644774436951,0.6612909436225891,0.6655644774436951,0.6656153202056885,0.6612909436225891,0.8291968107223511,0.8461897373199463,0.8363193869590759,0.8406440019607544,0.6678029894828796,0.6678538918495178,0.8312318325042725,0.8356579542160034,0.8592144250869751,0.9246463775634766,0.9177775382995605,0.8459864258766174,0.9148774147033691,0.8405930995941162,0.9166581630706787,nan,22.175318479537964,0.04234066978096962,-6.301596882399929,0.0801113173365593

24,3.05729603767395,0.08547858148813248,0.738520622253418,0.6652083396911621,0.6652083396911621,0.6653100848197937,0.6673789024353027,0.663020670413971,0.6673959493637085,0.6673959493637085,0.663020670413971,0.6673959493637085,0.6608330011367798,0.6652083396911621,0.6674976944923401,0.6673959493637085,0.6674468517303467,0.6673959493637085,0.6673959493637085,0.6673959493637085,0.9183374643325806,0.663020670413971,0.6673959493637085,0.6673959493637085,0.6673959493637085,0.6673959493637085,0.6673959493637085,0.6673959493637085,0.6652083396911621,0.6673959493637085,0.6674468517303467,0.8231935501098633,0.8420688509941101,0.8409490585327148,0.841712474822998,0.6652083396911621,0.6673959493637085,0.8293494582176208,0.8295021057128906,0.8608934879302979,0.9284114837646484,0.9229164123535156,0.8477163314819336,0.9202197790145874,0.8434930443763733,0.921135663986206,nan,21.749714851379395,0.045150723308324814,-6.527647031134372,0.08547858148813248
25,3.0497686862945557,0.08677069842815399,0.7390788197517395,0.6629189252853394,0.6651065349578857,0.6672942042350769,0.6650803685188293,0.6672942042350769,0.6672942042350769,0.6672942042350769,0.6651065349578857,0.6672942042350769,0.6629189252853394,0.6672942042350769,0.6673450469970703,0.6672942042350769,0.6672942042350769,0.6672942042350769,0.6672942042350769,0.6672942042350769,0.9249516725540161,0.6672942042350769,0.6672942042350769,0.6672942042350769,0.6672942042350769,0.6672942042350769,0.6651065349578857,0.6607312560081482,0.6651065349578857,0.6651065349578857,0.6672942042350769,0.829756498336792,0.8457831144332886,0.8364720344543457,0.837235689163208,0.6672942042350769,0.6672942042350769,0.8315370678901672,0.8208024501800537,0.8688816428184509,0.9306502342224121,0.9270886182785034,0.8558058738708496,0.9251551628112793,0.8337251543998718,0.9257148504257202,nan,21.990797519683838,0.04628434404730797,-6.780997752242813,0.08677069842815399
26,3.044210433959961,0.0891561508178711,0.7383830547332764,0.667090654373169,0.667090654373169,0.667090654373169,0.667073667049408,0.667090654373169,0.667090654373169,0.667090654373169,0.667090654373169,0.667090654373169,0.667090654373169,0.667090654373169,0.667090654373169,0.667090654373169,0.667090654373169,0.667090654373169,0.667090654373169,0.6649030447006226,0.9266815781593323,0.667090654373169,0.667090654373169,0.6627154350280762,0.667090654373169,0.667090654373169,0.660527765750885,0.660527765750885,0.667090654373169,0.667090654373169,0.667090654373169,0.8098645210266113,0.8477168083190918,0.8259919881820679,0.8336238265037537,0.667090654373169,0.667090654373169,0.8199886083602905,0.8050312995910645,0.8773786425590515,0.931057333946228,0.9281062483787537,0.8600289225578308,0.9265798330307007,0.8427302837371826,0.9267324805259705,nan,22.062641859054565,0.04916602000594139,-7.016707603576679,0.0891561508178711
27,3.04723858833313,0.09183977544307709,0.7339115142822266,0.6656662225723267,0.6678538918495178,0.6657171249389648,0.6634432077407837,0.6656662225723267,0.6656662225723267,0.6679047346115112,0.6656662225723267,0.6679047346115112,0.6569156646728516,0.6679047346115112,0.6679047346115112,0.6656662225723267,0.6679047346115112,0.6679047346115112,0.6678538918495178,0.6679047346115112,0.9173709154129028,0.6635295152664185,0.6657171249389648,0.6679047346115112,0.6657171249389648,0.6657171249389648,0.6634786128997803,0.6657171249389648,0.6634786128997803,0.6657171249389648,0.6657171249389648,0.7888027429580688,0.8475141525268555,0.7866150140762329,0.8124098181724548,0.6679047346115112,0.6657171249389648,0.759447455406189,0.8112891912460327,0.8815001249313354,0.9266307353973389,0.9233235120773315,0.8553997278213501,0.9217462539672852,0.843646764755249,0.9087221622467041,nan,22.135390758514404,0.05474857985973358,-7.114154910083888,0.09183977544307709
28,3.0352296829223633,0.09343007951974869,0.7364714741706848,0.6668871641159058,0.6647503972053528,0.6669380068778992,0.6669210195541382,0.6669380068778992,0.6669380068778992,0.6669380068778992,0.6647503972053528,0.6669380068778992,0.6646994948387146,0.6669380068778992,0.6647503972053528,0.6669380068778992,0.6669380068778992,0.6669380068778992,0.6669380068778992,0.6669380068778992,0.926223874092102,0.6647503972053528,0.6669380068778992,0.6647503972053528,0.6669380068778992,0.6669380068778992,0.6647503972053528,0.6669380068778992,0.6669380068778992,0.6669380068778992,0.6669380068778992,0.8120525479316711,0.8317432403564453,0.8068634271621704,0.8172941207885742,0.6669380068778992,0.6669380068778992,0.7440831065177917,0.8109838962554932,0.8931515216827393,0.9320240020751953,0.9300905466079712,0.8734102249145508,0.928564190864563,0.8459361791610718,0.9287676811218262,nan,22.102569818496704,0.052734725177288055,-7.3813935778342685,0.09343007951974869
29,3.0283725261688232,0.09521916508674622,0.7300963997840881,0.6669380068778992,0.6669380068778992,0.6669889092445374,0.6669210195541382,0.6669889092445374,0.6669380068778992,0.6626136302947998,0.6669380068778992,0.6604260206222534,0.6647503972053528,0.6669889092445374,0.6669889092445374,0.6669889092445374,0.6669889092445374,0.6669889092445374,0.6669889092445374,0.6669889092445374,0.928106427192688,0.6669889092445374,0.6669889092445374,0.6669889092445374,0.6648012399673462,0.6669889092445374,0.6669889092445374,0.6669889092445374,0.6669380068778992,0.6669889092445374,0.6669889092445374,0.7557342052459717,0.8074766397476196,0.695956289768219,0.7736949920654297,0.6669889092445374,0.6669889092445374,0.7035359144210815,0.7816801071166992,0.8998677134513855,0.9333977699279785,0.9319730997085571,0.8776336908340454,0.9307011365890503,0.8569258451461792,0.9305993318557739,nan,20.815982580184937,0.05784645676612854,-7.674820657966507,0.09521916508674622
30,3.03649640083313,0.09273432195186615,0.7199998497962952,0.6662259101867676,0.6640892028808594,0.666480302810669,0.668498158454895,0.6685153245925903,0.6619523763656616,0.6663785576820374,0.6662768125534058,0.6686170697212219,0.6596630215644836,0.662054181098938,0.666480302810669,0.6663276553153992,0.666480302810669,0.6685662269592285,0.6641400456428528,0.6685662269592285,0.916404664516449,0.6598156690597534,0.6642926931381226,0.664190948009491,0.6620032787322998,0.6686170697212219,0.664190948009491,0.6641400456428528,0.6640892028808594,0.666480302810669,0.6686679720878601,0.731671154499054,0.778477668762207,0.6047888994216919,0.7033348083496094,0.666480302810669,0.6642926931381226,0.5958850979804993,0.7753216028213501,0.8970184326171875,0.9295817613601685,0.9273430109024048,0.8642532825469971,0.9257657527923584,0.8359658718109131,0.9189484119415283,nan,22.127910614013672,0.057116687297821045,-7.74658104165057,0.09273432195186615

31,3.0253403186798096,0.09690885245800018,0.7132965922355652,0.6656153202056885,0.6656153202056885,0.6678538918495178,0.6678367853164673,0.6678538918495178,0.6634786128997803,0.6678538918495178,0.6656153202056885,0.6678538918495178,0.6678029894828796,0.6678538918495178,0.6678538918495178,0.6656662225723267,0.6678538918495178,0.6678538918495178,0.6634786128997803,0.6678538918495178,0.9261729717254639,0.6634786128997803,0.6656662225723267,0.6612909436225891,0.6656662225723267,0.6678538918495178,0.6569156646728516,0.6656662225723267,0.6634786128997803,0.6656662225723267,0.6678538918495178,0.7053695917129517,0.7463253140449524,0.4872177541255951,0.6040783524513245,0.6634786128997803,0.6678538918495178,0.48838692903518677,0.782190203666687,0.903734564781189,0.932380199432373,0.930039644241333,0.8845025300979614,0.9288694858551025,0.8624724745750427,0.9222047328948975,nan,22.264657020568848,0.05486137419939041,-8.03169820512719,0.09690885245800018

32,3.019746780395508,0.09561673551797867,0.7071884870529175,0.6652591824531555,0.6674976944923401,0.6653100848197937,0.6674806475639343,0.6631224155426025,0.6674976944923401,0.6674976944923401,0.6653100848197937,0.6653100848197937,0.6652591824531555,0.6674976944923401,0.6675485968589783,0.6674976944923401,0.6675485968589783,0.6674976944923401,0.6653100848197937,0.6674976944923401,0.925460934638977,0.6631224155426025,0.6653100848197937,0.6674976944923401,0.6674976944923401,0.6674976944923401,0.6631224155426025,0.6653100848197937,0.6609348058700562,0.6674976944923401,0.6653100848197937,0.6234615445137024,0.6596347689628601,0.4857428967952728,0.5595124959945679,0.6674976944923401,0.6674976944923401,0.46574845910072327,0.7358440160751343,0.9079067707061768,0.9324819445610046,0.9311081767082214,0.8830785751342773,0.930243194103241,0.8715289235115051,0.9234768152236938,nan,21.64353108406067,0.056680671870708466,-8.264858492680732,0.09561673551797867
33,3.0141634941101074,0.09810157865285873,0.7017552852630615,0.6669380068778992,0.6647503972053528,0.6669380068778992,0.6669210195541382,0.6669380068778992,0.6669380068778992,0.6669380068778992,0.6669380068778992,0.6669380068778992,0.6669380068778992,0.6669380068778992,0.6647503972053528,0.6669380068778992,0.6669380068778992,0.6669380068778992,0.6647503972053528,0.6669380068778992,0.9275465607643127,0.6669380068778992,0.6647503972053528,0.6647503972053528,0.6669380068778992,0.6669380068778992,0.6647503972053528,0.6647503972053528,0.6669380068778992,0.6669380068778992,0.6669380068778992,0.5342778563499451,0.6483408808708191,0.474652498960495,0.48935601115226746,0.6647503972053528,0.6669380068778992,0.44972336292266846,0.6747946739196777,0.9097893238067627,0.9301923513412476,0.9292764663696289,0.896153450012207,0.9282588958740234,0.87804114818573,0.9256641864776611,nan,21.770599365234375,0.0615343376994133,-8.537223834875812,0.09810157865285873
34,3.006805419921875,0.10346884280443192,0.6967475414276123,0.6666836142539978,0.6666836142539978,0.6666836142539978,0.6666666865348816,0.6666836142539978,0.6666836142539978,0.6666836142539978,0.6666836142539978,0.6666836142539978,0.6666836142539978,0.6666836142539978,0.666734516620636,0.6666836142539978,0.666734516620636,0.6666836142539978,0.6666836142539978,0.6666836142539978,0.9251044988632202,0.6666836142539978,0.6666836142539978,0.6666836142539978,0.6666836142539978,0.6666836142539978,0.6666836142539978,0.6666836142539978,0.6644959449768066,0.6666836142539978,0.6666836142539978,0.4591362178325653,0.6181724071502686,0.4191485047340393,0.452522873878479,0.6666836142539978,0.666734516620636,0.4129922091960907,0.6686396598815918,0.9128930568695068,0.9295817613601685,0.9291238784790039,0.8988503217697144,0.9283097982406616,0.8916257619857788,0.9276483058929443,nan,21.591644048690796,0.06448016315698624,-8.855084142371185,0.10346884280443192
35,3.001858711242676,0.10535731911659241,0.6923302412033081,0.6666327714920044,0.6666327714920044,0.6666327714920044,0.6666157841682434,0.6666327714920044,0.6666327714920044,0.6666327714920044,0.6666327714920044,0.6666327714920044,0.6666327714920044,0.6666327714920044,0.6666327714920044,0.6666327714920044,0.6666327714920044,0.6666327714920044,0.6666327714920044,0.6666327714920044,0.9257657527923584,0.6666327714920044,0.6666327714920044,0.6666327714920044,0.6666327714920044,0.6666327714920044,0.6666327714920044,0.6666327714920044,0.6666327714920044,0.6666327714920044,0.6666327714920044,0.42723801732063293,0.5773707628250122,0.41019490361213684,0.44484105706214905,0.6666327714920044,0.6666327714920044,0.40892264246940613,0.5653128027915955,0.9137580394744873,0.9282588958740234,0.9270886182785034,0.9032257795333862,0.9263254404067993,0.8995625972747803,0.9258166551589966,nan,22.167245626449585,0.0655149444937706,-9.154096675243782,0.10535731911659241
36,2.9975745677948,0.10933306813240051,0.6891739368438721,0.6666836142539978,0.6666836142539978,0.6666836142539978,0.6666666865348816,0.6666836142539978,0.6666836142539978,0.6666836142539978,0.6666836142539978,0.6666836142539978,0.6666836142539978,0.6666836142539978,0.6666836142539978,0.6666836142539978,0.6666836142539978,0.6666836142539978,0.6666836142539978,0.6666836142539978,0.9240357875823975,0.6666836142539978,0.6666836142539978,0.6666836142539978,0.6666836142539978,0.6666836142539978,0.6666836142539978,0.6644959449768066,0.6666836142539978,0.6666836142539978,0.6666836142539978,0.4127388894557953,0.5255292654037476,0.40678656101226807,0.4315628409385681,0.6666836142539978,0.6666836142539978,0.3969164490699768,0.5281744003295898,0.9146230220794678,0.9263254404067993,0.9253587126731873,0.9059224724769592,0.924544632434845,0.9044469594955444,0.9220516681671143,nan,22.200925827026367,0.06681762635707855,-9.448769547690242,0.10933306813240051
37,3.0235612392425537,0.10148096829652786,0.69001305103302,0.6661750078201294,0.6640892028808594,0.6642417907714844,0.6685490608215332,0.6686170697212219,0.6597647666931152,0.6664294004440308,0.6619523763656616,0.6642417907714844,0.650810718536377,0.6686170697212219,0.6686170697212219,0.6664294004440308,0.6686170697212219,0.6686170697212219,0.6597647666931152,0.6685153245925903,0.8984452486038208,0.6575771570205688,0.6686170697212219,0.6620032787322998,0.6598665714263916,0.6664294004440308,0.6619523763656616,0.6619523763656616,0.6575771570205688,0.6642417907714844,0.6686170697212219,0.4567963778972626,0.5774214267730713,0.4306465685367584,0.4554228186607361,0.6664294004440308,0.662054181098938,0.4068368077278137,0.5934467315673828,0.9060755372047424,0.9225603342056274,0.9215935468673706,0.898952305316925,0.9165568351745605,0.8634411096572876,0.9071449041366577,nan,22.30268621444702,0.06192481890320778,-9.509876993230698,0.10148096829652786
38,3.0285274982452393,0.08935493230819702,0.6974305510520935,0.6651574373245239,0.6673450469970703,0.6652083396911621,0.6607885360717773,0.6652083396911621,0.663020670413971,0.6673959493637085,0.6673450469970703,0.6652083396911621,0.6607821583747864,0.6673959493637085,0.6653100848197937,0.6673959493637085,0.6674976944923401,0.6652083396911621,0.6629698276519775,0.663020670413971,0.8909662961959839,0.6586453914642334,0.6652083396911621,0.6608330011367798,0.663020670413971,0.663020670413971,0.6608330011367798,0.6673959493637085,0.65859454870224,0.6652083396911621,0.6674976944923401,0.4591360092163086,0.6280922889709473,0.4799438416957855,0.5191687941551208,0.6673959493637085,0.6652083396911621,0.43980348110198975,0.7550756335258484,0.9004788994789124,0.9122831225395203,0.9182354807853699,0.8893872499465942,0.917675793170929,0.853825032711029,0.8999712467193604,nan,22.320613384246826,0.051186688244342804,-9.451961812318029,0.08935493230819702
39,2.992732286453247,0.0997912734746933,0.6907029747962952,0.6646994948387146,0.6668871641159058,0.6668871641159058,0.6668701767921448,0.6668871641159058,0.6668871641159058,0.6668871641159058,0.6668871641159058,0.6668871641159058,0.6646994948387146,0.6668871641159058,0.6669380068778992,0.6668871641159058,0.6669889092445374,0.6668871641159058,0.6646994948387146,0.6668871641159058,0.9126901626586914,0.6668871641159058,0.6668871641159058,0.6668871641159058,0.6668871641159058,0.6668871641159058,0.6668871641159058,0.6668871641159058,0.6646994948387146,0.6646994948387146,0.6668871641159058,0.4233208894729614,0.5228834748268127,0.41685977578163147,0.4411781132221222,0.6668871641159058,0.6668871641159058,0.41446858644485474,0.5968555212020874,0.9112650752067566,0.9208812713623047,0.9203215837478638,0.9057700634002686,0.9197109937667847,0.8914737701416016,0.9192531108856201,nan,22.004427671432495,0.06054069101810455,-9.948988665857629,0.0997912734746933
40,2.9873530864715576,0.10505913943052292,0.6875131130218506,0.6668362617492676,0.6668362617492676,0.6668362617492676,0.6646224856376648,0.6668362617492676,0.6668362617492676,0.6668362617492676,0.6668362617492676,0.6668362617492676,0.6646486520767212,0.6668362617492676,0.6668362617492676,0.6668362617492676,0.6668362617492676,0.6668362617492676,0.6668362617492676,0.6646486520767212,0.9158952236175537,0.6668362617492676,0.6668362617492676,0.6668362617492676,0.6668362617492676,0.6668362617492676,0.6668362617492676,0.6668362617492676,0.6668362617492676,0.6668362617492676,0.6668362617492676,0.41223031282424927,0.49022185802459717,0.41253557801246643,0.4258140027523041,0.6646486520767212,0.6668362617492676,0.42037028074264526,0.49907395243644714,0.9135036468505859,0.9192022085189819,0.9189987182617188,0.9100946187973022,0.9184390306472778,0.9071435928344727,0.9158952236175537,nan,22.53912878036499,0.06657335162162781,-10.253723183963565,0.10505913943052292

41,2.98537278175354,0.10237550735473633,0.6863816976547241,0.6669380068778992,0.6669380068778992,0.6669380068778992,0.6647242307662964,0.6669380068778992,0.6669380068778992,0.6669380068778992,0.6647503972053528,0.6647503972053528,0.6625118851661682,0.6669380068778992,0.6669380068778992,0.6669380068778992,0.6669380068778992,0.6669380068778992,0.6647503972053528,0.6669380068778992,0.9116725921630859,0.6625627279281616,0.6669380068778992,0.6669380068778992,0.6669380068778992,0.6669380068778992,0.6669380068778992,0.6669380068778992,0.6669380068778992,0.6669380068778992,0.6669380068778992,0.4222019612789154,0.4742472171783447,0.42271074652671814,0.4207775294780731,0.6669380068778992,0.6669380068778992,0.41446882486343384,0.4905271530151367,0.9148774147033691,0.9187951683998108,0.9187442660331726,0.9091281294822693,0.9183881282806396,0.8843516111373901,0.9160478115081787,nan,21.843343257904053,0.06205100938677788,-10.506407287388361,0.10237550735473633
42,2.9854300022125244,0.10227611660957336,0.6861262321472168,0.6671415567398071,0.6671415567398071,0.664953887462616,0.6671245098114014,0.6671415567398071,0.6671415567398071,0.6671415567398071,0.664953887462616,0.6671415567398071,0.664953887462616,0.6671415567398071,0.6671415567398071,0.6671415567398071,0.6671415567398071,0.6671415567398071,0.6627662777900696,0.6671415567398071,0.9177775382995605,0.664953887462616,0.6627662777900696,0.664953887462616,0.664953887462616,0.6671415567398071,0.6671415567398071,0.6627662777900696,0.664953887462616,0.6671415567398071,0.6671415567398071,0.42657721042633057,0.46330904960632324,0.4094831943511963,0.43141040205955505,0.6671415567398071,0.6671415567398071,0.4193020164966583,0.47597694396972656,0.9096371531486511,0.918642520904541,0.9184898734092712,0.9053634405136108,0.9160478115081787,0.9034808874130249,0.9155899286270142,nan,22.0071918964386,0.060794979333877563,-10.716431894426542,0.10227611660957336
43,2.9775609970092773,0.10287247598171234,0.6854836940765381,0.6668871641159058,0.6668871641159058,0.6670397520065308,0.6648260354995728,0.6670397520065308,0.6670397520065308,0.6670397520065308,0.6648521423339844,0.6648521423339844,0.6668871641159058,0.6670397520065308,0.6670397520065308,0.6670397520065308,0.6670397520065308,0.6670397520065308,0.6670397520065308,0.6648521423339844,0.9152846336364746,0.6648521423339844,0.6670397520065308,0.6670397520065308,0.6670397520065308,0.6670397520065308,0.662664532661438,0.6670397520065308,0.6648521423339844,0.6670397520065308,0.6670397520065308,0.4162496328353882,0.4576619863510132,0.410093754529953,0.4187425374984741,0.6670397520065308,0.6670397520065308,0.4095340967178345,0.46590372920036316,0.9145721197128296,0.9179810285568237,0.9177266359329224,0.9126895666122437,0.9176249504089355,0.9065334796905518,0.9153355360031128,nan,21.84445309638977,0.0636618509888649,-11.030268586946166,0.10287247598171234
44,2.974172830581665,0.10068581998348236,0.6847185492515564,0.667090654373169,0.667090654373169,0.6649030447006226,0.667073667049408,0.667090654373169,0.6649030447006226,0.667090654373169,0.667090654373169,0.667090654373169,0.6649030447006226,0.667090654373169,0.6649030447006226,0.667090654373169,0.667090654373169,0.667090654373169,0.6649030447006226,0.667090654373169,0.9131479263305664,0.667090654373169,0.667090654373169,0.667090654373169,0.667090654373169,0.667090654373169,0.6649030447006226,0.6627154350280762,0.6649030447006226,0.667090654373169,0.667090654373169,0.40897464752197266,0.4392453134059906,0.4094325602054596,0.40719401836395264,0.667090654373169,0.667090654373169,0.4045484960079193,0.47155100107192993,0.9157423377037048,0.9179810285568237,0.9178793430328369,0.9120283126831055,0.9176249504089355,0.9107054471969604,0.9175740480422974,nan,21.793006896972656,0.06327462941408157,-11.256465953193333,0.10068581998348236

45,2.9677844047546387,0.09879733622074127,0.6837823987007141,0.6666836142539978,0.6666836142539978,0.6666836142539978,0.6666666865348816,0.6666836142539978,0.6666836142539978,0.6666836142539978,0.6644959449768066,0.6666836142539978,0.6666836142539978,0.6666836142539978,0.6666836142539978,0.6666836142539978,0.6666836142539978,0.6666836142539978,0.6666836142539978,0.6666836142539978,0.9149793386459351,0.6666836142539978,0.6666836142539978,0.6666836142539978,0.6666836142539978,0.6666836142539978,0.6666836142539978,0.6666836142539978,0.6666836142539978,0.6666836142539978,0.6666836142539978,0.40571874380111694,0.4229145050048828,0.4102466404438019,0.4100431203842163,0.6666836142539978,0.6666836142539978,0.4054134488105774,0.4379735291004181,0.916149377822876,0.9173704981803894,0.9172178506851196,0.9151826500892639,0.9172178506851196,0.9099932909011841,0.917116105556488,nan,22.152104377746582,0.06292559206485748,-11.640410159859574,0.09879733622074127
46,2.963000535964966,0.09641188383102417,0.6831652522087097,0.6666327714920044,0.6666327714920044,0.6666327714920044,0.6666157841682434,0.6666327714920044,0.6666327714920044,0.6666327714920044,0.6666327714920044,0.6666327714920044,0.6666327714920044,0.6666327714920044,0.6666327714920044,0.6666327714920044,0.6666327714920044,0.6666327714920044,0.6666327714920044,0.6666327714920044,0.9167090654373169,0.6666327714920044,0.6666327714920044,0.6666327714920044,0.6666327714920044,0.6666327714920044,0.6666327714920044,0.6666327714920044,0.6666327714920044,0.6666327714920044,0.6666327714920044,0.4061766564846039,0.40836426615715027,0.4040398895740509,0.40846604108810425,0.6666327714920044,0.6666327714920044,0.4061766564846039,0.4257127046585083,0.916149377822876,0.9169125556945801,0.9168617129325867,0.9158949851989746,0.9167090654373169,0.9154371023178101,0.9167090654373169,nan,22.32163715362549,0.0626201257109642,-11.988822770561853,0.09641188383102417
47,2.959152936935425,0.09531855583190918,0.6829849481582642,0.6666836142539978,0.6666836142539978,0.6644959449768066,0.6666666865348816,0.6666836142539978,0.6666836142539978,0.6666836142539978,0.6666836142539978,0.6666836142539978,0.6666836142539978,0.666734516620636,0.666734516620636,0.6666836142539978,0.666734516620636,0.6666836142539978,0.6666836142539978,0.6666836142539978,0.9167090654373169,0.6666836142539978,0.6666836142539978,0.6666836142539978,0.6666836142539978,0.6666836142539978,0.6666836142539978,0.6666836142539978,0.6666836142539978,0.6666836142539978,0.666734516620636,0.40638017654418945,0.40851691365242004,0.4042434096336365,0.4041925370693207,0.6666836142539978,0.6666836142539978,0.40632930397987366,0.4215409457683563,0.9162511825561523,0.9168617129325867,0.9168108701705933,0.9160476326942444,0.9167599678039551,0.9157931804656982,0.9167090654373169,nan,22.038734436035156,0.061592668294906616,-12.313138384904814,0.09531855583190918
48,2.9555349349975586,0.09502037614583969,0.6828924417495728,0.6666836142539978,0.6666836142539978,0.6666836142539978,0.6666666865348816,0.6666836142539978,0.6666836142539978,0.6666836142539978,0.6666836142539978,0.6666836142539978,0.6666836142539978,0.6666836142539978,0.6666836142539978,0.6666836142539978,0.6666836142539978,0.6666836142539978,0.6666836142539978,0.6666836142539978,0.9166073203086853,0.6666836142539978,0.6666836142539978,0.6666836142539978,0.6666836142539978,0.6666836142539978,0.6666836142539978,0.6666836142539978,0.6644959449768066,0.6666836142539978,0.6666836142539978,0.40648195147514343,0.40638017654418945,0.40439605712890625,0.40429428219795227,0.6666836142539978,0.6666836142539978,0.40643104910850525,0.4195059835910797,0.9163528680801392,0.9167599678039551,0.9167599678039551,0.9160984754562378,0.9166581630706787,0.9160476326942444,0.9166073203086853,nan,21.786681413650513,0.060931816697120667,-12.638098418434172,0.09502037614583969
49,2.9733924865722656,0.0915415957570076,0.6837130784988403,0.6672433018684387,0.6672433018684387,0.6672942042350769,0.6650803685188293,0.6672942042350769,0.6628680229187012,0.6651065349578857,0.6651065349578857,0.6672942042350769,0.6672433018684387,0.6672942042350769,0.6673450469970703,0.6672942042350769,0.6673959493637085,0.6651065349578857,0.6650556325912476,0.6672942042350769,0.9124355316162109,0.6607312560081482,0.6629189252853394,0.6651065349578857,0.6651065349578857,0.6672942042350769,0.6607312560081482,0.6651065349578857,0.6651065349578857,0.6672942042350769,0.6652083396911621,0.41126400232315063,0.4374138414859772,0.4113149046897888,0.4155884087085724,0.6672942042350769,0.6672942042350769,0.4068887531757355,0.45867958664894104,0.9105020761489868,0.9149793386459351,0.9149793386459351,0.9121300578117371,0.917116105556488,0.9051092863082886,0.9101970195770264,nan,21.90894651412964,0.054676465690135956,-12.656009529613499,0.0915415957570076
50,2.9623100757598877,0.10237550735473633,0.6846191883087158,0.6669889092445374,0.6669889092445374,0.6669889092445374,0.6669719219207764,0.6669889092445374,0.6669889092445374,0.6669889092445374,0.6648012399673462,0.6669889092445374,0.6626136302947998,0.6669889092445374,0.6669889092445374,0.6669889092445374,0.6669889092445374,0.6669889092445374,0.6648012399673462,0.6669889092445374,0.9039903283119202,0.6669889092445374,0.6669889092445374,0.6669889092445374,0.6669889092445374,0.6669889092445374,0.6648012399673462,0.6648012399673462,0.6669889092445374,0.6669889092445374,0.6669889092445374,0.4067361056804657,0.4237792491912842,0.4068378806114197,0.4027169942855835,0.6648012399673462,0.6626136302947998,0.4044976234436035,0.5102160573005676,0.9127914905548096,0.9173704981803894,0.9173704981803894,0.9099423885345459,0.9172687530517578,0.9115195274353027,0.917116105556488,nan,21.796253204345703,0.06264997273683548,-12.676377262608003,0.10237550735473633

51,2.9557085037231445,0.10356823354959488,0.683525800704956,0.6669889092445374,0.6669380068778992,0.6648012399673462,0.6669719219207764,0.6669889092445374,0.6648012399673462,0.6669889092445374,0.6648012399673462,0.6648012399673462,0.6647503972053528,0.6669889092445374,0.6669889092445374,0.6669889092445374,0.6669889092445374,0.6669889092445374,0.6669889092445374,0.6669889092445374,0.911112904548645,0.6648012399673462,0.6648012399673462,0.6669889092445374,0.6669889092445374,0.6669889092445374,0.6669889092445374,0.6669889092445374,0.6648012399673462,0.6669889092445374,0.6669889092445374,0.40582048892974854,0.42942652106285095,0.4059222638607025,0.40378549695014954,0.6669889092445374,0.6669889092445374,0.40363284945487976,0.4574078321456909,0.9112653136253357,0.9181846380233765,0.9181846380233765,0.9132493734359741,0.9180319309234619,0.9040409326553345,0.9133005142211914,nan,22.20404553413391,0.06308216601610184,-13.113507182753805,0.10356823354959488
52,2.958439826965332,0.10585428774356842,0.6834206581115723,0.6628171801567078,0.6650047898292542,0.6650556325912476,0.6671754121780396,0.6672433018684387,0.6650047898292542,0.6650556325912476,0.6672433018684387,0.6650556325912476,0.6671924591064453,0.6672433018684387,0.6672433018684387,0.6672433018684387,0.6650556325912476,0.6672433018684387,0.6650047898292542,0.6672433018684387,0.9091796875,0.6606295108795166,0.6672433018684387,0.6672433018684387,0.6672433018684387,0.6672433018684387,0.6671924591064453,0.6672433018684387,0.6650556325912476,0.6672433018684387,0.6628680229187012,0.41045016050338745,0.4271371364593506,0.408618688583374,0.40846604108810425,0.6672433018684387,0.6672433018684387,0.40571874380111694,0.46819332242012024,0.9156914949417114,0.9164549112319946,0.9185916185379028,0.9062795042991638,0.9181846380233765,0.8951886892318726,0.9091287851333618,nan,21.625831604003906,0.06669727712869644,-13.230760226085236,0.10585428774356842
53,2.9473538398742676,0.10933306813240051,0.6833236217498779,0.6669380068778992,0.6669380068778992,0.6669380068778992,0.6647242307662964,0.6669380068778992,0.6669380068778992,0.6669380068778992,0.6669380068778992,0.6669380068778992,0.6647503972053528,0.6669380068778992,0.6669380068778992,0.6647503972053528,0.6669380068778992,0.6669380068778992,0.6647503972053528,0.6669380068778992,0.9127408266067505,0.6669380068778992,0.6669380068778992,0.6647503972053528,0.6669380068778992,0.6669380068778992,0.6669380068778992,0.6669380068778992,0.6625627279281616,0.6669380068778992,0.6669380068778992,0.4039890170097351,0.40582048892974854,0.40632930397987366,0.4040398895740509,0.6669380068778992,0.6669380068778992,0.4039890170097351,0.4623936414718628,0.9156405925750732,0.9173704981803894,0.917319655418396,0.9133002758026123,0.9171669483184814,0.908772349357605,0.9149284362792969,nan,22.460017442703247,0.07002681493759155,-13.751067705744957,0.10933306813240051
54,2.942270517349243,0.10933306813240051,0.6833120584487915,0.6668871641159058,0.6668871641159058,0.6668871641159058,0.6668701767921448,0.6669380068778992,0.6646994948387146,0.6668871641159058,0.6668871641159058,0.6668871641159058,0.6668871641159058,0.6669380068778992,0.6669380068778992,0.6669380068778992,0.6669380068778992,0.6668871641159058,0.6646994948387146,0.6668871641159058,0.9148266911506653,0.6646994948387146,0.6668871641159058,0.6668871641159058,0.6668871641159058,0.6669380068778992,0.6668871641159058,0.6668871641159058,0.6668871641159058,0.6669380068778992,0.6669380068778992,0.40643104910850525,0.4062275290489197,0.406583696603775,0.40439605712890625,0.6625627279281616,0.6668871641159058,0.40653282403945923,0.4452487528324127,0.9160476326942444,0.9172178506851196,0.9172178506851196,0.91365647315979,0.9171669483184814,0.9114179611206055,0.9170143604278564,nan,22.10315752029419,0.07087569683790207,-14.130749452873603,0.10933306813240051
55,2.9396886825561523,0.10436338186264038,0.6828855276107788,0.6667853593826294,0.6667853593826294,0.6667853593826294,0.6667684316635132,0.6667853593826294,0.6667853593826294,0.6667853593826294,0.6667853593826294,0.6667853593826294,0.6667853593826294,0.6667853593826294,0.6667853593826294,0.6667853593826294,0.664597749710083,0.6667853593826294,0.6667853593826294,0.6667853593826294,0.9171669483184814,0.6667853593826294,0.6667853593826294,0.664597749710083,0.6667853593826294,0.6667853593826294,0.6667853593826294,0.6667853593826294,0.664597749710083,0.6667853593826294,0.664597749710083,0.406685471534729,0.4087204337120056,0.404548704624176,0.4045995771884918,0.6667853593826294,0.6667853593826294,0.40449780225753784,0.4258653223514557,0.9163528680801392,0.9172687530517578,0.917319655418396,0.9139617681503296,0.9171669483184814,0.913809061050415,0.9148775935173035,nan,22.226993560791016,0.06759495288133621,-14.400636227653889,0.10436338186264038
56,2.934720516204834,0.10038763284683228,0.6828185319900513,0.6666327714920044,0.6666327714920044,0.6666327714920044,0.6666157841682434,0.6666327714920044,0.6666327714920044,0.6666327714920044,0.6666327714920044,0.6666327714920044,0.6666327714920044,0.6666327714920044,0.6666327714920044,0.6666327714920044,0.6666327714920044,0.6666327714920044,0.6666327714920044,0.6666327714920044,0.9167599678039551,0.6666327714920044,0.6666327714920044,0.6666327714920044,0.6666327714920044,0.6666327714920044,0.6666327714920044,0.6666327714920044,0.6666327714920044,0.6666327714920044,0.6666327714920044,0.404548704624176,0.404548704624176,0.404548704624176,0.404548704624176,0.6666327714920044,0.6666327714920044,0.404548704624176,0.4196586012840271,0.9164037704467773,0.9169125556945801,0.9169125556945801,0.9163020253181458,0.9168617129325867,0.9162002801895142,0.9167599678039551,nan,21.857849597930908,0.06614913791418076,-14.839489437763383,0.10038763284683228
57,2.9317047595977783,0.10187853872776031,0.6827295422554016,0.6666327714920044,0.6666327714920044,0.6666327714920044,0.6666157841682434,0.6666327714920044,0.6666327714920044,0.6666327714920044,0.6666327714920044,0.6666327714920044,0.6666327714920044,0.6666327714920044,0.6666327714920044,0.6666327714920044,0.6666327714920044,0.6666327714920044,0.6666327714920044,0.6666327714920044,0.9167599678039551,0.6666327714920044,0.6666327714920044,0.6666327714920044,0.6666327714920044,0.6666327714920044,0.6666327714920044,0.6666327714920044,0.6666327714920044,0.6666327714920044,0.6666327714920044,0.4045995771884918,0.404548704624176,0.4046504497528076,0.4046504497528076,0.6666327714920044,0.6666327714920044,0.4045995771884918,0.41538509726524353,0.9164546728134155,0.9168617129325867,0.9168617129325867,0.9164037704467773,0.9168108701705933,0.9163528680801392,0.9167599678039551,nan,22.110100507736206,0.06793396174907684,-15.19581901642049,0.10187853872776031
58,2.929001569747925,0.10098399966955185,0.6826833486557007,0.6666327714920044,0.6666327714920044,0.6666327714920044,0.6666157841682434,0.6666327714920044,0.6666327714920044,0.6666327714920044,0.6666327714920044,0.6666327714920044,0.6666327714920044,0.6666327714920044,0.6666327714920044,0.6666327714920044,0.6666327714920044,0.6666327714920044,0.6666327714920044,0.6666327714920044,0.9167090654373169,0.6666327714920044,0.6666327714920044,0.6666327714920044,0.6666327714920044,0.6666327714920044,0.6666327714920044,0.6666327714920044,0.6666327714920044,0.6666327714920044,0.6666327714920044,0.4045995771884918,0.4045995771884918,0.4047013223171234,0.4046504497528076,0.6666327714920044,0.6666327714920044,0.4045995771884918,0.41329923272132874,0.9165055751800537,0.9168108701705933,0.9168617129325867,0.9164546728134155,0.9167599678039551,0.9164546728134155,0.9167090654373169,nan,21.79942774772644,0.06722371280193329,-15.537144174775811,0.10098399966955185
59,2.9263532161712646,0.10118278861045837,0.682640552520752,0.6666327714920044,0.6666327714920044,0.6666327714920044,0.6666157841682434,0.6666327714920044,0.6666327714920044,0.6666327714920044,0.6666327714920044,0.6666327714920044,0.6666327714920044,0.6666327714920044,0.6666327714920044,0.6666327714920044,0.6666327714920044,0.6666327714920044,0.6666327714920044,0.6666327714920044,0.9167090654373169,0.6666327714920044,0.6666327714920044,0.6666327714920044,0.6666327714920044,0.6666327714920044,0.6666327714920044,0.6666327714920044,0.6666327714920044,0.6666327714920044,0.6666327714920044,0.4047522246837616,0.4047013223171234,0.4047522246837616,0.4047013223171234,0.6666327714920044,0.6666327714920044,0.4047013223171234,0.41116249561309814,0.9165564179420471,0.9167090654373169,0.9167090654373169,0.9165055751800537,0.9167090654373169,0.9165055751800537,0.9167090654373169,nan,21.780344009399414,0.06777976453304291,-15.886344300742037,0.10118278861045837
60,2.923879623413086,0.10197793692350388,0.682637095451355,0.6666327714920044,0.6666327714920044,0.6666327714920044,0.6666157841682434,0.6666327714920044,0.6666327714920044,0.6666327714920044,0.6666327714920044,0.6666327714920044,0.6666327714920044,0.6666327714920044,0.6666327714920044,0.6666327714920044,0.6666327714920044,0.6666327714920044,0.6666327714920044,0.6666327714920044,0.9166581630706787,0.6666327714920044,0.6666327714920044,0.6666327714920044,0.6666327714920044,0.6666327714920044,0.6666327714920044,0.6666327714920044,0.6666327714920044,0.6666327714920044,0.6666327714920044,0.4047522246837616,0.4047013223171234,0.4047522246837616,0.4047013223171234,0.6666327714920044,0.6666327714920044,0.4047013223171234,0.41116249561309814,0.9165055751800537,0.9167090654373169,0.9167090654373169,0.9165055751800537,0.9167090654373169,0.9165055751800537,0.9166581630706787,nan,21.784332752227783,0.06841738522052765,-16.239430043749728,0.10197793692350388

61,2.9261209964752197,0.10267368704080582,0.682819664478302,0.6670397520065308,0.6670397520065308,0.6670397520065308,0.6670228242874146,0.6670397520065308,0.662664532661438,0.6670397520065308,0.6648521423339844,0.6670397520065308,0.6604768633842468,0.6670397520065308,0.6670397520065308,0.6670397520065308,0.6670397520065308,0.6670397520065308,0.6670397520065308,0.6670397520065308,0.9171669483184814,0.6648521423339844,0.6670397520065308,0.6670397520065308,0.6670397520065308,0.6670397520065308,0.6648521423339844,0.6670397520065308,0.6670397520065308,0.6670397520065308,0.6670397520065308,0.404904842376709,0.40704160928726196,0.40495574474334717,0.4048539698123932,0.6670397520065308,0.6648521423339844,0.404904842376709,0.42820560932159424,0.9164037704467773,0.917472243309021,0.9175231456756592,0.9162002801895142,0.9174214005470276,0.9095864295959473,0.9171669483184814,nan,21.852006196975708,0.06803859770298004,-16.478912028957346,0.10267368704080582
62,2.9234158992767334,0.10833913087844849,0.6830577850341797,0.664953887462616,0.6671415567398071,0.6671415567398071,0.6671245098114014,0.6671415567398071,0.664953887462616,0.6671415567398071,0.664953887462616,0.6671415567398071,0.6671415567398071,0.6671415567398071,0.6671415567398071,0.6671415567398071,0.6671415567398071,0.6671415567398071,0.6671415567398071,0.6671415567398071,0.9150811433792114,0.664953887462616,0.6671415567398071,0.6671415567398071,0.664953887462616,0.6671415567398071,0.6627662777900696,0.6671415567398071,0.6627662777900696,0.6671415567398071,0.664953887462616,0.4068889915943146,0.4045995771884918,0.40505748987197876,0.404904842376709,0.6671415567398071,0.6671415567398071,0.4048030972480774,0.436599999666214,0.9160984754562378,0.9175231456756592,0.9175231456756592,0.9158949851989746,0.9174214005470276,0.9137073755264282,0.9172178506851196,nan,22.209588289260864,0.06855911761522293,-16.67811647943516,0.10833913087844849
63,2.976545572280884,0.10008945316076279,0.6814744472503662,0.6671415567398071,0.664953887462616,0.6671924591064453,0.6627309322357178,0.6608330011367798,0.6627662777900696,0.6652083396911621,0.6606295108795166,0.6672942042350769,0.6605786085128784,0.6673959493637085,0.6608330011367798,0.6673959493637085,0.6673959493637085,0.6652083396911621,0.6627662777900696,0.6651065349578857,0.883436918258667,0.6605786085128784,0.664953887462616,0.6606295108795166,0.663020670413971,0.6673959493637085,0.658390998840332,0.6607312560081482,0.6606295108795166,0.6608330011367798,0.6673959493637085,0.4203709363937378,0.4217953383922577,0.40592247247695923,0.40571895241737366,0.6629189252853394,0.6652083396911621,0.4144185781478882,0.49988844990730286,0.9104512333869934,0.9144198894500732,0.9188969135284424,0.9058215618133545,0.9186934232711792,0.8860310912132263,0.8965626955032349,nan,22.109111547470093,0.06596899032592773,-16.316939775280943,0.10008945316076279
64,2.9615728855133057,0.09800218790769577,0.6839488744735718,0.6662256717681885,0.6596627831459045,0.6663274765014648,0.6662596464157104,0.6641398072242737,0.6640380620956421,0.6663274765014648,0.6597645282745361,0.6663274765014648,0.6640380620956421,0.6663274765014648,0.6663274765014648,0.6663274765014648,0.6663274765014648,0.6663274765014648,0.6640380620956421,0.6663274765014648,0.903125524520874,0.6596627831459045,0.6662256717681885,0.6597645282745361,0.6619521975517273,0.6663274765014648,0.6596627831459045,0.6663274765014648,0.6619521975517273,0.6641398072242737,0.6663274765014648,0.4164024889469147,0.4256616234779358,0.4073469042778015,0.40790659189224243,0.6663274765014648,0.6663274765014648,0.40719425678253174,0.588360071182251,0.904956579208374,0.9082131385803223,0.9192022085189819,0.9000216722488403,0.9188460111618042,0.8844029307365417,0.8943241834640503,nan,22.216834545135498,0.06534464657306671,-16.28819142500765,0.09800218790769577
65,2.9262123107910156,0.10714640468358994,0.6834934949874878,0.666734516620636,0.666734516620636,0.6667853593826294,0.666717529296875,0.6668362617492676,0.6645468473434448,0.6667853593826294,0.6623592376708984,0.6667853593826294,0.666734516620636,0.6668362617492676,0.6668362617492676,0.6668362617492676,0.6668362617492676,0.6667853593826294,0.6645468473434448,0.6667853593826294,0.9069411754608154,0.6623592376708984,0.666734516620636,0.666734516620636,0.6667853593826294,0.6668362617492676,0.666734516620636,0.6667853593826294,0.666734516620636,0.6667853593826294,0.664597749710083,0.4048030972480774,0.4083133935928345,0.4056680500507355,0.4055663049221039,0.6667853593826294,0.6667853593826294,0.4055154025554657,0.4773000180721283,0.9157423377037048,0.9181846380233765,0.9182354807853699,0.9135038256645203,0.9181337356567383,0.9024639129638672,0.9155899286270142,nan,21.891539812088013,0.07276114076375961,-17.04163145234601,0.10714640468358994
66,2.9196243286132812,0.11161912232637405,0.6833166480064392,0.664597749710083,0.6667853593826294,0.6668362617492676,0.6668192744255066,0.6668362617492676,0.6667853593826294,0.6668362617492676,0.6668362617492676,0.6668362617492676,0.664597749710083,0.6668362617492676,0.6668362617492676,0.6646486520767212,0.6668362617492676,0.6668362617492676,0.6667853593826294,0.6668362617492676,0.9150302410125732,0.6624101400375366,0.6624101400375366,0.6668362617492676,0.6668362617492676,0.6668362617492676,0.6667853593826294,0.6668362617492676,0.6668362617492676,0.6668362617492676,0.6668362617492676,0.4047522246837616,0.4040907621383667,0.40526100993156433,0.40505748987197876,0.6668362617492676,0.6668362617492676,0.40505748987197876,0.4581201374530792,0.9157931804656982,0.9173704981803894,0.9173704981803894,0.9133511781692505,0.917319655418396,0.9111126661300659,0.9172178506851196,nan,21.700332403182983,0.07460220158100128,-17.41184904892655,0.11161912232637405
67,2.9167628288269043,0.11082397401332855,0.6835235357284546,0.6667853593826294,0.6667853593826294,0.6667853593826294,0.6667684316635132,0.6668362617492676,0.6667853593826294,0.6667853593826294,0.6624101400375366,0.6667853593826294,0.6667853593826294,0.6668362617492676,0.6668362617492676,0.6668362617492676,0.6668362617492676,0.6668362617492676,0.6667853593826294,0.6667853593826294,0.9151828289031982,0.664597749710083,0.6667853593826294,0.664597749710083,0.6667853593826294,0.6668362617492676,0.6667853593826294,0.6667853593826294,0.6667853593826294,0.6668362617492676,0.6668362617492676,0.40714338421821594,0.40449780225753784,0.4056171774864197,0.4055154025554657,0.6667853593826294,0.6667853593826294,0.4054136574268341,0.45379576086997986,0.9136055707931519,0.9176249504089355,0.917675793170929,0.9134529232978821,0.917472243309021,0.9154879450798035,0.9174214005470276,nan,22.14483666419983,0.07183825969696045,-17.73677504023552,0.11082397401332855
68,2.9117701053619385,0.1112215518951416,0.6831988096237183,0.6666327714920044,0.6666327714920044,0.6666327714920044,0.6666157841682434,0.6666327714920044,0.6666327714920044,0.6666327714920044,0.6666327714920044,0.6666327714920044,0.6666327714920044,0.6666327714920044,0.6666327714920044,0.6666327714920044,0.6666327714920044,0.6666327714920044,0.6666327714920044,0.6666327714920044,0.9166073203086853,0.6666327714920044,0.6666327714920044,0.6666327714920044,0.6666327714920044,0.6666327714920044,0.6666327714920044,0.6666327714920044,0.6666327714920044,0.6666327714920044,0.6666327714920044,0.4046504497528076,0.404548704624176,0.4048539698123932,0.40495574474334717,0.6666327714920044,0.6666327714920044,0.4047013223171234,0.4367526173591614,0.9160476326942444,0.9167599678039551,0.9167599678039551,0.9159967303276062,0.9166581630706787,0.9159458875656128,0.9166073203086853,nan,21.93420648574829,0.0743275061249733,-18.208672122634933,0.1112215518951416
69,2.909451961517334,0.11052579432725906,0.6831952929496765,0.6666327714920044,0.6666327714920044,0.6666327714920044,0.6666157841682434,0.6666327714920044,0.6666327714920044,0.6666327714920044,0.6666327714920044,0.6666327714920044,0.6666327714920044,0.6666327714920044,0.6666327714920044,0.6666327714920044,0.6666327714920044,0.6666327714920044,0.6666327714920044,0.6666327714920044,0.9166581630706787,0.6666327714920044,0.6666327714920044,0.6666327714920044,0.6666327714920044,0.6666327714920044,0.6666327714920044,0.6666327714920044,0.6666327714920044,0.6666327714920044,0.6666327714920044,0.4047013223171234,0.4047013223171234,0.40515926480293274,0.40515926480293274,0.6666327714920044,0.6666327714920044,0.4048539698123932,0.4346667528152466,0.9162511825561523,0.9169125556945801,0.9169125556945801,0.9162002801895142,0.9168108701705933,0.9160984754562378,0.9166581630706787,nan,21.98391032218933,0.07355011254549026,-18.545240315963493,0.11052579432725906
70,2.9074084758758545,0.1104263961315155,0.6831987500190735,0.6666327714920044,0.6666327714920044,0.6666327714920044,0.6666157841682434,0.6666327714920044,0.6666327714920044,0.6666327714920044,0.6666327714920044,0.6666327714920044,0.6666327714920044,0.6666327714920044,0.6666327714920044,0.6666327714920044,0.6666327714920044,0.6666327714920044,0.6666327714920044,0.6666327714920044,0.9167090654373169,0.6666327714920044,0.6666327714920044,0.6666327714920044,0.6666327714920044,0.6666327714920044,0.6666327714920044,0.6666327714920044,0.6666327714920044,0.6666327714920044,0.6666327714920044,0.4048539698123932,0.4047522246837616,0.4053118824958801,0.40515926480293274,0.6666327714920044,0.6666327714920044,0.4048539698123932,0.4346667528152466,0.9162511825561523,0.9168108701705933,0.9168617129325867,0.9160984754562378,0.9167599678039551,0.9160984754562378,0.9167090654373169,nan,21.85553503036499,0.07412552833557129,-18.873199690384748,0.1104263961315155

71,2.9054837226867676,0.11032700538635254,0.6832981109619141,0.6666327714920044,0.6666327714920044,0.6666327714920044,0.6666157841682434,0.6666327714920044,0.6666327714920044,0.6666327714920044,0.6666327714920044,0.6666327714920044,0.6666327714920044,0.6666327714920044,0.6666327714920044,0.6666327714920044,0.6666327714920044,0.6666327714920044,0.6666327714920044,0.6666327714920044,0.9166581630706787,0.6666327714920044,0.6666327714920044,0.6666327714920044,0.6666327714920044,0.6666327714920044,0.6666327714920044,0.6666327714920044,0.6666327714920044,0.6666327714920044,0.6666327714920044,0.4048539698123932,0.4047522246837616,0.4054645299911499,0.40521013736724854,0.6666327714920044,0.6666327714920044,0.40505748987197876,0.43894025683403015,0.916149377822876,0.9167599678039551,0.9167599678039551,0.9160984754562378,0.9167090654373169,0.9160984754562378,0.9166581630706787,nan,21.832157850265503,0.07429773360490799,-19.192743722066147,0.11032700538635254
72,2.9035942554473877,0.11092336475849152,0.6835859417915344,0.6666327714920044,0.6666327714920044,0.6666327714920044,0.6666157841682434,0.6666327714920044,0.6666327714920044,0.6666327714920044,0.6666327714920044,0.6666327714920044,0.6666327714920044,0.6666327714920044,0.6666327714920044,0.6666327714920044,0.6666327714920044,0.6666327714920044,0.6666327714920044,0.6666327714920044,0.9167090654373169,0.6666327714920044,0.6666327714920044,0.6666327714920044,0.6666327714920044,0.6666327714920044,0.6666327714920044,0.6666327714920044,0.6666327714920044,0.6666327714920044,0.6666327714920044,0.404904842376709,0.4048030972480774,0.4062786102294922,0.40592247247695923,0.6666327714920044,0.6666327714920044,0.40505748987197876,0.44962403178215027,0.9160984754562378,0.9167599678039551,0.9167599678039551,0.9160984754562378,0.9167599678039551,0.9160984754562378,0.9167090654373169,nan,21.81563639640808,0.07434461265802383,-19.514499368185124,0.11092336475849152
73,2.9017584323883057,0.11102276295423508,0.6840436458587646,0.6666327714920044,0.6666327714920044,0.6666327714920044,0.6666157841682434,0.6666327714920044,0.6666327714920044,0.6666327714920044,0.6666327714920044,0.6666327714920044,0.6666327714920044,0.6666327714920044,0.6666327714920044,0.6666327714920044,0.6666327714920044,0.6666327714920044,0.6666327714920044,0.6666327714920044,0.9167090654373169,0.6666327714920044,0.6666327714920044,0.6666327714920044,0.6666327714920044,0.6666327714920044,0.6666327714920044,0.6666327714920044,0.6666327714920044,0.6666327714920044,0.6666327714920044,0.40515926480293274,0.4048030972480774,0.40928056836128235,0.40724533796310425,0.6666327714920044,0.6666327714920044,0.4054136574268341,0.46458128094673157,0.9160984754562378,0.9167599678039551,0.9167599678039551,0.9160984754562378,0.9167599678039551,0.9159967303276062,0.9167090654373169,nan,21.97616744041443,0.07395324856042862,-19.846008411495056,0.11102276295423508
74,2.8998939990997314,0.11092336475849152,0.6848064064979553,0.6666836142539978,0.6666836142539978,0.6666836142539978,0.6666666865348816,0.6666836142539978,0.6666836142539978,0.6666836142539978,0.6666836142539978,0.6666836142539978,0.6666836142539978,0.6666836142539978,0.6666836142539978,0.6666836142539978,0.6666836142539978,0.6666836142539978,0.6644959449768066,0.6666836142539978,0.9167090654373169,0.6666836142539978,0.6666836142539978,0.6666836142539978,0.6666836142539978,0.6666836142539978,0.6666836142539978,0.6666836142539978,0.6666836142539978,0.6666836142539978,0.6666836142539978,0.4055663049221039,0.4048030972480774,0.417217880487442,0.4116719365119934,0.6666836142539978,0.6666836142539978,0.4062277376651764,0.4859488010406494,0.9157931804656982,0.9167090654373169,0.9167090654373169,0.9157423377037048,0.9167090654373169,0.9156914949417114,0.9167090654373169,nan,21.609721183776855,0.0739343911409378,-20.179096125238825,0.11092336475849152
75,2.8979783058166504,0.1112215518951416,0.6866694688796997,0.6666836142539978,0.6644959449768066,0.6666836142539978,0.6666666865348816,0.6666836142539978,0.6666836142539978,0.6666836142539978,0.6666836142539978,0.6666836142539978,0.6666836142539978,0.6666836142539978,0.6666836142539978,0.6666836142539978,0.6666836142539978,0.6666836142539978,0.6666836142539978,0.6666836142539978,0.9166581630706787,0.6666836142539978,0.6666836142539978,0.6666836142539978,0.6666836142539978,0.6666836142539978,0.6666836142539978,0.6666836142539978,0.6666836142539978,0.6666836142539978,0.6666836142539978,0.4069909453392029,0.404904842376709,0.4280553460121155,0.42062684893608093,0.6666836142539978,0.6666836142539978,0.40917879343032837,0.5436410903930664,0.9153352975845337,0.9166581630706787,0.9167090654373169,0.9153352975845337,0.9166581630706787,0.9154371023178101,0.9166581630706787,nan,22.00302028656006,0.07444831728935242,-20.524618236957682,0.1112215518951416
76,2.920193910598755,0.10843852162361145,0.6872715950012207,0.6648012399673462,0.6648012399673462,0.6671415567398071,0.6670228242874146,0.6671415567398071,0.6648012399673462,0.6671415567398071,0.6648012399673462,0.664953887462616,0.6626136302947998,0.6671924591064453,0.6671415567398071,0.6671415567398071,0.6671924591064453,0.6671415567398071,0.6648012399673462,0.6671415567398071,0.9094849824905396,0.658238410949707,0.6669889092445374,0.6670397520065308,0.6649030447006226,0.6671924591064453,0.662664532661438,0.6649030447006226,0.6648521423339844,0.6671415567398071,0.664953887462616,0.4105525612831116,0.40933123230934143,0.4328889846801758,0.42546045780181885,0.6671415567398071,0.6582892537117004,0.4208812415599823,0.6036227941513062,0.9110109210014343,0.9186934232711792,0.9187442660331726,0.9042953252792358,0.918642520904541,0.9088741540908813,0.9116725921630859,nan,22.09298062324524,0.07120490074157715,-20.123350575102712,0.10843852162361145
77,2.9319584369659424,0.10317065566778183,0.6874160766601562,0.6666836142539978,0.6665818691253662,0.6666836142539978,0.6666666865348816,0.6666836142539978,0.6644959449768066,0.6666836142539978,0.6644959449768066,0.666734516620636,0.6622065901756287,0.6667853593826294,0.666734516620636,0.6645468473434448,0.6667853593826294,0.6666836142539978,0.6666327714920044,0.6666836142539978,0.8940697312355042,0.6557454466819763,0.6623083353042603,0.6666836142539978,0.6644959449768066,0.6667853593826294,0.6601207256317139,0.6644959449768066,0.6601207256317139,0.6666836142539978,0.6645468473434448,0.41050148010253906,0.40592247247695923,0.4193039536476135,0.4241884648799896,0.6623592376708984,0.6666836142539978,0.4235779047012329,0.6840052604675293,0.913300096988678,0.9166584014892578,0.9190495610237122,0.9000725746154785,0.9184898734092712,0.8955446481704712,0.8983432054519653,nan,22.12183713912964,0.06853596866130829,-20.025141235327297,0.10317065566778183
78,2.9032559394836426,0.11052579432725906,0.6888422966003418,0.6666327714920044,0.6666327714920044,0.6666327714920044,0.6666157841682434,0.6666327714920044,0.6666327714920044,0.6666327714920044,0.6666327714920044,0.6666327714920044,0.6666327714920044,0.6666327714920044,0.6666327714920044,0.6666327714920044,0.6666327714920044,0.6666327714920044,0.6666327714920044,0.6666327714920044,0.9110620021820068,0.6644451022148132,0.6666327714920044,0.6666327714920044,0.6666327714920044,0.6666327714920044,0.6666327714920044,0.6644451022148132,0.6644451022148132,0.6666327714920044,0.6666327714920044,0.4076523780822754,0.40571895241737366,0.4340592324733734,0.438180536031723,0.6666327714920044,0.6666327714920044,0.42535871267318726,0.6184274554252625,0.9125370979309082,0.9180828332901001,0.9181337356567383,0.9082127213478088,0.9178793430328369,0.9102476835250854,0.9175740480422974,nan,21.654643535614014,0.07325170189142227,-20.759529408753576,0.11052579432725906
79,2.9033727645874023,0.11191730201244354,0.6909456849098206,0.6668362617492676,0.6668362617492676,0.6668362617492676,0.6668192744255066,0.6668362617492676,0.6668362617492676,0.6668362617492676,0.6646486520767212,0.6668362617492676,0.6646486520767212,0.6668362617492676,0.6668362617492676,0.6668362617492676,0.6668362617492676,0.6668362617492676,0.66246098279953,0.6668362617492676,0.9068393707275391,0.6646486520767212,0.6668362617492676,0.6668362617492676,0.6668362617492676,0.6668362617492676,0.6646486520767212,0.6668362617492676,0.6646486520767212,0.6668362617492676,0.6668362617492676,0.4153352975845337,0.40714359283447266,0.43950340151786804,0.4404701292514801,0.6668362617492676,0.6668362617492676,0.43385571241378784,0.70623779296875,0.914419412612915,0.9184898734092712,0.9184898734092712,0.9055162668228149,0.9183881282806396,0.8990551233291626,0.9134023189544678,nan,22.34188151359558,0.0716400071978569,-21.030250325613853,0.11191730201244354
80,2.9074971675872803,0.10873670876026154,0.6940234303474426,0.6662256717681885,0.6662256717681885,0.6662256717681885,0.666208803653717,0.6662256717681885,0.6618504524230957,0.6662256717681885,0.6662256717681885,0.6662256717681885,0.6662256717681885,0.6662256717681885,0.6662256717681885,0.6662256717681885,0.6662256717681885,0.6662256717681885,0.6662256717681885,0.6662256717681885,0.9090778827667236,0.6662256717681885,0.6640380620956421,0.6662256717681885,0.6662256717681885,0.6662256717681885,0.6662256717681885,0.6618504524230957,0.6662256717681885,0.6662256717681885,0.6662256717681885,0.42535871267318726,0.408924400806427,0.44087716937065125,0.44082629680633545,0.6662256717681885,0.6662256717681885,0.44001221656799316,0.8477722406387329,0.9131983518600464,0.9183372259140015,0.9184898734092712,0.9063301086425781,0.9181337356567383,0.8950867056846619,0.9003273844718933,nan,22.081531286239624,0.07014517486095428,-21.33608597024702,0.10873670876026154

81,2.894787549972534,0.11251366883516312,0.6961442232131958,0.6666327714920044,0.6666327714920044,0.6666327714920044,0.6666157841682434,0.6666327714920044,0.6666327714920044,0.6666327714920044,0.6666327714920044,0.6666327714920044,0.6666327714920044,0.6666327714920044,0.6666327714920044,0.6666327714920044,0.6666327714920044,0.6666327714920044,0.6644451022148132,0.6666327714920044,0.9151828289031982,0.6666327714920044,0.6666327714920044,0.6666327714920044,0.6666327714920044,0.6666327714920044,0.6666327714920044,0.6666327714920044,0.6666327714920044,0.6666327714920044,0.6666327714920044,0.4356365203857422,0.4178793132305145,0.44133511185646057,0.44138598442077637,0.6666327714920044,0.6666327714920044,0.4410806894302368,0.8728026747703552,0.9111122488975525,0.9178284406661987,0.9179301857948303,0.9067369699478149,0.9177775382995605,0.9042949676513672,0.9129952192306519,nan,22.351388931274414,0.07357396930456161,-21.572653702672486,0.11251366883516312
82,2.8894686698913574,0.1139051765203476,0.6970410943031311,0.6666327714920044,0.6666327714920044,0.6666836142539978,0.6666666865348816,0.6666836142539978,0.6666836142539978,0.6666836142539978,0.6666836142539978,0.6666836142539978,0.6666327714920044,0.6666836142539978,0.6666836142539978,0.6666836142539978,0.6666836142539978,0.6666836142539978,0.6666327714920044,0.6666836142539978,0.9166581630706787,0.6666327714920044,0.6666836142539978,0.6666836142539978,0.6644959449768066,0.6666836142539978,0.6666327714920044,0.6666836142539978,0.6666836142539978,0.6666836142539978,0.6666836142539978,0.4389946162700653,0.434160977602005,0.4411824643611908,0.4409789443016052,0.6666836142539978,0.6666836142539978,0.44087716937065125,0.8876582384109497,0.9089752435684204,0.9168617129325867,0.9169125556945801,0.9088226556777954,0.9168108701705933,0.9060244560241699,0.9166581630706787,nan,21.880704641342163,0.0756591185927391,-22.161982998223774,0.1139051765203476
83,2.887064218521118,0.1139051765203476,0.6973565816879272,0.6666327714920044,0.6666327714920044,0.6666327714920044,0.6666157841682434,0.6666327714920044,0.6666327714920044,0.6666327714920044,0.6666327714920044,0.6666327714920044,0.6666327714920044,0.6666327714920044,0.6666327714920044,0.6666327714920044,0.6666327714920044,0.6666327714920044,0.6666327714920044,0.6666327714920044,0.9165564179420471,0.6666327714920044,0.6666327714920044,0.6666327714920044,0.6666327714920044,0.6666327714920044,0.6666327714920044,0.6666327714920044,0.6666327714920044,0.6666327714920044,0.6666327714920044,0.4397069215774536,0.4399104416370392,0.4412842094898224,0.4411824643611908,0.6666327714920044,0.6666327714920044,0.44082629680633545,0.8962051868438721,0.9074488878250122,0.9168108701705933,0.9168617129325867,0.9071435928344727,0.9168108701705933,0.9068382978439331,0.9165564179420471,nan,22.17825722694397,0.07605580240488052,-22.55636872326732,0.1139051765203476
84,2.88515305519104,0.11370638757944107,0.6973091959953308,0.6666327714920044,0.6666327714920044,0.6666327714920044,0.6666157841682434,0.6666327714920044,0.6666327714920044,0.6666327714920044,0.6666327714920044,0.6666327714920044,0.6666327714920044,0.6666327714920044,0.6666327714920044,0.6666327714920044,0.6666327714920044,0.6666327714920044,0.6666327714920044,0.6666327714920044,0.9167090654373169,0.6666327714920044,0.6666327714920044,0.6666327714920044,0.6666327714920044,0.6666327714920044,0.6666327714920044,0.6666327714920044,0.6666327714920044,0.6666327714920044,0.6666327714920044,0.44026660919189453,0.4403174817562103,0.4419965445995331,0.4418438971042633,0.6666327714920044,0.6666327714920044,0.44092804193496704,0.8940684795379639,0.9063295125961304,0.9168617129325867,0.9168617129325867,0.906227707862854,0.9168108701705933,0.9063295125961304,0.9165564179420471,nan,21.71877884864807,0.0763729065656662,-22.90509302480334,0.11370638757944107
85,2.883225917816162,0.1136069968342781,0.6976512670516968,0.6666327714920044,0.6666327714920044,0.6666327714920044,0.6666157841682434,0.6666327714920044,0.6666327714920044,0.6666327714920044,0.6666327714920044,0.6666327714920044,0.6666327714920044,0.6666327714920044,0.6666327714920044,0.6666327714920044,0.6666327714920044,0.6666327714920044,0.6666327714920044,0.6666327714920044,0.9166073203086853,0.6666327714920044,0.6666327714920044,0.6666327714920044,0.6666327714920044,0.6666327714920044,0.6666327714920044,0.6666327714920044,0.6666327714920044,0.6666327714920044,0.6666327714920044,0.4405210018157959,0.4404192566871643,0.44515112042427063,0.4460160732269287,0.6666327714920044,0.6666327714920044,0.441029816865921,0.9026154279708862,0.9061260223388672,0.9167090654373169,0.9167599678039551,0.9059733152389526,0.9167090654373169,0.9057698249816895,0.9165564179420471,nan,21.959763526916504,0.07653454691171646,-23.229578595075655,0.1136069968342781
86,2.8814690113067627,0.1136069968342781,0.6986474990844727,0.6666327714920044,0.6666327714920044,0.6666327714920044,0.6666157841682434,0.6666327714920044,0.6666327714920044,0.6666327714920044,0.6666327714920044,0.6666327714920044,0.6666327714920044,0.6666327714920044,0.6666327714920044,0.6666327714920044,0.6666327714920044,0.6666327714920044,0.6666327714920044,0.6666327714920044,0.9166581630706787,0.6666327714920044,0.6666327714920044,0.6666327714920044,0.6666327714920044,0.6666327714920044,0.6666327714920044,0.6666327714920044,0.6666327714920044,0.6666327714920044,0.6666327714920044,0.4405719041824341,0.4405719041824341,0.4635697603225708,0.4711509048938751,0.6666327714920044,0.6666327714920044,0.4424035847187042,0.9026154279708862,0.9057189226150513,0.9167090654373169,0.9167090654373169,0.9055154323577881,0.9167090654373169,0.9052610397338867,0.9166581630706787,nan,21.773369550704956,0.076474629342556,-23.544648305735404,0.1136069968342781
87,2.879765272140503,0.11350760608911514,0.6999235153198242,0.6666327714920044,0.6666327714920044,0.6666327714920044,0.6666157841682434,0.6666327714920044,0.6666327714920044,0.6666327714920044,0.6666327714920044,0.6666327714920044,0.6666327714920044,0.6666327714920044,0.6666327714920044,0.6666327714920044,0.6666327714920044,0.6666327714920044,0.6666327714920044,0.6666327714920044,0.9167090654373169,0.6666327714920044,0.6666327714920044,0.6666327714920044,0.6666327714920044,0.6666327714920044,0.6666327714920044,0.6666327714920044,0.6666327714920044,0.6666327714920044,0.6666327714920044,0.44077542424201965,0.44077542424201965,0.49272412061691284,0.4880940318107605,0.6666327714920044,0.6666327714920044,0.4529357850551605,0.9026154279708862,0.9052610397338867,0.9167090654373169,0.9167090654373169,0.9051592350006104,0.9167090654373169,0.9051592350006104,0.9166581630706787,nan,22.11121153831482,0.07649490237236023,-23.856968332102397,0.11350760608911514
88,2.8782196044921875,0.11410396546125412,0.7007464170455933,0.6666836142539978,0.6666836142539978,0.6666836142539978,0.6666666865348816,0.6644959449768066,0.6666836142539978,0.6666836142539978,0.6666836142539978,0.6666836142539978,0.6666836142539978,0.6666836142539978,0.6666836142539978,0.6666836142539978,0.6666836142539978,0.6666836142539978,0.6666836142539978,0.6666836142539978,0.9166581630706787,0.6666836142539978,0.6666836142539978,0.6666836142539978,0.6666836142539978,0.6666836142539978,0.6666836142539978,0.6666836142539978,0.6666836142539978,0.6666836142539978,0.6666836142539978,0.44138598442077637,0.4410806894302368,0.5,0.5,0.6666836142539978,0.6666836142539978,0.4705403447151184,0.9026154279708862,0.9050066471099854,0.9166581630706787,0.9166581630706787,0.9050066471099854,0.9166581630706787,0.9051083326339722,0.9166073203086853,nan,21.943831205368042,0.07700547575950623,-24.162666209328663,0.11410396546125412
89,2.8765652179718018,0.11410396546125412,0.7015565633773804,0.6666327714920044,0.6666327714920044,0.6666327714920044,0.6666157841682434,0.6666327714920044,0.6666327714920044,0.6666327714920044,0.6666327714920044,0.6666327714920044,0.6666327714920044,0.6666327714920044,0.6666327714920044,0.6666327714920044,0.6666327714920044,0.6666327714920044,0.6666327714920044,0.6666327714920044,0.9166073203086853,0.6666327714920044,0.6666327714920044,0.6666327714920044,0.6666327714920044,0.6666327714920044,0.6666327714920044,0.6666327714920044,0.6666327714920044,0.6666327714920044,0.6666327714920044,0.44515112042427063,0.44494760036468506,0.5,0.5,0.6666327714920044,0.6666327714920044,0.5,0.900478720664978,0.9050066471099854,0.9167090654373169,0.9168108701705933,0.9050066471099854,0.9167090654373169,0.9049557447433472,0.9165564179420471,nan,22.08918261528015,0.07801561802625656,-24.461961977311933,0.11410396546125412
90,2.9002223014831543,0.10933306813240051,0.7009937167167664,0.6666327714920044,0.6666327714920044,0.6622574925422668,0.6666157841682434,0.6666327714920044,0.6666327714920044,0.6666327714920044,0.6644451022148132,0.6666327714920044,0.6666327714920044,0.6666327714920044,0.6666327714920044,0.6666327714920044,0.6666327714920044,0.6622574925422668,0.6666327714920044,0.6666327714920044,0.9124355316162109,0.6622574925422668,0.6666327714920044,0.6666327714920044,0.6666327714920044,0.6666327714920044,0.6644451022148132,0.6666327714920044,0.6644451022148132,0.6666327714920044,0.6666327714920044,0.4628065526485443,0.44861096143722534,0.5,0.5,0.6666327714920044,0.6644451022148132,0.5,0.900631308555603,0.8988507390022278,0.9172178506851196,0.9172687530517578,0.9031751155853271,0.9149793386459351,0.8988507390022278,0.9123338460922241,nan,21.913002252578735,0.0750322937965393,-24.578636920164197,0.10933306813240051

91,2.9133520126342773,0.10505913943052292,0.6986914873123169,0.6665818691253662,0.6665818691253662,0.6623083353042603,0.6666666865348816,0.6666836142539978,0.6644959449768066,0.6644959449768066,0.6644959449768066,0.6644959449768066,0.6621557474136353,0.6667853593826294,0.6666836142539978,0.6666836142539978,0.6667853593826294,0.6666836142539978,0.664394199848175,0.6644959449768066,0.8980379700660706,0.6622574925422668,0.6644959449768066,0.6666836142539978,0.6601207256317139,0.6667853593826294,0.6666327714920044,0.6666836142539978,0.6622574925422668,0.6644959449768066,0.6666836142539978,0.4419965445995331,0.4439300000667572,0.5,0.5,0.6644959449768066,0.6666836142539978,0.5,0.8940175771713257,0.9020050764083862,0.9171671867370605,0.9195583462715149,0.8973754644393921,0.9187442660331726,0.8776867389678955,0.8979871273040771,nan,22.05646538734436,0.07576508074998856,-23.793733162098405,0.10505913943052292
92,2.8870902061462402,0.11082397401332855,0.7005487680435181,0.6668362617492676,0.6668362617492676,0.6668362617492676,0.6646224856376648,0.6668362617492676,0.6668362617492676,0.6668362617492676,0.6668362617492676,0.6668362617492676,0.6646486520767212,0.6668362617492676,0.6668362617492676,0.6646486520767212,0.6668362617492676,0.6668362617492676,0.6668362617492676,0.6668362617492676,0.9126899242401123,0.66246098279953,0.6668362617492676,0.6668362617492676,0.6668362617492676,0.6668362617492676,0.6668362617492676,0.6646486520767212,0.6668362617492676,0.6668362617492676,0.6668362617492676,0.4376206398010254,0.44220006465911865,0.5,0.5,0.6646486520767212,0.6668362617492676,0.5,0.900478720664978,0.9054645299911499,0.917675793170929,0.9177775382995605,0.8987489938735962,0.9176249504089355,0.9010893106460571,0.903583288192749,nan,22.125110626220703,0.08219694346189499,-24.497706116104847,0.11082397401332855
93,2.87923526763916,0.11301063746213913,0.700942873954773,0.666530966758728,0.666530966758728,0.666530966758728,0.6665140390396118,0.666530966758728,0.666530966758728,0.666530966758728,0.666530966758728,0.666530966758728,0.666530966758728,0.666530966758728,0.6643433570861816,0.666530966758728,0.666530966758728,0.666530966758728,0.666530966758728,0.666530966758728,0.9083656072616577,0.666530966758728,0.666530966758728,0.666530966758728,0.666530966758728,0.666530966758728,0.666530966758728,0.666530966758728,0.666530966758728,0.666530966758728,0.666530966758728,0.44164037704467773,0.4433194398880005,0.5,0.5,0.666530966758728,0.666530966758728,0.5,0.9028189778327942,0.9055663347244263,0.9177266359329224,0.9178284406661987,0.9033786058425903,0.917675793170929,0.8989524841308594,0.9103496670722961,nan,22.179701328277588,0.08407407253980637,-24.904455769785994,0.11301063746213913
94,2.8816072940826416,0.1104263961315155,0.7011300921440125,0.666530966758728,0.666530966758728,0.666530966758728,0.6665140390396118,0.666530966758728,0.666530966758728,0.666530966758728,0.666530966758728,0.666530966758728,0.666530966758728,0.666530966758728,0.666530966758728,0.666530966758728,0.666530966758728,0.666530966758728,0.6643433570861816,0.666530966758728,0.9108076095581055,0.666530966758728,0.6643433570861816,0.666530966758728,0.666530966758728,0.666530966758728,0.666530966758728,0.6621557474136353,0.6643433570861816,0.666530966758728,0.666530966758728,0.44932329654693604,0.46479088068008423,0.5,0.5,0.666530966758728,0.666530966758728,0.5,0.8987998962402344,0.906075119972229,0.9181846380233765,0.9183372259140015,0.9016998410224915,0.9181337356567383,0.8883705139160156,0.9106549620628357,nan,22.23972225189209,0.07586722820997238,-25.07595084701946,0.1104263961315155
95,2.875765085220337,0.1147003248333931,0.7016871571540833,0.666734516620636,0.666734516620636,0.666734516620636,0.666717529296875,0.666734516620636,0.666734516620636,0.666734516620636,0.666734516620636,0.6667853593826294,0.666734516620636,0.6667853593826294,0.6667853593826294,0.666734516620636,0.6667853593826294,0.666734516620636,0.666734516620636,0.666734516620636,0.9126899242401123,0.666734516620636,0.666734516620636,0.6623592376708984,0.666734516620636,0.6667853593826294,0.666734516620636,0.666734516620636,0.666734516620636,0.666734516620636,0.666734516620636,0.4501882493495941,0.4543604254722595,0.5,0.5,0.666734516620636,0.666734516620636,0.5,0.904904842376709,0.9053627848625183,0.9180319309234619,0.9183881282806396,0.9031751155853271,0.9179301857948303,0.8964595794677734,0.9147758483886719,nan,21.745717763900757,0.0815468430519104,-25.221904377377587,0.1147003248333931
96,2.870717763900757,0.11221548914909363,0.7033329010009766,0.666734516620636,0.666734516620636,0.666734516620636,0.666717529296875,0.666734516620636,0.666734516620636,0.666734516620636,0.666734516620636,0.666734516620636,0.6645468473434448,0.666734516620636,0.666734516620636,0.666734516620636,0.666734516620636,0.666734516620636,0.666734516620636,0.666734516620636,0.9148266911506653,0.666734516620636,0.6645468473434448,0.666734516620636,0.666734516620636,0.666734516620636,0.666734516620636,0.666734516620636,0.666734516620636,0.666734516620636,0.666734516620636,0.4704385995864868,0.4957260489463806,0.5,0.5,0.666734516620636,0.666734516620636,0.5,0.9047013521194458,0.9052610397338867,0.9175231456756592,0.9177266359329224,0.9030733704566956,0.9174214005470276,0.9051592350006104,0.9168108701705933,nan,21.83414649963379,0.07659699022769928,-25.46786021513276,0.11221548914909363
97,2.867948293685913,0.11142033338546753,0.7041476964950562,0.6666327714920044,0.6666327714920044,0.6666327714920044,0.6666157841682434,0.6666327714920044,0.6666327714920044,0.6666327714920044,0.6666327714920044,0.6666327714920044,0.6666327714920044,0.6666327714920044,0.6666327714920044,0.6666327714920044,0.6666327714920044,0.6666327714920044,0.6666327714920044,0.6666327714920044,0.9146740436553955,0.6666327714920044,0.6666327714920044,0.6666327714920044,0.6666327714920044,0.6666327714920044,0.6666327714920044,0.6666327714920044,0.6666327714920044,0.6666327714920044,0.6666327714920044,0.5,0.5,0.5,0.5,0.6666327714920044,0.6666327714920044,0.5,0.9048030972480774,0.9052610397338867,0.9177266359329224,0.9179301857948303,0.9030733704566956,0.917675793170929,0.9051592350006104,0.9167090654373169,nan,21.684221506118774,0.0743229016661644,-25.712421385007993,0.11142033338546753
98,2.8656883239746094,0.11241427063941956,0.7041523456573486,0.6666327714920044,0.6666327714920044,0.6666327714920044,0.6666157841682434,0.6666327714920044,0.6666327714920044,0.6666327714920044,0.6666327714920044,0.6666327714920044,0.6666327714920044,0.6666327714920044,0.6666327714920044,0.6666327714920044,0.6666327714920044,0.6666327714920044,0.6666327714920044,0.6666327714920044,0.9166581630706787,0.6666327714920044,0.6666327714920044,0.6666327714920044,0.6666327714920044,0.6666327714920044,0.6666327714920044,0.6666327714920044,0.6666327714920044,0.6666327714920044,0.6666327714920044,0.5,0.5,0.5,0.5,0.6666327714920044,0.6666327714920044,0.5,0.900478720664978,0.9051083326339722,0.9179810285568237,0.9183881282806396,0.9050574898719788,0.9178284406661987,0.9051083326339722,0.9166073203086853,nan,21.89291524887085,0.0757976770401001,-25.901120457991894,0.11241427063941956
99,2.875818967819214,0.11211609095335007,0.7035524845123291,0.6672942042350769,0.6651574373245239,0.6652083396911621,0.6673789024353027,0.6673959493637085,0.6652083396911621,0.6673959493637085,0.6651065349578857,0.6673959493637085,0.6607312560081482,0.6673959493637085,0.6673959493637085,0.6673959493637085,0.6673959493637085,0.6673959493637085,0.6651065349578857,0.6673959493637085,0.9138092994689941,0.6651065349578857,0.6673450469970703,0.6673959493637085,0.6651574373245239,0.6673959493637085,0.6651574373245239,0.6673450469970703,0.6673450469970703,0.6673959493637085,0.6673959493637085,0.5,0.5,0.5,0.5,0.6652083396911621,0.6629698276519775,0.5,0.8943737149238586,0.9060242176055908,0.9202706813812256,0.9208303689956665,0.9015980958938599,0.9199144840240479,0.894984245300293,0.9157425165176392,nan,22.132094383239746,0.07470814883708954,-25.83587264597576,0.11211609095335007
100,2.9052577018737793,0.10545671731233597,0.7002078294754028,0.6668871641159058,0.6668871641159058,0.6668871641159058,0.6624765992164612,0.6668871641159058,0.6668871641159058,0.6668871641159058,0.6646994948387146,0.6646994948387146,0.6625118851661682,0.6669889092445374,0.6668871641159058,0.6668871641159058,0.6669889092445374,0.6668871641159058,0.6625118851661682,0.6668871641159058,0.8937138319015503,0.660324215888977,0.6646994948387146,0.660324215888977,0.6625118851661682,0.6669889092445374,0.6668871641159058,0.6668871641159058,0.6646994948387146,0.6646994948387146,0.6646994948387146,0.5,0.5,0.5,0.5,0.6668871641159058,0.6625118851661682,0.5,0.8693432807922363,0.901750922203064,0.920525312423706,0.9232726097106934,0.8888286352157593,0.9178288578987122,0.8664435148239136,0.8931541442871094,nan,21.508039951324463,0.07197350263595581,-25.37770690705641,0.10545671731233597

101,2.870685338973999,0.1131100282073021,0.7029156684875488,0.6667853593826294,0.6667853593826294,0.6667853593826294,0.6667684316635132,0.6667853593826294,0.6667853593826294,0.6667853593826294,0.666734516620636,0.664597749710083,0.6623083353042603,0.6668362617492676,0.6667853593826294,0.6667853593826294,0.6668362617492676,0.6667853593826294,0.6667853593826294,0.6667853593826294,0.9072464108467102,0.666734516620636,0.6667853593826294,0.664597749710083,0.6667853593826294,0.6668362617492676,0.6667853593826294,0.6667853593826294,0.664597749710083,0.6667853593826294,0.664597749710083,0.5,0.497048944234848,0.5,0.5,0.664597749710083,0.6667853593826294,0.5,0.888268768787384,0.9047015309333801,0.9202197790145874,0.9207794666290283,0.8937634229660034,0.919965386390686,0.8956966400146484,0.9136567115783691,nan,22.184004068374634,0.07639241963624954,-25.99448575102398,0.1131100282073021
102,2.8621861934661865,0.11619123071432114,0.7039881944656372,0.6666327714920044,0.6666327714920044,0.6666327714920044,0.6666157841682434,0.6666327714920044,0.6666327714920044,0.6666327714920044,0.6666327714920044,0.6666327714920044,0.6666327714920044,0.6666327714920044,0.6666327714920044,0.6666327714920044,0.6666327714920044,0.6666327714920044,0.6666327714920044,0.6666327714920044,0.917319655418396,0.6666327714920044,0.6666327714920044,0.6666327714920044,0.6666327714920044,0.6666327714920044,0.6666327714920044,0.6666327714920044,0.6666327714920044,0.6666327714920044,0.6666327714920044,0.5,0.5,0.5,0.5,0.6666327714920044,0.6666327714920044,0.5,0.8919825553894043,0.9063295125961304,0.9193039536476135,0.9200671911239624,0.9036839008331299,0.9191004037857056,0.9014962911605835,0.9170652627944946,nan,21.551729202270508,0.08291201293468475,-26.473595279761472,0.11619123071432114
103,2.859858512878418,0.1162906289100647,0.7040309906005859,0.6666327714920044,0.6666327714920044,0.6666327714920044,0.6666157841682434,0.6666327714920044,0.6666327714920044,0.6666327714920044,0.6666327714920044,0.6666327714920044,0.6666327714920044,0.6666327714920044,0.6666327714920044,0.6666327714920044,0.6666327714920044,0.6666327714920044,0.6666327714920044,0.6666327714920044,0.917319655418396,0.6666327714920044,0.6666327714920044,0.6666327714920044,0.6666327714920044,0.6666327714920044,0.6666327714920044,0.6666327714920044,0.6666327714920044,0.6666327714920044,0.6666327714920044,0.5,0.5,0.5,0.5,0.6666327714920044,0.6666327714920044,0.5,0.8919317126274109,0.9059224724769592,0.9185916185379028,0.9197618961334229,0.9056171774864197,0.9184898734092712,0.9035313129425049,0.9169634580612183,nan,22.396465063095093,0.08079202473163605,-26.722850356326166,0.1162906289100647
104,2.8577816486358643,0.11559487134218216,0.7042655944824219,0.6666327714920044,0.6666327714920044,0.6666327714920044,0.6666157841682434,0.6666327714920044,0.6666327714920044,0.6666327714920044,0.6666327714920044,0.6666327714920044,0.6666327714920044,0.6666327714920044,0.6666327714920044,0.6666327714920044,0.6666327714920044,0.6666327714920044,0.6666327714920044,0.6666327714920044,0.917472243309021,0.6666327714920044,0.6666327714920044,0.6666327714920044,0.6666327714920044,0.6666327714920044,0.6666327714920044,0.6666327714920044,0.6666327714920044,0.6666327714920044,0.6666327714920044,0.5,0.5,0.5,0.5,0.6666327714920044,0.6666327714920044,0.5,0.8962051868438721,0.9059733152389526,0.9197618961334229,0.9211865663528442,0.9056680202484131,0.9194056987762451,0.9056171774864197,0.9170143604278564,nan,21.80907917022705,0.07972399890422821,-26.94275674155474,0.11559487134218216
105,2.8562746047973633,0.11698638647794724,0.704239010810852,0.6666836142539978,0.6666836142539978,0.6666836142539978,0.6666666865348816,0.6666836142539978,0.6666836142539978,0.6666836142539978,0.6666836142539978,0.6666836142539978,0.6666836142539978,0.6666836142539978,0.6666836142539978,0.6666836142539978,0.6666836142539978,0.6666836142539978,0.6666836142539978,0.6666836142539978,0.9172687530517578,0.6666836142539978,0.6666836142539978,0.6666836142539978,0.6666836142539978,0.6666836142539978,0.6666836142539978,0.6666836142539978,0.6644959449768066,0.6666836142539978,0.6666836142539978,0.5,0.5,0.5,0.5,0.6666836142539978,0.6666836142539978,0.5,0.8940684795379639,0.9059224724769592,0.9202197790145874,0.9220006465911865,0.9057698249816895,0.919812798500061,0.9058207273483276,0.9170652627944946,nan,21.974523305892944,0.0806579664349556,-27.13086250001092,0.11698638647794724
106,2.8545098304748535,0.11877547204494476,0.7041928172111511,0.6666327714920044,0.6666327714920044,0.6666327714920044,0.6666157841682434,0.6666327714920044,0.6666327714920044,0.6666327714920044,0.6666327714920044,0.6666327714920044,0.6666327714920044,0.6666327714920044,0.6666327714920044,0.6666327714920044,0.6666327714920044,0.6666327714920044,0.6666327714920044,0.6666327714920044,0.9173704981803894,0.6666327714920044,0.6666327714920044,0.6666327714920044,0.6666327714920044,0.6666327714920044,0.6666327714920044,0.6666327714920044,0.6666327714920044,0.6666327714920044,0.6666327714920044,0.5,0.5,0.5,0.5,0.6666327714920044,0.6666327714920044,0.5,0.8876582384109497,0.9061768651008606,0.9209830164909363,0.9234760999679565,0.9061260223388672,0.9206777215003967,0.9058207273483276,0.9170143604278564,nan,21.404280185699463,0.08254672586917877,-27.322782919333665,0.11877547204494476
107,2.852778673171997,0.12036576867103577,0.7045372128486633,0.6666327714920044,0.6666327714920044,0.6666327714920044,0.6666157841682434,0.6666327714920044,0.6666327714920044,0.6666327714920044,0.6666327714920044,0.6666327714920044,0.6666327714920044,0.6666327714920044,0.6666327714920044,0.6666327714920044,0.6666327714920044,0.6666327714920044,0.6666327714920044,0.6666327714920044,0.9177775382995605,0.6666327714920044,0.6666327714920044,0.6666327714920044,0.6666327714920044,0.6666327714920044,0.6666327714920044,0.6666327714920044,0.6666327714920044,0.6666327714920044,0.6666327714920044,0.5,0.5,0.5,0.5,0.6666327714920044,0.6666327714920044,0.5,0.8919317126274109,0.9065839052200317,0.9233744144439697,0.9279026985168457,0.9064821004867554,0.9229673147201538,0.9063295125961304,0.9170143604278564,nan,21.678552389144897,0.08357919752597809,-27.451253910896945,0.12036576867103577
108,2.8556153774261475,0.11847728490829468,0.7038877010345459,0.6666327714920044,0.6665818691253662,0.6666327714920044,0.6666157841682434,0.6666327714920044,0.6666327714920044,0.6666327714920044,0.664394199848175,0.6666327714920044,0.6665818691253662,0.6666327714920044,0.6666327714920044,0.6666327714920044,0.6666327714920044,0.6666327714920044,0.664394199848175,0.6666327714920044,0.9162513613700867,0.6665818691253662,0.6666327714920044,0.6666327714920044,0.6666327714920044,0.6666327714920044,0.6666327714920044,0.6666327714920044,0.6666327714920044,0.6666327714920044,0.6666327714920044,0.5,0.5,0.5,0.5,0.6666327714920044,0.6666327714920044,0.5,0.877381443977356,0.9074488878250122,0.9265798330307007,0.9317187070846558,0.9076523780822754,0.9252569675445557,0.898291289806366,0.9067884683609009,nan,21.411413192749023,0.08133269101381302,-27.565272966799494,0.11847728490829468
109,2.8638763427734375,0.12056455761194229,0.7032774686813354,0.666378378868103,0.6641907095909119,0.6664292216300964,0.6663614511489868,0.666530966758728,0.6620030999183655,0.666378378868103,0.666378378868103,0.6664801239967346,0.666378378868103,0.664394199848175,0.666530966758728,0.6664292216300964,0.6665818691253662,0.666378378868103,0.666378378868103,0.6664292216300964,0.896766185760498,0.666378378868103,0.6620030999183655,0.666378378868103,0.6641907095909119,0.6665818691253662,0.666378378868103,0.666378378868103,0.6641907095909119,0.6664801239967346,0.6664801239967346,0.5,0.5,0.5,0.5,0.6641907095909119,0.6641907095909119,0.5,0.886132001876831,0.9080594182014465,0.9282588958740234,0.9337030649185181,0.9059226512908936,0.9264780282974243,0.9000211954116821,0.9090778827667236,nan,21.67156147956848,0.08301030099391937,-27.66581608914746,0.12056455761194229
110,2.8518877029418945,0.12344697117805481,0.7049809694290161,0.6668362617492676,0.6668362617492676,0.6668362617492676,0.6668192744255066,0.6668362617492676,0.6668362617492676,0.6668362617492676,0.6668362617492676,0.6646486520767212,0.6646486520767212,0.6668362617492676,0.6668362617492676,0.6668362617492676,0.6668362617492676,0.6668362617492676,0.6668362617492676,0.6668362617492676,0.9177775382995605,0.6646486520767212,0.6668362617492676,0.6668362617492676,0.6668362617492676,0.6668362617492676,0.6668362617492676,0.6646486520767212,0.6646486520767212,0.6668362617492676,0.6668362617492676,0.5,0.5,0.5,0.5,0.6668362617492676,0.6668362617492676,0.5,0.8771270513534546,0.9106543064117432,0.9345171451568604,0.9426071047782898,0.9101455211639404,0.9324311017990112,0.9032264351844788,0.9172178506851196,nan,22.18387794494629,0.08584973216056824,-27.845510329798287,0.12344697117805481

111,2.8531339168548584,0.12314879149198532,0.7044609785079956,0.6666836142539978,0.6666836142539978,0.6666836142539978,0.6666666865348816,0.6666836142539978,0.6666836142539978,0.6666836142539978,0.6666836142539978,0.6644959449768066,0.6666836142539978,0.6666836142539978,0.6644959449768066,0.6666836142539978,0.6666836142539978,0.6666836142539978,0.6644959449768066,0.6666836142539978,0.9201180338859558,0.6666836142539978,0.6666836142539978,0.6666836142539978,0.6666836142539978,0.6666836142539978,0.6644959449768066,0.6644959449768066,0.6666836142539978,0.6666836142539978,0.6666836142539978,0.5,0.5,0.5,0.5,0.6666836142539978,0.6666836142539978,0.5,0.8537754416465759,0.9094333648681641,0.9401648640632629,0.9450493454933167,0.9071949124336243,0.9387910962104797,0.8997670412063599,0.9138602018356323,nan,21.998410940170288,0.08538877218961716,-27.97366389653849,0.12314879149198532
112,2.846121311187744,0.12742272019386292,0.7047637701034546,0.6666327714920044,0.6666327714920044,0.6666327714920044,0.6666157841682434,0.6666327714920044,0.6666327714920044,0.6666327714920044,0.6666327714920044,0.6666327714920044,0.6666327714920044,0.6666327714920044,0.6666327714920044,0.6666327714920044,0.6666327714920044,0.6666327714920044,0.6666327714920044,0.6666327714920044,0.9186934232711792,0.6666327714920044,0.6666327714920044,0.6666327714920044,0.6666327714920044,0.6666327714920044,0.6666327714920044,0.6666327714920044,0.6666327714920044,0.6666327714920044,0.6666327714920044,0.5,0.5,0.5,0.5,0.6666327714920044,0.6666327714920044,0.5,0.8279309272766113,0.9125368595123291,0.9449985027313232,0.9483057260513306,0.9081107378005981,0.9440317153930664,0.9097386598587036,0.917675793170929,nan,22.342423915863037,0.08903022110462189,-28.22296621984071,0.12742272019386292

113,2.8440232276916504,0.13060331344604492,0.7046966552734375,0.6666327714920044,0.6666327714920044,0.6666327714920044,0.6666157841682434,0.6666327714920044,0.6666327714920044,0.6666327714920044,0.6666327714920044,0.6666327714920044,0.6666327714920044,0.6666327714920044,0.6666327714920044,0.6666327714920044,0.6666327714920044,0.6666327714920044,0.6666327714920044,0.6666327714920044,0.9196092486381531,0.6666327714920044,0.6666327714920044,0.6666327714920044,0.6666327714920044,0.6666327714920044,0.6666327714920044,0.6666327714920044,0.6666327714920044,0.6666327714920044,0.6666327714920044,0.5,0.5,0.5,0.5,0.6666327714920044,0.6666327714920044,0.5,0.8107860088348389,0.912943959236145,0.9483057260513306,0.9496285915374756,0.9109089374542236,0.9470336437225342,0.9122824668884277,0.9178793430328369,nan,21.957414627075195,0.09234191477298737,-28.442316256819726,0.13060331344604492
114,2.842268466949463,0.13189543783664703,0.7039731740951538,0.6666327714920044,0.6666327714920044,0.6666327714920044,0.6666157841682434,0.6666327714920044,0.6666327714920044,0.6666327714920044,0.6666327714920044,0.6666327714920044,0.6666327714920044,0.6666327714920044,0.6666327714920044,0.6666327714920044,0.6666327714920044,0.6666327714920044,0.6666327714920044,0.6666327714920044,0.919812798500061,0.6666327714920044,0.6666327714920044,0.6666327714920044,0.6666327714920044,0.6666327714920044,0.6666327714920044,0.6666327714920044,0.6666327714920044,0.6666327714920044,0.6666327714920044,0.5,0.5,0.5,0.5,0.6666327714920044,0.6666327714920044,0.5,0.7723244428634644,0.9140124320983887,0.9496285915374756,0.9504426717758179,0.9117739200592041,0.9490180015563965,0.9135036468505859,0.9179301857948303,nan,21.868061780929565,0.09350667893886566,-28.65878695529778,0.13189543783664703
115,2.8405678272247314,0.1338833123445511,0.7027261257171631,0.6666327714920044,0.6666327714920044,0.6666327714920044,0.6666157841682434,0.6666327714920044,0.6666327714920044,0.6666327714920044,0.6666327714920044,0.6666327714920044,0.6666327714920044,0.6666327714920044,0.6666327714920044,0.6666327714920044,0.6666327714920044,0.6666327714920044,0.6666327714920044,0.6666327714920044,0.9206777215003967,0.6666327714920044,0.6666327714920044,0.6666327714920044,0.6666327714920044,0.6666327714920044,0.6666327714920044,0.6666327714920044,0.6666327714920044,0.6666327714920044,0.6666327714920044,0.5,0.5,0.5,0.5,0.6666327714920044,0.6666327714920044,0.5,0.712444543838501,0.9147756099700928,0.9504426717758179,0.9512567520141602,0.9125880002975464,0.9501373767852783,0.9145721197128296,0.9180828332901001,nan,21.886253356933594,0.09551475942134857,-28.879786350442476,0.1338833123445511
116,2.8389453887939453,0.13447967171669006,0.7010399103164673,0.6666327714920044,0.6666327714920044,0.6666327714920044,0.6666157841682434,0.6666327714920044,0.6666327714920044,0.6666327714920044,0.6666327714920044,0.6666327714920044,0.6666327714920044,0.6666327714920044,0.6666327714920044,0.6666327714920044,0.6666327714920044,0.6666327714920044,0.6666327714920044,0.6666327714920044,0.9214409589767456,0.6666327714920044,0.6666327714920044,0.6666327714920044,0.6666327714920044,0.6666327714920044,0.6666327714920044,0.6666327714920044,0.6666327714920044,0.6666327714920044,0.6666327714920044,0.5,0.5,0.5,0.5,0.6666327714920044,0.6666327714920044,0.5,0.6355214715003967,0.9154879450798035,0.9509514570236206,0.9516128897666931,0.9131985306739807,0.950849711894989,0.9151826500892639,0.9183372259140015,nan,23.134402990341187,0.09608624875545502,-29.12713970430399,0.13447967171669006
117,2.837364435195923,0.13507603108882904,0.6987746953964233,0.6666327714920044,0.6666327714920044,0.6666327714920044,0.6666157841682434,0.6666327714920044,0.6666327714920044,0.6666327714920044,0.6666327714920044,0.6666327714920044,0.6666327714920044,0.6666327714920044,0.6666327714920044,0.6666327714920044,0.6666327714920044,0.6666327714920044,0.6666327714920044,0.6666327714920044,0.9226111769676208,0.6666327714920044,0.6666327714920044,0.6666327714920044,0.6666327714920044,0.6666327714920044,0.6666327714920044,0.6666327714920044,0.6666327714920044,0.6666327714920044,0.6666327714920044,0.5,0.5,0.5,0.5,0.6666327714920044,0.6666327714920044,0.5,0.5329573750495911,0.9159458875656128,0.9517146348953247,0.9520708322525024,0.91365647315979,0.9516637921333313,0.9158440828323364,0.9188460111618042,nan,21.66021728515625,0.09665675461292267,-29.375730300113158,0.13507603108882904
118,2.835940361022949,0.1351754367351532,0.6977449059486389,0.6666327714920044,0.6666327714920044,0.6666327714920044,0.6666157841682434,0.6666327714920044,0.6666327714920044,0.6666327714920044,0.6666327714920044,0.6666327714920044,0.6666327714920044,0.6666327714920044,0.6666327714920044,0.6666327714920044,0.6666327714920044,0.6666327714920044,0.6666327714920044,0.6666327714920044,0.9229673147201538,0.6666327714920044,0.6666327714920044,0.6666327714920044,0.6666327714920044,0.6666327714920044,0.6666327714920044,0.6666327714920044,0.6666327714920044,0.6666327714920044,0.6666327714920044,0.5,0.5,0.5,0.5,0.6666327714920044,0.6666327714920044,0.5,0.4859488010406494,0.9157931804656982,0.9517146348953247,0.9518673419952393,0.9157931804656982,0.9517146348953247,0.9159967303276062,0.9192531108856201,nan,22.030315160751343,0.09692934900522232,-29.653218538454734,0.1351754367351532
119,2.8405609130859375,0.13129907846450806,0.6972202062606812,0.6668871641159058,0.6668871641159058,0.6668871641159058,0.6668701767921448,0.6668871641159058,0.6668871641159058,0.6668871641159058,0.6668871641159058,0.6668871641159058,0.6668871641159058,0.6668871641159058,0.6668871641159058,0.6668871641159058,0.6668871641159058,0.6646994948387146,0.6668871641159058,0.6668871641159058,0.9221534729003906,0.6625118851661682,0.6668871641159058,0.6668871641159058,0.6668871641159058,0.6668871641159058,0.6668871641159058,0.6625118851661682,0.6625118851661682,0.6668871641159058,0.6668871641159058,0.5,0.5,0.5,0.5,0.6668871641159058,0.6668871641159058,0.5,0.49927809834480286,0.9089250564575195,0.9504426717758179,0.9506970643997192,0.9131476879119873,0.9502900242805481,0.9089250564575195,0.9126904010772705,nan,21.585654497146606,0.09392990171909332,-29.536468073620544,0.13129907846450806
120,2.8371469974517822,0.13159725069999695,0.6964735984802246,0.666530966758728,0.666530966758728,0.666530966758728,0.6665140390396118,0.666530966758728,0.666530966758728,0.666530966758728,0.666530966758728,0.666530966758728,0.666530966758728,0.666530966758728,0.666530966758728,0.666530966758728,0.666530966758728,0.666530966758728,0.666530966758728,0.666530966758728,0.9191519618034363,0.666530966758728,0.666530966758728,0.666530966758728,0.666530966758728,0.666530966758728,0.666530966758728,0.666530966758728,0.666530966758728,0.666530966758728,0.666530966758728,0.5,0.5,0.5,0.5,0.666530966758728,0.666530966758728,0.5,0.4522186815738678,0.9141652584075928,0.9517655372619629,0.9519181847572327,0.9119267463684082,0.9517655372619629,0.9075006246566772,0.9189988374710083,nan,21.74993896484375,0.09197507053613663,-30.078045428622705,0.13159725069999695

121,2.832233190536499,0.13537421822547913,0.696495532989502,0.6666327714920044,0.6666327714920044,0.6666327714920044,0.6666157841682434,0.6666327714920044,0.6666327714920044,0.6666327714920044,0.6666327714920044,0.6666327714920044,0.6666327714920044,0.6666327714920044,0.6666327714920044,0.6666327714920044,0.6666327714920044,0.6666327714920044,0.6666327714920044,0.6666327714920044,0.925663948059082,0.6666327714920044,0.6666327714920044,0.6666327714920044,0.6666327714920044,0.6666327714920044,0.6666327714920044,0.6666327714920044,0.6666327714920044,0.6666327714920044,0.6666327714920044,0.5,0.5,0.5,0.5,0.6666327714920044,0.6666327714920044,0.5,0.4326826333999634,0.9163528680801392,0.9519181847572327,0.9520708322525024,0.9097899794578552,0.9519181847572327,0.9163528680801392,0.9207285642623901,nan,21.829355716705322,0.09709242731332779,-30.447786766259266,0.13537421822547913
122,2.8306005001068115,0.1354736089706421,0.6964423656463623,0.6666327714920044,0.6666327714920044,0.6666327714920044,0.6666157841682434,0.6666327714920044,0.6666327714920044,0.6666327714920044,0.6666327714920044,0.6666327714920044,0.6666327714920044,0.6666327714920044,0.6666327714920044,0.6666327714920044,0.6666327714920044,0.6666327714920044,0.6666327714920044,0.6666327714920044,0.9281062483787537,0.6666327714920044,0.6666327714920044,0.6666327714920044,0.6666327714920044,0.6666327714920044,0.6666327714920044,0.6666327714920044,0.6666327714920044,0.6666327714920044,0.6666327714920044,0.5,0.5,0.5,0.5,0.6666327714920044,0.6666327714920044,0.5,0.4197095036506653,0.9162511825561523,0.9519181847572327,0.9521217346191406,0.9163020253181458,0.9518164396286011,0.9164546728134155,0.9226111769676208,nan,21.909290313720703,0.09769579023122787,-30.73103084247613,0.1354736089706421
123,2.829038619995117,0.13587118685245514,0.696445882320404,0.6666327714920044,0.6666327714920044,0.6666327714920044,0.6666157841682434,0.6666327714920044,0.6666327714920044,0.6666327714920044,0.6666327714920044,0.6666327714920044,0.6666327714920044,0.6666327714920044,0.6666327714920044,0.6666327714920044,0.6666327714920044,0.6666327714920044,0.6666327714920044,0.6666327714920044,0.9317187070846558,0.6666327714920044,0.6666327714920044,0.6666327714920044,0.6666327714920044,0.6666327714920044,0.6666327714920044,0.6666327714920044,0.6666327714920044,0.6666327714920044,0.6666327714920044,0.5,0.5,0.5,0.5,0.6666327714920044,0.6666327714920044,0.5,0.4176236093044281,0.9165564179420471,0.9522743225097656,0.9523252248764038,0.9144196510314941,0.9522234797477722,0.914368748664856,0.9240866899490356,nan,22.159894466400146,0.09788351505994797,-31.003963773405324,0.13587118685245514
124,2.827435255050659,0.13587118685245514,0.6963591575622559,0.6666327714920044,0.6666327714920044,0.6666327714920044,0.6666157841682434,0.6666327714920044,0.6666327714920044,0.6666327714920044,0.6666327714920044,0.6666327714920044,0.6666327714920044,0.6666327714920044,0.6666327714920044,0.6666327714920044,0.6666327714920044,0.6666327714920044,0.6666327714920044,0.6666327714920044,0.9345171451568604,0.6666327714920044,0.6666327714920044,0.6666327714920044,0.6666327714920044,0.6666327714920044,0.6666327714920044,0.6666327714920044,0.6666327714920044,0.6666327714920044,0.6666327714920044,0.5,0.5,0.5,0.5,0.6666327714920044,0.6666327714920044,0.5,0.40912747383117676,0.9166581630706787,0.9523252248764038,0.9523252248764038,0.9144705533981323,0.9523252248764038,0.9144705533981323,0.9257657527923584,nan,21.54127335548401,0.09793997555971146,-31.310075505663015,0.13587118685245514
125,2.825965642929077,0.13646754622459412,0.6963938474655151,0.6666327714920044,0.6666327714920044,0.6666327714920044,0.6666157841682434,0.6666327714920044,0.6666327714920044,0.6666327714920044,0.6666327714920044,0.6666327714920044,0.6666327714920044,0.6666327714920044,0.6666327714920044,0.6666327714920044,0.6666327714920044,0.6666327714920044,0.6666327714920044,0.6666327714920044,0.9374173283576965,0.6666327714920044,0.6666327714920044,0.6666327714920044,0.6666327714920044,0.6666327714920044,0.6666327714920044,0.6666327714920044,0.6666327714920044,0.6666327714920044,0.6666327714920044,0.5,0.5,0.5,0.5,0.6666327714920044,0.6666327714920044,0.5,0.40912747383117676,0.9167090654373169,0.9523252248764038,0.952376127243042,0.9123846888542175,0.9523252248764038,0.9123338460922241,0.9286150336265564,nan,22.632328033447266,0.09839475154876709,-31.613944578876957,0.13646754622459412
126,2.8245139122009277,0.13587118685245514,0.69660884141922,0.6666327714920044,0.6666327714920044,0.6666327714920044,0.6666157841682434,0.6666327714920044,0.6666327714920044,0.6666327714920044,0.6666327714920044,0.6666327714920044,0.6666327714920044,0.6666327714920044,0.6666327714920044,0.6666327714920044,0.6666327714920044,0.6666327714920044,0.6666327714920044,0.6666327714920044,0.9402666091918945,0.6666327714920044,0.6666327714920044,0.6666327714920044,0.6666327714920044,0.6666327714920044,0.6666327714920044,0.6666327714920044,0.6666327714920044,0.6666327714920044,0.6666327714920044,0.5,0.5,0.5,0.5,0.6666327714920044,0.6666327714920044,0.5,0.40917834639549255,0.9167090654373169,0.952376127243042,0.952376127243042,0.9144196510314941,0.952376127243042,0.9123338460922241,0.9329907298088074,nan,21.711955547332764,0.09783949702978134,-31.925205698971624,0.13587118685245514
127,2.823145627975464,0.1354736089706421,0.6967752575874329,0.6666327714920044,0.6666327714920044,0.6666327714920044,0.6666157841682434,0.6666327714920044,0.6666327714920044,0.6666327714920044,0.6666327714920044,0.6666327714920044,0.6666327714920044,0.6666327714920044,0.6666327714920044,0.6666327714920044,0.6666327714920044,0.6666327714920044,0.6666327714920044,0.6666327714920044,0.9431667923927307,0.6666327714920044,0.6666327714920044,0.6666327714920044,0.6666327714920044,0.6666327714920044,0.6666327714920044,0.6666327714920044,0.6666327714920044,0.6666327714920044,0.6666327714920044,0.5,0.5,0.5,0.5,0.6666327714920044,0.6666327714920044,0.5,0.4114168882369995,0.9167090654373169,0.9522743225097656,0.9522743225097656,0.9123846888542175,0.9522743225097656,0.9122829437255859,0.9375699758529663,nan,22.387244939804077,0.09734395146369934,-32.258874466826576,0.1354736089706421
128,2.8217341899871826,0.13527482748031616,0.6967532634735107,0.6666327714920044,0.6666327714920044,0.6666327714920044,0.6666157841682434,0.6666327714920044,0.6666327714920044,0.6666327714920044,0.6666327714920044,0.6666327714920044,0.6666327714920044,0.6666327714920044,0.6666327714920044,0.6666327714920044,0.6666327714920044,0.6666327714920044,0.6666327714920044,0.6666327714920044,0.9463213682174683,0.6666327714920044,0.6666327714920044,0.6666327714920044,0.6666327714920044,0.6666327714920044,0.6666327714920044,0.6666327714920044,0.6666327714920044,0.6666327714920044,0.6666327714920044,0.5,0.5,0.5,0.5,0.6666327714920044,0.6666327714920044,0.5,0.4094327688217163,0.9168617129325867,0.952376127243042,0.952376127243042,0.9125373363494873,0.952376127243042,0.9059743881225586,0.9413350820541382,nan,21.996107578277588,0.09737639874219894,-32.587276530400885,0.13527482748031616
129,2.8202931880950928,0.1354736089706421,0.6968827247619629,0.6666327714920044,0.6666327714920044,0.6666327714920044,0.6666157841682434,0.6666327714920044,0.6666327714920044,0.6666327714920044,0.6666327714920044,0.6666327714920044,0.6666327714920044,0.6666327714920044,0.6666327714920044,0.6666327714920044,0.6666327714920044,0.6666327714920044,0.6666327714920044,0.6666327714920044,0.9484583139419556,0.6666327714920044,0.6666327714920044,0.6666327714920044,0.6666327714920044,0.6666327714920044,0.6666327714920044,0.6666327714920044,0.6666327714920044,0.6666327714920044,0.6666327714920044,0.5,0.5,0.5,0.5,0.6666327714920044,0.6666327714920044,0.5,0.4093818664550781,0.9169125556945801,0.952376127243042,0.952376127243042,0.9103496670722961,0.952376127243042,0.9081112146377563,0.9449476003646851,nan,22.14636492729187,0.09776453673839569,-32.96278125189275,0.1354736089706421
130,2.818866729736328,0.1348772495985031,0.6968781352043152,0.6666327714920044,0.6666327714920044,0.6666327714920044,0.6666157841682434,0.6666327714920044,0.6666327714920044,0.6666327714920044,0.6666327714920044,0.6666327714920044,0.6666327714920044,0.6666327714920044,0.6666327714920044,0.6666327714920044,0.6666327714920044,0.6666327714920044,0.6666327714920044,0.6666327714920044,0.9499338865280151,0.6666327714920044,0.6666327714920044,0.6666327714920044,0.6666327714920044,0.6666327714920044,0.6666327714920044,0.6666327714920044,0.6666327714920044,0.6666327714920044,0.6666327714920044,0.5,0.5,0.5,0.5,0.6666327714920044,0.6666327714920044,0.5,0.4074995517730713,0.9169125556945801,0.952376127243042,0.952376127243042,0.9103496670722961,0.952376127243042,0.9060252904891968,0.9473389387130737,nan,22.01974582672119,0.09718304127454758,-33.35388361797479,0.1348772495985031

131,2.9224069118499756,0.12016697973012924,0.6912450790405273,0.6650046110153198,0.6628169417381287,0.6650554537773132,0.6605942249298096,0.6651063561439514,0.6628169417381287,0.6628677845001221,0.6628169417381287,0.6628677845001221,0.6540663838386536,0.6607310771942139,0.6628677845001221,0.6650554537773132,0.6651571989059448,0.6650046110153198,0.6562540531158447,0.6628677845001221,0.894733190536499,0.6584416627883911,0.6606293320655823,0.6650046110153198,0.6650046110153198,0.665208101272583,0.6562540531158447,0.6562540531158447,0.6584416627883911,0.6629186868667603,0.6650554537773132,0.5,0.5,0.5,0.5,0.6628169417381287,0.6628169417381287,0.5,0.5206460952758789,0.8922382593154907,0.9377745389938354,0.9491198062896729,0.8811983466148376,0.9486618638038635,0.8616114258766174,0.8967170715332031,nan,22.196451663970947,0.08687157183885574,-33.08274414681284,0.12016697973012924
132,2.866321325302124,0.12265182286500931,0.6928676962852478,0.6670397520065308,0.6670397520065308,0.6670397520065308,0.6670228242874146,0.6648521423339844,0.6648521423339844,0.6670397520065308,0.6648521423339844,0.6648521423339844,0.6603751182556152,0.6670397520065308,0.6670397520065308,0.6670397520065308,0.667090654373169,0.6648521423339844,0.662664532661438,0.6670397520065308,0.8587647676467896,0.6451634764671326,0.6604768633842468,0.662664532661438,0.662664532661438,0.667090654373169,0.6670397520065308,0.6670397520065308,0.6648521423339844,0.6670397520065308,0.6648521423339844,0.5,0.5,0.5,0.5,0.6648521423339844,0.6582892537117004,0.5,0.4901209771633148,0.9145216941833496,0.9499849081039429,0.9524778723716736,0.8924926519393921,0.9521217346191406,0.8554046750068665,0.9194076657295227,nan,22.29706048965454,0.08439413458108902,-33.00130132400851,0.12265182286500931
133,2.8558554649353027,0.126130610704422,0.693244457244873,0.6667853593826294,0.6667853593826294,0.6668362617492676,0.6645716428756714,0.6668362617492676,0.664597749710083,0.6667853593826294,0.6624101400375366,0.6668362617492676,0.664597749710083,0.6668362617492676,0.66246098279953,0.6668362617492676,0.6668362617492676,0.6667853593826294,0.6667853593826294,0.6667853593826294,0.8965648412704468,0.6580348610877991,0.6624101400375366,0.6602224707603455,0.664597749710083,0.6668362617492676,0.6667853593826294,0.6667853593826294,0.6667853593826294,0.6646486520767212,0.6668362617492676,0.5,0.5,0.5,0.5,0.664597749710083,0.6667853593826294,0.5,0.4663622975349426,0.9058220386505127,0.9486111402511597,0.9514093399047852,0.8818597793579102,0.950849711894989,0.8556591272354126,0.9181356430053711,nan,21.68615198135376,0.08931711316108704,-33.60142952665256,0.126130610704422
134,2.823824882507324,0.129311203956604,0.6955039501190186,0.6666327714920044,0.6666327714920044,0.6666327714920044,0.6644189953804016,0.6666327714920044,0.6644451022148132,0.6666327714920044,0.6666327714920044,0.6666327714920044,0.6666327714920044,0.6666327714920044,0.6666327714920044,0.6666327714920044,0.6666327714920044,0.6666327714920044,0.6666327714920044,0.6666327714920044,0.9385373592376709,0.6666327714920044,0.6666327714920044,0.6666327714920044,0.6666327714920044,0.6666327714920044,0.6666327714920044,0.6666327714920044,0.6666327714920044,0.6666327714920044,0.6666327714920044,0.5,0.5,0.5,0.5,0.6666327714920044,0.6666327714920044,0.5,0.43715986609458923,0.9137075543403625,0.9516637921333313,0.9519690275192261,0.8830298185348511,0.9517146348953247,0.8765177726745605,0.9359933137893677,nan,22.149139404296875,0.09852802008390427,-34.19879107318405,0.129311203956604

135,2.819762706756592,0.13418149948120117,0.6958853006362915,0.6665818691253662,0.6665818691253662,0.6665818691253662,0.66656494140625,0.6665818691253662,0.6665818691253662,0.6665818691253662,0.6665818691253662,0.6665818691253662,0.6665818691253662,0.6665818691253662,0.6665818691253662,0.6665818691253662,0.6665818691253662,0.6665818691253662,0.6665818691253662,0.6665818691253662,0.943726658821106,0.6665818691253662,0.6665818691253662,0.6665818691253662,0.6665818691253662,0.6665818691253662,0.6665818691253662,0.6665818691253662,0.6665818691253662,0.6665818691253662,0.6665818691253662,0.5,0.5,0.5,0.5,0.6665818691253662,0.6665818691253662,0.5,0.42428848147392273,0.917675793170929,0.9520199298858643,0.9521217346191406,0.8784002065658569,0.9520199298858643,0.8914750814437866,0.9420984983444214,nan,21.709859132766724,0.10108762234449387,-34.41757988823111,0.13418149948120117
136,2.8177194595336914,0.13378392159938812,0.6954935193061829,0.6665818691253662,0.6665818691253662,0.6666327714920044,0.66656494140625,0.6666327714920044,0.6665818691253662,0.6665818691253662,0.6665818691253662,0.6665818691253662,0.6665818691253662,0.6665818691253662,0.6665818691253662,0.6665818691253662,0.6666327714920044,0.6665818691253662,0.6665818691253662,0.6665818691253662,0.9451004266738892,0.6665818691253662,0.6665818691253662,0.6665818691253662,0.6665818691253662,0.6666327714920044,0.6665818691253662,0.6665818691253662,0.6665818691253662,0.6665818691253662,0.6666327714920044,0.5,0.5,0.5,0.5,0.6665818691253662,0.6665818691253662,0.5,0.4198625683784485,0.9160478115081787,0.9522234797477722,0.9522743225097656,0.8681743144989014,0.9522234797477722,0.8854718208312988,0.945507287979126,nan,21.94208836555481,0.09780697524547577,-34.69209301380476,0.13378392159938812
137,2.818556070327759,0.1338833123445511,0.6950312852859497,0.6667853593826294,0.6666836142539978,0.6667853593826294,0.664469838142395,0.6667853593826294,0.6666836142539978,0.6645468473434448,0.6666836142539978,0.6667853593826294,0.6666836142539978,0.6667853593826294,0.666734516620636,0.6667853593826294,0.6667853593826294,0.6666836142539978,0.6666836142539978,0.666734516620636,0.9460163116455078,0.6666836142539978,0.6666836142539978,0.666734516620636,0.6666836142539978,0.6667853593826294,0.6666836142539978,0.6666836142539978,0.6644959449768066,0.6667853593826294,0.6667853593826294,0.5,0.5,0.5,0.5,0.6666836142539978,0.6666836142539978,0.5,0.4207277297973633,0.916709303855896,0.9522234797477722,0.9522234797477722,0.8579484820365906,0.9522234797477722,0.8751951456069946,0.9466266632080078,nan,22.224563360214233,0.09701739996671677,-34.982938629414285,0.1338833123445511
138,2.854267120361328,0.12424211949110031,0.6903609037399292,0.6652590036392212,0.6652590036392212,0.6652590036392212,0.6652421951293945,0.66307133436203,0.66307133436203,0.6652590036392212,0.6652590036392212,0.6652590036392212,0.66307133436203,0.6652590036392212,0.6652590036392212,0.6652590036392212,0.6652590036392212,0.6652590036392212,0.6586960554122925,0.6652590036392212,0.9072492718696594,0.6652590036392212,0.6652590036392212,0.6652590036392212,0.6652590036392212,0.6652590036392212,0.66307133436203,0.6652590036392212,0.6608837246894836,0.6652590036392212,0.66307133436203,0.5,0.5,0.5,0.5,0.6652590036392212,0.6652590036392212,0.5,0.4360924959182739,0.874432384967804,0.9514095783233643,0.9538516402244568,0.8756532669067383,0.9469834566116333,0.8056999444961548,0.9248009920120239,nan,22.159647703170776,0.08845645189285278,-34.08094522036185,0.12424211949110031
139,2.819476366043091,0.13159725069999695,0.6895865201950073,0.666734516620636,0.666734516620636,0.666734516620636,0.666717529296875,0.666734516620636,0.666734516620636,0.666734516620636,0.666734516620636,0.666734516620636,0.6666836142539978,0.666734516620636,0.666734516620636,0.666734516620636,0.666734516620636,0.666734516620636,0.6645468473434448,0.666734516620636,0.9411830902099609,0.6645468473434448,0.666734516620636,0.666734516620636,0.6645468473434448,0.666734516620636,0.666734516620636,0.666734516620636,0.666734516620636,0.666734516620636,0.666734516620636,0.5,0.5,0.5,0.5,0.666734516620636,0.666734516620636,0.5,0.4425033926963806,0.7914043664932251,0.9519181847572327,0.9520199298858643,0.8428390026092529,0.9518673419952393,0.7698332667350769,0.9425057768821716,nan,22.342745065689087,0.09369809925556183,-34.87675426783826,0.13159725069999695
140,2.815032482147217,0.132491797208786,0.6880170106887817,0.6666327714920044,0.6666327714920044,0.6666327714920044,0.6666157841682434,0.6666327714920044,0.6666327714920044,0.6666327714920044,0.6666327714920044,0.6666327714920044,0.6666327714920044,0.6666327714920044,0.6666327714920044,0.6666327714920044,0.6666327714920044,0.6666327714920044,0.6666327714920044,0.6666327714920044,0.9446427822113037,0.6666327714920044,0.6666327714920044,0.6666327714920044,0.6666327714920044,0.6666327714920044,0.6666327714920044,0.6666327714920044,0.6644451022148132,0.6666327714920044,0.6666327714920044,0.5,0.5,0.5,0.5,0.6666327714920044,0.6666327714920044,0.5,0.43894243240356445,0.7609812021255493,0.9522743225097656,0.952376127243042,0.8061074018478394,0.9522743225097656,0.7636265754699707,0.9460671544075012,nan,22.23114824295044,0.09482111036777496,-35.46850418198501,0.132491797208786

141,2.8553316593170166,0.12911240756511688,0.6829190850257874,0.6635292768478394,0.6657168865203857,0.6635292768478394,0.6657000184059143,0.6657168865203857,0.6657168865203857,0.661341667175293,0.6635292768478394,0.6657168865203857,0.6635292768478394,0.6657168865203857,0.6657168865203857,0.6657168865203857,0.6635292768478394,0.6657168865203857,0.6635292768478394,0.6657168865203857,0.9302449226379395,0.6635292768478394,0.6635292768478394,0.6635292768478394,0.6657168865203857,0.6657168865203857,0.661341667175293,0.6657168865203857,0.6657168865203857,0.6657168865203857,0.6635292768478394,0.5,0.5,0.5,0.5,0.6657168865203857,0.6657168865203857,0.5,0.45252612233161926,0.6973876953125,0.9436764717102051,0.9526814222335815,0.7598114013671875,0.9480516910552979,0.7344754338264465,0.9337552785873413,nan,21.687712907791138,0.09385186433792114,-35.238255659944556,0.12911240756511688
142,2.8530592918395996,0.12493787705898285,0.6826937198638916,0.6660221815109253,0.6659204363822937,0.6660730838775635,0.6659544110298157,0.6616978049278259,0.6659712791442871,0.6615960597991943,0.6659204363822937,0.6594592928886414,0.6593575477600098,0.6660221815109253,0.6659712791442871,0.6660730838775635,0.6661239266395569,0.6659712791442871,0.6637327671051025,0.6659712791442871,0.9145750999450684,0.6615451574325562,0.6659712791442871,0.6637836694717407,0.6659712791442871,0.6661239266395569,0.6659712791442871,0.6637836694717407,0.6571698784828186,0.6638345718383789,0.6660221815109253,0.5,0.5,0.5,0.5,0.6659712791442871,0.6572207808494568,0.5,0.45802032947540283,0.7006435394287109,0.9523252248764038,0.9525796175003052,0.7552834749221802,0.9501884579658508,0.7555378675460815,0.9176784157752991,nan,22.06673502922058,0.08950325101613998,-35.093210990594095,0.12493787705898285
143,2.8158371448516846,0.1311996877193451,0.6817713975906372,0.6665818691253662,0.6665818691253662,0.6665818691253662,0.66656494140625,0.6665818691253662,0.6665818691253662,0.6665818691253662,0.6665818691253662,0.6665818691253662,0.6665818691253662,0.6665818691253662,0.6665818691253662,0.6665818691253662,0.6665818691253662,0.6665818691253662,0.664394199848175,0.6665818691253662,0.9390972256660461,0.6665818691253662,0.6665818691253662,0.6665818691253662,0.6665818691253662,0.6666327714920044,0.6665818691253662,0.6665818691253662,0.6665818691253662,0.6665818691253662,0.6665818691253662,0.5,0.5,0.5,0.5,0.6665818691253662,0.6665818691253662,0.5,0.43360087275505066,0.6410691142082214,0.952528715133667,0.9526814222335815,0.7228763103485107,0.952528715133667,0.710920512676239,0.9452022314071655,nan,21.709506034851074,0.09808967262506485,-35.699224033930136,0.1311996877193451
144,2.8121249675750732,0.13110028207302094,0.6821482181549072,0.6666836142539978,0.6666836142539978,0.6666836142539978,0.6666666865348816,0.6666836142539978,0.6666836142539978,0.6666836142539978,0.6666836142539978,0.6666836142539978,0.6666836142539978,0.6666836142539978,0.6666836142539978,0.6666836142539978,0.6666836142539978,0.6666836142539978,0.6666836142539978,0.6666836142539978,0.9446936249732971,0.6666836142539978,0.6666836142539978,0.6644959449768066,0.6666836142539978,0.6666836142539978,0.6666836142539978,0.6666836142539978,0.6666836142539978,0.6666836142539978,0.6666836142539978,0.5,0.5,0.5,0.5,0.6666836142539978,0.6666836142539978,0.5,0.43695876002311707,0.6692030429840088,0.952376127243042,0.952528715133667,0.710106611251831,0.952376127243042,0.6972858905792236,0.9484074115753174,nan,21.856297254562378,0.09677620977163315,-36.28559045134737,0.13110028207302094
145,2.8100790977478027,0.13179604709148407,0.6805590391159058,0.6666327714920044,0.6666327714920044,0.6666327714920044,0.6666157841682434,0.6666327714920044,0.6666327714920044,0.6666327714920044,0.6666327714920044,0.6666327714920044,0.6666327714920044,0.6666327714920044,0.6666327714920044,0.6666327714920044,0.6666327714920044,0.6666327714920044,0.6666327714920044,0.6666327714920044,0.949882984161377,0.6666327714920044,0.6666327714920044,0.6666327714920044,0.6666327714920044,0.6666327714920044,0.6666327714920044,0.6666327714920044,0.6666327714920044,0.6666327714920044,0.6666327714920044,0.5,0.5,0.5,0.5,0.6666327714920044,0.6666327714920044,0.5,0.4373151361942291,0.6577054262161255,0.9523252248764038,0.9524270296096802,0.7068507671356201,0.9523252248764038,0.6365920901298523,0.9496285915374756,nan,22.020100116729736,0.09505405277013779,-36.61908288699189,0.13179604709148407
146,2.808880090713501,0.13209421932697296,0.6789653301239014,0.6666327714920044,0.6666327714920044,0.6666327714920044,0.6666157841682434,0.6666327714920044,0.6666327714920044,0.6666327714920044,0.6666327714920044,0.6666327714920044,0.6666327714920044,0.6666327714920044,0.6666327714920044,0.6666327714920044,0.6666327714920044,0.6666327714920044,0.6666327714920044,0.6666327714920044,0.9502900242805481,0.6666327714920044,0.6666327714920044,0.6666327714920044,0.6666327714920044,0.6666327714920044,0.6666327714920044,0.6666327714920044,0.6666327714920044,0.6666327714920044,0.6666327714920044,0.5,0.5,0.5,0.5,0.6666327714920044,0.6666327714920044,0.5,0.43919768929481506,0.6351678967475891,0.9523252248764038,0.9523252248764038,0.6872131824493408,0.9523252248764038,0.6078478097915649,0.9499847292900085,nan,22.11075234413147,0.09481938928365707,-36.918319697598555,0.13209421932697296
147,2.807745933532715,0.13269059360027313,0.6761302947998047,0.6666327714920044,0.6666327714920044,0.6666327714920044,0.6666157841682434,0.6666327714920044,0.6666327714920044,0.6666327714920044,0.6666327714920044,0.6666327714920044,0.6666327714920044,0.6666327714920044,0.6666327714920044,0.6666327714920044,0.6666327714920044,0.6666327714920044,0.6666327714920044,0.6666327714920044,0.9509005546569824,0.6666327714920044,0.6666327714920044,0.6666327714920044,0.6666327714920044,0.6666327714920044,0.6666327714920044,0.6666327714920044,0.6666327714920044,0.6666327714920044,0.6666327714920044,0.5,0.5,0.5,0.5,0.6666327714920044,0.6666327714920044,0.5,0.4364506006240845,0.5985889434814453,0.9522743225097656,0.9522743225097656,0.6442748308181763,0.9522743225097656,0.5673006176948547,0.950646162033081,nan,21.593272924423218,0.09516073018312454,-37.18276368916455,0.13269059360027313
148,2.8067920207977295,0.13288937509059906,0.6737852692604065,0.6666327714920044,0.6666327714920044,0.6666327714920044,0.6666157841682434,0.6666327714920044,0.6666327714920044,0.6666327714920044,0.6666327714920044,0.6666327714920044,0.6666327714920044,0.6666327714920044,0.6666327714920044,0.6666327714920044,0.6666327714920044,0.6666327714920044,0.6666327714920044,0.6666327714920044,0.951205849647522,0.6666327714920044,0.6666327714920044,0.6666327714920044,0.6666327714920044,0.6666327714920044,0.6666327714920044,0.6666327714920044,0.6666327714920044,0.6666327714920044,0.6666327714920044,0.5,0.5,0.5,0.5,0.6666327714920044,0.6666327714920044,0.5,0.43731555342674255,0.5616028904914856,0.9522743225097656,0.9523252248764038,0.6094255447387695,0.9522743225097656,0.5367757678031921,0.9511041045188904,nan,21.68298625946045,0.09542418271303177,-37.44313960961183,0.13288937509059906
149,2.8058972358703613,0.1332869529724121,0.6726861596107483,0.6666327714920044,0.6666327714920044,0.6666327714920044,0.6666157841682434,0.6666327714920044,0.6666327714920044,0.6666327714920044,0.6666327714920044,0.6666327714920044,0.6666327714920044,0.6666327714920044,0.6666327714920044,0.6666327714920044,0.6666327714920044,0.6666327714920044,0.6666327714920044,0.6666327714920044,0.9517146348953247,0.6666327714920044,0.6666327714920044,0.6666327714920044,0.6666327714920044,0.6666327714920044,0.6666327714920044,0.6666327714920044,0.6666327714920044,0.6666327714920044,0.6666327714920044,0.5,0.5,0.5,0.5,0.6666327714920044,0.6666327714920044,0.5,0.43807876110076904,0.5373865365982056,0.9523252248764038,0.9523252248764038,0.5916702747344971,0.9523252248764038,0.5298060178756714,0.9515620470046997,nan,22.5584397315979,0.09579329192638397,-37.70149388231301,0.1332869529724121
150,2.8050577640533447,0.1332869529724121,0.671412467956543,0.6666327714920044,0.6666327714920044,0.6666327714920044,0.6666157841682434,0.6666327714920044,0.6666327714920044,0.6666327714920044,0.6666327714920044,0.6666327714920044,0.6666327714920044,0.6666327714920044,0.6666327714920044,0.6666327714920044,0.6666327714920044,0.6666327714920044,0.6666327714920044,0.6666327714920044,0.9518673419952393,0.6666327714920044,0.6666327714920044,0.6666327714920044,0.6666327714920044,0.6666327714920044,0.6666327714920044,0.6666327714920044,0.6666327714920044,0.6666327714920044,0.6666327714920044,0.5,0.5,0.5,0.5,0.6666327714920044,0.6666327714920044,0.5,0.4389946162700653,0.5216662883758545,0.9523252248764038,0.9523252248764038,0.5648592710494995,0.9523252248764038,0.5164260864257812,0.9517655372619629,nan,22.07245969772339,0.09579431265592575,-37.954106943494295,0.1332869529724121

151,2.8042328357696533,0.13368453085422516,0.6706069707870483,0.6666836142539978,0.6666327714920044,0.6666836142539978,0.6666157841682434,0.6666836142539978,0.6666327714920044,0.6666327714920044,0.6666327714920044,0.6666836142539978,0.6666327714920044,0.6666836142539978,0.6666836142539978,0.6666836142539978,0.6666836142539978,0.6666836142539978,0.6666327714920044,0.6666327714920044,0.9519690275192261,0.6666327714920044,0.6666327714920044,0.6644959449768066,0.6666836142539978,0.6666836142539978,0.6666327714920044,0.6666327714920044,0.6666327714920044,0.6666836142539978,0.6666836142539978,0.5,0.5,0.5,0.5,0.6666327714920044,0.6666327714920044,0.5,0.43929988145828247,0.5117965936660767,0.9523252248764038,0.952376127243042,0.5528019666671753,0.9523252248764038,0.50472491979599,0.9518673419952393,nan,22.32336950302124,0.09621252119541168,-38.20909976911834,0.13368453085422516
152,2.803407669067383,0.133585125207901,0.6694118976593018,0.6666327714920044,0.6666327714920044,0.6666327714920044,0.6666157841682434,0.6666327714920044,0.6666327714920044,0.6666327714920044,0.6666327714920044,0.6666327714920044,0.6666327714920044,0.6666327714920044,0.6666327714920044,0.6666327714920044,0.6666327714920044,0.6666327714920044,0.6666327714920044,0.6666327714920044,0.9521217346191406,0.6666327714920044,0.6666327714920044,0.6666327714920044,0.6666327714920044,0.6666327714920044,0.6666327714920044,0.6666327714920044,0.6666327714920044,0.6666327714920044,0.6666327714920044,0.5,0.5,0.5,0.5,0.6666327714920044,0.6666327714920044,0.5,0.439605176448822,0.4974499046802521,0.952376127243042,0.952376127243042,0.5231927037239075,0.952376127243042,0.4951605200767517,0.9520199298858643,nan,21.886772632598877,0.09617896378040314,-38.46486233171987,0.133585125207901
153,2.8025941848754883,0.133585125207901,0.6685116291046143,0.6666327714920044,0.6666327714920044,0.6666327714920044,0.6666157841682434,0.6666327714920044,0.6666327714920044,0.6666327714920044,0.6666327714920044,0.6666327714920044,0.6666327714920044,0.6666327714920044,0.6666327714920044,0.6666327714920044,0.6666327714920044,0.6666327714920044,0.6666327714920044,0.6666327714920044,0.9521217346191406,0.6666327714920044,0.6666327714920044,0.6666327714920044,0.6666327714920044,0.6666327714920044,0.6666327714920044,0.6666327714920044,0.6666327714920044,0.6666327714920044,0.6666327714920044,0.5,0.5,0.5,0.5,0.6666327714920044,0.6666327714920044,0.5,0.4399104416370392,0.4893608093261719,0.952376127243042,0.952376127243042,0.5001463294029236,0.952376127243042,0.4872749447822571,0.9520708322525024,nan,22.100837230682373,0.0961865484714508,-38.716307952216575,0.133585125207901
154,2.8017942905426025,0.133585125207901,0.6680504679679871,0.6666327714920044,0.6666327714920044,0.6666327714920044,0.6666157841682434,0.6666327714920044,0.6666327714920044,0.6666327714920044,0.6666327714920044,0.6666327714920044,0.6666327714920044,0.6666327714920044,0.6666327714920044,0.6666327714920044,0.6666327714920044,0.6666327714920044,0.6666327714920044,0.6666327714920044,0.952172577381134,0.6666327714920044,0.6666327714920044,0.6666327714920044,0.6666327714920044,0.6666327714920044,0.6666327714920044,0.6666327714920044,0.6666327714920044,0.6666327714920044,0.6666327714920044,0.5,0.5,0.5,0.5,0.6666327714920044,0.6666327714920044,0.5,0.44016486406326294,0.4811699688434601,0.952376127243042,0.952376127243042,0.4876819849014282,0.952376127243042,0.4877328872680664,0.952172577381134,nan,22.175838232040405,0.09629229456186295,-38.97078926034102,0.133585125207901
155,2.8010356426239014,0.13348573446273804,0.6674772500991821,0.6666327714920044,0.6666327714920044,0.6666327714920044,0.6666157841682434,0.6666327714920044,0.6666327714920044,0.6666327714920044,0.6666327714920044,0.6666327714920044,0.6666327714920044,0.6666327714920044,0.6666327714920044,0.6666327714920044,0.6666836142539978,0.6666327714920044,0.6666327714920044,0.6666327714920044,0.9522234797477722,0.6666327714920044,0.6666327714920044,0.6666327714920044,0.6666327714920044,0.6666836142539978,0.6666327714920044,0.6666327714920044,0.6666327714920044,0.6666327714920044,0.6666327714920044,0.5,0.5,0.5,0.5,0.6666327714920044,0.6666327714920044,0.5,0.44021573662757874,0.46646711230278015,0.952376127243042,0.952376127243042,0.4837137758731842,0.952376127243042,0.4815770089626312,0.952172577381134,nan,22.522177934646606,0.09606561064720154,-39.21481604576585,0.13348573446273804
156,2.8004491329193115,0.13298876583576202,0.6671674847602844,0.6666836142539978,0.6666836142539978,0.6666836142539978,0.6666666865348816,0.6666836142539978,0.6666836142539978,0.6666836142539978,0.6666836142539978,0.6666836142539978,0.6666836142539978,0.6666836142539978,0.6666836142539978,0.6666836142539978,0.6666836142539978,0.6666836142539978,0.6666836142539978,0.6666836142539978,0.952172577381134,0.6666836142539978,0.6666836142539978,0.6644959449768066,0.6666836142539978,0.6666836142539978,0.6666836142539978,0.6666836142539978,0.6666836142539978,0.6666836142539978,0.6666836142539978,0.5,0.5,0.5,0.5,0.6666836142539978,0.6666836142539978,0.5,0.44006308913230896,0.4688582420349121,0.952376127243042,0.952376127243042,0.4708932638168335,0.952376127243042,0.479796439409256,0.9521217346191406,nan,21.91482925415039,0.09572423994541168,-39.47330433222091,0.13298876583576202
157,2.799511671066284,0.13298876583576202,0.6665780544281006,0.6666327714920044,0.6666327714920044,0.6666327714920044,0.6666157841682434,0.6666327714920044,0.6666327714920044,0.6666327714920044,0.6666327714920044,0.6666327714920044,0.6666327714920044,0.6666327714920044,0.6666327714920044,0.6666327714920044,0.6666327714920044,0.6666327714920044,0.6666327714920044,0.6666327714920044,0.9522234797477722,0.6666327714920044,0.6666327714920044,0.6666327714920044,0.6666327714920044,0.6666327714920044,0.6666327714920044,0.6666327714920044,0.6666327714920044,0.6666327714920044,0.6666327714920044,0.5,0.5,0.5,0.5,0.6666327714920044,0.6666327714920044,0.5,0.4403174817562103,0.4520695209503174,0.952376127243042,0.952376127243042,0.46936705708503723,0.952376127243042,0.47165647149086,0.9522234797477722,nan,22.032979249954224,0.09554122388362885,-39.735380102395894,0.13298876583576202
158,2.7986648082733154,0.13348573446273804,0.6661920547485352,0.6666327714920044,0.6666327714920044,0.6666327714920044,0.6666157841682434,0.6666327714920044,0.6666327714920044,0.6666327714920044,0.6666327714920044,0.6666327714920044,0.6666327714920044,0.6666327714920044,0.6666327714920044,0.6666327714920044,0.6666327714920044,0.6666327714920044,0.6666327714920044,0.6666327714920044,0.9522743225097656,0.6666327714920044,0.6666327714920044,0.6666327714920044,0.6666327714920044,0.6666327714920044,0.6666327714920044,0.6666327714920044,0.6666327714920044,0.6666327714920044,0.6666327714920044,0.5,0.5,0.5,0.5,0.6666327714920044,0.6666327714920044,0.5,0.4403683841228485,0.45013630390167236,0.952376127243042,0.952376127243042,0.46305859088897705,0.952376127243042,0.46316033601760864,0.9522743225097656,nan,22.012838125228882,0.0963011085987091,-39.991743028051346,0.13348573446273804
159,2.7978744506835938,0.133585125207901,0.6659470200538635,0.6666327714920044,0.6666327714920044,0.6666327714920044,0.6666157841682434,0.6666327714920044,0.6666327714920044,0.6666327714920044,0.6666327714920044,0.6666327714920044,0.6666327714920044,0.6666327714920044,0.6666327714920044,0.6666327714920044,0.6666327714920044,0.6666327714920044,0.6666327714920044,0.6666327714920044,0.9522743225097656,0.6666327714920044,0.6666327714920044,0.6666327714920044,0.6666327714920044,0.6666327714920044,0.6666327714920044,0.6666327714920044,0.6666327714920044,0.6666327714920044,0.6666327714920044,0.5,0.5,0.5,0.5,0.6666327714920044,0.6666327714920044,0.5,0.4403683841228485,0.4459136724472046,0.952376127243042,0.952376127243042,0.46316033601760864,0.952376127243042,0.4567500650882721,0.9522743225097656,nan,22.324532747268677,0.09640400856733322,-40.25578703945241,0.133585125207901
160,2.7970893383026123,0.133585125207901,0.6659111976623535,0.6666327714920044,0.6666327714920044,0.6666327714920044,0.6666157841682434,0.6666327714920044,0.6666327714920044,0.6666327714920044,0.6666327714920044,0.6666327714920044,0.6666327714920044,0.6666327714920044,0.6666327714920044,0.6666327714920044,0.6666327714920044,0.6666327714920044,0.6666327714920044,0.6666327714920044,0.9523252248764038,0.6666327714920044,0.6666327714920044,0.6666327714920044,0.6666327714920044,0.6666327714920044,0.6666327714920044,0.6666327714920044,0.6666327714920044,0.6666327714920044,0.6666327714920044,0.5,0.5,0.5,0.5,0.6666327714920044,0.6666327714920044,0.5,0.4403683841228485,0.44611719250679016,0.952376127243042,0.952376127243042,0.4632621109485626,0.952376127243042,0.45486772060394287,0.9522743225097656,nan,21.546401500701904,0.0963752418756485,-40.51872567814845,0.133585125207901

161,2.7963075637817383,0.13368453085422516,0.6657216548919678,0.6666327714920044,0.6666327714920044,0.6666327714920044,0.6666157841682434,0.6666327714920044,0.6666327714920044,0.6666327714920044,0.6666327714920044,0.6666327714920044,0.6666327714920044,0.6666327714920044,0.6666327714920044,0.6666327714920044,0.6666327714920044,0.6666327714920044,0.6666327714920044,0.6666327714920044,0.9523252248764038,0.6666327714920044,0.6666327714920044,0.6666327714920044,0.6666327714920044,0.6666327714920044,0.6666327714920044,0.6666327714920044,0.6666327714920044,0.6666327714920044,0.6666327714920044,0.5,0.5,0.5,0.5,0.6666327714920044,0.6666327714920044,0.5,0.4404192566871643,0.44621896743774414,0.952376127243042,0.952376127243042,0.45690271258354187,0.952376127243042,0.45288360118865967,0.9523252248764038,nan,21.693002462387085,0.09643419086933136,-40.78516093334565,0.13368453085422516
162,2.795527696609497,0.13378392159938812,0.6656396389007568,0.6666327714920044,0.6666327714920044,0.6666327714920044,0.6666157841682434,0.6666327714920044,0.6666327714920044,0.6666327714920044,0.6666327714920044,0.6666327714920044,0.6666327714920044,0.6666327714920044,0.6666327714920044,0.6666327714920044,0.6666327714920044,0.6666327714920044,0.6666327714920044,0.6666327714920044,0.952376127243042,0.6666327714920044,0.6666327714920044,0.6666327714920044,0.6666327714920044,0.6666327714920044,0.6666327714920044,0.6666327714920044,0.6666327714920044,0.6666327714920044,0.6666327714920044,0.5,0.5,0.5,0.5,0.6666327714920044,0.6666327714920044,0.5,0.4404701292514801,0.44433659315109253,0.952376127243042,0.952376127243042,0.45502036809921265,0.952376127243042,0.45303624868392944,0.9523252248764038,nan,21.96699619293213,0.09646735340356827,-41.05398480402358,0.13378392159938812
163,2.7947463989257812,0.13398270308971405,0.6654477119445801,0.6666327714920044,0.6666327714920044,0.6666327714920044,0.6666157841682434,0.6666327714920044,0.6666327714920044,0.6666327714920044,0.6666327714920044,0.6666327714920044,0.6666327714920044,0.6666327714920044,0.6666327714920044,0.6666327714920044,0.6666327714920044,0.6666327714920044,0.6666327714920044,0.6666327714920044,0.952376127243042,0.6666327714920044,0.6666327714920044,0.6666327714920044,0.6666327714920044,0.6666327714920044,0.6666327714920044,0.6666327714920044,0.6666327714920044,0.6666327714920044,0.6666327714920044,0.5,0.5,0.5,0.5,0.6666327714920044,0.6666327714920044,0.5,0.4404701292514801,0.4443874657154083,0.952376127243042,0.952376127243042,0.45084863901138306,0.952376127243042,0.44886448979377747,0.952376127243042,nan,21.285916328430176,0.09664710611104965,-41.32505967443807,0.13398270308971405
164,2.793966293334961,0.1343802809715271,0.6653021574020386,0.6666327714920044,0.6666327714920044,0.6666327714920044,0.6666157841682434,0.6666327714920044,0.6666327714920044,0.6666327714920044,0.6666327714920044,0.6666327714920044,0.6666327714920044,0.6666327714920044,0.6666327714920044,0.6666327714920044,0.6666327714920044,0.6666327714920044,0.6666327714920044,0.6666327714920044,0.952376127243042,0.6666327714920044,0.6666327714920044,0.6666327714920044,0.6666327714920044,0.6666327714920044,0.6666327714920044,0.6666327714920044,0.6666327714920044,0.6666327714920044,0.6666327714920044,0.5,0.5,0.5,0.5,0.6666327714920044,0.6666327714920044,0.5,0.4404701292514801,0.4444383680820465,0.952376127243042,0.952376127243042,0.4466260075569153,0.952376127243042,0.44677865505218506,0.952376127243042,nan,22.05532455444336,0.0970517098903656,-41.599023234878565,0.1343802809715271
165,2.793182849884033,0.1343802809715271,0.6652039289474487,0.6666327714920044,0.6666327714920044,0.6666327714920044,0.6666157841682434,0.6666327714920044,0.6666327714920044,0.6666327714920044,0.6666327714920044,0.6666327714920044,0.6666327714920044,0.6666327714920044,0.6666327714920044,0.6666327714920044,0.6666327714920044,0.6666327714920044,0.6666327714920044,0.6666327714920044,0.952376127243042,0.6666327714920044,0.6666327714920044,0.6666327714920044,0.6666327714920044,0.6666327714920044,0.6666327714920044,0.6666327714920044,0.6666327714920044,0.6666327714920044,0.6666327714920044,0.5,0.5,0.5,0.5,0.6666327714920044,0.6666327714920044,0.5,0.4404701292514801,0.4444383680820465,0.952376127243042,0.952376127243042,0.4445401132106781,0.952376127243042,0.4446418881416321,0.952376127243042,nan,21.77827548980713,0.0970517098903656,-41.87609070388404,0.1343802809715271
166,2.7923998832702637,0.13408209383487701,0.6651599407196045,0.6666327714920044,0.6666327714920044,0.6666327714920044,0.6666157841682434,0.6666327714920044,0.6666327714920044,0.6666327714920044,0.6666327714920044,0.6666327714920044,0.6666327714920044,0.6666327714920044,0.6666327714920044,0.6666327714920044,0.6666327714920044,0.6666327714920044,0.6666327714920044,0.6666327714920044,0.952376127243042,0.6666327714920044,0.6666327714920044,0.6666327714920044,0.6666327714920044,0.6666327714920044,0.6666327714920044,0.6666327714920044,0.6666327714920044,0.6666327714920044,0.6666327714920044,0.5,0.5,0.5,0.5,0.6666327714920044,0.6666327714920044,0.5,0.4404701292514801,0.4445909857749939,0.952376127243042,0.952376127243042,0.4424542486667633,0.952376127243042,0.4446927607059479,0.952376127243042,nan,22.20133113861084,0.09685294330120087,-42.15634329382272,0.13408209383487701
167,2.7916479110717773,0.13408209383487701,0.6651102304458618,0.6666327714920044,0.6666327714920044,0.6666327714920044,0.6666157841682434,0.6666327714920044,0.6666327714920044,0.6666327714920044,0.6666327714920044,0.6666327714920044,0.6666327714920044,0.6666327714920044,0.6666327714920044,0.6666327714920044,0.6666327714920044,0.6666327714920044,0.6666327714920044,0.6666327714920044,0.952376127243042,0.6666327714920044,0.6666327714920044,0.6666327714920044,0.6666327714920044,0.6666327714920044,0.6666327714920044,0.6666327714920044,0.6666327714920044,0.6666327714920044,0.6666327714920044,0.5,0.5,0.5,0.5,0.6666327714920044,0.6666327714920044,0.5,0.4404701292514801,0.4424542486667633,0.952376127243042,0.952376127243042,0.4424542486667633,0.952376127243042,0.4446927607059479,0.952376127243042,nan,22.205087900161743,0.09659336507320404,-42.442612575496504,0.13408209383487701
168,2.7908971309661865,0.13398270308971405,0.6652073860168457,0.6666327714920044,0.6666327714920044,0.6666327714920044,0.6666157841682434,0.6666327714920044,0.6666327714920044,0.6666327714920044,0.6666327714920044,0.6666327714920044,0.6666327714920044,0.6666327714920044,0.6666327714920044,0.6666327714920044,0.6666327714920044,0.6666327714920044,0.6666327714920044,0.6666327714920044,0.952376127243042,0.6666327714920044,0.6666327714920044,0.6666327714920044,0.6666327714920044,0.6666327714920044,0.6666327714920044,0.6666327714920044,0.6666327714920044,0.6666327714920044,0.6666327714920044,0.5,0.5,0.5,0.5,0.6666327714920044,0.6666327714920044,0.5,0.4404701292514801,0.4445909857749939,0.952376127243042,0.952376127243042,0.4445401132106781,0.952376127243042,0.4446418881416321,0.952376127243042,nan,22.152137994766235,0.09659676998853683,-42.720588016007625,0.13398270308971405
169,2.790297746658325,0.13338634371757507,0.665193498134613,0.6666327714920044,0.6666327714920044,0.6666327714920044,0.6666157841682434,0.6666327714920044,0.6666327714920044,0.6666327714920044,0.6666327714920044,0.6666327714920044,0.6666327714920044,0.6666327714920044,0.6666327714920044,0.6666327714920044,0.6666327714920044,0.6666327714920044,0.6666327714920044,0.6666327714920044,0.9522743225097656,0.6666327714920044,0.6666327714920044,0.6666327714920044,0.6666327714920044,0.6666327714920044,0.6666327714920044,0.6666327714920044,0.6666327714920044,0.6666327714920044,0.6666327714920044,0.5,0.5,0.5,0.5,0.6666327714920044,0.6666327714920044,0.5,0.4403683841228485,0.4423525035381317,0.9523252248764038,0.9523252248764038,0.4444892406463623,0.9523252248764038,0.44677865505218506,0.9522743225097656,nan,22.071847438812256,0.09576576948165894,-43.01087492425356,0.13338634371757507
170,2.7894551753997803,0.1338833123445511,0.6651992797851562,0.6666327714920044,0.6666327714920044,0.6666327714920044,0.6666157841682434,0.6666327714920044,0.6666327714920044,0.6666327714920044,0.6666327714920044,0.6666327714920044,0.6666327714920044,0.6666327714920044,0.6666327714920044,0.6666327714920044,0.6666327714920044,0.6666327714920044,0.6666327714920044,0.6666327714920044,0.9523252248764038,0.6666327714920044,0.6666327714920044,0.6666327714920044,0.6666327714920044,0.6666327714920044,0.6666327714920044,0.6666327714920044,0.6666327714920044,0.6666327714920044,0.6666327714920044,0.5,0.5,0.5,0.5,0.6666327714920044,0.6666327714920044,0.5,0.4404192566871643,0.4445401132106781,0.952376127243042,0.952376127243042,0.4445401132106781,0.952376127243042,0.4444892406463623,0.9523252248764038,nan,22.188912868499756,0.09640057384967804,-43.28408941783247,0.1338833123445511

171,2.790379524230957,0.133585125207901,0.665168046951294,0.6668362617492676,0.6668362617492676,0.6668362617492676,0.6668192744255066,0.6668362617492676,0.6668362617492676,0.6668362617492676,0.6668362617492676,0.6668362617492676,0.6646486520767212,0.6668362617492676,0.6668362617492676,0.6668362617492676,0.6668362617492676,0.6668362617492676,0.6668362617492676,0.6668362617492676,0.9522234797477722,0.6646486520767212,0.6668362617492676,0.6668362617492676,0.6668362617492676,0.6668362617492676,0.6646486520767212,0.6668362617492676,0.6668362617492676,0.6668362617492676,0.6668362617492676,0.5,0.5,0.5,0.5,0.6646486520767212,0.6668362617492676,0.5,0.4403174817562103,0.4423016309738159,0.9523252248764038,0.9523252248764038,0.45100125670433044,0.9523252248764038,0.4423525035381317,0.9522234797477722,nan,22.100029945373535,0.09617786854505539,-43.530265851329354,0.133585125207901
172,2.868694543838501,0.12483848631381989,0.6695356369018555,0.6623589992523193,0.660171389579773,0.6645466685295105,0.6645299196243286,0.6623589992523193,0.6623589992523193,0.6644957661628723,0.6601204872131348,0.660171389579773,0.6622572541236877,0.6645466685295105,0.6623589992523193,0.6648010611534119,0.6647501587867737,0.6645466685295105,0.6644449234008789,0.6644449234008789,0.882931113243103,0.6579837799072266,0.6623589992523193,0.6579837799072266,0.6623589992523193,0.6648010611534119,0.660171389579773,0.6623589992523193,0.6579328775405884,0.6645466685295105,0.6624608039855957,0.5,0.5,0.5,0.5,0.6645466685295105,0.6644957661628723,0.5,0.45496925711631775,0.5738639831542969,0.9494763612747192,0.9541568756103516,0.6066784262657166,0.9516639709472656,0.5501561760902405,0.9134052991867065,nan,21.786231756210327,0.09252854436635971,-42.263676735791066,0.12483848631381989
173,2.805769443511963,0.12354636937379837,0.6676609516143799,0.666530966758728,0.666530966758728,0.666530966758728,0.6665140390396118,0.6643433570861816,0.666530966758728,0.666530966758728,0.6643433570861816,0.666530966758728,0.666530966758728,0.666530966758728,0.666530966758728,0.666530966758728,0.666530966758728,0.666530966758728,0.6643433570861816,0.666530966758728,0.9268366098403931,0.666530966758728,0.666530966758728,0.666530966758728,0.666530966758728,0.666530966758728,0.6643433570861816,0.666530966758728,0.666530966758728,0.666530966758728,0.666530966758728,0.5,0.5,0.5,0.5,0.666530966758728,0.666530966758728,0.5,0.4437260329723358,0.47379299998283386,0.9532919526100159,0.9534446001052856,0.5194788575172424,0.9532919526100159,0.5001463294029236,0.9290242195129395,nan,21.933271169662476,0.09206708520650864,-43.29221100347936,0.12354636937379837
174,2.8290560245513916,0.12493787705898285,0.6698973178863525,0.6661748290061951,0.6639871597290039,0.6639871597290039,0.6661579012870789,0.6661748290061951,0.6639871597290039,0.6661748290061951,0.6661748290061951,0.6661748290061951,0.6617995500564575,0.6661748290061951,0.6661748290061951,0.6639871597290039,0.6661748290061951,0.6661748290061951,0.6661748290061951,0.6661748290061951,0.9256154894828796,0.6661748290061951,0.6661748290061951,0.6639871597290039,0.6661748290061951,0.6661748290061951,0.6661748290061951,0.6639871597290039,0.6639871597290039,0.6661748290061951,0.6661748290061951,0.5,0.5,0.5,0.5,0.6661748290061951,0.6661748290061951,0.5,0.4473381042480469,0.512864887714386,0.9537498950958252,0.9540042877197266,0.6040331125259399,0.9537498950958252,0.5104737281799316,0.9082161784172058,nan,21.744505643844604,0.09125389158725739,-42.579396696690715,0.12493787705898285
175,2.801715612411499,0.1280190795660019,0.6710079908370972,0.6665818691253662,0.6665818691253662,0.6665818691253662,0.66656494140625,0.6665818691253662,0.6665818691253662,0.666530966758728,0.666530966758728,0.6665818691253662,0.666530966758728,0.6665818691253662,0.6665818691253662,0.6666327714920044,0.6666327714920044,0.6665818691253662,0.666530966758728,0.666530966758728,0.9330940246582031,0.6665818691253662,0.6665818691253662,0.6665818691253662,0.6665818691253662,0.6666327714920044,0.6665818691253662,0.664394199848175,0.6665818691253662,0.6665818691253662,0.6665818691253662,0.5,0.5,0.5,0.5,0.6665818691253662,0.6665818691253662,0.5,0.45613929629325867,0.509761393070221,0.9521217346191406,0.9523252248764038,0.5512246489524841,0.9520708322525024,0.5507667064666748,0.9311099052429199,nan,22.034327030181885,0.09280175715684891,-43.34369888965397,0.1280190795660019
176,2.8205714225769043,0.1250372678041458,0.6691125631332397,0.663427472114563,0.6656151413917542,0.6656151413917542,0.6655982732772827,0.6656151413917542,0.663427472114563,0.6655642986297607,0.6655642986297607,0.6656151413917542,0.6655642986297607,0.6656151413917542,0.6655642986297607,0.6656660437583923,0.6656660437583923,0.6656660437583923,0.6655642986297607,0.6655642986297607,0.9409798383712769,0.6655642986297607,0.6655642986297607,0.6656151413917542,0.6656151413917542,0.6656660437583923,0.6656151413917542,0.6612398624420166,0.6655642986297607,0.663427472114563,0.6656660437583923,0.5,0.5,0.5,0.5,0.6656151413917542,0.6656151413917542,0.5,0.4450487196445465,0.5131192803382874,0.9488149285316467,0.9532919526100159,0.5567701458930969,0.9531902074813843,0.5285853147506714,0.9037900567054749,nan,20.49912190437317,0.0887284055352211,-43.25845466434049,0.1250372678041458
177,2.794922113418579,0.13219362497329712,0.6685763597488403,0.6666836142539978,0.6666836142539978,0.6666836142539978,0.6666666865348816,0.6666836142539978,0.6666836142539978,0.6666327714920044,0.6666327714920044,0.6666836142539978,0.6666327714920044,0.6666836142539978,0.6666327714920044,0.6666836142539978,0.6666836142539978,0.6666836142539978,0.6644451022148132,0.6666327714920044,0.9435235857963562,0.6666327714920044,0.6644451022148132,0.6644959449768066,0.6666836142539978,0.6666836142539978,0.6666836142539978,0.6666836142539978,0.6666327714920044,0.6666836142539978,0.6666836142539978,0.5,0.5,0.5,0.5,0.6666836142539978,0.6666836142539978,0.5,0.44738897681236267,0.47323331236839294,0.9526305198669434,0.9526814222335815,0.4993831515312195,0.9525796175003052,0.5278732180595398,0.9369097948074341,nan,23.732627153396606,0.0940631628036499,-43.72395820340891,0.13219362497329712
178,2.7935543060302734,0.13229301571846008,0.6671628952026367,0.666530966758728,0.666530966758728,0.666530966758728,0.6665140390396118,0.666530966758728,0.666530966758728,0.666530966758728,0.666530966758728,0.666530966758728,0.666530966758728,0.666530966758728,0.666530966758728,0.666530966758728,0.666530966758728,0.666530966758728,0.666530966758728,0.666530966758728,0.9399623870849609,0.666530966758728,0.666530966758728,0.666530966758728,0.666530966758728,0.666530966758728,0.666530966758728,0.666530966758728,0.666530966758728,0.666530966758728,0.666530966758728,0.5,0.5,0.5,0.5,0.6643433570861816,0.666530966758728,0.5,0.4437769055366516,0.4619392156600952,0.9528849124908447,0.9530884027481079,0.47063887119293213,0.9528849124908447,0.5055900812149048,0.9443376660346985,nan,19.06378149986267,0.09451696276664734,-44.18192766949974,0.13229301571846008
179,2.7885754108428955,0.13229301571846008,0.6666046380996704,0.6666836142539978,0.6666836142539978,0.6666836142539978,0.6666666865348816,0.6666836142539978,0.6666836142539978,0.6666836142539978,0.6666836142539978,0.6666836142539978,0.6666836142539978,0.6666836142539978,0.6666836142539978,0.6666836142539978,0.6666836142539978,0.6666836142539978,0.6666836142539978,0.6666836142539978,0.946932315826416,0.6666836142539978,0.6666836142539978,0.6666836142539978,0.6666836142539978,0.6666836142539978,0.6666836142539978,0.6666836142539978,0.6666836142539978,0.6666836142539978,0.6666836142539978,0.5,0.5,0.5,0.5,0.6666836142539978,0.6644959449768066,0.5,0.43996134400367737,0.4472363293170929,0.9527831077575684,0.9527831077575684,0.46031123399734497,0.952732264995575,0.4971957206726074,0.9468814730644226,nan,25.287944555282593,0.09402960538864136,-44.36105944230914,0.13229301571846008
180,2.786447763442993,0.1327899843454361,0.6660221815109253,0.6666327714920044,0.6666327714920044,0.6666327714920044,0.6666157841682434,0.6666327714920044,0.6666327714920044,0.6666327714920044,0.6666327714920044,0.6666327714920044,0.6666327714920044,0.6666327714920044,0.6666327714920044,0.6666327714920044,0.6666327714920044,0.6666327714920044,0.6666327714920044,0.6666327714920044,0.9516637921333313,0.6666327714920044,0.6666327714920044,0.6666327714920044,0.6666327714920044,0.6666327714920044,0.6666327714920044,0.6666327714920044,0.6666327714920044,0.6666327714920044,0.6666327714920044,0.5,0.5,0.5,0.5,0.6666327714920044,0.6666327714920044,0.5,0.44016486406326294,0.44342073798179626,0.9525796175003052,0.9526305198669434,0.452171266078949,0.9526305198669434,0.4742002487182617,0.9516128897666931,nan,21.998458862304688,0.09514276683330536,-44.66393429644597,0.1327899843454361

181,2.785255193710327,0.13318756222724915,0.665759801864624,0.6666327714920044,0.6666327714920044,0.6666327714920044,0.6666157841682434,0.6666327714920044,0.6666327714920044,0.6666327714920044,0.6666327714920044,0.6666327714920044,0.6666327714920044,0.6666327714920044,0.6666327714920044,0.6666327714920044,0.6666327714920044,0.6666327714920044,0.6666327714920044,0.6666327714920044,0.9521217346191406,0.6666327714920044,0.6666327714920044,0.6666327714920044,0.6666327714920044,0.6666327714920044,0.6666327714920044,0.6666327714920044,0.6666327714920044,0.6666327714920044,0.6666327714920044,0.5,0.5,0.5,0.5,0.6666327714920044,0.6666327714920044,0.5,0.4403174817562103,0.4439804255962372,0.9524270296096802,0.9524270296096802,0.44611719250679016,0.9524270296096802,0.46794265508651733,0.9520708322525024,nan,22.659189224243164,0.09554319828748703,-44.88522487041692,0.13318756222724915
182,2.784331798553467,0.133585125207901,0.6652778387069702,0.6666327714920044,0.6666327714920044,0.6666327714920044,0.6666157841682434,0.6666327714920044,0.6666327714920044,0.6666327714920044,0.6666327714920044,0.6666327714920044,0.6666327714920044,0.6666327714920044,0.6666327714920044,0.6666327714920044,0.6666327714920044,0.6666327714920044,0.6666327714920044,0.6666327714920044,0.952172577381134,0.6666327714920044,0.6666327714920044,0.6666327714920044,0.6666327714920044,0.6666327714920044,0.6666327714920044,0.6666327714920044,0.6666327714920044,0.6666327714920044,0.6666327714920044,0.5,0.5,0.5,0.5,0.6666327714920044,0.6666327714920044,0.5,0.4403683841228485,0.44204720854759216,0.952376127243042,0.952376127243042,0.44433659315109253,0.952376127243042,0.45089951157569885,0.952172577381134,nan,22.0866117477417,0.09602601081132889,-45.09289693647558,0.133585125207901
183,2.7835326194763184,0.1338833123445511,0.6652420163154602,0.6666327714920044,0.6666327714920044,0.6666327714920044,0.6666157841682434,0.6666327714920044,0.6666327714920044,0.6666327714920044,0.6666327714920044,0.6666327714920044,0.6666327714920044,0.6666327714920044,0.6666327714920044,0.6666327714920044,0.6666327714920044,0.6666327714920044,0.6666327714920044,0.6666327714920044,0.952172577381134,0.6666327714920044,0.6666327714920044,0.6666327714920044,0.6666327714920044,0.6666327714920044,0.6666327714920044,0.6666327714920044,0.6666327714920044,0.6666327714920044,0.6666327714920044,0.5,0.5,0.5,0.5,0.6666327714920044,0.6666327714920044,0.5,0.4404192566871643,0.4423016309738159,0.952376127243042,0.9524270296096802,0.4444892406463623,0.952376127243042,0.44886448979377747,0.952172577381134,nan,21.207789659500122,0.09626304358243942,-45.28682527730745,0.1338833123445511
184,2.782804489135742,0.13378392159938812,0.665239691734314,0.6666327714920044,0.6666327714920044,0.6666327714920044,0.6666157841682434,0.6666327714920044,0.6666327714920044,0.6666327714920044,0.6666327714920044,0.6666327714920044,0.6666327714920044,0.6666327714920044,0.6666327714920044,0.6666327714920044,0.6666327714920044,0.6666327714920044,0.6666327714920044,0.6666327714920044,0.9521217346191406,0.6666327714920044,0.6666327714920044,0.6666327714920044,0.6666327714920044,0.6666327714920044,0.6666327714920044,0.6666327714920044,0.6666327714920044,0.6666327714920044,0.6666327714920044,0.5,0.5,0.5,0.5,0.6666327714920044,0.6666327714920044,0.5,0.4404192566871643,0.4423016309738159,0.952376127243042,0.952376127243042,0.4444892406463623,0.952376127243042,0.44891539216041565,0.9521217346191406,nan,22.51975917816162,0.09612801671028137,-45.47419477151291,0.13378392159938812
185,2.7821061611175537,0.13418149948120117,0.665193498134613,0.6666327714920044,0.6666327714920044,0.6666327714920044,0.6666157841682434,0.6666327714920044,0.6666327714920044,0.6666327714920044,0.6666327714920044,0.6666327714920044,0.6666327714920044,0.6666327714920044,0.6666327714920044,0.6666327714920044,0.6666327714920044,0.6666327714920044,0.6666327714920044,0.6666327714920044,0.952172577381134,0.6666327714920044,0.6666327714920044,0.6666327714920044,0.6666327714920044,0.6666327714920044,0.6666327714920044,0.6666327714920044,0.6666327714920044,0.6666327714920044,0.6666327714920044,0.5,0.5,0.5,0.5,0.6666327714920044,0.6666327714920044,0.5,0.4404192566871643,0.44016486406326294,0.952376127243042,0.952376127243042,0.4445401132106781,0.952376127243042,0.44891539216041565,0.952172577381134,nan,22.024203777313232,0.09650932252407074,-45.65330590453895,0.13418149948120117
186,2.7814407348632812,0.13398270308971405,0.66519695520401,0.6666327714920044,0.6666327714920044,0.6666327714920044,0.6666157841682434,0.6666327714920044,0.6666327714920044,0.6666327714920044,0.6666327714920044,0.6666327714920044,0.6666327714920044,0.6666327714920044,0.6666327714920044,0.6666327714920044,0.6666327714920044,0.6666327714920044,0.6666327714920044,0.6666327714920044,0.9522234797477722,0.6666327714920044,0.6666327714920044,0.6666327714920044,0.6666327714920044,0.6666327714920044,0.6666327714920044,0.6666327714920044,0.6666327714920044,0.6666327714920044,0.6666327714920044,0.5,0.5,0.5,0.5,0.6666327714920044,0.6666327714920044,0.5,0.4404701292514801,0.44016486406326294,0.952376127243042,0.952376127243042,0.4445401132106781,0.952376127243042,0.44891539216041565,0.9522234797477722,nan,21.690611600875854,0.09627203643321991,-45.82980256440352,0.13398270308971405
187,2.780795097351074,0.13418149948120117,0.6651045083999634,0.6666327714920044,0.6666327714920044,0.6666327714920044,0.6666157841682434,0.6666327714920044,0.6666327714920044,0.6666327714920044,0.6666327714920044,0.6666327714920044,0.6666327714920044,0.6666327714920044,0.6666327714920044,0.6666327714920044,0.6666327714920044,0.6666327714920044,0.6666327714920044,0.6666327714920044,0.952376127243042,0.6666327714920044,0.6666327714920044,0.6666327714920044,0.6666327714920044,0.6666327714920044,0.6666327714920044,0.6666327714920044,0.6666327714920044,0.6666327714920044,0.6666327714920044,0.5,0.5,0.5,0.5,0.6666327714920044,0.6666327714920044,0.5,0.4404701292514801,0.44021573662757874,0.952376127243042,0.952376127243042,0.4445401132106781,0.952376127243042,0.4446418881416321,0.9523252248764038,nan,21.470088243484497,0.09645089507102966,-46.004248884963346,0.13418149948120117
188,2.780160665512085,0.1343802809715271,0.6651091575622559,0.6666327714920044,0.6666327714920044,0.6666327714920044,0.6666157841682434,0.6666327714920044,0.6666327714920044,0.6666327714920044,0.6666327714920044,0.6666327714920044,0.6666327714920044,0.6666327714920044,0.6666327714920044,0.6666327714920044,0.6666327714920044,0.6666327714920044,0.6666327714920044,0.6666327714920044,0.952376127243042,0.6666327714920044,0.6666327714920044,0.6666327714920044,0.6666327714920044,0.6666327714920044,0.6666327714920044,0.6666327714920044,0.6666327714920044,0.6666327714920044,0.6666327714920044,0.5,0.5,0.5,0.5,0.6666327714920044,0.6666327714920044,0.5,0.4404701292514801,0.44026660919189453,0.952376127243042,0.952376127243042,0.4446418881416321,0.952376127243042,0.4446418881416321,0.952376127243042,nan,22.42341184616089,0.09664864093065262,-46.1793229118539,0.1343802809715271
189,2.779541492462158,0.13418149948120117,0.6650617122650146,0.6666327714920044,0.6666327714920044,0.6666327714920044,0.6666157841682434,0.6666327714920044,0.6666327714920044,0.6666327714920044,0.6666327714920044,0.6666327714920044,0.6666327714920044,0.6666327714920044,0.6666327714920044,0.6666327714920044,0.6666327714920044,0.6666327714920044,0.6666327714920044,0.6666327714920044,0.952376127243042,0.6666327714920044,0.6666327714920044,0.6666327714920044,0.6666327714920044,0.6666327714920044,0.6666327714920044,0.6666327714920044,0.6666327714920044,0.6666327714920044,0.6666327714920044,0.5,0.5,0.5,0.5,0.6666327714920044,0.6666327714920044,0.5,0.4404701292514801,0.44026660919189453,0.952376127243042,0.952376127243042,0.44474363327026367,0.952376127243042,0.4425051510334015,0.952376127243042,nan,21.706160068511963,0.09648718684911728,-46.353079227576046,0.13418149948120117
190,2.778930425643921,0.13418149948120117,0.6650131940841675,0.6666327714920044,0.6666327714920044,0.6666327714920044,0.6666157841682434,0.6666327714920044,0.6666327714920044,0.6666327714920044,0.6666327714920044,0.6666327714920044,0.6666327714920044,0.6666327714920044,0.6666327714920044,0.6666327714920044,0.6666327714920044,0.6666327714920044,0.6666327714920044,0.6666327714920044,0.952376127243042,0.6666327714920044,0.6666327714920044,0.6666327714920044,0.6666327714920044,0.6666327714920044,0.6666327714920044,0.6666327714920044,0.6666327714920044,0.6666327714920044,0.6666327714920044,0.5,0.5,0.5,0.5,0.6666327714920044,0.6666327714920044,0.5,0.4404701292514801,0.4403174817562103,0.952376127243042,0.952376127243042,0.44474363327026367,0.952376127243042,0.4403683841228485,0.952376127243042,nan,19.03934931755066,0.09648718684911728,-46.524964756004,0.13418149948120117

191,2.7784786224365234,0.13378392159938812,0.6649322509765625,0.666734516620636,0.666734516620636,0.6623592376708984,0.666717529296875,0.666734516620636,0.666734516620636,0.666734516620636,0.666734516620636,0.666734516620636,0.666734516620636,0.666734516620636,0.666734516620636,0.666734516620636,0.666734516620636,0.666734516620636,0.666734516620636,0.666734516620636,0.952376127243042,0.666734516620636,0.666734516620636,0.666734516620636,0.666734516620636,0.666734516620636,0.666734516620636,0.666734516620636,0.666734516620636,0.666734516620636,0.666734516620636,0.5,0.5,0.5,0.5,0.666734516620636,0.666734516620636,0.5,0.4404701292514801,0.4404701292514801,0.952376127243042,0.952376127243042,0.4426068961620331,0.952376127243042,0.4403683841228485,0.952376127243042,nan,24.711305856704712,0.09602462500333786,-46.69411946016021,0.13378392159938812
192,2.8236114978790283,0.12712453305721283,0.6674714088439941,0.6664801239967346,0.6664801239967346,0.6665818691253662,0.6643681526184082,0.6665818691253662,0.6664801239967346,0.6664801239967346,0.6642924547195435,0.6665818691253662,0.6642924547195435,0.6665818691253662,0.6642924547195435,0.6665818691253662,0.6665818691253662,0.664394199848175,0.6621048450469971,0.6664801239967346,0.8938186168670654,0.6621048450469971,0.6664801239967346,0.6642924547195435,0.664394199848175,0.6622574925422668,0.6664801239967346,0.6642924547195435,0.6664801239967346,0.664394199848175,0.664394199848175,0.5,0.5,0.5,0.5,0.664394199848175,0.6578313112258911,0.5,0.4405210018157959,0.4973481297492981,0.9539533853530884,0.9539533853530884,0.5404902100563049,0.9539533853530884,0.5258382558822632,0.9222069382667542,nan,22.22011399269104,0.09428553283214569,-46.136164613751625,0.12712453305721283
193,2.78545880317688,0.13080210983753204,0.6665272116661072,0.666530966758728,0.666530966758728,0.666530966758728,0.6665140390396118,0.666530966758728,0.666530966758728,0.666530966758728,0.666530966758728,0.666530966758728,0.666530966758728,0.666530966758728,0.666530966758728,0.666530966758728,0.666530966758728,0.666530966758728,0.666530966758728,0.666530966758728,0.9319750666618347,0.666530966758728,0.666530966758728,0.666530966758728,0.666530966758728,0.666530966758728,0.666530966758728,0.666530966758728,0.666530966758728,0.666530966758728,0.666530966758728,0.5,0.5,0.5,0.5,0.666530966758728,0.666530966758728,0.5,0.44698217511177063,0.45161160826683044,0.9533936977386475,0.9534446001052856,0.4690108895301819,0.9533936977386475,0.49297311902046204,0.942913293838501,nan,22.282765865325928,0.09554243087768555,-46.620765233321855,0.13080210983753204
194,2.7796502113342285,0.13219362497329712,0.6658673286437988,0.6666327714920044,0.6666327714920044,0.6666327714920044,0.6666157841682434,0.6666327714920044,0.6666327714920044,0.6666327714920044,0.6666327714920044,0.6666327714920044,0.6666327714920044,0.6666327714920044,0.6666327714920044,0.6666327714920044,0.6666327714920044,0.6666327714920044,0.6666327714920044,0.6666327714920044,0.9497814178466797,0.6644451022148132,0.6666327714920044,0.6666327714920044,0.6666327714920044,0.6666327714920044,0.6666327714920044,0.6666327714920044,0.6666327714920044,0.6666327714920044,0.6666327714920044,0.5,0.5,0.5,0.5,0.6666327714920044,0.6666327714920044,0.5,0.4406227767467499,0.44148752093315125,0.952732264995575,0.9527831077575684,0.4437260329723358,0.952732264995575,0.48086491227149963,0.9519181847572327,nan,21.971571683883667,0.09818413853645325,-46.82539760330636,0.13219362497329712
195,2.777548313140869,0.13269059360027313,0.6653841733932495,0.6666327714920044,0.6666327714920044,0.6666327714920044,0.6666157841682434,0.6666327714920044,0.6666327714920044,0.6666327714920044,0.6666327714920044,0.6666327714920044,0.6666327714920044,0.6666327714920044,0.6666327714920044,0.6666327714920044,0.6666327714920044,0.6666327714920044,0.6666327714920044,0.6666327714920044,0.952172577381134,0.6666327714920044,0.6666327714920044,0.6666327714920044,0.6666327714920044,0.6666327714920044,0.6666327714920044,0.6666327714920044,0.6666327714920044,0.6666327714920044,0.6666327714920044,0.5,0.5,0.5,0.5,0.6666327714920044,0.6666327714920044,0.5,0.4404701292514801,0.44214898347854614,0.952376127243042,0.952376127243042,0.44214898347854614,0.952376127243042,0.4574624001979828,0.952172577381134,nan,22.083163261413574,0.09734959155321121,-47.026722155678,0.13269059360027313
196,2.7766573429107666,0.13398270308971405,0.6651530265808105,0.6666327714920044,0.6666327714920044,0.6666327714920044,0.6666157841682434,0.6666327714920044,0.6666327714920044,0.6666327714920044,0.6666327714920044,0.6666327714920044,0.6666327714920044,0.6666327714920044,0.6666327714920044,0.6666327714920044,0.6666327714920044,0.6666327714920044,0.6666327714920044,0.6666327714920044,0.9523252248764038,0.6666327714920044,0.6666327714920044,0.6666327714920044,0.6666327714920044,0.6666327714920044,0.6666327714920044,0.6666327714920044,0.6666327714920044,0.6666327714920044,0.6666327714920044,0.5,0.5,0.5,0.5,0.6666327714920044,0.6666327714920044,0.5,0.4404701292514801,0.44021573662757874,0.952376127243042,0.952376127243042,0.4445401132106781,0.952376127243042,0.44677865505218506,0.9523252248764038,nan,21.96073818206787,0.09651258587837219,-47.22031092210077,0.13398270308971405
197,2.776179075241089,0.1343802809715271,0.665151834487915,0.6666327714920044,0.6666327714920044,0.6666327714920044,0.6666157841682434,0.6666327714920044,0.6666327714920044,0.6666327714920044,0.6666327714920044,0.6666327714920044,0.6666327714920044,0.6666327714920044,0.6666327714920044,0.6666327714920044,0.6666327714920044,0.6666327714920044,0.6666327714920044,0.6666327714920044,0.9522743225097656,0.6666327714920044,0.6666327714920044,0.6666327714920044,0.6666327714920044,0.6666327714920044,0.6666327714920044,0.6666327714920044,0.6666327714920044,0.6666327714920044,0.6666327714920044,0.5,0.5,0.5,0.5,0.6666327714920044,0.6666327714920044,0.5,0.4404701292514801,0.44021573662757874,0.952376127243042,0.952376127243042,0.4424033761024475,0.952376127243042,0.44896626472473145,0.9522743225097656,nan,22.17703151702881,0.09678002446889877,-47.39500135901955,0.1343802809715271
198,2.775400400161743,0.13457906246185303,0.6651067733764648,0.6666327714920044,0.6666327714920044,0.6666327714920044,0.6666157841682434,0.6666327714920044,0.6666327714920044,0.6666327714920044,0.6666327714920044,0.6666327714920044,0.6666327714920044,0.6666327714920044,0.6666327714920044,0.6666327714920044,0.6666327714920044,0.6666327714920044,0.6666327714920044,0.6666327714920044,0.9523252248764038,0.6666327714920044,0.6666327714920044,0.6666327714920044,0.6666327714920044,0.6666327714920044,0.6666327714920044,0.6666327714920044,0.6666327714920044,0.6666327714920044,0.6666327714920044,0.5,0.5,0.5,0.5,0.6666327714920044,0.6666327714920044,0.5,0.4404701292514801,0.44026660919189453,0.952376127243042,0.952376127243042,0.4424542486667633,0.952376127243042,0.44682952761650085,0.9523252248764038,nan,22.311995029449463,0.09674136340618134,-47.57027351357404,0.13457906246185303
199,2.7747116088867188,0.13477785885334015,0.6649669408798218,0.6666327714920044,0.6666327714920044,0.6666327714920044,0.6666157841682434,0.6666327714920044,0.6666327714920044,0.6666327714920044,0.6666327714920044,0.6666327714920044,0.6666327714920044,0.6666327714920044,0.6666327714920044,0.6666327714920044,0.6666327714920044,0.6666327714920044,0.6666327714920044,0.6666327714920044,0.952376127243042,0.6666327714920044,0.6666327714920044,0.6666327714920044,0.6666327714920044,0.6666327714920044,0.6666327714920044,0.6666327714920044,0.6666327714920044,0.6666327714920044,0.6666327714920044,0.5,0.5,0.5,0.5,0.6666327714920044,0.6666327714920044,0.5,0.4404701292514801,0.4404701292514801,0.952376127243042,0.952376127243042,0.4426068961620331,0.952376127243042,0.4403683841228485,0.952376127243042,nan,22.674594402313232,0.09691869467496872,-47.73073904334924,0.13477785885334015
200,2.774108648300171,0.13428089022636414,0.6649669408798218,0.6666327714920044,0.6666327714920044,0.6666327714920044,0.6666157841682434,0.6666327714920044,0.6666327714920044,0.6666327714920044,0.6666327714920044,0.6666327714920044,0.6666327714920044,0.6666327714920044,0.6666327714920044,0.6666327714920044,0.6666327714920044,0.6666327714920044,0.6666327714920044,0.6666327714920044,0.952376127243042,0.6666327714920044,0.6666327714920044,0.6666327714920044,0.6666327714920044,0.6666327714920044,0.6666327714920044,0.6666327714920044,0.6666327714920044,0.6666327714920044,0.6666327714920044,0.5,0.5,0.5,0.5,0.6666327714920044,0.6666327714920044,0.5,0.4404701292514801,0.4404192566871643,0.952376127243042,0.952376127243042,0.4404192566871643,0.952376127243042,0.4426068961620331,0.952376127243042,nan,22.091691970825195,0.09639281779527664,-47.87892421293586,0.13428089022636414

201,2.7735416889190674,0.1343802809715271,0.6649196147918701,0.6666327714920044,0.6666327714920044,0.6666327714920044,0.6666157841682434,0.6666327714920044,0.6666327714920044,0.6666327714920044,0.6666327714920044,0.6666327714920044,0.6666327714920044,0.6666327714920044,0.6666327714920044,0.6666327714920044,0.6666327714920044,0.6666327714920044,0.6666327714920044,0.6666327714920044,0.952376127243042,0.6666327714920044,0.6666327714920044,0.6666327714920044,0.6666327714920044,0.6666327714920044,0.6666327714920044,0.6666327714920044,0.6666327714920044,0.6666327714920044,0.6666327714920044,0.5,0.5,0.5,0.5,0.6666327714920044,0.6666327714920044,0.5,0.4404701292514801,0.4404701292514801,0.952376127243042,0.952376127243042,0.4404701292514801,0.952376127243042,0.4404701292514801,0.952376127243042,nan,22.073586463928223,0.09647151827812195,-48.02472117046466,0.1343802809715271
202,2.773009777069092,0.13428089022636414,0.6649196147918701,0.6666327714920044,0.6666327714920044,0.6666327714920044,0.6666157841682434,0.6666327714920044,0.6666327714920044,0.6666327714920044,0.6666327714920044,0.6666327714920044,0.6666327714920044,0.6666327714920044,0.6666327714920044,0.6666327714920044,0.6666327714920044,0.6666327714920044,0.6666327714920044,0.6666327714920044,0.952376127243042,0.6666327714920044,0.6666327714920044,0.6666327714920044,0.6666327714920044,0.6666327714920044,0.6666327714920044,0.6666327714920044,0.6666327714920044,0.6666327714920044,0.6666327714920044,0.5,0.5,0.5,0.5,0.6666327714920044,0.6666327714920044,0.5,0.4404701292514801,0.4404701292514801,0.952376127243042,0.952376127243042,0.4404701292514801,0.952376127243042,0.4404701292514801,0.952376127243042,nan,22.382705450057983,0.09636708348989487,-48.16899639857999,0.13428089022636414
203,2.772460460662842,0.13408209383487701,0.6649196147918701,0.6666327714920044,0.6666327714920044,0.6666327714920044,0.6666157841682434,0.6666327714920044,0.6666327714920044,0.6666327714920044,0.6666327714920044,0.6666327714920044,0.6666327714920044,0.6666327714920044,0.6666327714920044,0.6666327714920044,0.6666327714920044,0.6666327714920044,0.6666327714920044,0.6666327714920044,0.952376127243042,0.6666327714920044,0.6666327714920044,0.6666327714920044,0.6666327714920044,0.6666327714920044,0.6666327714920044,0.6666327714920044,0.6666327714920044,0.6666327714920044,0.6666327714920044,0.5,0.5,0.5,0.5,0.6666327714920044,0.6666327714920044,0.5,0.4404701292514801,0.4404701292514801,0.952376127243042,0.952376127243042,0.4404701292514801,0.952376127243042,0.4404701292514801,0.952376127243042,nan,22.145570516586304,0.09615738689899445,-48.31298787176058,0.13408209383487701
204,2.771916627883911,0.13398270308971405,0.6649196147918701,0.6666327714920044,0.6666327714920044,0.6666327714920044,0.6666157841682434,0.6666327714920044,0.6666327714920044,0.6666327714920044,0.6666327714920044,0.6666327714920044,0.6666327714920044,0.6666327714920044,0.6666327714920044,0.6666327714920044,0.6666327714920044,0.6666327714920044,0.6666327714920044,0.6666327714920044,0.952376127243042,0.6666327714920044,0.6666327714920044,0.6666327714920044,0.6666327714920044,0.6666327714920044,0.6666327714920044,0.6666327714920044,0.6666327714920044,0.6666327714920044,0.6666327714920044,0.5,0.5,0.5,0.5,0.6666327714920044,0.6666327714920044,0.5,0.4404701292514801,0.4404701292514801,0.952376127243042,0.952376127243042,0.4404701292514801,0.952376127243042,0.4404701292514801,0.952376127243042,nan,22.269349336624146,0.09604020416736603,-48.45630873321906,0.13398270308971405
205,2.771373748779297,0.1332869529724121,0.6649196147918701,0.6666327714920044,0.6666327714920044,0.6666327714920044,0.6666157841682434,0.6666327714920044,0.6666327714920044,0.6666327714920044,0.6666327714920044,0.6666327714920044,0.6666327714920044,0.6666327714920044,0.6666327714920044,0.6666327714920044,0.6666327714920044,0.6666327714920044,0.6666327714920044,0.6666327714920044,0.952376127243042,0.6666327714920044,0.6666327714920044,0.6666327714920044,0.6666327714920044,0.6666327714920044,0.6666327714920044,0.6666327714920044,0.6666327714920044,0.6666327714920044,0.6666327714920044,0.5,0.5,0.5,0.5,0.6666327714920044,0.6666327714920044,0.5,0.4404701292514801,0.4404701292514801,0.952376127243042,0.952376127243042,0.4404701292514801,0.952376127243042,0.4404701292514801,0.952376127243042,nan,21.907620429992676,0.09540719538927078,-48.59912053259783,0.1332869529724121
206,2.7708675861358643,0.13428089022636414,0.6649196147918701,0.6666327714920044,0.6666327714920044,0.6666327714920044,0.6666157841682434,0.6666327714920044,0.6666327714920044,0.6666327714920044,0.6666327714920044,0.6666327714920044,0.6666327714920044,0.6666327714920044,0.6666327714920044,0.6666327714920044,0.6666327714920044,0.6666327714920044,0.6666327714920044,0.6666327714920044,0.952376127243042,0.6666327714920044,0.6666327714920044,0.6666327714920044,0.6666327714920044,0.6666327714920044,0.6666327714920044,0.6666327714920044,0.6666327714920044,0.6666327714920044,0.6666327714920044,0.5,0.5,0.5,0.5,0.6666327714920044,0.6666327714920044,0.5,0.4404701292514801,0.4404701292514801,0.952376127243042,0.952376127243042,0.4404701292514801,0.952376127243042,0.4404701292514801,0.952376127243042,nan,21.8018536567688,0.09636368602514267,-48.748804936979155,0.13428089022636414
207,2.770554304122925,0.13378392159938812,0.6650524735450745,0.6666327714920044,0.6666327714920044,0.6666327714920044,0.6666157841682434,0.6666327714920044,0.6666327714920044,0.6666327714920044,0.6666327714920044,0.6666327714920044,0.6666327714920044,0.6666327714920044,0.6666327714920044,0.6666327714920044,0.6666327714920044,0.6666327714920044,0.6666327714920044,0.6666327714920044,0.9522743225097656,0.6666327714920044,0.6666327714920044,0.6666327714920044,0.6666327714920044,0.6666327714920044,0.6666327714920044,0.6666327714920044,0.6666327714920044,0.6666327714920044,0.6666327714920044,0.5,0.5,0.5,0.5,0.6666327714920044,0.6666327714920044,0.5,0.4404192566871643,0.4403174817562103,0.9523252248764038,0.9523252248764038,0.4403174817562103,0.9523252248764038,0.44688040018081665,0.9522743225097656,nan,21.892511129379272,0.09581976383924484,-48.89544547607737,0.13378392159938812
208,2.770153760910034,0.13398270308971405,0.6650039553642273,0.6666327714920044,0.6666327714920044,0.6666327714920044,0.6666157841682434,0.6666327714920044,0.6666327714920044,0.6666327714920044,0.6666327714920044,0.6666327714920044,0.6666327714920044,0.6666327714920044,0.6666327714920044,0.6666327714920044,0.6666327714920044,0.6666327714920044,0.6666327714920044,0.6666327714920044,0.9522743225097656,0.6666327714920044,0.6666327714920044,0.6666327714920044,0.6666327714920044,0.6666327714920044,0.6666327714920044,0.6666327714920044,0.6666327714920044,0.6666327714920044,0.6666327714920044,0.5,0.5,0.5,0.5,0.6666327714920044,0.6666327714920044,0.5,0.4404192566871643,0.4403174817562103,0.9523252248764038,0.9523252248764038,0.4403683841228485,0.9523252248764038,0.44474363327026367,0.9522743225097656,nan,21.98426389694214,0.09606347978115082,-48.99205572933815,0.13398270308971405
209,2.7694318294525146,0.13368453085422516,0.664969265460968,0.6666327714920044,0.6666327714920044,0.6666327714920044,0.6666157841682434,0.6666327714920044,0.6666327714920044,0.6666327714920044,0.6666327714920044,0.6666327714920044,0.6666327714920044,0.6666327714920044,0.6666327714920044,0.6666327714920044,0.6666327714920044,0.6666327714920044,0.6666327714920044,0.6666327714920044,0.952376127243042,0.6666327714920044,0.6666327714920044,0.6666327714920044,0.6666327714920044,0.6666327714920044,0.6666327714920044,0.6666327714920044,0.6666327714920044,0.6666327714920044,0.6666327714920044,0.5,0.5,0.5,0.5,0.6666327714920044,0.6666327714920044,0.5,0.4405210018157959,0.4404192566871643,0.9524270296096802,0.9524270296096802,0.4404192566871643,0.952376127243042,0.4425560235977173,0.952376127243042,nan,21.663564682006836,0.09568445384502411,-49.158906172833994,0.13368453085422516
210,2.7687149047851562,0.133585125207901,0.6649196147918701,0.6666327714920044,0.6666327714920044,0.6666327714920044,0.6666157841682434,0.6666327714920044,0.6666327714920044,0.6666327714920044,0.6666327714920044,0.6666327714920044,0.6666327714920044,0.6666327714920044,0.6666327714920044,0.6666327714920044,0.6666327714920044,0.6666327714920044,0.6666327714920044,0.6666327714920044,0.952376127243042,0.6666327714920044,0.6666327714920044,0.6666327714920044,0.6666327714920044,0.6666327714920044,0.6666327714920044,0.6666327714920044,0.6666327714920044,0.6666327714920044,0.6666327714920044,0.5,0.5,0.5,0.5,0.6666327714920044,0.6666327714920044,0.5,0.4404701292514801,0.4404701292514801,0.952376127243042,0.952376127243042,0.4404701292514801,0.952376127243042,0.4404701292514801,0.952376127243042,nan,21.98384404182434,0.0956462174654007,-49.35889287929082,0.133585125207901

211,2.7682034969329834,0.13338634371757507,0.6650594472885132,0.6666327714920044,0.6666327714920044,0.6666327714920044,0.6666157841682434,0.6666327714920044,0.6666327714920044,0.6666327714920044,0.6666327714920044,0.6666327714920044,0.6666327714920044,0.6666327714920044,0.6666327714920044,0.6666327714920044,0.6666327714920044,0.6666327714920044,0.6666327714920044,0.6666327714920044,0.9523252248764038,0.6666327714920044,0.6666327714920044,0.6666327714920044,0.6666327714920044,0.6666327714920044,0.6666327714920044,0.6666327714920044,0.6666327714920044,0.6666327714920044,0.6666327714920044,0.5,0.5,0.5,0.5,0.6666327714920044,0.6666327714920044,0.5,0.4404701292514801,0.4403174817562103,0.952376127243042,0.952376127243042,0.4425051510334015,0.952376127243042,0.4446927607059479,0.9523252248764038,nan,22.041221141815186,0.09534965455532074,-49.53093897306994,0.13338634371757507
212,2.7682321071624756,0.1338833123445511,0.6651021838188171,0.6666327714920044,0.6666327714920044,0.6666327714920044,0.6666157841682434,0.6666327714920044,0.6666327714920044,0.6666327714920044,0.6666327714920044,0.6666327714920044,0.6666327714920044,0.6666327714920044,0.6666327714920044,0.6666327714920044,0.6666327714920044,0.6666327714920044,0.6666327714920044,0.6666327714920044,0.9522234797477722,0.6666327714920044,0.6666327714920044,0.6666327714920044,0.6666327714920044,0.6666327714920044,0.6666327714920044,0.6666327714920044,0.6666327714920044,0.6666327714920044,0.6666327714920044,0.5,0.5,0.5,0.5,0.6666327714920044,0.6666327714920044,0.5,0.4405210018157959,0.44021573662757874,0.952376127243042,0.9524270296096802,0.4424542486667633,0.952376127243042,0.44677865505218506,0.9522234797477722,nan,21.877574920654297,0.09597478806972504,-49.62087944447076,0.1338833123445511
213,2.948255777359009,0.11748335510492325,0.6598389148712158,0.6619008779525757,0.6574747562408447,0.6619008779525757,0.6574908494949341,0.6619008779525757,0.6575255990028381,0.6597132682800293,0.655185341835022,0.6597132682800293,0.6618499755859375,0.6619517803192139,0.6619008779525757,0.6619517803192139,0.662002682685852,0.6619008779525757,0.653048574924469,0.6619008779525757,0.8809983134269714,0.6509627103805542,0.6553379893302917,0.6597132682800293,0.6553379893302917,0.6619517803192139,0.6575255990028381,0.6574747562408447,0.6597132682800293,0.6619008779525757,0.6619517803192139,0.5,0.5,0.5,0.5,0.6597132682800293,0.6597132682800293,0.5,0.4500351846218109,0.47944048047065735,0.93487548828125,0.9547168016433716,0.4947539269924164,0.9436768889427185,0.49907830357551575,0.8766230344772339,nan,22.143047094345093,0.08426327258348465,-45.897308910761545,0.11748335510492325
214,2.854495048522949,0.127223938703537,0.661845326423645,0.6643940210342407,0.6643940210342407,0.6643940210342407,0.664428174495697,0.6644449234008789,0.6600187420845032,0.6622063517570496,0.6620537042617798,0.6622572541236877,0.6600187420845032,0.6644449234008789,0.6622063517570496,0.6644449234008789,0.6645466685295105,0.6622572541236877,0.6599169969558716,0.6622063517570496,0.8790650963783264,0.657831072807312,0.6622063517570496,0.6622063517570496,0.657831072807312,0.6644957661628723,0.6622063517570496,0.6643940210342407,0.657831072807312,0.6644449234008789,0.6622572541236877,0.5,0.5,0.5,0.5,0.6643940210342407,0.6643940210342407,0.5,0.44443878531455994,0.45837822556495667,0.948815107345581,0.955428957939148,0.4910909831523895,0.9553780555725098,0.4825948476791382,0.8944293856620789,nan,21.99474549293518,0.08829153329133987,-46.05083760484385,0.127223938703537
215,2.790786027908325,0.13060331344604492,0.6660383343696594,0.666530966758728,0.6642924547195435,0.6643433570861816,0.6666157841682434,0.6666327714920044,0.666530966758728,0.666530966758728,0.6664292216300964,0.6666327714920044,0.6642924547195435,0.6666327714920044,0.666530966758728,0.6666327714920044,0.6666327714920044,0.6643433570861816,0.6664292216300964,0.666530966758728,0.928973376750946,0.6621557474136353,0.666530966758728,0.6643433570861816,0.666530966758728,0.6666327714920044,0.6643433570861816,0.6664801239967346,0.6621557474136353,0.6665818691253662,0.6666327714920044,0.5,0.5,0.5,0.5,0.666530966758728,0.666530966758728,0.5,0.4432176649570465,0.4514080882072449,0.9517148733139038,0.9540042877197266,0.501570999622345,0.9539024829864502,0.4866645932197571,0.9246490001678467,nan,22.034661054611206,0.0924496129155159,-47.667958540063815,0.13060331344604492
216,2.7787437438964844,0.12891362607479095,0.6654235124588013,0.6664801239967346,0.6664801239967346,0.6664801239967346,0.6664631366729736,0.6664801239967346,0.6664801239967346,0.6664801239967346,0.6664801239967346,0.6664801239967346,0.6642924547195435,0.6664801239967346,0.6664801239967346,0.6664801239967346,0.6664801239967346,0.6664801239967346,0.6664801239967346,0.6664801239967346,0.9321786165237427,0.6621048450469971,0.6664801239967346,0.6664801239967346,0.6664801239967346,0.6664801239967346,0.6664801239967346,0.6664801239967346,0.6642924547195435,0.6664801239967346,0.6664801239967346,0.5,0.5,0.5,0.5,0.6664801239967346,0.6664801239967346,0.5,0.4420982897281647,0.4505433440208435,0.9537498950958252,0.9537498950958252,0.4548168480396271,0.9537498950958252,0.47455641627311707,0.9431167840957642,nan,22.323580265045166,0.09624174982309341,-48.31262649583148,0.12891362607479095
217,2.773571252822876,0.1338833123445511,0.6655690670013428,0.666378378868103,0.666378378868103,0.666378378868103,0.6663614511489868,0.666378378868103,0.666378378868103,0.666378378868103,0.666378378868103,0.666378378868103,0.666378378868103,0.666378378868103,0.666378378868103,0.666378378868103,0.666378378868103,0.666378378868103,0.666378378868103,0.666378378868103,0.9495270252227783,0.666378378868103,0.666378378868103,0.666378378868103,0.666378378868103,0.666378378868103,0.666378378868103,0.666378378868103,0.666378378868103,0.666378378868103,0.666378378868103,0.5,0.5,0.5,0.5,0.666378378868103,0.666378378868103,0.5,0.4417421519756317,0.44626984000205994,0.9532411098480225,0.9533427953720093,0.4592938721179962,0.9532411098480225,0.4592938721179962,0.9429641366004944,nan,20.645138025283813,0.09587442874908447,-48.81455174825168,0.1338833123445511
218,2.771256446838379,0.13507603108882904,0.665313720703125,0.666378378868103,0.666378378868103,0.666378378868103,0.6663614511489868,0.666378378868103,0.666378378868103,0.666378378868103,0.666378378868103,0.666378378868103,0.666378378868103,0.666378378868103,0.666378378868103,0.666378378868103,0.666378378868103,0.666378378868103,0.666378378868103,0.666378378868103,0.9499340653419495,0.666378378868103,0.666378378868103,0.666378378868103,0.666378378868103,0.666378378868103,0.666378378868103,0.666378378868103,0.666378378868103,0.666378378868103,0.666378378868103,0.5,0.5,0.5,0.5,0.666378378868103,0.666378378868103,0.5,0.44158950448036194,0.4464224874973297,0.9528849124908447,0.9529358148574829,0.4506959915161133,0.9528849124908447,0.45507124066352844,0.9455078840255737,nan,23.071311712265015,0.09709473699331284,-49.16615820163264,0.13507603108882904
219,2.769890069961548,0.13477785885334015,0.6651611328125,0.666378378868103,0.666378378868103,0.666378378868103,0.6663614511489868,0.666378378868103,0.666378378868103,0.666378378868103,0.666378378868103,0.666378378868103,0.666378378868103,0.666378378868103,0.666378378868103,0.666378378868103,0.666378378868103,0.666378378868103,0.666378378868103,0.666378378868103,0.9499849081039429,0.666378378868103,0.666378378868103,0.666378378868103,0.666378378868103,0.666378378868103,0.666378378868103,0.666378378868103,0.666378378868103,0.666378378868103,0.666378378868103,0.5,0.5,0.5,0.5,0.666378378868103,0.666378378868103,0.5,0.44133511185646057,0.4444892406463623,0.9526305198669434,0.952732264995575,0.4465751349925995,0.9526305198669434,0.44886448979377747,0.9521217346191406,nan,21.851758003234863,0.0968654528260231,-49.4056496050969,0.13477785885334015
220,2.7689297199249268,0.13447967171669006,0.6650501489639282,0.666378378868103,0.666378378868103,0.666378378868103,0.6663614511489868,0.666378378868103,0.666378378868103,0.666378378868103,0.666378378868103,0.666378378868103,0.666378378868103,0.666378378868103,0.666378378868103,0.666378378868103,0.666378378868103,0.666378378868103,0.666378378868103,0.666378378868103,0.9499849081039429,0.666378378868103,0.666378378868103,0.666378378868103,0.666378378868103,0.666378378868103,0.666378378868103,0.666378378868103,0.666378378868103,0.666378378868103,0.666378378868103,0.5,0.5,0.5,0.5,0.666378378868103,0.666378378868103,0.5,0.4412333369255066,0.4445401132106781,0.9524778723716736,0.9524778723716736,0.4423016309738159,0.9524778723716736,0.44891539216041565,0.952172577381134,nan,21.96709895133972,0.09657160937786102,-49.606323914053476,0.13447967171669006

221,2.775664806365967,0.13020575046539307,0.6656707525253296,0.6665818691253662,0.666530966758728,0.6665818691253662,0.66656494140625,0.6665818691253662,0.6665818691253662,0.6665818691253662,0.666530966758728,0.6665818691253662,0.6643433570861816,0.6665818691253662,0.6665818691253662,0.6665818691253662,0.6665818691253662,0.6665818691253662,0.666530966758728,0.6665818691253662,0.9451009035110474,0.6665818691253662,0.6665818691253662,0.6665818691253662,0.6665818691253662,0.6665818691253662,0.6665818691253662,0.666530966758728,0.6665818691253662,0.6665818691253662,0.664394199848175,0.5,0.5,0.5,0.5,0.6665818691253662,0.6665818691253662,0.5,0.44220006465911865,0.44815218448638916,0.9529866576194763,0.9530375599861145,0.4655514657497406,0.9530375599861145,0.4613288640975952,0.940725564956665,nan,21.902076721191406,0.09253765642642975,-49.37994451648897,0.13020575046539307
222,2.7690589427948,0.13447967171669006,0.6654003858566284,0.666734516620636,0.666734516620636,0.666734516620636,0.666717529296875,0.666734516620636,0.666734516620636,0.666734516620636,0.6666836142539978,0.666734516620636,0.666734516620636,0.666734516620636,0.666734516620636,0.666734516620636,0.666734516620636,0.666734516620636,0.666734516620636,0.666734516620636,0.9478482007980347,0.6623592376708984,0.666734516620636,0.666734516620636,0.666734516620636,0.666734516620636,0.6645468473434448,0.666734516620636,0.666734516620636,0.666734516620636,0.666734516620636,0.5,0.5,0.5,0.5,0.666734516620636,0.666734516620636,0.5,0.44153863191604614,0.44219985604286194,0.952732264995575,0.9527831077575684,0.44214898347854614,0.952732264995575,0.4639744162559509,0.9522234797477722,nan,21.730101108551025,0.09641509503126144,-49.547298046552264,0.13447967171669006
223,2.7657928466796875,0.13428089022636414,0.6652143001556396,0.6666327714920044,0.6666327714920044,0.6666327714920044,0.6666157841682434,0.6666327714920044,0.6666327714920044,0.6666327714920044,0.6666327714920044,0.6666327714920044,0.6666327714920044,0.6666327714920044,0.6666327714920044,0.6666327714920044,0.6666327714920044,0.6666327714920044,0.6666327714920044,0.6666327714920044,0.9499340653419495,0.6666327714920044,0.6666327714920044,0.6666327714920044,0.6666327714920044,0.6666327714920044,0.6666327714920044,0.6666327714920044,0.6666327714920044,0.6666327714920044,0.6666327714920044,0.5,0.5,0.5,0.5,0.6666327714920044,0.6666327714920044,0.5,0.4412842094898224,0.4423016309738159,0.9524778723716736,0.9524778723716736,0.4423016309738159,0.9524778723716736,0.45105215907096863,0.9521217346191406,nan,22.097222566604614,0.09615233540534973,-49.979429535618856,0.13428089022636414
224,2.7649080753326416,0.1351754367351532,0.6652119755744934,0.6666327714920044,0.6666327714920044,0.6666327714920044,0.6666157841682434,0.6666327714920044,0.6666327714920044,0.6666327714920044,0.6666327714920044,0.6666327714920044,0.6666327714920044,0.6666327714920044,0.6666327714920044,0.6666327714920044,0.6666327714920044,0.6666327714920044,0.6666327714920044,0.6666327714920044,0.9521217346191406,0.6666327714920044,0.6666327714920044,0.6666327714920044,0.6666327714920044,0.6666327714920044,0.6666327714920044,0.6666327714920044,0.6666327714920044,0.6666327714920044,0.6666327714920044,0.5,0.5,0.5,0.5,0.6666327714920044,0.6666327714920044,0.5,0.4411315619945526,0.4423525035381317,0.9524270296096802,0.9524270296096802,0.4423525035381317,0.9524270296096802,0.44891539216041565,0.952172577381134,nan,21.794132947921753,0.09729256480932236,-50.200422560928146,0.1351754367351532
225,2.764242172241211,0.1351754367351532,0.6651715040206909,0.6666327714920044,0.6666327714920044,0.6666327714920044,0.6666157841682434,0.6666327714920044,0.6666327714920044,0.6666327714920044,0.6666327714920044,0.6666327714920044,0.6666327714920044,0.6666327714920044,0.6666327714920044,0.6666327714920044,0.6666327714920044,0.6666327714920044,0.6666327714920044,0.6666327714920044,0.9522743225097656,0.6666327714920044,0.6666327714920044,0.6666327714920044,0.6666327714920044,0.6666327714920044,0.6666327714920044,0.6666327714920044,0.6666327714920044,0.6666327714920044,0.6666327714920044,0.5,0.5,0.5,0.5,0.6666327714920044,0.6666327714920044,0.5,0.441029816865921,0.4425051510334015,0.9524270296096802,0.9524270296096802,0.44026660919189453,0.9524270296096802,0.44896626472473145,0.9522743225097656,nan,22.438388347625732,0.0973123088479042,-50.346144669857615,0.1351754367351532

