epoch,loss,A13_balanced_accuracy,A14_balanced_accuracy,A15b_balanced_accuracy,A16_balanced_accuracy,A17a_balanced_accuracy,A19a_balanced_accuracy,A1a_balanced_accuracy,A1b_balanced_accuracy,A1c_balanced_accuracy,A32_balanced_accuracy,A33_balanced_accuracy,A34_balanced_accuracy,A4b2_balanced_accuracy,A7a_balanced_accuracy,A9_balanced_accuracy,B1_balanced_accuracy,B2a_balanced_accuracy,B3_balanced_accuracy,C13aa_balanced_accuracy,C13bb_balanced_accuracy,C14_100_balanced_accuracy,C14_120_balanced_accuracy,C14_20_balanced_accuracy,C14_30_balanced_accuracy,C14_50_balanced_accuracy,C14_60_balanced_accuracy,C14_70_balanced_accuracy,C14_80_balanced_accuracy,C17a_balanced_accuracy,C17b_80_balanced_accuracy,C17c_balanced_accuracy,C17d_balanced_accuracy,C1a_balanced_accuracy,C2_balanced_accuracy,C3e3_balanced_accuracy,D1a1_balanced_accuracy,D1a4_balanced_accuracy,D1a5_balanced_accuracy,D1a6_balanced_accuracy,D1a7_balanced_accuracy,D2a1_balanced_accuracy,D2a2_balanced_accuracy,D3_balanced_accuracy,accuracy,balanced_accuracy,balanced_accuracy_SignClass_A,balanced_accuracy_SignClass_B,balanced_accuracy_SignClass_C,balanced_accuracy_SignClass_D,balanced_accuracy_invalid,epoch_elapsed,f1,recall
0,1.133726954460144,0.5019574165344238,0.4916078448295593,0.5,0.2826666831970215,0.4817254841327667,0.5011652112007141,0.5,0.5,0.3689000606536865,0.5,0.5,0.416426420211792,0.5428705811500549,0.3341960906982422,0.49984312057495117,0.369517982006073,0.6079258322715759,0.5,0.32906386256217957,0.48597145080566406,0.5,0.2552585005760193,0.5007117390632629,0.37736114859580994,0.5,0.5052209496498108,0.4407254457473755,0.530714750289917,0.3957614004611969,0.5,0.5036072731018066,0.5,0.3380034565925598,0.46204516291618347,0.35972312092781067,0.40261077880859375,0.5,0.5,0.39216163754463196,0.558087170124054,0.20281115174293518,0.4795982837677002,0.36321815848350525,0.5314338207244873,0.6912224292755127,0.5,0.5,0.5242295265197754,0.5,0.548729419708252,8.509377002716064,0.21840618550777435,0.5314338207244873
1,0.828931987285614,0.5066677331924438,0.5261396765708923,0.5,0.1838674247264862,0.08545677363872528,0.2401253879070282,0.49270015954971313,0.5,0.4097732603549957,0.5,0.5,0.48645615577697754,0.602541983127594,0.31977108120918274,0.833199679851532,0.21875272691249847,0.7143580317497253,0.5,0.2980445623397827,0.6041401624679565,0.5,0.25971099734306335,0.4790606200695038,0.36485862731933594,0.5,0.4783657491207123,0.47253963351249695,0.5420020818710327,0.43253347277641296,0.5,0.5124862790107727,0.5,0.29214879870414734,0.2945420444011688,0.36547237634658813,0.3482213318347931,0.5,0.6029848456382751,0.3011524975299835,0.48949211835861206,0.21322932839393616,0.3448808491230011,0.3921360373497009,0.6729779243469238,0.8000689744949341,0.5,0.5,0.6422183513641357,0.5168309807777405,0.5097382664680481,8.374056816101074,0.2908906042575836,0.6729779243469238

2,0.6970335841178894,0.23641377687454224,0.5381659269332886,0.5,0.20807844400405884,0.04633840546011925,0.1427002102136612,0.43890976905822754,0.5,0.6821705102920532,0.5,0.49984318017959595,0.46288174390792847,0.6308945417404175,0.26329413056373596,0.7273867130279541,0.1993725448846817,0.713547945022583,0.5,0.37714284658432007,0.6792535781860352,0.5,0.2741833031177521,0.48220548033714294,0.35689955949783325,0.5,0.42431506514549255,0.4814518392086029,0.5520182251930237,0.42447057366371155,0.5,0.5226737856864929,0.5,0.3100249767303467,0.30509403347969055,0.350756973028183,0.37412384152412415,0.5,0.7725260257720947,0.18491289019584656,0.5014902353286743,0.23509487509727478,0.37388670444488525,0.4594370126724243,0.7124999761581421,0.8459558486938477,0.5017856955528259,0.5,0.7665650844573975,0.7396714091300964,0.5611951947212219,8.414820671081543,0.35382479429244995,0.7124999761581421

3,0.6093363761901855,0.08634631335735321,0.5652856230735779,0.5,0.17582277953624725,0.08193507790565491,0.1167711615562439,0.38734713196754456,0.5001569390296936,0.7093789577484131,0.5,0.4952246844768524,0.5792606472969055,0.6566218137741089,0.22040815651416779,0.6452850699424744,0.18778753280639648,0.6896497011184692,0.5,0.4641294479370117,0.7135614156723022,0.5,0.2615622878074646,0.5363782048225403,0.36313632130622864,0.5,0.46061378717422485,0.46277597546577454,0.5517019033432007,0.46363967657089233,0.45197606086730957,0.5498039126396179,0.5,0.2878350615501404,0.27713239192962646,0.34606847167015076,0.31753116846084595,0.5,0.7937490940093994,0.16693037748336792,0.4742484390735626,0.236398845911026,0.352446585893631,0.4417465627193451,0.7443014979362488,0.8687270283699036,0.7366076707839966,0.5,0.8021103143692017,0.8164129257202148,0.5740873217582703,8.296778917312622,0.4745451509952545,0.7443014979362488

4,0.5396502614021301,0.08892380446195602,0.5411961674690247,0.5,0.19003921747207642,0.07688087970018387,0.07412927597761154,0.34399497509002686,0.5010197758674622,0.6467097997665405,0.5,0.482599139213562,0.6564263105392456,0.66572505235672,0.1496625393629074,0.5970980525016785,0.2225688397884369,0.6581223607063293,0.5,0.4596857726573944,0.6885080337524414,0.5,0.24494071304798126,0.5401853919029236,0.37304291129112244,0.5,0.48605209589004517,0.4787102937698364,0.5486015677452087,0.48787710070610046,0.36238935589790344,0.48568230867385864,0.5,0.36811110377311707,0.2623526453971863,0.34108686447143555,0.31607377529144287,0.5,0.7501579523086548,0.1688171625137329,0.4815661311149597,0.2400091290473938,0.35181963443756104,0.41579753160476685,0.7818014621734619,0.8908318281173706,0.9484707117080688,0.5,0.8283922672271729,0.910585880279541,0.5920713543891907,8.380539655685425,0.6061899065971375,0.7818014621734619

5,0.5113627910614014,0.06885194778442383,0.5676184296607971,0.5,0.15038418769836426,0.05703750252723694,0.0612356923520565,0.2708398699760437,0.5025898814201355,0.6451764702796936,0.5,0.4541464149951935,0.658431351184845,0.653224527835846,0.10445071011781693,0.5969915390014648,0.1938871443271637,0.6724327802658081,0.5,0.4798780679702759,0.7042988538742065,0.5,0.2472935914993286,0.5439559817314148,0.3651968240737915,0.5,0.49814021587371826,0.4913012981414795,0.5480180382728577,0.40658822655677795,0.41741934418678284,0.5829283595085144,0.5,0.2593035399913788,0.4080093502998352,0.3525018095970154,0.2610466480255127,0.5,0.7528408765792847,0.18346592783927917,0.44962501525878906,0.2183999866247177,0.3078323006629944,0.37119853496551514,0.7954044342041016,0.8892922401428223,0.9607843160629272,0.5,0.8277171850204468,0.9147088527679443,0.5886058807373047,8.49523115158081,0.6318281888961792,0.7954044342041016

6,0.49960654973983765,0.06299088895320892,0.5683599710464478,0.5,0.17239215970039368,0.06531284004449844,0.08861009776592255,0.26567888259887695,0.5021933317184448,0.6489177942276001,0.5,0.41609105467796326,0.5888689756393433,0.646989643573761,0.10642633587121964,0.5821831822395325,0.22014842927455902,0.6696274280548096,0.5,0.4794020354747772,0.6811394691467285,0.5,0.2579243779182434,0.5368380546569824,0.35506030917167664,0.5,0.5114311575889587,0.5264873504638672,0.5493596792221069,0.4497371315956116,0.40617746114730835,0.5931034684181213,0.5,0.31913384795188904,0.3632960617542267,0.34494495391845703,0.2927451729774475,0.5,0.7462804317474365,0.1420886069536209,0.46753624081611633,0.24694199860095978,0.36616626381874084,0.38295406103134155,0.7954044342041016,0.8893841505050659,0.971794605255127,0.5573193430900574,0.8283140659332275,0.9239870309829712,0.5707429647445679,8.911245584487915,0.6445608139038086,0.7954044342041016
7,0.4774608314037323,0.057550571858882904,0.5548675060272217,0.5,0.18425551056861877,0.05492781102657318,0.0726531445980072,0.2512527406215668,0.5020379424095154,0.6396205425262451,0.5,0.40571069717407227,0.6131218075752258,0.629821240901947,0.08783359825611115,0.5815029740333557,0.2081047147512436,0.6763599514961243,0.5,0.4737287759780884,0.6731420755386353,0.5,0.27404776215553284,0.547071635723114,0.3557206392288208,0.5,0.5123561024665833,0.54463130235672,0.5469407439231873,0.49445462226867676,0.4860980212688446,0.5580998659133911,0.5,0.2611895203590393,0.2749803960323334,0.34456780552864075,0.31636202335357666,0.5,0.7692418694496155,0.16595643758773804,0.3869604170322418,0.2005612999200821,0.409941703081131,0.37196236848831177,0.7909926176071167,0.8926011323928833,0.9764382243156433,0.6847988367080688,0.8300631642341614,0.9261954426765442,0.5733255743980408,8.367304801940918,0.6683282256126404,0.7909926176071167
8,0.4492630064487457,0.05275121331214905,0.5621765851974487,0.5,0.1601843535900116,0.051199622452259064,0.04993738234043121,0.25077682733535767,0.5026645660400391,0.6323598623275757,0.5,0.36945563554763794,0.6641218662261963,0.6382228136062622,0.10198409110307693,0.5695904493331909,0.2173333317041397,0.662493884563446,0.5,0.4842682480812073,0.6826764345169067,0.5,0.28201478719711304,0.5448970794677734,0.352091521024704,0.5,0.5110179781913757,0.5293998718261719,0.5398536324501038,0.4211422801017761,0.46366292238235474,0.577738344669342,0.5,0.285787969827652,0.3986336886882782,0.3477880358695984,0.2671302556991577,0.5,0.7695051431655884,0.18765783309936523,0.445151686668396,0.217859148979187,0.36765170097351074,0.3625315725803375,0.8088235259056091,0.8946001529693604,0.97093665599823,0.7197860479354858,0.8333772420883179,0.9290632009506226,0.5709876418113708,8.534642696380615,0.6907753348350525,0.8088235259056091

9,0.4518730640411377,0.056304894387722015,0.5618524551391602,0.5,0.23154334723949432,0.06267649680376053,0.055198874324560165,0.25203827023506165,0.5032915472984314,0.6113554239273071,0.5,0.3595047891139984,0.6726230382919312,0.6298619508743286,0.08788283914327621,0.5727173089981079,0.20244820415973663,0.6733102202415466,0.5,0.5007931590080261,0.6599611043930054,0.5,0.29060930013656616,0.547305166721344,0.3574111759662628,0.5,0.5204408168792725,0.5405622720718384,0.5500969886779785,0.5103529691696167,0.4489225149154663,0.5940733551979065,0.5,0.1898222267627716,0.34556853771209717,0.34877482056617737,0.2679530680179596,0.5,0.7880658507347107,0.1946893334388733,0.494492769241333,0.21707288920879364,0.4098939299583435,0.4103888273239136,0.804411768913269,0.8936580419540405,0.9776449203491211,0.8797775506973267,0.8328061103820801,0.9310555458068848,0.560701310634613,8.404005765914917,0.7475616335868835,0.804411768913269
10,0.4446704685688019,0.053728070110082626,0.5505219101905823,0.5,0.16314223408699036,0.05761381611227989,0.057993728667497635,0.23344838619232178,0.503765881061554,0.603402316570282,0.5,0.32375568151474,0.6541176438331604,0.6219626665115356,0.06847058981657028,0.561726450920105,0.20040740072727203,0.6761462092399597,0.5,0.49431276321411133,0.6776385307312012,0.5,0.28393664956092834,0.548165500164032,0.3624488413333893,0.5,0.5256536602973938,0.5379497408866882,0.5479186773300171,0.4951372742652893,0.4563361406326294,0.5517545938491821,0.5,0.283477783203125,0.397588312625885,0.3472464680671692,0.2953100800514221,0.5,0.7832832336425781,0.1377331018447876,0.43878358602523804,0.21246887743473053,0.3938797414302826,0.37587475776672363,0.8038603067398071,0.8938189148902893,0.9797248840332031,0.8602553606033325,0.8320528268814087,0.9305689334869385,0.5694543123245239,8.341467380523682,0.7431914210319519,0.8038603067398071

11,0.4438512921333313,0.0555468387901783,0.5768265724182129,0.5,0.19749008119106293,0.058901961892843246,0.06020983308553696,0.24561403691768646,0.503601610660553,0.598040759563446,0.5,0.3074534237384796,0.5949803590774536,0.6317689418792725,0.06440757215023041,0.5721237063407898,0.18527241051197052,0.6875688433647156,0.5,0.5215177536010742,0.6913481950759888,0.5,0.29141202569007874,0.5379459857940674,0.3729572594165802,0.5,0.5228520035743713,0.5347567796707153,0.5466654896736145,0.5001829862594604,0.3762896656990051,0.567058801651001,0.5,0.26125019788742065,0.43616777658462524,0.34304824471473694,0.27318036556243896,0.5,0.8006023168563843,0.12744876742362976,0.41234350204467773,0.21814560890197754,0.40479886531829834,0.33928006887435913,0.8033088445663452,0.894255518913269,0.9692114591598511,0.8616803288459778,0.8311091065406799,0.93863844871521,0.5537630319595337,8.525526762008667,0.7444138526916504,0.8033088445663452
12,0.4344016909599304,0.057550571858882904,0.5722522735595703,0.5,0.16913747787475586,0.05052565410733223,0.06025701388716698,0.1754894256591797,0.5056408643722534,0.6088696718215942,0.5,0.2681625485420227,0.7141962051391602,0.6272156834602356,0.06786833703517914,0.576898992061615,0.1944008767604828,0.6869503855705261,0.5,0.5027129650115967,0.6881752610206604,0.5,0.3177577555179596,0.5439407825469971,0.35372620820999146,0.5,0.5169270634651184,0.539414644241333,0.5508310198783875,0.5492444634437561,0.3922855854034424,0.5795556306838989,0.5,0.2377917766571045,0.4309912323951721,0.3424059748649597,0.25273245573043823,0.5,0.7942428588867188,0.12268444895744324,0.4267277717590332,0.20719203352928162,0.3881371021270752,0.4276706874370575,0.8115808963775635,0.892578125,0.9786581993103027,0.8339102864265442,0.8278870582580566,0.9413686990737915,0.5670955777168274,8.291847705841064,0.7517571449279785,0.8115808963775635
13,0.433255672454834,0.05655789002776146,0.530046820640564,0.5,0.2031499147415161,0.05200815945863724,0.058048322796821594,0.1849670112133026,0.504871129989624,0.6117388606071472,0.5,0.316261887550354,0.643552303314209,0.6191073060035706,0.12266498804092407,0.5812931656837463,0.2189321666955948,0.6913220882415771,0.5,0.5008732080459595,0.692228376865387,0.5,0.3315763771533966,0.5449092388153076,0.3685380220413208,0.5,0.5340638160705566,0.5378499627113342,0.550081729888916,0.4860367774963379,0.39901483058929443,0.5676203370094299,0.5,0.2488728165626526,0.2944856286048889,0.3486800193786621,0.2268664687871933,0.5,0.7894529104232788,0.10294515639543533,0.44611868262290955,0.2543896436691284,0.38059937953948975,0.38315606117248535,0.807536780834198,0.892693042755127,0.9690016508102417,0.8572490811347961,0.8318352699279785,0.9354759454727173,0.5601234436035156,8.362549543380737,0.7477235794067383,0.807536780834198
14,0.430588036775589,0.06160840392112732,0.5576470494270325,0.5,0.1793234795331955,0.05688951537013054,0.05382080748677254,0.22435696423053741,0.5038395524024963,0.5931126475334167,0.5,0.2756701707839966,0.5991842746734619,0.6241773962974548,0.151550754904747,0.57472163438797,0.20662064850330353,0.6936448216438293,0.5,0.5061110854148865,0.6688256859779358,0.5,0.3353293538093567,0.5436916351318359,0.40152350068092346,0.5,0.5310680866241455,0.5397350788116455,0.5523640513420105,0.5579804182052612,0.43571579456329346,0.5502944588661194,0.5,0.29730793833732605,0.3621208965778351,0.3557142913341522,0.26824450492858887,0.5,0.8205312490463257,0.11740036308765411,0.4494366943836212,0.2758919596672058,0.42693760991096497,0.3753599524497986,0.8069853186607361,0.8931065797805786,0.9738613367080688,0.8393182158470154,0.8290532827377319,0.945710301399231,0.5565164089202881,8.573467016220093,0.7342441082000732,0.8069853186607361
15,0.43120452761650085,0.07022912800312042,0.570330023765564,0.5,0.18446165323257446,0.05532015115022659,0.061597615480422974,0.1788962036371231,0.5071361064910889,0.5931126475334167,0.5,0.27053800225257874,0.6471555829048157,0.6289766430854797,0.12513451278209686,0.568416953086853,0.21168626844882965,0.6876651048660278,0.5,0.5196031928062439,0.6836459040641785,0.5,0.32552260160446167,0.5482062101364136,0.3666977882385254,0.5,0.5318694114685059,0.5376064777374268,0.5542094111442566,0.47786426544189453,0.3938456177711487,0.6166465282440186,0.5,0.20365817844867706,0.41054996848106384,0.36299437284469604,0.26945021748542786,0.5,0.8151291608810425,0.11222575604915619,0.4645722508430481,0.1944054365158081,0.470464289188385,0.3761001229286194,0.8073529601097107,0.8920036554336548,0.9797441959381104,0.856627345085144,0.8319505453109741,0.9388010501861572,0.5607287287712097,8.476076364517212,0.7762231826782227,0.8073529601097107
16,0.4325016140937805,0.06778334081172943,0.5556074380874634,0.5,0.19872575998306274,0.05329988896846771,0.0574631541967392,0.1566953808069229,0.5060364007949829,0.6032642722129822,0.5,0.2640160620212555,0.6609077453613281,0.6217657327651978,0.05259444937109947,0.5827450752258301,0.19353070855140686,0.7067338228225708,0.5,0.5119333863258362,0.678497314453125,0.5,0.3323881924152374,0.5414311289787292,0.35083577036857605,0.5,0.5338454246520996,0.5355815291404724,0.5573305487632751,0.5877835154533386,0.40866392850875854,0.6211566925048828,0.5,0.3056992292404175,0.3788547217845917,0.3674900531768799,0.2683838903903961,0.5,0.8137607574462891,0.11971275508403778,0.5438827872276306,0.21506987512111664,0.44192954897880554,0.4081982374191284,0.8139705657958984,0.8908547759056091,0.9719914197921753,0.8859238028526306,0.8277710676193237,0.9411224126815796,0.5596519112586975,8.526235103607178,0.7578207850456238,0.8139705657958984
17,0.4220789670944214,0.07288561016321182,0.5557349324226379,0.5,0.17764705419540405,0.04998433217406273,0.05140480399131775,0.16635309159755707,0.5048635005950928,0.6037425398826599,0.5,0.2490828037261963,0.6964260339736938,0.6191185712814331,0.09095597267150879,0.5780269503593445,0.19728797674179077,0.7252724766731262,0.5,0.5052805542945862,0.6786507964134216,0.5,0.32466796040534973,0.5390129685401917,0.3517712950706482,0.5,0.5070855021476746,0.5329810380935669,0.5564281344413757,0.39052698016166687,0.3701862394809723,0.6043844223022461,0.5,0.21829745173454285,0.45548591017723083,0.3533015251159668,0.24680247902870178,0.5,0.8275071382522583,0.17085489630699158,0.4356803894042969,0.2387298345565796,0.40917983651161194,0.35930153727531433,0.8180146813392639,0.8911994695663452,0.9721724987030029,0.8846743106842041,0.8345625400543213,0.9296402931213379,0.5600816607475281,8.30299997329712,0.7705249786376953,0.8180146813392639
18,0.4349551498889923,0.0797271877527237,0.6042938828468323,0.5,0.14691126346588135,0.060549020767211914,0.058920446783304214,0.1697758287191391,0.5058003067970276,0.591208279132843,0.5,0.2575805187225342,0.6563225984573364,0.6315954923629761,0.09774366021156311,0.5775631666183472,0.1909549981355667,0.7014173269271851,0.5,0.5457740426063538,0.6828665733337402,0.5,0.32729947566986084,0.5345126390457153,0.3672279715538025,0.5,0.5271939039230347,0.5463082790374756,0.5588906407356262,0.5688519477844238,0.37988394498825073,0.613470196723938,0.5,0.22003567218780518,0.35325533151626587,0.35293570160865784,0.27131620049476624,0.5,0.8379147052764893,0.12783873081207275,0.4833128750324249,0.23355594277381897,0.40709391236305237,0.36950504779815674,0.8064337968826294,0.8889016509056091,0.9746712446212769,0.8744639754295349,0.8268104791641235,0.9325889348983765,0.5594782829284668,8.604586362838745,0.7662013173103333,0.8064337968826294
19,0.41855666041374207,0.0654117614030838,0.565297544002533,0.5,0.21212135255336761,0.06151791289448738,0.06563283503055573,0.15347157418727875,0.5065861940383911,0.604875385761261,0.5,0.2768808901309967,0.6109890937805176,0.6191970109939575,0.12689928710460663,0.5813224911689758,0.18205329775810242,0.6626191139221191,0.5,0.5246160626411438,0.6854761838912964,0.5,0.35702770948410034,0.5430948734283447,0.3566202223300934,0.5,0.5224319696426392,0.5369593501091003,0.5561095476150513,0.47039657831192017,0.3525395393371582,0.5514509677886963,0.5,0.20825472474098206,0.42068740725517273,0.35682469606399536,0.2693541347980499,0.5,0.8212682008743286,0.16540224850177765,0.4544110894203186,0.2371586561203003,0.47576820850372314,0.41071808338165283,0.8148897290229797,0.8914752006530762,0.9723493456840515,0.9449743032455444,0.8337105512619019,0.9284279346466064,0.5667305588722229,8.446959495544434,0.7866145968437195,0.8148897290229797
20,0.4233018755912781,0.08089042454957962,0.5964779257774353,0.5,0.18241073191165924,0.06144200637936592,0.06826018542051315,0.17489808797836304,0.5061138272285461,0.5921568870544434,0.5,0.27256524562835693,0.6924123764038086,0.6238611340522766,0.05512057617306709,0.5811784863471985,0.18042045831680298,0.7332354187965393,0.5,0.515974760055542,0.6899410486221313,0.5,0.3417353332042694,0.540747344493866,0.3656545579433441,0.5,0.5377290844917297,0.5313808917999268,0.5658213496208191,0.5222326517105103,0.388931006193161,0.5170451402664185,0.5,0.23655378818511963,0.42196494340896606,0.3582896292209625,0.24936555325984955,0.5,0.8236740827560425,0.16388605535030365,0.4377770721912384,0.2482912689447403,0.4072376787662506,0.34378939867019653,0.8202205896377563,0.8911075592041016,0.9731113314628601,0.8851689100265503,0.8240938186645508,0.9399533867835999,0.5648947954177856,8.405458450317383,0.7715907692909241,0.8202205896377563

21,0.4087262749671936,0.0734901949763298,0.532896876335144,0.5,0.17422814667224884,0.054213088005781174,0.06480464339256287,0.16216640174388885,0.5057228207588196,0.6011306643486023,0.5,0.2579682767391205,0.6595044136047363,0.6172181367874146,0.06167711690068245,0.5893557071685791,0.1853157877922058,0.6878355741500854,0.5,0.5218556523323059,0.6868099570274353,0.5,0.34967005252838135,0.5350033044815063,0.34922313690185547,0.5,0.531105101108551,0.5312420725822449,0.562075674533844,0.4972030520439148,0.3473135530948639,0.631356954574585,0.5,0.2366807758808136,0.4239215850830078,0.35722240805625916,0.2691761255264282,0.5,0.8041024208068848,0.16230490803718567,0.460317462682724,0.23762041330337524,0.49110957980155945,0.39301711320877075,0.8216911554336548,0.8923253417015076,0.9795384407043457,0.8795572519302368,0.8349077701568604,0.9422377943992615,0.5575321912765503,8.374130010604858,0.7997297644615173,0.8216911554336548

22,0.41434186697006226,0.059598494321107864,0.6288021206855774,0.5,0.2117801010608673,0.058666665107011795,0.05460670590400696,0.1776801198720932,0.5054996609687805,0.5815174579620361,0.5,0.2814117670059204,0.6093385815620422,0.6221577525138855,0.07781485468149185,0.5846925973892212,0.18260188400745392,0.7087792158126831,0.5,0.4997841417789459,0.6854168176651001,0.5,0.33306437730789185,0.5446367263793945,0.34744980931282043,0.5,0.5427379012107849,0.5326170325279236,0.5631325244903564,0.382988840341568,0.3349606394767761,0.6291213035583496,0.5,0.18970680236816406,0.3773445188999176,0.34617218375205994,0.26057544350624084,0.5,0.8346408605575562,0.15865764021873474,0.48990780115127563,0.23490110039710999,0.43383949995040894,0.4323951005935669,0.8181985020637512,0.8929917216300964,0.9838846921920776,0.9022054672241211,0.829721212387085,0.9375303983688354,0.5511553883552551,8.414681196212769,0.7907422184944153,0.8181985020637512
23,0.4061933159828186,0.06653604656457901,0.5358113646507263,0.5,0.2317056804895401,0.054901961237192154,0.05497176945209503,0.17574378848075867,0.5076862573623657,0.5934264063835144,0.5,0.2534902095794678,0.5628054738044739,0.617684006690979,0.0630786120891571,0.5904881358146667,0.2049553096294403,0.7182590961456299,0.5,0.5004047155380249,0.6798032522201538,0.5,0.3206723630428314,0.5391386151313782,0.3545065224170685,0.5,0.5270626544952393,0.5426247119903564,0.5587930083274841,0.5472759008407593,0.3737913966178894,0.5936458110809326,0.5,0.2629231810569763,0.43956977128982544,0.3536701500415802,0.2630372941493988,0.5,0.8329539895057678,0.20222502946853638,0.42211174964904785,0.23120029270648956,0.4235655665397644,0.3589625954627991,0.8227941393852234,0.8919806480407715,0.9826171398162842,0.929608941078186,0.8303260803222656,0.9458098411560059,0.5405704975128174,8.143137216567993,0.7799145579338074,0.8227941393852234
24,0.407976359128952,0.06747214496135712,0.5723239779472351,0.5,0.13711194694042206,0.06120689585804939,0.0787617564201355,0.12196078151464462,0.5093348026275635,0.596280574798584,0.5,0.30222398042678833,0.4963949918746948,0.6153725385665894,0.12478263676166534,0.6090567111968994,0.20479848980903625,0.7030704021453857,0.5,0.5169460773468018,0.6816043853759766,0.5,0.34560349583625793,0.5479186773300171,0.3588184416294098,0.5,0.5284980535507202,0.5398222804069519,0.5609558820724487,0.5430250763893127,0.3848591148853302,0.5359655618667603,0.5,0.185584157705307,0.36248040199279785,0.3556561768054962,0.27573174238204956,0.5,0.8503422737121582,0.20563112199306488,0.47206437587738037,0.2271510809659958,0.4785676598548889,0.36500799655914307,0.8178308606147766,0.8889245986938477,0.9734408855438232,0.9228591918945312,0.8265685439109802,0.9391711950302124,0.5552368760108948,8.55170464515686,0.7740868330001831,0.8178308606147766
25,0.4069002568721771,0.08004385977983475,0.5280524492263794,0.5,0.1867649257183075,0.05665256083011627,0.05391618236899376,0.1454445719718933,0.5096485614776611,0.5860475897789001,0.5,0.2669804096221924,0.6257576942443848,0.6282352805137634,0.07627354562282562,0.6312284469604492,0.20239774882793427,0.6732219457626343,0.5,0.5197016596794128,0.6920796036720276,0.5,0.3464471101760864,0.5435378551483154,0.3492436110973358,0.5,0.5221688151359558,0.5310620069503784,0.5578563809394836,0.42847940325737,0.4229467213153839,0.5890836119651794,0.5,0.22069820761680603,0.48294997215270996,0.3461782932281494,0.2747904360294342,0.5,0.8337773084640503,0.16627191007137299,0.4784289002418518,0.24791055917739868,0.41314366459846497,0.3941240608692169,0.823161780834198,0.8948988914489746,0.9816749095916748,0.9361650943756104,0.8302116394042969,0.9496592283248901,0.5608699321746826,9.192747354507446,0.7903491258621216,0.823161780834198
26,0.39925116300582886,0.08500470221042633,0.5763137340545654,0.5,0.19809047877788544,0.06712672859430313,0.06873822957277298,0.14735852181911469,0.510349690914154,0.5873078107833862,0.5,0.3157151937484741,0.5210239887237549,0.6238431334495544,0.11941872537136078,0.6347601413726807,0.22163815796375275,0.7079921960830688,0.5,0.5327252745628357,0.6729917526245117,0.5,0.3422369360923767,0.5513721108436584,0.35245779156684875,0.5,0.5096979141235352,0.5436457991600037,0.5703902244567871,0.45788079500198364,0.3666141629219055,0.5999618172645569,0.5,0.2288174331188202,0.35495084524154663,0.3559657633304596,0.2711328864097595,0.5,0.8136199712753296,0.201153963804245,0.430708646774292,0.2153894156217575,0.44121986627578735,0.40249377489089966,0.8266544342041016,0.8926700353622437,0.9764547944068909,0.9513452649116516,0.8373285531997681,0.9345251321792603,0.5513285398483276,8.244704961776733,0.7921596765518188,0.8266544342041016
27,0.38987401127815247,0.08105989545583725,0.45758578181266785,0.5,0.1955874115228653,0.05781298875808716,0.06218592822551727,0.18832288682460785,0.5101912617683411,0.5862069129943848,0.5,0.30070698261260986,0.5774611234664917,0.6210716366767883,0.05721236765384674,0.6391502022743225,0.20528295636177063,0.7006096839904785,0.5,0.531480610370636,0.6886942386627197,0.5,0.3283563256263733,0.5463343262672424,0.3520980775356293,0.5,0.5190063118934631,0.53526771068573,0.5731603503227234,0.6184541583061218,0.4182075262069702,0.584073543548584,0.5,0.1718444526195526,0.37977513670921326,0.3581899404525757,0.2683526575565338,0.5,0.7918800711631775,0.18960341811180115,0.49619853496551514,0.2177886664867401,0.46691012382507324,0.4019533395767212,0.8319852948188782,0.8948529362678528,0.983424186706543,0.9127028584480286,0.8377184867858887,0.9480936527252197,0.5589441061019897,8.373933553695679,0.8062061667442322,0.8319852948188782

28,0.41008836030960083,0.060320451855659485,0.5919278860092163,0.5,0.2096785008907318,0.053493108600378036,0.05434441566467285,0.12204106897115707,0.5130094289779663,0.6007691025733948,0.5,0.27404963970184326,0.5531158447265625,0.6122081279754639,0.07595004141330719,0.6469988822937012,0.21978366374969482,0.6579981446266174,0.5,0.5272969007492065,0.6783449649810791,0.5,0.34938013553619385,0.5512719750404358,0.36201876401901245,0.5,0.5358152389526367,0.5304720401763916,0.5587143898010254,0.5349516868591309,0.4025556445121765,0.5388420224189758,0.499921590089798,0.23333817720413208,0.4956669211387634,0.36029529571533203,0.27224189043045044,0.5,0.8050644397735596,0.18804365396499634,0.4092835783958435,0.2252970039844513,0.525593638420105,0.35431212186813354,0.8222426176071167,0.8898437023162842,0.9799777269363403,0.9440797567367554,0.8201934099197388,0.9346321821212769,0.5458546280860901,8.293081760406494,0.8048767447471619,0.8222426176071167
29,0.4054843783378601,0.08090081810951233,0.45725491642951965,0.5,0.20001572370529175,0.05723694711923599,0.061461273580789566,0.17803922295570374,0.5104559659957886,0.5754820704460144,0.5,0.335529088973999,0.5550422668457031,0.6188608407974243,0.062038637697696686,0.6362923383712769,0.2246626913547516,0.7072440385818481,0.5,0.5215983390808105,0.6817028522491455,0.5,0.33539822697639465,0.5476978421211243,0.3650580942630768,0.5,0.5062509775161743,0.5372294187545776,0.5737333297729492,0.5762233734130859,0.32762354612350464,0.6082393527030945,0.5,0.16932260990142822,0.46571576595306396,0.3545975089073181,0.26960164308547974,0.5,0.7809774875640869,0.19371405243873596,0.48695653676986694,0.21419431269168854,0.4416384696960449,0.40129172801971436,0.8233456015586853,0.8919577598571777,0.9830287098884583,0.9373160600662231,0.8325406312942505,0.9443622827529907,0.5426954030990601,8.18764328956604,0.7889508008956909,0.8233456015586853
30,0.4156641662120819,0.08934734761714935,0.5447189211845398,0.5,0.21307620406150818,0.06266666948795319,0.06441236287355423,0.15879862010478973,0.5130898356437683,0.5871336460113525,0.5,0.2575947344303131,0.45584315061569214,0.6276695728302002,0.13826408982276917,0.6537676453590393,0.23107069730758667,0.6588050127029419,0.5,0.507935643196106,0.6797101497650146,0.5,0.3575238287448883,0.5381025075912476,0.36190247535705566,0.5,0.5094057321548462,0.5339563488960266,0.5673067569732666,0.5460460782051086,0.3458864092826843,0.6050815582275391,0.4998430907726288,0.19353964924812317,0.433307409286499,0.3499682545661926,0.27614399790763855,0.5,0.8236363530158997,0.18881326913833618,0.4558132588863373,0.2560498118400574,0.4209757149219513,0.3945973217487335,0.8169117569923401,0.8926240801811218,0.9806000590324402,0.9281598329544067,0.8281352519989014,0.948086142539978,0.5432405471801758,8.330448389053345,0.7874365448951721,0.8169117569923401

31,0.4032330811023712,0.07992156594991684,0.5072100162506104,0.5,0.25459545850753784,0.05840388685464859,0.05678258091211319,0.1496630609035492,0.49085110425949097,0.5867924690246582,0.5,0.33581972122192383,0.5537857413291931,0.6183714866638184,0.06422305852174759,0.6383781433105469,0.23169201612472534,0.6779485940933228,0.5,0.5188189148902893,0.6731549501419067,0.5,0.36157962679862976,0.5485970973968506,0.3676937520503998,0.5,0.5304680466651917,0.5344939231872559,0.570188045501709,0.5197926163673401,0.36716535687446594,0.5853333473205566,0.5,0.1812853068113327,0.4346258044242859,0.35803940892219543,0.2788461446762085,0.5,0.8185878992080688,0.21338284015655518,0.49103349447250366,0.24560347199440002,0.4267006814479828,0.38662829995155334,0.8216911554336548,0.8907628655433655,0.983174204826355,0.9390954375267029,0.8229763507843018,0.9410879015922546,0.5451589226722717,8.447340726852417,0.7967996001243591,0.8216911554336548
32,0.397101491689682,0.08454787731170654,0.5849924087524414,0.4998432695865631,0.19388234615325928,0.055023547261953354,0.056620072573423386,0.14865714311599731,0.5149897933006287,0.5863122940063477,0.5,0.28069230914115906,0.6181839108467102,0.6218421459197998,0.10297077894210815,0.6203601956367493,0.24721568822860718,0.6722047328948975,0.5,0.4953591525554657,0.6691306829452515,0.5,0.3562752902507782,0.5498383641242981,0.36053991317749023,0.5,0.5252223014831543,0.5286243557929993,0.5674432516098022,0.42907533049583435,0.3462992012500763,0.5532549023628235,0.49976471066474915,0.20607773959636688,0.40941447019577026,0.3500268757343292,0.2733263075351715,0.5,0.8289541006088257,0.14371639490127563,0.5045528411865234,0.22685988247394562,0.4702543616294861,0.3276943564414978,0.8251838088035583,0.8913602828979492,0.9775375127792358,0.9403917789459229,0.8323493599891663,0.9403361082077026,0.5519424080848694,8.338541269302368,0.8084468841552734,0.8251838088035583
33,0.3910503685474396,0.08090310543775558,0.47713184356689453,0.499843031167984,0.20391850173473358,0.08870989829301834,0.05986522510647774,0.14363037049770355,0.5138845443725586,0.5940982699394226,0.5,0.2857551872730255,0.6184280514717102,0.6133542656898499,0.1001567393541336,0.6455329060554504,0.22442735731601715,0.5785434246063232,0.5,0.4801587164402008,0.6859930157661438,0.5,0.3409988284111023,0.5449850559234619,0.36039668321609497,0.5,0.5361502766609192,0.5276319980621338,0.5670112371444702,0.5494562983512878,0.3472069203853607,0.5297257900238037,0.49898216128349304,0.1741921603679657,0.4622745215892792,0.3580860495567322,0.2783580422401428,0.5,0.8458535671234131,0.20099222660064697,0.4514530897140503,0.25807178020477295,0.4538518488407135,0.37468355894088745,0.8345588445663452,0.8926470279693604,0.9792669415473938,0.9336344599723816,0.8229120373725891,0.9444780349731445,0.5493672490119934,8.490847110748291,0.8136388659477234,0.8345588445663452
34,0.4076192378997803,0.10075211524963379,0.5425764322280884,0.4994507133960724,0.2071775645017624,0.07673616707324982,0.07720068842172623,0.1514747440814972,0.5200721621513367,0.5803795456886292,0.5,0.2550331950187683,0.5166771411895752,0.6318181753158569,0.08553971350193024,0.6318552494049072,0.2537664771080017,0.5677580833435059,0.5,0.4847929775714874,0.6718238592147827,0.5,0.3650088906288147,0.5482344627380371,0.3611515462398529,0.5,0.4927468001842499,0.5347840189933777,0.5725786685943604,0.5583933591842651,0.3819880783557892,0.5936671495437622,0.4948987662792206,0.202315554022789,0.4301901161670685,0.36831241846084595,0.27698859572410583,0.5,0.8135999441146851,0.20156323909759521,0.5079985857009888,0.25545886158943176,0.4064095616340637,0.3877642750740051,0.8246323466300964,0.8899586200714111,0.9783461689949036,0.9317460060119629,0.8265230655670166,0.9426358938217163,0.547006368637085,8.369819164276123,0.8189849257469177,0.8246323466300964
35,0.40480414032936096,0.08338567614555359,0.5643297433853149,0.49819549918174744,0.20980392396450043,0.0612356923520565,0.08989027887582779,0.14654630422592163,0.5157647132873535,0.5789638757705688,0.5,0.29154399037361145,0.5302610397338867,0.6227850317955017,0.11166148632764816,0.6511372327804565,0.2497255802154541,0.6219429969787598,0.5,0.46319344639778137,0.6593965888023376,0.5,0.3553418517112732,0.5398480892181396,0.37094780802726746,0.5,0.512162446975708,0.5296637415885925,0.5670293569564819,0.6262808442115784,0.3735595643520355,0.48308271169662476,0.5,0.18368802964687347,0.45031994581222534,0.36302241683006287,0.2609274685382843,0.5,0.816119909286499,0.2070898413658142,0.487559974193573,0.2397197037935257,0.4070705473423004,0.3783876895904541,0.8238970637321472,0.8918428421020508,0.97943514585495,0.9396571516990662,0.8244078159332275,0.9436631202697754,0.5471024513244629,8.48513674736023,0.7984363436698914,0.8238970637321472
36,0.3955601453781128,0.0960332378745079,0.5698570013046265,0.48462745547294617,0.23128236830234528,0.05283404141664505,0.07919084280729294,0.12900188565254211,0.5169876217842102,0.5843524932861328,0.5,0.2795378565788269,0.6502729058265686,0.6213713884353638,0.09445825219154358,0.674349308013916,0.2282557636499405,0.6909540891647339,0.5,0.4795103669166565,0.6750603914260864,0.5,0.32135358452796936,0.5424672961235046,0.3668234348297119,0.5,0.5002953410148621,0.5244653224945068,0.5669411420822144,0.5545908212661743,0.34418150782585144,0.530329167842865,0.4989017844200134,0.22795969247817993,0.5150920152664185,0.3607725203037262,0.2633364796638489,0.5,0.8020232319831848,0.19892558455467224,0.4849018454551697,0.23149645328521729,0.4159831702709198,0.39682331681251526,0.8334558606147766,0.8920266628265381,0.9757235050201416,0.9496562480926514,0.8268387913703918,0.9417376518249512,0.544053852558136,8.251954078674316,0.8210167288780212,0.8334558606147766
37,0.3906261622905731,0.10048635303974152,0.5750677585601807,0.4979611039161682,0.21771536767482758,0.051302164793014526,0.08393417298793793,0.12454873323440552,0.5163896083831787,0.5872904062271118,0.5,0.2781519293785095,0.4420812726020813,0.6192156672477722,0.1048627495765686,0.6811196804046631,0.23224642872810364,0.7320302724838257,0.5,0.49555885791778564,0.6731839179992676,0.5,0.3391647934913635,0.5442033410072327,0.363698273897171,0.5,0.5086483955383301,0.5261801481246948,0.5709165334701538,0.6214552521705627,0.3373230993747711,0.5646469593048096,0.49332913756370544,0.2200448215007782,0.5392356514930725,0.35272178053855896,0.2700556814670563,0.5,0.8639446496963501,0.20579709112644196,0.4415667653083801,0.234794482588768,0.4588383734226227,0.3734392821788788,0.829963207244873,0.8937959671020508,0.9815898537635803,0.9525827169418335,0.8369364738464355,0.9411591291427612,0.536339521408081,8.385388135910034,0.8055079579353333,0.829963207244873
38,0.395501971244812,0.1061960756778717,0.6533227562904358,0.47812792658805847,0.21435293555259705,0.04990583658218384,0.07955792546272278,0.13968975841999054,0.5168415904045105,0.5841429233551025,0.5,0.275258868932724,0.5185098052024841,0.6283338665962219,0.09132956713438034,0.6666666865348816,0.24282802641391754,0.5912284851074219,0.5,0.5203193426132202,0.6734466552734375,0.5,0.3386783301830292,0.5456815958023071,0.3570738136768341,0.5,0.49606794118881226,0.5265954732894897,0.577974796295166,0.4681234359741211,0.34909653663635254,0.5057936310768127,0.4942772090435028,0.204701229929924,0.4142243564128876,0.3584260642528534,0.3002222180366516,0.5,0.823787271976471,0.23835833370685577,0.5000526905059814,0.2542065382003784,0.454584538936615,0.41445446014404297,0.828125,0.8931525945663452,0.9789890050888062,0.9628909230232239,0.8375555276870728,0.9301339387893677,0.5424380302429199,8.471686363220215,0.8131821751594543,0.828125
39,0.3980729877948761,0.09283362329006195,0.5873277187347412,0.4724310636520386,0.18125490844249725,0.054126136004924774,0.06730467826128006,0.11590338498353958,0.5268361568450928,0.5813989639282227,0.5,0.2652013897895813,0.547797441482544,0.6378039121627808,0.10729411244392395,0.6723678112030029,0.2462335228919983,0.7659857273101807,0.5,0.47152984142303467,0.666348934173584,0.5,0.35840851068496704,0.5421774387359619,0.3605348467826843,0.5,0.4880985617637634,0.5370936393737793,0.5779122114181519,0.6126671433448792,0.34560906887054443,0.5328164100646973,0.49341073632240295,0.17935818433761597,0.4416195750236511,0.3557324707508087,0.27654027938842773,0.5,0.8304380178451538,0.21939662098884583,0.5235164165496826,0.24825617671012878,0.41843828558921814,0.43398475646972656,0.8295955657958984,0.8920266628265381,0.9802190065383911,0.9515019059181213,0.8290249109268188,0.9393444061279297,0.5349155068397522,8.478322267532349,0.8059776425361633,0.8295955657958984
40,0.392427921295166,0.07804419100284576,0.6029826998710632,0.45087745785713196,0.18327318131923676,0.060746196657419205,0.057550571858882904,0.1277412325143814,0.48986637592315674,0.5692416429519653,0.5,0.287767618894577,0.6035393476486206,0.6382196545600891,0.07095864415168762,0.6857635974884033,0.21607843041419983,0.7569864392280579,0.5,0.5101937055587769,0.6761624813079834,0.5,0.3331717550754547,0.5454545617103577,0.36202672123908997,0.5,0.4735524356365204,0.5295116305351257,0.5813443660736084,0.5273953080177307,0.3484276533126831,0.5895545482635498,0.4972570538520813,0.19273433089256287,0.433709055185318,0.3627762794494629,0.28224241733551025,0.5,0.846514105796814,0.18237154185771942,0.5117200613021851,0.25359055399894714,0.41978949308395386,0.3749263286590576,0.8325367569923401,0.8899127244949341,0.9811097383499146,0.9536184668540955,0.8328475952148438,0.9416531324386597,0.5416147708892822,8.350649356842041,0.817028820514679,0.8325367569923401

41,0.39830711483955383,0.08912055194377899,0.572335422039032,0.4301632046699524,0.207145094871521,0.057167503982782364,0.06100047007203102,0.1146911233663559,0.515899121761322,0.5838958024978638,0.5,0.2334587574005127,0.5335164666175842,0.6169146299362183,0.09308929741382599,0.6947970390319824,0.24111197888851166,0.6064399480819702,0.5,0.4693945348262787,0.6529187560081482,0.5,0.34469082951545715,0.5413722395896912,0.35725846886634827,0.5,0.44201773405075073,0.5256949067115784,0.5886193513870239,0.5776538848876953,0.3539537787437439,0.5490918159484863,0.49497881531715393,0.20460747182369232,0.40431374311447144,0.3598761558532715,0.2762845754623413,0.5,0.7621334791183472,0.19412878155708313,0.441506028175354,0.2745383679866791,0.47252142429351807,0.3747894763946533,0.8226103186607361,0.8929687738418579,0.9809951186180115,0.9577602744102478,0.8358792662620544,0.9369100332260132,0.541617214679718,8.576917886734009,0.8033806681632996,0.8226103186607361
42,0.38067343831062317,0.10343898832798004,0.5646615624427795,0.4331974387168884,0.2274865359067917,0.06748706847429276,0.06079385057091713,0.12786319851875305,0.5164679884910583,0.5942789912223816,0.5,0.30204764008522034,0.6497383713722229,0.6183571219444275,0.07454488426446915,0.7047163844108582,0.22720138728618622,0.6969218254089355,0.5,0.4557936489582062,0.6664552092552185,0.498786985874176,0.34384578466415405,0.5448681116104126,0.3591668903827667,0.5,0.4421684741973877,0.517255961894989,0.5856002569198608,0.4940342903137207,0.38466042280197144,0.5550354719161987,0.49505650997161865,0.21719756722450256,0.4425910711288452,0.36286985874176025,0.26770472526550293,0.5,0.8297284841537476,0.15005426108837128,0.4520612061023712,0.25486674904823303,0.4714771509170532,0.38987916707992554,0.8360294103622437,0.8933134078979492,0.9748084545135498,0.9395695924758911,0.8284395933151245,0.9456148743629456,0.5434810519218445,8.401947021484375,0.7993164658546448,0.8360294103622437
43,0.3825547695159912,0.08180391788482666,0.6166863441467285,0.42904186248779297,0.2138497680425644,0.07501175999641418,0.07317455112934113,0.13112956285476685,0.527385413646698,0.5958248376846313,0.5,0.29530489444732666,0.6727437973022461,0.6249411702156067,0.08483613282442093,0.6600722074508667,0.24682751297950745,0.6312735080718994,0.5,0.4385690689086914,0.6680850982666016,0.4889533817768097,0.3647163510322571,0.5433824062347412,0.3591378331184387,0.5,0.44190680980682373,0.5242170095443726,0.5859969854354858,0.502569854259491,0.36622047424316406,0.570846438407898,0.4923173487186432,0.21582207083702087,0.4338134229183197,0.357029527425766,0.28129449486732483,0.5,0.8045334219932556,0.15919141471385956,0.45891010761260986,0.2863241136074066,0.4435341954231262,0.39558982849121094,0.8345588445663452,0.8941636085510254,0.9853986501693726,0.9007078409194946,0.8326696157455444,0.9440974593162537,0.5399367213249207,8.127178430557251,0.7955889105796814,0.8345588445663452
44,0.38820725679397583,0.08985523134469986,0.5975345969200134,0.4541248381137848,0.21541839838027954,0.07020843029022217,0.06878721714019775,0.1130373403429985,0.5317696928977966,0.5911298990249634,0.5,0.3197145462036133,0.6358222365379333,0.6278796195983887,0.08843377232551575,0.6768675446510315,0.2555694878101349,0.5857013463973999,0.5,0.4658849239349365,0.6610128879547119,0.4988706111907959,0.3336557149887085,0.5517966747283936,0.36119186878204346,0.5,0.4199363887310028,0.5258752703666687,0.5828686356544495,0.4996603727340698,0.3406982123851776,0.4577667713165283,0.4846467077732086,0.23171307146549225,0.4961574673652649,0.3622773587703705,0.2774616777896881,0.5,0.780518651008606,0.15888294577598572,0.4572880268096924,0.2948373854160309,0.3832070827484131,0.3844715356826782,0.8288602828979492,0.8949908018112183,0.9760854840278625,0.9550043940544128,0.8377410769462585,0.9428659677505493,0.5532894730567932,8.790944337844849,0.828361988067627,0.8288602828979492
45,0.3929853141307831,0.08563145995140076,0.5647566914558411,0.46323874592781067,0.23372548818588257,0.056435178965330124,0.06369626522064209,0.11843549460172653,0.5244475603103638,0.607926070690155,0.5,0.2970788776874542,0.5530635714530945,0.6173381209373474,0.09360300749540329,0.693847119808197,0.26547563076019287,0.6218783855438232,0.5,0.423722505569458,0.656269907951355,0.49781447649002075,0.3580416142940521,0.5397421717643738,0.36726948618888855,0.5,0.424257755279541,0.5234488248825073,0.5787522196769714,0.49786198139190674,0.3621976673603058,0.5460927486419678,0.4929433763027191,0.24621570110321045,0.49157509207725525,0.36071938276290894,0.27241161465644836,0.5,0.7968980073928833,0.16304637491703033,0.46130865812301636,0.3137843906879425,0.5141600966453552,0.34166258573532104,0.8321691155433655,0.8939567804336548,0.9822086095809937,0.9416402578353882,0.8337098360061646,0.9416190385818481,0.5398920178413391,9.186740159988403,0.8149634599685669,0.8321691155433655
46,0.3975217938423157,0.10169624537229538,0.6144001483917236,0.4603983759880066,0.2426689714193344,0.07193340361118317,0.06692295521497726,0.1464274525642395,0.49656984210014343,0.5938971042633057,0.5,0.33829987049102783,0.4861471951007843,0.62102210521698,0.11288093030452728,0.6704866886138916,0.2790661156177521,0.6348723769187927,0.5,0.4476720094680786,0.6523084044456482,0.49346140027046204,0.34325459599494934,0.5485177636146545,0.3701162338256836,0.5,0.4195346236228943,0.5227346420288086,0.5903429388999939,0.49255019426345825,0.36085745692253113,0.46296006441116333,0.4633573293685913,0.24941052496433258,0.4841061234474182,0.3604484796524048,0.2542613744735718,0.5,0.8619336485862732,0.20110934972763062,0.4685726761817932,0.32972604036331177,0.4298657178878784,0.37046578526496887,0.8268382549285889,0.8917509317398071,0.9764459133148193,0.9680917263031006,0.8227024078369141,0.9404847621917725,0.5466698408126831,8.118802785873413,0.8049932718276978,0.8268382549285889
47,0.37672701478004456,0.085795097053051,0.5699728727340698,0.4645490050315857,0.20815686881542206,0.05782206356525421,0.06840288639068604,0.13439849019050598,0.5280828475952148,0.6022584438323975,0.5,0.28984296321868896,0.44274166226387024,0.6228813529014587,0.11810329556465149,0.6544913053512573,0.2825337052345276,0.6915407180786133,0.5,0.422131210565567,0.6577627658843994,0.49260926246643066,0.3312297761440277,0.5438960194587708,0.36398187279701233,0.5,0.4076339900493622,0.5242130756378174,0.5851834416389465,0.4589739441871643,0.35749074816703796,0.4960232675075531,0.48283159732818604,0.2490158975124359,0.4480600953102112,0.357029527425766,0.2552851438522339,0.5,0.8015584945678711,0.18839779496192932,0.4500473439693451,0.293427973985672,0.508606493473053,0.427173376083374,0.8413602709770203,0.8933364152908325,0.9794158339500427,0.9615597724914551,0.8382501602172852,0.9450642466545105,0.5396454334259033,8.489789485931396,0.8369597792625427,0.8413602709770203
48,0.3785170018672943,0.07112643122673035,0.5279995203018188,0.46439215540885925,0.21251609921455383,0.06020696088671684,0.06231384351849556,0.13751763105392456,0.4826432466506958,0.5962201952934265,0.5,0.2654021084308624,0.5546811819076538,0.6259212493896484,0.08581972122192383,0.6672151684761047,0.25317347049713135,0.5860735177993774,0.5,0.44996407628059387,0.6666401624679565,0.4996751546859741,0.327494353055954,0.5378024578094482,0.3650248944759369,0.5,0.4339004456996918,0.5219425559043884,0.5740322470664978,0.6047843098640442,0.39585575461387634,0.47813481092453003,0.4809291958808899,0.25374075770378113,0.48362070322036743,0.3571542203426361,0.2808299660682678,0.5,0.8454807996749878,0.2031695693731308,0.5212254524230957,0.31981346011161804,0.48607540130615234,0.4075060188770294,0.841176450252533,0.8948988914489746,0.9832721948623657,0.9575892686843872,0.8351342678070068,0.9413588643074036,0.5406943559646606,8.568325519561768,0.8361048102378845,0.841176450252533
49,0.3874470293521881,0.07047559320926666,0.596335232257843,0.4466248154640198,0.26214733719825745,0.07498039305210114,0.08500784635543823,0.13973011076450348,0.4696827232837677,0.5957680344581604,0.5,0.26390594244003296,0.4729454219341278,0.6384012699127197,0.09271471202373505,0.6647825241088867,0.2599686086177826,0.6226953268051147,0.5,0.42119139432907104,0.6605242490768433,0.4974038600921631,0.34594812989234924,0.5502209067344666,0.3581462800502777,0.5,0.4176139235496521,0.5322295427322388,0.5887511968612671,0.5526207089424133,0.3750060796737671,0.4850594997406006,0.4916078448295593,0.2683771550655365,0.46742624044418335,0.3604983389377594,0.26693037152290344,0.5,0.7810388207435608,0.17030015587806702,0.4666687250137329,0.304141640663147,0.4201996922492981,0.36901384592056274,0.8319852948188782,0.8952205777168274,0.9791772365570068,0.9383599758148193,0.8398364186286926,0.9419074058532715,0.5349188446998596,8.581305742263794,0.8158439993858337,0.8319852948188782
50,0.3806827664375305,0.08645262569189072,0.5276992917060852,0.4543812870979309,0.22663111984729767,0.07989650219678879,0.0838036984205246,0.12710002064704895,0.44820451736450195,0.5975074768066406,0.5,0.24913765490055084,0.46176135540008545,0.6490045785903931,0.07947954535484314,0.6589735746383667,0.26133689284324646,0.6688640117645264,0.5,0.40149176120758057,0.667884349822998,0.49546632170677185,0.35154989361763,0.5449594259262085,0.3641459345817566,0.5,0.40523356199264526,0.5283401012420654,0.5864335894584656,0.4959999918937683,0.3726242780685425,0.4732265770435333,0.48415687680244446,0.2727415859699249,0.4618944525718689,0.3521261215209961,0.2598039209842682,0.5,0.8194160461425781,0.19370223581790924,0.45507359504699707,0.28553420305252075,0.4274795651435852,0.42231351137161255,0.8351103067398071,0.8946002125740051,0.980201005935669,0.9639925360679626,0.8349146246910095,0.9430094957351685,0.5453333854675293,8.620864152908325,0.8293489813804626,0.8351103067398071

51,0.36938461661338806,0.09390946477651596,0.5770047903060913,0.444749653339386,0.265436589717865,0.0740247517824173,0.06965408474206924,0.1106666699051857,0.5133534669876099,0.6182559728622437,0.5,0.3228698670864105,0.5138214230537415,0.6398178339004517,0.08343788981437683,0.6555782556533813,0.2777690887451172,0.6710624694824219,0.5,0.41119682788848877,0.656745195388794,0.4990333616733551,0.3342796862125397,0.5448647737503052,0.3669126331806183,0.5,0.4381149411201477,0.5207287669181824,0.5815731883049011,0.3941429853439331,0.3917173147201538,0.5068691372871399,0.48174840211868286,0.28811022639274597,0.5072100162506104,0.3589763939380646,0.2661381959915161,0.5,0.8279278874397278,0.17781634628772736,0.3723101019859314,0.25753986835479736,0.44047433137893677,0.39870113134384155,0.8439338207244873,0.8976792097091675,0.9765949249267578,0.9660204648971558,0.8463472127914429,0.9512014389038086,0.546392560005188,8.408225536346436,0.8461096882820129,0.8439338207244873

52,0.37767869234085083,0.06902779638767242,0.5935149788856506,0.4416470527648926,0.19919975101947784,0.07674819976091385,0.08517473936080933,0.14328265190124512,0.4877348244190216,0.61399245262146,0.5,0.295807808637619,0.6055457592010498,0.6345157623291016,0.09242115169763565,0.6471280455589294,0.2715159058570862,0.6735919117927551,0.5,0.36428382992744446,0.6648116111755371,0.4920865595340729,0.34109655022621155,0.548746645450592,0.3636638820171356,0.5,0.4559447169303894,0.5234059691429138,0.5801604986190796,0.5310150384902954,0.3845911920070648,0.4545831084251404,0.48214006423950195,0.2866939902305603,0.47450903058052063,0.36808645725250244,0.269419401884079,0.5,0.8301950097084045,0.18283818662166595,0.42160385847091675,0.258849561214447,0.45955365896224976,0.4200882613658905,0.8351103067398071,0.8970358371734619,0.9806715250015259,0.9554073810577393,0.8407253623008728,0.9527318477630615,0.5392640233039856,8.608237981796265,0.8263525366783142,0.8351103067398071
53,0.3705248534679413,0.07442298531532288,0.620956540107727,0.44768989086151123,0.22959423065185547,0.06759724020957947,0.0860392153263092,0.144168883562088,0.5110607147216797,0.6022887825965881,0.5,0.26672425866127014,0.5386462211608887,0.6384578943252563,0.10604636371135712,0.6435185074806213,0.27556461095809937,0.7010587453842163,0.5,0.4013822674751282,0.6509779095649719,0.49530667066574097,0.34487512707710266,0.5460818409919739,0.36253032088279724,0.5,0.416424423456192,0.526485800743103,0.5732257962226868,0.5446274280548096,0.3638975918292999,0.44327861070632935,0.4818965494632721,0.3109362721443176,0.41482114791870117,0.37018707394599915,0.25807976722717285,0.5,0.8130961656570435,0.1907801479101181,0.4113306999206543,0.27082568407058716,0.44342121481895447,0.4042016267776489,0.8382353186607361,0.8974034786224365,0.9811578989028931,0.9615105986595154,0.8456555604934692,0.9417680501937866,0.5414276719093323,8.526402711868286,0.8191313147544861,0.8382353186607361
54,0.3772783577442169,0.06839215755462646,0.6272307634353638,0.40004703402519226,0.21562941372394562,0.06661958247423172,0.07976806163787842,0.15167659521102905,0.5021929740905762,0.5826107859611511,0.5,0.3547735810279846,0.5200784206390381,0.6353448629379272,0.10170953720808029,0.6446274518966675,0.2658574879169464,0.7094615697860718,0.5,0.40360260009765625,0.6646283268928528,0.49605029821395874,0.3422161042690277,0.5425968766212463,0.35829052329063416,0.5,0.39313429594039917,0.5158550143241882,0.5707898139953613,0.5127058625221252,0.3767087161540985,0.5681253671646118,0.4768024981021881,0.30523163080215454,0.4841705858707428,0.3643515706062317,0.2580517828464508,0.5,0.8090331554412842,0.17022284865379333,0.42763036489486694,0.2398015856742859,0.4395906925201416,0.42221421003341675,0.8340073823928833,0.8968979716300964,0.9786453247070312,0.9890294075012207,0.8342757225036621,0.9458544254302979,0.5383068919181824,8.329002857208252,0.8243881464004517,0.8340073823928833
55,0.3725875914096832,0.07482051849365234,0.5226324796676636,0.4363052248954773,0.24529780447483063,0.05970850959420204,0.058232616633176804,0.11642330139875412,0.4941372871398926,0.6139538288116455,0.5,0.3412437438964844,0.5045753717422485,0.6427003145217896,0.11172132194042206,0.6775913238525391,0.25830981135368347,0.7070212364196777,0.5,0.372428834438324,0.6587440371513367,0.48757344484329224,0.3597717881202698,0.547947108745575,0.3651549518108368,0.5,0.44124096632003784,0.5219922661781311,0.5705293416976929,0.5041958093643188,0.3815922141075134,0.4753867983818054,0.47779348492622375,0.33813345432281494,0.40267571806907654,0.34873950481414795,0.2560189962387085,0.5,0.76390141248703,0.18470999598503113,0.3636895418167114,0.27976754307746887,0.46623140573501587,0.38563072681427,0.8459559082984924,0.896323561668396,0.9834291338920593,0.9619762897491455,0.8377567529678345,0.9424163103103638,0.5412343740463257,8.439417362213135,0.839688241481781,0.8459559082984924
56,0.37161195278167725,0.07277437299489975,0.5515075325965881,0.4235718846321106,0.2402047961950302,0.08177826553583145,0.10133228451013565,0.16998901963233948,0.4644705653190613,0.5957046747207642,0.5,0.31216681003570557,0.5915073752403259,0.630717396736145,0.1020679920911789,0.6593656539916992,0.2501567304134369,0.5834763050079346,0.5,0.3990306258201599,0.6654230952262878,0.493390291929245,0.3607073724269867,0.5496528148651123,0.35180526971817017,0.5,0.39577212929725647,0.5237825512886047,0.5858331322669983,0.5586313009262085,0.35027387738227844,0.3805582523345947,0.4564468264579773,0.3093774616718292,0.4810218811035156,0.35294583439826965,0.25660863518714905,0.5,0.77736496925354,0.21709902584552765,0.3753122091293335,0.24227049946784973,0.46650829911231995,0.3754275441169739,0.8382353186607361,0.8985064029693604,0.9827296733856201,0.97545325756073,0.8339489102363586,0.9456472396850586,0.5415793061256409,8.426208734512329,0.835404098033905,0.8382353186607361
57,0.3584459722042084,0.10073748975992203,0.6081849932670593,0.42292025685310364,0.27499479055404663,0.05724592134356499,0.0943765640258789,0.13131076097488403,0.4523921608924866,0.6132193803787231,0.5,0.30919504165649414,0.45987460017204285,0.6317524909973145,0.10489565134048462,0.6872941255569458,0.23601315915584564,0.7224718928337097,0.5,0.38712000846862793,0.6594710946083069,0.4919779896736145,0.3454824686050415,0.5396029949188232,0.35768020153045654,0.5,0.36789470911026,0.5193115472793579,0.5857552289962769,0.46345096826553345,0.3768503963947296,0.5251681804656982,0.4694949686527252,0.3212936818599701,0.4361325800418854,0.3669598400592804,0.26190951466560364,0.5,0.8388053178787231,0.1974431872367859,0.4373913109302521,0.27651771903038025,0.42232567071914673,0.4120705723762512,0.8511029481887817,0.8984375,0.9776405096054077,0.9428943395614624,0.838173508644104,0.9480189681053162,0.544214129447937,8.464860677719116,0.8268128633499146,0.8511029481887817
58,0.3633919656276703,0.09194231033325195,0.5623170137405396,0.4355015754699707,0.24740585684776306,0.058371253311634064,0.07628978788852692,0.1129310354590416,0.3834769129753113,0.6186853051185608,0.5,0.3277621269226074,0.6062113046646118,0.6407058835029602,0.11283497512340546,0.6930375099182129,0.26262152194976807,0.711854100227356,0.5,0.4042574167251587,0.6506827473640442,0.4901581108570099,0.3273790180683136,0.5409058332443237,0.35959476232528687,0.5,0.3853957951068878,0.5256451368331909,0.5771880149841309,0.4396173059940338,0.3700582683086395,0.39913347363471985,0.47874510288238525,0.3378697335720062,0.46785616874694824,0.3624363839626312,0.26584479212760925,0.5,0.8353803157806396,0.19029556214809418,0.40346330404281616,0.2801792025566101,0.46830040216445923,0.39081481099128723,0.8501838445663452,0.898322582244873,0.9878899455070496,0.9826826453208923,0.8424695134162903,0.9379386901855469,0.5444064736366272,8.351059436798096,0.8298882842063904,0.8501838445663452
59,0.3577899634838104,0.09250548481941223,0.582575261592865,0.41733333468437195,0.2472941279411316,0.07079021632671356,0.07878217101097107,0.11589092761278152,0.3838050961494446,0.6040163040161133,0.5,0.29125529527664185,0.49075791239738464,0.6455656290054321,0.09807149320840836,0.6759912371635437,0.259764701128006,0.7102857828140259,0.5,0.3725614547729492,0.6541144847869873,0.4838709533214569,0.3180087208747864,0.543254554271698,0.35942137241363525,0.5,0.3807596266269684,0.5241079330444336,0.5800026059150696,0.49568966031074524,0.3812173008918762,0.4576719403266907,0.4717779755592346,0.33314988017082214,0.4557887017726898,0.3547232747077942,0.25150221586227417,0.5,0.8117108941078186,0.15954801440238953,0.40254852175712585,0.2613312304019928,0.46677714586257935,0.4001840353012085,0.8477941155433655,0.9003676176071167,0.9849942922592163,0.9589822888374329,0.8444175720214844,0.9537131190299988,0.5473532676696777,8.455928325653076,0.8330880999565125,0.8477941155433655
60,0.35379040241241455,0.10092680156230927,0.6498512029647827,0.403094083070755,0.27633172273635864,0.08660182356834412,0.0770014077425003,0.15003134310245514,0.3441444933414459,0.591671884059906,0.5,0.3038322627544403,0.4560820758342743,0.6416588425636292,0.12917646765708923,0.6325329542160034,0.262472540140152,0.6629652976989746,0.5,0.40833088755607605,0.6535213589668274,0.4819496273994446,0.3144019544124603,0.5414482951164246,0.36272990703582764,0.5,0.3761990964412689,0.5290217995643616,0.5864666104316711,0.5343529582023621,0.36930519342422485,0.47415030002593994,0.4774046838283539,0.3319433629512787,0.4300101399421692,0.35307642817497253,0.26342466473579407,0.5,0.8153865933418274,0.18298770487308502,0.39512988924980164,0.26851117610931396,0.4544665217399597,0.4253092408180237,0.8503676652908325,0.9026424884796143,0.976917564868927,0.9535130262374878,0.8543655872344971,0.9562255144119263,0.5716966390609741,8.48566746711731,0.8192310333251953,0.8503676652908325

61,0.3721557855606079,0.09659714251756668,0.5465197563171387,0.4437028765678406,0.2416418194770813,0.07999059557914734,0.09839924424886703,0.13855327665805817,0.36902210116386414,0.5951112508773804,0.5,0.3112093210220337,0.45084238052368164,0.6445367336273193,0.13984733819961548,0.6466436386108398,0.2674984335899353,0.6686580181121826,0.5,0.4381861090660095,0.6444536447525024,0.48979759216308594,0.3686925768852234,0.542478084564209,0.36190056800842285,0.5,0.3888026773929596,0.5260991454124451,0.5890982747077942,0.4641808569431305,0.3609537184238434,0.47477203607559204,0.45862123370170593,0.3646586835384369,0.398029088973999,0.3573019504547119,0.260079562664032,0.5,0.8348968029022217,0.16542956233024597,0.3745430111885071,0.26581481099128723,0.49716535210609436,0.3842480778694153,0.8398897051811218,0.9003676176071167,0.9811630249023438,0.975479006767273,0.841911792755127,0.9359920620918274,0.5518227219581604,8.4070725440979,0.8384773135185242,0.8398897051811218
62,0.3661786615848541,0.09462213516235352,0.5718530416488647,0.4467000961303711,0.264719694852829,0.07601696252822876,0.08325494080781937,0.12374686449766159,0.36466383934020996,0.6026505827903748,0.5,0.29202568531036377,0.5561869740486145,0.6449286937713623,0.11747648566961288,0.6601850390434265,0.2969706356525421,0.6566842794418335,0.5,0.4428616762161255,0.6485132575035095,0.4886290431022644,0.3683190643787384,0.5473752617835999,0.3629433214664459,0.5,0.36477139592170715,0.528691828250885,0.5894134044647217,0.49801093339920044,0.3819378912448883,0.44962799549102783,0.46815186738967896,0.3608052730560303,0.4695686399936676,0.3611331582069397,0.26460000872612,0.5,0.7932900190353394,0.20328542590141296,0.34031933546066284,0.29568788409233093,0.49245786666870117,0.4232141375541687,0.8424632549285889,0.8995863795280457,0.9788432717323303,0.9584925174713135,0.8450015783309937,0.9530680179595947,0.5454744100570679,8.356298446655273,0.8288448452949524,0.8424632549285889
63,0.3547132909297943,0.08237878233194351,0.5510189533233643,0.4296017587184906,0.2462768405675888,0.06303837150335312,0.07913725823163986,0.10687382519245148,0.24818065762519836,0.6150532364845276,0.5,0.32993730902671814,0.5685504674911499,0.6465287208557129,0.10840257257223129,0.646855890750885,0.31032317876815796,0.6716535091400146,0.5,0.4143863916397095,0.6322294473648071,0.48293986916542053,0.36850622296333313,0.5441081523895264,0.3571949005126953,0.5,0.39049363136291504,0.528841495513916,0.5787584781646729,0.39317587018013,0.35524454712867737,0.5039547681808472,0.4513954222202301,0.3335435092449188,0.4118112027645111,0.368245393037796,0.24522343277931213,0.5,0.7488318085670471,0.18586304783821106,0.3514011800289154,0.2847561836242676,0.4793435335159302,0.3615081012248993,0.856801450252533,0.901171863079071,0.9847650527954102,0.9776420593261719,0.8469067811965942,0.9500671625137329,0.550868570804596,8.376646518707275,0.8517003059387207,0.856801450252533

64,0.3610413372516632,0.0875333622097969,0.6000523567199707,0.4271274209022522,0.23414252698421478,0.0649309903383255,0.0829673781991005,0.12786319851875305,0.19613464176654816,0.6111459732055664,0.5,0.2941545248031616,0.4476816952228546,0.6454473733901978,0.101629838347435,0.6490195989608765,0.2808627486228943,0.6492291688919067,0.5,0.4283442497253418,0.6476515531539917,0.4846484065055847,0.3489667475223541,0.5460430383682251,0.36644527316093445,0.5,0.40408003330230713,0.5230993628501892,0.5983672738075256,0.4348562955856323,0.354576975107193,0.4387294352054596,0.4732339084148407,0.31712308526039124,0.4547688961029053,0.35780033469200134,0.26952826976776123,0.5,0.8202885389328003,0.16297468543052673,0.36013320088386536,0.2716790437698364,0.4171857535839081,0.4303596019744873,0.8441176414489746,0.8995174169540405,0.9805705547332764,0.9778918027877808,0.840836763381958,0.9433349967002869,0.5444878935813904,8.60303521156311,0.8321833610534668,0.8441176414489746
65,0.36231717467308044,0.08643136918544769,0.6182170510292053,0.4450368583202362,0.23144516348838806,0.07442298531532288,0.10006273537874222,0.14266666769981384,0.26667869091033936,0.610039234161377,0.5,0.3166065514087677,0.4395710527896881,0.6341176629066467,0.12080326676368713,0.6445245146751404,0.2911570966243744,0.682336688041687,0.5,0.3872094452381134,0.6467729210853577,0.4793403446674347,0.36459848284721375,0.544730007648468,0.3626320958137512,0.5,0.39307326078414917,0.525728166103363,0.5965872406959534,0.4319005012512207,0.3746863007545471,0.4507266879081726,0.4702194333076477,0.3330444395542145,0.480629563331604,0.3619236946105957,0.24880030751228333,0.5,0.8436390161514282,0.152957946062088,0.33501020073890686,0.3003958761692047,0.4800609350204468,0.3441591262817383,0.8413602709770203,0.9017463326454163,0.9828002452850342,0.9835680723190308,0.849429190158844,0.953048825263977,0.5490092039108276,8.268663883209229,0.8251140713691711,0.8413602709770203
66,0.37347978353500366,0.08122941851615906,0.6211408376693726,0.42632073163986206,0.2552841603755951,0.05338357761502266,0.0725591629743576,0.12887810170650482,0.28240498900413513,0.6002822518348694,0.5,0.2993255853652954,0.5562199950218201,0.6519830822944641,0.11510678380727768,0.6599780321121216,0.2966248095035553,0.7217780351638794,0.5,0.3811793625354767,0.6550708413124084,0.483102023601532,0.3271186351776123,0.5436815023422241,0.35776659846305847,0.5,0.37218838930130005,0.5288942456245422,0.5848070979118347,0.4455329179763794,0.37420424818992615,0.5342330932617188,0.468573659658432,0.3250669240951538,0.4830226004123688,0.3641485571861267,0.25844380259513855,0.5,0.7652361392974854,0.17789505422115326,0.3479180634021759,0.30366161465644836,0.43978509306907654,0.4112702012062073,0.8393382430076599,0.8996553421020508,0.9819966554641724,0.9589956402778625,0.8459835052490234,0.9408599138259888,0.5476028919219971,8.552990674972534,0.8205327987670898,0.8393382430076599
67,0.36704766750335693,0.09250548481941223,0.6335421800613403,0.4285714328289032,0.23649922013282776,0.07251489162445068,0.07559598237276077,0.12978056073188782,0.2414916455745697,0.6043593883514404,0.5,0.32371845841407776,0.4592987596988678,0.6469435691833496,0.1305372267961502,0.6545397639274597,0.2988568842411041,0.704801082611084,0.5,0.375,0.6566274762153625,0.4892098009586334,0.36713457107543945,0.5424788594245911,0.3583545386791229,0.5,0.38961300253868103,0.5301710367202759,0.590076208114624,0.4739648699760437,0.37320610880851746,0.4869178533554077,0.4694213569164276,0.3259055018424988,0.49043887853622437,0.3623729348182678,0.2750166952610016,0.5,0.7834107279777527,0.18438144028186798,0.3446238040924072,0.3364153504371643,0.4636867046356201,0.3587055206298828,0.851286768913269,0.8979779481887817,0.9784622192382812,0.9761727452278137,0.8470519781112671,0.9445056915283203,0.5436166524887085,8.478750467300415,0.8296985030174255,0.851286768913269
68,0.35931000113487244,0.10410787165164948,0.6352664232254028,0.42447057366371155,0.23860253393650055,0.0677899718284607,0.08624197542667389,0.14064708352088928,0.29737165570259094,0.6083921790122986,0.5,0.3206777572631836,0.5004976391792297,0.6478840112686157,0.1438087821006775,0.6553131341934204,0.29956120252609253,0.6062145233154297,0.5,0.3857584595680237,0.6472597122192383,0.4865216016769409,0.3577878177165985,0.5420560836791992,0.3600739538669586,0.5,0.3653593063354492,0.5362389087677002,0.6007214188575745,0.41579344868659973,0.3828481435775757,0.426588237285614,0.47459620237350464,0.3470560312271118,0.47816774249076843,0.3611094057559967,0.2749580442905426,0.5,0.815175473690033,0.2113049030303955,0.3439424932003021,0.34156540036201477,0.48160311579704285,0.3307388722896576,0.848713219165802,0.901907205581665,0.9869418144226074,0.9772617816925049,0.8480842113494873,0.9441719055175781,0.5548639893531799,8.395684480667114,0.8422409296035767,0.848713219165802
69,0.3589051365852356,0.11432377249002457,0.5976660847663879,0.4364805519580841,0.2440802901983261,0.07432644069194794,0.08958268165588379,0.13223528861999512,0.3898245096206665,0.5939855575561523,0.5,0.32326236367225647,0.5654863119125366,0.6540574431419373,0.15438871085643768,0.6682602167129517,0.3007212281227112,0.6637880802154541,0.5,0.46320652961730957,0.654059648513794,0.4808095395565033,0.3527463674545288,0.5414935946464539,0.35357895493507385,0.5,0.40062984824180603,0.5347468852996826,0.5962544679641724,0.4012037217617035,0.3963063359260559,0.4133438766002655,0.4702773690223694,0.3527143895626068,0.5204412341117859,0.3543388545513153,0.2906850576400757,0.5,0.8306567072868347,0.19501976668834686,0.3698042631149292,0.34144917130470276,0.4767994284629822,0.3839172124862671,0.8465073704719543,0.9006433486938477,0.9754573106765747,0.975680947303772,0.8507871031761169,0.9480440616607666,0.549201488494873,8.384681463241577,0.8346551060676575,0.8465073704719543
70,0.3612506091594696,0.12296110391616821,0.6353846788406372,0.4336838722229004,0.2158307284116745,0.058048322796821594,0.09984338283538818,0.1278613954782486,0.2529624402523041,0.604479968547821,0.5,0.3225066065788269,0.5063720345497131,0.66164231300354,0.14641793072223663,0.6793384552001953,0.3005644381046295,0.6536074876785278,0.5,0.36179816722869873,0.6488634347915649,0.4847605228424072,0.348898321390152,0.5406638979911804,0.34665194153785706,0.5,0.39457470178604126,0.5361465215682983,0.5891236662864685,0.4566081166267395,0.3928340971469879,0.3962630331516266,0.4712337255477905,0.3638727068901062,0.45084303617477417,0.3684503138065338,0.26306235790252686,0.5,0.8479893207550049,0.16879835724830627,0.3499763607978821,0.35087719559669495,0.4258699417114258,0.3379068970680237,0.8452205657958984,0.9003446698188782,0.9837363958358765,0.9835107326507568,0.8471102714538574,0.9490801095962524,0.5513094067573547,8.542049884796143,0.8297644853591919,0.8452205657958984

71,0.36557313799858093,0.12727415561676025,0.5770618915557861,0.44431373476982117,0.24356964230537415,0.0583307221531868,0.08275862038135529,0.13834798336029053,0.18759989738464355,0.585671067237854,0.5,0.28609541058540344,0.5542632341384888,0.6507612466812134,0.13935454189777374,0.6952194571495056,0.3180466294288635,0.6009448766708374,0.5,0.4076099693775177,0.645869791507721,0.4787754416465759,0.36664512753486633,0.5393204092979431,0.36338767409324646,0.5,0.3810011148452759,0.532891571521759,0.5972375273704529,0.4200690984725952,0.39033597707748413,0.4296725392341614,0.4735810458660126,0.3774787485599518,0.533959686756134,0.36784058809280396,0.2551648020744324,0.5,0.7573109865188599,0.20207048952579498,0.3505203425884247,0.3637367784976959,0.432681679725647,0.35896578431129456,0.8398897051811218,0.9031479358673096,0.9850701093673706,0.9834449291229248,0.8529739379882812,0.9480259418487549,0.5485538840293884,8.375225067138672,0.8282119631767273,0.8398897051811218
72,0.3624815344810486,0.10385943204164505,0.6025078296661377,0.4481516182422638,0.25407102704048157,0.06156862899661064,0.06822459399700165,0.12911313772201538,0.23970046639442444,0.610840916633606,0.5,0.27931034564971924,0.5613636374473572,0.6486529111862183,0.12884736061096191,0.680401086807251,0.3135007917881012,0.674297571182251,0.5,0.4329352378845215,0.6513805389404297,0.4861379861831665,0.3432488739490509,0.5421316623687744,0.35541391372680664,0.5,0.39032259583473206,0.5347931981086731,0.5836296677589417,0.4343394339084625,0.38344621658325195,0.43109577894210815,0.4819084703922272,0.35812196135520935,0.42327386140823364,0.37375256419181824,0.2724323570728302,0.5,0.8268179893493652,0.21671141684055328,0.3584845960140228,0.33720746636390686,0.4597248435020447,0.4165876507759094,0.8509191274642944,0.8977481126785278,0.9872438907623291,0.9673976898193359,0.841118335723877,0.9438666701316833,0.5384618639945984,8.462431192398071,0.8532201647758484,0.8509191274642944
73,0.35795390605926514,0.09415177255868912,0.5515213012695312,0.4480702877044678,0.2332758903503418,0.06531637907028198,0.07034071534872055,0.11397174000740051,0.24637287855148315,0.6214967966079712,0.5,0.3555759787559509,0.5068350434303284,0.6465935707092285,0.12682238221168518,0.6917045712471008,0.3237415850162506,0.7033922672271729,0.5,0.42085230350494385,0.6458995342254639,0.49057820439338684,0.365692138671875,0.5415726900100708,0.35214558243751526,0.5,0.37940725684165955,0.5322376489639282,0.5888174772262573,0.38984599709510803,0.3958369791507721,0.43922069668769836,0.4499607980251312,0.3672022819519043,0.456295371055603,0.3763066232204437,0.2855454087257385,0.5,0.8116824626922607,0.20167668163776398,0.3568199872970581,0.32362714409828186,0.4490683972835541,0.4084665775299072,0.8481617569923401,0.8993566036224365,0.9857409000396729,0.9743907451629639,0.8438517451286316,0.9466884136199951,0.5383518934249878,8.3358314037323,0.8410402536392212,0.8481617569923401
74,0.35356417298316956,0.09960784018039703,0.6251879930496216,0.444435715675354,0.24004390835762024,0.0694444477558136,0.08675871044397354,0.1269405633211136,0.2562353014945984,0.6305302977561951,0.5,0.2808709740638733,0.49489015340805054,0.653134822845459,0.14634910225868225,0.6802098155021667,0.33262744545936584,0.698427677154541,0.5,0.3962971568107605,0.6465914249420166,0.4866291582584381,0.3679657280445099,0.5427461266517639,0.35752084851264954,0.5,0.39019787311553955,0.5375376343727112,0.6153246760368347,0.4025437831878662,0.3702157735824585,0.4184547960758209,0.44760337471961975,0.3837684690952301,0.47974249720573425,0.360067754983902,0.2765940725803375,0.5,0.7866344451904297,0.22730866074562073,0.3613094389438629,0.3245808184146881,0.4911830425262451,0.38659846782684326,0.8520220518112183,0.9022518396377563,0.9836868047714233,0.9633809328079224,0.8512811064720154,0.9439175128936768,0.5526503324508667,8.41635775566101,0.8344959616661072,0.8520220518112183
75,0.36200958490371704,0.10600125044584274,0.5809516310691833,0.447116881608963,0.2365490198135376,0.06301993131637573,0.09887094050645828,0.12971660494804382,0.22956976294517517,0.6339131593704224,0.5,0.28660261631011963,0.4658375680446625,0.6559855937957764,0.13101771473884583,0.6687853336334229,0.32865211367607117,0.7305753231048584,0.5,0.36829572916030884,0.643412709236145,0.47866493463516235,0.3673518896102905,0.5440724492073059,0.3569270372390747,0.5,0.38132157921791077,0.5356179475784302,0.6080989241600037,0.454334020614624,0.38795486092567444,0.45632678270339966,0.4733291566371918,0.38768914341926575,0.3812609016895294,0.35748255252838135,0.2557275891304016,0.5,0.8280042409896851,0.22614534199237823,0.3605864644050598,0.32888293266296387,0.44831383228302,0.39612531661987305,0.8465073704719543,0.9005744457244873,0.9819453954696655,0.9495512843132019,0.8478304743766785,0.9553962349891663,0.5541527271270752,8.408461570739746,0.8294786810874939,0.8465073704719543
76,0.3524548411369324,0.07724278420209885,0.6418120265007019,0.43327584862709045,0.2705882489681244,0.056566767394542694,0.10728839784860611,0.11472710222005844,0.1953641176223755,0.6426329612731934,0.5,0.2944008409976959,0.5453124046325684,0.6612296104431152,0.13093559443950653,0.6594191789627075,0.34079837799072266,0.6746140718460083,0.5,0.4075053930282593,0.639961838722229,0.48014405369758606,0.3475668728351593,0.5447173714637756,0.35893070697784424,0.5,0.3867529332637787,0.5387659668922424,0.6248788833618164,0.39467084407806396,0.39366230368614197,0.48438701033592224,0.4583072066307068,0.39698928594589233,0.48730507493019104,0.35642698407173157,0.2720377743244171,0.5,0.8484212160110474,0.22998739778995514,0.35402214527130127,0.3162555396556854,0.40928328037261963,0.4005681872367859,0.8536764979362488,0.9025275707244873,0.9813835620880127,0.9559988975524902,0.8564214706420898,0.9532483220100403,0.5553684830665588,8.461455583572388,0.8348625302314758,0.8536764979362488
77,0.3439493775367737,0.08754314482212067,0.5896176099777222,0.4472818374633789,0.25134560465812683,0.05695011094212532,0.10981345176696777,0.14205168187618256,0.24177631735801697,0.6508546471595764,0.5,0.2640872597694397,0.47073447704315186,0.6567199230194092,0.1507849246263504,0.6548776626586914,0.3418247401714325,0.6617163419723511,0.4863743185997009,0.4639270305633545,0.6347902417182922,0.47324129939079285,0.3661869466304779,0.5425480008125305,0.35658130049705505,0.5,0.39444294571876526,0.5347232818603516,0.6176003813743591,0.3909143805503845,0.38271409273147583,0.4259874224662781,0.45597681403160095,0.38038691878318787,0.4992067217826843,0.36141133308410645,0.2581564784049988,0.5,0.7883734703063965,0.19957353174686432,0.36785513162612915,0.3397851288318634,0.48044586181640625,0.4141145348548889,0.8547794222831726,0.9042509198188782,0.9843469858169556,0.9796939492225647,0.857157289981842,0.9453907608985901,0.5645571947097778,8.529978275299072,0.8363819122314453,0.8547794222831726
78,0.35418277978897095,0.10106632858514786,0.6471511721611023,0.4472156763076782,0.23870764672756195,0.05468382313847542,0.10043907910585403,0.13499529659748077,0.3177854120731354,0.6528692245483398,0.5,0.27830928564071655,0.45638415217399597,0.6522727012634277,0.15169331431388855,0.6791033148765564,0.3570084571838379,0.7528499364852905,0.4978886544704437,0.4443979263305664,0.6341270208358765,0.4836139380931854,0.33721303939819336,0.543574333190918,0.3546495735645294,0.5,0.41280871629714966,0.5357778668403625,0.6047287583351135,0.46758392453193665,0.3733081519603729,0.38719022274017334,0.4583790600299835,0.37564972043037415,0.5572794079780579,0.3689398169517517,0.25490042567253113,0.5,0.7938382625579834,0.20063240826129913,0.34949231147766113,0.33225297927856445,0.44524186849594116,0.37784090638160706,0.8500000238418579,0.9037684202194214,0.9784100651741028,0.9770804643630981,0.8527714014053345,0.9502675533294678,0.5587859749794006,8.365424156188965,0.8326358199119568,0.8500000238418579
79,0.34653741121292114,0.08240464329719543,0.6590089201927185,0.4511431157588959,0.2612887918949127,0.04399310052394867,0.09934086352586746,0.1270388662815094,0.19068533182144165,0.6569794416427612,0.5,0.3283699154853821,0.44039881229400635,0.6549185514450073,0.1669539362192154,0.7031347751617432,0.3500862419605255,0.7158893942832947,0.4983581006526947,0.3958730101585388,0.6291911602020264,0.47317972779273987,0.3667248487472534,0.5430583953857422,0.3666645586490631,0.5,0.40971851348876953,0.5330364108085632,0.6119809150695801,0.41057613492012024,0.3856198787689209,0.41545096039772034,0.44379115104675293,0.39692017436027527,0.49039363861083984,0.37127891182899475,0.26328426599502563,0.5,0.7691761255264282,0.23381465673446655,0.3575599789619446,0.35319653153419495,0.3885274827480316,0.44798770546913147,0.856249988079071,0.9030790328979492,0.9772841930389404,0.96419358253479,0.8574796915054321,0.9473857879638672,0.5569171905517578,8.32242465019226,0.8290230631828308,0.856249988079071
80,0.3538646996021271,0.07840677350759506,0.637300968170166,0.4410288631916046,0.28570395708084106,0.06070813164114952,0.09757053107023239,0.12441204488277435,0.22614708542823792,0.6482692956924438,0.5,0.2778387665748596,0.49018529057502747,0.6515222787857056,0.15257957577705383,0.6839215755462646,0.3352433145046234,0.6429805159568787,0.47473007440567017,0.4194665551185608,0.6267983913421631,0.4785241484642029,0.3735818564891815,0.5463700294494629,0.3613351881504059,0.5,0.3707517683506012,0.5288257598876953,0.59979647397995,0.3655374348163605,0.40677350759506226,0.385076105594635,0.44725704193115234,0.3766305148601532,0.49341174960136414,0.36010485887527466,0.2636062502861023,0.5,0.8276239633560181,0.21696174144744873,0.3694760203361511,0.3273114562034607,0.4307718276977539,0.3771306872367859,0.8485293984413147,0.9038373231887817,0.9838420152664185,0.9702475070953369,0.8465632200241089,0.9470992684364319,0.5624563694000244,8.468602895736694,0.8542640805244446,0.8485293984413147

81,0.3472355902194977,0.08045525848865509,0.5979471206665039,0.4437127709388733,0.26386868953704834,0.0632057711482048,0.09205776453018188,0.13394539058208466,0.25711971521377563,0.6587488055229187,0.5,0.3010444939136505,0.5775686502456665,0.6572302579879761,0.1505873203277588,0.6455815434455872,0.339871346950531,0.632860541343689,0.4822406470775604,0.42315220832824707,0.6367894411087036,0.47622647881507874,0.37092873454093933,0.538129448890686,0.35468989610671997,0.5,0.3954656720161438,0.5349565744400024,0.6064214110374451,0.4865446388721466,0.39084741473197937,0.3933731019496918,0.4631141126155853,0.39287400245666504,0.48824453353881836,0.36161279678344727,0.2555713653564453,0.5,0.8052834272384644,0.19334447383880615,0.3625727593898773,0.31934767961502075,0.46516674757003784,0.3744216561317444,0.8545956015586853,0.9039751887321472,0.9831465482711792,0.9748013019561768,0.8598844408988953,0.9553616046905518,0.5528445243835449,8.315318822860718,0.8567224740982056,0.8545956015586853
82,0.3499397337436676,0.09591836482286453,0.6363546848297119,0.43296220898628235,0.27742037177085876,0.05910017341375351,0.09045974910259247,0.1451081782579422,0.43298807740211487,0.6719435453414917,0.5,0.27521568536758423,0.6079999804496765,0.6476168036460876,0.14882445335388184,0.6703494787216187,0.33014577627182007,0.7053002119064331,0.4639110565185547,0.41227084398269653,0.6335932612419128,0.4864058196544647,0.3678421080112457,0.5453188419342041,0.35616356134414673,0.5,0.3777748942375183,0.5329936742782593,0.6027908325195312,0.4350167214870453,0.37282219529151917,0.48313990235328674,0.46863728761672974,0.3854101002216339,0.3643960952758789,0.3651053011417389,0.2533248960971832,0.5,0.765721321105957,0.22365930676460266,0.35843145847320557,0.33085206151008606,0.4502212405204773,0.4050513207912445,0.8485293984413147,0.9053768515586853,0.9823254346847534,0.9859880208969116,0.8540780544281006,0.9518164396286011,0.5602452754974365,8.632195949554443,0.8378082513809204,0.8485293984413147
83,0.34900525212287903,0.08882094919681549,0.5835517048835754,0.4441485106945038,0.23988711833953857,0.05492869392037392,0.07657939940690994,0.10813352465629578,0.26002413034439087,0.6855548620223999,0.5,0.28781816363334656,0.6619815826416016,0.6508073210716248,0.12464700639247894,0.7072941064834595,0.34004703164100647,0.6981121301651001,0.4898374080657959,0.3695904016494751,0.6357494592666626,0.4850136637687683,0.3693660795688629,0.5445443391799927,0.3581404685974121,0.5,0.37842002511024475,0.5287949442863464,0.5748962163925171,0.4224393665790558,0.403781920671463,0.41784146428108215,0.46705883741378784,0.37238064408302307,0.32439568638801575,0.35207241773605347,0.257053017616272,0.5,0.7980412244796753,0.1891101598739624,0.3571089208126068,0.33114519715309143,0.4296424090862274,0.3345509171485901,0.8516544103622437,0.9027343988418579,0.9833226203918457,0.9299057722091675,0.8565815687179565,0.9552401304244995,0.5497792363166809,8.605112314224243,0.8309110999107361,0.8516544103622437
84,0.34788745641708374,0.11166796833276749,0.6046860814094543,0.44074714183807373,0.26461827754974365,0.058735884726047516,0.06965798884630203,0.1272541880607605,0.28528857231140137,0.6680514216423035,0.5,0.29678547382354736,0.49607905745506287,0.6693345904350281,0.12339290976524353,0.6679221391677856,0.35833072662353516,0.644729733467102,0.48865947127342224,0.37180984020233154,0.6392112970352173,0.4824298918247223,0.35129448771476746,0.5411126613616943,0.3530828356742859,0.5,0.3841685652732849,0.5342211723327637,0.5941993594169617,0.3654744327068329,0.3726314306259155,0.4241027235984802,0.43261244893074036,0.36686575412750244,0.41520100831985474,0.36135387420654297,0.2658316493034363,0.5,0.7944663763046265,0.21905137598514557,0.3420843780040741,0.32559242844581604,0.4329780042171478,0.3984748125076294,0.8501838445663452,0.9041130542755127,0.9862228631973267,0.9306865334510803,0.856377124786377,0.9553031921386719,0.5483821034431458,8.847434282302856,0.8342667818069458,0.8501838445663452
85,0.3470406234264374,0.09288289397954941,0.6106477975845337,0.4368429183959961,0.2758350372314453,0.05372548848390579,0.06762263178825378,0.11318681389093399,0.31100815534591675,0.6944313645362854,0.5,0.2704150974750519,0.4657021462917328,0.6539306640625,0.14050494134426117,0.6826877593994141,0.3584979474544525,0.6779407858848572,0.4952239394187927,0.4011377692222595,0.6209217309951782,0.4792262613773346,0.3845967650413513,0.54203200340271,0.35368677973747253,0.5,0.3938038945198059,0.5327035188674927,0.5890228748321533,0.3832148015499115,0.3726571202278137,0.42718103528022766,0.45892128348350525,0.36660903692245483,0.30639520287513733,0.35712021589279175,0.2606601417064667,0.5,0.7793160676956177,0.24802277982234955,0.36963045597076416,0.3711535334587097,0.4504418969154358,0.370316743850708,0.8525735139846802,0.9048023819923401,0.9854263067245483,0.9741237759590149,0.8533504009246826,0.9531586170196533,0.5515958666801453,8.525376081466675,0.8516546487808228,0.8525735139846802
86,0.36697664856910706,0.10367421060800552,0.5345596671104431,0.4464145600795746,0.2710097134113312,0.0705329179763794,0.06889794766902924,0.15094543993473053,0.37601882219314575,0.6336919665336609,0.5,0.2242162972688675,0.596877932548523,0.6618524193763733,0.14171500504016876,0.6619077324867249,0.368694007396698,0.6072051525115967,0.4838886260986328,0.38770490884780884,0.62496018409729,0.4805309772491455,0.40478888154029846,0.5453258752822876,0.35532912611961365,0.5,0.3872401714324951,0.5275577902793884,0.5948247313499451,0.3743193745613098,0.38895735144615173,0.40436556935310364,0.4446102976799011,0.3895440399646759,0.3312583863735199,0.3551713228225708,0.27237507700920105,0.5,0.7977654933929443,0.21178142726421356,0.3785511255264282,0.3818555474281311,0.3985443413257599,0.3597942590713501,0.8465073704719543,0.901562511920929,0.9821923971176147,0.9839985966682434,0.8433985710144043,0.9513736963272095,0.5496610403060913,8.60709023475647,0.8449060320854187,0.8465073704719543
87,0.3478384017944336,0.10529614239931107,0.5613481998443604,0.42683500051498413,0.27641066908836365,0.04301159456372261,0.07850203663110733,0.14249643683433533,0.4541564881801605,0.6236668825149536,0.5,0.2872064411640167,0.5368534326553345,0.6616264581680298,0.12793795764446259,0.7063019275665283,0.3461598753929138,0.6967767477035522,0.487791508436203,0.410646915435791,0.6255359649658203,0.4690069556236267,0.36557748913764954,0.5400917530059814,0.3659907579421997,0.5,0.3907575309276581,0.5260391235351562,0.6175814270973206,0.4016645848751068,0.37220823764801025,0.45819881558418274,0.4624018967151642,0.38520970940589905,0.3954673707485199,0.3612871766090393,0.27233269810676575,0.5,0.750751793384552,0.2341131865978241,0.35493534803390503,0.32625848054885864,0.4391224980354309,0.4018261432647705,0.857536792755127,0.9036074876785278,0.9809215068817139,0.9555850028991699,0.852902352809906,0.945357084274292,0.5627264976501465,8.660868406295776,0.8419979214668274,0.857536792755127
88,0.3404667377471924,0.09963881969451904,0.6309372186660767,0.447438508272171,0.2851758897304535,0.046838223934173584,0.09661229699850082,0.13195860385894775,0.3394200801849365,0.6834639310836792,0.5,0.32244673371315,0.459879606962204,0.6640012264251709,0.15171711146831512,0.6841526627540588,0.3611502945423126,0.6023561954498291,0.4830932915210724,0.3980611562728882,0.6283901929855347,0.47647354006767273,0.33469048142433167,0.5397272706031799,0.3529360890388489,0.5,0.39089345932006836,0.5288072228431702,0.5989254713058472,0.3872062563896179,0.38742002844810486,0.46696507930755615,0.45562177896499634,0.39179810881614685,0.45906350016593933,0.344887912273407,0.26419422030448914,0.5,0.7747718095779419,0.2701530158519745,0.37150225043296814,0.35537320375442505,0.4811967611312866,0.3775801956653595,0.854411780834198,0.9059512615203857,0.9825159907341003,0.974310040473938,0.8572797179222107,0.9447762966156006,0.57245934009552,8.531843662261963,0.8446933627128601,0.854411780834198
89,0.3529042601585388,0.1045326218008995,0.6021302938461304,0.4364992082118988,0.2648627460002899,0.05300297960639,0.1008153036236763,0.14190460741519928,0.30854901671409607,0.6879205703735352,0.5,0.2916144132614136,0.5479329824447632,0.648760974407196,0.16003446280956268,0.6721516847610474,0.3605143427848816,0.7167497873306274,0.48551973700523376,0.41419920325279236,0.6029784679412842,0.48091962933540344,0.3675791919231415,0.5498412251472473,0.359480619430542,0.5,0.38815492391586304,0.5306500792503357,0.5943323969841003,0.40337252616882324,0.3773392140865326,0.4205353558063507,0.46585556864738464,0.39227867126464844,0.35854458808898926,0.3716523349285126,0.2456154227256775,0.5,0.77332603931427,0.25490042567253113,0.37060123682022095,0.33359721302986145,0.38150423765182495,0.38647520542144775,0.8479779362678528,0.9047794342041016,0.9819900989532471,0.9811519384384155,0.8513737916946411,0.9435811638832092,0.5648514032363892,8.429349422454834,0.8259781002998352,0.8479779362678528
90,0.36023807525634766,0.08857187628746033,0.5882353186607361,0.4478921890258789,0.2790241539478302,0.04319535940885544,0.10757409781217575,0.13834457099437714,0.2303166687488556,0.654039204120636,0.5,0.3055920898914337,0.49215686321258545,0.6587525606155396,0.15496709942817688,0.6831791996955872,0.38223302364349365,0.7426100969314575,0.4928739368915558,0.4348311722278595,0.6133121848106384,0.4867006242275238,0.3643151521682739,0.5426600575447083,0.3564581871032715,0.5,0.39479362964630127,0.5318856835365295,0.6041379570960999,0.419195294380188,0.40264564752578735,0.4574674367904663,0.4566478431224823,0.3794783055782318,0.3953985571861267,0.3611755073070526,0.2719145715236664,0.5,0.7573299407958984,0.23722511529922485,0.3706282675266266,0.327172189950943,0.41512519121170044,0.3712458908557892,0.8422794342041016,0.9022518396377563,0.9837279915809631,0.9574454426765442,0.847891092300415,0.944464921951294,0.5574568510055542,8.551674365997314,0.8312382102012634,0.8422794342041016

91,0.3572116494178772,0.10161518305540085,0.591149091720581,0.4519818127155304,0.31470271944999695,0.04344416409730911,0.10775861889123917,0.11871179938316345,0.2814369201660156,0.6694176197052002,0.5,0.27765581011772156,0.5464688539505005,0.6667189598083496,0.1637105643749237,0.7016444802284241,0.37018176913261414,0.5625526905059814,0.4888053834438324,0.43000638484954834,0.6141200661659241,0.4823870062828064,0.36485397815704346,0.5270571708679199,0.3631288409233093,0.5,0.4145561456680298,0.5324373841285706,0.5919413566589355,0.40115416049957275,0.36930519342422485,0.45965462923049927,0.4570980370044708,0.3741930425167084,0.41112959384918213,0.370753675699234,0.2622433006763458,0.5,0.756735622882843,0.2307875156402588,0.3809862434864044,0.3514561653137207,0.43196794390678406,0.35085955262184143,0.8505514860153198,0.9017233848571777,0.9804480075836182,0.9813637733459473,0.848825216293335,0.9501205682754517,0.5522360801696777,8.606173038482666,0.8487828373908997,0.8505514860153198
92,0.3356095850467682,0.09687793999910355,0.603502094745636,0.43652036786079407,0.32207241654396057,0.05478915199637413,0.10552330315113068,0.11376822739839554,0.3035079538822174,0.6843260526657104,0.5,0.32512545585632324,0.585962176322937,0.6631628274917603,0.17920388281345367,0.7087515592575073,0.38155004382133484,0.6433552503585815,0.47762829065322876,0.40573883056640625,0.6080437898635864,0.4857684373855591,0.37842851877212524,0.549425482749939,0.3491511046886444,0.5,0.41548600792884827,0.536275327205658,0.6010337471961975,0.44757506251335144,0.4014376699924469,0.4594272971153259,0.4650487005710602,0.3929358124732971,0.5319985747337341,0.36989742517471313,0.24758511781692505,0.5,0.775518536567688,0.2102973759174347,0.3674033284187317,0.3546272814273834,0.45424404740333557,0.389056533575058,0.8584558963775635,0.9036075472831726,0.9775108098983765,0.9535935521125793,0.8570500016212463,0.9501653909683228,0.5606378316879272,8.426239728927612,0.8477516174316406,0.8584558963775635
93,0.3561541438102722,0.09329970180988312,0.5329118371009827,0.43651166558265686,0.32133224606513977,0.06177575886249542,0.09728967398405075,0.1453789472579956,0.4040752351284027,0.6541418433189392,0.5,0.27299121022224426,0.5068861246109009,0.6558868288993835,0.17654436826705933,0.7200093865394592,0.3725290298461914,0.6189799308776855,0.48420146107673645,0.4035453498363495,0.6087992191314697,0.47753486037254333,0.362827867269516,0.5436874628067017,0.3631998300552368,0.5,0.37924617528915405,0.537530243396759,0.59482342004776,0.467968225479126,0.3783690333366394,0.45850932598114014,0.4653822183609009,0.40100881457328796,0.5076969265937805,0.3679294288158417,0.26842188835144043,0.5,0.7601306438446045,0.23027968406677246,0.37164267897605896,0.351272314786911,0.46666857600212097,0.40119069814682007,0.8477941155433655,0.9032398462295532,0.9767425060272217,0.9825820326805115,0.8531352281570435,0.9479789733886719,0.5588789582252502,8.657236576080322,0.8403806686401367,0.8477941155433655
94,0.34664303064346313,0.07414090633392334,0.6606611013412476,0.433993399143219,0.3240621089935303,0.05695011094212532,0.12306004017591476,0.12707746028900146,0.3268204629421234,0.6806926727294922,0.5,0.31229087710380554,0.4752678871154785,0.6617531776428223,0.21850517392158508,0.7042707204818726,0.3780774772167206,0.6339467763900757,0.486782431602478,0.3689327836036682,0.5965873003005981,0.48053187131881714,0.37447020411491394,0.5480791926383972,0.358053982257843,0.5,0.407781720161438,0.5381405353546143,0.6150767803192139,0.47499579191207886,0.421861857175827,0.43344834446907043,0.48245733976364136,0.40722379088401794,0.5252501368522644,0.37438541650772095,0.27867627143859863,0.5,0.7435208559036255,0.25536784529685974,0.38033512234687805,0.3713270127773285,0.4011470079421997,0.32829800248146057,0.8558823466300964,0.9051470756530762,0.9797046184539795,0.9962866306304932,0.8535848259925842,0.9540082216262817,0.5604287981987,8.274824857711792,0.8509703874588013,0.8558823466300964
95,0.35204002261161804,0.0766635313630104,0.5859361290931702,0.42361438274383545,0.29321423172950745,0.06181361898779869,0.1115637719631195,0.1491379290819168,0.3472941219806671,0.6674780249595642,0.5,0.29302507638931274,0.5580720901489258,0.6713434457778931,0.19789870083332062,0.7000627517700195,0.38492250442504883,0.6805919408798218,0.4812147915363312,0.4284018874168396,0.6250395774841309,0.4696817100048065,0.3569466769695282,0.5462990999221802,0.3572966754436493,0.5,0.4040580093860626,0.5394867062568665,0.6054152846336365,0.3643493950366974,0.3742726743221283,0.4472822844982147,0.46787336468696594,0.3993532061576843,0.4797550141811371,0.36150792241096497,0.2749858796596527,0.5,0.8110690116882324,0.26277199387550354,0.35693955421447754,0.37784090638160706,0.468283474445343,0.3785499334335327,0.8448529243469238,0.9052159786224365,0.9860031008720398,0.9807333946228027,0.861178994178772,0.9439587593078613,0.5573009848594666,8.291611433029175,0.8279594779014587,0.8448529243469238
96,0.3323259651660919,0.1017618179321289,0.5695229768753052,0.40911945700645447,0.28673356771469116,0.06357792764902115,0.09607843309640884,0.131393164396286,0.2977753281593323,0.6762133240699768,0.5,0.3301674425601959,0.527446985244751,0.6592156887054443,0.20029766857624054,0.6891764402389526,0.37929412722587585,0.6865354180335999,0.5348232984542847,0.4135608673095703,0.6025865077972412,0.48036134243011475,0.3722246289253235,0.5542408227920532,0.355954110622406,0.5,0.3741963505744934,0.5453885793685913,0.5943472385406494,0.410980224609375,0.40102362632751465,0.41551506519317627,0.46996548771858215,0.3941807150840759,0.49037885665893555,0.36298537254333496,0.2721448838710785,0.5,0.7841523885726929,0.22867542505264282,0.3782862722873688,0.37966182827949524,0.4426758885383606,0.4322393536567688,0.862500011920929,0.9050551652908325,0.984981894493103,0.9652171730995178,0.8613142967224121,0.9554867148399353,0.5606896281242371,8.395761013031006,0.8572593927383423,0.862500011920929
97,0.3416394293308258,0.08559548109769821,0.5482883453369141,0.41818466782569885,0.2396959662437439,0.062470607459545135,0.09625039249658585,0.09774082154035568,0.22256171703338623,0.6701960563659668,0.5,0.26472172141075134,0.5237759351730347,0.6654123663902283,0.20926767587661743,0.7010656595230103,0.37765204906463623,0.6298015713691711,0.47932979464530945,0.3560675084590912,0.5983136892318726,0.47246426343917847,0.34952491521835327,0.5436139106750488,0.3526061475276947,0.5,0.4160133898258209,0.5382701754570007,0.6136290431022644,0.3550414741039276,0.38367414474487305,0.44940751791000366,0.47277578711509705,0.42612117528915405,0.5509099364280701,0.37600818276405334,0.27578580379486084,0.5,0.7329796552658081,0.21109704673290253,0.3719974756240845,0.36554020643234253,0.4192768931388855,0.39694690704345703,0.8538603186607361,0.9068014621734619,0.9828497767448425,0.9636592864990234,0.8631728887557983,0.9494824409484863,0.5686421394348145,8.59149694442749,0.8505608439445496,0.8538603186607361
98,0.3312135338783264,0.06972736120223999,0.5090662240982056,0.44310346245765686,0.22538413107395172,0.06849529594182968,0.0990758165717125,0.14637203514575958,0.39634108543395996,0.6812382936477661,0.5,0.3385234475135803,0.6447877287864685,0.6636862754821777,0.2052268087863922,0.705112099647522,0.3750587999820709,0.7005452513694763,0.4884175956249237,0.40615296363830566,0.6070066690444946,0.4729425013065338,0.36526617407798767,0.5370942950248718,0.35314255952835083,0.5,0.4105249047279358,0.5379695892333984,0.6223287582397461,0.37209606170654297,0.39895495772361755,0.3940928876399994,0.45424631237983704,0.40714511275291443,0.49020886421203613,0.35591328144073486,0.28310683369636536,0.5,0.7616720199584961,0.21894238889217377,0.3694554269313812,0.3636546730995178,0.40261995792388916,0.38289642333984375,0.8613970875740051,0.9068933725357056,0.9801862835884094,0.9875861406326294,0.8589272499084473,0.9527889490127563,0.5643746852874756,8.363617181777954,0.8526020050048828,0.8613970875740051
99,0.34434857964515686,0.06590908765792847,0.5732489824295044,0.43625685572624207,0.2309863567352295,0.06440996378660202,0.09579475969076157,0.15118058025836945,0.3241233825683594,0.7067382335662842,0.5,0.2651621997356415,0.5393372774124146,0.6744240522384644,0.1726190447807312,0.6954032182693481,0.382569819688797,0.6541993618011475,0.48489826917648315,0.4106917977333069,0.6202037930488586,0.47690248489379883,0.3610404133796692,0.5482856631278992,0.3578396439552307,0.5,0.379133403301239,0.5340420007705688,0.613994300365448,0.3937724232673645,0.38283807039260864,0.44007450342178345,0.4582679569721222,0.41194969415664673,0.5279707908630371,0.36216145753860474,0.27413249015808105,0.5,0.7617490291595459,0.23257289826869965,0.36228546500205994,0.3738517463207245,0.4818550944328308,0.41066694259643555,0.8577206134796143,0.9057444930076599,0.9821466207504272,0.9595370888710022,0.864741861820221,0.9491364359855652,0.5527757406234741,9.20657753944397,0.8386155962944031,0.8577206134796143
100,0.3508176803588867,0.08261705935001373,0.6081500053405762,0.4333019554615021,0.2604837417602539,0.05547719821333885,0.09356863051652908,0.15656328201293945,0.31514492630958557,0.6361842751502991,0.5,0.31668058037757874,0.5159713625907898,0.6606835126876831,0.20399999618530273,0.7144650220870972,0.3915804326534271,0.7450471520423889,0.47692787647247314,0.4069267511367798,0.6003493070602417,0.47700127959251404,0.37748345732688904,0.5410487055778503,0.36533963680267334,0.5,0.4084143042564392,0.5378043055534363,0.6059389114379883,0.37550243735313416,0.3936772644519806,0.39816558361053467,0.45100346207618713,0.39413246512413025,0.5226321220397949,0.3719545900821686,0.27266982197761536,0.5,0.747035562992096,0.23528483510017395,0.37205997109413147,0.3812648355960846,0.419803649187088,0.37246835231781006,0.8461397290229797,0.9032169580459595,0.9781754016876221,0.9692798852920532,0.8529129028320312,0.9505001306533813,0.5537216067314148,8.782593250274658,0.8269016146659851,0.8461397290229797

101,0.3402874767780304,0.07356862723827362,0.519237220287323,0.42266666889190674,0.2218475490808487,0.050015680491924286,0.09339282661676407,0.1379607766866684,0.2345045804977417,0.7185882329940796,0.5,0.3073725402355194,0.5389967560768127,0.6758301854133606,0.188186377286911,0.700768232345581,0.3833542466163635,0.7183464765548706,0.4655873477458954,0.4172964096069336,0.6096707582473755,0.48354342579841614,0.3669315576553345,0.5412765145301819,0.35404881834983826,0.5,0.41874200105667114,0.5346601009368896,0.6238195896148682,0.3633725643157959,0.3917507529258728,0.39042243361473083,0.45597681403160095,0.3848637640476227,0.3958689868450165,0.37492063641548157,0.285906583070755,0.5,0.7523733973503113,0.22986452281475067,0.37189429998397827,0.39655718207359314,0.4304525554180145,0.32375314831733704,0.8586397171020508,0.9048253893852234,0.9795455932617188,0.960411787033081,0.8661948442459106,0.950621485710144,0.5576521158218384,8.435147762298584,0.8419594764709473,0.8586397171020508
102,0.3580608069896698,0.08531536906957626,0.5325589179992676,0.43047499656677246,0.21570779383182526,0.05385700985789299,0.0937696173787117,0.10542404651641846,0.20047059655189514,0.659247636795044,0.5,0.33494603633880615,0.508479118347168,0.6661962866783142,0.22004391252994537,0.6973498463630676,0.3997958302497864,0.6695753335952759,0.48465391993522644,0.3846825361251831,0.5816993713378906,0.48429837822914124,0.38735687732696533,0.5320321321487427,0.3696044385433197,0.5,0.42348986864089966,0.5387847423553467,0.6080637574195862,0.4557240307331085,0.4019063413143158,0.38682353496551514,0.45691007375717163,0.3965299725532532,0.49919378757476807,0.37442561984062195,0.2833491861820221,0.5,0.7757747769355774,0.2467963993549347,0.37981554865837097,0.37553274631500244,0.4289381504058838,0.34350085258483887,0.8500000238418579,0.9018152952194214,0.9810745120048523,0.9612873792648315,0.8544572591781616,0.9402862787246704,0.5581957697868347,8.678006649017334,0.8465352058410645,0.8500000238418579
103,0.36141932010650635,0.07338659465312958,0.617924153804779,0.4313725531101227,0.2618076205253601,0.04665203019976616,0.08231420814990997,0.1057586669921875,0.19499127566814423,0.7108150720596313,0.5,0.27530670166015625,0.519901692867279,0.6654648184776306,0.22256192564964294,0.723240852355957,0.39432424306869507,0.6471301317214966,0.48388105630874634,0.3748186230659485,0.5935017466545105,0.4833270013332367,0.3854132890701294,0.5434631109237671,0.3791288733482361,0.5,0.41940680146217346,0.5218537449836731,0.6051322221755981,0.4049653708934784,0.39852654933929443,0.4046274721622467,0.4645323157310486,0.3972117304801941,0.3476078510284424,0.3842507302761078,0.27834072709083557,0.5,0.7393222451210022,0.2755632698535919,0.36331331729888916,0.3874407708644867,0.4495336711406708,0.3812655508518219,0.8461397290229797,0.9009420871734619,0.9847512245178223,0.970116138458252,0.8490326404571533,0.943365216255188,0.5571104884147644,8.932164669036865,0.8369144797325134,0.8461397290229797
104,0.33797961473464966,0.07141736149787903,0.610335648059845,0.42400500178337097,0.25027433037757874,0.055015675723552704,0.0970652848482132,0.13332810997962952,0.3154352307319641,0.7420796751976013,0.5,0.25329360365867615,0.6174812316894531,0.6789746284484863,0.21458789706230164,0.68208909034729,0.3907451033592224,0.6784682273864746,0.47941774129867554,0.3800337314605713,0.5955590605735779,0.4896407723426819,0.37833350896835327,0.5449215173721313,0.35888776183128357,0.5,0.42695412039756775,0.5267064571380615,0.6081660985946655,0.4844827651977539,0.43371495604515076,0.40742480754852295,0.46368056535720825,0.4013851583003998,0.41113725304603577,0.3817460238933563,0.28160011768341064,0.5,0.7431755065917969,0.27131107449531555,0.3598610460758209,0.3692113161087036,0.4365129768848419,0.34824979305267334,0.8569852709770203,0.9056066274642944,0.9821923971176147,0.9754056930541992,0.8571419715881348,0.9535089731216431,0.567825436592102,8.808126211166382,0.8636334538459778,0.8569852709770203
105,0.3462068438529968,0.06727756559848785,0.6356862783432007,0.43955785036087036,0.29853931069374084,0.08894984424114227,0.11855104565620422,0.13816098868846893,0.29110366106033325,0.6994460821151733,0.5,0.3225066065788269,0.6169911623001099,0.672570526599884,0.21577544510364532,0.673568606376648,0.38536280393600464,0.7208322286605835,0.4798027276992798,0.37773677706718445,0.5944913029670715,0.4721393287181854,0.36820074915885925,0.5516155362129211,0.36098161339759827,0.5,0.41974422335624695,0.5328490734100342,0.6138270497322083,0.3636648654937744,0.39771249890327454,0.39614662528038025,0.4669278860092163,0.4103573262691498,0.40997377038002014,0.3813343942165375,0.27912089228630066,0.5,0.7385014295578003,0.2658918499946594,0.38039183616638184,0.3891081213951111,0.4693162739276886,0.33339154720306396,0.8555147051811218,0.9071921110153198,0.9832381010055542,0.9571961164474487,0.8662947416305542,0.9475730061531067,0.5669951438903809,8.513342380523682,0.8323770761489868,0.8555147051811218
106,0.34832602739334106,0.07186520099639893,0.5529412031173706,0.43712717294692993,0.26473355293273926,0.05875883623957634,0.09821148216724396,0.13403354585170746,0.18674789369106293,0.7267356514930725,0.5,0.3427697718143463,0.4676729738712311,0.677148699760437,0.19901160895824432,0.6958940625190735,0.3774310052394867,0.6557480096817017,0.4792677164077759,0.4136941730976105,0.5865353941917419,0.4757101833820343,0.3786439001560211,0.5428547859191895,0.3638094365596771,0.5,0.406948059797287,0.5382868051528931,0.6082795858383179,0.41502320766448975,0.39336270093917847,0.4144216775894165,0.46328258514404297,0.38720089197158813,0.47271350026130676,0.3761897087097168,0.2645297944545746,0.5,0.8076072931289673,0.2842888832092285,0.38145390152931213,0.3811332583427429,0.4708644151687622,0.306612491607666,0.8503676652908325,0.9036994576454163,0.9862052202224731,0.9598948359489441,0.8573294878005981,0.94501793384552,0.5538567900657654,8.40180230140686,0.8634339570999146,0.8503676652908325
107,0.3357882499694824,0.07959869503974915,0.597174346446991,0.43025079369544983,0.22936931252479553,0.0587635338306427,0.10539523512125015,0.12570488452911377,0.3534901738166809,0.6895008087158203,0.5,0.2854192852973938,0.521284818649292,0.6749333143234253,0.21848013997077942,0.7140392065048218,0.39269477128982544,0.7104886770248413,0.4724310636520386,0.39954882860183716,0.5812251567840576,0.4768895208835602,0.38030940294265747,0.5460885167121887,0.3618021607398987,0.46655330061912537,0.429424524307251,0.5445089340209961,0.5972042679786682,0.4381924867630005,0.38427603244781494,0.40524089336395264,0.44815975427627563,0.3861386179924011,0.4090980291366577,0.37990155816078186,0.2575063109397888,0.5,0.7839633226394653,0.2543083131313324,0.3639601171016693,0.3872827887535095,0.40515249967575073,0.4058518707752228,0.8549632430076599,0.9058133959770203,0.986626148223877,0.9676617383956909,0.8692085146903992,0.9509479999542236,0.5642254948616028,8.557731866836548,0.8392183184623718,0.8549632430076599
108,0.33546024560928345,0.07671211659908295,0.529141366481781,0.4346666634082794,0.23961110413074493,0.05425748601555824,0.0957830399274826,0.14181561768054962,0.2887674570083618,0.6872644424438477,0.5,0.269342303276062,0.44602301716804504,0.687225341796875,0.1925908476114273,0.6817610859870911,0.3829570412635803,0.6529203653335571,0.4834820628166199,0.43291908502578735,0.5909595489501953,0.47199463844299316,0.35577234625816345,0.5491418242454529,0.3601982593536377,0.5,0.4273504316806793,0.5438017845153809,0.5969551205635071,0.3466729521751404,0.4091981053352356,0.48894983530044556,0.46185243129730225,0.37303581833839417,0.4316219091415405,0.36720114946365356,0.2670194208621979,0.5,0.7454952001571655,0.28408730030059814,0.38289785385131836,0.39175745844841003,0.42016857862472534,0.39033782482147217,0.8569852709770203,0.9071002006530762,0.9856712818145752,0.9708022475242615,0.8725273609161377,0.9468325972557068,0.5582584738731384,8.564574003219604,0.8470565676689148,0.8569852709770203
109,0.34735554456710815,0.08008149266242981,0.6425807476043701,0.42239484190940857,0.27655908465385437,0.06374470889568329,0.10213199257850647,0.1578286737203598,0.3078727126121521,0.6583282947540283,0.5,0.3272774815559387,0.5361066460609436,0.6812402009963989,0.2016938477754593,0.6921448707580566,0.36983826756477356,0.6727335453033447,0.4584376811981201,0.37621966004371643,0.5873608589172363,0.4745817184448242,0.3947211503982544,0.5478898882865906,0.35265544056892395,0.5,0.42968305945396423,0.551998496055603,0.611177921295166,0.3972570598125458,0.3723437786102295,0.40738216042518616,0.45127883553504944,0.39510929584503174,0.38644975423812866,0.3734298050403595,0.2896066904067993,0.5,0.6927577257156372,0.3017961382865906,0.37863463163375854,0.3849683403968811,0.4638449251651764,0.39993995428085327,0.859375,0.9053539037704468,0.97552490234375,0.9676483273506165,0.8664819002151489,0.9451824426651001,0.5637143850326538,8.614813566207886,0.8380611538887024,0.859375
110,0.3346647024154663,0.10463659465312958,0.6212339401245117,0.44891083240509033,0.26329413056373596,0.06045854091644287,0.08919046074151993,0.14424584805965424,0.27323782444000244,0.6788153648376465,0.5,0.31715065240859985,0.5473354458808899,0.6727244257926941,0.22611014544963837,0.6876077055931091,0.3869803845882416,0.6902115941047668,0.47057443857192993,0.4281671643257141,0.5838099718093872,0.47988903522491455,0.39463010430336,0.5393391847610474,0.3602771461009979,0.5,0.4355468451976776,0.5413526892662048,0.6018468737602234,0.44381457567214966,0.38860371708869934,0.4083355665206909,0.48777487874031067,0.39651912450790405,0.5082958936691284,0.36962345242500305,0.2719575762748718,0.5,0.7686956524848938,0.26730403304100037,0.3716660737991333,0.391863077878952,0.42834073305130005,0.3505251407623291,0.8569852709770203,0.905078113079071,0.9857069253921509,0.9801521301269531,0.8539189100265503,0.9491864442825317,0.5720876455307007,8.592575311660767,0.8495597839355469,0.8569852709770203

111,0.337200403213501,0.09382348507642746,0.5415360331535339,0.4418312907218933,0.27618375420570374,0.055363863706588745,0.11602383106946945,0.12366519868373871,0.29632019996643066,0.6582285761833191,0.5,0.2825978398323059,0.5377742648124695,0.6854117512702942,0.24273598194122314,0.6935306787490845,0.4025556743144989,0.6632475852966309,0.4664839506149292,0.40135860443115234,0.5882865786552429,0.4806179702281952,0.3706367015838623,0.5322169065475464,0.35285046696662903,0.5,0.4343268573284149,0.5476498007774353,0.5922306776046753,0.37923502922058105,0.3744691014289856,0.43360635638237,0.4567300081253052,0.39368900656700134,0.42431640625,0.3688754439353943,0.2906341850757599,0.5,0.6668447852134705,0.29302844405174255,0.3789074718952179,0.36563390493392944,0.43197017908096313,0.3756483793258667,0.8569852709770203,0.9092371463775635,0.9815717935562134,0.9836423993110657,0.8643195629119873,0.953709602355957,0.5787266492843628,8.477457761764526,0.8542167544364929,0.8569852709770203
112,0.3400447964668274,0.08521657437086105,0.6340392231941223,0.43008309602737427,0.29370683431625366,0.058731403201818466,0.09829127043485641,0.12611624598503113,0.221754252910614,0.6811972260475159,0.5,0.27483421564102173,0.6012687683105469,0.668836236000061,0.26112502813339233,0.6675031185150146,0.3999529480934143,0.6685039401054382,0.47511348128318787,0.4305201768875122,0.5718017816543579,0.4723065197467804,0.38193994760513306,0.5457188487052917,0.36132270097732544,0.5,0.427129864692688,0.5401324033737183,0.5782814621925354,0.3570419251918793,0.4228261709213257,0.44086554646492004,0.47251370549201965,0.4139556884765625,0.4694250524044037,0.37717515230178833,0.25569260120391846,0.5,0.6910033822059631,0.3331485688686371,0.3865326941013336,0.3967438042163849,0.45018401741981506,0.3393332362174988,0.859375,0.9063189029693604,0.9839674234390259,0.9885807633399963,0.8561463356018066,0.9496902227401733,0.5793226957321167,8.595416784286499,0.8519677519798279,0.859375
113,0.3413906395435333,0.08352922648191452,0.5420397520065308,0.4429982602596283,0.25431305170059204,0.06437195837497711,0.07021810859441757,0.13073179125785828,0.2867884039878845,0.649283766746521,0.5,0.30935776233673096,0.5049055218696594,0.6771159768104553,0.2561607360839844,0.6804705858230591,0.3783508241176605,0.6925517916679382,0.47276994585990906,0.43049004673957825,0.5951851010322571,0.4639716148376465,0.389327734708786,0.5450344681739807,0.35995328426361084,0.5,0.4335893392562866,0.5409743785858154,0.5810286402702332,0.42733773589134216,0.38541150093078613,0.43519970774650574,0.47694116830825806,0.3940418064594269,0.391771137714386,0.3717194199562073,0.2720448672771454,0.5,0.7983547449111938,0.2929157316684723,0.37859171628952026,0.391864150762558,0.45722776651382446,0.3760378360748291,0.8496323823928833,0.9069393277168274,0.983234167098999,0.9659753441810608,0.8627275228500366,0.9530377388000488,0.5656278133392334,8.563027143478394,0.8329262733459473,0.8496323823928833
114,0.3320493698120117,0.0977732464671135,0.5932601690292358,0.4320639371871948,0.28433677554130554,0.06718406826257706,0.07847287505865097,0.1420615017414093,0.3844364285469055,0.640690803527832,0.5,0.2755486071109772,0.5365203619003296,0.6800564527511597,0.2491363137960434,0.6837694048881531,0.37206020951271057,0.7087770104408264,0.48817354440689087,0.36531007289886475,0.5853234529495239,0.47253280878067017,0.3954789638519287,0.5405133962631226,0.3499961495399475,0.5,0.4149678945541382,0.541619598865509,0.5988860130310059,0.38075071573257446,0.39588579535484314,0.42672210931777954,0.4564058482646942,0.39175987243652344,0.40668970346450806,0.369047611951828,0.2805533707141876,0.5,0.7694692015647888,0.3038673996925354,0.3944295346736908,0.3997785151004791,0.45645177364349365,0.3678797483444214,0.8630514740943909,0.907146155834198,0.9801262617111206,0.9758931398391724,0.8645021915435791,0.9524701833724976,0.5667782425880432,8.462203025817871,0.8469917178153992,0.8630514740943909
115,0.3442617654800415,0.11334795504808426,0.5854926109313965,0.4423891007900238,0.30888575315475464,0.07042143493890762,0.06955566257238388,0.11905509233474731,0.2924061417579651,0.6208385229110718,0.5,0.26884421706199646,0.6430445909500122,0.6793521046638489,0.2606857717037201,0.682702898979187,0.3807432949542999,0.6529330015182495,0.47932979464530945,0.38801586627960205,0.5829094052314758,0.47470754384994507,0.38024207949638367,0.5379509925842285,0.3600470721721649,0.5,0.4438123404979706,0.5371631383895874,0.6047560572624207,0.4333576560020447,0.4072045683860779,0.47391968965530396,0.4688529670238495,0.40624016523361206,0.42540282011032104,0.38037973642349243,0.27166035771369934,0.5,0.7380682229995728,0.3017091453075409,0.3930718004703522,0.38898560404777527,0.4509904384613037,0.3818880319595337,0.8533087968826294,0.9060661792755127,0.9805703163146973,0.980547308921814,0.867323637008667,0.9503198266029358,0.5703999400138855,8.552671194076538,0.8384048342704773,0.8533087968826294
116,0.34467020630836487,0.11371132731437683,0.6052007675170898,0.4287058711051941,0.2709672451019287,0.07442808151245117,0.07629512995481491,0.1525711715221405,0.3965490162372589,0.6295686364173889,0.5,0.27420657873153687,0.4901960790157318,0.6781004667282104,0.24131183326244354,0.6703262329101562,0.38100093603134155,0.5921494364738464,0.4825481176376343,0.38977915048599243,0.5806707739830017,0.4743361473083496,0.39157792925834656,0.5515677332878113,0.3622388243675232,0.5,0.43419939279556274,0.5428178906440735,0.616319477558136,0.42001622915267944,0.40652766823768616,0.43662986159324646,0.46683913469314575,0.37616270780563354,0.39461642503738403,0.381236732006073,0.25656646490097046,0.5,0.7330989837646484,0.300363689661026,0.38753560185432434,0.38006624579429626,0.40880918502807617,0.39527034759521484,0.8566176295280457,0.906089186668396,0.9804213047027588,0.98282790184021,0.8657515048980713,0.9489713907241821,0.5724740624427795,8.544507503509521,0.8525066375732422,0.8566176295280457

