epoch,loss,accuracy,balanced_accuracy,balanced_accuracy_A13,balanced_accuracy_A14,balanced_accuracy_A15b,balanced_accuracy_A16,balanced_accuracy_A17a,balanced_accuracy_A19a,balanced_accuracy_A1a,balanced_accuracy_A1b,balanced_accuracy_A1c,balanced_accuracy_A32,balanced_accuracy_A33,balanced_accuracy_A34,balanced_accuracy_A4b2,balanced_accuracy_A7a,balanced_accuracy_A9,balanced_accuracy_B1,balanced_accuracy_B2a,balanced_accuracy_B3,balanced_accuracy_C13aa,balanced_accuracy_C13bb,balanced_accuracy_C14_100,balanced_accuracy_C14_120,balanced_accuracy_C14_20,balanced_accuracy_C14_30,balanced_accuracy_C14_50,balanced_accuracy_C14_60,balanced_accuracy_C14_70,balanced_accuracy_C14_80,balanced_accuracy_C17a,balanced_accuracy_C17b_80,balanced_accuracy_C17c,balanced_accuracy_C17d,balanced_accuracy_C1a,balanced_accuracy_C2,balanced_accuracy_C3e3,balanced_accuracy_D1a1,balanced_accuracy_D1a4,balanced_accuracy_D1a5,balanced_accuracy_D1a6,balanced_accuracy_D1a7,balanced_accuracy_D2a1,balanced_accuracy_D2a2,balanced_accuracy_D3,balanced_accuracy_invalid,epoch_elapsed,f1,recall
0,3.5813684463500977,0.08713234961032867,0.5658045411109924,0.5,0.4330505430698395,0.5,0.5,0.5,0.499538391828537,0.5,0.5,0.5,0.5,0.5,0.5,0.5,0.4601549506187439,0.5,0.5,0.5,0.5,0.5,0.5,0.4595978856086731,0.5,0.3808349370956421,0.5,0.5,0.5,0.5,0.5,0.5,0.5,0.5,0.44077491760253906,0.5,0.5,0.5,0.4996287226676941,0.5,0.4935825765132904,0.5,0.5,0.5,0.5,0.5,0.6439448595046997,5.20302152633667,0.007020277436822653,0.08713234961032867
1,2.9588146209716797,0.458455890417099,0.711995542049408,0.5,0.3770068287849426,0.5,0.5,0.5,0.5,0.5,0.5,0.5,0.5,0.5,0.5,0.5,0.38415420055389404,0.5,0.5,0.5,0.5,0.5,0.5,0.37571319937705994,0.5,0.37941789627075195,0.5,0.5,0.5,0.5,0.5,0.5,0.5,0.5,0.39501383900642395,0.5,0.5,0.5,0.5,0.5,0.4379643499851227,0.5,0.5,0.5,0.5,0.5,0.6301265358924866,5.326697587966919,0.01777544617652893,0.458455890417099

2,2.4698781967163086,0.489705890417099,0.7277936935424805,0.5,0.39306145906448364,0.5,0.5,0.5,0.5,0.5,0.5,0.5,0.5,0.5,0.5,0.5,0.4326142966747284,0.5,0.5,0.5,0.5,0.5,0.5,0.37602126598358154,0.5,0.34785300493240356,0.5,0.5,0.5,0.5,0.5,0.5,0.5,0.5,0.4927040934562683,0.5,0.5,0.5,0.5,0.5,0.47419413924217224,0.5,0.5,0.5,0.5,0.5,0.501966118812561,5.198062419891357,0.014942117035388947,0.489705890417099

3,2.2330079078674316,0.4935661852359772,0.7473901510238647,0.5,0.49186840653419495,0.5,0.5,0.5,0.5,0.5,0.5,0.5,0.5,0.5,0.5,0.5,0.4997231364250183,0.5,0.5,0.5,0.5,0.5,0.5,0.5785509943962097,0.5,0.37430861592292786,0.5,0.647640585899353,0.5,0.5,0.5,0.5,0.5,0.5,0.5,0.5,0.5,0.5,0.5,0.5,0.499906986951828,0.5,0.5,0.5,0.5,0.5,0.5,5.140505790710449,0.01502098049968481,0.4935661852359772
4,2.087829113006592,0.5073529481887817,0.7718963623046875,0.5,0.5,0.5,0.5,0.5,0.5,0.5,0.5,0.5,0.5,0.5,0.5,0.5,0.5,0.5,0.5,0.5,0.5,0.5,0.5,0.8504154086112976,0.5,0.406451016664505,0.5,0.9327707290649414,0.5,0.5,0.5,0.5,0.5,0.5,0.5,0.5,0.5,0.5,0.5,0.5,0.5,0.5,0.5,0.5,0.5,0.5,0.5,5.149443626403809,0.01529933512210846,0.5073529481887817

5,2.0298197269439697,0.4990808963775635,0.7736234664916992,0.5,0.5,0.5,0.5,0.5,0.5,0.5,0.5,0.5,0.5,0.5,0.5,0.5,0.5,0.5,0.5,0.5,0.5,0.5,0.5,0.8730565309524536,0.5,0.46328169107437134,0.5010634064674377,0.887927770614624,0.5,0.6116928458213806,0.5,0.5,0.5,0.5,0.5,0.5,0.5,0.5,0.5,0.5,0.5,0.5,0.5,0.5,0.5,0.5,0.5,5.1583123207092285,0.015132936649024487,0.4990808963775635
6,2.01354718208313,0.4893382489681244,0.7864354848861694,0.5,0.5,0.5,0.5,0.5,0.5,0.5,0.5,0.5,0.5,0.5,0.5,0.5,0.5,0.5,0.5,0.5,0.5,0.5,0.4999067783355713,0.8760448694229126,0.47358325123786926,0.43502286076545715,0.7467429041862488,0.876329779624939,0.5,0.8934853076934814,0.4980045557022095,0.5,0.5,0.5,0.5,0.5,0.5,0.5,0.5,0.5,0.5,0.5,0.5,0.5,0.5,0.5,0.5,5.162610054016113,0.014934584498405457,0.4893382489681244
7,1.9344286918640137,0.49338236451148987,0.7989333868026733,0.5,0.5,0.5,0.5,0.5,0.5,0.5,0.5,0.5,0.5,0.5,0.5,0.5,0.5,0.5,0.5,0.5,0.5,0.5,0.5,0.8665205836296082,0.4875549077987671,0.443203330039978,0.8944253921508789,0.8730007410049438,0.5,0.9005340337753296,0.40898749232292175,0.5,0.5,0.5,0.5,0.5,0.5,0.5,0.5,0.5,0.5,0.5,0.5,0.5,0.5,0.5,0.5,5.174818277359009,0.016173232346773148,0.49338236451148987
8,1.859923243522644,0.5056985020637512,0.7956929802894592,0.5,0.5,0.5,0.5,0.5,0.5,0.5,0.5,0.5,0.5,0.5,0.5,0.5,0.5,0.5,0.5,0.644444465637207,0.5,0.5,0.49962568283081055,0.8692176342010498,0.46773645281791687,0.47795096039772034,0.8762357234954834,0.8886251449584961,0.4596758782863617,0.9015613198280334,0.35250094532966614,0.5,0.5,0.5,0.5,0.5,0.5,0.5,0.5,0.5,0.5,0.5,0.5,0.5,0.5,0.5,0.5,5.161358594894409,0.025863299146294594,0.5056985020637512
9,1.7956873178482056,0.5345588326454163,0.7979629635810852,0.5,0.5,0.5,0.5,0.5,0.5,0.5,0.5,0.5,0.5,0.5,0.5,0.5,0.5,0.5,0.5,0.9989824295043945,0.5,0.5,0.48868948221206665,0.8812547326087952,0.593420684337616,0.4481516480445862,0.881083607673645,0.9028729200363159,0.3849388360977173,0.927558183670044,0.3465817868709564,0.5,0.5,0.5,0.5,0.5,0.5,0.5,0.5,0.5,0.49925497174263,0.5,0.5,0.5,0.5,0.5,0.5,5.28222918510437,0.04653419926762581,0.5345588326454163

10,1.768174171447754,0.5455882549285889,0.8127051591873169,0.5,0.5,0.5,0.5,0.5,0.5,0.5,0.5,0.5,0.5,0.5,0.5,0.5,0.5,0.5,0.5,0.998611330986023,0.5,0.4999065697193146,0.4752104878425598,0.8799047470092773,0.9060513973236084,0.47490572929382324,0.8768322467803955,0.9046581983566284,0.3654981851577759,0.9297693967819214,0.46846067905426025,0.5,0.5,0.5,0.5,0.5,0.5,0.5,0.5,0.5,0.4955357015132904,0.5,0.5,0.5,0.5,0.5,0.5,5.1612327098846436,0.05003490298986435,0.5455882549285889

11,1.6957900524139404,0.5558823347091675,0.8223986625671387,0.5,0.5,0.5,0.5,0.5,0.5,0.5,0.5,0.5,0.5,0.5,0.5,0.5,0.5,0.5,0.5,0.997403085231781,0.5,0.493630588054657,0.4700838625431061,0.8923822045326233,0.8861395120620728,0.5528536438941956,0.8852225542068481,0.9293591976165771,0.36511099338531494,0.9237498044967651,0.6021440625190735,0.5,0.5,0.5,0.5,0.5,0.5,0.49738073348999023,0.5,0.5,0.492854505777359,0.5,0.5,0.5,0.5,0.5,0.5,5.189180850982666,0.049173206090927124,0.5558823347091675

12,1.617799997329712,0.5687500238418579,0.8380686044692993,0.5,0.5,0.5,0.5,0.5,0.5,0.5,0.5,0.5,0.5,0.5,0.5,0.5,0.5,0.5,0.5,0.994908332824707,0.5,0.47926008701324463,0.5147740840911865,0.8984181880950928,0.9290187954902649,0.7441039085388184,0.8876756429672241,0.9295397996902466,0.35284629464149475,0.9215630292892456,0.7357004880905151,0.5,0.5,0.5,0.5,0.5,0.5,0.44824036955833435,0.5,0.5,0.4940630793571472,0.5,0.4996287226676941,0.5,0.5,0.5,0.5,5.036021709442139,0.04704089090228081,0.5687500238418579

13,1.595526099205017,0.554411768913269,0.842078447341919,0.5,0.5,0.5,0.5,0.5,0.5,0.5,0.5,0.5,0.5,0.5,0.5,0.5,0.5,0.5,0.5,0.9938877820968628,0.5,0.47371867299079895,0.5448610186576843,0.9120159149169922,0.9346752762794495,0.7880958318710327,0.9010277986526489,0.9343425035476685,0.44984200596809387,0.9273780584335327,0.8195080161094666,0.5,0.5,0.5,0.5,0.5,0.5,0.43386492133140564,0.5,0.5,0.4934980571269989,0.5,0.48532143235206604,0.5,0.49990734457969666,0.5,0.5,5.074078559875488,0.044068437069654465,0.554411768913269
14,1.5351178646087646,0.5637867450714111,0.8517783880233765,0.5,0.5,0.5,0.5,0.5,0.5,0.5,0.5,0.5,0.5,0.5,0.5,0.5,0.5,0.5,0.5,0.9934185743331909,0.5,0.4615887701511383,0.8114922046661377,0.9153846502304077,0.9185869693756104,0.8622326850891113,0.89703369140625,0.932817280292511,0.5059166550636292,0.9205172061920166,0.8409652709960938,0.5,0.5,0.5,0.5,0.5,0.5,0.41711878776550293,0.5,0.5,0.4921918511390686,0.5,0.44306379556655884,0.5,0.47905418276786804,0.5,0.499815970659256,5.205821514129639,0.048147041350603104,0.5637867450714111
15,1.5462692975997925,0.5479779243469238,0.8596101403236389,0.5,0.5,0.5,0.5,0.5,0.5,0.5,0.5,0.5,0.5,0.5,0.5,0.5,0.5,0.5,0.5,0.9935137033462524,0.5,0.4620773494243622,0.9077470302581787,0.9126046895980835,0.9102734327316284,0.8816179037094116,0.900076150894165,0.9320175647735596,0.7883535027503967,0.9236997365951538,0.8497621417045593,0.5,0.5,0.5,0.5,0.4998144805431366,0.5,0.41430172324180603,0.5,0.5,0.49257057905197144,0.5,0.4425255358219147,0.5,0.43848875164985657,0.5,0.49962136149406433,5.24249529838562,0.04726545140147209,0.5479779243469238
16,1.4654964208602905,0.570036768913269,0.8631305694580078,0.5,0.5,0.5,0.5,0.5,0.5,0.5,0.5,0.5,0.5,0.5,0.5,0.5,0.5,0.5,0.5,0.9883376359939575,0.5,0.4588477313518524,0.8615816831588745,0.9383859634399414,0.9094271659851074,0.916207492351532,0.9230623245239258,0.9361843466758728,0.7813993692398071,0.9213824272155762,0.8650161027908325,0.5,0.5,0.5,0.5,0.49814745783805847,0.5,0.4048152267932892,0.5,0.5,0.4906238317489624,0.5,0.43023255467414856,0.5,0.42432132363319397,0.5,0.4998217523097992,5.282162427902222,0.06374818086624146,0.570036768913269
17,1.4559369087219238,0.5628676414489746,0.8635110259056091,0.5,0.5,0.5,0.5,0.5,0.5,0.5,0.5,0.5,0.5,0.5,0.5,0.5,0.5,0.5,0.5,0.9898961782455444,0.5,0.5622892379760742,0.9489357471466064,0.9423954486846924,0.8989726305007935,0.9035938382148743,0.9172204732894897,0.9322679042816162,0.7493815422058105,0.9104150533676147,0.8635150194168091,0.5,0.5,0.5,0.5,0.49768733978271484,0.5,0.40248924493789673,0.5,0.5,0.49013954401016235,0.5,0.4216834008693695,0.5,0.4243970215320587,0.5,0.5005486607551575,5.242795467376709,0.06513480842113495,0.5628676414489746
18,1.408197283744812,0.5645220875740051,0.8682882785797119,0.5,0.5,0.5,0.5,0.5,0.5,0.5,0.5,0.5,0.5,0.5,0.5,0.5,0.5,0.5,0.5,0.9856348037719727,0.5,0.7565226554870605,0.9419409036636353,0.93536376953125,0.900400698184967,0.9182683229446411,0.9130849838256836,0.9352381229400635,0.7572346925735474,0.9150208830833435,0.8723666667938232,0.5,0.49990740418434143,0.5,0.5,0.4980584383010864,0.5,0.37712419033050537,0.5,0.5,0.4878162145614624,0.5,0.4095645844936371,0.5,0.4168212115764618,0.5,0.5077173709869385,5.214897394180298,0.05615320801734924,0.5645220875740051
19,1.4027352333068848,0.581250011920929,0.8653257489204407,0.5,0.5,0.5,0.5,0.5,0.5,0.5,0.5,0.5,0.5,0.5,0.5,0.5,0.5,0.49990764260292053,0.5,0.984415590763092,0.5,0.7995768785476685,0.9412369132041931,0.9455267190933228,0.8973239660263062,0.9298496246337891,0.9337064027786255,0.9367772340774536,0.743536114692688,0.9205000996589661,0.8833966255187988,0.5,0.4998149275779724,0.5,0.5,0.49554896354675293,0.5,0.3667849004268646,0.5,0.5,0.48510241508483887,0.4999072551727295,0.4600074291229248,0.5,0.4020829498767853,0.5,0.5091562867164612,5.174688816070557,0.07867711037397385,0.581250011920929

20,1.42691171169281,0.5564337968826294,0.8640390038490295,0.5,0.5,0.5,0.5,0.5,0.5,0.5,0.5,0.5,0.5,0.5,0.5,0.5,0.5,0.5,0.5,0.9841784238815308,0.5,0.870354413986206,0.9421210289001465,0.9441372752189636,0.904069185256958,0.9261655807495117,0.9279029369354248,0.9393997192382812,0.7444696426391602,0.9176146984100342,0.8843880891799927,0.5,0.49953746795654297,0.5,0.5,0.49657154083251953,0.5,0.39606621861457825,0.5,0.5,0.48663201928138733,0.5401427745819092,0.7117545008659363,0.5,0.3970944285392761,0.5,0.5257095694541931,5.218219518661499,0.06971866637468338,0.5564337968826294

21,1.365986943244934,0.5637867450714111,0.8758913278579712,0.5,0.5,0.5,0.5,0.5,0.5,0.5,0.5,0.5,0.5,0.5,0.5,0.5,0.5,0.4998153746128082,0.5,0.9827044010162354,0.5,0.8731561899185181,0.9378267526626587,0.9463638067245483,0.8955152630805969,0.9391007423400879,0.93718022108078,0.9350723624229431,0.7314514517784119,0.9124786853790283,0.8921456933021545,0.5,0.4965727925300598,0.5,0.5,0.4965803921222687,0.5,0.4689578413963318,0.5,0.5,0.4865216612815857,0.8638244271278381,0.7180989980697632,0.5,0.46424543857574463,0.5,0.5270010828971863,5.186507701873779,0.055209916085004807,0.5637867450714111
22,1.353829026222229,0.5555146932601929,0.8783323764801025,0.5,0.5,0.5,0.5,0.5,0.5,0.5,0.5,0.5,0.5,0.5,0.5,0.5,0.5,0.4999077320098877,0.5,0.9847894906997681,0.5,0.8975589275360107,0.9379657506942749,0.944973349571228,0.8916017413139343,0.9469438195228577,0.9383940696716309,0.938071608543396,0.7239961624145508,0.9142203330993652,0.8989927768707275,0.5,0.4943487048149109,0.5,0.5,0.49675804376602173,0.5,0.4845791757106781,0.5,0.5,0.48709139227867126,0.8120644092559814,0.7014366388320923,0.5,0.749272346496582,0.5,0.5345640778541565,5.245041131973267,0.05367990583181381,0.5555146932601929
23,1.325095772743225,0.5691176652908325,0.8823893070220947,0.5,0.5,0.5,0.5,0.5,0.5,0.5,0.5,0.5,0.5,0.5,0.5,0.5,0.5,0.4999077618122101,0.5,0.9830492734909058,0.5,0.9143791198730469,0.9416371583938599,0.9502193331718445,0.8971537351608276,0.9467781782150269,0.9405034184455872,0.939160943031311,0.7288005948066711,0.9168732166290283,0.895147442817688,0.5,0.49425286054611206,0.5,0.5,0.49454107880592346,0.5,0.7318227887153625,0.5,0.5,0.48367953300476074,0.8043792247772217,0.69624263048172,0.5,0.7401796579360962,0.45682787895202637,0.562923789024353,5.142707824707031,0.070154570043087,0.5691176652908325
24,1.303226351737976,0.5738970637321472,0.8817929029464722,0.5,0.5,0.5,0.5,0.5,0.5,0.5,0.5,0.5,0.5,0.5,0.5,0.5,0.5,0.4999077618122101,0.5,0.9808546304702759,0.5,0.9142923355102539,0.9364010095596313,0.9556925892829895,0.8948977589607239,0.949353814125061,0.943936824798584,0.9353489279747009,0.715456485748291,0.91136234998703,0.9006654024124146,0.5,0.4929707646369934,0.5,0.5,0.49330854415893555,0.5,0.8037348389625549,0.5,0.5,0.48317843675613403,0.7953072786331177,0.7233580946922302,0.5,0.7639999985694885,0.4346775710582733,0.5665177702903748,5.14094614982605,0.06762605160474777,0.5738970637321472
25,1.290765643119812,0.5773897171020508,0.8831202983856201,0.5,0.5,0.5,0.5,0.5,0.5,0.5,0.5,0.5,0.5,0.5,0.5,0.5,0.5,0.4998154640197754,0.5,0.9835124015808105,0.5,0.9318267107009888,0.934198260307312,0.9617211222648621,0.8892918825149536,0.9531991481781006,0.9435055255889893,0.9364656209945679,0.7220526337623596,0.9112105369567871,0.9033820629119873,0.5,0.6175816059112549,0.5,0.5,0.49158185720443726,0.5,0.8301886916160583,0.5,0.5,0.4804905354976654,0.6993500590324402,0.699739396572113,0.5,0.7406854033470154,0.5773010849952698,0.5815171003341675,5.227497577667236,0.07012379169464111,0.5773897171020508
26,1.2797411680221558,0.5928308963775635,0.8847960829734802,0.5,0.5,0.5,0.5,0.5,0.5,0.5,0.5,0.5,0.5,0.5,0.5,0.5,0.5,0.4989854395389557,0.5,0.9819836616516113,0.5,0.9352544546127319,0.9346526861190796,0.9633891582489014,0.8919740915298462,0.9298499822616577,0.9444233179092407,0.9378213882446289,0.7231820821762085,0.9158406257629395,0.9091254472732544,0.5,0.9637036919593811,0.5,0.5,0.49092593789100647,0.5,0.8245384693145752,0.5,0.5,0.4804505705833435,0.7402922511100769,0.6946970224380493,0.5,0.6873411536216736,0.7203962206840515,0.5815852284431458,5.150065660476685,0.08627195656299591,0.5928308963775635

27,1.2824018001556396,0.5814338326454163,0.8860657215118408,0.5,0.5,0.5,0.5,0.5,0.5,0.5,0.5,0.5,0.5,0.5,0.5,0.5,0.5,0.4988937973976135,0.5,0.9819878339767456,0.5,0.9358782768249512,0.9382946491241455,0.9604862928390503,0.8955280780792236,0.9556889533996582,0.9466666579246521,0.9398481845855713,0.7280303239822388,0.9170309901237488,0.9156661033630371,0.5,0.9923205375671387,0.5,0.5,0.503753125667572,0.5,0.8254548907279968,0.5,0.5,0.47993311285972595,0.7555980086326599,0.7297173142433167,0.5,0.642437756061554,0.795002818107605,0.5897151231765747,5.263852119445801,0.08599672466516495,0.5814338326454163
28,1.2713114023208618,0.5840073823928833,0.885465145111084,0.5,0.5,0.5,0.4999077022075653,0.5,0.5,0.5,0.5,0.5,0.4999076724052429,0.5,0.5,0.5,0.5,0.4981553256511688,0.5,0.9825699925422668,0.5,0.9432730078697205,0.9407095909118652,0.9625500440597534,0.8995256423950195,0.9523208141326904,0.9461100697517395,0.9430007934570312,0.7319961786270142,0.9193578958511353,0.9137142896652222,0.5,0.9899073839187622,0.5,0.5,0.5979946851730347,0.5,0.8201117515563965,0.5,0.5,0.47740796208381653,0.7833967804908752,0.851720929145813,0.5,0.6835781931877136,0.7115705013275146,0.5850715041160583,5.306097507476807,0.08414961397647858,0.5840073823928833
29,1.2489416599273682,0.6185661554336548,0.8859268426895142,0.5,0.5,0.5,0.5,0.5,0.5,0.5,0.5,0.5,0.5,0.5,0.5,0.5,0.5,0.49880117177963257,0.5,0.9839305877685547,0.5,0.9432432651519775,0.9413522481918335,0.965497612953186,0.8974772691726685,0.9507055282592773,0.9531131386756897,0.9430439472198486,0.7234812378883362,0.9173310995101929,0.9125881195068359,0.5,0.9918653964996338,0.5,0.5,0.6632766127586365,0.5,0.8152967691421509,0.5,0.5,0.47712478041648865,0.8201060891151428,0.8477776050567627,0.5,0.6923649907112122,0.78188157081604,0.5987978577613831,5.174335241317749,0.11030498892068863,0.6185661554336548

30,1.217189073562622,0.6158088445663452,0.8896631002426147,0.5,0.5,0.5,0.5,0.5,0.5,0.5,0.5,0.5,0.5,0.5,0.5,0.5,0.5,0.4977855682373047,0.5,0.9811006188392639,0.5,0.9388691186904907,0.9350467324256897,0.9629771113395691,0.8995256423950195,0.9517385959625244,0.9507619142532349,0.936244785785675,0.7244431972503662,0.9177191257476807,0.9210824966430664,0.5,0.989710807800293,0.5,0.5,0.607792854309082,0.5,0.8058977127075195,0.5435491800308228,0.5,0.4831654727458954,0.8756726980209351,0.8455827832221985,0.4973924458026886,0.656740128993988,0.7744472026824951,0.6118404269218445,5.423710346221924,0.10073263198137283,0.6158088445663452

31,1.1988240480422974,0.617463231086731,0.8896481990814209,0.5,0.5,0.5,0.5,0.5,0.5,0.5,0.5,0.5,0.4999077618122101,0.5,0.5,0.5,0.5,0.4976954162120819,0.5,0.9827713966369629,0.5,0.9421387314796448,0.9388288259506226,0.9685546159744263,0.9042350053787231,0.898563802242279,0.9559855461120605,0.9410873651504517,0.7227185964584351,0.9161931872367859,0.9221380949020386,0.5,0.9845198392868042,0.5,0.5,0.6587109565734863,0.5,0.7982062697410583,0.6840649247169495,0.5,0.5972636342048645,0.8689058423042297,0.8399962782859802,0.49106478691101074,0.7011352777481079,0.7464486956596375,0.6003220081329346,5.226547718048096,0.09985420852899551,0.617463231086731
32,1.2193211317062378,0.6161764860153198,0.8876432180404663,0.5,0.5,0.5,0.4989854395389557,0.5,0.5,0.5,0.5,0.5,0.49852126836776733,0.5,0.5,0.5,0.5,0.4977867901325226,0.5199999809265137,0.9789044857025146,0.5,0.9335141181945801,0.9360649585723877,0.9657599329948425,0.8994461297988892,0.8687248826026917,0.9504658579826355,0.9398632049560547,0.7322513461112976,0.9161443710327148,0.9233909249305725,0.5,0.9796183109283447,0.5,0.5,0.6804170608520508,0.5,0.7888618111610413,0.6774643063545227,0.5,0.6686250567436218,0.879669189453125,0.8502788543701172,0.48883721232414246,0.6829102039337158,0.7327299118041992,0.6237542033195496,5.065453052520752,0.11204516142606735,0.6161764860153198
33,1.184194803237915,0.632536768913269,0.8941711187362671,0.5,0.5,0.5,0.49916866421699524,0.5,0.5,0.5,0.5,0.5,0.4984329044818878,0.5,0.5,0.5,0.5,0.4976019263267517,0.7727272510528564,0.9777777791023254,0.5,0.9370557069778442,0.9418083429336548,0.9653757810592651,0.897445559501648,0.8450832962989807,0.9537935256958008,0.9417282342910767,0.7338156700134277,0.9197789430618286,0.9282314777374268,0.5,0.9744160175323486,0.5,0.5,0.7391514778137207,0.5,0.7844715118408203,0.6801068782806396,0.4948884844779968,0.8253903985023499,0.8735365271568298,0.8478705883026123,0.4865291714668274,0.8060826063156128,0.818444013595581,0.6226263046264648,5.173019886016846,0.11985232681035995,0.632536768913269

34,1.1536518335342407,0.6369485259056091,0.893164336681366,0.5,0.5,0.5,0.4985269606113434,0.5,0.5,0.5,0.5,0.5,0.4980623722076416,0.5,0.5,0.5,0.5,0.4955711364746094,0.735201895236969,0.9787963032722473,0.5,0.9314018487930298,0.9378039836883545,0.9650763273239136,0.9052871465682983,0.836866557598114,0.9546492099761963,0.9405714273452759,0.7420784831047058,0.9210476279258728,0.9274454116821289,0.5,0.9724023342132568,0.5,0.5,0.7402844429016113,0.5,0.7826452255249023,0.6992766857147217,0.4756324291229248,0.7413216829299927,0.8701636791229248,0.8429421186447144,0.48492181301116943,0.8358693718910217,0.8690564632415771,0.6401008367538452,5.068268537521362,0.116082563996315,0.6369485259056091
35,1.1312116384506226,0.6501837968826294,0.8935576677322388,0.5,0.5,0.5,0.4999077022075653,0.5,0.5,0.5,0.5,0.5,0.49870944023132324,0.5,0.5,0.5,0.5,0.4964015483856201,0.804255485534668,0.9775499105453491,0.5,0.932915449142456,0.9027477502822876,0.9678429365158081,0.9051642417907715,0.8441363573074341,0.9619255661964417,0.9442332983016968,0.7454993724822998,0.9245730638504028,0.931835412979126,0.5,0.9717696905136108,0.5,0.5,0.762578547000885,0.5,0.7805560827255249,0.7251114845275879,0.4216834008693695,0.8237996101379395,0.8655813932418823,0.8366721868515015,0.478176087141037,0.8306031227111816,0.864565908908844,0.6272143721580505,4.986036777496338,0.12335777282714844,0.6501837968826294

36,1.1764272451400757,0.6417279243469238,0.8855292797088623,0.5,0.5,0.5,0.4980652332305908,0.5,0.5,0.5,0.5,0.5,0.49686577916145325,0.5,0.5,0.5,0.5,0.4935424327850342,0.9090908765792847,0.9749210476875305,0.5,0.9227679967880249,0.7619873881340027,0.9696479439735413,0.9028784036636353,0.7896755933761597,0.9529523849487305,0.9410584568977356,0.7459715604782104,0.9191064834594727,0.9340087175369263,0.5,0.9703264236450195,0.5,0.5,0.9121648669242859,0.5,0.7771850824356079,0.7806864976882935,0.39775049686431885,0.7752233147621155,0.8641011714935303,0.838724672794342,0.4737185537815094,0.8321554660797119,0.8635263442993164,0.6366150379180908,5.126688003540039,0.13251079618930817,0.6417279243469238
37,1.1230806112289429,0.661213219165802,0.8869634866714478,0.5,0.5,0.5,0.4980616569519043,0.49981561303138733,0.5,0.5,0.5,0.5,0.49722838401794434,0.5,0.5,0.5,0.5,0.4956682026386261,0.9285714626312256,0.9746437072753906,0.5,0.9204566478729248,0.5088753700256348,0.9731651544570923,0.9006133675575256,0.7806310653686523,0.9577156901359558,0.9378692507743835,0.7490964531898499,0.9145461320877075,0.9348815083503723,0.5,0.9667099714279175,0.5,0.5,0.9766579866409302,0.5,0.7755330801010132,0.8188983798027039,0.3903663754463196,0.8139667510986328,0.8691094517707825,0.8407489657402039,0.4661158621311188,0.831505537033081,0.8645466566085815,0.643445611000061,5.13463830947876,0.13934336602687836,0.661213219165802

38,1.1272276639938354,0.6492646932601929,0.8845182657241821,0.5,0.5,0.5,0.497970849275589,0.5,0.5,0.5,0.5,0.5,0.4956609904766083,0.5,0.5,0.5,0.5,0.49547886848449707,1.0,0.9742687940597534,0.5,0.9262509346008301,0.6556934118270874,0.9757910966873169,0.9036121368408203,0.7210626602172852,0.9628365635871887,0.9402420520782471,0.7516670227050781,0.9242742657661438,0.9329582452774048,0.5,0.9641068577766418,0.5,0.5,0.9755464792251587,0.5,0.78049236536026,0.7805728912353516,0.3781348764896393,0.7925341129302979,0.8657992482185364,0.839279055595398,0.4654017984867096,0.8302974104881287,0.8615556359291077,0.6393485069274902,5.16126561164856,0.13185928761959076,0.6492646932601929
39,1.0991955995559692,0.6626838445663452,0.8870532512664795,0.5,0.5,0.5,0.4980623722076416,0.49981552362442017,0.5,0.5,0.5,0.5,0.4962156116962433,0.5,0.5,0.5,0.5,0.4960390627384186,1.0,0.9793747663497925,0.5,0.8691037893295288,0.6540083289146423,0.9748529195785522,0.9084493517875671,0.7657541036605835,0.9658615589141846,0.942548394203186,0.7562179565429688,0.924245297908783,0.9328131079673767,0.5,0.9650472402572632,0.5,0.5,0.9760451316833496,0.5,0.7864368557929993,0.8022972345352173,0.37075525522232056,0.7525473833084106,0.8654453754425049,0.8370212316513062,0.46669140458106995,0.8297753930091858,0.8615913391113281,0.6488396525382996,5.326146364212036,0.1377772092819214,0.6626838445663452
40,1.0948705673217773,0.6617646813392639,0.8784712553024292,0.5,0.5,0.5,0.497138112783432,0.49972328543663025,0.5,0.5,0.49990782141685486,0.49990779161453247,0.4949243366718292,0.5,0.5,0.5,0.5,0.4948301315307617,1.0,0.9803739786148071,0.5,0.6124527454376221,0.7143430113792419,0.9795471429824829,0.9008906483650208,0.6623362898826599,0.964698076248169,0.9437180161476135,0.7520480155944824,0.9249237775802612,0.9403923153877258,0.5,0.9640340805053711,0.5,0.5,0.8863426446914673,0.5,0.7793869972229004,0.8079057931900024,0.36732232570648193,0.7872023582458496,0.8628162145614624,0.8355642557144165,0.47129854559898376,0.8271593451499939,0.858843207359314,0.6444467902183533,5.2843708992004395,0.13766375184059143,0.6617646813392639

41,1.072972059249878,0.653124988079071,0.8723452687263489,0.5,0.5,0.5,0.49464747309684753,0.49981531500816345,0.5,0.5,0.4999077618122101,0.4989844858646393,0.49391254782676697,0.5,0.5,0.5,0.5,0.49336162209510803,0.9999076128005981,0.9748468399047852,0.5,0.5619485378265381,0.6710842847824097,0.9797489643096924,0.9086511135101318,0.46973562240600586,0.962699294090271,0.9458301663398743,0.7639939785003662,0.9271761775016785,0.938141405582428,0.5,0.9577856063842773,0.4853212833404541,0.5,0.9741379022598267,0.5,0.7884973883628845,0.7839495539665222,0.3607959747314453,0.7974993586540222,0.8590148687362671,0.8351044058799744,0.46570631861686707,0.8278429508209229,0.8559590578079224,0.6502487063407898,5.041404962539673,0.1272559016942978,0.653124988079071
42,1.0610979795455933,0.6571691036224365,0.8690043687820435,0.5,0.5,0.5,0.49714338779449463,0.49861469864845276,0.5,0.5,0.4999076724052429,0.4986172616481781,0.4951052963733673,0.5,0.5,0.5,0.5,0.49446189403533936,1.0,0.9751202464103699,0.5,0.5036189556121826,0.6652430295944214,0.9767619371414185,0.907361626625061,0.46504560112953186,0.9624404311180115,0.9444127678871155,0.7643318176269531,0.9275141954421997,0.9394457340240479,0.5,0.9631510972976685,0.4494371712207794,0.5,0.9730483293533325,0.5,0.7881197333335876,0.8304920196533203,0.3544139564037323,0.8062208890914917,0.8634332418441772,0.8338894844055176,0.4606313705444336,0.8255189061164856,0.8561478853225708,0.6587607264518738,5.12755560874939,0.1297239065170288,0.6571691036224365
43,1.0841412544250488,0.6597426533699036,0.8645006418228149,0.5,0.5,0.5,0.4942772686481476,0.49630656838417053,0.5,0.5,0.5,0.5,0.49271485209465027,0.5,0.5,0.5,0.5,0.4912410080432892,1.0,0.9743970632553101,0.5,0.5312772989273071,0.47747910022735596,0.9803717136383057,0.9031583070755005,0.468406081199646,0.9657599329948425,0.9445499181747437,0.7666476368904114,0.9270733594894409,0.9397304058074951,0.5,0.9652068614959717,0.4481106102466583,0.5,0.9673329591751099,0.5,0.7882815599441528,0.7954655885696411,0.3538804352283478,0.779080867767334,0.8653452396392822,0.841150164604187,0.4642968773841858,0.8354700803756714,0.861963152885437,0.64378821849823,4.99015212059021,0.1419816017150879,0.6597426533699036
44,1.0692191123962402,0.6713235378265381,0.8617945909500122,0.5,0.5,0.5,0.49345138669013977,0.4956650137901306,0.5,0.5,0.5,0.49963146448135376,0.49298763275146484,0.5,0.5,0.5,0.4999077022075653,0.4897488057613373,1.0,0.9728603363037109,0.5,0.5214752554893494,0.5065628886222839,0.9817628860473633,0.9098422527313232,0.46748045086860657,0.9642246961593628,0.9506734609603882,0.7650648355484009,0.9315589666366577,0.9420000314712524,0.5,0.9616667032241821,0.4455719590187073,0.5,0.9685184955596924,0.5,0.7867920994758606,0.8369188904762268,0.4065293073654175,0.7845522165298462,0.8594127893447876,0.834356963634491,0.49398887157440186,0.8281974792480469,0.8550455570220947,0.6571429967880249,5.223768472671509,0.14200833439826965,0.6713235378265381

45,1.0459905862808228,0.661213219165802,0.8701436519622803,0.5,0.5,0.5,0.4936347007751465,0.4961247444152832,0.4999077618122101,0.5,0.49990779161453247,0.499907910823822,0.4923389256000519,0.5,0.4999077618122101,0.5,0.4999076724052429,0.490311861038208,1.0,0.9766796231269836,0.5,0.5317643284797668,0.4487490653991699,0.9791826009750366,0.9050753712654114,0.4648422598838806,0.9596374034881592,0.9481672048568726,0.7680030465126038,0.9238266348838806,0.9459664821624756,0.5,0.964722216129303,0.44161123037338257,0.5,0.970686137676239,0.5,0.7940351963043213,0.7956213355064392,0.6641767024993896,0.7986783385276794,0.8655563592910767,0.8385416269302368,0.45923104882240295,0.8330546617507935,0.8611990213394165,0.6706309914588928,5.229916572570801,0.1347002536058426,0.661213219165802
46,1.0094021558761597,0.6972426176071167,0.869410514831543,0.5,0.5,0.5,0.4918789267539978,0.4954805374145508,0.5,0.5,0.4996306002140045,0.5,0.49105826020240784,0.5,0.5,0.5,0.49990782141685486,0.48902010917663574,1.0,0.9769188165664673,0.5,0.5567842125892639,0.45239871740341187,0.9814954996109009,0.9073300361633301,0.46966227889060974,0.9653634428977966,0.9498289823532104,0.7686524391174316,0.9310933947563171,0.9459176063537598,0.5,0.9631998538970947,0.42677977681159973,0.5,0.9694141149520874,0.5,0.7914408445358276,0.7767349481582642,0.6755465269088745,0.7919858694076538,0.859877347946167,0.8357793092727661,0.45762869715690613,0.8303952217102051,0.8541783094406128,0.6610625982284546,5.152167320251465,0.16235189139842987,0.6972426176071167

47,0.9974998831748962,0.6889705657958984,0.870197057723999,0.5,0.5,0.5,0.4906042814254761,0.4941871166229248,0.5,0.5,0.4974174499511719,0.5,0.49004241824150085,0.5,0.5,0.5,0.49990779161453247,0.4881983995437622,1.0,0.9750417470932007,0.5,0.5493682622909546,0.449943870306015,0.9825681447982788,0.9106870293617249,0.4685188829898834,0.9634793996810913,0.947623610496521,0.7660707235336304,0.9279749393463135,0.9456624984741211,0.5,0.9606262445449829,0.43046846985816956,0.5,0.971531867980957,0.5,0.7909498810768127,0.8357295989990234,0.6078370809555054,0.7950217127799988,0.8620882034301758,0.8346031904220581,0.49058833718299866,0.8309165239334106,0.8547309637069702,0.6779412031173706,5.107842683792114,0.16570346057415009,0.6889705657958984
48,1.0209228992462158,0.6994485259056091,0.862500011920929,0.5,0.5,0.5,0.4915097951889038,0.4966807961463928,0.5,0.5,0.49741601943969727,0.4986167550086975,0.49243682622909546,0.5,0.5,0.5,0.4999076724052429,0.4915129244327545,0.9999077320098877,0.9777182340621948,0.5,0.5077680349349976,0.4883095622062683,0.9832386374473572,0.9125927686691284,0.46983006596565247,0.9638851881027222,0.9488744735717773,0.7747491598129272,0.9303677082061768,0.9510176777839661,0.5,0.9642526507377625,0.4259737730026245,0.5,0.9717696905136108,0.5,0.7948430776596069,0.8886097073554993,0.6740207076072693,0.7528839111328125,0.8624210953712463,0.8378478288650513,0.6507376432418823,0.8319702744483948,0.8582034111022949,0.6811909675598145,5.152332782745361,0.17835792899131775,0.6994485259056091
49,1.0048755407333374,0.6968749761581421,0.8686879873275757,0.5,0.5,0.5,0.4910566210746765,0.4952029585838318,0.49990779161453247,0.5,0.495852530002594,0.4992617070674896,0.4906878173351288,0.5,0.5,0.5,0.49898579716682434,0.48967552185058594,1.0,0.9744302034378052,0.5,0.5415659546852112,0.45743444561958313,0.9830637574195862,0.9157954454421997,0.4681722819805145,0.9639999866485596,0.9533801674842834,0.7754831314086914,0.9332448244094849,0.9473433494567871,0.5,0.9616667032241821,0.4213389754295349,0.5,0.968181848526001,0.5,0.7996083498001099,0.8802751302719116,0.6256623268127441,0.8104883432388306,0.8662325143814087,0.8388054370880127,0.7547467947006226,0.8314773440361023,0.8609148263931274,0.685752272605896,5.406298637390137,0.18016016483306885,0.6968749761581421
50,0.982452392578125,0.7055147290229797,0.870389461517334,0.5,0.5,0.5,0.49003875255584717,0.4937211573123932,0.49972298741340637,0.49935460090637207,0.4964957535266876,0.4990781843662262,0.48994094133377075,0.5,0.4999077618122101,0.5,0.4982462525367737,0.489016056060791,0.9999077320098877,0.9735474586486816,0.5,0.5255724191665649,0.4518387019634247,0.9836377501487732,0.916128396987915,0.47210055589675903,0.9611068964004517,0.9554493427276611,0.7769216299057007,0.9285174012184143,0.9459946751594543,0.5,0.9568758010864258,0.4120524227619171,0.5,0.9628497362136841,0.5,0.7967320680618286,0.8738369941711426,0.6250849962234497,0.7950555086135864,0.8627067804336548,0.839279055595398,0.7552777528762817,0.8312872052192688,0.8564763069152832,0.6917848587036133,5.236494779586792,0.19213175773620605,0.7055147290229797

51,0.9815818071365356,0.7141544222831726,0.8658515214920044,0.5,0.5,0.5,0.4905121624469757,0.49141591787338257,0.49898579716682434,0.49953892827033997,0.4952056109905243,0.4980616569519043,0.48929494619369507,0.5,0.5,0.5,0.4979715943336487,0.488948255777359,0.9999077320098877,0.9749768376350403,0.5,0.5081581473350525,0.45120808482170105,0.9853917360305786,0.9149199724197388,0.4718779921531677,0.9654648900032043,0.9531963467597961,0.776035726070404,0.9305344820022583,0.9487619400024414,0.5,0.9627640247344971,0.40302640199661255,0.5,0.9666975140571594,0.5,0.7961264848709106,0.8689041137695312,0.5966542959213257,0.8156245350837708,0.863095223903656,0.8407317996025085,0.5737063884735107,0.830232560634613,0.8562523126602173,0.6940118074417114,5.209152936935425,0.19620341062545776,0.7141544222831726

52,0.9660127758979797,0.7189338207244873,0.8667706847190857,0.5,0.5,0.5,0.49123939871788025,0.4917866289615631,0.49879875779151917,0.49880051612854004,0.49640288949012756,0.49833765625953674,0.49094268679618835,0.5,0.5,0.5,0.49963119626045227,0.49105989933013916,0.9999077916145325,0.9783373475074768,0.5,0.5536004900932312,0.45655542612075806,0.9833842515945435,0.9164453744888306,0.4731018841266632,0.963546633720398,0.9563981294631958,0.7716625332832336,0.9342155456542969,0.9517877101898193,0.49990788102149963,0.9609114527702332,0.40466102957725525,0.5,0.9671661257743835,0.5,0.7944693565368652,0.8721923232078552,0.6680050492286682,0.7792221307754517,0.859988808631897,0.8351587057113647,0.69790118932724,0.8251162767410278,0.8531325459480286,0.7007529139518738,5.3809425830841064,0.19676506519317627,0.7189338207244873
53,0.9891942739486694,0.7075367569923401,0.8682776093482971,0.5,0.5,0.5,0.4910549521446228,0.4912377893924713,0.49732717871665955,0.49907800555229187,0.49418389797210693,0.4963982403278351,0.48857563734054565,0.5,0.5,0.5,0.4984314441680908,0.48976391553878784,1.0,0.9747269153594971,0.5,0.5260908603668213,0.4502710700035095,0.9829847812652588,0.9229083061218262,0.4788772463798523,0.9650808572769165,0.9581434726715088,0.774193525314331,0.9301351308822632,0.951729416847229,0.5,0.9595070481300354,0.4070967733860016,0.5,0.9661173820495605,0.5,0.7987303733825684,0.8731883764266968,0.7475526332855225,0.7950834035873413,0.867181658744812,0.8413773775100708,0.7668281197547913,0.8294292688369751,0.8588476181030273,0.7009049654006958,5.148769378662109,0.19907158613204956,0.7075367569923401
54,0.9587209224700928,0.7163602709770203,0.8699191808700562,0.5,0.5,0.5,0.49040237069129944,0.4915160536766052,0.49741411209106445,0.49926307797431946,0.4928874969482422,0.4939114451408386,0.4904094338417053,0.5,0.4998157024383545,0.5,0.4963058829307556,0.4904059171676636,0.9998155832290649,0.9743375778198242,0.5,0.5594595074653625,0.4541884958744049,0.9849437475204468,0.9233687520027161,0.4824962019920349,0.9651185274124146,0.9616259336471558,0.7749810218811035,0.9346834421157837,0.951753556728363,0.5,0.9593969583511353,0.40509602427482605,0.5,0.9658206701278687,0.5,0.7984837293624878,0.868660569190979,0.7773840427398682,0.8267183303833008,0.863551914691925,0.8397913575172424,0.785605788230896,0.8281017541885376,0.8532699942588806,0.6999051570892334,5.137612581253052,0.2011532038450241,0.7163602709770203
55,0.9492394924163818,0.7264705896377563,0.8680275082588196,0.5,0.5,0.5,0.48909831047058105,0.4913251996040344,0.4954822063446045,0.4988923668861389,0.48966407775878906,0.4950193762779236,0.4905990660190582,0.5,0.5,0.5,0.49510979652404785,0.4899316430091858,1.0,0.9741379022598267,0.5,0.513630747795105,0.45285314321517944,0.9853389263153076,0.9296548962593079,0.4867197871208191,0.9636276960372925,0.9644418954849243,0.7842224836349487,0.9360630512237549,0.9508945941925049,0.5,0.9605263471603394,0.4064343571662903,0.5,0.9666543006896973,0.5,0.8072974681854248,0.8743042945861816,0.7359523773193359,0.775175929069519,0.8705116510391235,0.8420954942703247,0.7705563306808472,0.8326530456542969,0.8588957190513611,0.6969342231750488,5.133394241333008,0.2116970419883728,0.7264705896377563

56,0.9429065585136414,0.7257353067398071,0.868865430355072,0.5,0.5,0.5,0.48864054679870605,0.4919697344303131,0.4945511519908905,0.4982462525367737,0.49030470848083496,0.4941871166229248,0.4916113615036011,0.5,0.5,0.5,0.49566420912742615,0.4899427890777588,1.0,0.9733481407165527,0.5,0.5451973676681519,0.4517847001552582,0.983803391456604,0.9273471832275391,0.491163045167923,0.9620505571365356,0.9605488777160645,0.7821197509765625,0.9313614368438721,0.9516770839691162,0.5,0.960748016834259,0.4039985239505768,0.5,0.9663265347480774,0.5,0.8031437397003174,0.8683280944824219,0.7525099515914917,0.810360848903656,0.86861652135849,0.8426217436790466,0.6954916715621948,0.8359360694885254,0.8596801161766052,0.7090258598327637,5.198918342590332,0.20911920070648193,0.7257353067398071
57,0.9368390440940857,0.7321690917015076,0.8695429563522339,0.5,0.5,0.5,0.4857037365436554,0.4894658923149109,0.49446800351142883,0.4975992739200592,0.48708486557006836,0.49225378036499023,0.4889217019081116,0.5,0.4999077618122101,0.5,0.4942793846130371,0.4871889352798462,1.0,0.975930392742157,0.5,0.5147499442100525,0.45548713207244873,0.9850760698318481,0.9341555833816528,0.49257001280784607,0.9669075608253479,0.9661995768547058,0.7837402820587158,0.9445602893829346,0.9520144462585449,0.5,0.9596624374389648,0.40232428908348083,0.5,0.9644773006439209,0.5,0.8084907531738281,0.8742793798446655,0.7842408418655396,0.8669964075088501,0.8654884099960327,0.8418954014778137,0.7586016654968262,0.8311651945114136,0.857765793800354,0.7075635194778442,5.182765960693359,0.21550504863262177,0.7321690917015076
58,0.9015387296676636,0.7373161911964417,0.8746750950813293,0.5,0.5,0.5,0.4890221357345581,0.4913332164287567,0.49556949734687805,0.49870896339416504,0.4900350570678711,0.4949243366718292,0.4904981553554535,0.5,0.5,0.5,0.49418818950653076,0.48949116468429565,0.9999078512191772,0.9770498275756836,0.5,0.5481638312339783,0.44772642850875854,0.986221969127655,0.9304231405258179,0.49764284491539,0.9619327783584595,0.9581981301307678,0.7768735885620117,0.9393448829650879,0.9537726640701294,0.5,0.959589421749115,0.3983754813671112,0.5,0.9665248394012451,0.5,0.8004839420318604,0.8715187311172485,0.781657338142395,0.8674619197845459,0.8645215034484863,0.8385599851608276,0.7573529481887817,0.8280148506164551,0.8559620976448059,0.7102811932563782,5.171305894851685,0.21345824003219604,0.7373161911964417

59,0.9322729706764221,0.7251838445663452,0.8664137125015259,0.5,0.5,0.5,0.4886426627635956,0.49197566509246826,0.4928901195526123,0.49787548184394836,0.48948726058006287,0.4933505654335022,0.4913284182548523,0.5,0.5,0.5,0.495292603969574,0.48985427618026733,0.9999077320098877,0.9786309003829956,0.5,0.5184083580970764,0.4499155879020691,0.9861348867416382,0.9306902885437012,0.4999051094055176,0.9648370742797852,0.9623788595199585,0.7808881998062134,0.9430476427078247,0.9550721645355225,0.5,0.9615313410758972,0.3945038616657257,0.5,0.9685301780700684,0.5,0.8007286787033081,0.8628162145614624,0.7774990797042847,0.9209449291229248,0.8661095499992371,0.8421345949172974,0.7521201968193054,0.8328693509101868,0.8557745814323425,0.7017605304718018,5.282214879989624,0.21955204010009766,0.7251838445663452
60,0.9216395616531372,0.7301470637321472,0.8668540716171265,0.5,0.5,0.5,0.48719602823257446,0.4916020631790161,0.49113738536834717,0.4972304403781891,0.4879896640777588,0.49188491702079773,0.49031543731689453,0.5,0.5,0.5,0.4914000332355499,0.48986175656318665,1.0,0.9793518781661987,0.5,0.5131317377090454,0.4508886933326721,0.993836522102356,0.9269609451293945,0.5,0.9717375040054321,0.9635446071624756,0.7787367105484009,0.9410812854766846,0.9584442377090454,0.5,0.9632434844970703,0.39385268092155457,0.5,0.9684434533119202,0.5,0.8028576374053955,0.8583691120147705,0.7784892320632935,0.9199330806732178,0.8681135177612305,0.8391927480697632,0.7509833574295044,0.8311965465545654,0.858495831489563,0.7044834494590759,5.225968360900879,0.22093629837036133,0.7301470637321472

61,0.91114741563797,0.7319852709770203,0.8692031502723694,0.5,0.5,0.5,0.48846012353897095,0.49002954363822937,0.48985615372657776,0.49852344393730164,0.488825261592865,0.49178361892700195,0.48846012353897095,0.5,0.5,0.5,0.4876520335674286,0.48874539136886597,0.9998157024383545,0.9782326817512512,0.5,0.49859943985939026,0.4510391354560852,0.988495945930481,0.9312547445297241,0.5,0.971281886100769,0.9596819877624512,0.78159499168396,0.9454718828201294,0.9567500352859497,0.5,0.9640940427780151,0.391284316778183,0.5,0.9679238200187683,0.5,0.8015473484992981,0.8533890247344971,0.7775293588638306,0.9230911731719971,0.8706014156341553,0.8446159362792969,0.7249751091003418,0.8348521590232849,0.8609253168106079,0.703326940536499,5.218747854232788,0.22605884075164795,0.7319852709770203
62,0.8938096165657043,0.7444853186607361,0.8683524131774902,0.5,0.5,0.5,0.48746544122695923,0.48799851536750793,0.4903064966201782,0.49870800971984863,0.4877396821975708,0.48939505219459534,0.48706817626953125,0.5,0.5,0.5,0.4906025528907776,0.48811498284339905,0.9999078512191772,0.9766666889190674,0.5,0.4554210305213928,0.4512331783771515,0.992013692855835,0.9316198825836182,0.5,0.9697229862213135,0.9635168313980103,0.7850618362426758,0.9440432786941528,0.9588313102722168,0.5,0.9632135033607483,0.3983769714832306,0.5,0.9685360193252563,0.5,0.8086280822753906,0.8629196882247925,0.7745444774627686,0.8408336043357849,0.8720282316207886,0.8453397750854492,0.6878831386566162,0.8367100358009338,0.8655743598937988,0.7106987237930298,5.31497049331665,0.23237822949886322,0.7444853186607361
63,0.8763517737388611,0.7551470398902893,0.8698272705078125,0.5,0.5,0.5,0.4870069921016693,0.4884665012359619,0.48754382133483887,0.498060941696167,0.4872787594795227,0.4884771406650543,0.48672565817832947,0.5,0.4999077618122101,0.5,0.49087053537368774,0.48687615990638733,0.9999077320098877,0.9733234643936157,0.5,0.5075200200080872,0.4540606141090393,0.9943224787712097,0.9305107593536377,0.5,0.9726079702377319,0.9644550085067749,0.7850868701934814,0.943485677242279,0.9587129950523376,0.5,0.9609895944595337,0.3945910930633545,0.5,0.9674879312515259,0.5,0.8059757351875305,0.8602831363677979,0.7758556604385376,0.9018080234527588,0.8732132911682129,0.8448147773742676,0.5887123346328735,0.8350639343261719,0.8644146919250488,0.7056937217712402,5.149877548217773,0.24447286128997803,0.7551470398902893

64,0.8825539946556091,0.7465073466300964,0.8669993877410889,0.5,0.5,0.5,0.48902010917663574,0.48922452330589294,0.48956987261772156,0.4984320104122162,0.48911038041114807,0.48993536829948425,0.48597007989883423,0.5,0.5,0.5,0.49392151832580566,0.48533210158348083,0.9999077916145325,0.9767721891403198,0.5,0.5199007391929626,0.45679357647895813,0.9937440752983093,0.9364374876022339,0.5,0.9727929830551147,0.9682931900024414,0.7865807414054871,0.950037956237793,0.9609909057617188,0.5,0.9616167545318604,0.39058172702789307,0.5,0.9671661257743835,0.5,0.810444712638855,0.8568364381790161,0.7691162824630737,0.9114583730697632,0.8704220056533813,0.8413435220718384,0.6161202192306519,0.8342926502227783,0.8582713603973389,0.7081413865089417,5.248574256896973,0.2334969937801361,0.7465073466300964
65,0.8402630686759949,0.7617647051811218,0.8692202568054199,0.5,0.5,0.5,0.4883763790130615,0.49003875255584717,0.48874953389167786,0.49815431237220764,0.48846012353897095,0.48874330520629883,0.48691242933273315,0.5,0.5,0.5,0.49530214071273804,0.48701179027557373,0.9998154640197754,0.9782488346099854,0.5,0.42710280418395996,0.45481759309768677,0.9934210777282715,0.9357998967170715,0.5,0.9740804433822632,0.9658768177032471,0.7842615842819214,0.9464014768600464,0.9616119265556335,0.5,0.9658459424972534,0.3892166018486023,0.5,0.9695008993148804,0.5,0.8049213886260986,0.8513638973236084,0.771856427192688,0.9083116054534912,0.8693107962608337,0.8429951667785645,0.5514984726905823,0.8345096707344055,0.8589338660240173,0.7185501456260681,5.011925220489502,0.24488653242588043,0.7617647051811218
66,0.8567739129066467,0.7617647051811218,0.8690129518508911,0.5,0.5,0.5,0.4876497685909271,0.4895890951156616,0.4894106686115265,0.49815431237220764,0.48670604825019836,0.48938918113708496,0.4864466190338135,0.5,0.5,0.5,0.4944608509540558,0.48615726828575134,1.0,0.9762345552444458,0.5,0.4507902264595032,0.45124462246894836,0.9931454658508301,0.9291540384292603,0.5,0.9759231209754944,0.9622820615768433,0.7871692180633545,0.9454649686813354,0.9592148065567017,0.5,0.9643914103507996,0.39501845836639404,0.5,0.9705337285995483,0.5,0.8076562881469727,0.8592034578323364,0.7734302282333374,0.8981773853302002,0.8754881620407104,0.8491458892822266,0.5501185059547424,0.8420416116714478,0.8663256168365479,0.7180331349372864,4.981544256210327,0.2521449625492096,0.7617647051811218
67,0.8412078022956848,0.7669117450714111,0.869577169418335,0.5,0.5,0.5,0.48811277747154236,0.49003875255584717,0.4890282154083252,0.49797049164772034,0.48560088872909546,0.4888417422771454,0.4860752522945404,0.5,0.5,0.5,0.49095773696899414,0.4857063889503479,0.999630868434906,0.9778867363929749,0.5,0.4403010606765747,0.4538347125053406,0.9930515885353088,0.9313986301422119,0.5,0.9751671552658081,0.9629806280136108,0.7932609915733337,0.9445714354515076,0.9644144773483276,0.5,0.9650129675865173,0.3984331786632538,0.5,0.9687615633010864,0.5,0.8135165572166443,0.8663753271102905,0.7726427316665649,0.8984563946723938,0.8779469132423401,0.8540389537811279,0.554039478302002,0.8440103530883789,0.8681083917617798,0.7182353138923645,5.060700416564941,0.2410692423582077,0.7669117450714111

68,0.8384137153625488,0.7694852948188782,0.8650863170623779,0.5,0.48357629776000977,0.5,0.48856088519096375,0.4893970191478729,0.49087220430374146,0.4986172616481781,0.48542705178260803,0.4899446368217468,0.48588040471076965,0.5,0.49990788102149963,0.5,0.49003875255584717,0.5501232147216797,0.9998157024383545,0.975217342376709,0.5,0.4365230202674866,0.4570867717266083,0.9952390193939209,0.930962324142456,0.5,0.9772467613220215,0.9625428915023804,0.7898343801498413,0.9447724223136902,0.9618595838546753,0.49935364723205566,0.9631754159927368,0.39660266041755676,0.5,0.9687037467956543,0.5,0.8151605725288391,0.866456151008606,0.7765207290649414,0.901039719581604,0.8768532276153564,0.8492196202278137,0.6002496480941772,0.8403642177581787,0.8672311305999756,0.7265617847442627,5.297944784164429,0.2535344958305359,0.7694852948188782
69,0.8540213108062744,0.7632352709770203,0.8673136234283447,0.5,0.44720324873924255,0.5,0.4875484108924866,0.48910030722618103,0.48938918113708496,0.4983406960964203,0.4853375256061554,0.48874539136886597,0.485903799533844,0.5,0.5,0.5,0.48929494619369507,0.9245848655700684,1.0,0.9756571650505066,0.5,0.4433029294013977,0.46325311064720154,0.9945909976959229,0.9329848289489746,0.5,0.9823059439659119,0.9646311402320862,0.7914844751358032,0.9465504288673401,0.9641084671020508,0.49833887815475464,0.9636245965957642,0.3921387791633606,0.5,0.9666173458099365,0.5,0.8138992786407471,0.8639664649963379,0.7695959806442261,0.9023416042327881,0.8774828314781189,0.8472273945808411,0.5651155114173889,0.8391628265380859,0.8638558387756348,0.7149336934089661,5.2630369663238525,0.24659264087677002,0.7632352709770203
70,0.8339588642120361,0.7768382430076599,0.8706801533699036,0.5,0.4517972469329834,0.5,0.484700471162796,0.48504430055618286,0.4876338243484497,0.4975092113018036,0.4815293550491333,0.4868931174278259,0.48385608196258545,0.5,0.5,0.5,0.4879240393638611,0.9771260023117065,0.9998152852058411,0.9735719561576843,0.5,0.4322936236858368,0.45982810854911804,0.9967741966247559,0.9277946949005127,0.5,0.9803959131240845,0.9616923928260803,0.7935196161270142,0.9423149824142456,0.9590179920196533,0.4975101351737976,0.9590875506401062,0.3924681544303894,0.5,0.9642923474311829,0.5,0.8162409067153931,0.8598548173904419,0.7796657085418701,0.8998884558677673,0.8804347515106201,0.8488285541534424,0.6111627221107483,0.8417721390724182,0.8682451248168945,0.7164718508720398,5.190526962280273,0.2534586489200592,0.7768382430076599

71,0.8525928258895874,0.7683823704719543,0.8659071326255798,0.5,0.4483204185962677,0.5,0.5056930184364319,0.4850332736968994,0.4878273606300354,0.49778637290000916,0.48200109601020813,0.48690277338027954,0.4846750497817993,0.5,0.5,0.5,0.48753002285957336,0.9791436195373535,0.9999076724052429,0.9733185172080994,0.5,0.43628913164138794,0.45478326082229614,0.9954596757888794,0.9290450811386108,0.5,0.9798702597618103,0.962631106376648,0.7961940765380859,0.9463740587234497,0.9604989290237427,0.49870896339416504,0.9614245891571045,0.3898117244243622,0.5,0.9623357057571411,0.5,0.8180545568466187,0.8592441082000732,0.7730661630630493,0.8993126153945923,0.8815544843673706,0.8532254695892334,0.5662754774093628,0.8418707847595215,0.8713542222976685,0.7024328112602234,5.219265460968018,0.2613224685192108,0.7683823704719543
72,0.8416219353675842,0.7827205657958984,0.8668391108512878,0.5,0.4342857003211975,0.5,0.8034718036651611,0.4828445017337799,0.48745155334472656,0.49833887815475464,0.5990254878997803,0.48531314730644226,0.4823703169822693,0.5,0.499815434217453,0.5,0.485993355512619,0.9777716398239136,0.9996311664581299,0.9719704389572144,0.5,0.43478259444236755,0.4546901285648346,0.9959070682525635,0.9305078387260437,0.5,0.9814462661743164,0.958562970161438,0.7972792983055115,0.9423774480819702,0.9606164693832397,0.4984317421913147,0.9610462188720703,0.3946349620819092,0.5,0.9634867906570435,0.5,0.818207323551178,0.8584326505661011,0.7821203470230103,0.8935873508453369,0.8848153352737427,0.8580315709114075,0.6207088232040405,0.8505192995071411,0.8753483295440674,0.7128853797912598,5.218510627746582,0.26835376024246216,0.7827205657958984

73,0.8427367210388184,0.7808823585510254,0.8657040596008301,0.5,0.41786637902259827,0.5,0.9821033477783203,0.48172420263290405,0.487541526556015,0.4980623722076416,0.6613309383392334,0.48599594831466675,0.48173093795776367,0.5,0.5,0.5,0.4878183901309967,0.9793167114257812,0.9997233152389526,0.9737037420272827,0.5,0.4417617619037628,0.453798770904541,0.9965825080871582,0.9296845197677612,0.5,0.979988694190979,0.9617220163345337,0.7955843210220337,0.9462007284164429,0.958770751953125,0.4981529414653778,0.9621801972389221,0.390979528427124,0.5,0.9658459424972534,0.5,0.8179525136947632,0.8579936623573303,0.7753434777259827,0.8955737352371216,0.880744218826294,0.8541938066482544,0.6033961772918701,0.844974935054779,0.8696744441986084,0.714579164981842,5.202877521514893,0.2745266854763031,0.7808823585510254
74,0.8037633299827576,0.7858455777168274,0.8696584105491638,0.5,0.4049464762210846,0.5,0.9806201457977295,0.4743305742740631,0.4868081212043762,0.49815431237220764,0.784437894821167,0.4866359531879425,0.5168236494064331,0.5,0.5,0.5,0.4857959747314453,0.9739708304405212,0.9999077320098877,0.9713729619979858,0.5,0.4958832263946533,0.4650663137435913,0.9976258277893066,0.9342808127403259,0.5,0.9844850301742554,0.9636432528495789,0.8003034591674805,0.946719765663147,0.9597034454345703,0.49815496802330017,0.9610185623168945,0.3968825042247772,0.5,0.965925931930542,0.5,0.8242384195327759,0.8657063245773315,0.7704918384552002,0.8855735063552856,0.8850798606872559,0.8570499420166016,0.5319787263870239,0.8482592105865479,0.875,0.7261382937431335,5.249389171600342,0.2689768373966217,0.7858455777168274
75,0.8007411360740662,0.7823529243469238,0.8704856634140015,0.5,0.38323795795440674,0.5,0.9778679609298706,0.47391703724861145,0.4857907295227051,0.4984317421913147,0.9762564897537231,0.486810564994812,0.8607084155082703,0.5,0.49990764260292053,0.5,0.48609063029289246,0.9715814590454102,0.9993547201156616,0.9719184637069702,0.5,0.48159176111221313,0.4638655483722687,0.9980071783065796,0.9289923906326294,0.5,0.9823328256607056,0.9625332951545715,0.8008153438568115,0.946772038936615,0.9591856002807617,0.4984329044818878,0.962599515914917,0.3966089189052582,0.5,0.9661723375320435,0.5,0.823298454284668,0.8616527318954468,0.7711201906204224,0.8875811100006104,0.884772539138794,0.855840802192688,0.5923291444778442,0.8458248376846313,0.8756495714187622,0.730313777923584,5.192535400390625,0.2636450529098511,0.7823529243469238
76,0.8061769604682922,0.7875000238418579,0.868435800075531,0.5,0.3754838705062866,0.5,0.9788745641708374,0.47767940163612366,0.48339176177978516,0.4975110590457916,0.9770421981811523,0.4842309057712555,0.8901082277297974,0.5,0.49990782141685486,0.5,0.4857037365436554,0.971526026725769,0.9990766048431396,0.9717592597007751,0.5,0.4365527033805847,0.46130841970443726,0.9981966614723206,0.9257737994194031,0.5,0.9828208088874817,0.9594053626060486,0.7963384389877319,0.9448894262313843,0.9602046608924866,0.49760058522224426,0.9628942608833313,0.39562568068504333,0.5,0.9637036919593811,0.5,0.8191509246826172,0.8614469170570374,0.772034227848053,0.8953726291656494,0.8839352130889893,0.853143572807312,0.5095440149307251,0.8445042371749878,0.8759069442749023,0.7204039692878723,5.2500011920928955,0.2711871862411499,0.7875000238418579
77,0.7950682640075684,0.7856617569923401,0.8697631359100342,0.5,0.36701735854148865,0.5,0.9819254875183105,0.47803211212158203,0.4832257926464081,0.49797123670578003,0.9801733493804932,0.4859752655029297,0.8577930927276611,0.5,0.49990788102149963,0.5,0.486827552318573,0.9773188233375549,0.9987080097198486,0.9731004238128662,0.5,0.438716322183609,0.4664793908596039,0.9979103207588196,0.928557813167572,0.5,0.9851739406585693,0.9634331464767456,0.7984378337860107,0.9451625347137451,0.9632059335708618,0.4979701042175293,0.9638029932975769,0.39933690428733826,0.5,0.967178225517273,0.5,0.8223179578781128,0.8649451732635498,0.7705345153808594,0.8861947059631348,0.8844221234321594,0.8536426424980164,0.5841060876846313,0.8440810441970825,0.8742103576660156,0.7380539178848267,5.082087278366089,0.2717362642288208,0.7856617569923401
78,0.7898419499397278,0.7869485020637512,0.8694168925285339,0.5,0.3555350601673126,0.5,0.9751615524291992,0.47464969754219055,0.4802437126636505,0.49805986881256104,0.9753599166870117,0.5228335857391357,0.6155458092689514,0.5,0.49990779161453247,0.5,0.4864466190338135,0.9759224653244019,0.9992618560791016,0.9712143540382385,0.5,0.44060981273651123,0.46440550684928894,0.999049961566925,0.9297795295715332,0.5,0.9860504865646362,0.9655041098594666,0.803662896156311,0.9469236731529236,0.9574952125549316,0.6479704976081848,0.9588038921356201,0.40193548798561096,0.5,0.9611028432846069,0.5,0.8292181491851807,0.8657879829406738,0.7672189474105835,0.8728119134902954,0.8851577043533325,0.8556710481643677,0.5308179259300232,0.8478949069976807,0.8769959211349487,0.7289283871650696,5.302618503570557,0.2753637433052063,0.7869485020637512
79,0.7654951810836792,0.7878676652908325,0.8734375238418579,0.5,0.35366302728652954,0.5,0.9754838943481445,0.49599263072013855,0.4802655875682831,0.49834132194519043,0.9755580425262451,0.9192243814468384,0.9493345022201538,0.5,0.5,0.5,0.48644161224365234,0.9762124419212341,0.9988933801651001,0.973050594329834,0.5,0.4381655156612396,0.465639591217041,0.9980967044830322,0.9310410618782043,0.5,0.9881066083908081,0.9620349407196045,0.7984392642974854,0.9455756545066833,0.961240291595459,0.7816697359085083,0.962942361831665,0.4025603234767914,0.5,0.9641072750091553,0.5,0.8347339034080505,0.8648849725723267,0.770561933517456,0.87109375,0.8868749141693115,0.8563069105148315,0.5495938658714294,0.8449907302856445,0.8773022890090942,0.7420561909675598,5.186546564102173,0.2611265778541565,0.7878676652908325
80,0.7867947816848755,0.7827205657958984,0.8736597895622253,0.5,0.34311553835868835,0.5,0.9780523777008057,0.5060840845108032,0.48110249638557434,0.49760279059410095,0.9776753187179565,0.9487369060516357,0.9745105504989624,0.49990785121917725,0.4999077022075653,0.5,0.48718422651290894,0.9789783954620361,0.9985223412513733,0.9726128578186035,0.5,0.4428839087486267,0.46738117933273315,0.998288631439209,0.9279749393463135,0.5,0.9893333315849304,0.9692816734313965,0.8045263290405273,0.9453005790710449,0.96278315782547,0.9975097179412842,0.9634847044944763,0.40284186601638794,0.5,0.9655364155769348,0.5,0.8361101150512695,0.8640758991241455,0.7704887390136719,0.865420401096344,0.8860512971878052,0.8599182367324829,0.6033923625946045,0.8503812551498413,0.8767186999320984,0.73991459608078,5.252414703369141,0.26464614272117615,0.7827205657958984

81,0.7426497340202332,0.7963235378265381,0.8722020387649536,0.5,0.3347465395927429,0.5,0.9762740135192871,0.4700554609298706,0.4794394373893738,0.49778637290000916,0.9759136438369751,0.6444547176361084,0.9699317216873169,0.5,0.49963077902793884,0.5,0.4856114983558655,0.9725914001464844,0.9977843761444092,0.9707677960395813,0.5,0.4441847503185272,0.46461251378059387,0.9993343353271484,0.9342504739761353,0.5,0.9880636930465698,0.9664762020111084,0.8152028918266296,0.9491348266601562,0.9594440460205078,0.9977872371673584,0.9597998857498169,0.40248847007751465,0.5,0.9621380567550659,0.5,0.846232533454895,0.8735621571540833,0.7731481790542603,0.8548567295074463,0.8903118371963501,0.8665738105773926,0.5002069473266602,0.8553389310836792,0.8832807540893555,0.7661464810371399,5.151807069778442,0.2688665986061096,0.7963235378265381

82,0.7683332562446594,0.7847426533699036,0.8727214336395264,0.5,0.3353039026260376,0.5,0.9780726432800293,0.9183579087257385,0.4828539788722992,0.49797049164772034,0.9779642224311829,0.4810173213481903,0.9341752529144287,0.5,0.49990788102149963,0.5,0.4784737527370453,0.9722529649734497,0.9987082481384277,0.9739911556243896,0.5,0.4487946033477783,0.466791033744812,0.9996210336685181,0.9314508438110352,0.5,0.9914529919624329,0.9653897285461426,0.8114722967147827,0.945340633392334,0.9621832370758057,0.9979715943336487,0.9647560715675354,0.4054951071739197,0.5,0.9636111259460449,0.5,0.8460749387741089,0.8709617853164673,0.7711437940597534,0.8525688648223877,0.8940267562866211,0.8677915930747986,0.5602871179580688,0.8559873700141907,0.8860123157501221,0.7427197694778442,5.199031591415405,0.2720019519329071,0.7847426533699036
83,0.7707216143608093,0.7906249761581421,0.8674696683883667,0.4618369936943054,0.31785449385643005,0.5,0.9813756346702576,0.4714127480983734,0.4840317666530609,0.4982469081878662,0.9793357849121094,0.48468634486198425,0.6675937175750732,0.5,0.5,0.5,0.4726584255695343,0.9794545769691467,0.9985242486000061,0.9763094186782837,0.5,0.445609450340271,0.4664793908596039,0.9991439580917358,0.9345351457595825,0.5,0.990125298500061,0.9695619344711304,0.8087592720985413,0.9505317211151123,0.9669138193130493,0.9982462525367737,0.9640147686004639,0.4025244116783142,0.5,0.9643121361732483,0.5,0.846462607383728,0.8698197603225708,0.7665424346923828,0.8517554998397827,0.8880819082260132,0.8614211082458496,0.5711073279380798,0.8483721017837524,0.8769959211349487,0.7604678869247437,5.252088785171509,0.2929339110851288,0.7906249761581421
84,0.7666785717010498,0.7889705896377563,0.8698593378067017,0.3839977979660034,0.30531954765319824,0.5,0.9778597354888916,0.4692917764186859,0.47759130597114563,0.4977843463420868,0.9765682220458984,0.8749065399169922,0.9726836681365967,0.4997236132621765,0.5,0.5,0.46921658515930176,0.9771175384521484,0.9980616569519043,0.9738447666168213,0.5,0.44902142882347107,0.4656588137149811,0.9989551305770874,0.9352381229400635,0.5,0.9917551279067993,0.9669632911682129,0.8055819272994995,0.9465945959091187,0.9617877006530762,0.997787594795227,0.9629148840904236,0.40077534317970276,0.5,0.9643917083740234,0.5,0.8450243473052979,0.869452178478241,0.7624883651733398,0.8529137969017029,0.8873462677001953,0.8603570461273193,0.553159236907959,0.8482392430305481,0.8782955408096313,0.7609347105026245,5.247401237487793,0.2855556607246399,0.7889705896377563
85,0.7573050856590271,0.7827205657958984,0.8706587553024292,0.38438132405281067,0.3119579255580902,0.5,0.9776036739349365,0.46955156326293945,0.48202764987945557,0.49805986881256104,0.9767398834228516,0.7803505659103394,0.9696913957595825,0.49990779161453247,0.499815434217453,0.5,0.4708433151245117,0.9708110094070435,0.9981573820114136,0.9728955030441284,0.5,0.4588235318660736,0.46486636996269226,0.9993330836296082,0.9340554475784302,0.5,0.9929617643356323,0.9709236025810242,0.812690258026123,0.9469480514526367,0.9629805088043213,0.99880051612854,0.9622501730918884,0.4015864133834839,0.5,0.9636834859848022,0.5,0.8458302021026611,0.8729789853096008,0.7705543041229248,0.8456606864929199,0.892970085144043,0.8680052161216736,0.5840124487876892,0.854302167892456,0.8844724893569946,0.7618088722229004,5.133677005767822,0.2729131281375885,0.7827205657958984
86,0.7342307567596436,0.7904411554336548,0.8716719150543213,0.3757379949092865,0.31346720457077026,0.5,0.9768535494804382,0.46812236309051514,0.47999998927116394,0.4951106905937195,0.9745434522628784,0.9424464106559753,0.9656094312667847,0.4996309280395508,0.5,0.5,0.4719867408275604,0.9680929183959961,0.998613178730011,0.972494900226593,0.5,0.4558548331260681,0.4591817557811737,0.9989569187164307,0.9336948394775391,0.5,0.9892687797546387,0.9652049541473389,0.8065742254257202,0.9469465613365173,0.9614871740341187,0.9968646168708801,0.9638487100601196,0.3953874409198761,0.5,0.9647091627120972,0.5,0.8424542546272278,0.8685091733932495,0.7735027074813843,0.8488545417785645,0.8880956768989563,0.8630786538124084,0.5221258997917175,0.8522452116012573,0.8805540204048157,0.7749195098876953,5.145676612854004,0.280488520860672,0.7904411554336548
87,0.7579782009124756,0.7841911911964417,0.8660567998886108,0.38028040528297424,0.3174690902233124,0.49870872497558594,0.9760324358940125,0.46954596042633057,0.4785977900028229,0.4970457851886749,0.9748984575271606,0.9795974493026733,0.9667896628379822,0.49861571192741394,0.5,0.5,0.4712940752506256,0.9694762229919434,0.9984326362609863,0.9738108515739441,0.4957650601863861,0.45417991280555725,0.46459928154945374,0.9992390871047974,0.9369300603866577,0.5,0.9898192286491394,0.9698382616043091,0.8168627023696899,0.9478236436843872,0.9651229381561279,0.9984331727027893,0.9631003141403198,0.3937015235424042,0.5,0.9641335010528564,0.5,0.8480254411697388,0.8681328892707825,0.7805829048156738,0.8481048345565796,0.8934487104415894,0.8670638799667358,0.5784555673599243,0.8549646735191345,0.8852596282958984,0.7728501558303833,5.3310770988464355,0.29362350702285767,0.7841911911964417
88,0.7230385541915894,0.7998161911964417,0.8728667497634888,0.37191301584243774,0.3125230669975281,0.49787941575050354,0.9772182106971741,0.5032872557640076,0.4769955575466156,0.4953030049800873,0.9735386371612549,0.9783250093460083,0.9674474000930786,0.49778884649276733,0.5,0.5,0.4726569652557373,0.9687557220458984,0.9963995218276978,0.9724694490432739,0.48756906390190125,0.46072760224342346,0.463350772857666,0.9984779357910156,0.9348815083503723,0.5,0.9922798275947571,0.9733092784881592,0.8203125,0.945740818977356,0.964116632938385,0.99759840965271,0.9622920751571655,0.3946300148963928,0.5,0.9650732278823853,0.5,0.8521389961242676,0.8753722906112671,0.7734215259552002,0.8335192203521729,0.8976026773452759,0.8675190210342407,0.541665256023407,0.8547278642654419,0.8875371217727661,0.771661639213562,5.48720645904541,0.29835861921310425,0.7998161911964417
89,0.7256548404693604,0.8029412031173706,0.8698935508728027,0.37352290749549866,0.31248846650123596,0.49870872497558594,0.9724888801574707,0.4659907817840576,0.47169986367225647,0.4976045787334442,0.9687846302986145,0.9741315841674805,0.9637721180915833,0.4988016188144684,0.49981561303138733,0.5,0.46968016028404236,0.9426972270011902,0.9964061975479126,0.9690044522285461,0.48712289333343506,0.4563833773136139,0.4589015543460846,0.9996195435523987,0.9370722770690918,0.5,0.9872235059738159,0.9668065309524536,0.8188654184341431,0.9478908181190491,0.9613044261932373,0.9985261559486389,0.9611110687255859,0.3917573392391205,0.5,0.9610389471054077,0.5,0.8503540754318237,0.8752788305282593,0.7773343324661255,0.8384815454483032,0.8944578766822815,0.8677425384521484,0.586288571357727,0.8573950529098511,0.8854727745056152,0.7799108028411865,5.208890199661255,0.2990299165248871,0.8029412031173706
90,0.7118469476699829,0.7977941036224365,0.8669395446777344,0.3542936146259308,0.3020487129688263,0.4979701042175293,0.9740870594978333,0.4701974391937256,0.4750922620296478,0.49584946036338806,0.970674991607666,0.9742857217788696,0.9682598114013672,0.4982469081878662,0.499907910823822,0.5,0.4621771275997162,0.9690731167793274,0.997692883014679,0.9730983376502991,0.4806594252586365,0.4560501277446747,0.4654528498649597,0.9992423057556152,0.9339550733566284,0.49990466237068176,0.9892154932022095,0.9705101251602173,0.8178870677947998,0.9475484490394592,0.9638108015060425,0.9977851510047913,0.9642592668533325,0.3911840617656708,0.5,0.9637842178344727,0.5,0.848770022392273,0.8736294507980347,0.7714709639549255,0.8403860330581665,0.8927708864212036,0.8658173680305481,0.5751488208770752,0.8526569604873657,0.8825441002845764,0.77516770362854,5.4470741748809814,0.27840539813041687,0.7977941036224365

91,0.7308263778686523,0.7926470637321472,0.867809534072876,0.33877813816070557,0.3001663088798523,0.497877836227417,0.9723966121673584,0.4673311114311218,0.4717050790786743,0.4961254596710205,0.9684675931930542,0.973145067691803,0.9654122591018677,0.49788057804107666,0.4999077022075653,0.5,0.45024922490119934,0.9649122953414917,0.996307909488678,0.968970000743866,0.4783569574356079,0.45906540751457214,0.4634920656681061,0.9994297623634338,0.9369907379150391,0.5,0.9889014959335327,0.9736039638519287,0.8247159123420715,0.9515976905822754,0.9612011313438416,0.9978786110877991,0.9618950486183167,0.3919343054294586,0.5,0.9614814519882202,0.5,0.8571562170982361,0.878227710723877,0.7713675498962402,0.8322796821594238,0.8968534469604492,0.8689347505569458,0.5453869104385376,0.8585642576217651,0.8862242102622986,0.7706778049468994,5.333043336868286,0.29873156547546387,0.7926470637321472
92,0.7396941184997559,0.8031250238418579,0.8674333095550537,0.3372693657875061,0.3011426329612732,0.49843403697013855,0.9725193977355957,0.6852588057518005,0.4752584993839264,0.49622049927711487,0.9723914861679077,0.9735239744186401,0.9699317216873169,0.4983373284339905,0.49972283840179443,0.5,0.46217015385627747,0.9693783521652222,0.9952056407928467,0.9743850231170654,0.46684473752975464,0.44616684317588806,0.46415871381759644,0.9995250701904297,0.9282575845718384,0.5,0.9909764528274536,0.9719377756118774,0.8335879445075989,0.9408531188964844,0.9664953351020813,0.9982462525367737,0.9656226634979248,0.39697474241256714,0.5,0.9651635885238647,0.5,0.8542760610580444,0.8734883666038513,0.7793052196502686,0.835716962814331,0.9026203155517578,0.8739542961120605,0.5745324492454529,0.861674427986145,0.893381655216217,0.7764002084732056,5.304013013839722,0.3253268003463745,0.8031250238418579
93,0.7191811800003052,0.800000011920929,0.8680403232574463,0.3357617259025574,0.30055350065231323,0.4995393455028534,0.9705936908721924,0.4955940842628479,0.47217103838920593,0.4958425760269165,0.9689400792121887,0.9716528058052063,0.964858889579773,0.4981522560119629,0.5,0.5,0.4366223216056824,0.9647666215896606,0.9971402287483215,0.9691495299339294,0.4661204218864441,0.4510535001754761,0.46187546849250793,0.9995274543762207,0.9381797313690186,0.5,0.9909592866897583,0.9724282026290894,0.8373699188232422,0.950171172618866,0.9612240791320801,0.9979697465896606,0.9622728824615479,0.3985988199710846,0.5,0.9626367092132568,0.5,0.8583022356033325,0.8820964694023132,0.7755406498908997,0.8352526426315308,0.9030697345733643,0.8773953914642334,0.5399476885795593,0.8677701354026794,0.8927973508834839,0.7658965587615967,5.243756532669067,0.3179967999458313,0.800000011920929
94,0.6889750957489014,0.8020220398902893,0.8693570494651794,0.3273314833641052,0.29601621627807617,0.5,0.9736162424087524,0.7313640713691711,0.4729754626750946,0.4960332214832306,0.9729082584381104,0.9714232683181763,0.9674173593521118,0.4979701042175293,0.5,0.5,0.4405091404914856,0.967602014541626,0.9977851510047913,0.9725620746612549,0.46034228801727295,0.4608776867389679,0.4638182520866394,0.9996205568313599,0.9343280792236328,0.5,0.9920967817306519,0.9726806879043579,0.8335227966308594,0.9509710669517517,0.9652436971664429,0.9978786110877991,0.9635590314865112,0.3939114511013031,0.5,0.965172290802002,0.5,0.8552040457725525,0.8782325983047485,0.7730056047439575,0.8316648006439209,0.9000371694564819,0.8745356798171997,0.5373915433883667,0.861674427986145,0.8903867602348328,0.7745559215545654,5.145081281661987,0.30742406845092773,0.8020220398902893
95,0.6810926795005798,0.804963231086731,0.8705006241798401,0.3283582031726837,0.29841241240501404,0.5,0.9735532999038696,0.9698506593704224,0.47472789883613586,0.49566981196403503,0.9757469892501831,0.9742857217788696,0.9675840139389038,0.4977843463420868,0.499907910823822,0.5,0.43827274441719055,0.96651291847229,0.9967694282531738,0.9711004495620728,0.461913526058197,0.4633689224720001,0.46858102083206177,0.999430775642395,0.9336190223693848,0.49990472197532654,0.9909506440162659,0.9777419567108154,0.8393162488937378,0.9491108655929565,0.9670612812042236,0.9977843761444092,0.9641997814178467,0.3963291049003601,0.5,0.9647287130355835,0.5,0.85965895652771,0.8810319304466248,0.776860237121582,0.8312278985977173,0.9012815952301025,0.8760230541229248,0.5404008030891418,0.8627250790596008,0.8927042484283447,0.7819940447807312,5.1154093742370605,0.3055029809474945,0.804963231086731
96,0.6919077634811401,0.7996323704719543,0.869064211845398,0.32074251770973206,0.29322752356529236,0.49953848123550415,0.9740965962409973,0.9690322875976562,0.6481549739837646,0.49732521176338196,0.974344789981842,0.9742714762687683,0.9669802188873291,0.4982481896877289,0.4999077618122101,0.5,0.4373387396335602,0.9673612117767334,0.995296061038971,0.9721348285675049,0.46677711606025696,0.461466521024704,0.4637979567050934,0.9995254278182983,0.93062424659729,0.4998088777065277,0.9952516555786133,0.9766977429389954,0.8430608510971069,0.9545627236366272,0.9674016237258911,0.9981586933135986,0.9663881063461304,0.39896661043167114,0.5,0.965864896774292,0.5,0.8611007332801819,0.8837209343910217,0.7740795612335205,0.825771689414978,0.9059709906578064,0.8794095516204834,0.571200430393219,0.8666170835494995,0.8958371877670288,0.7814912796020508,5.136430978775024,0.30938613414764404,0.7996323704719543
97,0.7014164924621582,0.8126838207244873,0.8701350688934326,0.3154684901237488,0.2991153597831726,0.4977859854698181,0.9705719947814941,0.9383182525634766,0.8869398832321167,0.49621909856796265,0.9681381583213806,0.9712728261947632,0.9635090231895447,0.4977859854698181,0.5,0.5,0.4509027302265167,0.966433048248291,0.9941838979721069,0.9731481075286865,0.44939160346984863,0.4605189561843872,0.4607183039188385,0.9996201992034912,0.9317619800567627,0.4999048113822937,0.994857132434845,0.9738593101501465,0.8400609493255615,0.9554030895233154,0.9651604294776917,0.9976028203964233,0.9631930589675903,0.39549481868743896,0.5,0.9637372493743896,0.5,0.8596752882003784,0.8840000033378601,0.7770018577575684,0.8211631774902344,0.9059020280838013,0.8815398812294006,0.5453094840049744,0.8679806590080261,0.8968918323516846,0.7764288187026978,5.365068435668945,0.34141311049461365,0.8126838207244873

98,0.724958598613739,0.8027573823928833,0.8672494888305664,0.3206782042980194,0.30707424879074097,0.49861598014831543,0.9706587791442871,0.9433431029319763,0.9678551554679871,0.4956602156162262,0.9664639830589294,0.968611478805542,0.964871883392334,0.4986167550086975,0.5,0.5,0.45972350239753723,0.9653264284133911,0.9930875301361084,0.9688715934753418,0.42941394448280334,0.46253278851509094,0.462952584028244,0.9992388486862183,0.9350019097328186,0.49990472197532654,0.9963926076889038,0.9758967161178589,0.842130184173584,0.9541904926300049,0.9674409627914429,0.9984285831451416,0.9629011154174805,0.3967331051826477,0.5,0.9643188714981079,0.5,0.8646419048309326,0.8826046586036682,0.7817608118057251,0.8234694004058838,0.9101752042770386,0.8838374614715576,0.6108425855636597,0.8689879179000854,0.8988659381866455,0.7732444405555725,5.135605335235596,0.3344937264919281,0.8027573823928833
99,0.6995270848274231,0.801838219165802,0.8695836067199707,0.315842866897583,0.2950184643268585,0.4981536269187927,0.970012903213501,0.9670724868774414,0.9683696031570435,0.4961247444152832,0.9696438312530518,0.9696606397628784,0.9663896560668945,0.4981546401977539,0.5,0.5,0.45613226294517517,0.9672569632530212,0.9944649338722229,0.9721554517745972,0.4185062646865845,0.46487951278686523,0.466223806142807,0.9997154474258423,0.9360243678092957,0.5,0.9992363452911377,0.9777335524559021,0.8369813561439514,0.9543989300727844,0.9703429937362671,0.9981542825698853,0.965782642364502,0.39111194014549255,0.5,0.9637104272842407,0.5,0.8562570810317993,0.8769073486328125,0.7774163484573364,0.8245353102684021,0.9045183658599854,0.880450963973999,0.5718960762023926,0.8649953603744507,0.8950399160385132,0.7670478224754333,5.194147348403931,0.3274897038936615,0.801838219165802
100,0.7092100977897644,0.7911764979362488,0.8688333630561829,0.3217383325099945,0.29876473546028137,0.4977880120277405,0.9690959453582764,0.9663408398628235,0.9683871269226074,0.4961261749267578,0.9685133695602417,0.9693670272827148,0.963752031326294,0.4978786110877991,0.49990758299827576,0.5,0.44011810421943665,0.9666051864624023,0.9949233531951904,0.9724074006080627,0.4311487376689911,0.47275280952453613,0.4663865566253662,0.9791254997253418,0.9367269277572632,0.5,0.9986727237701416,0.9776005744934082,0.8462709188461304,0.9543642997741699,0.9670801162719727,0.9976949691772461,0.9631481170654297,0.39940881729125977,0.5,0.9639748334884644,0.5,0.8618236184120178,0.8828778266906738,0.7809532880783081,0.823698878288269,0.9110492467880249,0.8863720893859863,0.5931003093719482,0.8754425048828125,0.9035495519638062,0.7675130367279053,5.1823790073394775,0.31601858139038086,0.7911764979362488

101,0.6506661772727966,0.8181985020637512,0.871441125869751,0.30603209137916565,0.2919203042984009,0.49898561835289,0.9673812389373779,0.9638442993164062,0.9674113988876343,0.49741697311401367,0.9666051864624023,0.9687384366989136,0.9612545967102051,0.4989846646785736,0.49981552362442017,0.5,0.43412068486213684,0.9629868865013123,0.9955793023109436,0.9681994915008545,0.4271773099899292,0.4744764268398285,0.4651336669921875,0.9996191263198853,0.9430932998657227,0.5,0.999334990978241,0.9789013862609863,0.8479703664779663,0.964590847492218,0.9663562178611755,0.9987092018127441,0.9611542820930481,0.3908587396144867,0.5,0.9621591567993164,0.5,0.867979109287262,0.888455867767334,0.7722882628440857,0.8051367998123169,0.9082884192466736,0.880237340927124,0.5215872526168823,0.8679420948028564,0.8976998329162598,0.7864181995391846,5.209237098693848,0.3357107937335968,0.8181985020637512
102,0.6738886833190918,0.8134191036224365,0.8720908761024475,0.30116257071495056,0.2899686396121979,0.4980652332305908,0.9670724868774414,0.9650776386260986,0.9685424566268921,0.4958479404449463,0.9674594402313232,0.9697137475013733,0.9630995988845825,0.49806416034698486,0.5,0.5,0.42042097449302673,0.9637721180915833,0.9952020645141602,0.9715845584869385,0.41728007793426514,0.4703405797481537,0.4634852409362793,0.999714732170105,0.9330551624298096,0.5,0.9988571405410767,0.9765387773513794,0.8373333215713501,0.9622929096221924,0.9679802656173706,0.9976933002471924,0.9627679586410522,0.3876911699771881,0.5,0.9619947671890259,0.5,0.8555535078048706,0.8800521492958069,0.7716163396835327,0.8016390800476074,0.9055286645889282,0.8809391260147095,0.5541516542434692,0.8669332265853882,0.8960000276565552,0.7660399079322815,5.093094825744629,0.3186373710632324,0.8134191036224365
103,0.6779863834381104,0.8042279481887817,0.869880735874176,0.30772072076797485,0.3017161786556244,0.49787548184394836,0.9675216674804688,0.9140883684158325,0.9684959650039673,0.49593570828437805,0.9690788388252258,0.969383955001831,0.9641077518463135,0.49797049164772034,0.5,0.5,0.43165069818496704,0.9655777215957642,0.9944629073143005,0.9716109037399292,0.42479750514030457,0.47273576259613037,0.4625958502292633,0.9658277034759521,0.9330670833587646,0.5,0.9990519285202026,0.9776700735092163,0.8451293706893921,0.9619783163070679,0.966698408126831,0.9977872371673584,0.9658016562461853,0.3936818838119507,0.5,0.9638029932975769,0.5,0.8606219291687012,0.8794194459915161,0.7789424657821655,0.8015636205673218,0.9094122052192688,0.8871598839759827,0.5968971848487854,0.870514988899231,0.9022144079208374,0.767112672328949,5.190319061279297,0.33526286482810974,0.8042279481887817
104,0.6721439361572266,0.8115808963775635,0.8640667200088501,0.2947843670845032,0.29071271419525146,0.49852508306503296,0.9663470387458801,0.9648134708404541,0.9667835235595703,0.4970463216304779,0.9677806496620178,0.9692918062210083,0.962737500667572,0.4986177682876587,0.49981528520584106,0.5,0.4275161623954773,0.9636330008506775,0.9952995777130127,0.9708225131034851,0.4098949730396271,0.47232091426849365,0.4655108153820038,0.8534574508666992,0.9387580752372742,0.5,0.9989491701126099,0.9798181056976318,0.8494501113891602,0.9677388668060303,0.9689335227012634,0.9985256195068359,0.9641600251197815,0.39215144515037537,0.5,0.9624722003936768,0.5,0.8654240369796753,0.885915994644165,0.7782721519470215,0.7936522960662842,0.910315990447998,0.8846797943115234,0.5419930219650269,0.8723759651184082,0.9019534587860107,0.7674580812454224,5.323492765426636,0.3369159400463104,0.8115808963775635
105,0.6540977954864502,0.8158088326454163,0.8652487993240356,0.3044280409812927,0.2942477762699127,0.4980652332305908,0.9708433151245117,0.9683520793914795,0.9698728322982788,0.5085553526878357,0.9706587791442871,0.9727038145065308,0.9671828746795654,0.49806272983551025,0.4994466006755829,0.5,0.7565486431121826,0.9673552513122559,0.995755672454834,0.9742878675460815,0.4013254642486572,0.4700990617275238,0.46327102184295654,0.8197150826454163,0.9334853887557983,0.5,0.9985730648040771,0.979897141456604,0.8456790447235107,0.9664065837860107,0.9735490083694458,0.9980616569519043,0.9675420522689819,0.3906624913215637,0.5,0.9663764238357544,0.5,0.8645775318145752,0.8866257667541504,0.7810293436050415,0.795615017414093,0.9121747016906738,0.8853083252906799,0.5327185392379761,0.8722654581069946,0.9040573239326477,0.7730069160461426,5.125854730606079,0.3441731631755829,0.8158088326454163
106,0.6574954986572266,0.8259190917015076,0.8629446029663086,0.299704909324646,0.2966586649417877,0.4988020658493042,0.9686404466629028,0.9642462134361267,0.9690959453582764,0.6115618944168091,0.9681164622306824,0.9707726240158081,0.9638965725898743,0.4987994134426117,0.49990782141685486,0.5,0.8829277157783508,0.9643318057060242,0.994011402130127,0.9712963104248047,0.3886124789714813,0.4714928865432739,0.46359723806381226,0.9016777873039246,0.9376551508903503,0.4999045729637146,0.9980064630508423,0.979253888130188,0.8508439064025879,0.967422366142273,0.970721960067749,0.998708963394165,0.9656771421432495,0.39677122235298157,0.5,0.9641932249069214,0.5,0.870353102684021,0.8912962675094604,0.7858465909957886,0.7908904552459717,0.9154942631721497,0.8896417617797852,0.5625735521316528,0.8787822723388672,0.9065934419631958,0.7818671464920044,5.3220884799957275,0.35515230894088745,0.8259190917015076

107,0.627691388130188,0.8240808844566345,0.8657916784286499,0.2938733994960785,0.7877697944641113,0.4981573522090912,0.9696718454360962,0.9664639830589294,0.9704524278640747,0.49344778060913086,0.9699594974517822,0.9719763994216919,0.9638643264770508,0.4981546401977539,0.4999077022075653,0.5,0.8918893933296204,0.9659028053283691,0.9955719709396362,0.9710521697998047,0.3825910985469818,0.47406715154647827,0.4675361216068268,0.8700189590454102,0.9350686073303223,0.4999048113822937,0.9994301795959473,0.981541097164154,0.8467987775802612,0.9654877185821533,0.9711483716964722,0.9978781938552856,0.9644177556037903,0.38900166749954224,0.5,0.9651248455047607,0.5,0.8635684847831726,0.8840445280075073,0.7737165093421936,0.7917363047599792,0.911076009273529,0.8821833729743958,0.5872204303741455,0.8713781833648682,0.8979174494743347,0.7850639820098877,5.2714855670928955,0.3531073331832886,0.8240808844566345
108,0.6340987086296082,0.8113970756530762,0.8632887601852417,0.2884686291217804,0.7857934236526489,0.49751150608062744,0.9691654443740845,0.9661750793457031,0.9687154293060303,0.4903064966201782,0.9696718454360962,0.9717050790786743,0.9643515348434448,0.49751150608062744,0.5,0.5,0.8944064974784851,0.9645951986312866,0.9940893650054932,0.9711111187934875,0.380961149930954,0.47535935044288635,0.4646530747413635,0.6982937455177307,0.9337509870529175,0.5,0.9987677335739136,0.9826831817626953,0.8509560227394104,0.9619101881980896,0.9710461497306824,0.997323751449585,0.9654948711395264,0.3934834897518158,0.5,0.9649268984794617,0.5,0.8651580214500427,0.884865403175354,0.7744241952896118,0.7865502834320068,0.9160637855529785,0.8887650966644287,0.5103858113288879,0.877928614616394,0.9057742357254028,0.7813776731491089,5.182917356491089,0.32522234320640564,0.8113970756530762
109,0.646934449672699,0.8237132430076599,0.8644216060638428,0.28902214765548706,0.783801257610321,0.49824756383895874,0.9674534797668457,0.9655172824859619,0.9673672914505005,0.7296233177185059,0.9680694341659546,0.9699907302856445,0.9647471308708191,0.49824851751327515,0.5,0.5,0.8840044736862183,0.9648329019546509,0.9944659471511841,0.9714391827583313,0.38203901052474976,0.47516804933547974,0.4642723500728607,0.7264906167984009,0.9366090297698975,0.5,0.9988560676574707,0.9824762344360352,0.8474303483963013,0.9660792350769043,0.9716567993164062,0.9981563091278076,0.9646157026290894,0.3897587060928345,0.5,0.9643718600273132,0.5,0.8664422035217285,0.8865413665771484,0.7752976417541504,0.7945433855056763,0.9131808876991272,0.8846368193626404,0.5611281394958496,0.8722810745239258,0.9006887674331665,0.7771650552749634,5.170116186141968,0.36759239435195923,0.8237132430076599
110,0.632361650466919,0.8325367569923401,0.8682947158813477,0.29245805740356445,0.7874654531478882,0.4982481896877289,0.9708379507064819,0.9379494786262512,0.9706317186355591,0.9887474775314331,0.9701492786407471,0.9714996814727783,0.9654377698898315,0.49824172258377075,0.5,0.5,0.8791259527206421,0.9660203456878662,0.9948348999023438,0.9720938801765442,0.3873434066772461,0.47338438034057617,0.4625093638896942,0.7980573177337646,0.9296889901161194,0.49981027841567993,0.999143660068512,0.9813226461410522,0.8500950336456299,0.9653992652893066,0.9732890129089355,0.9982472658157349,0.9670858383178711,0.3994840681552887,0.5,0.9668272733688354,0.5,0.8689030408859253,0.8869977593421936,0.7771981954574585,0.8052056431770325,0.9191533327102661,0.8894364833831787,0.5748898386955261,0.8757445812225342,0.905593752861023,0.7837387323379517,5.277277231216431,0.3825604021549225,0.8325367569923401

111,0.6437042951583862,0.8354779481887817,0.8619271516799927,0.290236234664917,0.7916127443313599,0.4982481896877289,0.9668080806732178,0.9643911123275757,0.9662237167358398,0.6748949289321899,0.9677121639251709,0.968611478805542,0.9639298915863037,0.49815496802330017,0.49990782141685486,0.5,0.8914006352424622,0.9630995988845825,0.993635892868042,0.973068356513977,0.36608952283859253,0.47329598665237427,0.47335073351860046,0.6311213970184326,0.9317619800567627,0.4998094439506531,0.9988586902618408,0.9826244115829468,0.8488394021987915,0.9632018208503723,0.971540093421936,0.9979708194732666,0.9652584791183472,0.4023221433162689,0.5,0.9628703594207764,0.5,0.8656507134437561,0.8865624666213989,0.7781493663787842,0.7982358336448669,0.9138027429580688,0.8893328309059143,0.562261164188385,0.8760921955108643,0.9049879312515259,0.774524450302124,5.142086744308472,0.3950291574001312,0.8354779481887817
112,0.6443169713020325,0.835661768913269,0.8605762720108032,0.2806047201156616,0.7813652753829956,0.4976949989795685,0.9668574333190918,0.9636732339859009,0.9663710594177246,0.4939192831516266,0.9668080806732178,0.9676942825317383,0.962446928024292,0.4976941645145416,0.5,0.5,0.8816906213760376,0.962446928024292,0.9944608211517334,0.9718101024627686,0.35324984788894653,0.47559380531311035,0.4680352509021759,0.6750940680503845,0.9377727508544922,0.4999050199985504,0.9994326829910278,0.9820750951766968,0.8498766422271729,0.966116189956665,0.9699411988258362,0.9975087642669678,0.9637708067893982,0.3986175060272217,0.5,0.9630555510520935,0.5,0.8681061863899231,0.8892298936843872,0.7704232931137085,0.7892677783966064,0.9122577905654907,0.8848580121994019,0.5680583715438843,0.8715877532958984,0.9008380174636841,0.7715551853179932,5.287073373794556,0.40170106291770935,0.835661768913269
113,0.6305071115493774,0.8374999761581421,0.8573743104934692,0.2839985191822052,0.7893863916397095,0.49796709418296814,0.970365583896637,0.9675456285476685,0.9687615633010864,0.49622049927711487,0.9702414274215698,0.9711041450500488,0.9650368690490723,0.4982469081878662,0.49990755319595337,0.5,0.8803426623344421,0.9651548862457275,0.9941892623901367,0.9724023342132568,0.3581031262874603,0.47731515765190125,0.4654170572757721,0.6117420792579651,0.937761664390564,0.5,0.9991443157196045,0.9831055402755737,0.8559612035751343,0.9653080701828003,0.9718002080917358,0.9980623722076416,0.9676165580749512,0.4049990773200989,0.5,0.967067539691925,0.5,0.8712546825408936,0.8924250602722168,0.7793052196502686,0.7861915230751038,0.9189891815185547,0.8936861753463745,0.5842854976654053,0.8810941576957703,0.907916784286499,0.7832669019699097,5.17891263961792,0.4135652184486389,0.8374999761581421

114,0.6483383774757385,0.8365808725357056,0.8562008142471313,0.6000950336456299,0.7906503677368164,0.48392757773399353,0.9675635695457458,0.9658608436584473,0.9678103923797607,0.4958563446998596,0.9689343571662903,0.9686404466629028,0.9638699293136597,0.49806129932403564,0.4977843463420868,0.5,0.8915451765060425,0.9649187326431274,0.9928953647613525,0.9723455309867859,0.35282739996910095,0.47798800468444824,0.46705353260040283,0.5576860904693604,0.9386048316955566,0.49990472197532654,0.9989509582519531,0.9818406105041504,0.855038046836853,0.9669829607009888,0.9718309640884399,0.9978770613670349,0.9670319557189941,0.4012550711631775,0.5,0.9641470909118652,0.5,0.8677407503128052,0.8907586336135864,0.7827944755554199,0.790712833404541,0.9156157374382019,0.8918166756629944,0.5316737294197083,0.8790412545204163,0.9065524935722351,0.7826637029647827,5.080652952194214,0.41027265787124634,0.8365808725357056
115,0.6253989934921265,0.8314338326454163,0.8586739301681519,0.7502768635749817,0.7844493389129639,0.4720531404018402,0.9691540598869324,0.9653200507164001,0.9682656526565552,0.49492618441581726,0.9689229130744934,0.9690959453582764,0.963752031326294,0.49686750769615173,0.4966795742511749,0.5,0.8725073933601379,0.9645756483078003,0.9938979148864746,0.9745558500289917,0.3336712121963501,0.4760037362575531,0.4677419364452362,0.5307638049125671,0.9384527206420898,0.499904990196228,0.9994296431541443,0.9811500310897827,0.8532205820083618,0.9663187861442566,0.9720479249954224,0.996678352355957,0.9658269882202148,0.39887535572052,0.5,0.9652302265167236,0.5,0.8705816268920898,0.893102765083313,0.7761887311935425,0.78730309009552,0.9185226559638977,0.8911747932434082,0.521118700504303,0.8767873644828796,0.9047441482543945,0.7865538597106934,5.019700527191162,0.38378283381462097,0.8314338326454163
116,0.6293002963066101,0.8244485259056091,0.8580327033996582,0.7639734745025635,0.7904357314109802,0.478874534368515,0.965768575668335,0.9625461101531982,0.9656826257705688,0.4962114095687866,0.9669436812400818,0.966691255569458,0.9606451988220215,0.4980616569519043,0.4981529414653778,0.494556188583374,0.8667280673980713,0.962446928024292,0.9941881895065308,0.9695370197296143,0.3492180407047272,0.4719626307487488,0.47643980383872986,0.5579497218132019,0.9360243678092957,0.49942997097969055,0.9994304180145264,0.977501392364502,0.8566413521766663,0.9678283929824829,0.9698209762573242,0.9976946115493774,0.963096559047699,0.4026010036468506,0.5,0.9636969566345215,0.5,0.8704915046691895,0.8934745788574219,0.784372091293335,0.7895030975341797,0.9234058260917664,0.8963720798492432,0.564267098903656,0.8825989961624146,0.9101468324661255,0.7838239669799805,5.189739465713501,0.39106059074401855,0.8244485259056091
117,0.611548125743866,0.8395220637321472,0.8561773300170898,0.35561496019363403,0.7885324358940125,0.4870094060897827,0.9660578966140747,0.962952733039856,0.9664943814277649,0.51470547914505,0.9666051864624023,0.9674093127250671,0.9619855880737305,0.49852481484413147,0.4984331727027893,0.44249585270881653,0.8779026865959167,0.9625530242919922,0.9944700598716736,0.968784749507904,0.33278053998947144,0.4749579429626465,0.47417181730270386,0.645346999168396,0.9377981424331665,0.4989507794380188,0.9993358850479126,0.9814709424972534,0.8597142696380615,0.964645504951477,0.9691053628921509,0.9983394742012024,0.9638431668281555,0.40459495782852173,0.5,0.9648357629776001,0.5,0.8726186156272888,0.896382212638855,0.7800556421279907,0.7851016521453857,0.9237618446350098,0.8971492052078247,0.5405055284500122,0.8853023052215576,0.9146840572357178,0.7837846279144287,5.020279169082642,0.40502533316612244,0.8395220637321472
118,0.5975776314735413,0.8430147171020508,0.8557669520378113,0.5936346650123596,0.787610650062561,0.48623937368392944,0.968611478805542,0.962877631187439,0.9678341150283813,0.9185272455215454,0.968813419342041,0.9708701968193054,0.9620639085769653,0.49750831723213196,0.49834224581718445,0.3609112799167633,0.8288164138793945,0.9642593264579773,0.9939035773277283,0.9697614312171936,0.33630841970443726,0.47647497057914734,0.47387149930000305,0.5800235271453857,0.9385448694229126,0.4960007667541504,0.9993335008621216,0.9816218614578247,0.8614767789840698,0.9636951088905334,0.9694693088531494,0.9973267316818237,0.9656544923782349,0.40066468715667725,0.5,0.9633333683013916,0.5,0.8752800226211548,0.8944485783576965,0.7827906608581543,0.7851032018661499,0.9236201047897339,0.8961860537528992,0.5416288375854492,0.8843727111816406,0.9141104221343994,0.7922532558441162,5.258641719818115,0.40902599692344666,0.8430147171020508
119,0.6184197664260864,0.8373161554336548,0.8546661138534546,0.7658122777938843,0.7888457179069519,0.4725964069366455,0.967551589012146,0.9642198085784912,0.9679144620895386,0.5757715702056885,0.9679144620895386,0.971233606338501,0.9625115394592285,0.49778515100479126,0.49990779161453247,0.42290666699409485,0.8930481672286987,0.9636732339859009,0.9950165748596191,0.9697446227073669,0.34477996826171875,0.480441689491272,0.4756782054901123,0.575598418712616,0.9408857822418213,0.49809885025024414,0.9989539384841919,0.9813581705093384,0.8653700351715088,0.9681861400604248,0.9710186123847961,0.9976015090942383,0.9652495384216309,0.3972109258174896,0.5,0.9648408889770508,0.5,0.8820120096206665,0.8983317613601685,0.7824548482894897,0.7895717024803162,0.9255101680755615,0.8986976742744446,0.579085648059845,0.8870487213134766,0.9160923957824707,0.7919132709503174,5.25081205368042,0.41266313195228577,0.8373161554336548
120,0.5915794372558594,0.8428308963775635,0.8579599857330322,0.5179033279418945,0.7778598070144653,0.4760412871837616,0.9711414575576782,0.9678341150283813,0.9712123870849609,0.7724926471710205,0.9710492491722107,0.9726786017417908,0.964976966381073,0.4983403980731964,0.49963125586509705,0.37495386600494385,0.8881918787956238,0.9681047201156616,0.9939136505126953,0.9733678698539734,0.33099889755249023,0.48044535517692566,0.4805425703525543,0.6075745820999146,0.9417788982391357,0.4978107810020447,0.9989544153213501,0.9816749095916748,0.8657654523849487,0.9673047661781311,0.9724709391593933,0.9982450008392334,0.9702667593955994,0.3958871364593506,0.5,0.9685476422309875,0.5,0.8811078071594238,0.9003347158432007,0.7762962579727173,0.7795239090919495,0.9252927303314209,0.8972526788711548,0.5728724002838135,0.8873370885848999,0.9140973091125488,0.7940578460693359,5.082018136978149,0.39677923917770386,0.8428308963775635

121,0.6064890027046204,0.8290441036224365,0.8573764562606812,0.7485687732696533,0.7769684791564941,0.4830445945262909,0.9657016396522522,0.9626590013504028,0.9653072357177734,0.8173292875289917,0.9657142758369446,0.9670299291610718,0.9605579376220703,0.49806344509124756,0.4983391761779785,0.3296733796596527,0.8726267218589783,0.9623477458953857,0.9926213026046753,0.968246579170227,0.32280346751213074,0.47708138823509216,0.48302870988845825,0.5225722193717957,0.9391238689422607,0.499147891998291,0.9941928386688232,0.9808716773986816,0.8618295788764954,0.9659566283226013,0.9681013226509094,0.997697114944458,0.9640207290649414,0.3959793448448181,0.5,0.9635976552963257,0.5,0.8777881860733032,0.8956472873687744,0.7810815572738647,0.7811394929885864,0.9246842861175537,0.8984709978103638,0.6584601402282715,0.8857381939888,0.9125952124595642,0.7822191715240479,5.240589618682861,0.39752888679504395,0.8290441036224365
122,0.5975067019462585,0.8398897051811218,0.8518617153167725,0.7520279884338379,0.7816654443740845,0.49069640040397644,0.9689458608627319,0.9660829305648804,0.9691824913024902,0.9883720874786377,0.9694008827209473,0.9699206352233887,0.9626590013504028,0.4985242486000061,0.49852344393730164,0.40945059061050415,0.8747463226318359,0.9658671617507935,0.9941924810409546,0.9721193313598633,0.32354024052619934,0.4747096300125122,0.4813879430294037,0.49981018900871277,0.9392931461334229,0.49857088923454285,0.9936720132827759,0.9807765483856201,0.865008533000946,0.9669516086578369,0.9721270799636841,0.9979678392410278,0.9675384759902954,0.3980250954627991,0.5,0.96607506275177,0.5,0.8790714740753174,0.8991081714630127,0.7836333513259888,0.7864969968795776,0.9288636445999146,0.9006320834159851,0.5581150650978088,0.8873396515846252,0.9183540344238281,0.7848783731460571,5.054698467254639,0.4013652503490448,0.8398897051811218
123,0.6198294758796692,0.8332720398902893,0.8503676652908325,0.7521256804466248,0.7811923027038574,0.4930824637413025,0.9678848385810852,0.9642724990844727,0.9667896628379822,0.9881128072738647,0.9680752754211426,0.9684327244758606,0.9613468647003174,0.49889278411865234,0.4988921582698822,0.32042771577835083,0.8650617599487305,0.9642659425735474,0.9946573376655579,0.9691312313079834,0.32903701066970825,0.47984322905540466,0.4808124303817749,0.5147516131401062,0.9395979642868042,0.498569518327713,0.999238133430481,0.981928825378418,0.8693127632141113,0.96642005443573,0.9702358245849609,0.9967706203460693,0.9645435810089111,0.39953917264938354,0.5,0.9663265347480774,0.5,0.880186915397644,0.8997023105621338,0.7859272956848145,0.7884114980697632,0.926377534866333,0.9031418561935425,0.49648982286453247,0.8903051614761353,0.9165428876876831,0.7875667810440063,5.144266128540039,0.4141668677330017,0.8332720398902893
124,0.5911217927932739,0.84375,0.855587363243103,0.7513374090194702,0.7838162183761597,0.48643410205841064,0.9699907302856445,0.9648653268814087,0.9689979553222656,0.9863317012786865,0.9699852466583252,0.969067394733429,0.9631608128547668,0.4980652332305908,0.49796897172927856,0.3275798559188843,0.8568921089172363,0.9646352529525757,0.994556188583374,0.9741714596748352,0.3278718590736389,0.47802504897117615,0.48299700021743774,0.5117014050483704,0.9381571412086487,0.49790075421333313,0.9989529848098755,0.9806231260299683,0.8701657056808472,0.964625358581543,0.9707001447677612,0.996587336063385,0.9659888744354248,0.402141809463501,0.5,0.9652649164199829,0.5,0.8858370780944824,0.902529776096344,0.7878900766372681,0.7850779294967651,0.9349117875099182,0.9079583883285522,0.5691759586334229,0.8952257037162781,0.9250974655151367,0.8012300133705139,5.14574670791626,0.41193947196006775,0.84375
125,0.6024976372718811,0.8386029601097107,0.8489291667938232,0.7464450597763062,0.7819874286651611,0.4801623821258545,0.9672388434410095,0.9637253284454346,0.9667097330093384,0.9876406192779541,0.9667220115661621,0.9668080806732178,0.9625391960144043,0.49778515100479126,0.49778106808662415,0.466417133808136,0.8522371649742126,0.9631375074386597,0.9951070547103882,0.969612717628479,0.3276560604572296,0.47842806577682495,0.49317502975463867,0.4999050796031952,0.941053032875061,0.4978099465370178,0.9991469383239746,0.9814006090164185,0.866856575012207,0.9669641256332397,0.9697980284690857,0.9963099956512451,0.9652044773101807,0.3959527015686035,0.5,0.9646819829940796,0.5,0.8807613253593445,0.8998139500617981,0.7877156734466553,0.7859270572662354,0.9254745244979858,0.902633547782898,0.5412019491195679,0.892970085144043,0.9187196493148804,0.7918955683708191,5.355672597885132,0.4186771810054779,0.8386029601097107
126,0.6052892208099365,0.8374999761581421,0.8515133261680603,0.7499078512191772,0.7820276618003845,0.6824707388877869,0.9673130512237549,0.9648653268814087,0.9677866101264954,0.9872599840164185,0.9677984714508057,0.9677806496620178,0.9654662609100342,0.498244971036911,0.498151570558548,0.7537591457366943,0.8579073548316956,0.9643714427947998,0.9940047860145569,0.9727053642272949,0.31751152873039246,0.47886666655540466,0.4829779267311096,0.4995255172252655,0.9389827251434326,0.49857279658317566,0.9991472363471985,0.9809705018997192,0.8669331669807434,0.9672178030014038,0.9727826118469238,0.9970512390136719,0.9666604995727539,0.39095941185951233,0.5,0.9646427631378174,0.5,0.8806360960006714,0.8976049423217773,0.7854089140892029,0.7851714491844177,0.9264624118804932,0.9015264511108398,0.5358809232711792,0.8894060850143433,0.9186348915100098,0.7864408493041992,5.271675109863281,0.41842418909072876,0.8374999761581421
127,0.5821281671524048,0.8472426533699036,0.8560768365859985,0.7541104555130005,0.78545081615448,0.713587760925293,0.9667774438858032,0.9630995988845825,0.9663470387458801,0.986538827419281,0.9673311114311218,0.9668452143669128,0.9621491432189941,0.49833980202674866,0.4983382523059845,0.7651236057281494,0.847886323928833,0.9630587100982666,0.9940069913864136,0.9718674421310425,0.3211853504180908,0.4765814542770386,0.48251354694366455,0.49952244758605957,0.9402163624763489,0.49904942512512207,0.9993335008621216,0.9799848198890686,0.8728910088539124,0.9701904654502869,0.9707674980163574,0.997877836227417,0.9648082852363586,0.3973461091518402,0.5,0.9634259343147278,0.5,0.8855624198913574,0.904708743095398,0.785820484161377,0.7802903652191162,0.9320207834243774,0.9070672988891602,0.6219012141227722,0.8918617963790894,0.9226698875427246,0.7935758829116821,5.180548191070557,0.4225628674030304,0.8472426533699036
128,0.5814801454544067,0.838786780834198,0.8540248870849609,0.7465892434120178,0.7832103371620178,0.4741792678833008,0.9677062034606934,0.9618440866470337,0.9675216674804688,0.9900479316711426,0.9680576324462891,0.861901581287384,0.9600332379341125,0.49870896339416504,0.4985237121582031,0.7746816873550415,0.8436923623085022,0.9615739583969116,0.995116114616394,0.9710881114006042,0.32013991475105286,0.47686567902565,0.4900335371494293,0.4995230734348297,0.9389363527297974,0.49704763293266296,0.9993372559547424,0.9793490767478943,0.8711153268814087,0.9672443270683289,0.9715779423713684,0.9982491731643677,0.9663951396942139,0.394062340259552,0.5,0.9642791152000427,0.5,0.8823639154434204,0.9005945920944214,0.7852217555046082,0.779171347618103,0.9269537925720215,0.9029586911201477,0.5521590709686279,0.8902757167816162,0.919019341468811,0.7840113639831543,5.205066680908203,0.40909725427627563,0.838786780834198
129,0.5524522662162781,0.8586397171020508,0.8551812767982483,0.7582519054412842,0.7818433046340942,0.6945115923881531,0.9692860841751099,0.9634551405906677,0.9688942432403564,0.9884728789329529,0.9697949290275574,0.880416750907898,0.9627237319946289,0.49741363525390625,0.4973197877407074,0.7692307829856873,0.8437787890434265,0.9630482792854309,0.9941796064376831,0.9743518829345703,0.3182320296764374,0.478228360414505,0.49244967103004456,0.4997158944606781,0.9391287565231323,0.49703577160835266,0.9989539384841919,0.980064868927002,0.8687022924423218,0.9653173685073853,0.972511887550354,0.9965885877609253,0.9673148393630981,0.39942899346351624,0.5,0.9667716026306152,0.5,0.8832833766937256,0.9010968208312988,0.7828066945075989,0.7821203470230103,0.930661678314209,0.9027622938156128,0.5654428601264954,0.8922662138938904,0.9209500551223755,0.7950115203857422,5.136220932006836,0.42256858944892883,0.8586397171020508

130,0.5784227252006531,0.8531249761581421,0.8576436042785645,0.7543357610702515,0.786083459854126,0.8182981014251709,0.9661064147949219,0.9577100276947021,0.9639564752578735,0.989098310470581,0.9648847579956055,0.7777470350265503,0.9570558071136475,0.4979727268218994,0.4977859854698181,0.7832657694816589,0.8388437032699585,0.9614675641059875,0.9939103126525879,0.9673771858215332,0.3210933208465576,0.47875726222991943,0.49476832151412964,0.499810129404068,0.9378445148468018,0.49924299120903015,0.9992393851280212,0.9801324605941772,0.8695485591888428,0.966736376285553,0.9691663384437561,0.99704909324646,0.9646894931793213,0.3975258469581604,0.5,0.9625787734985352,0.5,0.8824957609176636,0.8976640701293945,0.7861261367797852,0.7808371782302856,0.9302889108657837,0.9044662714004517,0.5446357727050781,0.8904186487197876,0.9204355478286743,0.7779881954193115,5.124159336090088,0.41274726390838623,0.8531249761581421

131,0.5749794244766235,0.8501838445663452,0.8548585176467896,0.7587509155273438,0.7812615633010864,0.9596788883209229,0.9697695970535278,0.9624561071395874,0.9699150919914246,0.9805422425270081,0.969683051109314,0.5480489730834961,0.9610557556152344,0.49787744879722595,0.4976937174797058,0.7837389707565308,0.833486795425415,0.9659091234207153,0.9954780340194702,0.9709259271621704,0.3190862238407135,0.47580796480178833,0.49719205498695374,0.49952489137649536,0.9373338222503662,0.4985744059085846,0.9909553527832031,0.9795743823051453,0.869664192199707,0.9668956398963928,0.9724805355072021,0.9969540238380432,0.968039870262146,0.3997417390346527,0.5,0.9674496054649353,0.5,0.8855940103530884,0.9026589393615723,0.7845867872238159,0.7803312540054321,0.9318181872367859,0.908362865447998,0.5648608207702637,0.8946342468261719,0.9234987497329712,0.7890262603759766,5.183818101882935,0.41999366879463196,0.8501838445663452
132,0.5699009895324707,0.867463231086731,0.854101836681366,0.7562234997749329,0.7781364917755127,0.9515324831008911,0.9672629833221436,0.9593098163604736,0.9655236005783081,0.9813618659973145,0.9685418605804443,0.525928795337677,0.9597786068916321,0.4982472360134125,0.498244971036911,0.4165438413619995,0.8364356756210327,0.9621771574020386,0.9938215017318726,0.968181848526001,0.31215471029281616,0.47808653116226196,0.49430227279663086,0.4996199309825897,0.9407632350921631,0.4986707270145416,0.9991430044174194,0.9807947874069214,0.8735719919204712,0.9686192274093628,0.970009446144104,0.9956610202789307,0.965968132019043,0.39837849140167236,0.5,0.9625787734985352,0.5,0.8831532001495361,0.9002227783203125,0.7812906503677368,0.7750465869903564,0.930938184261322,0.9046732187271118,0.5691636800765991,0.8927046656608582,0.921802282333374,0.7912682890892029,5.224743604660034,0.46258634328842163,0.867463231086731
133,0.5683269500732422,0.8663603067398071,0.8523597717285156,0.7654434442520142,0.784304678440094,0.9488646984100342,0.9689693450927734,0.9599483013153076,0.967497706413269,0.9753462672233582,0.9675337076187134,0.4648977220058441,0.959900438785553,0.49787667393684387,0.49788135290145874,0.4572320580482483,0.8369003534317017,0.9640353918075562,0.9945541620254517,0.9675360918045044,0.31878453493118286,0.47759103775024414,0.4841611981391907,0.4997144937515259,0.9420552253723145,0.49895256757736206,0.9995255470275879,0.980503499507904,0.8753079175949097,0.9692907333374023,0.9705040454864502,0.995384931564331,0.9664261937141418,0.40308287739753723,0.5,0.9645442962646484,0.5,0.8890029788017273,0.9062674045562744,0.788340151309967,0.7789767384529114,0.9351627826690674,0.9079412221908569,0.5336171984672546,0.897976279258728,0.9263968467712402,0.798109769821167,5.19266939163208,0.44966205954551697,0.8663603067398071
134,0.5732374787330627,0.8645220398902893,0.8543455004692078,0.7641248106956482,0.7836591601371765,0.9481803178787231,0.9712389707565308,0.9631918668746948,0.967637836933136,0.9759535789489746,0.9706858396530151,0.4701492488384247,0.9635541439056396,0.4984314441680908,0.4984317421913147,0.7862940430641174,0.8392330408096313,0.9674293994903564,0.9941935539245605,0.9696521162986755,0.31879255175590515,0.47686567902565,0.4900767505168915,0.49980974197387695,0.937322199344635,0.49886149168014526,0.9844797253608704,0.9797041416168213,0.8710751533508301,0.96793532371521,0.972844660282135,0.9953908920288086,0.9702127575874329,0.3987645208835602,0.5,0.966617226600647,0.5,0.8819677829742432,0.8985480070114136,0.7896103858947754,0.7821322679519653,0.932991623878479,0.9073936343193054,0.5425381660461426,0.8971683979034424,0.9241552352905273,0.7841709852218628,5.143850564956665,0.4479970633983612,0.8645220398902893
135,0.5630694031715393,0.8551470637321472,0.855469822883606,0.7589516639709473,0.7832225561141968,0.9388960599899292,0.9694649577140808,0.9623268842697144,0.9661612510681152,0.9802510142326355,0.9687211513519287,0.46836960315704346,0.962091863155365,0.4979715943336487,0.4979701042175293,0.7858196496963501,0.8395130038261414,0.9651226997375488,0.9951089024543762,0.9717854261398315,0.3175961673259735,0.47710707783699036,0.49794623255729675,0.4996196925640106,0.9376665353775024,0.49733689427375793,0.9990503191947937,0.9796440005302429,0.8727895021438599,0.9694111347198486,0.9719732999801636,0.9947465658187866,0.9678882360458374,0.39839422702789307,0.5,0.9631238579750061,0.5,0.8840539455413818,0.9015982151031494,0.7918447256088257,0.7838691473007202,0.9319746494293213,0.9055885672569275,0.5375134348869324,0.8945800065994263,0.9254271984100342,0.786095380783081,5.313468933105469,0.42856964468955994,0.8551470637321472
136,0.5690680742263794,0.8558823466300964,0.8548114895820618,0.7499076128005981,0.7808812856674194,0.9395979642868042,0.9680694341659546,0.9585869908332825,0.9622763395309448,0.9725558757781982,0.9675276875495911,0.4666728079319,0.9591177701950073,0.49797049164772034,0.4979674816131592,0.7869653701782227,0.8236108422279358,0.9640287756919861,0.9924325942993164,0.967049241065979,0.3211786448955536,0.478455513715744,0.49756190180778503,0.4996216297149658,0.9366357326507568,0.4992417097091675,0.9924874305725098,0.9816863536834717,0.8774125576019287,0.9664391279220581,0.9695411920547485,0.9949262142181396,0.967030942440033,0.39915114641189575,0.5,0.964524507522583,0.5,0.8853425979614258,0.9028683304786682,0.7931514382362366,0.7746557593345642,0.9342496395111084,0.9101468324661255,0.5526687502861023,0.897545576095581,0.9289830923080444,0.7831034660339355,5.32941198348999,0.431342214345932,0.8558823466300964
137,0.5540305376052856,0.8647058606147766,0.8535503149032593,0.7431759834289551,0.7840678691864014,0.9443010091781616,0.96651291847229,0.9590330123901367,0.9623616337776184,0.9637975692749023,0.9660642147064209,0.46564745903015137,0.9588876962661743,0.49824851751327515,0.4982452988624573,0.7862948179244995,0.8209216594696045,0.9625184535980225,0.9928979873657227,0.967050313949585,0.32492172718048096,0.4777403771877289,0.4972861707210541,0.49990546703338623,0.9363359808921814,0.4991413950920105,0.9812225103378296,0.981121301651001,0.8780696392059326,0.9686728715896606,0.9703309535980225,0.9964951276779175,0.9663140177726746,0.4000000059604645,0.5,0.9612108469009399,0.4998157024383545,0.8885362148284912,0.9054707884788513,0.7957248687744141,0.7779847383499146,0.9384987354278564,0.9127292633056641,0.45051464438438416,0.9012277126312256,0.9293397665023804,0.7918558120727539,5.218206405639648,0.43724140524864197,0.8647058606147766
138,0.5570352673530579,0.8610293865203857,0.8541809320449829,0.7478340864181519,0.7847657799720764,0.9480339288711548,0.9678789377212524,0.9601181745529175,0.9635157585144043,0.9616519212722778,0.9685534238815308,0.4671586751937866,0.9588104486465454,0.49787667393684387,0.4977847635746002,0.7766408920288086,0.8193471431732178,0.9627581238746643,0.9938169121742249,0.9685528874397278,0.3186337649822235,0.4758743345737457,0.49766528606414795,0.49980947375297546,0.9385184049606323,0.49924272298812866,0.9902791380882263,0.9784843921661377,0.8774948120117188,0.9693936109542847,0.9734790921211243,0.9955711364746094,0.9663025140762329,0.4038177728652954,0.5,0.9636902809143066,0.4999077618122101,0.8887226581573486,0.9054480791091919,0.7906197309494019,0.778601884841919,0.93799889087677,0.9145887494087219,0.5831204652786255,0.9027312994003296,0.9300037026405334,0.7943558692932129,5.21370005607605,0.43422794342041016,0.8610293865203857
139,0.5391039848327637,0.8672794103622437,0.8547473549842834,0.7520279884338379,0.7816823720932007,0.9315030574798584,0.9713205099105835,0.9639497995376587,0.969314455986023,0.9730677008628845,0.9683287143707275,0.46973052620887756,0.9629082679748535,0.49833980202674866,0.4983391761779785,0.7767115831375122,0.8305069208145142,0.9663718342781067,0.9936370253562927,0.9702237844467163,0.31521740555763245,0.4776286482810974,0.49775323271751404,0.4999050498008728,0.9393047094345093,0.4996195435523987,0.9991438388824463,0.9796345233917236,0.8769886493682861,0.9711922407150269,0.9751049280166626,0.9964989423751831,0.9711823463439941,0.40081197023391724,0.5,0.9680792093276978,0.5,0.8896989822387695,0.9046156406402588,0.791643500328064,0.7835654616355896,0.9359569549560547,0.9128491878509521,0.5682024955749512,0.902103066444397,0.9287172555923462,0.7992146015167236,5.221696853637695,0.4636085033416748,0.8672794103622437
140,0.5569783449172974,0.8608455657958984,0.8512247800827026,0.7511062026023865,0.775152325630188,0.924580454826355,0.9694536924362183,0.9598115682601929,0.9667835235595703,0.962952733039856,0.9656221270561218,0.46622368693351746,0.9578568935394287,0.49815431237220764,0.4981556534767151,0.768776535987854,0.8129157423973083,0.9650368690490723,0.9952951669692993,0.9699499607086182,0.30618444085121155,0.4768639802932739,0.4987850487232208,0.5,0.9435989856719971,0.49961933493614197,0.9900892972946167,0.9801512360572815,0.8788337707519531,0.9746811389923096,0.9724596738815308,0.9956650137901306,0.9678194522857666,0.40009215474128723,0.5,0.9633740186691284,0.5,0.891604483127594,0.9077408313751221,0.7861652374267578,0.7734215259552002,0.9394756555557251,0.9133023023605347,0.5586448311805725,0.9014869928359985,0.931005597114563,0.7855888605117798,5.196582555770874,0.4435707926750183,0.8608455657958984

141,0.5262408256530762,0.8764705657958984,0.8507994413375854,0.7555842399597168,0.7741519212722778,0.944137692451477,0.970420241355896,0.9622763395309448,0.9685424566268921,0.9626659154891968,0.9698562026023865,0.4687442481517792,0.9623546600341797,0.49806344509124756,0.49806487560272217,0.7685287594795227,0.8030638694763184,0.9676258563995361,0.9938191771507263,0.9697390198707581,0.30918142199516296,0.4774976670742035,0.4989721477031708,0.4995223581790924,0.9391700029373169,0.49923938512802124,0.9851305484771729,0.9803381562232971,0.8780372142791748,0.9730527400970459,0.9747675657272339,0.9969590902328491,0.9706535935401917,0.39711591601371765,0.5,0.9678643941879272,0.5,0.8888368606567383,0.9032677412033081,0.7872717380523682,0.7797508239746094,0.9380457401275635,0.9107706546783447,0.5776717662811279,0.9015828371047974,0.9279212355613708,0.7886531949043274,5.22968053817749,0.4785122573375702,0.8764705657958984

142,0.5491913557052612,0.8615809082984924,0.8495639562606812,0.7533652782440186,0.7820749282836914,0.9469361305236816,0.9671223163604736,0.9597265720367432,0.9620066285133362,0.9571560621261597,0.9647276401519775,0.46371862292289734,0.9590481519699097,0.49741697311401367,0.49732324481010437,0.7758620977401733,0.8012371063232422,0.9641209840774536,0.9927014112472534,0.9708117246627808,0.31148749589920044,0.4792916178703308,0.49897387623786926,0.499904990196228,0.9459100365638733,0.49990466237068176,0.9993363618850708,0.9818840622901917,0.8803418874740601,0.9723012447357178,0.9702857136726379,0.9939069747924805,0.9666234254837036,0.3938862085342407,0.5,0.9615313410758972,0.5,0.8883386254310608,0.9049256443977356,0.7889610528945923,0.7806577682495117,0.9363703727722168,0.911267876625061,0.5829613208770752,0.9014700651168823,0.9270716905593872,0.795637845993042,5.221994876861572,0.45814770460128784,0.8615809082984924
143,0.5458343625068665,0.8648896813392639,0.8543027639389038,0.7535964250564575,0.7777162790298462,0.9518150091171265,0.9702897071838379,0.9603731632232666,0.9651226997375488,0.9676497578620911,0.9683124423027039,0.4671586751937866,0.9603394269943237,0.49852290749549866,0.49852561950683594,0.7736667394638062,0.7930271029472351,0.9652342200279236,0.9941003322601318,0.9694331288337708,0.30418357253074646,0.4750560522079468,0.4994395673274994,0.49981003999710083,0.9413943886756897,0.4999054968357086,0.9519222974777222,0.9781904816627502,0.8800797462463379,0.9726406335830688,0.9716082215309143,0.9952002763748169,0.9698627591133118,0.3964022099971771,0.5,0.9649204015731812,0.5,0.8894186019897461,0.9053651094436646,0.7885438203811646,0.7784597873687744,0.938730001449585,0.9164963960647583,0.5181006193161011,0.9055866003036499,0.9318773150444031,0.7905112504959106,5.132373094558716,0.45697736740112305,0.8648896813392639
144,0.5376089811325073,0.8656250238418579,0.8474371433258057,0.7533702850341797,0.7787610292434692,0.962580680847168,0.971244215965271,0.9616377353668213,0.9680221676826477,0.9734562635421753,0.9709891080856323,0.46952909231185913,0.9624677300453186,0.49824851751327515,0.4982443153858185,0.7667528390884399,0.7949261665344238,0.9680870771408081,0.9947436451911926,0.9717592597007751,0.30725330114364624,0.478667676448822,0.4994403123855591,0.4996199905872345,0.9427132606506348,0.49990496039390564,0.8159359693527222,0.9813860654830933,0.8837606906890869,0.9728394746780396,0.9745665788650513,0.9953933954238892,0.9703758955001831,0.3954067528247833,0.5,0.9678194522857666,0.5,0.8927902579307556,0.9101468324661255,0.7937895059585571,0.7783668041229248,0.9412530064582825,0.9173469543457031,0.5292860865592957,0.9045673608779907,0.9334572553634644,0.7918238639831543,5.367504835128784,0.4416922926902771,0.8656250238418579
145,0.5274034738540649,0.875,0.8479117155075073,0.7416082620620728,0.77830970287323,0.9466395974159241,0.9699262380599976,0.9595540761947632,0.963007390499115,0.9702084064483643,0.9700831174850464,0.46658051013946533,0.959786057472229,0.49732324481010437,0.49732571840286255,0.7494000196456909,0.7906440496444702,0.9641672372817993,0.9935328960418701,0.9684200882911682,0.3023940920829773,0.4783177673816681,0.49962761998176575,0.4998094439506531,0.9406570196151733,0.5,0.8225077390670776,0.9804947376251221,0.8805115222930908,0.9715779423713684,0.9733446836471558,0.9942783117294312,0.9681658744812012,0.393866628408432,0.5,0.9644773006439209,0.5,0.8888784646987915,0.9069702625274658,0.7875464558601379,0.7748141288757324,0.9405913352966309,0.9160000085830688,0.5748698115348816,0.9033964276313782,0.9336867332458496,0.7954427599906921,5.334364891052246,0.46999305486679077,0.875
146,0.5499190092086792,0.8648896813392639,0.8465608358383179,0.7407715320587158,0.7794498205184937,0.9401291608810425,0.9680870771408081,0.9593945741653442,0.963027834892273,0.9630519151687622,0.9678221940994263,0.46568265557289124,0.9580793976783752,0.4982469081878662,0.4982462525367737,0.7447378039360046,0.789075493812561,0.9641077518463135,0.992990255355835,0.9650861024856567,0.3068139851093292,0.477387398481369,0.4992527663707733,0.49990490078926086,0.9429415464401245,0.5,0.8374669551849365,0.979657769203186,0.8782732486724854,0.9739494323730469,0.9730703830718994,0.9958494901657104,0.9675745964050293,0.3917297422885895,0.5,0.9643386602401733,0.5,0.8879520297050476,0.9088711142539978,0.7893466949462891,0.7733953595161438,0.9358998537063599,0.9137451648712158,0.5929370522499084,0.9048240184783936,0.9276009798049927,0.7862873673439026,5.221155881881714,0.47455087304115295,0.8648896813392639
147,0.5386178493499756,0.8773897290229797,0.8473153114318848,0.7391505241394043,0.7748386859893799,0.9389883279800415,0.9691938757896423,0.9605652093887329,0.9641934633255005,0.9654377698898315,0.9686578512191772,0.4661688804626465,0.9591629505157471,0.49870777130126953,0.49870920181274414,0.7418372631072998,0.7911823987960815,0.9646483659744263,0.9935495853424072,0.9676045775413513,0.29716286063194275,0.47934579849243164,0.49925288558006287,0.4999050199985504,0.9434375762939453,0.5,0.773347795009613,0.9807618856430054,0.8818164467811584,0.9737741947174072,0.9746308326721191,0.9967694282531738,0.9686920642852783,0.3888479173183441,0.5,0.9654181003570557,0.5,0.8903213739395142,0.9083070755004883,0.7884436249732971,0.7731584906578064,0.9389994144439697,0.9137065410614014,0.4974213242530823,0.9024730324745178,0.9307706356048584,0.7809838056564331,5.214826822280884,0.4905679225921631,0.8773897290229797
148,0.5173642039299011,0.8816176652908325,0.846133291721344,0.7445572018623352,0.7820513248443604,0.9237444400787354,0.9690265655517578,0.9614177942276001,0.9639497995376587,0.9605579376220703,0.9679380655288696,0.4669002294540405,0.9616448879241943,0.4976903200149536,0.4977867901325226,0.7471381425857544,0.7927819490432739,0.9651933908462524,0.991046667098999,0.9694048166275024,0.30506446957588196,0.47597599029541016,0.49971920251846313,0.49971476197242737,0.9444550275802612,0.5,0.8838235139846802,0.9799619913101196,0.8813896179199219,0.9740346074104309,0.9724439382553101,0.9950193762779236,0.9694805145263672,0.3944454789161682,0.5,0.9647157192230225,0.5,0.891901969909668,0.9131525158882141,0.793077826499939,0.7779431343078613,0.939884603023529,0.9142698049545288,0.5482839345932007,0.9029532074928284,0.9288239479064941,0.7971289157867432,5.0553107261657715,0.4888908267021179,0.8816176652908325
149,0.5368524193763733,0.8689337968826294,0.8476872444152832,0.7409560680389404,0.7806451320648193,0.9144227504730225,0.9681499004364014,0.957633376121521,0.9631443023681641,0.951836109161377,0.9674053192138672,0.4656889736652374,0.9586105346679688,0.49824851751327515,0.4982469081878662,0.7436299920082092,0.7831025123596191,0.9629287719726562,0.9930824637413025,0.9675180315971375,0.3052689731121063,0.4743301570415497,0.49897444248199463,0.4998096823692322,0.9427379369735718,0.49952471256256104,0.8523452281951904,0.9785130023956299,0.8900817036628723,0.9742857217788696,0.9770869016647339,0.9953908920288086,0.967030942440033,0.4006090760231018,0.5,0.9632339477539062,0.5,0.8934441804885864,0.9135366678237915,0.7913253903388977,0.774106502532959,0.9423577785491943,0.9209988713264465,0.5966179370880127,0.9112288951873779,0.9343059062957764,0.7931057810783386,5.099066257476807,0.4781295657157898,0.8689337968826294
150,0.5283247232437134,0.879963219165802,0.8448123335838318,0.7441860437393188,0.7819874286651611,0.9238429069519043,0.9699852466583252,0.9602764844894409,0.9636732339859009,0.9575880765914917,0.9674354195594788,0.46761396527290344,0.9601770043373108,0.4985226094722748,0.4985226094722748,0.7448320388793945,0.7909057140350342,0.9653519988059998,0.9933640956878662,0.9676492214202881,0.30160337686538696,0.4759328365325928,0.4991588890552521,0.5,0.944306492805481,0.5,0.8183698058128357,0.9800342321395874,0.8870447874069214,0.9745859503746033,0.9752945899963379,0.9961240291595459,0.9694444537162781,0.3959793448448181,0.5,0.9645566940307617,0.5,0.8956270217895508,0.912490725517273,0.7911781072616577,0.7799332141876221,0.941482424736023,0.9180922508239746,0.5192952156066895,0.9052397012710571,0.9338659048080444,0.8025792837142944,5.18271803855896,0.47803300619125366,0.879963219165802

151,0.5258556604385376,0.8819853067398071,0.8484888076782227,0.7404537796974182,0.7814233303070068,0.9270045757293701,0.965736985206604,0.9576115012168884,0.961531400680542,0.9541343450546265,0.9649511575698853,0.46488478779792786,0.9577256441116333,0.49852344393730164,0.49852317571640015,0.7415160536766052,0.7865448594093323,0.9627168774604797,0.9928097724914551,0.9641799330711365,0.30254191160202026,0.47383230924606323,0.4983196556568146,0.499810129404068,0.9439573287963867,0.4993339776992798,0.906057596206665,0.9787274599075317,0.8879817724227905,0.9748523235321045,0.9720479249954224,0.9958517551422119,0.9660985469818115,0.3969176709651947,0.5,0.9621380567550659,0.5,0.893738329410553,0.9142963290214539,0.7924721240997314,0.7761194109916687,0.94017094373703,0.9163885712623596,0.6099380254745483,0.9069897532463074,0.9320884346961975,0.7957440614700317,5.163689851760864,0.5130777359008789,0.8819853067398071
152,0.49558940529823303,0.890625,0.8496173620223999,0.7419443726539612,0.773842453956604,0.9307990074157715,0.9669063091278076,0.9605870246887207,0.9634034037590027,0.9580722451210022,0.9674234390258789,0.46713441610336304,0.9582948684692383,0.49833887815475464,0.4983367323875427,0.7423906922340393,0.7859781980514526,0.9647731781005859,0.9914238452911377,0.9669566750526428,0.299172043800354,0.475580096244812,0.4988759756088257,0.4999051094055176,0.9460026621818542,0.49980980157852173,0.9283300638198853,0.9807947874069214,0.8862946033477783,0.9752757549285889,0.9748858213424683,0.9954780340194702,0.9691609144210815,0.39758703112602234,0.5,0.964279055595398,0.5,0.8936786651611328,0.9116231799125671,0.7897621393203735,0.7719249725341797,0.9405138492584229,0.9186500310897827,0.6005133986473083,0.9052220582962036,0.9326690435409546,0.7998780012130737,5.203322410583496,0.4955825209617615,0.890625

153,0.517624020576477,0.8827205896377563,0.8450003862380981,0.7545202970504761,0.7787308692932129,0.9162975549697876,0.9688364267349243,0.962949275970459,0.966032862663269,0.9579413533210754,0.9685540199279785,0.4688364267349243,0.9616519212722778,0.49907800555229187,0.49907833337783813,0.7493535280227661,0.7835917472839355,0.967170774936676,0.9920810461044312,0.968564510345459,0.30636849999427795,0.4727204740047455,0.49934566020965576,0.4998098909854889,0.9406410455703735,0.4991399049758911,0.7883033752441406,0.978857159614563,0.8861780762672424,0.9726458191871643,0.9757096767425537,0.9954746961593628,0.9712643623352051,0.40480148792266846,0.5,0.9640281200408936,0.5,0.8909056782722473,0.9105185270309448,0.7951169610023499,0.7778602838516235,0.9419318437576294,0.9230269193649292,0.5583333969116211,0.9109371900558472,0.9325779676437378,0.7901828289031982,5.162319898605347,0.5012615323066711,0.8827205896377563
154,0.5062505006790161,0.8808823823928833,0.8494464159011841,0.7500460743904114,0.7770706415176392,0.9045068025588989,0.9697695970535278,0.9648120999336243,0.9665743112564087,0.9568631052970886,0.969632625579834,0.4692690968513489,0.9637186527252197,0.498616486787796,0.4986167550086975,0.7417420148849487,0.7784751653671265,0.9681164622306824,0.9925345182418823,0.9693858623504639,0.3019528388977051,0.4735662341117859,0.49841180443763733,0.4996187686920166,0.9415460824966431,0.4997154176235199,0.8841663002967834,0.9795471429824829,0.88642418384552,0.9720319509506226,0.9800683259963989,0.9934405088424683,0.9723302125930786,0.3977125883102417,0.5,0.9674819707870483,0.5,0.890458345413208,0.9105880260467529,0.7917596697807312,0.7758076190948486,0.9386258125305176,0.9183237552642822,0.600094199180603,0.9050809741020203,0.9309033155441284,0.789361298084259,5.424109697341919,0.5139597654342651,0.8808823823928833
155,0.503629744052887,0.8840073347091675,0.8501431941986084,0.7577880620956421,0.7765564322471619,0.8972539901733398,0.9696774482727051,0.9631132483482361,0.9649122953414917,0.9547215104103088,0.967275083065033,0.4682246446609497,0.9614887237548828,0.4986180067062378,0.4986162483692169,0.7457079887390137,0.7768350839614868,0.9658001661300659,0.9922580718994141,0.9690683484077454,0.30401545763015747,0.4709833860397339,0.4978419840335846,0.4997151494026184,0.943770170211792,0.49971500039100647,0.9572688341140747,0.9778372049331665,0.8900890350341797,0.9768085479736328,0.9790356159210205,0.9916051626205444,0.9716298580169678,0.40011078119277954,0.5,0.9661111235618591,0.5,0.8941121101379395,0.9125418663024902,0.7945981025695801,0.7777056694030762,0.9408702254295349,0.9208426475524902,0.6065974831581116,0.9068299531936646,0.9341444969177246,0.7983582019805908,5.274502754211426,0.5220643877983093,0.8840073347091675
156,0.5069536566734314,0.8849264979362488,0.8485721349716187,0.7528576850891113,0.7710331678390503,0.9164825081825256,0.9683754444122314,0.9617940187454224,0.9635339975357056,0.9567103385925293,0.9673250913619995,0.4664819836616516,0.9582641124725342,0.4984302818775177,0.4984331727027893,0.7398636341094971,0.7784950137138367,0.9649446606636047,0.9923487901687622,0.966783881187439,0.29824885725975037,0.47546184062957764,0.497758686542511,0.4999048411846161,0.944486677646637,0.49990490078926086,0.9775429964065552,0.9806340932846069,0.8897100687026978,0.9764661192893982,0.9790521264076233,0.992250919342041,0.968987226486206,0.3886527419090271,0.5,0.964881420135498,0.5,0.892763614654541,0.9111255407333374,0.7927894592285156,0.7768503427505493,0.9396135210990906,0.9199069738388062,0.5208909511566162,0.9035495519638062,0.9333147406578064,0.7948110103607178,5.216295003890991,0.5092476606369019,0.8849264979362488
157,0.5009544491767883,0.8867647051811218,0.8479821681976318,0.7533690333366394,0.7752031087875366,0.9247370958328247,0.9680007696151733,0.9605239033699036,0.9612259864807129,0.9551411867141724,0.9661688804626465,0.4664943814277649,0.9585024118423462,0.498616486787796,0.4986167550086975,0.7514290809631348,0.7792867422103882,0.9630142450332642,0.9921659231185913,0.96833336353302,0.29968714714050293,0.4730561375617981,0.49738121032714844,0.4999048411846161,0.9393249750137329,0.4999048411846161,0.9333360195159912,0.9785863161087036,0.8898013830184937,0.9720106720924377,0.9781001210212708,0.9924354553222656,0.9689584970474243,0.3912481665611267,0.5,0.9633265733718872,0.5,0.8904173374176025,0.9097751379013062,0.795876681804657,0.7782018184661865,0.9403082132339478,0.920367956161499,0.5186641812324524,0.9060409069061279,0.9355588555335999,0.7839713096618652,5.095927000045776,0.5120745897293091,0.8867647051811218
158,0.49602657556533813,0.8849264979362488,0.8515048027038574,0.7391183972358704,0.7652157545089722,0.9241055250167847,0.9694008827209473,0.9626590013504028,0.9640486836433411,0.9541512727737427,0.968461811542511,0.46800073981285095,0.9600887298583984,0.49898505210876465,0.49898579716682434,0.7399409413337708,0.7701255679130554,0.9639298915863037,0.9925400614738464,0.9681363105773926,0.2925032377243042,0.4748181402683258,0.4975746273994446,0.4998094141483307,0.9457556009292603,0.5,0.9145827889442444,0.9803231954574585,0.8888257741928101,0.9741690158843994,0.9808899164199829,0.9931683540344238,0.971666693687439,0.38160812854766846,0.5,0.9657660722732544,0.5,0.8931504487991333,0.9132776260375977,0.7861272096633911,0.7686080932617188,0.9371045827865601,0.9162483811378479,0.6141217350959778,0.9030128717422485,0.9313360452651978,0.7934062480926514,5.196183443069458,0.524539589881897,0.8849264979362488
159,0.5040162205696106,0.8779411911964417,0.8499294519424438,0.7498153448104858,0.7731464505195618,0.9197565317153931,0.9685598611831665,0.9625461101531982,0.9643845558166504,0.9565617442131042,0.9678729772567749,0.4679948389530182,0.9597786068916321,0.49880141019821167,0.4987994134426117,0.7452011704444885,0.7724589705467224,0.9638643264770508,0.9921702146530151,0.9677777886390686,0.29863670468330383,0.47498124837875366,0.49850550293922424,0.5,0.9411541223526001,0.4997156262397766,0.9412481188774109,0.9809994697570801,0.891146719455719,0.9725066423416138,0.9785212278366089,0.9913203716278076,0.9703052639961243,0.38924750685691833,0.5,0.9657217264175415,0.5,0.8918944597244263,0.912295401096344,0.7901520729064941,0.7719591856002808,0.9408981204032898,0.9223625659942627,0.5788019895553589,0.9082183837890625,0.9353728890419006,0.7942944765090942,5.126535654067993,0.5178359746932983,0.8779411911964417
160,0.49520143866539,0.8860294222831726,0.8474969863891602,0.7429493069648743,0.7742054462432861,0.8988546133041382,0.96506267786026,0.9591177701950073,0.9610497355461121,0.9602618217468262,0.9646939635276794,0.4643319249153137,0.9572404623031616,0.49741601943969727,0.49741697311401367,0.7424381971359253,0.7698485851287842,0.9611265063285828,0.9913156032562256,0.9658585786819458,0.29979750514030457,0.47393983602523804,0.49784764647483826,0.5,0.9445183277130127,0.4999047517776489,0.9342691898345947,0.9791350364685059,0.8976086378097534,0.9740098714828491,0.977881133556366,0.9899409413337708,0.968298077583313,0.39257344603538513,0.5,0.9631003141403198,0.5,0.8976848125457764,0.9163572192192078,0.7953363060951233,0.7723372578620911,0.9452155828475952,0.9246842861175537,0.5329150557518005,0.9110966324806213,0.93967604637146,0.7906601428985596,5.157519578933716,0.5404938459396362,0.8860294222831726

161,0.4944916367530823,0.8939338326454163,0.8491151332855225,0.7399815320968628,0.7659200429916382,0.8766402006149292,0.9684675931930542,0.960871160030365,0.9646809101104736,0.9602471590042114,0.9673051834106445,0.4677300453186035,0.9590178728103638,0.49787744879722595,0.49787822365760803,0.7445080280303955,0.7658239603042603,0.9632705450057983,0.9928927421569824,0.9684259295463562,0.3001841604709625,0.4715568721294403,0.4976578652858734,0.49990516901016235,0.9447298049926758,0.4999048411846161,0.9991434812545776,0.9796555638313293,0.8940830230712891,0.9756329655647278,0.9798027276992798,0.9893028736114502,0.9698594808578491,0.38687950372695923,0.5,0.9652906656265259,0.4999076724052429,0.8968773484230042,0.9162026643753052,0.793161153793335,0.7674353718757629,0.9434313774108887,0.9225692749023438,0.543765127658844,0.9071773290634155,0.934471845626831,0.7990166544914246,5.198433876037598,0.5694891214370728,0.8939338326454163
162,0.4818304181098938,0.8979779481887817,0.8454300165176392,0.7423459887504578,0.7715969681739807,0.8034330010414124,0.9659782648086548,0.9575115442276001,0.9629082679748535,0.9601181745529175,0.9651548862457275,0.46590909361839294,0.9564856290817261,0.4982469081878662,0.49833887815475464,0.7429811954498291,0.7724926471710205,0.9603174924850464,0.9918863773345947,0.9635639190673828,0.30421575903892517,0.4742441177368164,0.4982219636440277,0.499904602766037,0.9455341696739197,0.5,0.976478099822998,0.9824378490447998,0.8983453512191772,0.9731162786483765,0.9778710603713989,0.9889318943023682,0.9680496454238892,0.3924284279346466,0.5,0.9634056091308594,0.49990779161453247,0.8993263244628906,0.9222634434700012,0.801224946975708,0.7688301801681519,0.946262538433075,0.923475980758667,0.5975509881973267,0.911131739616394,0.9380801916122437,0.804566502571106,5.2017662525177,0.5657693147659302,0.8979779481887817
163,0.4946548342704773,0.8917279243469238,0.8453488349914551,0.7385439872741699,0.7713943123817444,0.780236005783081,0.966974139213562,0.9566420316696167,0.9623755216598511,0.9566100835800171,0.9663470387458801,0.4660641849040985,0.9532201290130615,0.4981546401977539,0.49824851751327515,0.7385566830635071,0.7769273519515991,0.9582641124725342,0.9927148818969727,0.9627363681793213,0.3002394437789917,0.47041255235671997,0.4991588890552521,0.4999048709869385,0.9430140256881714,0.5,0.9741084575653076,0.9802008271217346,0.8912547826766968,0.9741199016571045,0.9777082204818726,0.9911537170410156,0.9677598476409912,0.3858645558357239,0.5,0.9631754159927368,0.5,0.8911545276641846,0.9149628281593323,0.7968460321426392,0.7727779746055603,0.94140625,0.9226034879684448,0.606792688369751,0.9087604880332947,0.9345437288284302,0.792469322681427,5.34795069694519,0.5653775334358215,0.8917279243469238
164,0.47679901123046875,0.8983455896377563,0.8510794639587402,0.7414364814758301,0.7718715667724609,0.7958863973617554,0.967613935470581,0.9598560333251953,0.9638576507568359,0.9537412524223328,0.9668757915496826,0.46655580401420593,0.9574193954467773,0.49797123670578003,0.49797123670578003,0.7395756244659424,0.7788532376289368,0.9604608416557312,0.9915097951889038,0.9660922288894653,0.29642921686172485,0.4717545807361603,0.498041033744812,0.5,0.9444234371185303,0.5,0.9932084083557129,0.9794050455093384,0.894060492515564,0.973193883895874,0.9780125617980957,0.9912441968917847,0.9681127071380615,0.387317419052124,0.5,0.9643784761428833,0.5,0.8943241238594055,0.9176721572875977,0.7953912019729614,0.7706396579742432,0.942790687084198,0.9237130880355835,0.6019687652587891,0.9086771011352539,0.9371746778488159,0.7926578521728516,5.192063331604004,0.5626835823059082,0.8983455896377563
165,0.49880483746528625,0.8852941393852234,0.8491984605789185,0.7455266714096069,0.7717792987823486,0.812396228313446,0.9676497578620911,0.9595093131065369,0.9642989039421082,0.9552830457687378,0.968212902545929,0.4672931730747223,0.958033561706543,0.4979678690433502,0.4979686141014099,0.7400848865509033,0.7794498205184937,0.9626617431640625,0.9929863214492798,0.9668763875961304,0.29985255002975464,0.47191640734672546,0.4986891448497772,0.4999053478240967,0.9474633932113647,0.5,0.9741950631141663,0.9818702340126038,0.8988998532295227,0.9758568406105042,0.9809037446975708,0.9933505654335022,0.9695764780044556,0.38684988021850586,0.5,0.9641470909118652,0.5,0.8988627791404724,0.9206364154815674,0.794226884841919,0.774730384349823,0.9441444873809814,0.9234694242477417,0.6049526929855347,0.9101656675338745,0.93668532371521,0.7976492047309875,5.220688343048096,0.5543767809867859,0.8852941393852234
166,0.48623859882354736,0.8886029124259949,0.8469840288162231,0.7440487146377563,0.7709177732467651,0.8109181523323059,0.9677925109863281,0.9608078002929688,0.9647731781005859,0.9580180644989014,0.9670724868774414,0.46787890791893005,0.9584487676620483,0.49880051612854004,0.4988000690937042,0.7406313419342041,0.7764977216720581,0.9624032378196716,0.9915238618850708,0.965894341468811,0.29784491658210754,0.471931129693985,0.49916043877601624,0.4999050498008728,0.9415299892425537,0.5,0.9001103043556213,0.9804702401161194,0.8941154479980469,0.9727497100830078,0.9780418276786804,0.9906740188598633,0.9693006873130798,0.38550883531570435,0.5,0.9648603796958923,0.5,0.8933321237564087,0.9150083661079407,0.8003530502319336,0.7716805934906006,0.9415861368179321,0.9248791337013245,0.5581076145172119,0.9067859649658203,0.9353520274162292,0.796108067035675,5.163158416748047,0.5505213737487793,0.8886029124259949
167,0.4628227651119232,0.8897058963775635,0.8464987874031067,0.7447906732559204,0.7729285955429077,0.7411786317825317,0.9677806496620178,0.9602178335189819,0.9639631509780884,0.9567742347717285,0.9666051864624023,0.46771812438964844,0.957525372505188,0.49787744879722595,0.4979693591594696,0.7412838935852051,0.7784950137138367,0.9621491432189941,0.9934477806091309,0.9652842283248901,0.29889604449272156,0.4700430631637573,0.49813154339790344,0.49990493059158325,0.9420441389083862,0.5,0.9242959022521973,0.9802254438400269,0.8944666385650635,0.9748003482818604,0.9798066020011902,0.9882027506828308,0.9682642221450806,0.3954109847545624,0.5,0.9663212299346924,0.5,0.8945049047470093,0.9171162843704224,0.7982178926467896,0.7735042572021484,0.9438244104385376,0.9261120557785034,0.5354217886924744,0.9066444039344788,0.9380350112915039,0.8006813526153564,5.145016431808472,0.543279230594635,0.8897058963775635
168,0.46556413173675537,0.8893382549285889,0.8460050821304321,0.7429388761520386,0.7743688821792603,0.7394314408302307,0.9663345813751221,0.9585946202278137,0.9632393717765808,0.9513118863105774,0.9644571542739868,0.4675096869468689,0.9583871364593506,0.4984291195869446,0.4984317421913147,0.7423431873321533,0.7777982950210571,0.962070882320404,0.9917020201683044,0.9655044078826904,0.300478994846344,0.4661365747451782,0.49840912222862244,0.49990466237068176,0.9439598321914673,0.5,0.9994289875030518,0.9796655178070068,0.9022856950759888,0.9743760824203491,0.9798517227172852,0.9864190816879272,0.9694331288337708,0.3992626667022705,0.5,0.9642791152000427,0.5,0.8992341756820679,0.920925498008728,0.800594687461853,0.7725752592086792,0.9480446577072144,0.9257196187973022,0.5321189761161804,0.9128661155700684,0.9406290650367737,0.8027453422546387,5.268798112869263,0.5333003997802734,0.8893382549285889
169,0.4846503436565399,0.8852941393852234,0.8477535247802734,0.7416974306106567,0.7753368616104126,0.7402285933494568,0.9660642147064209,0.9575489163398743,0.9628366231918335,0.9507094025611877,0.9632054567337036,0.46613141894340515,0.9562811255455017,0.4977843463420868,0.4977884292602539,0.745116114616394,0.7743812203407288,0.960324764251709,0.9916912913322449,0.9641733169555664,0.2997051775455475,0.46834734082221985,0.49691012501716614,0.5,0.9433068037033081,0.4999048411846161,0.9989489912986755,0.9783310890197754,0.8983131051063538,0.9749714136123657,0.9792259931564331,0.989202618598938,0.9684025049209595,0.39951977133750916,0.5,0.9637492895126343,0.5,0.8983907103538513,0.9213315844535828,0.7998517751693726,0.7704613208770752,0.9460011124610901,0.9269558787345886,0.623591959476471,0.9153789281845093,0.9397097229957581,0.8018863201141357,5.115564823150635,0.5292304158210754,0.8852941393852234
170,0.471916139125824,0.8882352709770203,0.8477342128753662,0.7363317012786865,0.7682791948318481,0.7353809475898743,0.9680811762809753,0.9595242738723755,0.9654790163040161,0.9480627179145813,0.9662361741065979,0.4677627980709076,0.959796667098999,0.4978801906108856,0.4978801906108856,0.7426171898841858,0.7704645991325378,0.9615455865859985,0.9938157796859741,0.9688658118247986,0.2933320999145508,0.46718400716781616,0.4975687265396118,0.49990472197532654,0.9434552192687988,0.5,0.996781587600708,0.9797950983047485,0.8988603949546814,0.9748003482818604,0.9809849858283997,0.9870967864990234,0.9691838026046753,0.3959447145462036,0.5,0.9651892781257629,0.49990758299827576,0.8970643281936646,0.9229696989059448,0.794325590133667,0.7678107619285583,0.9468283653259277,0.9235892295837402,0.6234902143478394,0.9096912145614624,0.9359925985336304,0.7969107031822205,5.235308885574341,0.5391247868537903,0.8882352709770203

171,0.4780322015285492,0.8847426176071167,0.8475162386894226,0.7397968769073486,0.770494818687439,0.7390180826187134,0.9686693549156189,0.9621771574020386,0.9660704135894775,0.9524073004722595,0.9677062034606934,0.4701107144355774,0.9590708017349243,0.49833887815475464,0.4984317421913147,0.7403029203414917,0.7771317958831787,0.9633314609527588,0.9925317764282227,0.9671101570129395,0.2948647141456604,0.46850985288619995,0.4972917437553406,0.5,0.9444549679756165,0.49981027841567993,0.929243803024292,0.9826145172119141,0.9017003774642944,0.9716660380363464,0.9803642630577087,0.9887516498565674,0.9697725772857666,0.39828476309776306,0.5,0.9676432609558105,0.4997239112854004,0.8952924013137817,0.9227399826049805,0.795632004737854,0.7715669870376587,0.9440722465515137,0.9272152185440063,0.5943173766136169,0.9085851907730103,0.9365595579147339,0.791570782661438,5.167303562164307,0.5276645421981812,0.8847426176071167
172,0.4529288411140442,0.8952205777168274,0.8517805337905884,0.7425806522369385,0.7740775346755981,0.7410582304000854,0.9673612117767334,0.95867919921875,0.9639232158660889,0.9517916440963745,0.9650562405586243,0.4670724868774414,0.9574565887451172,0.49815496802330017,0.49815496802330017,0.7449676990509033,0.7725009322166443,0.961552619934082,0.9909610748291016,0.9650602340698242,0.30359116196632385,0.4639184772968292,0.49822065234184265,0.5,0.9440745711326599,0.4999053478240967,0.9933683276176453,0.9816783666610718,0.905940592288971,0.9731447696685791,0.9780952334403992,0.9880996346473694,0.9691323637962341,0.4071955680847168,0.5,0.963921308517456,0.4999079406261444,0.9037203192710876,0.9245773553848267,0.8041055202484131,0.7685151100158691,0.9500929117202759,0.9328441619873047,0.6456394791603088,0.9167285561561584,0.9431354403495789,0.8033076524734497,5.194127559661865,0.5429720282554626,0.8952205777168274
173,0.47615984082221985,0.8805146813392639,0.8475697040557861,0.7408671379089355,0.775161623954773,0.7379546165466309,0.9643186330795288,0.9545118808746338,0.9605384469032288,0.9470914006233215,0.9635676145553589,0.46763187646865845,0.9538915157318115,0.49741649627685547,0.49732521176338196,0.7384558916091919,0.7768762707710266,0.9583716988563538,0.991779088973999,0.9647233486175537,0.30274301767349243,0.4646521210670471,0.49756598472595215,0.49990490078926086,0.9430017471313477,0.49990496039390564,0.9848538637161255,0.9816253185272217,0.8999239206314087,0.9736592769622803,0.9761408567428589,0.9882819652557373,0.9669513702392578,0.40119925141334534,0.5,0.9604995250701904,0.4999076724052429,0.8974910974502563,0.9203194379806519,0.8041342496871948,0.7706396579742432,0.9475746154785156,0.930072546005249,0.6709648370742798,0.9137834906578064,0.9406133890151978,0.7920371294021606,5.420352935791016,0.5173721313476562,0.8805146813392639
174,0.46528756618499756,0.8871323466300964,0.8496623039245605,0.7408738732337952,0.7722909450531006,0.7388775944709778,0.9676704406738281,0.9555350542068481,0.963212251663208,0.9475821256637573,0.9666174650192261,0.46911874413490295,0.9557359218597412,0.497970849275589,0.497970849275589,0.738407552242279,0.7713257074356079,0.9616589546203613,0.991511344909668,0.9628841280937195,0.3004603981971741,0.46128007769584656,0.497852087020874,0.49990493059158325,0.938847541809082,0.4999050796031952,0.9142992496490479,0.9777227640151978,0.9011030793190002,0.9731665253639221,0.9794168472290039,0.9869781732559204,0.9682877063751221,0.40291351079940796,0.5,0.9639280438423157,0.5,0.8986321687698364,0.9203342199325562,0.8059216737747192,0.769080400466919,0.9504462480545044,0.9305864572525024,0.6762523055076599,0.9142379760742188,0.9427325129508972,0.8021410703659058,5.161280870437622,0.5221269726753235,0.8871323466300964
175,0.46398448944091797,0.8904411792755127,0.8413816690444946,0.7477411031723022,0.7763133645057678,0.7433080673217773,0.9668635725975037,0.957066535949707,0.9633111953735352,0.9462177157402039,0.9653392434120178,0.4692804515361786,0.95774906873703,0.49824851751327515,0.49833980202674866,0.7429336905479431,0.7753182053565979,0.9631268382072449,0.9905955791473389,0.9640140533447266,0.30465587973594666,0.46230122447013855,0.4978468418121338,0.4998093843460083,0.9414559602737427,0.5,0.8458685874938965,0.9789693355560303,0.9048663973808289,0.9729421138763428,0.976669192314148,0.9876178503036499,0.9690683484077454,0.401421457529068,0.5,0.9633265733718872,0.4999076724052429,0.8991219997406006,0.9225692749023438,0.8065686225891113,0.7727272510528564,0.9486466646194458,0.9315857887268066,0.6278024315834045,0.9181699752807617,0.9419037103652954,0.7969433069229126,5.274223327636719,0.5341756343841553,0.8904411792755127
176,0.467888742685318,0.893198549747467,0.8435726165771484,0.7462232708930969,0.7759225368499756,0.7401328086853027,0.9685017466545105,0.957994818687439,0.9627649784088135,0.9464021921157837,0.9668941497802734,0.47031164169311523,0.9554610848426819,0.49824658036231995,0.4982488453388214,0.7399041056632996,0.7723239064216614,0.9613611102104187,0.9929915070533752,0.9637962579727173,0.30224844813346863,0.46289026737213135,0.49841031432151794,0.4998098611831665,0.9440419673919678,0.5,0.8183480501174927,0.979889452457428,0.9023995399475098,0.9728778004646301,0.9792262315750122,0.9860804080963135,0.9683802127838135,0.3994469940662384,0.5,0.9637560248374939,0.49981555342674255,0.8971465826034546,0.9246142506599426,0.8041217923164368,0.7716118097305298,0.9467136859893799,0.9289170503616333,0.6317808628082275,0.9159538745880127,0.9385230541229248,0.8013061881065369,5.123295068740845,0.5576483011245728,0.893198549747467
177,0.4560316503047943,0.8983455896377563,0.8464689254760742,0.7456188797950745,0.7707294225692749,0.7376036643981934,0.9665005207061768,0.9579715728759766,0.9642593264579773,0.9458487033843994,0.9663408398628235,0.46806350350379944,0.9574487805366516,0.49815633893013,0.49815431237220764,0.7380996346473694,0.766875684261322,0.9630142450332642,0.9916051626205444,0.9667284488677979,0.29683181643486023,0.45904088020324707,0.4980370104312897,0.49990490078926086,0.9437073469161987,0.4999051094055176,0.9738109111785889,0.9807692170143127,0.9039962291717529,0.9744539260864258,0.9778895378112793,0.9851366281509399,0.9684376120567322,0.3959719240665436,0.5,0.9640274047851562,0.5,0.899457573890686,0.9241860508918762,0.799090564250946,0.7681119441986084,0.9482886791229248,0.9286246299743652,0.5671964883804321,0.9148856997489929,0.9416527152061462,0.7972396612167358,5.259978532791138,0.5708136558532715,0.8983455896377563
178,0.4444431662559509,0.9029411673545837,0.8498503565788269,0.7507836818695068,0.7745115756988525,0.7430786490440369,0.9687731266021729,0.9566420316696167,0.9659594297409058,0.9448549747467041,0.9685192108154297,0.4698506295681,0.9563894271850586,0.4982452988624573,0.49824756383895874,0.7455735802650452,0.7714865207672119,0.9642066359519958,0.9921615719795227,0.9647015333175659,0.30276498198509216,0.4600224196910858,0.4977591037750244,0.5,0.9440220594406128,0.5,0.9947003722190857,0.9805972576141357,0.9078797101974487,0.9744442701339722,0.9790362119674683,0.9844989776611328,0.9702667593955994,0.39405685663223267,0.5,0.9655491709709167,0.5,0.9019644260406494,0.9256229400634766,0.8062267303466797,0.7716886401176453,0.950789213180542,0.9298310875892639,0.5693716406822205,0.9170536994934082,0.9440312385559082,0.8054893016815186,5.182040452957153,0.5778889656066895,0.9029411673545837

179,0.4720243513584137,0.8990808725357056,0.8471848964691162,0.7425669431686401,0.7727943658828735,0.7391103506088257,0.9658356308937073,0.9548892974853516,0.9628740549087524,0.9406826496124268,0.9656319618225098,0.4702304005622864,0.9544448852539062,0.4981529414653778,0.49824950098991394,0.743091344833374,0.7711520791053772,0.9594943523406982,0.9928070902824402,0.9643650054931641,0.29667094349861145,0.45711082220077515,0.49690142273902893,0.49990490078926086,0.9461464881896973,0.5,0.9877035021781921,0.9802819490432739,0.9074214696884155,0.97646164894104,0.9785619378089905,0.983136773109436,0.9670064449310303,0.39249491691589355,0.5,0.9632747173309326,0.5,0.9008975028991699,0.9264952540397644,0.8017257452011108,0.7713966369628906,0.9488996267318726,0.9297967553138733,0.6704267263412476,0.9165736436843872,0.9392393231391907,0.8033983707427979,5.228816986083984,0.56620854139328,0.8990808725357056
180,0.4699101746082306,0.8867647051811218,0.8397699594497681,0.7474616765975952,0.776342511177063,0.7441860437393188,0.9679889678955078,0.9591177701950073,0.9647536277770996,0.9425806403160095,0.9660578966140747,0.47144436836242676,0.9593098163604736,0.4978770613670349,0.497964471578598,0.7535483837127686,0.7800737619400024,0.963607907295227,0.9910500049591064,0.967282772064209,0.30095747113227844,0.460048645734787,0.49793699383735657,0.5,0.947888970375061,0.5,0.8259446620941162,0.9819759726524353,0.9086593389511108,0.975165843963623,0.9782443046569824,0.9871795177459717,0.9692535400390625,0.39393940567970276,0.5,0.9666728973388672,0.5,0.8982639312744141,0.92657470703125,0.8052358031272888,0.7766945362091064,0.945425808429718,0.927812933921814,0.7320267558097839,0.9156278967857361,0.9393010139465332,0.8084255456924438,5.249542474746704,0.5443490147590637,0.8867647051811218

181,0.4568761885166168,0.9009191393852234,0.8435020446777344,0.7484769821166992,0.7785977721214294,0.745758056640625,0.9696494340896606,0.9590330123901367,0.965142011642456,0.9453673362731934,0.9672690629959106,0.4744229018688202,0.958033561706543,0.49704524874687195,0.4971412718296051,0.756734311580658,0.7743158340454102,0.9634168744087219,0.9938088655471802,0.9682877063751221,0.3039919137954712,0.4582008719444275,0.49728208780288696,0.5,0.9424947500228882,0.5,0.7921521663665771,0.979186475276947,0.910070538520813,0.9720213413238525,0.9793893098831177,0.9894068241119385,0.9692820310592651,0.39811912178993225,0.5,0.9648147821426392,0.5,0.9012726545333862,0.9255398511886597,0.8064995408058167,0.775772213935852,0.950732946395874,0.9358378648757935,0.7361472845077515,0.9226698875427246,0.9440832138061523,0.8022220134735107,5.196128845214844,0.5758711099624634,0.9009191393852234
182,0.4554884135723114,0.8939338326454163,0.8424803018569946,0.7385168671607971,0.7734735012054443,0.7366722226142883,0.9654854536056519,0.9526093006134033,0.9604509472846985,0.9439424276351929,0.9644637107849121,0.46790260076522827,0.9537156820297241,0.49751150608062744,0.4975106120109558,0.7445983290672302,0.7579452991485596,0.959426999092102,0.9927964210510254,0.9638285636901855,0.2998341917991638,0.45954781770706177,0.49804434180259705,0.5,0.9439047574996948,0.4999046325683594,0.7619045972824097,0.9773244857788086,0.9105852842330933,0.9736993312835693,0.9786405563354492,0.9900424480438232,0.966567873954773,0.3943389356136322,0.5,0.9624143838882446,0.5,0.9010825157165527,0.9248378276824951,0.8031686544418335,0.768916130065918,0.9486346244812012,0.9313998818397522,0.7242339849472046,0.921072244644165,0.942108154296875,0.7982833385467529,5.2407546043396,0.5591288805007935,0.8939338326454163
183,0.45041051506996155,0.8974264860153198,0.8495254516601562,0.7469078898429871,0.7789968252182007,0.7451612949371338,0.9688192009925842,0.956734299659729,0.9629424810409546,0.9471597075462341,0.9661626815795898,0.47352397441864014,0.9574193954467773,0.49861496686935425,0.49870991706848145,0.749261736869812,0.7651402950286865,0.9608639478683472,0.9921673536300659,0.9627915620803833,0.30488479137420654,0.45637959241867065,0.49785327911376953,0.499904990196228,0.9400759935379028,0.5,0.917084813117981,0.9805207252502441,0.9106835126876831,0.9716891646385193,0.9783685803413391,0.9915176033973694,0.9698962569236755,0.3965485394001007,0.5,0.966938316822052,0.4999076724052429,0.899420440196991,0.9237855672836304,0.8082140684127808,0.7763500809669495,0.9514932632446289,0.9340342283248901,0.7327746748924255,0.9195135831832886,0.9456764459609985,0.7923521995544434,5.235461950302124,0.5585089921951294,0.8974264860153198
184,0.436638206243515,0.9042279124259949,0.8480826616287231,0.7478781938552856,0.7794767618179321,0.7459439635276794,0.9675216674804688,0.9570348262786865,0.9628366231918335,0.9513453841209412,0.9662361741065979,0.47176599502563477,0.9577335119247437,0.49787625670433044,0.4978770613670349,0.7485239505767822,0.7621816396713257,0.9587410092353821,0.9935388565063477,0.9661535620689392,0.30029502511024475,0.4562861919403076,0.49747994542121887,0.5,0.9411039352416992,0.5,0.9171324968338013,0.981121301651001,0.9126954078674316,0.9724013805389404,0.9795821905136108,0.99005526304245,0.9678135514259338,0.396275132894516,0.5,0.9650064706802368,0.5,0.9008249044418335,0.9270949363708496,0.8058648705482483,0.7721695899963379,0.9523013830184937,0.9350733757019043,0.7322922348976135,0.9215121269226074,0.9449712038040161,0.805322527885437,5.109082937240601,0.567592203617096,0.9042279124259949
185,0.45496633648872375,0.9014706015586853,0.8430168628692627,0.7439992427825928,0.7748985290527344,0.7414301633834839,0.9683520793914795,0.9586639404296875,0.9649446606636047,0.9509587287902832,0.9680811762809753,0.47175559401512146,0.9587410092353821,0.49843260645866394,0.49843260645866394,0.7441452741622925,0.7616064548492432,0.9610987901687622,0.9923502206802368,0.9652327299118042,0.2955968976020813,0.4537901282310486,0.49812909960746765,0.5,0.9410144090652466,0.5,0.8069663643836975,0.9786810874938965,0.9081555008888245,0.9715703129768372,0.9791428446769714,0.9911455512046814,0.9693574905395508,0.39271217584609985,0.5,0.9664939045906067,0.5,0.8986524343490601,0.9227197170257568,0.8035348653793335,0.7743165493011475,0.9498051404953003,0.9310536980628967,0.6186028122901917,0.9173961877822876,0.9426122903823853,0.7935662269592285,5.179555892944336,0.5681895613670349,0.9014706015586853
186,0.4519611597061157,0.8954043984413147,0.8443270921707153,0.7379456758499146,0.7724087238311768,0.7362647652626038,0.9646548628807068,0.954176664352417,0.9601549506187439,0.9474169611930847,0.964022159576416,0.46734920144081116,0.9524381160736084,0.4978770613670349,0.4978789985179901,0.740641713142395,0.7552602291107178,0.9568551778793335,0.9923403263092041,0.9613244533538818,0.2915438413619995,0.46007463335990906,0.4983174502849579,0.4999048113822937,0.9471244812011719,0.4999050199985504,0.8445379137992859,0.9833207130432129,0.9122573137283325,0.97560054063797,0.9766159653663635,0.9906758069992065,0.9667716026306152,0.39815837144851685,0.5,0.9631998538970947,0.5,0.902518630027771,0.9317675828933716,0.8007986545562744,0.7638914585113525,0.9505382776260376,0.9317127466201782,0.6420521140098572,0.9193907976150513,0.9432029724121094,0.7898093461990356,5.211010456085205,0.5582772493362427,0.8954043984413147
187,0.42910295724868774,0.9045956134796143,0.8447225093841553,0.7375553250312805,0.7705643773078918,0.7384289503097534,0.9692974090576172,0.9591798782348633,0.964957594871521,0.9505434036254883,0.9679948091506958,0.4725193679332733,0.9569315910339355,0.49870967864990234,0.49870991706848145,0.7420605421066284,0.7568290829658508,0.9600627422332764,0.9941035509109497,0.9656226634979248,0.291153222322464,0.45468953251838684,0.4978468418121338,0.4998096227645874,0.9434195756912231,0.4999051094055176,0.7491461038589478,0.9787335395812988,0.9129939079284668,0.9738749265670776,0.9808276295661926,0.990311861038208,0.9704415202140808,0.39922410249710083,0.5,0.968339204788208,0.5,0.9008958339691162,0.927362322807312,0.7988110780715942,0.7665553689002991,0.9516189098358154,0.932012677192688,0.7073585987091064,0.9200111627578735,0.9426259994506836,0.805317759513855,5.198836803436279,0.5629352927207947,0.9045956134796143
188,0.4277300536632538,0.9071691036224365,0.8450880646705627,0.7433105707168579,0.7742292881011963,0.741471529006958,0.9671889543533325,0.9537396430969238,0.9633898735046387,0.9548053741455078,0.9668141603469849,0.4709463119506836,0.9545621871948242,0.4979715943336487,0.4979719817638397,0.7470523118972778,0.7592251300811768,0.9592175483703613,0.9921557903289795,0.9647756814956665,0.29606109857559204,0.45854341983795166,0.49738171696662903,0.5,0.9449080228805542,0.4998103082180023,0.7529072761535645,0.979619026184082,0.9143698811531067,0.9757512807846069,0.9777335524559021,0.9886552095413208,0.968877375125885,0.39609071612358093,0.5,0.9654693603515625,0.5,0.9051756262779236,0.9313544034957886,0.8028103113174438,0.7702627182006836,0.9535661339759827,0.9331536293029785,0.6989210844039917,0.9194655418395996,0.9426716566085815,0.8055558800697327,5.338226795196533,0.5774534940719604,0.9071691036224365
189,0.4244536757469177,0.9051470756530762,0.8459815382957458,0.7463058829307556,0.774327278137207,0.7450294494628906,0.9702897071838379,0.9560287594795227,0.96636563539505,0.9545454978942871,0.9689286351203918,0.47380557656288147,0.95774906873703,0.49815601110458374,0.4981536269187927,0.7520737648010254,0.7629199028015137,0.9617940187454224,0.9924354553222656,0.9660437107086182,0.29720279574394226,0.4567253589630127,0.4974723756313324,0.5,0.9454822540283203,0.49990513920783997,0.8207628726959229,0.9808242321014404,0.9154313802719116,0.9740937948226929,0.9803007245063782,0.9884665012359619,0.9712963104248047,0.39760148525238037,0.5,0.9672025442123413,0.5,0.9021109342575073,0.9311243295669556,0.801058292388916,0.7717714905738831,0.9508166313171387,0.9319235682487488,0.7315486073493958,0.9199925661087036,0.9433382749557495,0.8123059272766113,5.1330530643463135,0.5725150108337402,0.9051470756530762
190,0.42745575308799744,0.8988970518112183,0.8456566333770752,0.7437361478805542,0.7743305563926697,0.7422984838485718,0.9680066108703613,0.954537034034729,0.9650046229362488,0.9519017934799194,0.9679144620895386,0.4733787775039673,0.9542350769042969,0.49788057804107666,0.49787941575050354,0.7514296174049377,0.7562754154205322,0.959140419960022,0.9924312233924866,0.9640414118766785,0.2996499538421631,0.4572337567806244,0.4975646436214447,0.5,0.9434428215026855,0.49990519881248474,0.8452799320220947,0.9811393022537231,0.9126666784286499,0.9736343026161194,0.9800645112991333,0.98634934425354,0.9695257544517517,0.39728933572769165,0.5,0.9669444561004639,0.5,0.9007105827331543,0.9288636445999146,0.8045008182525635,0.7698605060577393,0.9527705907821655,0.9328497052192688,0.7292981743812561,0.9204313158988953,0.9429898262023926,0.8034353256225586,5.154756546020508,0.5578716993331909,0.8988970518112183

191,0.4298637807369232,0.8992646932601929,0.8458468914031982,0.739992618560791,0.7710832357406616,0.7384331822395325,0.9676437973976135,0.9557113647460938,0.9636397361755371,0.9447314739227295,0.9668941497802734,0.47112011909484863,0.9557766914367676,0.49741601943969727,0.4974184036254883,0.7467724084854126,0.75553297996521,0.9602105021476746,0.9899297952651978,0.9648147821426392,0.2956177592277527,0.46073299646377563,0.4985983967781067,0.5,0.9477527141571045,0.4999050796031952,0.9038009643554688,0.9826309680938721,0.9180327653884888,0.9740333557128906,0.9794352054595947,0.9858959913253784,0.9698795080184937,0.40055298805236816,0.5,0.9676252603530884,0.49972325563430786,0.902677059173584,0.930797815322876,0.8026438355445862,0.7702076435089111,0.9498047828674316,0.9328995943069458,0.7256653308868408,0.9235348701477051,0.9428545236587524,0.7970383763313293,5.292106628417969,0.5487604737281799,0.8992646932601929
192,0.4352013170719147,0.9042279124259949,0.8492262363433838,0.7466347217559814,0.7731379270553589,0.7462190985679626,0.9713417291641235,0.9590632915496826,0.9660032987594604,0.9501382112503052,0.9713311195373535,0.47489848732948303,0.9617581963539124,0.4979701042175293,0.49797123670578003,0.7484764456748962,0.7620232105255127,0.9647276401519775,0.9912329316139221,0.9671964645385742,0.2961325943470001,0.4538145065307617,0.4971994161605835,0.5,0.9397406578063965,0.5,0.8412497639656067,0.9777185320854187,0.9134120941162109,0.9737895727157593,0.9828436374664307,0.9891083240509033,0.9728804230690002,0.39501383900642395,0.5,0.9696633815765381,0.5,0.9003182649612427,0.9287180304527283,0.8024725914001465,0.7735042572021484,0.9522618055343628,0.933928906917572,0.7314126491546631,0.9197508096694946,0.9436907768249512,0.800971269607544,5.547898054122925,0.5696457624435425,0.9042279124259949
193,0.4465113878250122,0.8998161554336548,0.8457164764404297,0.7451052665710449,0.7745803594589233,0.744231104850769,0.9692052602767944,0.9535398483276367,0.9631714820861816,0.9465373754501343,0.9681264162063599,0.47121238708496094,0.9571955800056458,0.4986169934272766,0.49861598014831543,0.7433031797409058,0.7602323293685913,0.9591780304908752,0.9901382923126221,0.9651594161987305,0.30005526542663574,0.4636175334453583,0.49793967604637146,0.5,0.9459433555603027,0.5,0.7708266377449036,0.9823169708251953,0.9208024740219116,0.9754735231399536,0.9790714979171753,0.9855246543884277,0.9703648686408997,0.43833795189857483,0.5,0.9679510593414307,0.5,0.9092186689376831,0.9313380718231201,0.8074568510055542,0.7688521146774292,0.9554252624511719,0.9400780200958252,0.7321329116821289,0.9246842861175537,0.9499163627624512,0.8043392896652222,5.204373836517334,0.5663731694221497,0.8998161554336548
194,0.4335341453552246,0.913786768913269,0.8422195911407471,0.7502769231796265,0.782015860080719,0.7480641603469849,0.9673130512237549,0.9532374143600464,0.9616801738739014,0.9431126713752747,0.9639889001846313,0.46992063522338867,0.9551411867141724,0.4972304403781891,0.49723196029663086,0.7475119829177856,0.7752074003219604,0.9582718014717102,0.9900184869766235,0.9623148441314697,0.30475226044654846,0.5520910024642944,0.49728313088417053,0.5,0.9433282613754272,0.5,0.806692361831665,0.9787092208862305,0.9169038534164429,0.9757373929023743,0.9789643883705139,0.9858038425445557,0.9676105976104736,0.45098158717155457,0.5,0.9657889604568481,0.5,0.9041955471038818,0.9291689991950989,0.8125,0.7782325744628906,0.9522038698196411,0.9362590312957764,0.7360543012619019,0.9232985973358154,0.9454883337020874,0.811907172203064,5.2192487716674805,0.5973143577575684,0.913786768913269

195,0.43991196155548096,0.9033088088035583,0.8470075130462646,0.7386279702186584,0.7749308347702026,0.7381479740142822,0.9639756083488464,0.9502120614051819,0.9586868286132812,0.9446902275085449,0.96026611328125,0.468179315328598,0.9494278430938721,0.49834224581718445,0.4983391761779785,0.7381392121315002,0.7573909759521484,0.9541851282119751,0.987647533416748,0.959614634513855,0.2965930104255676,0.5680384635925293,0.49785128235816956,0.5,0.9442548751831055,0.5,0.7798721790313721,0.9778221845626831,0.9132575988769531,0.9773682355880737,0.9762943387031555,0.9858777523040771,0.9656163454055786,0.6145521402359009,0.5,0.962509274482727,0.4999077618122101,0.9013268947601318,0.9312813878059387,0.8084155321121216,0.7646127939224243,0.9506780505180359,0.9342374205589294,0.725301206111908,0.9209548234939575,0.9428969621658325,0.8020862936973572,5.114363431930542,0.5851539969444275,0.9033088088035583
196,0.4169362783432007,0.903676450252533,0.8476166725158691,0.737726092338562,0.7709677219390869,0.7382401823997498,0.9688076972961426,0.9568631052970886,0.9644305109977722,0.9488102197647095,0.965180516242981,0.47399961948394775,0.9563733339309692,0.4982452988624573,0.4982459247112274,0.7378273606300354,0.7547482848167419,0.9616236090660095,0.9926213026046753,0.9653254151344299,0.2911369204521179,0.5742367506027222,0.4977553188800812,0.4998100697994232,0.9461464881896973,0.4999051094055176,0.8224445581436157,0.9820144176483154,0.9202167987823486,0.9746019840240479,0.9791983366012573,0.9886573553085327,0.9697502255439758,0.7718379497528076,0.5,0.9679747819900513,0.5,0.9045658707618713,0.9336620569229126,0.7982521057128906,0.7638218998908997,0.953455924987793,0.9345647096633911,0.7272811532020569,0.9218895435333252,0.9446094036102295,0.7919940948486328,5.173763275146484,0.5737949013710022,0.903676450252533
197,0.42281848192214966,0.9051470756530762,0.8469220399856567,0.7516140937805176,0.7863729000091553,0.7511533498764038,0.9653072357177734,0.9517761468887329,0.9618222117424011,0.9470381736755371,0.9635070562362671,0.46913695335388184,0.9534218907356262,0.4976041316986084,0.4975988268852234,0.7519815564155579,0.766691267490387,0.95716392993927,0.9892870187759399,0.9616097807884216,0.3055964708328247,0.5823687314987183,0.49775198101997375,0.5,0.9447508454322815,0.5,0.8142036199569702,0.9805207252502441,0.9225071668624878,0.9752042293548584,0.976127028465271,0.9852398633956909,0.9666234254837036,0.8394262790679932,0.5,0.963948130607605,0.49990764260292053,0.9089974164962769,0.9342007637023926,0.8136473298072815,0.7750139832496643,0.9581632614135742,0.9426426887512207,0.7416356801986694,0.9308421611785889,0.9525669813156128,0.8095017671585083,5.196832180023193,0.5764304995536804,0.9051470756530762
198,0.41666778922080994,0.9055147171020508,0.85293048620224,0.7460800409317017,0.7784541845321655,0.7463527321815491,0.9702127575874329,0.9591479301452637,0.9657559394836426,0.9456120729446411,0.9661750793457031,0.47168418765068054,0.9565176963806152,0.49843114614486694,0.4984317421913147,0.7519372701644897,0.7643423676490784,0.9595242738723755,0.9892145991325378,0.9648147821426392,0.2992452085018158,0.5520801544189453,0.49775826930999756,0.5,0.9462416768074036,0.5,0.9269862174987793,0.9808826446533203,0.9190757274627686,0.9730345606803894,0.9790951013565063,0.9862672686576843,0.9700222015380859,0.7796289324760437,0.5,0.9685243368148804,0.49981555342674255,0.9015491008758545,0.9314711093902588,0.8100912570953369,0.7748978137969971,0.9504085779190063,0.9377095103263855,0.7341254949569702,0.9251068830490112,0.9427325129508972,0.8031764626502991,5.172580242156982,0.5739918947219849,0.9055147171020508
199,0.4259180426597595,0.9115808606147766,0.849023163318634,0.742712140083313,0.7756966352462769,0.7416144609451294,0.9668018817901611,0.957411527633667,0.9635090231895447,0.9461028575897217,0.9657243490219116,0.47426673769950867,0.9555412530899048,0.4985242486000061,0.49852508306503296,0.7436299920082092,0.761338472366333,0.9585257768630981,0.9917035102844238,0.9637962579727173,0.29615312814712524,0.5295481085777283,0.4977570176124573,0.5,0.9459536075592041,0.49990496039390564,0.7915888428688049,0.9816828966140747,0.9223726987838745,0.9738537073135376,0.980003833770752,0.9870920181274414,0.9694727063179016,0.8116990327835083,0.5,0.9674819707870483,0.49981531500816345,0.9069985151290894,0.9296454191207886,0.8036112785339355,0.7721601724624634,0.9557291269302368,0.9387319087982178,0.7289493083953857,0.925939679145813,0.9472216963768005,0.7921273708343506,5.302614450454712,0.5832574367523193,0.9115808606147766
200,0.4334513545036316,0.9102941155433655,0.8430360555648804,0.7400295734405518,0.7737239599227905,0.7390743494033813,0.9681617021560669,0.9573485851287842,0.9639497995376587,0.9445059895515442,0.9645429253578186,0.4750184416770935,0.9573879241943359,0.49797308444976807,0.4979693591594696,0.7399003505706787,0.7588626146316528,0.9586868286132812,0.9921557903289795,0.9657496213912964,0.29548802971839905,0.5950571298599243,0.49765872955322266,0.5,0.9478236436843872,0.5,0.6674021482467651,0.9801293015480042,0.921432614326477,0.9752136468887329,0.9802356958389282,0.9883828163146973,0.9701036214828491,0.8851051926612854,0.5,0.9671661257743835,0.4998152554035187,0.9070680737495422,0.9314725399017334,0.801841139793396,0.768916130065918,0.9549431800842285,0.9357781410217285,0.7277963757514954,0.9227197170257568,0.947089433670044,0.7926939725875854,5.230986595153809,0.5856322646141052,0.9102941155433655

201,0.4371894896030426,0.9082720875740051,0.8397421836853027,0.7460287809371948,0.7769783735275269,0.7447004318237305,0.9677656888961792,0.9563052654266357,0.9650905132293701,0.9472422003746033,0.9649981260299683,0.47323736548423767,0.9572035074234009,0.4976937174797058,0.4978817403316498,0.7452534437179565,0.7618124485015869,0.9608367085456848,0.9921543598175049,0.9672966599464417,0.3003683388233185,0.5857254266738892,0.4971994161605835,0.5,0.9486594200134277,0.5,0.6217572689056396,0.9814954996109009,0.9215182662010193,0.9731009602546692,0.9798440933227539,0.9881083965301514,0.969015896320343,0.8851475715637207,0.5,0.9675925970077515,0.4999077022075653,0.90601646900177,0.93214350938797,0.8061281442642212,0.7736411094665527,0.954706072807312,0.9370707273483276,0.7313988208770752,0.9260156154632568,0.9458078145980835,0.7887980341911316,5.204583168029785,0.5906743407249451,0.9082720875740051
202,0.4177990257740021,0.9090073704719543,0.8454300761222839,0.7430363297462463,0.7751659154891968,0.7429837584495544,0.9683637619018555,0.9572113752365112,0.9637186527252197,0.9455098509788513,0.9651033878326416,0.4746403396129608,0.9569029211997986,0.4982469081878662,0.4985245168209076,0.7436842918395996,0.759361743927002,0.9612196087837219,0.9932706356048584,0.9654693603515625,0.29843607544898987,0.5798815488815308,0.4972967803478241,0.5,0.9487398266792297,0.4997136890888214,0.7063995599746704,0.9802706837654114,0.9223892092704773,0.9749335050582886,0.9806556105613708,0.9899520874023438,0.969668984413147,0.8904058933258057,0.5,0.9681363105773926,0.4998153746128082,0.9060927629470825,0.9330548048019409,0.8062569499015808,0.7676317691802979,0.9577517509460449,0.9384515285491943,0.7277715802192688,0.9261152744293213,0.9479398727416992,0.7940959930419922,5.1679301261901855,0.5876356363296509,0.9090073704719543
203,0.4127868115901947,0.908088207244873,0.8472298383712769,0.7454344034194946,0.7748386859893799,0.7445511817932129,0.9701382517814636,0.9576568603515625,0.964483380317688,0.9477226734161377,0.9667158126831055,0.4749123752117157,0.9572957158088684,0.4976916015148163,0.4976933002471924,0.7457032203674316,0.7603763341903687,0.9619505405426025,0.9934453368186951,0.9664386510848999,0.30220791697502136,0.5900139808654785,0.4977544844150543,0.5,0.9468044638633728,0.4999048113822937,0.7461174130439758,0.9787294864654541,0.9190422296524048,0.9761632680892944,0.9829124808311462,0.9894853234291077,0.971605658531189,0.8889093995094299,0.5,0.9690502882003784,0.5,0.9041916131973267,0.9307677745819092,0.8068139553070068,0.7699090242385864,0.9548494815826416,0.9381376504898071,0.7303120493888855,0.9256367683410645,0.9482053518295288,0.7990041971206665,5.0460991859436035,0.5781980752944946,0.908088207244873
204,0.41794294118881226,0.9068014621734619,0.8472982048988342,0.739098310470581,0.7708563804626465,0.7381919026374817,0.9706534147262573,0.9551495313644409,0.9616663455963135,0.9483013153076172,0.9664454460144043,0.47480154037475586,0.9566340446472168,0.49815601110458374,0.49824756383895874,0.7377306222915649,0.752536416053772,0.9601549506187439,0.9920678734779358,0.9660059213638306,0.29771554470062256,0.5583876967430115,0.4974718987941742,0.5,0.9512426853179932,0.4999053478240967,0.810065507888794,0.9797501564025879,0.920106053352356,0.9762221574783325,0.9815729856491089,0.9870967864990234,0.9712516069412231,0.886497974395752,0.5,0.9697558283805847,0.49981561303138733,0.90516597032547,0.9336934089660645,0.8054114580154419,0.7682045698165894,0.9533717632293701,0.9397837519645691,0.7241635322570801,0.9269108772277832,0.9465577602386475,0.8056522607803345,5.273322820663452,0.580937385559082,0.9068014621734619
205,0.4125223159790039,0.9113970398902893,0.8499187231063843,0.7520729303359985,0.7841979265213013,0.753463864326477,0.9705069065093994,0.9519283771514893,0.9607861042022705,0.9451624751091003,0.9674173593521118,0.4733148515224457,0.9558199644088745,0.4991697371006012,0.4993550777435303,0.7537795305252075,0.7701255679130554,0.9596863389015198,0.9922666549682617,0.9659870266914368,0.3100147247314453,0.5548821091651917,0.497387558221817,0.5,0.9453421831130981,0.4999045133590698,0.8881258368492126,0.9776020050048828,0.9216431975364685,0.972328245639801,0.9802581667900085,0.9894047975540161,0.9712143540382385,0.8887454271316528,0.5,0.9688366651535034,0.5,0.9039932489395142,0.9313743710517883,0.8166016340255737,0.7799478769302368,0.9558960199356079,0.9437522888183594,0.7393003702163696,0.9305864572525024,0.9499813914299011,0.8030784130096436,5.2655558586120605,0.5859254598617554,0.9113970398902893
206,0.4027203321456909,0.9147058725357056,0.8495361804962158,0.7459863424301147,0.7777162790298462,0.7430440187454224,0.967048168182373,0.9493261575698853,0.9575489163398743,0.9420945644378662,0.9630142450332642,0.4697025716304779,0.9545286893844604,0.49759793281555176,0.4996310770511627,0.743956446647644,0.7594130635261536,0.9568743109703064,0.9897488355636597,0.9617450833320618,0.3030749261379242,0.5460340976715088,0.4973880648612976,0.4998094141483307,0.9457327127456665,0.5,0.8378503322601318,0.9794117212295532,0.9205909967422485,0.9731683731079102,0.9796539545059204,0.9865988492965698,0.9692065715789795,0.8915729522705078,0.5,0.9661723375320435,0.4998152554035187,0.9030992984771729,0.9324650764465332,0.813265323638916,0.7716381549835205,0.9564570188522339,0.9404496550559998,0.7272558212280273,0.9293407201766968,0.9483206272125244,0.8027000427246094,5.246849060058594,0.5923444628715515,0.9147058725357056
207,0.4252975583076477,0.9102941155433655,0.8432198762893677,0.7519815564155579,0.7853842973709106,0.75,0.9678044319152832,0.9490134716033936,0.9593323469161987,0.9418111443519592,0.9668452143669128,0.46988731622695923,0.9548726081848145,0.49778637290000916,0.49916788935661316,0.7514760494232178,0.7640169858932495,0.9583486914634705,0.990952730178833,0.9632925391197205,0.30779150128364563,0.5963716506958008,0.4965420663356781,0.5,0.9457682371139526,0.49990469217300415,0.7271466255187988,0.9776658415794373,0.9192842245101929,0.9727671146392822,0.9793921709060669,0.9869998097419739,0.9688658118247986,0.8936405181884766,0.5,0.9662412405014038,0.49981561303138733,0.9029669761657715,0.9332093000411987,0.8159851431846619,0.7810348272323608,0.954537034034729,0.9385116100311279,0.7365291714668274,0.9267817735671997,0.9468836784362793,0.7913970947265625,5.257844924926758,0.5871579647064209,0.9102941155433655
208,0.3855183720588684,0.9215073585510254,0.8543455004692078,0.7458064556121826,0.7753140926361084,0.7447868585586548,0.9671767950057983,0.9508574604988098,0.9610557556152344,0.9437788128852844,0.9637119174003601,0.4687153995037079,0.9537481665611267,0.49704796075820923,0.49705177545547485,0.7448358535766602,0.7587573528289795,0.9589710235595703,0.9911242723464966,0.9653767943382263,0.3012147843837738,0.5654144287109375,0.49757280945777893,0.5,0.9457224607467651,0.5,0.8539570569992065,0.9792062044143677,0.9225499629974365,0.9737392663955688,0.9805566072463989,0.985890805721283,0.9683274626731873,0.8947514295578003,0.5,0.9659385681152344,0.5833333134651184,0.9053398370742798,0.936883270740509,0.8093425035476685,0.7719918489456177,0.9576743841171265,0.9411053657531738,0.7277963757514954,0.9289825558662415,0.9483876824378967,0.7997407913208008,5.261010646820068,0.6004312634468079,0.9215073585510254
209,0.415598064661026,0.9108455777168274,0.8497434854507446,0.7443747520446777,0.77559494972229,0.742200493812561,0.9660578966140747,0.9475189447402954,0.9578179717063904,0.9418218731880188,0.9619855880737305,0.4692109227180481,0.9492620229721069,0.49741649627685547,0.4975992739200592,0.7435352802276611,0.7596899271011353,0.9563088417053223,0.9881787896156311,0.9622361660003662,0.30323946475982666,0.5636067390441895,0.4975714683532715,0.5,0.9498387575149536,0.499904990196228,0.8372865319252014,0.9819622039794922,0.9221334457397461,0.9752128720283508,0.9784145355224609,0.9848763942718506,0.9679392576217651,0.8887251615524292,0.5,0.9657026529312134,0.4998156428337097,0.9071094393730164,0.9361069798469543,0.8121752142906189,0.7717047929763794,0.9545624256134033,0.9377901554107666,0.7303412556648254,0.92697674036026,0.9478778839111328,0.7984687089920044,5.173987865447998,0.5833747386932373,0.9108455777168274
210,0.4077673852443695,0.9099264740943909,0.8479800224304199,0.7449769377708435,0.7717291116714478,0.7419205904006958,0.9707785844802856,0.9559365510940552,0.9626038670539856,0.9443622827529907,0.9672448635101318,0.47474655508995056,0.9564495086669922,0.4986167550086975,0.49870824813842773,0.7408193349838257,0.7587985992431641,0.959270179271698,0.9882992506027222,0.9675300717353821,0.300478994846344,0.5349906086921692,0.4976613521575928,0.5,0.9462457299232483,0.499904602766037,0.871781587600708,0.9812464714050293,0.9205260276794434,0.9739238023757935,0.9805539846420288,0.9864391088485718,0.9717540144920349,0.8913164138793945,0.5,0.9683743715286255,0.5177647471427917,0.9036234617233276,0.9373955130577087,0.8099442720413208,0.7716966867446899,0.953415036201477,0.9389539957046509,0.7296743988990784,0.9263255596160889,0.9480676651000977,0.8071049451828003,5.19171404838562,0.5848304629325867,0.9099264740943909

211,0.4060506522655487,0.9108455777168274,0.8500491380691528,0.7467244863510132,0.7733480930328369,0.7429019212722778,0.9705610871315002,0.9578801989555359,0.9630928039550781,0.9426093101501465,0.9676318764686584,0.47769173979759216,0.9563331007957458,0.49750831723213196,0.4985258877277374,0.7436819672584534,0.7607854008674622,0.9615455865859985,0.9920620322227478,0.9658545255661011,0.29907917976379395,0.6023685932159424,0.49775826930999756,0.4998094439506531,0.9462079405784607,0.5,0.795565128326416,0.9783393144607544,0.9263278245925903,0.9775763750076294,0.984033465385437,0.9868154525756836,0.971985936164856,0.899446964263916,0.5,0.9696464538574219,0.5,0.909895658493042,0.940925121307373,0.8098644018173218,0.7691236734390259,0.9598553776741028,0.9455187916755676,0.7292364835739136,0.9346010684967041,0.9544442296028137,0.7949693202972412,5.374286890029907,0.5897496342658997,0.9108455777168274
212,0.40646272897720337,0.9101102948188782,0.8540356159210205,0.7416343092918396,0.7717030048370361,0.7399815320968628,0.9673612117767334,0.9551495313644409,0.9607083797454834,0.9375,0.9650239944458008,0.4749123752117157,0.9555186033248901,0.4985245168209076,0.49926212430000305,0.7394717335700989,0.7593241930007935,0.9606088399887085,0.9895833730697632,0.9662474393844604,0.29747650027275085,0.5463380813598633,0.49784886837005615,0.5,0.9508041739463806,0.5,0.8994274735450745,0.9802281260490417,0.9232739210128784,0.9775665402412415,0.9802055358886719,0.9864341020584106,0.9697278141975403,0.8957910537719727,0.5,0.96837317943573,0.764613687992096,0.9079709053039551,0.9416465759277344,0.8095592260360718,0.7687094211578369,0.955162763595581,0.9388723373413086,0.7238777875900269,0.9265578985214233,0.9483367204666138,0.7955983281135559,5.218413591384888,0.5883908271789551,0.9101102948188782
213,0.3988560438156128,0.9139705896377563,0.8502757549285889,0.7500922679901123,0.776609480381012,0.7479262351989746,0.9710278511047363,0.9554016590118408,0.9644173979759216,0.9461978673934937,0.9686866998672485,0.47719720005989075,0.9572507739067078,0.49843230843544006,0.49880072474479675,0.7474654316902161,0.7661319971084595,0.9624884724617004,0.9906008243560791,0.9657343626022339,0.30104953050613403,0.5592696666717529,0.4979485273361206,0.4998099207878113,0.9467883110046387,0.5,0.8677330017089844,0.9785456657409668,0.9198139905929565,0.9761541485786438,0.9818198680877686,0.988642692565918,0.9743423461914062,0.8950526118278503,0.5,0.970234751701355,0.4999076724052429,0.9038641452789307,0.9402902126312256,0.8133023381233215,0.7786428928375244,0.9534646272659302,0.9388816356658936,0.7358665466308594,0.928438663482666,0.9477306604385376,0.7992724180221558,5.231916189193726,0.5811729431152344,0.9139705896377563
214,0.3927595615386963,0.9170956015586853,0.8438568711280823,0.7507380247116089,0.7819756865501404,0.7475101351737976,0.9652405977249146,0.9492887258529663,0.9595391750335693,0.9427121877670288,0.9644370675086975,0.4723042845726013,0.9538575410842896,0.4982439875602722,0.499723345041275,0.7483431696891785,0.7661811113357544,0.9563653469085693,0.9898561239242554,0.9642460346221924,0.30210059881210327,0.5004189014434814,0.49746954441070557,0.5,0.947473406791687,0.5,0.7681821584701538,0.9809777736663818,0.9233111143112183,0.9746679067611694,0.9809695482254028,0.9868785738945007,0.9690683484077454,0.8906221389770508,0.5,0.9664255380630493,0.8399076461791992,0.9087850451469421,0.941274881362915,0.8114312291145325,0.7794308662414551,0.9576444625854492,0.9437639117240906,0.7353595495223999,0.931640625,0.9525982141494751,0.8081393241882324,5.309929132461548,0.5914766788482666,0.9170956015586853
215,0.4124310314655304,0.9056985378265381,0.8492454290390015,0.7463154196739197,0.7804090976715088,0.745052695274353,0.9668207168579102,0.9431419372558594,0.9593173265457153,0.9390086531639099,0.9654790163040161,0.4696689546108246,0.9494744539260864,0.4978798031806946,0.5,0.7460317611694336,0.7638376355171204,0.9527587890625,0.9912313222885132,0.9611327052116394,0.30228278040885925,0.5567077398300171,0.4971904754638672,0.5,0.9463125467300415,0.5,0.821273922920227,0.9772467613220215,0.9197238683700562,0.9784145355224609,0.9818785190582275,0.9824528694152832,0.9670370817184448,0.8936935663223267,0.5,0.964484453201294,0.9735919833183289,0.9074316620826721,0.9399220943450928,0.8170844912528992,0.775916576385498,0.9560602903366089,0.9413953423500061,0.7354521751403809,0.928238570690155,0.9494235515594482,0.8095449805259705,5.150788068771362,0.581116259098053,0.9056985378265381
216,0.41187891364097595,0.9040440917015076,0.8493331074714661,0.7435826063156128,0.7764641046524048,0.7414683699607849,0.9665558338165283,0.9471447467803955,0.9607011079788208,0.9396233558654785,0.966150164604187,0.4718790352344513,0.9523062705993652,0.49787744879722595,0.49990779161453247,0.7428914308547974,0.7588939666748047,0.9571323394775391,0.9910483360290527,0.9613034725189209,0.30333149433135986,0.5780211091041565,0.4979408383369446,0.49981021881103516,0.9470217227935791,0.5,0.8313721418380737,0.9799429774284363,0.9260985255241394,0.9755517244338989,0.981295108795166,0.9835944771766663,0.966605007648468,0.8952416181564331,0.5,0.9662462472915649,0.49990782141685486,0.9108577966690063,0.9427112340927124,0.8148525953292847,0.7680163383483887,0.9583333730697632,0.9467906951904297,0.7340405583381653,0.9336422681808472,0.9538518786430359,0.8014858961105347,5.286508560180664,0.5801199078559875,0.9040440917015076
217,0.3963121175765991,0.9117646813392639,0.8568976521492004,0.7517508268356323,0.7788639068603516,0.7489856481552124,0.9674113988876343,0.9499630928039551,0.9618292450904846,0.9432637095451355,0.968063473701477,0.4752630591392517,0.9572957158088684,0.4978786110877991,0.5,0.7502305507659912,0.7681173086166382,0.9588636755943298,0.9913251996040344,0.9661298990249634,0.3029438853263855,0.5679517388343811,0.49766093492507935,0.5,0.947638988494873,0.5,0.9613567590713501,0.9803472757339478,0.9225351810455322,0.974173903465271,0.9834506511688232,0.9866088032722473,0.9706644415855408,0.8934169411659241,0.5,0.9666173458099365,0.49990779161453247,0.9055793881416321,0.9425970315933228,0.816292405128479,0.7774781584739685,0.9569462537765503,0.9421718120574951,0.7378252744674683,0.9307491779327393,0.9488130807876587,0.8074634671211243,5.236463785171509,0.5907005071640015,0.9117646813392639
218,0.3783881664276123,0.919301450252533,0.852817177772522,0.7460317611694336,0.7777367830276489,0.7445141077041626,0.9664943814277649,0.9478493928909302,0.9616377353668213,0.9408562183380127,0.9662237167358398,0.4755399525165558,0.9537054300308228,0.4985226094722748,0.5,0.7459424734115601,0.7637940645217896,0.9560044407844543,0.9906895160675049,0.9625579118728638,0.30655255913734436,0.5076253414154053,0.4972851574420929,0.5,0.9459999799728394,0.5,0.9534153938293457,0.9793254137039185,0.9210576415061951,0.9735691547393799,0.9818422794342041,0.9871865510940552,0.9700648784637451,0.8893707394599915,0.5,0.9667221307754517,0.5,0.9040366411209106,0.9425222873687744,0.8136871457099915,0.7700743675231934,0.9547057747840881,0.9402083158493042,0.7293646335601807,0.9284120798110962,0.9482086896896362,0.7951995730400085,5.3521528244018555,0.5944316983222961,0.919301450252533
219,0.39273977279663086,0.9185661673545837,0.8568955063819885,0.74464350938797,0.7801954746246338,0.7422595024108887,0.9649704694747925,0.9477419257164001,0.9606139063835144,0.9396424293518066,0.9633561372756958,0.46965503692626953,0.9487985372543335,0.4977843463420868,0.5,0.7464983463287354,0.759778618812561,0.9546459913253784,0.9883763790130615,0.9616524577140808,0.3071191906929016,0.5679738521575928,0.4971087574958801,0.5,0.9454442262649536,0.5,0.9872865676879883,0.9785182476043701,0.9242395162582397,0.9730629920959473,0.9809958338737488,0.9825806617736816,0.96821129322052,0.8933247327804565,0.5,0.967056393623352,0.6199076771736145,0.9051804542541504,0.9404916763305664,0.8128023743629456,0.7723894119262695,0.956505537033081,0.9410232305526733,0.7285076379776001,0.92835932970047,0.9490079879760742,0.8067652583122253,5.258062362670898,0.592743992805481,0.9185661673545837
220,0.39343979954719543,0.9139705896377563,0.8510879874229431,0.7357933521270752,0.7711520791053772,0.7334562540054321,0.9669985175132751,0.9470088481903076,0.9571586847305298,0.9403356313705444,0.9638376235961914,0.4748201370239258,0.9475189447402954,0.4980623722076416,0.5,0.7376822233200073,0.7501386404037476,0.9554839134216309,0.9892988801002502,0.9624143838882446,0.30209675431251526,0.5033784508705139,0.4972907304763794,0.4999050796031952,0.9510083794593811,0.5,0.8281909227371216,0.9808603525161743,0.9257953763008118,0.973928689956665,0.9824943542480469,0.987252950668335,0.9706810116767883,0.8912762403488159,0.5,0.9661675095558167,0.9523809552192688,0.9085820913314819,0.9446614980697632,0.8030359745025635,0.7648482322692871,0.9562511444091797,0.9389178156852722,0.7213343381881714,0.9289836287498474,0.9485417008399963,0.783971905708313,5.3362672328948975,0.5836182236671448,0.9139705896377563

221,0.41416576504707336,0.9102941155433655,0.8529005646705627,0.7406347990036011,0.7739347219467163,0.740901529788971,0.9679238200187683,0.9476593732833862,0.9618080854415894,0.9402434825897217,0.9644702672958374,0.47257617115974426,0.9496681690216064,0.4981570243835449,0.4999077320098877,0.7412838935852051,0.7533652782440186,0.9563572406768799,0.9910566210746765,0.9650000333786011,0.3081813156604767,0.5750410556793213,0.4975687265396118,0.5,0.9520496129989624,0.5,0.7721168994903564,0.9814954996109009,0.9254734516143799,0.9789613485336304,0.982893705368042,0.9846919775009155,0.9686169624328613,0.890694260597229,0.5,0.9662349820137024,0.9317258596420288,0.9104477167129517,0.9473292827606201,0.8105145692825317,0.7673377990722656,0.9572570323944092,0.9398887157440186,0.7252787947654724,0.9290358424186707,0.9502788186073303,0.7940243482589722,5.140367746353149,0.5865321755409241,0.9102941155433655
222,0.38045305013656616,0.9167279601097107,0.8536529541015625,0.7471423149108887,0.7795500755310059,0.7464450597763062,0.9677538275718689,0.9505910873413086,0.9621771574020386,0.9420236349105835,0.9658545255661011,0.47445592284202576,0.9550820589065552,0.49833640456199646,0.5,0.7474198341369629,0.7608374953269958,0.9580490589141846,0.9910549521446228,0.9638888835906982,0.3074585497379303,0.5513539910316467,0.4978528618812561,0.5,0.9470677971839905,0.5,0.8787245750427246,0.9804517030715942,0.9245139360427856,0.9756699800491333,0.9810764789581299,0.9856141805648804,0.9704246520996094,0.8937996029853821,0.5,0.9683215618133545,0.9285714626312256,0.9073970317840576,0.9406023025512695,0.8140357732772827,0.7730397582054138,0.9578604698181152,0.9427722096443176,0.732146143913269,0.9298180341720581,0.9501581192016602,0.7900885343551636,5.211581468582153,0.5923730731010437,0.9167279601097107
223,0.38980525732040405,0.9148896932601929,0.8565171957015991,0.739992618560791,0.7717651128768921,0.739495038986206,0.968674898147583,0.9501664638519287,0.9616519212722778,0.939760148525238,0.9640287756919861,0.47169288992881775,0.9538164138793945,0.4979715943336487,0.5,0.7447906732559204,0.7568739652633667,0.9588561058044434,0.9879151582717896,0.9659385681152344,0.29895007610321045,0.5721533298492432,0.49758273363113403,0.5,0.9499144554138184,0.5,0.9735010266304016,0.9800227880477905,0.9191775321960449,0.9793765544891357,0.982431173324585,0.9825806617736816,0.9696577191352844,0.8873434066772461,0.5,0.96837317943573,0.6134517788887024,0.9024344682693481,0.9409735202789307,0.8053491711616516,0.7694950103759766,0.9531570076942444,0.9368029832839966,0.7248977422714233,0.9248651266098022,0.9463287591934204,0.8000015020370483,5.15302848815918,0.5874143838882446,0.9148896932601929
224,0.35239341855049133,0.9213235378265381,0.8535375595092773,0.7476015090942383,0.7796125411987305,0.745758056640625,0.9694874286651611,0.9454696178436279,0.9634888172149658,0.9457564353942871,0.9677181243896484,0.47360649704933167,0.9543358087539673,0.4978798031806946,0.5,0.7482020854949951,0.7570506930351257,0.9584947824478149,0.9902160167694092,0.9635522365570068,0.3031836450099945,0.5444236397743225,0.49756965041160583,0.5,0.9463845491409302,0.5,0.923088014125824,0.9791983366012573,0.9210124015808105,0.9746618270874023,0.9836190342903137,0.986810564994812,0.9721450805664062,0.8987096548080444,0.5,0.9691609144210815,0.5249999761581421,0.9062850475311279,0.9412910342216492,0.8120824098587036,0.7704033851623535,0.9584338665008545,0.9442793130874634,0.7303475141525269,0.9320803880691528,0.9516159296035767,0.7983685731887817,5.2013633251190186,0.5987302660942078,0.9213235378265381
225,0.37572628259658813,0.9152573347091675,0.8504146337509155,0.7439519762992859,0.774137020111084,0.7415191531181335,0.9692336320877075,0.9468438625335693,0.9628397226333618,0.9401070475578308,0.9675815105438232,0.47510603070259094,0.9551660418510437,0.49778637290000916,0.4998152554035187,0.7472355365753174,0.7599557638168335,0.9592626690864563,0.9892969131469727,0.9642329216003418,0.3033676743507385,0.5603954792022705,0.49766311049461365,0.5,0.9499715566635132,0.5,0.933760404586792,0.9820886850357056,0.9274331331253052,0.9783102869987488,0.9839475750923157,0.985323965549469,0.9729929566383362,0.8953681588172913,0.5,0.9694274663925171,0.5666666626930237,0.9120786190032959,0.9468302726745605,0.813011884689331,0.773621678352356,0.9582945108413696,0.9419187307357788,0.7268165946006775,0.9287439584732056,0.9527668952941895,0.8046831488609314,5.288420677185059,0.5875421762466431,0.9152573347091675
226,0.3576054275035858,0.9194852709770203,0.8586632013320923,0.74464350938797,0.7755120992660522,0.7441924810409546,0.9696662425994873,0.9480339288711548,0.9613611102104187,0.9435944557189941,0.9684560298919678,0.4748799502849579,0.9557276964187622,0.4985245168209076,0.49990779161453247,0.7496769428253174,0.7590850591659546,0.9596090316772461,0.9896793365478516,0.9651464223861694,0.30622008442878723,0.5057412385940552,0.498128741979599,0.5,0.9448256492614746,0.49990490078926086,0.98203045129776,0.9804219603538513,0.9249473810195923,0.9722275137901306,0.9832766056060791,0.9866211414337158,0.97346031665802,0.9021759033203125,0.5,0.9688020944595337,0.9399999976158142,0.907469630241394,0.9493318796157837,0.8110821843147278,0.7712053656578064,0.9593541622161865,0.9450958371162415,0.7288371920585632,0.933376669883728,0.9518284797668457,0.7945989370346069,5.0950493812561035,0.5934566259384155,0.9194852709770203
227,0.41079962253570557,0.9058823585510254,0.8519130945205688,0.741287112236023,0.7762405872344971,0.738596498966217,0.9652021527290344,0.9397379159927368,0.955258309841156,0.9372925162315369,0.961992621421814,0.4710545837879181,0.9489192962646484,0.4976899027824402,0.5,0.7395679354667664,0.7528640031814575,0.9540505409240723,0.9887371063232422,0.9606189727783203,0.3062315583229065,0.5340755581855774,0.4975709915161133,0.5,0.9505879878997803,0.49990519881248474,0.864022433757782,0.9792574644088745,0.9270557165145874,0.9776190519332886,0.981731653213501,0.9854952096939087,0.9685184955596924,0.8981361985206604,0.5,0.9633740186691284,0.8954640626907349,0.9113190174102783,0.9597433805465698,0.813092827796936,0.7677274942398071,0.9601597189903259,0.9458581209182739,0.7249022126197815,0.9337360858917236,0.9550520181655884,0.788071870803833,5.2154381275177,0.5881274342536926,0.9058823585510254
228,0.3860839903354645,0.9082720875740051,0.8520904779434204,0.7391986846923828,0.7723246812820435,0.7391545176506042,0.9677002429962158,0.9477956295013428,0.9579491019248962,0.9400887489318848,0.9658859968185425,0.47279098629951477,0.9505636692047119,0.4978770613670349,0.4998154640197754,0.7384117841720581,0.7517050504684448,0.9579715728759766,0.9880051612854004,0.9628635048866272,0.29968687891960144,0.5558225512504578,0.4977557361125946,0.5,0.9543031454086304,0.5,0.8613213300704956,0.9819047451019287,0.9279091358184814,0.9766010046005249,0.9804612994194031,0.9852534532546997,0.9714920520782471,0.8926987051963806,0.5,0.9684600830078125,0.5356221199035645,0.9124183058738708,0.964013397693634,0.8100688457489014,0.7676186561584473,0.9566307663917542,0.9411709904670715,0.7227786779403687,0.9299777150154114,0.949944257736206,0.8026514053344727,5.328392267227173,0.5982711315155029,0.9082720875740051
229,0.3771820068359375,0.9139705896377563,0.8544117212295532,0.7437788248062134,0.7767724990844727,0.7425642013549805,0.9664881825447083,0.9474169611930847,0.9596565961837769,0.9392290711402893,0.965491771697998,0.4725244343280792,0.9479416608810425,0.4981512427330017,0.4999077022075653,0.7423431873321533,0.7566869258880615,0.9561484456062317,0.9874584674835205,0.9644646644592285,0.3033149242401123,0.531427800655365,0.49794161319732666,0.4999048709869385,0.9503135085105896,0.5,0.9612538814544678,0.9793404340744019,0.9283269643783569,0.9764672517776489,0.9809153079986572,0.9836745858192444,0.9706209897994995,0.8901109099388123,0.5,0.9652520418167114,0.4998154044151306,0.9111651182174683,0.9610945582389832,0.8122794032096863,0.7721271514892578,0.9609375,0.947485625743866,0.7280081510543823,0.9356904029846191,0.9534667730331421,0.8040444850921631,5.2561354637146,0.6002218723297119,0.9139705896377563
230,0.3762231171131134,0.9150735139846802,0.8502522706985474,0.740952730178833,0.7695283889770508,0.7392988801002502,0.9723604321479797,0.9508574604988098,0.9640746116638184,0.9432656764984131,0.9716789722442627,0.4791589677333832,0.9511902332305908,0.4981573522090912,0.5,0.7386489510536194,0.7533222436904907,0.9602911472320557,0.9906826615333557,0.9655649662017822,0.2918664813041687,0.5463117957115173,0.49785247445106506,0.499904990196228,0.9509692192077637,0.5,0.8049871921539307,0.981804370880127,0.9281089305877686,0.9757345914840698,0.9863964915275574,0.9875460863113403,0.9769657850265503,0.8857933282852173,0.5,0.9714312553405762,0.49990779161453247,0.9102946519851685,0.9632652997970581,0.8066011667251587,0.767372727394104,0.9618754386901855,0.9451673030853271,0.7270275354385376,0.9341200590133667,0.9535574913024902,0.7975587844848633,5.436042547225952,0.6011459231376648,0.9150735139846802

231,0.3633432388305664,0.9178308844566345,0.855504035949707,0.7480162382125854,0.7798080444335938,0.7472791075706482,0.9704147577285767,0.9503690004348755,0.9611337184906006,0.9392040967941284,0.967890739440918,0.4760981798171997,0.9493355751037598,0.4984329044818878,0.5,0.7460317611694336,0.7626038789749146,0.9569872617721558,0.9887516498565674,0.9638766050338745,0.2970907688140869,0.5443611145019531,0.49822959303855896,0.5,0.9476135969161987,0.5,0.9262499213218689,0.9800267219543457,0.9222137928009033,0.9747714996337891,0.9852132797241211,0.9861674308776855,0.9733865261077881,0.8872395753860474,0.5,0.9695314168930054,0.5,0.9075638055801392,0.9590849876403809,0.8172934055328369,0.778801441192627,0.958612322807312,0.9447852373123169,0.7337988615036011,0.9304315447807312,0.952938973903656,0.7856017351150513,5.279284954071045,0.6008483171463013,0.9178308844566345
232,0.368767112493515,0.9165441393852234,0.8503035306930542,0.7465412616729736,0.7774187326431274,0.7453908920288086,0.9708809852600098,0.9514106512069702,0.9605457186698914,0.9478878378868103,0.9670907258987427,0.4741649627685547,0.9510437846183777,0.49824464321136475,0.5,0.7443768382072449,0.7536499500274658,0.9584333896636963,0.9901309609413147,0.9634779691696167,0.29594844579696655,0.5285021662712097,0.4970031976699829,0.5,0.9502279758453369,0.49990472197532654,0.8219884634017944,0.9793530106544495,0.9258590936660767,0.9752804636955261,0.9839017391204834,0.9881106019020081,0.9736111164093018,0.8935757875442505,0.5,0.970757007598877,0.49990779161453247,0.912205159664154,0.9627876877784729,0.8177847862243652,0.7767493724822998,0.9605312347412109,0.9464817643165588,0.7307549715042114,0.932645857334137,0.9532033205032349,0.800121009349823,5.1894354820251465,0.5905506014823914,0.9165441393852234
233,0.35341256856918335,0.9139705896377563,0.8496537208557129,0.7526713609695435,0.7836990356445312,0.7511082291603088,0.9680870771408081,0.9486067295074463,0.9587410092353821,0.9447417259216309,0.965514063835144,0.47399482131004333,0.9453974962234497,0.4972355365753174,0.5,0.7502306699752808,0.7589961290359497,0.9554592370986938,0.989186704158783,0.9667776823043823,0.302890807390213,0.527332067489624,0.4975678324699402,0.5,0.9474332332611084,0.5,0.7640581130981445,0.9787375926971436,0.9220767021179199,0.9758864045143127,0.986404299736023,0.9860777854919434,0.9712750315666199,0.8940427899360657,0.5,0.9675240516662598,0.5,0.9063200950622559,0.9607096314430237,0.8209704160690308,0.785356342792511,0.9580003619194031,0.9433506727218628,0.7360646724700928,0.9320171475410461,0.9521949291229248,0.7994345426559448,5.223864793777466,0.5912631750106812,0.9139705896377563
234,0.38798993825912476,0.9117646813392639,0.8451884984970093,0.7519823312759399,0.7829056978225708,0.7495390772819519,0.9685308337211609,0.9491150379180908,0.9593323469161987,0.9425700902938843,0.9634618759155273,0.47511520981788635,0.947489857673645,0.4973222613334656,0.4999077618122101,0.7481549978256226,0.7578976154327393,0.9563411474227905,0.9884516000747681,0.9642329216003418,0.30345970392227173,0.5199710726737976,0.4970121383666992,0.5,0.9464149475097656,0.5,0.7423869371414185,0.978628396987915,0.9231281280517578,0.9752286672592163,0.984871506690979,0.9868007898330688,0.9717488288879395,0.8940092325210571,0.5,0.9675360918045044,0.4999076724052429,0.9082973599433899,0.9579064846038818,0.8194315433502197,0.7827502489089966,0.9609302282333374,0.9461367130279541,0.7373400330543518,0.9324098229408264,0.9536589980125427,0.7860492467880249,5.280045509338379,0.601161777973175,0.9117646813392639
235,0.36558058857917786,0.9125000238418579,0.8542065620422363,0.7453874349594116,0.7754932641983032,0.7418758869171143,0.9677419662475586,0.9502578973770142,0.9586251378059387,0.94487464427948,0.9633044004440308,0.47724342346191406,0.9478204250335693,0.49723246693611145,0.49990764260292053,0.7408604025840759,0.7482007741928101,0.9572720527648926,0.9891906976699829,0.9642658829689026,0.299815833568573,0.554347813129425,0.4975759983062744,0.5,0.9512194991111755,0.5,0.8781678080558777,0.9823193550109863,0.9264789819717407,0.9779188632965088,0.9838464260101318,0.9874492287635803,0.9704574942588806,0.8945910930633545,0.5,0.9668825268745422,0.5,0.9079365134239197,0.964059591293335,0.8148354291915894,0.779359757900238,0.9567316770553589,0.9428119659423828,0.7298154234886169,0.9305503964424133,0.9498141407966614,0.7899810075759888,5.204257249832153,0.5846601724624634,0.9125000238418579
236,0.3523339331150055,0.9207720756530762,0.8533836603164673,0.7503693103790283,0.780852198600769,0.7477385997772217,0.9686404466629028,0.9505261182785034,0.9593323469161987,0.9468438625335693,0.9649787545204163,0.47787201404571533,0.9479070901870728,0.4976036846637726,0.5,0.7471402287483215,0.7546040415763855,0.9567422866821289,0.9896564483642578,0.9645435810089111,0.3052999675273895,0.49859943985939026,0.4972836375236511,0.5,0.9468327760696411,0.5,0.9254437685012817,0.9815341234207153,0.926352858543396,0.9764582514762878,0.9861242771148682,0.987557590007782,0.9727727174758911,0.8963989019393921,0.5,0.967178225517273,0.4999076724052429,0.9091249704360962,0.9606364965438843,0.8202006816864014,0.7779638767242432,0.961316704750061,0.9503809809684753,0.7332280278205872,0.937127947807312,0.9545454978942871,0.7912720441818237,5.183485984802246,0.591278612613678,0.9207720756530762
237,0.36125877499580383,0.9158087968826294,0.8569169044494629,0.7460317611694336,0.7801771759986877,0.7438687086105347,0.9679712057113647,0.9485592842102051,0.959818959236145,0.9429282546043396,0.9631375074386597,0.4767484664916992,0.9481453895568848,0.49760058522224426,0.5,0.7427202463150024,0.7522156238555908,0.9546293020248413,0.9890140295028687,0.9641470909118652,0.3020622432231903,0.5583235621452332,0.49812769889831543,0.5,0.9494488835334778,0.5,0.9717469215393066,0.9843036532402039,0.9238384962081909,0.9771736860275269,0.986153244972229,0.9865363240242004,0.9733875393867493,0.8924810886383057,0.5,0.967568576335907,0.49990788102149963,0.9089546203613281,0.9631588459014893,0.816771924495697,0.7757339477539062,0.9590984582901001,0.9461796283721924,0.7280750870704651,0.9318476915359497,0.9545454978942871,0.8031113743782043,5.1872992515563965,0.602690577507019,0.9158087968826294
238,0.38801309466362,0.9101102948188782,0.8500790596008301,0.7482924461364746,0.7780136466026306,0.7461240291595459,0.9683696031570435,0.9495108127593994,0.9591479301452637,0.9428861141204834,0.9643845558166504,0.47695428133010864,0.9523414373397827,0.4980623722076416,0.49981528520584106,0.745711088180542,0.7558096647262573,0.9579955339431763,0.9882884621620178,0.9661849141120911,0.30470046401023865,0.5081156492233276,0.49691301584243774,0.5,0.9493275284767151,0.5,0.9094815850257874,0.9805096387863159,0.9255259037017822,0.9779005646705627,0.984764814376831,0.9882733225822449,0.975440263748169,0.8900166153907776,0.5,0.9676405191421509,0.49990779161453247,0.907237708568573,0.9614524841308594,0.82132887840271,0.7822325229644775,0.9584572315216064,0.945810079574585,0.7321727871894836,0.9332093000411987,0.9523765444755554,0.7942567467689514,5.295922756195068,0.5935523509979248,0.9101102948188782
239,0.35854262113571167,0.9227941036224365,0.8523212671279907,0.7528618574142456,0.7829736471176147,0.7506906986236572,0.9697751998901367,0.9460955858230591,0.9613397121429443,0.9440449476242065,0.9641672372817993,0.47769173979759216,0.9528771638870239,0.4983394742012024,0.4999077022075653,0.7505078315734863,0.7612670660018921,0.9559690356254578,0.9887516498565674,0.9628428220748901,0.3089587986469269,0.505683183670044,0.4978432059288025,0.5,0.9507776498794556,0.5,0.8771277666091919,0.9851071834564209,0.928557813167572,0.9761092066764832,0.9844791889190674,0.9880776405334473,0.9753143787384033,0.8953723907470703,0.5,0.9698092341423035,0.4996311366558075,0.910041093826294,0.9634690284729004,0.8226225972175598,0.7837235331535339,0.9605581760406494,0.9471922516822815,0.7362504601478577,0.9350324273109436,0.9544101357460022,0.7909902334213257,5.3097825050354,0.6137820482254028,0.9227941036224365
240,0.37398186326026917,0.908088207244873,0.8517142534255981,0.7419711947441101,0.7755571603775024,0.7414206862449646,0.9657622575759888,0.9417251348495483,0.9564656019210815,0.9429072141647339,0.9627748131752014,0.47380074858665466,0.950674295425415,0.49852317571640015,0.5,0.7396160364151001,0.7497695088386536,0.9552500247955322,0.9889380931854248,0.9632762670516968,0.29852670431137085,0.5296095609664917,0.49748697876930237,0.5,0.9513717889785767,0.5,0.8791279792785645,0.983735978603363,0.9216799139976501,0.9787821173667908,0.9810114502906799,0.985323965549469,0.9702612161636353,0.8883969783782959,0.5,0.9650711417198181,0.5,0.9084678888320923,0.9591095447540283,0.8152133226394653,0.774415135383606,0.9572490453720093,0.9433488249778748,0.726378321647644,0.9304469227790833,0.9514418840408325,0.7813864946365356,5.175384759902954,0.585334300994873,0.908088207244873

241,0.3704735040664673,0.9209558963775635,0.8459280729293823,0.7442825436592102,0.7746362090110779,0.7433130741119385,0.9691016674041748,0.9468830823898315,0.9593023061752319,0.9439010620117188,0.964397668838501,0.4746309816837311,0.952811062335968,0.49834010004997253,0.5,0.7422956228256226,0.7528618574142456,0.9582948684692383,0.9876429438591003,0.9622151851654053,0.2961325943470001,0.5150812268257141,0.49841535091400146,0.5,0.9521417617797852,0.5,0.7547320127487183,0.9694108963012695,0.9220322966575623,0.9786585569381714,0.982693076133728,0.9852262139320374,0.9747867584228516,0.8923361301422119,0.5,0.9688078165054321,0.4998157024383545,0.9050018787384033,0.9595096707344055,0.8137873411178589,0.7772727012634277,0.9549508094787598,0.9411600828170776,0.7283859252929688,0.9318562746047974,0.9496920108795166,0.7836805582046509,5.136889696121216,0.6105566024780273,0.9209558963775635
242,0.3738815188407898,0.9246323704719543,0.8468279838562012,0.7478349208831787,0.7801326513290405,0.7482446432113647,0.9676823616027832,0.9457242488861084,0.9595242738723755,0.9402214288711548,0.965558648109436,0.47608935832977295,0.949769139289856,0.49861928820610046,0.49990779161453247,0.7459878325462341,0.7534549236297607,0.9568663835525513,0.9884814023971558,0.9618589282035828,0.3028934895992279,0.5302314758300781,0.4975687265396118,0.5,0.9528785943984985,0.5,0.7963947057723999,0.9798282384872437,0.9318570494651794,0.9775652885437012,0.9822378158569336,0.9849714040756226,0.9727154970169067,0.8935031294822693,0.5,0.9686805009841919,0.49990761280059814,0.9134902954101562,0.9635213017463684,0.82436203956604,0.7804809808731079,0.9603425860404968,0.9467273950576782,0.7343197464942932,0.9346210956573486,0.953412652015686,0.7901507616043091,5.231325149536133,0.619899332523346,0.9246323704719543

243,0.3501778542995453,0.916911780834198,0.848792314529419,0.7416113615036011,0.7771017551422119,0.740166187286377,0.9680988788604736,0.9487179517745972,0.9592872858047485,0.9416866302490234,0.9637721180915833,0.4758302569389343,0.9480339288711548,0.4982459247112274,0.5,0.7387977242469788,0.7476911544799805,0.9579491019248962,0.9891164302825928,0.9633604884147644,0.2922113835811615,0.5385282039642334,0.4985083043575287,0.5,0.9526486396789551,0.5,0.8325746059417725,0.9338627457618713,0.9258382320404053,0.9802506566047668,0.9833428859710693,0.9859752655029297,0.974458634853363,0.8939170837402344,0.5,0.9689642190933228,0.49990782141685486,0.9132262468338013,0.9634711742401123,0.8144263029098511,0.7706013321876526,0.9600223302841187,0.9459584951400757,0.7260223031044006,0.9349563121795654,0.9524340629577637,0.7939459085464478,5.1563215255737305,0.5951513051986694,0.916911780834198
244,0.3467605412006378,0.9220588207244873,0.8522785902023315,0.7509684562683105,0.7848966121673584,0.7489385604858398,0.966691255569458,0.9467613697052002,0.9580258131027222,0.9398523569107056,0.964397668838501,0.4746450185775757,0.9465867280960083,0.49760013818740845,0.5,0.7481105923652649,0.7541950941085815,0.9568424820899963,0.9890120029449463,0.9621226191520691,0.30439984798431396,0.5253326892852783,0.49756690859794617,0.5,0.9493598341941833,0.5,0.8897936940193176,0.974724531173706,0.9257349967956543,0.973273754119873,0.9824644327163696,0.9864591360092163,0.9732258319854736,0.8953101634979248,0.5,0.9674134254455566,0.5,0.9084717035293579,0.9624326229095459,0.8232342004776001,0.7825115919113159,0.9588125944137573,0.9471778869628906,0.7363382577896118,0.9351662397384644,0.955580472946167,0.7895565032958984,5.212858438491821,0.6041308641433716,0.9220588207244873

