epoch,loss,accuracy,balanced_accuracy,balanced_accuracy_A13,balanced_accuracy_A14,balanced_accuracy_A15b,balanced_accuracy_A16,balanced_accuracy_A17a,balanced_accuracy_A19a,balanced_accuracy_A1a,balanced_accuracy_A1b,balanced_accuracy_A1c,balanced_accuracy_A32,balanced_accuracy_A33,balanced_accuracy_A34,balanced_accuracy_A4b2,balanced_accuracy_A7a,balanced_accuracy_A9,balanced_accuracy_B1,balanced_accuracy_B2a,balanced_accuracy_B3,balanced_accuracy_C13aa,balanced_accuracy_C13bb,balanced_accuracy_C14_100,balanced_accuracy_C14_120,balanced_accuracy_C14_20,balanced_accuracy_C14_30,balanced_accuracy_C14_50,balanced_accuracy_C14_60,balanced_accuracy_C14_70,balanced_accuracy_C14_80,balanced_accuracy_C17a,balanced_accuracy_C17b_80,balanced_accuracy_C17c,balanced_accuracy_C17d,balanced_accuracy_C1a,balanced_accuracy_C2,balanced_accuracy_C3e3,balanced_accuracy_D1a1,balanced_accuracy_D1a4,balanced_accuracy_D1a5,balanced_accuracy_D1a6,balanced_accuracy_D1a7,balanced_accuracy_D2a1,balanced_accuracy_D2a2,balanced_accuracy_D3,balanced_accuracy_const_0,elapsed,f1,mean_invalid,recall
0,3.683708429336548,0.03866414725780487,0.5390952229499817,0.5,0.5,0.5,0.4908224046230316,0.5,0.5,0.5,0.5,0.5,0.43719685077667236,0.5,0.5,0.5,0.5519430637359619,0.5,0.6287106871604919,0.577878475189209,0.5335259437561035,0.5013735294342041,0.5,0.5,0.5,0.5,0.45288166403770447,0.5492942333221436,0.5,0.5005086064338684,0.5,0.5965571999549866,0.49612918496131897,0.6544491052627563,0.49903327226638794,0.5,0.5365248322486877,0.5,0.6825869679450989,0.6891987919807434,0.6813673973083496,0.6697625517845154,0.6822786331176758,0.5,0.6137521266937256,0.6307981014251709,nan,25.324195623397827,0.014262986369431019,-0.49017750753606126,0.03866414725780487
1,3.291731834411621,0.0750422403216362,0.6403531432151794,0.5,0.5,0.5,0.7156012654304504,0.5,0.5,0.5,0.5,0.5,0.4053482115268707,0.49603134393692017,0.5,0.5,0.8921867609024048,0.5,0.808588981628418,0.8448720574378967,0.7988326549530029,0.8220840692520142,0.5127161741256714,0.5,0.48707643151283264,0.6169084310531616,0.4427008330821991,0.7179362773895264,0.5,0.7262850403785706,0.5,0.7853889465332031,0.788447380065918,0.8529061079025269,0.4958743453025818,0.5,0.7813196182250977,0.6161928176879883,0.8633361458778381,0.8112345933914185,0.8957470655441284,0.7884911298751831,0.8411015272140503,0.5,0.8121025562286377,0.8450224995613098,nan,24.931341648101807,0.030789414420723915,-0.9440903850843958,0.0750422403216362
2,3.015193462371826,0.11768213659524918,0.6872773766517639,0.5,0.5,0.5,0.8096556663513184,0.5,0.5,0.5,0.5,0.5,0.46660974621772766,0.6926062107086182,0.5,0.5,0.8638451099395752,0.5,0.7857942581176758,0.8841980695724487,0.87046217918396,0.8938647508621216,0.8139925003051758,0.5,0.5967054963111877,0.8948825597763062,0.6239179372787476,0.835659921169281,0.5,0.859114408493042,0.5,0.775923490524292,0.8347418904304504,0.8675591945648193,0.6891406774520874,0.5,0.7604050040245056,0.7805541753768921,0.8678131699562073,0.8132695555686951,0.8934059143066406,0.7897628545761108,0.8490386009216309,0.5,0.7926161289215088,0.8593674898147583,nan,25.087684869766235,0.04993624985218048,-1.5750299627578777,0.11768213659524918

3,2.838087797164917,0.15793658792972565,0.7255393266677856,0.5,0.49633660912513733,0.5,0.8355635404586792,0.6916395425796509,0.5,0.5,0.6267776489257812,0.5,0.5490244030952454,0.8498057126998901,0.5,0.7991872429847717,0.8638449311256409,0.5,0.7845222353935242,0.8911169767379761,0.883892834186554,0.8960518836975098,0.8915248513221741,0.5,0.7922651767730713,0.8777856826782227,0.7549697160720825,0.8450711965560913,0.48346373438835144,0.8539233207702637,0.5,0.7712934017181396,0.8358097076416016,0.879770040512085,0.7652438879013062,0.7517725229263306,0.7580136060714722,0.750330924987793,0.8754452466964722,0.811132550239563,0.8972728252410889,0.7848275303840637,0.8588075637817383,0.5,0.8193244934082031,0.8704589605331421,nan,25.135230779647827,0.08502113819122314,-2.2269200434114595,0.15793658792972565

4,2.702389717102051,0.18169167637825012,0.7524518966674805,0.46667107939720154,0.4751141369342804,0.5,0.8325385451316833,0.8225886821746826,0.5,0.6999340653419495,0.824165940284729,0.8166894316673279,0.6436479091644287,0.8691362142562866,0.5,0.854792594909668,0.8634376525878906,0.5,0.7924087047576904,0.8912695646286011,0.8888786435127258,0.8997659683227539,0.8915755748748779,0.48610883951187134,0.839780330657959,0.868118405342102,0.7765375375747681,0.8405933380126953,0.5379433631896973,0.8506665229797363,0.48280203342437744,0.7697669267654419,0.8334692120552063,0.88490891456604,0.7683942317962646,0.8447191715240479,0.7575557231903076,0.753434419631958,0.8800244331359863,0.8070621490478516,0.9007835388183594,0.7796376943588257,0.8612496256828308,0.5,0.8119468688964844,0.8691869378089905,nan,24.75583529472351,0.11257069557905197,-2.9082069594134228,0.18169167637825012

5,2.593597888946533,0.19570618867874146,0.7827739119529724,0.7139674425125122,0.7129498720169067,0.5,0.8324551582336426,0.8329667448997498,0.5,0.8656798601150513,0.8507730960845947,0.8714287281036377,0.6800203323364258,0.8649638891220093,0.5,0.8595744967460632,0.8592146039009094,0.5,0.7984634041786194,0.8978325128555298,0.8896418809890747,0.9027169942855835,0.8999190330505371,0.6305338740348816,0.8386094570159912,0.8666937947273254,0.7816227078437805,0.8337238430976868,0.7441856861114502,0.8453242778778076,0.6234112977981567,0.7686984539031982,0.837386965751648,0.8844512104988098,0.7577090263366699,0.8581498265266418,0.7587260007858276,0.7618805170059204,0.8788541555404663,0.8091482520103455,0.9042942523956299,0.7778569459915161,0.8606899380683899,0.5,0.8131680488586426,0.8608936667442322,nan,24.585689544677734,0.1310884952545166,-3.603104091925242,0.19570618867874146

6,2.493651866912842,0.2254249006509781,0.798535943031311,0.823398232460022,0.8089501857757568,0.5,0.8376118540763855,0.8625253438949585,0.5,0.8747866153717041,0.8696478605270386,0.8926947116851807,0.6447616815567017,0.8652182817459106,0.46504485607147217,0.8794668912887573,0.8576375246047974,0.5,0.7992266416549683,0.8915744423866272,0.8899978399276733,0.9038363695144653,0.9036328792572021,0.8336753845214844,0.8440021276473999,0.8667446970939636,0.7778571248054504,0.8228861093521118,0.7736395597457886,0.8493436574935913,0.7656022310256958,0.771903932094574,0.8418133854866028,0.8870967626571655,0.7572509050369263,0.8723441362380981,0.7594382762908936,0.7641701698303223,0.8775312900543213,0.8174417018890381,0.9054136276245117,0.7862521409988403,0.8593670129776001,0.522586464881897,0.8186628818511963,0.8565686345100403,nan,25.062448740005493,0.1654442846775055,-4.346944353782139,0.2254249006509781
7,2.3947386741638184,0.24609880149364471,0.8134322762489319,0.8513283729553223,0.8393226265907288,0.5,0.8509777784347534,0.875956654548645,0.5,0.8871493935585022,0.87610924243927,0.8918299674987793,0.6365700960159302,0.8684746026992798,0.6250907778739929,0.8864879608154297,0.8668464422225952,0.661168098449707,0.7957159280776978,0.7935791015625,0.8898449540138245,0.9021573066711426,0.8985961675643921,0.8318940997123718,0.8516336679458618,0.8703571557998657,0.7792815566062927,0.8184084892272949,0.785338282585144,0.8536175489425659,0.7735871076583862,0.7782639265060425,0.8436959385871887,0.8867406249046326,0.7634069323539734,0.884249210357666,0.753434419631958,0.7594382762908936,0.8727485537528992,0.8247684836387634,0.9041416645050049,0.7888470888137817,0.8601810932159424,0.7844278812408447,0.8171875476837158,0.8506156206130981,nan,24.408829927444458,0.18504071235656738,-5.151240911579502,0.24609880149364471

8,2.3099024295806885,0.26756784319877625,0.8302170634269714,0.7989215850830078,0.8506675958633423,0.7896750569343567,0.8508669137954712,0.8835372924804688,0.5,0.889591634273529,0.8747867941856384,0.8988001346588135,0.6465922594070435,0.8712221384048462,0.7922099232673645,0.898087739944458,0.8703571557998657,0.8705650568008423,0.7962247133255005,0.8000916242599487,0.8876572847366333,0.9026152491569519,0.8977311849594116,0.8437985777854919,0.8487848043441772,0.873511791229248,0.784674882888794,0.8177978992462158,0.7892038822174072,0.8563142418861389,0.7857446670532227,0.7795868515968323,0.8458837866783142,0.883942186832428,0.7651879787445068,0.8919825553894043,0.754604697227478,0.755317211151123,0.8703063130378723,0.8269054889678955,0.9041416645050049,0.7913403511047363,0.8579932451248169,0.7911888360977173,0.8145926594734192,0.8457820415496826,nan,25.01152467727661,0.21257701516151428,-5.966258825619288,0.26756784319877625

9,2.22369647026062,0.2847629487514496,0.8392318487167358,0.7577085494995117,0.8552972674369812,0.8679194450378418,0.8504090309143066,0.8969683647155762,0.7749711275100708,0.8954930901527405,0.8901002407073975,0.9031244516372681,0.66007399559021,0.8712730407714844,0.773532509803772,0.8956457376480103,0.8687798976898193,0.8712771534919739,0.8019232749938965,0.7973953485488892,0.8910151720046997,0.903581976890564,0.8992066979408264,0.8495982885360718,0.8539230823516846,0.8720871210098267,0.785438060760498,0.8167803287506104,0.7899157404899597,0.8566194772720337,0.7906280755996704,0.7811132669448853,0.8465452194213867,0.8810422420501709,0.7676299810409546,0.8994612693786621,0.7556222677230835,0.7570469379425049,0.8694921731948853,0.8293477296829224,0.9053118824958801,0.7941386103630066,0.8576371073722839,0.7908318042755127,0.8149487972259521,0.8405413627624512,nan,24.958276510238647,0.23365823924541473,-6.7704174222605875,0.2847629487514496
10,2.1527674198150635,0.30593380331993103,0.8412243127822876,0.7609646916389465,0.7894577980041504,0.8886762261390686,0.8509686589241028,0.8952895402908325,0.8365292549133301,0.893509030342102,0.8906599283218384,0.9008350372314453,0.6571739912033081,0.8714256286621094,0.7721583247184753,0.9050576686859131,0.8683728575706482,0.8881165981292725,0.8110308647155762,0.7997356653213501,0.8901504278182983,0.9051083326339722,0.9019031524658203,0.8482756018638611,0.8561618328094482,0.8717309236526489,0.7891014814376831,0.8175944089889526,0.7918998599052429,0.8580441474914551,0.789050817489624,0.7853871583938599,0.8489366173744202,0.8819578886032104,0.770377516746521,0.8997665643692017,0.7570977807044983,0.7592856287956238,0.869848370552063,0.8321970105171204,0.9061260223388672,0.7969878911972046,0.8601810932159424,0.7888985872268677,0.8195278644561768,0.8405413627624512,nan,25.610748291015625,0.256125807762146,-7.53907073756215,0.30593380331993103

11,2.0918238162994385,0.3142828643321991,0.8427926898002625,0.760659396648407,0.7675790786743164,0.8846060037612915,0.8543864488601685,0.8968666791915894,0.8596262335777283,0.9040910005569458,0.8945263624191284,0.904294490814209,0.6820520758628845,0.8712730407714844,0.7684949636459351,0.9066348075866699,0.868678092956543,0.8991053700447083,0.8167294263839722,0.801261842250824,0.8978835940361023,0.9064821004867554,0.9031751155853271,0.8118957877159119,0.8589602112770081,0.8719344735145569,0.7901699542999268,0.8191207647323608,0.7922051548957825,0.8583494424819946,0.785336971282959,0.7937315702438354,0.8496997952461243,0.8828737139701843,0.774753212928772,0.9056171774864197,0.7586750984191895,0.7606085538864136,0.8709677457809448,0.832146167755127,0.9078558683395386,0.8014144897460938,0.8607916831970215,0.7897635698318481,0.8193751573562622,0.8380482196807861,nan,24.617929697036743,0.2667768597602844,-8.253642017852476,0.3142828643321991
12,2.0342981815338135,0.3336646556854248,0.843731164932251,0.7626945972442627,0.7689020037651062,0.8966124057769775,0.8582621216773987,0.905871570110321,0.8718870878219604,0.9016998410224915,0.9036839008331299,0.899868369102478,0.7033193111419678,0.8712730407714844,0.7693090438842773,0.9001227617263794,0.8680675625801086,0.900580644607544,0.8202401399612427,0.8025338649749756,0.8999185562133789,0.9068382978439331,0.9035822153091431,0.7584208846092224,0.8586040735244751,0.8715783357620239,0.7909331321716309,0.8190190196037292,0.7894068956375122,0.8606390953063965,0.7869648933410645,0.7975475788116455,0.8508700132369995,0.8831790089607239,0.780299186706543,0.9034295082092285,0.7595400810241699,0.7633051872253418,0.871374785900116,0.8355550765991211,0.9079576730728149,0.804111123085022,0.8622163534164429,0.7931724786758423,0.8232929706573486,0.8364200592041016,nan,25.055471420288086,0.2868880331516266,-9.01442489267616,0.3336646556854248
13,2.00631046295166,0.33624887466430664,0.844023585319519,0.7641192674636841,0.7678337097167969,0.8971720933914185,0.8453866243362427,0.8952386975288391,0.8840461373329163,0.8994104266166687,0.8989015817642212,0.9026665687561035,0.7014884948730469,0.873867928981781,0.7680881023406982,0.9022086262702942,0.869848370552063,0.8945775032043457,0.8219701051712036,0.8030426502227783,0.8952380418777466,0.9072961807250977,0.8994104266166687,0.7582173347473145,0.8592146039009094,0.8745802640914917,0.7955123782157898,0.8230894804000854,0.7968352437019348,0.8618093132972717,0.7852354049682617,0.8037040829658508,0.8512262105941772,0.8822122812271118,0.7820290923118591,0.8975789546966553,0.7627964019775391,0.7653403878211975,0.8716800212860107,0.8381500244140625,0.908720850944519,0.8074692487716675,0.8635901212692261,0.795665442943573,0.82176673412323,0.8388622999191284,nan,24.456923961639404,0.290031373500824,-9.658615910050742,0.33624887466430664

14,1.956156611442566,0.36099791526794434,0.8465834856033325,0.7625420093536377,0.7670194506645203,0.9001736640930176,0.8598392009735107,0.9033786058425903,0.8960016965866089,0.9034295082092285,0.8945263624191284,0.9040910005569458,0.7246366739273071,0.8731555938720703,0.7693599462509155,0.9037348031997681,0.8685764074325562,0.9021577835083008,0.8262439966201782,0.7969883680343628,0.8984941244125366,0.9073470830917358,0.9068382978439331,0.7602523565292358,0.862267255783081,0.8731555938720703,0.7947491407394409,0.8228350877761841,0.7928670644760132,0.8625216484069824,0.7870668768882751,0.8108781576156616,0.8517858982086182,0.8838913440704346,0.7870153784751892,0.9036330580711365,0.7623893022537231,0.7698687314987183,0.8714765310287476,0.8396763801574707,0.9092296361923218,0.8095046281814575,0.8635901212692261,0.7954110503196716,0.827923059463501,0.8371323943138123,nan,24.554341316223145,0.31490272283554077,-10.336325464683739,0.36099791526794434

15,1.9186756610870361,0.37908756732940674,0.847561240196228,0.7578105926513672,0.7675790786743164,0.8998174667358398,0.858914315700531,0.8989524841308594,0.8973243236541748,0.901190996170044,0.8989015817642212,0.905871570110321,0.7331336736679077,0.8751399517059326,0.7696652412414551,0.9037857055664062,0.8656761646270752,0.8995630741119385,0.8282792568206787,0.7996338605880737,0.9021064043045044,0.9083647131919861,0.9049050807952881,0.760659396648407,0.860842764377594,0.8746820092201233,0.7958176136016846,0.8244632482528687,0.8004477024078369,0.8640480041503906,0.7892038822174072,0.8151521682739258,0.8523964881896973,0.8840948343276978,0.7899155616760254,0.8989015817642212,0.7639157772064209,0.7727689146995544,0.8723924160003662,0.8428818583488464,0.910247266292572,0.8122519254684448,0.8648112416267395,0.7959706783294678,0.8297549486160278,0.838607907295227,nan,24.70154619216919,0.33419111371040344,-10.995044716972561,0.37908756732940674

16,1.869041919708252,0.4041347801685333,0.8489735722541809,0.7637630701065063,0.7689528465270996,0.9035822153091431,0.863298773765564,0.900834858417511,0.9013434648513794,0.9054136276245117,0.9007331132888794,0.9033786058425903,0.7417321801185608,0.8770734071731567,0.7707337141036987,0.9056171774864197,0.8620637059211731,0.8991560339927673,0.8301618099212646,0.8011600971221924,0.876717209815979,0.910247266292572,0.9093314409255981,0.7617787718772888,0.8649129867553711,0.8754960894584656,0.7954614758491516,0.8237000107765198,0.8003461956977844,0.8656253218650818,0.7863041162490845,0.8199348449707031,0.8519385457038879,0.8876564502716064,0.7955123782157898,0.904904842376709,0.7651877403259277,0.7777551412582397,0.873511791229248,0.8432379961013794,0.9129948019981384,0.8140836358070374,0.8660323619842529,0.7991248369216919,0.8332148194313049,0.8381500244140625,nan,24.98311161994934,0.360969215631485,-11.71035336182684,0.4041347801685333

17,1.8255914449691772,0.41308021545410156,0.8473948240280151,0.7644754648208618,0.7672231197357178,0.9054645299911499,0.8647741079330444,0.902768075466156,0.9039381742477417,0.9030225276947021,0.9049557447433472,0.9053118824958801,0.6874938607215881,0.8782944679260254,0.7715986967086792,0.901190996170044,0.8593670129776001,0.903124213218689,0.8321970105171204,0.8013635873794556,0.8014144897460938,0.9127912521362305,0.9114683866500854,0.7629998922348022,0.8660832643508911,0.8765645623207092,0.7953088283538818,0.8262948989868164,0.8012620210647583,0.8674570322036743,0.792205810546875,0.82237708568573,0.8523964881896973,0.8894372582435608,0.8026864528656006,0.9026154279708862,0.7672230005264282,0.7810114622116089,0.8734608888626099,0.8461381793022156,0.9140124320983887,0.8208507299423218,0.8664394021034241,0.7973442673683167,0.837844729423523,0.8381500244140625,nan,24.605990409851074,0.3757128119468689,-12.414314933544054,0.41308021545410156

18,1.8021289110183716,0.43256136775016785,0.8470030426979065,0.765849232673645,0.7706319093704224,0.8991560339927673,0.8623229265213013,0.901038408279419,0.8932032585144043,0.9032260179519653,0.9008857607841492,0.9012418985366821,0.6486720442771912,0.8816525936126709,0.7733794450759888,0.9057189226150513,0.8591126203536987,0.9012418985366821,0.8355550765991211,0.8031952381134033,0.7980059385299683,0.9140633344650269,0.9127404093742371,0.7639666199684143,0.8665920495986938,0.8800753355026245,0.7975984811782837,0.8288389444351196,0.806604266166687,0.8682711124420166,0.7945969104766846,0.8246667385101318,0.8534140586853027,0.8902004957199097,0.8020250201225281,0.9051592350006104,0.7685967087745667,0.782792329788208,0.873664379119873,0.8494962453842163,0.9150809049606323,0.8202401399612427,0.8678640127182007,0.7987688779830933,0.837386965751648,0.8388622999191284,nan,24.895511388778687,0.39546531438827515,-13.089004402854501,0.43256136775016785
19,1.7582416534423828,0.4414074122905731,0.8482662439346313,0.7656456828117371,0.7716495394706726,0.9049557447433472,0.866860032081604,0.904752254486084,0.9008346796035767,0.9048539400100708,0.9003260731697083,0.904904842376709,0.6459753513336182,0.8812455534934998,0.7737865447998047,0.9050066471099854,0.8577897548675537,0.904904842376709,0.8366744518280029,0.8015670776367188,0.8002951145172119,0.9149282574653625,0.9141141772270203,0.7634069323539734,0.8690851926803589,0.8799735307693481,0.7968352437019348,0.8283810019493103,0.8047218918800354,0.8695939779281616,0.8011600971221924,0.8268545866012573,0.853261411190033,0.8911163210868835,0.8059936761856079,0.9023610353469849,0.7697669267654419,0.7853871583938599,0.8735626339912415,0.8530070185661316,0.9155896902084351,0.8229367733001709,0.8689325451850891,0.7969881296157837,0.8416098356246948,0.8388113975524902,nan,24.347142696380615,0.40870875120162964,-13.777587669197388,0.4414074122905731

20,1.7391403913497925,0.44021469354629517,0.8484743237495422,0.7673755884170532,0.7735320925712585,0.9032260179519653,0.8638491630554199,0.9005296230316162,0.8997661471366882,0.9052610397338867,0.9027172327041626,0.9032769203186035,0.6412943601608276,0.8829754590988159,0.7732270359992981,0.9012418985366821,0.8591126203536987,0.9032260179519653,0.8393710851669312,0.8015164136886597,0.7978024482727051,0.9164037704467773,0.9125880002975464,0.7652895450592041,0.868678092956543,0.8825684785842896,0.7990230917930603,0.8299074172973633,0.8076729774475098,0.8703571557998657,0.7959200143814087,0.8281265497207642,0.8522946834564209,0.8922356367111206,0.8080289363861084,0.9022084474563599,0.7710898518562317,0.7877277135848999,0.8753434419631958,0.8552966117858887,0.917116105556488,0.8233947157859802,0.8700010180473328,0.7986162900924683,0.8400327563285828,0.8411519527435303,nan,24.415921449661255,0.4110589027404785,-14.419093138180342,0.44021469354629517

21,1.7205430269241333,0.45144617557525635,0.8483021259307861,0.7679352760314941,0.7723112106323242,0.902971625328064,0.8633313179016113,0.9003260731697083,0.8996644020080566,0.9027172327041626,0.9025136828422546,0.9051592350006104,0.6281164288520813,0.8829754590988159,0.7752619981765747,0.8985963463783264,0.8602828979492188,0.9028189778327942,0.840337872505188,0.8031952381134033,0.7991759777069092,0.9160476326942444,0.9102985858917236,0.7607616186141968,0.8702554106712341,0.8831790089607239,0.7989722490310669,0.8311793804168701,0.808639645576477,0.8723924160003662,0.8012111186981201,0.8296530246734619,0.8513281345367432,0.8921847939491272,0.8077744841575623,0.901648759841919,0.7706828117370605,0.7897628545761108,0.8744275569915771,0.8553475141525269,0.9164037704467773,0.8238526582717896,0.8696957230567932,0.7978530526161194,0.8396257162094116,0.8420169353485107,nan,24.69641351699829,0.42026621103286743,-15.089936482670554,0.45144617557525635
22,1.6987186670303345,0.45621708035469055,0.8491353988647461,0.7691563963890076,0.7744479179382324,0.9007840156555176,0.8703703880310059,0.9047013521194458,0.8992064595222473,0.9027172327041626,0.9045995473861694,0.9052610397338867,0.6330518126487732,0.8833825588226318,0.7726165056228638,0.9052610397338867,0.8589600324630737,0.9028698205947876,0.839880108833313,0.8037549257278442,0.7987688779830933,0.9165564179420471,0.9155896902084351,0.7631018757820129,0.8701539039611816,0.8832298517227173,0.8019232749938965,0.8309249877929688,0.8055872917175293,0.8746820092201233,0.7935799956321716,0.8300091624259949,0.8555001616477966,0.890404224395752,0.8076729774475098,0.9011399149894714,0.7730741500854492,0.7925612926483154,0.8748346567153931,0.8570774793624878,0.9166581630706787,0.8234964609146118,0.8703571557998657,0.8004477024078369,0.8396766185760498,0.8414572477340698,nan,24.328007221221924,0.4184466600418091,-15.676788226947457,0.45621708035469055
23,1.6646806001663208,0.4729152023792267,0.8493492007255554,0.7662055492401123,0.7742953300476074,0.8963069915771484,0.8700142502784729,0.9025136828422546,0.9022082090377808,0.904904842376709,0.9024628400802612,0.9030225276947021,0.6187036037445068,0.8830263614654541,0.7748550176620483,0.9030225276947021,0.8594688177108765,0.904904842376709,0.842831015586853,0.8048743009567261,0.7966321706771851,0.9167090654373169,0.9156405925750732,0.7648824453353882,0.8723924160003662,0.8829754590988159,0.7986671328544617,0.830416202545166,0.812150239944458,0.8743767142295837,0.7985660433769226,0.8311285376548767,0.8542790412902832,0.8928971290588379,0.8147450685501099,0.9034293293952942,0.7722092270851135,0.7949017882347107,0.873867928981781,0.8592653274536133,0.9169125556945801,0.8252264261245728,0.8705098628997803,0.8001424670219421,0.8406941890716553,0.8414063453674316,nan,24.862175464630127,0.4466012418270111,-16.395894315913164,0.4729152023792267

24,1.6600583791732788,0.4640691876411438,0.8494000434875488,0.7697669267654419,0.7757708430290222,0.9032769203186035,0.8653154373168945,0.9027172327041626,0.9013432264328003,0.9006822109222412,0.9002243280410767,0.9056680202484131,0.6129540801048279,0.8842983245849609,0.775923490524292,0.9012928009033203,0.8591635227203369,0.9032260179519653,0.8436450958251953,0.8053830862045288,0.7994303703308105,0.9167599678039551,0.9148774147033691,0.7619827389717102,0.8718835711479187,0.8841966390609741,0.8060445785522461,0.8312302827835083,0.8109292984008789,0.8755978345870972,0.7936310768127441,0.8328075408935547,0.8538210988044739,0.8934059143066406,0.8138800859451294,0.9007837772369385,0.7695634365081787,0.7968860864639282,0.8760048747062683,0.8588582277297974,0.9170652627944946,0.8249720335006714,0.872341513633728,0.8006512522697449,0.8404397964477539,0.8424748182296753,nan,24.889018535614014,0.43663179874420166,-16.952878129445537,0.4640691876411438
25,1.61933434009552,0.49398669600486755,0.8505626916885376,0.7714459896087646,0.7771954536437988,0.904752254486084,0.8714896440505981,0.9022084474563599,0.9001222848892212,0.9049557447433472,0.9043960571289062,0.9049557447433472,0.6052203178405762,0.8827719688415527,0.7766866683959961,0.9054645299911499,0.861096978187561,0.904752254486084,0.8436450958251953,0.8041113615036011,0.8005495071411133,0.9170143604278564,0.9132493734359741,0.7682405710220337,0.872087299823761,0.8826701641082764,0.8075709342956543,0.8318917155265808,0.8118449449539185,0.8768189549446106,0.8040097951889038,0.8340287208557129,0.8558562994003296,0.8942199945449829,0.817645251750946,0.9010379314422607,0.7687493562698364,0.799735426902771,0.8746820092201233,0.861656665802002,0.9172178506851196,0.8270580768585205,0.8721380233764648,0.8002951145172119,0.8420169353485107,0.8440012335777283,nan,24.766669750213623,0.46179160475730896,-17.584257733453377,0.49398669600486755
26,1.5883989334106445,0.516151487827301,0.8506332635879517,0.7749060392379761,0.7808588743209839,0.9035822153091431,0.8540903329849243,0.9050574898719788,0.903022289276123,0.9059733152389526,0.9050066471099854,0.906075119972229,0.6033377647399902,0.8829754590988159,0.7807062268257141,0.9048032760620117,0.8633357286453247,0.9057698249816895,0.8442047834396362,0.805637538433075,0.8000407218933105,0.9167090654373169,0.9126386642456055,0.7716495394706726,0.8756996393203735,0.8832298517227173,0.8101149797439575,0.8336725234985352,0.8099625110626221,0.8779891729354858,0.8082833290100098,0.8337743282318115,0.85555100440979,0.8933550119400024,0.8163732290267944,0.8876564502716064,0.7655947804450989,0.8031443953514099,0.8738170266151428,0.8637427091598511,0.9170143604278564,0.8276686668395996,0.8716800212860107,0.8000407218933105,0.8374378681182861,0.8483769297599792,nan,24.599474668502808,0.4854246973991394,-18.301705516151284,0.516151487827301

27,1.559246301651001,0.5313587188720703,0.8512365221977234,0.7815711498260498,0.7853363156318665,0.9045488834381104,0.868945837020874,0.901190996170044,0.9046504497528076,0.9074488878250122,0.9057189226150513,0.9078558683395386,0.6030833721160889,0.8836877942085266,0.7852345705032349,0.9105017185211182,0.8651164770126343,0.9068382978439331,0.8436959385871887,0.80696040391922,0.7998371720314026,0.916149377822876,0.9086699485778809,0.7770937085151672,0.8771242499351501,0.8839930891990662,0.8118449449539185,0.8348937034606934,0.8100643157958984,0.8785997629165649,0.8091991543769836,0.8348428010940552,0.8545334339141846,0.8931515216827393,0.8159662485122681,0.8663885593414307,0.7651877403259277,0.8030426502227783,0.8739696741104126,0.864302396774292,0.9164037704467773,0.8269563317298889,0.871171236038208,0.8002951145172119,0.8364200592041016,0.8485804796218872,nan,24.904599905014038,0.49851563572883606,-19.07279862249458,0.5313587188720703
28,1.5335955619812012,0.5391114354133606,0.8509626388549805,0.7836064100265503,0.7837083339691162,0.908720850944519,0.8744403719902039,0.906075119972229,0.9077541828155518,0.910603404045105,0.9067873954772949,0.9114174842834473,0.5974356532096863,0.8841966390609741,0.7858960032463074,0.9116212129592896,0.866795539855957,0.9088226556777954,0.842831015586853,0.8072148561477661,0.7983618974685669,0.9163020253181458,0.905871570110321,0.7773481607437134,0.8774803876876831,0.8844510316848755,0.8170856237411499,0.8364200592041016,0.8134222030639648,0.8798717856407166,0.8052309155464172,0.8358603715896606,0.8517858982086182,0.8931515216827393,0.8136765956878662,0.8334181308746338,0.7641192674636841,0.8044673204421997,0.8734608888626099,0.8627251386642456,0.9165564179420471,0.8257861137390137,0.8715783357620239,0.8007529973983765,0.8295514583587646,0.8524473309516907,nan,24.17455792427063,0.5100767612457275,-19.876310275143886,0.5391114354133606
29,1.5254875421524048,0.524898111820221,0.8506413102149963,0.7832502126693726,0.785997748374939,0.9115701913833618,0.8743294477462769,0.9070420265197754,0.9085175395011902,0.9134527444839478,0.9075508117675781,0.9138088822364807,0.6016077995300293,0.8842983245849609,0.7862012386322021,0.9154371023178101,0.8671008348464966,0.909636914730072,0.8436450958251953,0.8060445785522461,0.801058292388916,0.9158949851989746,0.9056171774864197,0.7769922018051147,0.8758524656295776,0.8842474818229675,0.8140836358070374,0.8350462913513184,0.8117433786392212,0.8802788257598877,0.8027888536453247,0.8378956317901611,0.8501068353652954,0.8942708969116211,0.8117431402206421,0.8219701051712036,0.7652386426925659,0.8030426502227783,0.8737661838531494,0.8530071973800659,0.9165564179420471,0.8246158361434937,0.8709677457809448,0.7978530526161194,0.8316373229026794,0.8495471477508545,nan,24.6731116771698,0.49216797947883606,-20.5605243561152,0.524898111820221
30,1.5063928365707397,0.5429877638816833,0.8513463735580444,0.7842169404029846,0.785997748374939,0.9111124277114868,0.876933217048645,0.9076526165008545,0.9082123041152954,0.9141141772270203,0.9085175395011902,0.9147247076034546,0.5990638136863708,0.8859773874282837,0.7840136289596558,0.9156914949417114,0.8700518608093262,0.9134527444839478,0.8415080904960632,0.7964797019958496,0.8008038997650146,0.9155387878417969,0.9048539400100708,0.779128909111023,0.8785488605499268,0.8865370750427246,0.8207489252090454,0.8405922651290894,0.8129135966300964,0.8808385133743286,0.8071641325950623,0.837437629699707,0.8483769297599792,0.8943726420402527,0.8114378452301025,0.8197822570800781,0.7668159008026123,0.8047725558280945,0.8746311068534851,0.8537702560424805,0.9160476326942444,0.8257352113723755,0.8706115484237671,0.799735426902771,0.8309249877929688,0.8563650846481323,nan,24.36611032485962,0.5137951970100403,-21.249664637265415,0.5429877638816833

31,1.592294692993164,0.49189940094947815,0.8483321666717529,0.7839117050170898,0.7866592407226562,0.9065336585044861,0.8625314831733704,0.8990038633346558,0.8975285291671753,0.9096879959106445,0.9015985131263733,0.9082127213478088,0.6094942688941956,0.8852144479751587,0.7823857069015503,0.9106547832489014,0.8688308000564575,0.9044986963272095,0.8390151262283325,0.8014655113220215,0.7977515459060669,0.9143177270889282,0.904904842376709,0.7739906311035156,0.8703578114509583,0.8875547051429749,0.8166283369064331,0.839727520942688,0.808742105960846,0.8791087865829468,0.7935804128646851,0.831637978553772,0.8498015403747559,0.8945761919021606,0.8102680444717407,0.8114887475967407,0.7626444101333618,0.8049762845039368,0.8744784593582153,0.8499542474746704,0.9130458831787109,0.8262951374053955,0.8704080581665039,0.7963268756866455,0.8305179476737976,0.8565686345100403,nan,24.511657238006592,0.45677050948143005,-21.54366175017695,0.49189940094947815
32,1.4739488363265991,0.5532253384590149,0.8518190383911133,0.7850310802459717,0.7837592363357544,0.9152843952178955,0.8789682388305664,0.9116719365119934,0.9107562899589539,0.9158440828323364,0.9057195782661438,0.9160984754562378,0.5957565903663635,0.8845527768135071,0.7862012386322021,0.9164546728134155,0.8713239431381226,0.9152335524559021,0.8403887152671814,0.8035005331039429,0.8001424670219421,0.9150809049606323,0.9049557447433472,0.780451774597168,0.8796682357788086,0.8857229948043823,0.8249211311340332,0.842831015586853,0.8117942810058594,0.8806350231170654,0.8053326606750488,0.8379464745521545,0.8491910099983215,0.893660306930542,0.812302827835083,0.8104711771011353,0.7683931589126587,0.8122010827064514,0.8729521036148071,0.8529052734375,0.9164037704467773,0.8254299163818359,0.8687801361083984,0.7991248369216919,0.8296023607254028,0.8595705628395081,nan,24.383787870407104,0.5167157053947449,-22.509940046259807,0.5532253384590149

33,1.4425214529037476,0.5696252584457397,0.8522870540618896,0.7846239805221558,0.7852345705032349,0.9154371023178101,0.8787647485733032,0.9122315645217896,0.9135036468505859,0.9158440828323364,0.9124351143836975,0.9160476326942444,0.5864964127540588,0.8845018744468689,0.7856924533843994,0.9162002801895142,0.8721380233764648,0.9153861999511719,0.8398799300193787,0.8041620254516602,0.7999389171600342,0.9155387878417969,0.9050066471099854,0.7804009318351746,0.8798209428787231,0.8853668570518494,0.8271598815917969,0.8457311391830444,0.8151012659072876,0.8806350231170654,0.8096061944961548,0.838455319404602,0.8478680849075317,0.8939656019210815,0.8091991543769836,0.809657096862793,0.7723618745803833,0.8156609535217285,0.8744784593582153,0.8514297008514404,0.9163020253181458,0.82354736328125,0.8703063130378723,0.7963266372680664,0.8319934606552124,0.8627251386642456,nan,25.219149827957153,0.5373983979225159,-23.29629953693602,0.5696252584457397
34,1.4213274717330933,0.5816519260406494,0.8531851172447205,0.7848275303840637,0.785285472869873,0.9162002801895142,0.8790700435638428,0.9136053323745728,0.91309654712677,0.9163528680801392,0.9132492542266846,0.9164546728134155,0.5908721089363098,0.8861300945281982,0.7854889631271362,0.9164546728134155,0.8763101696968079,0.9162002801895142,0.840490460395813,0.8051795959472656,0.8016688823699951,0.9158440828323364,0.9045995473861694,0.7810623645782471,0.8798209428787231,0.8883687853813171,0.8302127122879028,0.8492927551269531,0.8187137842178345,0.8805332183837891,0.8057397603988647,0.8390149474143982,0.8479189872741699,0.894983172416687,0.8087921142578125,0.809453547000885,0.7766357660293579,0.816678524017334,0.8737152814865112,0.8524982333183289,0.9163020253181458,0.8234456181526184,0.8695430755615234,0.7986160516738892,0.8326549530029297,0.8653709292411804,nan,24.104243278503418,0.5475148558616638,-24.05854754139398,0.5816519260406494
35,1.4026459455490112,0.5863234400749207,0.8527031540870667,0.7849801778793335,0.7854889631271362,0.9160984754562378,0.8791208863258362,0.9137580394744873,0.9117230176925659,0.9162511825561523,0.913300096988678,0.9165055751800537,0.5908212065696716,0.8870458602905273,0.785641610622406,0.9163020253181458,0.8762593269348145,0.9160476326942444,0.8414572477340698,0.8052304983139038,0.8015670776367188,0.9159967303276062,0.9046504497528076,0.7822326421737671,0.8799735307693481,0.8883687853813171,0.8311285376548767,0.8504630327224731,0.8214104175567627,0.8811947107315063,0.778518557548523,0.8393710851669312,0.8477154970169067,0.8948814868927002,0.8075200915336609,0.8093518018722534,0.7785183787345886,0.8168820738792419,0.8725959062576294,0.8527017831802368,0.9164546728134155,0.8238526582717896,0.8695939779281616,0.7984634041786194,0.830161988735199,0.8659814596176147,nan,24.92517590522766,0.556136429309845,-24.86481497290357,0.5863234400749207

36,1.3887022733688354,0.5901997685432434,0.8518964052200317,0.7851327657699585,0.785641610622406,0.9160984754562378,0.8796296119689941,0.9119774103164673,0.9143177270889282,0.9163020253181458,0.9111124277114868,0.9163528680801392,0.5961636304855347,0.8884196281433105,0.7858960032463074,0.9163528680801392,0.8790577054023743,0.9160984754562378,0.8433398008346558,0.8048743009567261,0.8033987879753113,0.9163020253181458,0.904752254486084,0.7826905250549316,0.8799735307693481,0.8907092809677124,0.8338251709938049,0.8534140586853027,0.8211051225662231,0.8810420036315918,0.7152742147445679,0.8392184972763062,0.8485804796218872,0.8957972526550293,0.8064007759094238,0.8097588419914246,0.7794851064682007,0.816525936126709,0.8734608888626099,0.8529052734375,0.9166073203086853,0.8239544034004211,0.8695939779281616,0.7990739941596985,0.8302637338638306,0.8691869378089905,nan,24.592244863510132,0.5621830224990845,-25.634323327895153,0.5901997685432434
37,1.367170810699463,0.6005367040634155,0.8514249324798584,0.785285472869873,0.7855398654937744,0.9164546728134155,0.8801892995834351,0.914979100227356,0.9147247076034546,0.9165055751800537,0.9137580394744873,0.9165055751800537,0.5920423269271851,0.8900477886199951,0.785641610622406,0.9165055751800537,0.8812963962554932,0.9165055751800537,0.8449170589447021,0.8055357933044434,0.8048743009567261,0.9163528680801392,0.9047013521194458,0.7831993103027344,0.8805332183837891,0.8925918340682983,0.8356059789657593,0.8558053970336914,0.8214104175567627,0.88109290599823,0.7126286625862122,0.8409992456436157,0.8488348722457886,0.8964587450027466,0.805433988571167,0.8094027042388916,0.7818255424499512,0.8171364665031433,0.8724432587623596,0.8527017831802368,0.9165564179420471,0.8239544034004211,0.8695939779281616,0.7986160516738892,0.7881349325180054,0.8719344735145569,nan,24.960082292556763,0.571589469909668,-26.460231164117634,0.6005367040634155

38,1.3494020700454712,0.6092833876609802,0.8509151935577393,0.7854889631271362,0.785845160484314,0.9164037704467773,0.8802909851074219,0.9154879450798035,0.9140124320983887,0.9165055751800537,0.9141141772270203,0.9165055751800537,0.5903632640838623,0.8929988741874695,0.7857942581176758,0.9165055751800537,0.8836369514465332,0.9164546728134155,0.8452223539352417,0.805637538433075,0.8064516186714172,0.9164546728134155,0.9045995473861694,0.7840133905410767,0.8806858658790588,0.8952376246452332,0.8371832370758057,0.8571791648864746,0.8215121626853943,0.8813472986221313,0.7148163318634033,0.8398290276527405,0.8501068353652954,0.8983412981033325,0.8047725558280945,0.8093008995056152,0.7838608026504517,0.8180522918701172,0.8735626339912415,0.8543807864189148,0.9165564179420471,0.8249720335006714,0.8694921731948853,0.7983616590499878,0.7409178614616394,0.8734608888626099,nan,24.9017333984375,0.5812351107597351,-27.319535786536115,0.6092833876609802
39,1.3594166040420532,0.6011331081390381,0.850430965423584,0.7856924533843994,0.7863030433654785,0.9140634536743164,0.8776363134384155,0.9133002758026123,0.9100950956344604,0.9163020253181458,0.9117230176925659,0.9164037704467773,0.5947389602661133,0.8956955671310425,0.7841154336929321,0.9165564179420471,0.8836877942085266,0.9140634536743164,0.8452732563018799,0.8058919310569763,0.8026360273361206,0.9169125556945801,0.9048539400100708,0.7840133905410767,0.8801770210266113,0.897323727607727,0.8399816751480103,0.8577897548675537,0.8200368285179138,0.8814491033554077,0.710491955280304,0.8396763801574707,0.8506665229797363,0.900376558303833,0.8077744841575623,0.8096061944961548,0.7825887799263,0.8146433234214783,0.8765137195587158,0.8548387289047241,0.9169634580612183,0.8244125247001648,0.8703063130378723,0.7905269861221313,0.7411724925041199,0.8691873550415039,nan,25.062363862991333,0.5716480016708374,-28.197013585779093,0.6011331081390381
40,1.4751460552215576,0.5266872048377991,0.8472943305969238,0.7828433513641357,0.7810628414154053,0.9118247628211975,0.8671194314956665,0.9070931673049927,0.9066352248191833,0.9098915457725525,0.8996652364730835,0.9125370979309082,0.6089345812797546,0.8943217992782593,0.7839118838310242,0.9040409326553345,0.8817034959793091,0.9052618741989136,0.8427294492721558,0.7998373508453369,0.8048743009567261,0.9164037704467773,0.900834858417511,0.782792329788208,0.8725456595420837,0.895186722278595,0.8399816751480103,0.8511755466461182,0.8134230375289917,0.8804316520690918,0.7095254063606262,0.83952397108078,0.847054660320282,0.8950343132019043,0.7991770505905151,0.8076220750808716,0.7829958200454712,0.8139309883117676,0.8743768930435181,0.8481736183166504,0.9170143604278564,0.8312302827835083,0.8686274290084839,0.7973951101303101,0.7273343801498413,0.8648114204406738,nan,25.134472370147705,0.5014573335647583,-28.12149825881459,0.5266872048377991

41,1.339229941368103,0.5981512665748596,0.8510111570358276,0.7843695878982544,0.7849801778793335,0.916149377822876,0.874625563621521,0.9108580350875854,0.9140124320983887,0.9163020253181458,0.9121807217597961,0.9143179059028625,0.5946881175041199,0.8967640399932861,0.7855398654937744,0.9163528680801392,0.886435329914093,0.9139108657836914,0.8457820415496826,0.8029917478561401,0.8062480688095093,0.9157931804656982,0.9045995473861694,0.7832502126693726,0.8753947615623474,0.8991044759750366,0.8425257205963135,0.8555001616477966,0.8217665553092957,0.8813982009887695,0.7090674638748169,0.84013432264328,0.8529561758041382,0.8982903957366943,0.8125063180923462,0.809453547000885,0.7835555076599121,0.8202910423278809,0.8767681121826172,0.8519385457038879,0.9162002801895142,0.8288389444351196,0.8700518608093262,0.7992775440216064,0.7445814609527588,0.8717309236526489,nan,24.743338108062744,0.5785444974899292,-29.18238930512157,0.5981512665748596
42,1.313287615776062,0.6124639511108398,0.8519334197044373,0.7848275303840637,0.7851327657699585,0.9159458875656128,0.879426121711731,0.9137580394744873,0.9143177270889282,0.9139108657836914,0.9132492542266846,0.916149377822876,0.5950442552566528,0.8984431028366089,0.7854889631271362,0.9162002801895142,0.8877073526382446,0.9159458875656128,0.8458329439163208,0.8048234581947327,0.8071130514144897,0.9166073203086853,0.9047013521194458,0.7830467224121094,0.8799735307693481,0.9008344411849976,0.8433906435966492,0.8573318719863892,0.819731593132019,0.8813982009887695,0.7127304077148438,0.840337872505188,0.8546351790428162,0.9010888338088989,0.8116413950920105,0.8093518018722534,0.7843186855316162,0.8198330998420715,0.8786506652832031,0.8517858982086182,0.9166073203086853,0.8300091624259949,0.8692886829376221,0.7989213466644287,0.7483972907066345,0.8737661838531494,nan,25.01890468597412,0.5915465950965881,-30.0687362933275,0.6124639511108398

43,1.2907307147979736,0.6233972907066345,0.8526707887649536,0.7847766280174255,0.785285472869873,0.9165055751800537,0.8798331022262573,0.9146230220794678,0.9148774147033691,0.9165055751800537,0.9138597846031189,0.9165564179420471,0.5943319201469421,0.9033275842666626,0.7854889631271362,0.9166073203086853,0.8907601833343506,0.9165055751800537,0.8455276489257812,0.8051286935806274,0.8076218366622925,0.9164037704467773,0.9046504497528076,0.7833011150360107,0.8803805708885193,0.9051592350006104,0.8450697064399719,0.8588582277297974,0.8193753957748413,0.8812963962554932,0.7123742699623108,0.8385570049285889,0.8543807864189148,0.9023608565330505,0.812150239944458,0.809453547000885,0.7848783731460571,0.8234964609146118,0.8798209428787231,0.8527017831802368,0.9165055751800537,0.8313829302787781,0.8693904876708984,0.798209011554718,0.7492113709449768,0.8766154050827026,nan,24.673768520355225,0.5973047018051147,-30.989866692933845,0.6233972907066345
44,1.2984732389450073,0.612066388130188,0.8525506258010864,0.7844204902648926,0.7851327657699585,0.9142670631408691,0.8791717290878296,0.9124352931976318,0.9132493734359741,0.9164546728134155,0.9139615297317505,0.9166073203086853,0.5971303582191467,0.9039381742477417,0.785285472869873,0.9166073203086853,0.8895390033721924,0.9164546728134155,0.8455276489257812,0.8047725558280945,0.8073165416717529,0.9163528680801392,0.904752254486084,0.7799941301345825,0.8797191381454468,0.904904842376709,0.8437976837158203,0.8590108752250671,0.8215630054473877,0.8806350231170654,0.7111024856567383,0.8384044170379639,0.8558562994003296,0.902411699295044,0.8146941661834717,0.8097588419914246,0.7867609262466431,0.8243105411529541,0.8771753311157227,0.8518876433372498,0.9164037704467773,0.8334181308746338,0.8697466254234314,0.7990739941596985,0.7492622137069702,0.8758013248443604,nan,24.343156814575195,0.5870212316513062,-31.658023201415702,0.612066388130188

45,1.2686938047409058,0.6258821487426758,0.8533827066421509,0.784115195274353,0.7844713926315308,0.9164546728134155,0.8789682388305664,0.9133511781692505,0.9152335524559021,0.9164546728134155,0.9149282574653625,0.9165564179420471,0.5990638136863708,0.907397985458374,0.7846239805221558,0.9165055751800537,0.8920830488204956,0.9164546728134155,0.8451714515686035,0.806604266166687,0.8076727390289307,0.9167090654373169,0.9048030972480774,0.781622052192688,0.8795156478881836,0.908568263053894,0.8453240990638733,0.8608425855636597,0.8217157125473022,0.8809911608695984,0.7123742699623108,0.8373359441757202,0.8576880097389221,0.9036837220191956,0.8142871856689453,0.8095043897628784,0.7843695878982544,0.8264983892440796,0.8807876110076904,0.8551440238952637,0.9167599678039551,0.8349445462226868,0.8696448802947998,0.7984634041786194,0.7497201561927795,0.878040075302124,nan,24.530592679977417,0.5981606841087341,-32.75659458746956,0.6258821487426758
46,1.250484824180603,0.6306530237197876,0.8559796810150146,0.7848783731460571,0.7850310802459717,0.9164037704467773,0.8791208863258362,0.9149282574653625,0.9155387878417969,0.9164546728134155,0.9147756099700928,0.9165055751800537,0.6050167679786682,0.91045081615448,0.785285472869873,0.9163528680801392,0.8916760087013245,0.9163528680801392,0.8453240990638733,0.806604266166687,0.8081306219100952,0.9167090654373169,0.904752254486084,0.8685764074325562,0.8798717856407166,0.9113157987594604,0.8458329439163208,0.8618093132972717,0.8215630054473877,0.8814999461174011,0.7144092917442322,0.8366235494613647,0.8585529327392578,0.9041925668716431,0.8141345381736755,0.809453547000885,0.7857942581176758,0.8302127122879028,0.8811947107315063,0.855398416519165,0.9167090654373169,0.8354533314704895,0.8696957230567932,0.7982598543167114,0.7498728036880493,0.8789559602737427,nan,23.63941502571106,0.6035445928573608,-33.750806163336264,0.6306530237197876
47,1.2341945171356201,0.6347281336784363,0.8565864562988281,0.7842678427696228,0.7844713926315308,0.9165564179420471,0.8788156509399414,0.9159458875656128,0.9159458875656128,0.9166073203086853,0.9158949851989746,0.9166073203086853,0.6092398166656494,0.912943959236145,0.7846239805221558,0.9165055751800537,0.892337441444397,0.9165055751800537,0.8451205492019653,0.8068077564239502,0.8086903095245361,0.9166073203086853,0.9047013521194458,0.8746820092201233,0.879566490650177,0.9133509397506714,0.8461381793022156,0.8636918663978577,0.8215121626853943,0.8812963962554932,0.7143075466156006,0.8358094692230225,0.8598758578300476,0.9042434096336365,0.8148977160453796,0.8094027042388916,0.7882364988327026,0.831586480140686,0.88109290599823,0.8566703796386719,0.9166073203086853,0.8369797468185425,0.8693395853042603,0.7977002263069153,0.7501271963119507,0.8800753355026245,nan,24.368690967559814,0.6063896417617798,-34.738131267675385,0.6347281336784363
48,1.2199755907058716,0.6403936147689819,0.857052206993103,0.7838608026504517,0.7843186855316162,0.9166073203086853,0.8782559633255005,0.9160984754562378,0.9163020253181458,0.9166073203086853,0.9160476326942444,0.9166073203086853,0.6195685267448425,0.91426682472229,0.7844204902648926,0.9166073203086853,0.8926936388015747,0.9166073203086853,0.8456293940544128,0.8063498735427856,0.8087412118911743,0.9166581630706787,0.9047013521194458,0.8734099864959717,0.8795156478881836,0.9143177270889282,0.8467996120452881,0.8652182817459106,0.8215121626853943,0.8812455534934998,0.7143075466156006,0.8352497816085815,0.8605372905731201,0.9046504497528076,0.815355658531189,0.8094027042388916,0.7912893295288086,0.8319934606552124,0.8811947107315063,0.8573318719863892,0.9166581630706787,0.8380482196807861,0.8693395853042603,0.7976493239402771,0.7502798438072205,0.8806350231170654,nan,24.569690227508545,0.6127495765686035,-35.78045157449713,0.6403936147689819
49,1.2071444988250732,0.6437729597091675,0.8574243783950806,0.7832502126693726,0.7836064100265503,0.9164546728134155,0.8768823742866516,0.9158949851989746,0.9162511825561523,0.9165055751800537,0.9157423377037048,0.9165564179420471,0.633204460144043,0.9145212173461914,0.7840133905410767,0.9165564179420471,0.8927953243255615,0.9164546728134155,0.8462399244308472,0.8068077564239502,0.8089956045150757,0.9166581630706787,0.9046504497528076,0.8724432587623596,0.8785997629165649,0.9148774147033691,0.847206711769104,0.8658797144889832,0.8217157125473022,0.8813982009887695,0.7143075466156006,0.8349445462226868,0.8607916831970215,0.9045995473861694,0.8166276216506958,0.8093518018722534,0.7944947481155396,0.8315355777740479,0.8810420036315918,0.8581459522247314,0.9166581630706787,0.8385570049285889,0.8693904876708984,0.7977002263069153,0.7501780986785889,0.8807876110076904,nan,24.74404239654541,0.6157516837120056,-36.84636878493339,0.6437729597091675

50,1.1949867010116577,0.6462578177452087,0.8582634329795837,0.783148467540741,0.7833520174026489,0.9166073203086853,0.8763736486434937,0.9160476326942444,0.9162511825561523,0.9166073203086853,0.9157931804656982,0.9166073203086853,0.6424137353897095,0.914979100227356,0.7836064100265503,0.9166073203086853,0.8927953243255615,0.9166073203086853,0.8479698896408081,0.8065024614334106,0.8284318447113037,0.9166581630706787,0.9047013521194458,0.8723924160003662,0.8783453702926636,0.9150300025939941,0.8475119471549988,0.8664902448654175,0.8221226930618286,0.8814491033554077,0.714358389377594,0.834791898727417,0.8622163534164429,0.9044978022575378,0.8173400163650513,0.8094027042388916,0.7975984811782837,0.8316881656646729,0.8811947107315063,0.8578915596008301,0.9167090654373169,0.8386588096618652,0.8696448802947998,0.7978528738021851,0.7500762939453125,0.8808894157409668,nan,24.821733951568604,0.6181287169456482,-37.94593102921787,0.6462578177452087

51,1.3551424741744995,0.6005367040634155,0.855620265007019,0.7814187407493591,0.7815204858779907,0.9099935293197632,0.8667215704917908,0.9127914905548096,0.9000727534294128,0.9121811389923096,0.9017515778541565,0.9102479219436646,0.6448564529418945,0.9107052087783813,0.7819275856018066,0.9054147005081177,0.891014575958252,0.9096373319625854,0.8481227159500122,0.8028395175933838,0.896052360534668,0.9169634580612183,0.8979858160018921,0.8702555894851685,0.874936580657959,0.9107561111450195,0.843645453453064,0.8599780797958374,0.8099638223648071,0.882415771484375,0.7011308670043945,0.8315868377685547,0.8620637059211731,0.9041925668716431,0.814847469329834,0.807876467704773,0.7987182140350342,0.8249722123146057,0.8786510825157166,0.8573318719863892,0.917319655418396,0.8389132022857666,0.8709168434143066,0.7949531078338623,0.7366452217102051,0.8740209937095642,nan,24.211936950683594,0.5757927298545837,-38.35258312356151,0.6005367040634155
52,1.3738538026809692,0.5643573999404907,0.8557404279708862,0.7838099002838135,0.7814695835113525,0.9105527400970459,0.867882490158081,0.9035317301750183,0.9092298746109009,0.9104001522064209,0.9010896682739258,0.9109598398208618,0.6494352221488953,0.9066858291625977,0.7848275303840637,0.9062792658805847,0.8922865390777588,0.9104509949684143,0.8469018340110779,0.7963775396347046,0.8998168706893921,0.9152335524559021,0.902971625328064,0.8739699125289917,0.879362940788269,0.9087717533111572,0.8495471477508545,0.8571287393569946,0.8101165294647217,0.8838404417037964,0.697722315788269,0.8306207656860352,0.8594688177108765,0.9006817936897278,0.8126603364944458,0.8072148561477661,0.8068588972091675,0.8262951374053955,0.8771246671676636,0.8530580997467041,0.9163528680801392,0.8363693952560425,0.8716291785240173,0.7969878911972046,0.7374082207679749,0.8692384958267212,nan,25.108165740966797,0.5398007035255432,-37.96620475329979,0.5643573999404907
53,1.2093443870544434,0.6362190842628479,0.8596445322036743,0.7838099002838135,0.7835046052932739,0.9160476326942444,0.8780524730682373,0.9137071371078491,0.9127914905548096,0.9160476326942444,0.9112142324447632,0.9160984754562378,0.6463824510574341,0.9127404093742371,0.7846239805221558,0.9162511825561523,0.8929480314254761,0.9160476326942444,0.8525490760803223,0.7999389171600342,0.9036328792572021,0.9163528680801392,0.9047013521194458,0.8748855590820312,0.8789050579071045,0.9129948019981384,0.8479189872741699,0.8637427091598511,0.8215123414993286,0.8818560838699341,0.7102375030517578,0.8370815515518188,0.8611987233161926,0.9034801721572876,0.8232420682907104,0.8070623874664307,0.8081815242767334,0.8300600051879883,0.8812455534934998,0.8565686345100403,0.9166073203086853,0.8376920819282532,0.8681695461273193,0.7977002263069153,0.7448363304138184,0.8789050579071045,nan,24.999635219573975,0.6173796057701111,-39.51670024641678,0.6362190842628479
54,1.1860755681991577,0.6513268947601318,0.8601276874542236,0.7827414274215698,0.7821817398071289,0.9160984754562378,0.876628041267395,0.9143177270889282,0.9151318073272705,0.9159967303276062,0.9127912521362305,0.9162002801895142,0.6494352221488953,0.9135544896125793,0.7830467224121094,0.9163020253181458,0.8928971290588379,0.916149377822876,0.8545334339141846,0.8028900027275085,0.9039381742477417,0.9164037704467773,0.904752254486084,0.8727485537528992,0.8775821924209595,0.9135036468505859,0.8460875153541565,0.864302396774292,0.8241070508956909,0.8811438083648682,0.7123234272003174,0.8370815515518188,0.8627251386642456,0.9041925668716431,0.8224282264709473,0.8091991543769836,0.8078762292861938,0.8306705951690674,0.8810420036315918,0.8571791648864746,0.9168108701705933,0.8382517695426941,0.8707642555236816,0.7977002263069153,0.749160647392273,0.8796173930168152,nan,25.05702781677246,0.6287391781806946,-40.533582281869656,0.6513268947601318

55,1.1705291271209717,0.6586820483207703,0.8606107234954834,0.7825887799263,0.7818255424499512,0.9164037704467773,0.8763227462768555,0.9134020805358887,0.9153352975845337,0.9164037704467773,0.9142159223556519,0.9164037704467773,0.6547267436981201,0.9144703149795532,0.7828940749168396,0.9163528680801392,0.8929480314254761,0.9163528680801392,0.8547878265380859,0.8043146133422852,0.9036837220191956,0.9164546728134155,0.9046504497528076,0.8720871210098267,0.8776330947875977,0.914419412612915,0.8484277725219727,0.8655744791030884,0.8245140910148621,0.8817034959793091,0.7121198773384094,0.8368780016899109,0.8637936115264893,0.9045995473861694,0.8258878588676453,0.8091482520103455,0.8078253865242004,0.8311793804168701,0.8811947107315063,0.8573318719863892,0.9168108701705933,0.8385570049285889,0.8704080581665039,0.7975475788116455,0.7515518665313721,0.87992262840271,nan,24.52033019065857,0.6368833780288696,-41.564869775934184,0.6586820483207703
56,1.158679723739624,0.6585826277732849,0.8608349561691284,0.7819273471832275,0.7805026769638062,0.9165055751800537,0.8749490976333618,0.9155896902084351,0.9154879450798035,0.9164546728134155,0.914419412612915,0.9165564179420471,0.6586445569992065,0.9146230220794678,0.7819273471832275,0.914216160774231,0.8928462266921997,0.9164037704467773,0.8546860814094543,0.8060954809188843,0.9039890170097351,0.9168108701705933,0.9048030972480774,0.8715783357620239,0.8765137195587158,0.9146738648414612,0.8490383625030518,0.8659305572509766,0.8260914087295532,0.8818560838699341,0.712221622467041,0.8368780016899109,0.864302396774292,0.9046504497528076,0.8274651765823364,0.8095043897628784,0.8102676272392273,0.8307214975357056,0.8813472986221313,0.8572300672531128,0.9169125556945801,0.8390149474143982,0.8703063130378723,0.7978528738021851,0.7518571615219116,0.8798717856407166,nan,24.20226764678955,0.6381139755249023,-42.581968855945526,0.6585826277732849

57,1.1489214897155762,0.6670311093330383,0.8611377477645874,0.7819782495498657,0.7806553244590759,0.9165055751800537,0.875152587890625,0.9159458875656128,0.9157423377037048,0.9143179059028625,0.9145721197128296,0.9166073203086853,0.6606797575950623,0.9149282574653625,0.7815203070640564,0.9164037704467773,0.8928462266921997,0.9164037704467773,0.8556528091430664,0.8062989711761475,0.9038363695144653,0.9167090654373169,0.9047013521194458,0.8709168434143066,0.8767681121826172,0.914979100227356,0.8493436574935913,0.8660323619842529,0.8284318447113037,0.8821613788604736,0.7142057418823242,0.8372341394424438,0.8653709292411804,0.9046504497528076,0.827770471572876,0.8095043897628784,0.8117431402206421,0.8305179476737976,0.8810420036315918,0.8574844598770142,0.9168108701705933,0.8392693996429443,0.8703571557998657,0.7976493239402771,0.7529256343841553,0.8801770210266113,nan,24.2488751411438,0.6456344127655029,-43.59928288150291,0.6670311093330383
58,1.1349377632141113,0.6730941534042358,0.8612047433853149,0.7798412442207336,0.7787219285964966,0.9164546728134155,0.873371958732605,0.9162511825561523,0.9159458875656128,0.9164037704467773,0.9151318073272705,0.9164546728134155,0.6595097184181213,0.9157931804656982,0.7794851064682007,0.9164546728134155,0.8928462266921997,0.9164546728134155,0.8559072017669678,0.8053322434425354,0.9038363695144653,0.9166073203086853,0.9047013521194458,0.8703571557998657,0.8748346567153931,0.9158440828323364,0.8497506976127625,0.8671517372131348,0.8323496580123901,0.8816016912460327,0.7141548991203308,0.837997317314148,0.8656761646270752,0.9046504497528076,0.8282792568206787,0.8093008995056152,0.8139818906784058,0.8314846754074097,0.8809911608695984,0.8578406572341919,0.9167090654373169,0.8392693996429443,0.8701027631759644,0.7974966764450073,0.7535361647605896,0.8808894157409668,nan,24.263317823410034,0.651665985584259,-44.65485890074452,0.6730941534042358
59,1.1233100891113281,0.6764734983444214,0.8614821434020996,0.778416633605957,0.777246356010437,0.9166073203086853,0.8725579977035522,0.9163528680801392,0.9162511825561523,0.9166073203086853,0.9148774147033691,0.9166073203086853,0.6643431186676025,0.9162511825561523,0.7777042984962463,0.9165564179420471,0.8928971290588379,0.9165564179420471,0.8555001616477966,0.8048743009567261,0.9039381742477417,0.9166073203086853,0.9047013521194458,0.8701536655426025,0.8735626339912415,0.9163020253181458,0.8508191704750061,0.868118405342102,0.8356568813323975,0.8813472986221313,0.7142566442489624,0.8385061621665955,0.866642951965332,0.904752254486084,0.8286862373352051,0.8094027042388916,0.8167294263839722,0.8321970105171204,0.8809402585029602,0.857433557510376,0.9166581630706787,0.8399816751480103,0.8705607056617737,0.7975475788116455,0.7553678750991821,0.8808385133743286,nan,24.278502702713013,0.6547340750694275,-45.74441588682086,0.6764734983444214

60,1.1223901510238647,0.6766722798347473,0.8616046905517578,0.7790780067443848,0.7775516510009766,0.9165564179420471,0.8724054098129272,0.9160476326942444,0.9157423377037048,0.9165055751800537,0.9151318073272705,0.9165564179420471,0.668413519859314,0.9159967303276062,0.7781622409820557,0.9165055751800537,0.8930497169494629,0.9165055751800537,0.85555100440979,0.8025338649749756,0.9006819725036621,0.9166073203086853,0.9046504497528076,0.8700518608093262,0.8738170266151428,0.9160476326942444,0.8506665229797363,0.8679149150848389,0.8362674117088318,0.8810420036315918,0.714358389377594,0.8397781848907471,0.8669482469558716,0.904548704624176,0.8282792568206787,0.8093008995056152,0.8191207647323608,0.8331637382507324,0.8811438083648682,0.8575862646102905,0.9166073203086853,0.8397272825241089,0.8704080581665039,0.7974966764450073,0.7579118609428406,0.8809402585029602,nan,24.61900782585144,0.6557698845863342,-46.78213434548279,0.6766722798347473

61,1.111035943031311,0.6763741374015808,0.8617352843284607,0.7782639265060425,0.7767884731292725,0.9164546728134155,0.8724054098129272,0.9160476326942444,0.9159458875656128,0.9163528680801392,0.9146230220794678,0.9142670631408691,0.6702961325645447,0.9163020253181458,0.7771954536437988,0.9164037704467773,0.8930497169494629,0.9164037704467773,0.8551948666572571,0.8021776676177979,0.9030731916427612,0.9167599678039551,0.9048539400100708,0.8704589605331421,0.8729521036148071,0.9163020253181458,0.8511244654655457,0.8675078749656677,0.8375394344329834,0.8805332183837891,0.7142057418823242,0.8407957553863525,0.8671517372131348,0.9050066471099854,0.829449474811554,0.809453547000885,0.8207998275756836,0.8353006839752197,0.8812963962554932,0.8576371073722839,0.9170143604278564,0.8403887152671814,0.8707642555236816,0.7954108119010925,0.7583189010620117,0.8808894157409668,nan,24.618311643600464,0.6565073132514954,-47.85991581722586,0.6763741374015808
62,1.107986569404602,0.6719014048576355,0.8618277311325073,0.77877277135849,0.7776533961296082,0.9164546728134155,0.8728123903274536,0.9156914949417114,0.9131476879119873,0.9162511825561523,0.9143177270889282,0.9164546728134155,0.6721786856651306,0.9158440828323364,0.7781622409820557,0.9162511825561523,0.8931515216827393,0.9162511825561523,0.8531087636947632,0.8015670776367188,0.9025135040283203,0.9167599678039551,0.9045995473861694,0.8705098628997803,0.873511791229248,0.9157423377037048,0.8514297008514404,0.8674061298370361,0.8376920819282532,0.8818052411079407,0.709932267665863,0.8422713279724121,0.8670499324798584,0.9048539400100708,0.8291950821876526,0.8093008995056152,0.8226315379142761,0.8370815515518188,0.8809911608695984,0.8573318719863892,0.917319655418396,0.840337872505188,0.8716800212860107,0.797242283821106,0.759132981300354,0.8808894157409668,nan,25.00526237487793,0.6530333757400513,-48.9699193683181,0.6719014048576355
63,1.0939364433288574,0.6819401383399963,0.8619872331619263,0.7769919633865356,0.7758216857910156,0.9165055751800537,0.8713369965553284,0.9156405925750732,0.9157931804656982,0.9162002801895142,0.9136053323745728,0.9164546728134155,0.672433078289032,0.9153861999511719,0.776279628276825,0.9164546728134155,0.8925918340682983,0.9164546728134155,0.8538210988044739,0.7999898195266724,0.9029204845428467,0.9167599678039551,0.904752254486084,0.869848370552063,0.8715274333953857,0.9152335524559021,0.8531087636947632,0.86832195520401,0.8387605547904968,0.8793120980262756,0.7143075466156006,0.8424239158630371,0.8674061298370361,0.9048539400100708,0.8301618099212646,0.8094027042388916,0.8239035606384277,0.8420677781105042,0.88109290599823,0.8575353622436523,0.9170143604278564,0.8415589332580566,0.8714765310287476,0.7972931861877441,0.7606085538864136,0.8807367086410522,nan,24.402579069137573,0.6653873324394226,-50.12511081693661,0.6819401383399963
64,1.081923484802246,0.683232307434082,0.8621571063995361,0.7766357660293579,0.7751603126525879,0.9165055751800537,0.8706756234169006,0.916149377822876,0.9159967303276062,0.9164037704467773,0.9140124320983887,0.9164546728134155,0.6744682788848877,0.9162511825561523,0.7755163908004761,0.9165055751800537,0.8929480314254761,0.9165055751800537,0.8542790412902832,0.7989722490310669,0.9023099541664124,0.9167599678039551,0.9047013521194458,0.8694921731948853,0.871018648147583,0.9163020253181458,0.853261411190033,0.8687798976898193,0.8396254777908325,0.8796682357788086,0.7142057418823242,0.8436450958251953,0.867965817451477,0.904904842376709,0.830416202545166,0.8094027042388916,0.8249211311340332,0.843543291091919,0.8810420036315918,0.857433557510376,0.9169634580612183,0.8416098356246948,0.8713239431381226,0.7973949313163757,0.7606085538864136,0.8808894157409668,nan,24.884310960769653,0.6648665070533752,-51.353831283710385,0.683232307434082

65,1.0764389038085938,0.6820395588874817,0.8622576594352722,0.7770428657531738,0.7758216857910156,0.9165564179420471,0.8714896440505981,0.9157931804656982,0.9160984754562378,0.9164037704467773,0.9137071371078491,0.9165564179420471,0.6769105195999146,0.9165055751800537,0.776279628276825,0.9164546728134155,0.8931515216827393,0.9164546728134155,0.853261411190033,0.7979037761688232,0.9000712633132935,0.9166581630706787,0.9046504497528076,0.8699501752853394,0.8717309236526489,0.9165055751800537,0.8534649610519409,0.8687289953231812,0.8375396728515625,0.8799735307693481,0.7143075466156006,0.8443573713302612,0.8681693077087402,0.9050574898719788,0.830416202545166,0.8093518018722534,0.826752781867981,0.844510018825531,0.8811438083648682,0.8571791648864746,0.9170143604278564,0.8418642282485962,0.8714256286621094,0.7971913814544678,0.7606085538864136,0.88109290599823,nan,24.74420428276062,0.6644822359085083,-52.52795663129714,0.6820395588874817
66,1.1142388582229614,0.6606699228286743,0.8612903356552124,0.7785183787345886,0.7746008038520813,0.9138599634170532,0.8723545074462891,0.9125880002975464,0.9102476835250854,0.9133511781692505,0.9100439548492432,0.9157931804656982,0.6740108132362366,0.9157423377037048,0.7770937085151672,0.9137582182884216,0.893304169178009,0.9160476326942444,0.8460879325866699,0.7976493239402771,0.8965096473693848,0.9169125556945801,0.9048030972480774,0.8706624507904053,0.8726977109909058,0.9156914949417114,0.8534140586853027,0.8681693077087402,0.8332152366638184,0.8814491033554077,0.7136969566345215,0.843543529510498,0.8673043251037598,0.9045995473861694,0.8307214975357056,0.809097409248352,0.8273124694824219,0.8434415459632874,0.8817543387413025,0.858451247215271,0.917116105556488,0.8416098356246948,0.8717309236526489,0.79474937915802,0.7595909237861633,0.88109290599823,nan,24.81641936302185,0.6449963450431824,-53.440468397899764,0.6606699228286743
67,1.2497998476028442,0.606599748134613,0.8589383959770203,0.7787219285964966,0.7776025533676147,0.9148774147033691,0.8667306900024414,0.9055160284042358,0.9012933969497681,0.9136562347412109,0.9016491174697876,0.912333607673645,0.6753339171409607,0.9118754863739014,0.778569221496582,0.9078565835952759,0.8928971290588379,0.91248619556427,0.8408983945846558,0.7962757349014282,0.9008853435516357,0.9172687530517578,0.9006822109222412,0.8718327283859253,0.8669997453689575,0.9114683866500854,0.8477160930633545,0.8638447523117065,0.8328080177307129,0.88226318359375,0.7102375030517578,0.8389647006988525,0.8643535375595093,0.9029207229614258,0.8246675729751587,0.8082833290100098,0.8293988108634949,0.83952397108078,0.8828228712081909,0.8571283221244812,0.9182354807853699,0.837590754032135,0.8716802597045898,0.7945967316627502,0.753740131855011,0.8744280338287354,nan,24.914473295211792,0.5898001194000244,-53.19395772700589,0.606599748134613
68,1.1239374876022339,0.6552032828330994,0.861578106880188,0.7794342041015625,0.7775007486343384,0.9154879450798035,0.8711243271827698,0.9095863103866577,0.9117230176925659,0.9127914905548096,0.9096367359161377,0.9154371023178101,0.6793020963668823,0.9145212173461914,0.7786710262298584,0.9153352975845337,0.8936094045639038,0.9153352975845337,0.8493436574935913,0.7999898195266724,0.8994102478027344,0.9170143604278564,0.9049557447433472,0.8717818260192871,0.8735626339912415,0.9143177270889282,0.8514299392700195,0.8660323619842529,0.8377938270568848,0.882059633731842,0.7127304077148438,0.8467996120452881,0.8653202056884766,0.9047013521194458,0.8267532587051392,0.8066553473472595,0.8337743282318115,0.8430854082107544,0.8828228712081909,0.8577897548675537,0.9173704981803894,0.8386081457138062,0.8728502988815308,0.7949528694152832,0.7554700374603271,0.8801770210266113,nan,24.342395305633545,0.6404914855957031,-54.69017369291463,0.6552032828330994
69,1.0817711353302002,0.6646456718444824,0.8623663187026978,0.778569221496582,0.7762287855148315,0.91365647315979,0.8727105855941772,0.9146738648414612,0.9139106273651123,0.9153861999511719,0.9107561111450195,0.9158440828323364,0.6825582385063171,0.9153861999511719,0.7775007486343384,0.9155387878417969,0.8935585618019104,0.9156914949417114,0.8509718179702759,0.7961231470108032,0.902411699295044,0.9167599678039551,0.9047013521194458,0.871018648147583,0.8729521036148071,0.9152843952178955,0.8537702560424805,0.8676605224609375,0.8392693996429443,0.8838913440704346,0.7120181322097778,0.8461381793022156,0.8669482469558716,0.9044978022575378,0.8295514583587646,0.8089447021484375,0.8353515863418579,0.8443573713302612,0.8817034959793091,0.8573318719863892,0.9168617129325867,0.8426783084869385,0.8716291785240173,0.7968860864639282,0.758370041847229,0.8810420036315918,nan,24.61460518836975,0.6480073928833008,-55.86922232268902,0.6646456718444824
70,1.0566620826721191,0.6798529028892517,0.8626864552497864,0.7778060436248779,0.7753129005432129,0.9165564179420471,0.8713369965553284,0.9138599634170532,0.9156914949417114,0.9165055751800537,0.9094842672348022,0.9166073203086853,0.6832705736160278,0.9162002801895142,0.7759743928909302,0.9164037704467773,0.8934568166732788,0.9165055751800537,0.8503103256225586,0.798209011554718,0.9009361863136292,0.9168108701705933,0.9046504497528076,0.8701027631759644,0.8715783357620239,0.9162002801895142,0.8549913167953491,0.868118405342102,0.8400325775146484,0.88109290599823,0.7142566442489624,0.8462399244308472,0.8684237003326416,0.904904842376709,0.8320952653884888,0.8094027042388916,0.8361656665802002,0.844510018825531,0.8816525936126709,0.8574844598770142,0.9170652627944946,0.8425765633583069,0.8722397089004517,0.7972931861877441,0.7615752220153809,0.8811438083648682,nan,24.328406810760498,0.6632155179977417,-57.25430046394727,0.6798529028892517

71,1.0473984479904175,0.6830334663391113,0.8626887798309326,0.7775007486343384,0.7750585079193115,0.9165055751800537,0.871286153793335,0.9156405925750732,0.9159967303276062,0.9163528680801392,0.9115192890167236,0.9165055751800537,0.682354748249054,0.9155896902084351,0.7757708430290222,0.9163528680801392,0.8929480314254761,0.9164546728134155,0.8490892648696899,0.7977002263069153,0.8991553783416748,0.9168617129325867,0.904548704624176,0.8696448802947998,0.8712221384048462,0.9154879450798035,0.8575353622436523,0.868525505065918,0.8402869701385498,0.8806858658790588,0.7121707201004028,0.8458837866783142,0.8682711124420166,0.9049557447433472,0.8325022459030151,0.8093518018722534,0.8373359441757202,0.8461381793022156,0.88109290599823,0.8575353622436523,0.917116105556488,0.8439503312110901,0.8723924160003662,0.797242283821106,0.7615752220153809,0.8809911608695984,nan,24.353798151016235,0.6660374402999878,-58.383186233409795,0.6830334663391113
72,1.0392946004867554,0.6827353239059448,0.8628413081169128,0.777246356010437,0.7752111554145813,0.9166073203086853,0.8708791136741638,0.9157931804656982,0.9159458875656128,0.9165055751800537,0.9091789722442627,0.9166073203086853,0.6841355562210083,0.916149377822876,0.7758725881576538,0.9165564179420471,0.8929480314254761,0.9144196510314941,0.8497506976127625,0.7975475788116455,0.8959499597549438,0.9168108701705933,0.9045995473861694,0.8700518608093262,0.8710694909095764,0.9160476326942444,0.861096978187561,0.8688816428184509,0.8413554430007935,0.8820087909698486,0.7144092917442322,0.8458837866783142,0.8688308000564575,0.9049557447433472,0.8316373229026794,0.8094027042388916,0.8389132022857666,0.8452223539352417,0.8810420036315918,0.8575353622436523,0.917116105556488,0.8452732563018799,0.8724432587623596,0.797242283821106,0.7617787718772888,0.8809402585029602,nan,24.839999675750732,0.6644958853721619,-59.62956004990651,0.6827353239059448
73,1.0289006233215332,0.6871086359024048,0.8629002571105957,0.7760252356529236,0.774040937423706,0.9165564179420471,0.8700650930404663,0.9162511825561523,0.9162511825561523,0.9165055751800537,0.9113666415214539,0.9166073203086853,0.685814619064331,0.9162002801895142,0.7746514678001404,0.9165055751800537,0.8929480314254761,0.9165564179420471,0.8494454026222229,0.7972931861877441,0.8941690921783447,0.9167599678039551,0.9046504497528076,0.8692886829376221,0.8701536655426025,0.916149377822876,0.8634883165359497,0.8688816428184509,0.8425765633583069,0.8788541555404663,0.7142057418823242,0.8456293940544128,0.8688308000564575,0.9048539400100708,0.832146167755127,0.8093518018722534,0.8400325775146484,0.8453750014305115,0.8810420036315918,0.8573318719863892,0.9170652627944946,0.8478680849075317,0.872901201248169,0.7970896363258362,0.761626124382019,0.8809402585029602,nan,24.8618905544281,0.6683629751205444,-60.905628279797924,0.6871086359024048
74,1.0209641456604004,0.6909849643707275,0.8630644083023071,0.7756181955337524,0.7739391326904297,0.9166073203086853,0.8695055246353149,0.9162511825561523,0.9164037704467773,0.9165564179420471,0.9112648963928223,0.9166073203086853,0.6873409748077393,0.9163020253181458,0.7741426825523376,0.9166073203086853,0.8928462266921997,0.9166073203086853,0.8493436574935913,0.7971913814544678,0.8937112092971802,0.9167599678039551,0.9047013521194458,0.8691869378089905,0.8696957230567932,0.9163528680801392,0.8647094964981079,0.8690342903137207,0.8432888984680176,0.8798209428787231,0.7142566442489624,0.8455276489257812,0.8690342903137207,0.904752254486084,0.8320952653884888,0.8093518018722534,0.8414063453674316,0.8457820415496826,0.8809402585029602,0.8572300672531128,0.9169634580612183,0.8505138754844666,0.8736134767532349,0.7970896363258362,0.7616770267486572,0.8809402585029602,nan,24.263545751571655,0.6725152134895325,-62.15282162111899,0.6909849643707275
75,1.0141558647155762,0.6918795108795166,0.8631961345672607,0.7752111554145813,0.7738882303237915,0.9166073203086853,0.8692002296447754,0.9162511825561523,0.9164546728134155,0.9165564179420471,0.9114174842834473,0.9166073203086853,0.6878498196601868,0.9164546728134155,0.7739391326904297,0.9166073203086853,0.8928462266921997,0.9166073203086853,0.8494454026222229,0.7971913814544678,0.8934059143066406,0.9167599678039551,0.9047013521194458,0.8691360950469971,0.8693395853042603,0.9163020253181458,0.8655235767364502,0.8690342903137207,0.8438994884490967,0.8800753355026245,0.7142566442489624,0.8454258441925049,0.8690851926803589,0.904752254486084,0.8324514031410217,0.8093518018722534,0.8433398008346558,0.8459346294403076,0.8809402585029602,0.8572300672531128,0.9169634580612183,0.8526508808135986,0.8739187717437744,0.7970896363258362,0.7617279291152954,0.8809402585029602,nan,24.36607265472412,0.674363911151886,-63.44021171173226,0.6918795108795166
76,1.007646918296814,0.6930722594261169,0.863341748714447,0.7750585079193115,0.7738882303237915,0.9166073203086853,0.8692511320114136,0.9162511825561523,0.9164546728134155,0.9165564179420471,0.9115192890167236,0.9166073203086853,0.6886129975318909,0.9162002801895142,0.7739391326904297,0.9166073203086853,0.8928971290588379,0.9166073203086853,0.8495980501174927,0.7971405386924744,0.8931006193161011,0.9166581630706787,0.9047013521194458,0.8691360950469971,0.8693395853042603,0.9162002801895142,0.8659814596176147,0.8690851926803589,0.8441029787063599,0.8809402585029602,0.7142566442489624,0.8453750014305115,0.8690851926803589,0.9048030972480774,0.8331637382507324,0.8093518018722534,0.8446117639541626,0.8466470241546631,0.8809402585029602,0.8573827147483826,0.9169634580612183,0.8540754914283752,0.874224066734314,0.7970896363258362,0.7617787718772888,0.8809911608695984,nan,23.98570966720581,0.6760124564170837,-64.74580957040956,0.6930722594261169

77,1.001111626625061,0.6936686038970947,0.8635197281837463,0.7749058604240417,0.7737865447998047,0.9166073203086853,0.8691493272781372,0.9162002801895142,0.9165055751800537,0.9165564179420471,0.9118245840072632,0.9166073203086853,0.6890709400177002,0.9163528680801392,0.7739391326904297,0.9166073203086853,0.8928971290588379,0.9166073203086853,0.8503612279891968,0.7970896363258362,0.8928462266921997,0.9167090654373169,0.9047013521194458,0.8690851926803589,0.8692886829376221,0.9163020253181458,0.8665411472320557,0.8690851926803589,0.844510018825531,0.8828228712081909,0.7142566442489624,0.8453240990638733,0.8691360950469971,0.9047013521194458,0.8343848586082458,0.8093518018722534,0.8453240990638733,0.847562849521637,0.8809402585029602,0.8573318719863892,0.9169125556945801,0.8551948666572571,0.8744784593582153,0.7970387935638428,0.7617279291152954,0.8809911608695984,nan,24.638368368148804,0.6764587759971619,-66.11513760810035,0.6936686038970947
78,0.994718611240387,0.6948613524436951,0.8637185096740723,0.7747023105621338,0.7737865447998047,0.9166073203086853,0.8690984845161438,0.9163020253181458,0.9165564179420471,0.9166073203086853,0.9120280742645264,0.9166073203086853,0.6893762350082397,0.9162511825561523,0.7738882303237915,0.9166073203086853,0.8928971290588379,0.9166073203086853,0.8523455858230591,0.7971405386924744,0.8928462266921997,0.9166581630706787,0.9047013521194458,0.8690851926803589,0.8691869378089905,0.916149377822876,0.8668464422225952,0.8690851926803589,0.844866156578064,0.8841457366943359,0.7142566442489624,0.8453240990638733,0.8691869378089905,0.9048539400100708,0.8356568813323975,0.8093518018722534,0.8454258441925049,0.8496489524841309,0.8809911608695984,0.8574844598770142,0.9168617129325867,0.8554492592811584,0.8751399517059326,0.7969878911972046,0.7617787718772888,0.8809911608695984,nan,24.77919054031372,0.6769123077392578,-67.52112589279614,0.6948613524436951
79,0.989047110080719,0.6948613524436951,0.863914966583252,0.7750076055526733,0.7738373875617981,0.9165564179420471,0.8692002296447754,0.9160984754562378,0.9162511825561523,0.9165564179420471,0.9120280742645264,0.9165564179420471,0.6899359226226807,0.9158440828323364,0.774040937423706,0.9165564179420471,0.8928971290588379,0.9165564179420471,0.8540246486663818,0.7971913814544678,0.8928971290588379,0.9168108701705933,0.9050066471099854,0.8690851926803589,0.8693395853042603,0.9157931804656982,0.8670499324798584,0.8692377805709839,0.8446117639541626,0.8841966390609741,0.7142566442489624,0.8453240990638733,0.8692377805709839,0.9050066471099854,0.8384044170379639,0.8093008995056152,0.8456802368164062,0.8518876433372498,0.88109290599823,0.8577388525009155,0.9169125556945801,0.8557037115097046,0.8756487369537354,0.7968860864639282,0.7617787718772888,0.8809911608695984,nan,25.76951265335083,0.6766899824142456,-68.95320800198866,0.6948613524436951
80,0.9831086993217468,0.6976443529129028,0.8642328381538391,0.7754147052764893,0.7739900350570679,0.9166073203086853,0.8694546222686768,0.9159967303276062,0.9164037704467773,0.9165055751800537,0.9123333692550659,0.9165564179420471,0.6902411580085754,0.9157931804656982,0.7743462324142456,0.9165564179420471,0.8928971290588379,0.9165564179420471,0.8562633991241455,0.7970387935638428,0.8927953243255615,0.9168108701705933,0.9050066471099854,0.8692886829376221,0.8694921731948853,0.9157423377037048,0.8671517372131348,0.8692886829376221,0.8448153138160706,0.8878090977668762,0.7142057418823242,0.8457311391830444,0.8692886829376221,0.9051083326339722,0.8406431674957275,0.8093518018722534,0.8465452194213867,0.8536684513092041,0.8809911608695984,0.858247697353363,0.917116105556488,0.8556528091430664,0.8759540319442749,0.7966316938400269,0.7617279291152954,0.8809911608695984,nan,24.854689836502075,0.678834080696106,-70.46472311138383,0.6976443529129028

81,0.9774267673492432,0.6993340849876404,0.864441990852356,0.7751094102859497,0.7740917801856995,0.9166073203086853,0.8693020343780518,0.9159458875656128,0.9166073203086853,0.9166073203086853,0.9121298789978027,0.9166073203086853,0.6902920603752136,0.9158949851989746,0.774193525314331,0.9166073203086853,0.8929988741874695,0.9166073203086853,0.8582985401153564,0.7970896363258362,0.8927444815635681,0.9167090654373169,0.9055663347244263,0.8693904876708984,0.8693904876708984,0.9159967303276062,0.8669482469558716,0.8694413304328918,0.844153881072998,0.8900477886199951,0.7121198773384094,0.8460873365402222,0.8694413304328918,0.9051592350006104,0.8430345058441162,0.8093518018722534,0.8478680849075317,0.855958104133606,0.8809911608695984,0.858247697353363,0.917116105556488,0.8555001616477966,0.8763610124588013,0.7968352437019348,0.7617787718772888,0.8810420036315918,nan,24.92232394218445,0.6802713871002197,-72.01774930977676,0.6993340849876404
82,0.9724046587944031,0.6989364624023438,0.8647621870040894,0.7754655480384827,0.774193525314331,0.9166073203086853,0.8697598576545715,0.916149377822876,0.9164037704467773,0.9165055751800537,0.9126895666122437,0.9166073203086853,0.6904447078704834,0.916149377822876,0.7744988203048706,0.9166073203086853,0.8929480314254761,0.9166073203086853,0.8604355454444885,0.7967334985733032,0.8928462266921997,0.9166581630706787,0.9056171774864197,0.8694413304328918,0.8697974681854248,0.9159458875656128,0.8675078749656677,0.8689833879470825,0.8446626663208008,0.8920830488204956,0.7141548991203308,0.8476645946502686,0.8697466254234314,0.9049557447433472,0.844153881072998,0.8093518018722534,0.8493436574935913,0.8571791648864746,0.8809402585029602,0.8590617775917053,0.9170143604278564,0.8552457094192505,0.8762593269348145,0.7962755560874939,0.7617279291152954,0.8808894157409668,nan,24.454957723617554,0.6777505874633789,-73.58967537401732,0.6989364624023438
83,0.9686539769172668,0.6977437734603882,0.8647679090499878,0.7754147052764893,0.7741426825523376,0.9165055751800537,0.8696072101593018,0.9155387878417969,0.9164037704467773,0.9163020253181458,0.9118754863739014,0.9165055751800537,0.6904956102371216,0.9153861999511719,0.7746514678001404,0.9165055751800537,0.8928971290588379,0.9165055751800537,0.8599776029586792,0.7969369888305664,0.8928462266921997,0.9169125556945801,0.9067365527153015,0.8693904876708984,0.8697466254234314,0.9154879450798035,0.8670499324798584,0.8690851926803589,0.8421188592910767,0.893660306930542,0.7119163274765015,0.8479698896408081,0.8700518608093262,0.9055663347244263,0.8441029787063599,0.8094027042388916,0.851378858089447,0.8576371073722839,0.8811438083648682,0.8594688177108765,0.9174214005470276,0.8552966117858887,0.8773786425590515,0.79653000831604,0.7617787718772888,0.8809402585029602,nan,24.989521503448486,0.6770375370979309,-75.26379014161078,0.6977437734603882
84,1.008443832397461,0.6846237778663635,0.863979697227478,0.7765340805053711,0.7747023105621338,0.9140634536743164,0.8701668977737427,0.9152335524559021,0.9115197062492371,0.9158949851989746,0.907907247543335,0.9162002801895142,0.6895290613174438,0.9145212173461914,0.7753129005432129,0.914012610912323,0.8928462266921997,0.9162002801895142,0.8608934879302979,0.7967334985733032,0.8931006193161011,0.9172687530517578,0.9074997901916504,0.8696957230567932,0.8681186437606812,0.9145212173461914,0.8660832643508911,0.8698992729187012,0.8393206596374512,0.893304169178009,0.7136969566345215,0.8456807136535645,0.8716291785240173,0.9015471935272217,0.8394224643707275,0.809657096862793,0.8525490760803223,0.8520407676696777,0.8817543387413025,0.8617584109306335,0.9178284406661987,0.8541772365570068,0.8783962726593018,0.7936809062957764,0.7569456100463867,0.88109290599823,nan,24.881426334381104,0.664738118648529,-76.60389091750284,0.6846237778663635
85,1.4017364978790283,0.5818507075309753,0.8547511100769043,0.7765851020812988,0.7768901586532593,0.9074490666389465,0.830758810043335,0.8912196159362793,0.897731602191925,0.9013438820838928,0.8961542844772339,0.9031755924224854,0.6684163808822632,0.9118754863739014,0.7758728265762329,0.8935091495513916,0.8956446647644043,0.8941197395324707,0.8481746912002563,0.7851841449737549,0.883739709854126,0.9122322797775269,0.8950353860855103,0.8717820644378662,0.8666437864303589,0.9114683866500854,0.8582990169525146,0.8659816980361938,0.8257367610931396,0.8925411701202393,0.6929908990859985,0.8372362852096558,0.8667960166931152,0.895492672920227,0.8143919706344604,0.8065024614334106,0.8401867151260376,0.8454780578613281,0.8814494609832764,0.8614535331726074,0.9171671867370605,0.8498020172119141,0.8747330904006958,0.7852347493171692,0.7322705984115601,0.8760052919387817,nan,24.9515438079834,0.5581520199775696,-74.43734720888129,0.5818507075309753
86,1.020084261894226,0.6707086563110352,0.86402827501297,0.7787219285964966,0.7764322757720947,0.9146230220794678,0.8717948794364929,0.907907247543335,0.9136053323745728,0.9140633344650269,0.9088228344917297,0.9143685698509216,0.684543251991272,0.9134018421173096,0.7780604362487793,0.9148774147033691,0.8931006193161011,0.9143177270889282,0.8587564826011658,0.7917981147766113,0.8930497169494629,0.917675793170929,0.9086699485778809,0.871374785900116,0.8701539039611816,0.9132492542266846,0.8640989065170288,0.8661342859268188,0.8405922651290894,0.8904039859771729,0.7051501274108887,0.8568230271339417,0.873867928981781,0.9051592350006104,0.8435941934585571,0.8091482520103455,0.8531090021133423,0.8579424023628235,0.8824666738510132,0.8637429475784302,0.9185407161712646,0.8531087636947632,0.8765645623207092,0.7891523241996765,0.7611682415008545,0.8806350231170654,nan,24.723876237869263,0.6456969380378723,-77.07392593169945,0.6707086563110352
87,0.9833109378814697,0.6877049803733826,0.8651562929153442,0.7779586911201477,0.7756690979003906,0.9137073755264282,0.8708282709121704,0.9137071371078491,0.9128423929214478,0.9154879450798035,0.9122315645217896,0.9160476326942444,0.6893255114555359,0.9152335524559021,0.7766866683959961,0.9156914949417114,0.893304169178009,0.9157931804656982,0.8605372905731201,0.796682596206665,0.8935585618019104,0.9171669483184814,0.9089752435684204,0.8684239387512207,0.8714765310287476,0.9151318073272705,0.8647094964981079,0.8688308000564575,0.8410501480102539,0.8944743871688843,0.7136465311050415,0.8571791648864746,0.8750890493392944,0.9059224724769592,0.8431870937347412,0.8104711771011353,0.8564668893814087,0.8572300672531128,0.8819578886032104,0.8672534823417664,0.9181337356567383,0.8535158634185791,0.8772768974304199,0.791136622428894,0.7593367099761963,0.8806858658790588,nan,24.758652925491333,0.6708348989486694,-78.58388896093206,0.6877049803733826
88,0.9697198271751404,0.6904880404472351,0.865528404712677,0.7763305306434631,0.7749058604240417,0.916149377822876,0.8704212307929993,0.9134018421173096,0.9151826500892639,0.9156914949417114,0.9113157987594604,0.9159967303276062,0.6906991004943848,0.9146230220794678,0.7757708430290222,0.916149377822876,0.8931006193161011,0.9159458875656128,0.8587564826011658,0.79653000831604,0.8932024240493774,0.9172178506851196,0.9108069539070129,0.8700010180473328,0.8707133531570435,0.9142159223556519,0.8655744791030884,0.8695430755615234,0.8425257205963135,0.8937621116638184,0.7180217504501343,0.8571791648864746,0.8762593269348145,0.9061260223388672,0.8436450958251953,0.8133713006973267,0.8566703796386719,0.8576371073722839,0.8815507888793945,0.8668464422225952,0.9183881282806396,0.8543807864189148,0.8774295449256897,0.7918998599052429,0.7613717317581177,0.8807367086410522,nan,24.51244354248047,0.6726638674736023,-79.88662510128646,0.6904880404472351
89,0.9654265642166138,0.6955571174621582,0.8656728863716125,0.7758725881576538,0.7748550176620483,0.916149377822876,0.8701668977737427,0.90923011302948,0.9154879450798035,0.9159967303276062,0.9122315645217896,0.916149377822876,0.6906481981277466,0.9150300025939941,0.7754655480384827,0.9159458875656128,0.8930497169494629,0.9160984754562378,0.858451247215271,0.7967334985733032,0.8928971290588379,0.9169125556945801,0.9110614061355591,0.8701027631759644,0.8704589605331421,0.9147756099700928,0.8659305572509766,0.8693395853042603,0.842831015586853,0.8939146995544434,0.7183270454406738,0.857280969619751,0.8765137195587158,0.9055663347244263,0.8434923887252808,0.8196295499801636,0.8571791648864746,0.8571791648864746,0.88109290599823,0.8677114248275757,0.9175740480422974,0.8541263937950134,0.8782944679260254,0.7943421602249146,0.7613717317581177,0.8810420036315918,nan,24.650858640670776,0.6781697869300842,-81.38316432117598,0.6955571174621582
90,0.9545809626579285,0.6973462104797363,0.8660346269607544,0.7758216857910156,0.774193525314331,0.9164037704467773,0.8694037199020386,0.9132492542266846,0.916149377822876,0.9162002801895142,0.9127404093742371,0.9164037704467773,0.6905973553657532,0.9151318073272705,0.7748041152954102,0.9163528680801392,0.8929988741874695,0.9164037704467773,0.8585020899772644,0.796682596206665,0.8929988741874695,0.9172178506851196,0.9124860167503357,0.8692886829376221,0.8698992729187012,0.914419412612915,0.8666937947273254,0.8694413304328918,0.8434923887252808,0.8937621116638184,0.7198026180267334,0.8574844598770142,0.8763101696968079,0.9057698249816895,0.8442047834396362,0.8205454349517822,0.8593670129776001,0.8589600324630737,0.8814491033554077,0.8683728575706482,0.9174214005470276,0.8547878265380859,0.8780909776687622,0.7956650257110596,0.7614734768867493,0.8808894157409668,nan,24.42597532272339,0.6781715750694275,-82.59816322823356,0.6973462104797363

91,0.946504533290863,0.7013219594955444,0.8662992715835571,0.7750585079193115,0.7740917801856995,0.9165564179420471,0.8693020343780518,0.9144703149795532,0.9165564179420471,0.9165564179420471,0.914419412612915,0.9165564179420471,0.690750002861023,0.9151318073272705,0.7742444276809692,0.9166073203086853,0.8927444815635681,0.9165564179420471,0.8587056398391724,0.7967334985733032,0.8928971290588379,0.917116105556488,0.91309654712677,0.8692886829376221,0.8694413304328918,0.9144703149795532,0.8671008348464966,0.8695939779281616,0.8437976837158203,0.8965096473693848,0.7188867330551147,0.8573827147483826,0.8764628171920776,0.9056171774864197,0.8444082736968994,0.8208507299423218,0.8611987233161926,0.8609951734542847,0.8812963962554932,0.868678092956543,0.917675793170929,0.8550931215286255,0.8784980177879333,0.7959703207015991,0.7616770267486572,0.8809402585029602,nan,24.812384366989136,0.6826175451278687,-83.96948306492506,0.7013219594955444
92,0.9412131905555725,0.7028128504753113,0.8664553165435791,0.7749058604240417,0.7739391326904297,0.9166073203086853,0.8692002296447754,0.9143685698509216,0.9165055751800537,0.9165564179420471,0.9147247076034546,0.9166073203086853,0.6908008456230164,0.9149282574653625,0.7741426825523376,0.9165564179420471,0.8928971290588379,0.9166073203086853,0.8592653274536133,0.7967844009399414,0.8928462266921997,0.9170652627944946,0.9145721197128296,0.8691869378089905,0.8692886829376221,0.9139615297317505,0.8672534823417664,0.8697974681854248,0.844306468963623,0.8975781202316284,0.7187849879264832,0.8571791648864746,0.8754452466964722,0.9057189226150513,0.8445608615875244,0.821054220199585,0.8623180985450745,0.8635901212692261,0.8811438083648682,0.8688308000564575,0.9175231456756592,0.855398416519165,0.879210352897644,0.7960720062255859,0.7617787718772888,0.8809911608695984,nan,24.409177780151367,0.6831575632095337,-85.3334284157654,0.7028128504753113
93,0.9366034269332886,0.7032104134559631,0.866625189781189,0.774600625038147,0.774040937423706,0.9166073203086853,0.8691493272781372,0.9144703149795532,0.9165564179420471,0.9166073203086853,0.9151826500892639,0.9166073203086853,0.691513180732727,0.9146230220794678,0.7740917801856995,0.9166073203086853,0.8928971290588379,0.9166073203086853,0.8597232103347778,0.7967844009399414,0.8928462266921997,0.9170652627944946,0.9151826500892639,0.8690342903137207,0.8692886829376221,0.9136053323745728,0.8677114248275757,0.8695939779281616,0.844713568687439,0.8981378078460693,0.7185305953025818,0.8571791648864746,0.8746820092201233,0.9057189226150513,0.8444591760635376,0.8211560249328613,0.8638445138931274,0.8671008348464966,0.8810420036315918,0.8689325451850891,0.9176249504089355,0.855754554271698,0.8794647455215454,0.7962247133255005,0.7617787718772888,0.8809911608695984,nan,25.326497793197632,0.6832958459854126,-86.72616072718138,0.7032104134559631
94,0.9322258830070496,0.7044031620025635,0.8667500019073486,0.7743462324142456,0.7739391326904297,0.9166073203086853,0.8689967393875122,0.9143685698509216,0.9165564179420471,0.9166073203086853,0.9154879450798035,0.9166073203086853,0.6924290060997009,0.9144703149795532,0.774040937423706,0.9166073203086853,0.8928971290588379,0.9166073203086853,0.860130250453949,0.7967334985733032,0.8927953243255615,0.9170143604278564,0.9156405925750732,0.8690342903137207,0.8692886829376221,0.913300096988678,0.867965817451477,0.8696957230567932,0.8448153138160706,0.8989009857177734,0.7184288501739502,0.8571791648864746,0.8731046915054321,0.9057189226150513,0.8445608615875244,0.8212577700614929,0.8658797144889832,0.8693904876708984,0.8809911608695984,0.8690851926803589,0.9176249504089355,0.8558562994003296,0.8798717856407166,0.7962247133255005,0.7617787718772888,0.8809911608695984,nan,24.36460590362549,0.6842900514602661,-88.14395462823262,0.7044031620025635
95,0.9273202419281006,0.704502522945404,0.8652892112731934,0.7743462324142456,0.7738882303237915,0.9165564179420471,0.7992979288101196,0.9143685698509216,0.9165055751800537,0.9165564179420471,0.9156914949417114,0.9165564179420471,0.6940063238143921,0.9145212173461914,0.774040937423706,0.9165564179420471,0.8928971290588379,0.9165564179420471,0.8603846430778503,0.7966316938400269,0.8927444815635681,0.9169634580612183,0.9158440828323364,0.8690342903137207,0.8692377805709839,0.9131983518600464,0.8682202100753784,0.869848370552063,0.8451205492019653,0.8997150659561157,0.7185814380645752,0.8571791648864746,0.872341513633728,0.9055663347244263,0.8448153138160706,0.8212577700614929,0.867965817451477,0.8696957230567932,0.8809911608695984,0.8690851926803589,0.9176249504089355,0.8560089468955994,0.8802279233932495,0.7961229085922241,0.7617787718772888,0.8809911608695984,nan,24.961662530899048,0.6836761832237244,-89.60797312662291,0.704502522945404
96,1.112805962562561,0.6493390202522278,0.8605656623840332,0.77877277135849,0.7776533961296082,0.914419412612915,0.7769129276275635,0.9030231237411499,0.9134527444839478,0.9140633344650269,0.9059739708900452,0.9122318029403687,0.6736568212509155,0.9052109718322754,0.7781622409820557,0.9052109718322754,0.8953902721405029,0.9118756055831909,0.8578917384147644,0.7948000431060791,0.8896412253379822,0.9177775382995605,0.9094842672348022,0.8724432587623596,0.8712732195854187,0.9135544896125793,0.8553483486175537,0.8684239387512207,0.8430345058441162,0.894830584526062,0.7088643908500671,0.8569759130477905,0.8722906112670898,0.9063804149627686,0.8215145468711853,0.8189172744750977,0.8556034564971924,0.8550435304641724,0.8836369514465332,0.8674061298370361,0.9188969135284424,0.8526002168655396,0.8754962682723999,0.790373682975769,0.7470247745513916,0.8800755143165588,nan,24.99630093574524,0.632823646068573,-88.76794019857773,0.6493390202522278
97,0.9521756768226624,0.6904880404472351,0.863728940486908,0.775923490524292,0.7753638029098511,0.9159967303276062,0.7747253179550171,0.9117227792739868,0.9105020761489868,0.9156914949417114,0.912943959236145,0.9157931804656982,0.6922770142555237,0.9128421545028687,0.7758216857910156,0.9135038256645203,0.893507719039917,0.9135038256645203,0.8600285053253174,0.7957667708396912,0.8934059143066406,0.9179301857948303,0.9138597846031189,0.8697466254234314,0.8702554106712341,0.9122824668884277,0.8638955950737,0.8694413304328918,0.8432379961013794,0.8961025476455688,0.7174625396728516,0.857433557510376,0.8718835711479187,0.9065839052200317,0.8452732563018799,0.8189175128936768,0.8677624464035034,0.8647099137306213,0.8823648691177368,0.8690342903137207,0.9191004037857056,0.8547369241714478,0.8783962726593018,0.7910857796669006,0.7594385147094727,0.8813472986221313,nan,24.836215019226074,0.6666343212127686,-91.36423496602366,0.6904880404472351
98,0.9453084468841553,0.6896928548812866,0.8641611933708191,0.7752111554145813,0.7748041152954102,0.9164546728134155,0.7745217680931091,0.913300096988678,0.9139108657836914,0.9164037704467773,0.9157931804656982,0.9165055751800537,0.6940067410469055,0.9140124320983887,0.7751094102859497,0.9163528680801392,0.8928462266921997,0.914216160774231,0.8602319955825806,0.7967334985733032,0.8929480314254761,0.9172178506851196,0.914979100227356,0.8696957230567932,0.8699501752853394,0.9127912521362305,0.8664902448654175,0.8725959062576294,0.8433398008346558,0.8944234848022461,0.72061687707901,0.857433557510376,0.8726468086242676,0.9059224724769592,0.8450697064399719,0.8211560249328613,0.8695939779281616,0.862318754196167,0.8814999461174011,0.868525505065918,0.9180828332901001,0.8550931215286255,0.878040075302124,0.7914419174194336,0.7571491003036499,0.8809402585029602,nan,24.739465475082397,0.6717042922973633,-92.62001038052645,0.6896928548812866
99,0.9307073950767517,0.7024152874946594,0.864659309387207,0.7749567627906799,0.7743462324142456,0.914368748664856,0.7739112377166748,0.9122824668884277,0.916149377822876,0.914368748664856,0.9151318073272705,0.9165055751800537,0.7001119256019592,0.91426682472229,0.7748041152954102,0.9165055751800537,0.8926427364349365,0.9165055751800537,0.8598250150680542,0.7974966764450073,0.8931006193161011,0.9172687530517578,0.9154371023178101,0.8668975234031677,0.8694921731948853,0.9131983518600464,0.8665411472320557,0.8725959062576294,0.8440520763397217,0.8982395529747009,0.723720371723175,0.8574844598770142,0.8724432587623596,0.9070417881011963,0.8446626663208008,0.8214104175567627,0.8702045679092407,0.8677114248275757,0.8814999461174011,0.8689325451850891,0.9185407161712646,0.8551948666572571,0.879566490650177,0.7896613478660583,0.7616770267486572,0.8812455534934998,nan,24.836260557174683,0.6788729429244995,-94.26882547223654,0.7024152874946594
100,0.932643473148346,0.695060133934021,0.8646581172943115,0.7761778831481934,0.7752111554145813,0.9164546728134155,0.7745217680931091,0.9086192846298218,0.9162511825561523,0.9164037704467773,0.9131474494934082,0.9164037704467773,0.698483943939209,0.91426682472229,0.7757708430290222,0.9163020253181458,0.8934568166732788,0.9163528680801392,0.8578406572341919,0.7968860864639282,0.893304169178009,0.9175740480422974,0.9147756099700928,0.8694413304328918,0.8701027631759644,0.9125877618789673,0.8671517372131348,0.8732573390007019,0.8442047834396362,0.8989518880844116,0.7200574278831482,0.8559582829475403,0.8718327283859253,0.9065839052200317,0.846036434173584,0.8212577700614929,0.8704591393470764,0.8691360950469971,0.8825175762176514,0.8686272501945496,0.9183372259140015,0.85555100440979,0.8783962726593018,0.7904752492904663,0.7616770267486572,0.8812455534934998,nan,24.55017900466919,0.6745502352714539,-95.44566462450148,0.695060133934021

101,0.9176355004310608,0.7049000859260559,0.864513635635376,0.7753129005432129,0.7749058604240417,0.9163528680801392,0.774318277835846,0.9110614061355591,0.9162511825561523,0.9165055751800537,0.91426682472229,0.9163020253181458,0.6989927887916565,0.9142159223556519,0.7750076055526733,0.9163528680801392,0.8929480314254761,0.9163528680801392,0.8585529327392578,0.7968352437019348,0.8929988741874695,0.917319655418396,0.9154879450798035,0.8695430755615234,0.8698992729187012,0.9128930568695068,0.8673043251037598,0.8747328519821167,0.8442556262016296,0.8986974954605103,0.7210748195648193,0.8540759086608887,0.8734608888626099,0.9065839052200317,0.8459346294403076,0.8213595151901245,0.8748855590820312,0.8553999066352844,0.8813472986221313,0.8687798976898193,0.9183881282806396,0.8556019067764282,0.8785488605499268,0.7904752492904663,0.7615243792533875,0.8808385133743286,nan,25.03788685798645,0.686046302318573,-96.9261595211592,0.7049000859260559
102,0.9110305309295654,0.7037073969841003,0.8650187253952026,0.7748041152954102,0.774600625038147,0.9165564179420471,0.7741656303405762,0.9085175395011902,0.9163528680801392,0.9164546728134155,0.9141141772270203,0.9165055751800537,0.6996033191680908,0.91309654712677,0.774600625038147,0.9164037704467773,0.8927953243255615,0.9164037704467773,0.8592144250869751,0.7968860864639282,0.8931515216827393,0.9168108701705933,0.9160984754562378,0.8693395853042603,0.8695430755615234,0.9121807217597961,0.8678640127182007,0.8759540319442749,0.8445608615875244,0.8996133208274841,0.7236186265945435,0.8593161702156067,0.8771242499351501,0.906227707862854,0.8455785512924194,0.8214104175567627,0.8759031295776367,0.8640486598014832,0.8812963962554932,0.8689833879470825,0.9181337356567383,0.856110692024231,0.879770040512085,0.791340172290802,0.7618296146392822,0.8809911608695984,nan,24.89511775970459,0.6840574145317078,-98.48768765413789,0.7037073969841003

103,0.9025779366493225,0.7102673649787903,0.865713357925415,0.774397075176239,0.774397075176239,0.9166581630706787,0.7739112377166748,0.9113666415214539,0.9166073203086853,0.9166581630706787,0.9156405925750732,0.9165564179420471,0.7021471261978149,0.9127912521362305,0.774397075176239,0.9165564179420471,0.8928462266921997,0.9165564179420471,0.8594179153442383,0.7969878911972046,0.8929480314254761,0.9172687530517578,0.9163528680801392,0.8691869378089905,0.8694921731948853,0.9118245840072632,0.86832195520401,0.8788032531738281,0.8450188636779785,0.8998677134513855,0.723720371723175,0.8613513708114624,0.878243625164032,0.9069909453392029,0.8469014167785645,0.8213595151901245,0.8792612552642822,0.8726468086242676,0.8811438083648682,0.8690342903137207,0.9187951683998108,0.8564159870147705,0.8801261782646179,0.7924595475196838,0.7618296146392822,0.8809402585029602,nan,24.723053455352783,0.688916802406311,-100.14786531891788,0.7102673649787903
104,0.8981637954711914,0.7116588950157166,0.8659641742706299,0.774397075176239,0.7742953300476074,0.9166581630706787,0.7738603949546814,0.9102981686592102,0.9166073203086853,0.9166581630706787,0.9150300025939941,0.9166581630706787,0.7023506760597229,0.9129948019981384,0.7742953300476074,0.9166581630706787,0.8928462266921997,0.9166581630706787,0.8596723079681396,0.7969878911972046,0.8928971290588379,0.9172178506851196,0.9164037704467773,0.8691360950469971,0.8692377805709839,0.9117227792739868,0.868678092956543,0.8794647455215454,0.8450697064399719,0.900529146194458,0.7235168218612671,0.8647603392601013,0.8794647455215454,0.9073470830917358,0.8479698896408081,0.8213595151901245,0.8806350231170654,0.8749872446060181,0.88109290599823,0.8690342903137207,0.9188460111618042,0.8565177917480469,0.8807876110076904,0.792866587638855,0.7618296146392822,0.8809402585029602,nan,24.73915195465088,0.6889528632164001,-101.73241124647463,0.7116588950157166
105,0.8942111134529114,0.7121558785438538,0.8662761449813843,0.774397075176239,0.7743462324142456,0.9166581630706787,0.7738603949546814,0.9099420309066772,0.9166581630706787,0.9166581630706787,0.9146738648414612,0.9166581630706787,0.7023506760597229,0.913300096988678,0.7742953300476074,0.9166581630706787,0.8928462266921997,0.9166581630706787,0.860130250453949,0.7970387935638428,0.8928462266921997,0.9172687530517578,0.9165055751800537,0.8691360950469971,0.8692377805709839,0.911773681640625,0.8687798976898193,0.8798717856407166,0.8452223539352417,0.9013941287994385,0.7235168218612671,0.8674570322036743,0.8801770210266113,0.9082120656967163,0.8507174253463745,0.8213595151901245,0.8814491033554077,0.8782944679260254,0.88109290599823,0.8690342903137207,0.9193547964096069,0.8567212820053101,0.8808894157409668,0.7927648425102234,0.7618296146392822,0.8809402585029602,nan,24.3010311126709,0.6891775131225586,-103.341832364083,0.7121558785438538
106,0.8903928399085999,0.7128515839576721,0.8665547370910645,0.7742953300476074,0.7743462324142456,0.9166581630706787,0.773809552192688,0.9098402261734009,0.9166581630706787,0.9166581630706787,0.9144703149795532,0.9166581630706787,0.7024524211883545,0.9132492542266846,0.7742444276809692,0.9166581630706787,0.8928462266921997,0.9166581630706787,0.8608425855636597,0.7970896363258362,0.8928462266921997,0.9173704981803894,0.9166073203086853,0.8690851926803589,0.8691869378089905,0.9118245840072632,0.8689325451850891,0.8801770210266113,0.8452223539352417,0.902259111404419,0.7235168218612671,0.868678092956543,0.8804823160171509,0.9089752435684204,0.8541772365570068,0.8213595151901245,0.8829245567321777,0.8814491033554077,0.88109290599823,0.8690342903137207,0.9195583462715149,0.8569247722625732,0.8808894157409668,0.7924595475196838,0.7618296146392822,0.8809402585029602,nan,24.877854824066162,0.689780056476593,-104.99049502866498,0.7128515839576721
107,0.8866370320320129,0.7133485674858093,0.8667095899581909,0.7742953300476074,0.7742953300476074,0.9166581630706787,0.7738603949546814,0.9096876382827759,0.9166581630706787,0.9166581630706787,0.9143685698509216,0.9166581630706787,0.7024524211883545,0.9130457043647766,0.774193525314331,0.9166581630706787,0.8928462266921997,0.9166581630706787,0.861096978187561,0.7970896363258362,0.8928462266921997,0.917472243309021,0.9166073203086853,0.8690851926803589,0.8691360950469971,0.9116210341453552,0.8690342903137207,0.8803297281265259,0.8452732563018799,0.9028187990188599,0.7235677242279053,0.8690851926803589,0.8807367086410522,0.9098911285400391,0.8563650846481323,0.8213595151901245,0.8851124048233032,0.8817034959793091,0.88109290599823,0.8690342903137207,0.9201180338859558,0.8570265769958496,0.8809402585029602,0.7918490171432495,0.7618296146392822,0.8809402585029602,nan,24.774802684783936,0.6902576088905334,-106.68939891466741,0.7133485674858093
108,0.8830202221870422,0.7140443325042725,0.8667765855789185,0.774193525314331,0.7742953300476074,0.9166581630706787,0.773809552192688,0.9095858335494995,0.9166581630706787,0.9166581630706787,0.9138088822364807,0.9166581630706787,0.7024524211883545,0.9124860167503357,0.7741426825523376,0.9166073203086853,0.8928462266921997,0.9166581630706787,0.8610460758209229,0.7969878911972046,0.8927953243255615,0.9175231456756592,0.9166073203086853,0.8690851926803589,0.8691360950469971,0.9114174842834473,0.8690342903137207,0.8803297281265259,0.8452732563018799,0.9033784866333008,0.7235677242279053,0.8690851926803589,0.8808894157409668,0.9102981686592102,0.8576371073722839,0.8213595151901245,0.8878599405288696,0.8814999461174011,0.88109290599823,0.8690342903137207,0.9203215837478638,0.8570774793624878,0.8809911608695984,0.7913910746574402,0.7618296146392822,0.8809402585029602,nan,25.00798463821411,0.6911218166351318,-108.43747198485721,0.7140443325042725
109,0.8791831135749817,0.7142431139945984,0.8668632507324219,0.7740917801856995,0.774397075176239,0.9166581630706787,0.773809552192688,0.9098911285400391,0.9166581630706787,0.9166581630706787,0.9140633344650269,0.9166581630706787,0.7024524211883545,0.9123333692550659,0.7739900350570679,0.9166581630706787,0.8928462266921997,0.9166581630706787,0.8615040183067322,0.7971405386924744,0.8927953243255615,0.917675793170929,0.9166073203086853,0.8690851926803589,0.8691360950469971,0.9112139940261841,0.8690342903137207,0.8805332183837891,0.8452732563018799,0.9039381742477417,0.7236186265945435,0.8690851926803589,0.8808894157409668,0.9114174842834473,0.8587056398391724,0.8213595151901245,0.8876566886901855,0.8810420036315918,0.8811438083648682,0.8690342903137207,0.921135663986206,0.8571283221244812,0.8809911608695984,0.791136622428894,0.7618296146392822,0.8809402585029602,nan,24.528505086898804,0.6912389397621155,-110.22141123230327,0.7142431139945984
110,0.8753330111503601,0.7142431139945984,0.8668470978736877,0.774040937423706,0.7744479179382324,0.9166581630706787,0.773809552192688,0.9097384810447693,0.9166581630706787,0.9166581630706787,0.9141650199890137,0.9166581630706787,0.7024015188217163,0.9123842716217041,0.7738882303237915,0.9166581630706787,0.8928462266921997,0.9166581630706787,0.8614022731781006,0.7971405386924744,0.8928462266921997,0.9178793430328369,0.9166073203086853,0.8690851926803589,0.8690851926803589,0.9114174842834473,0.8690342903137207,0.8805332183837891,0.8452732563018799,0.9048030972480774,0.7233642339706421,0.8690851926803589,0.8808894157409668,0.9119771718978882,0.8591126203536987,0.8213595151901245,0.8854692578315735,0.8806350231170654,0.8811947107315063,0.8690342903137207,0.9220006465911865,0.8571791648864746,0.8809911608695984,0.7904243469238281,0.7618296146392822,0.8809402585029602,nan,24.977685928344727,0.6913357973098755,-112.0740695745212,0.7142431139945984

111,0.8714063763618469,0.7145413160324097,0.8666980266571045,0.7739900350570679,0.774397075176239,0.9166581630706787,0.773809552192688,0.9097893238067627,0.9166581630706787,0.9166581630706787,0.9140633344650269,0.9166581630706787,0.7024015188217163,0.9124860167503357,0.7738882303237915,0.9166581630706787,0.8928462266921997,0.9166581630706787,0.8617075681686401,0.7971405386924744,0.8927953243255615,0.9179810285568237,0.9166073203086853,0.8690851926803589,0.8690851926803589,0.9113666415214539,0.8690851926803589,0.8806350231170654,0.8452732563018799,0.9052101373672485,0.7228553891181946,0.8690851926803589,0.8809402585029602,0.9130457043647766,0.8597232103347778,0.8213595151901245,0.8775328397750854,0.8803805708885193,0.8812963962554932,0.8690342903137207,0.9226111769676208,0.8572300672531128,0.8809911608695984,0.7894576191902161,0.7618296146392822,0.8809402585029602,nan,24.85879397392273,0.6915122866630554,-113.95583464305238,0.7145413160324097
112,0.8694310188293457,0.7139449119567871,0.8662946820259094,0.7742444276809692,0.7750076055526733,0.9165055751800537,0.773962140083313,0.9095349311828613,0.9163528680801392,0.9165564179420471,0.9128421545028687,0.9164037704467773,0.7003156542778015,0.9121298789978027,0.774193525314331,0.9163528680801392,0.8928462266921997,0.9164546728134155,0.861656665802002,0.7965808510780334,0.8927953243255615,0.9189987182617188,0.9166073203086853,0.8690851926803589,0.8691869378089905,0.9111630916595459,0.8690342903137207,0.8805332183837891,0.8452223539352417,0.9050066471099854,0.7228553891181946,0.8691869378089905,0.8809402585029602,0.9128421545028687,0.8602828979492188,0.8213595151901245,0.8629317283630371,0.8796173930168152,0.8820087909698486,0.8690342903137207,0.9230691194534302,0.8574844598770142,0.8811438083648682,0.7894067764282227,0.7618805170059204,0.8809402585029602,nan,25.25093936920166,0.6917107105255127,-115.88795639082068,0.7139449119567871
113,0.8737114071846008,0.7131497859954834,0.862814724445343,0.7749058604240417,0.7757708430290222,0.9163020253181458,0.7739112377166748,0.9103999137878418,0.9160984754562378,0.9164037704467773,0.9128421545028687,0.9162002801895142,0.6941089630126953,0.9122315645217896,0.7749567627906799,0.9137073755264282,0.8928462266921997,0.9139617681503296,0.8620637059211731,0.79653000831604,0.8928462266921997,0.9176249504089355,0.9163528680801392,0.8691360950469971,0.8696448802947998,0.9117227792739868,0.868525505065918,0.8805332183837891,0.8449170589447021,0.9051592350006104,0.7203624844551086,0.8692886829376221,0.8809402585029602,0.9105017185211182,0.8594688177108765,0.8213086128234863,0.732742428779602,0.879566490650177,0.8814491033554077,0.8690342903137207,0.9204741716384888,0.8571283221244812,0.8811947107315063,0.7886943817138672,0.7618296146392822,0.88109290599823,nan,24.597140312194824,0.6909117698669434,-117.83047435302856,0.7131497859954834
114,1.2175142765045166,0.6393996477127075,0.8489874601364136,0.7779586911201477,0.7762289643287659,0.9056687355041504,0.7757936716079712,0.9032262563705444,0.9049054980278015,0.9033284187316895,0.894984245300293,0.9076019525527954,0.6183565258979797,0.9116719365119934,0.7777042984962463,0.9069913625717163,0.8924902677536011,0.9091789722442627,0.8585027456283569,0.7936806678771973,0.8874026536941528,0.9174215793609619,0.9068389534950256,0.8671013116836548,0.8716802597045898,0.9090263843536377,0.8596218824386597,0.8732577562332153,0.8258386850357056,0.8990538120269775,0.699554443359375,0.84410560131073,0.8715282678604126,0.9074490666389465,0.8149527311325073,0.8173401951789856,0.581847608089447,0.7771550416946411,0.8862317800521851,0.8663378357887268,0.9221023321151733,0.8531599044799805,0.8802281618118286,0.7892540693283081,0.7454477548599243,0.8774299621582031,nan,24.90464472770691,0.6250675320625305,-116.68556771952807,0.6393996477127075
115,0.9361703395843506,0.688698947429657,0.8537445068359375,0.7771954536437988,0.7783148288726807,0.9154371023178101,0.7754375338554382,0.9076526165008545,0.9153352975845337,0.9154879450798035,0.90928053855896,0.9129949808120728,0.6501020789146423,0.9140124320983887,0.7773990035057068,0.9135036468505859,0.8948814868927002,0.9150809049606323,0.8664394021034241,0.7880331873893738,0.8927953243255615,0.9177775382995605,0.9143177270889282,0.8708659410476685,0.8722906112670898,0.9138597846031189,0.8663885593414307,0.879566490650177,0.8393206596374512,0.903581976890564,0.7131892442703247,0.8629801869392395,0.8778876662254333,0.9073470830917358,0.8504638671875,0.8202401399612427,0.4701259136199951,0.8414104580879211,0.8831281065940857,0.8669992685317993,0.919965386390686,0.8550424575805664,0.8807876110076904,0.7873715162277222,0.7586244344711304,0.8819069862365723,nan,24.85621690750122,0.6669663786888123,-118.70686951684569,0.688698947429657
116,0.9605105519294739,0.6849219799041748,0.8518606424331665,0.7762287855148315,0.7776025533676147,0.9149282574653625,0.7746744155883789,0.9063805937767029,0.910400390625,0.9148774147033691,0.905820906162262,0.9148774147033691,0.6327539086341858,0.9147247076034546,0.7766357660293579,0.9089757204055786,0.8940165042877197,0.9146230220794678,0.8608940839767456,0.7894576191902161,0.8903533220291138,0.9181846380233765,0.9153861999511719,0.8682712912559509,0.8719344735145569,0.9143685698509216,0.8633867502212524,0.8789050579071045,0.8406432867050171,0.8984432816505432,0.7190907001495361,0.8614031076431274,0.8800244331359863,0.9097384810447693,0.847258448600769,0.8200366497039795,0.4457058012485504,0.8282337784767151,0.8832298517227173,0.8676098585128784,0.9210847616195679,0.8557037115097046,0.8821104764938354,0.786964476108551,0.7558262348175049,0.8817543387413025,nan,24.665403842926025,0.6644121408462524,-119.80148525634256,0.6849219799041748
117,0.9040856957435608,0.69814133644104,0.8525853157043457,0.7757708430290222,0.7770428657531738,0.9127914905548096,0.7744200229644775,0.9108577966690063,0.9149282574653625,0.9149282574653625,0.9084157943725586,0.9127405881881714,0.6627699732780457,0.914826512336731,0.7759743928909302,0.9143177270889282,0.8934059143066406,0.9125880002975464,0.8687798976898193,0.7926630973815918,0.8932533264160156,0.9192022085189819,0.9158949851989746,0.8677624464035034,0.8713239431381226,0.91426682472229,0.8660832643508911,0.8796682357788086,0.8431870937347412,0.9026660919189453,0.7197521328926086,0.8633872270584106,0.8803297281265259,0.9106543064117432,0.8543301224708557,0.8205454349517822,0.40149566531181335,0.8288445472717285,0.8831281065940857,0.8694413304328918,0.9215935468673706,0.8559072017669678,0.8813982009887695,0.7878803014755249,0.754656195640564,0.8812963962554932,nan,24.64671039581299,0.6796712875366211,-121.47345443284247,0.69814133644104
118,0.8725986480712891,0.7123546600341797,0.8520293831825256,0.7754655480384827,0.7763813734054565,0.9163528680801392,0.7744200229644775,0.9086192846298218,0.9163020253181458,0.9163528680801392,0.9112139940261841,0.9163020253181458,0.6601244211196899,0.9131983518600464,0.7755672931671143,0.916149377822876,0.8931006193161011,0.9163020253181458,0.8714256286621094,0.7933244705200195,0.8929480314254761,0.9177266359329224,0.916149377822876,0.8694413304328918,0.8706115484237671,0.9123842716217041,0.866999089717865,0.8798717856407166,0.8436959385871887,0.9034801721572876,0.7251958847045898,0.8692377805709839,0.8808385133743286,0.9099928736686707,0.8576880097389221,0.8211560249328613,0.40215733647346497,0.7714066505432129,0.8818052411079407,0.8694921731948853,0.9202197790145874,0.8562124967575073,0.8814999461174011,0.7875750064849854,0.7617279291152954,0.8813982009887695,nan,24.66151452064514,0.688342273235321,-123.52561723341135,0.7123546600341797
119,0.8674537539482117,0.7142431139945984,0.8490359783172607,0.7751094102859497,0.775923490524292,0.9164546728134155,0.7742674350738525,0.9097384810447693,0.9164546728134155,0.9164546728134155,0.9098911285400391,0.9164546728134155,0.6790499091148376,0.9132492542266846,0.7752619981765747,0.9160476326942444,0.8932024240493774,0.9164546728134155,0.8690851926803589,0.7917981147766113,0.8928971290588379,0.9178284406661987,0.9163528680801392,0.8695430755615234,0.8702554106712341,0.9127404093742371,0.8678131699562073,0.8805841207504272,0.844153881072998,0.9032766819000244,0.7257555723190308,0.8690851926803589,0.8806858658790588,0.9114683866500854,0.8596723079681396,0.8212068676948547,0.40521013736724854,0.6210201382637024,0.8815507888793945,0.8691360950469971,0.9217462539672852,0.8568739295005798,0.8815507888793945,0.7846242189407349,0.7617279291152954,0.8812455534934998,nan,24.98875331878662,0.6924408674240112,-124.99081656582348,0.7142431139945984
120,0.8577021360397339,0.7170261144638062,0.8468493223190308,0.7748550176620483,0.7760252356529236,0.9165564179420471,0.7740130424499512,0.9098402261734009,0.9165055751800537,0.9165564179420471,0.9101455211639404,0.9165564179420471,0.6831707954406738,0.9133509397506714,0.7750585079193115,0.9164546728134155,0.8929988741874695,0.9165564179420471,0.8701027631759644,0.7949526906013489,0.8928462266921997,0.9183372259140015,0.9165055751800537,0.8693395853042603,0.8699501752853394,0.9125368595123291,0.8683728575706482,0.8808385133743286,0.844510018825531,0.9044469594955444,0.7259082198143005,0.8691360950469971,0.8807876110076904,0.9131474494934082,0.8602828979492188,0.8212577700614929,0.408822625875473,0.506093442440033,0.8817034959793091,0.8690342903137207,0.923018217086792,0.8572300672531128,0.8820087909698486,0.7866592407226562,0.7617279291152954,0.8810420036315918,nan,24.82206416130066,0.6950230002403259,-126.63455989751579,0.7170261144638062

121,0.8541158437728882,0.7180200815200806,0.8446372747421265,0.7746514678001404,0.7758725881576538,0.9165564179420471,0.7740130424499512,0.9099928736686707,0.9165055751800537,0.9165564179420471,0.9099928736686707,0.9165055751800537,0.687444269657135,0.9128930568695068,0.7748550176620483,0.9164037704467773,0.8928971290588379,0.9165055751800537,0.8705098628997803,0.7969369888305664,0.8928462266921997,0.918642520904541,0.9164546728134155,0.8692377805709839,0.8696448802947998,0.9121298789978027,0.8684746026992798,0.8808385133743286,0.8450188636779785,0.904904842376709,0.7260099649429321,0.8691869378089905,0.8809402585029602,0.9140633344650269,0.8604863882064819,0.8212577700614929,0.41268953680992126,0.39915409684181213,0.8818052411079407,0.8690342903137207,0.9235270023345947,0.8573318719863892,0.8819578886032104,0.7868118286132812,0.7617279291152954,0.8810420036315918,nan,24.88745641708374,0.6956974267959595,-128.2342167004903,0.7180200815200806
122,0.8510109782218933,0.7184176445007324,0.8444477319717407,0.7744988203048706,0.7756690979003906,0.9165055751800537,0.7739112377166748,0.9099420309066772,0.9165564179420471,0.9165564179420471,0.9096876382827759,0.9165055751800537,0.685307502746582,0.9126386642456055,0.7750076055526733,0.9164037704467773,0.8928971290588379,0.9165055751800537,0.8706624507904053,0.7970896363258362,0.8927953243255615,0.9187951683998108,0.9164037704467773,0.8691360950469971,0.8694921731948853,0.9120280742645264,0.8686272501945496,0.8808894157409668,0.8450188636779785,0.9050574898719788,0.7260608673095703,0.8691869378089905,0.8809402585029602,0.9143177270889282,0.8609443306922913,0.8212577700614929,0.4162002503871918,0.3886229693889618,0.8819578886032104,0.8690342903137207,0.9243919849395752,0.857280969619751,0.882059633731842,0.7867100834846497,0.7617279291152954,0.8809911608695984,nan,24.950562715530396,0.6954533457756042,-129.85900702977463,0.7184176445007324
123,0.8481297492980957,0.7193121910095215,0.8445124626159668,0.7745497226715088,0.7757708430290222,0.9165055751800537,0.7738603949546814,0.9098402261734009,0.9165564179420471,0.9165564179420471,0.9094840884208679,0.9165055751800537,0.6832216382026672,0.9124860167503357,0.7750585079193115,0.9164546728134155,0.8928971290588379,0.9164546728134155,0.8707642555236816,0.7971913814544678,0.8927953243255615,0.9194056987762451,0.9163528680801392,0.8691360950469971,0.8694921731948853,0.9119771718978882,0.8687798976898193,0.8808894157409668,0.8452223539352417,0.9051592350006104,0.7261117696762085,0.8691360950469971,0.8809402585029602,0.9150809049606323,0.8614022731781006,0.8212577700614929,0.4200162887573242,0.386435329914093,0.8820087909698486,0.8690342903137207,0.9250534176826477,0.857280969619751,0.8824666738510132,0.7868627309799194,0.7617279291152954,0.8810420036315918,nan,24.92583394050598,0.6960613131523132,-131.51149564803137,0.7193121910095215
124,0.8453197479248047,0.7195109724998474,0.8442338705062866,0.7744479179382324,0.7757708430290222,0.9165055751800537,0.773809552192688,0.9096876382827759,0.9165564179420471,0.9165564179420471,0.9091787934303284,0.9164546728134155,0.6746746301651001,0.9122824668884277,0.7751603126525879,0.9164037704467773,0.8928971290588379,0.9164546728134155,0.8708659410476685,0.7971405386924744,0.8927953243255615,0.9196092486381531,0.9164037704467773,0.8691360950469971,0.8694921731948853,0.9119771718978882,0.8688308000564575,0.8808894157409668,0.8452732563018799,0.9054645299911499,0.7261626124382019,0.860538125038147,0.8809402585029602,0.9156914949417114,0.8620637059211731,0.8212577700614929,0.42337438464164734,0.3863335847854614,0.8821104764938354,0.8690342903137207,0.925511360168457,0.8573318719863892,0.8826701641082764,0.7868627309799194,0.7617279291152954,0.8810420036315918,nan,25.145902156829834,0.6960974335670471,-133.20668519200842,0.7195109724998474
125,0.8425872325897217,0.7199085354804993,0.8439079523086548,0.7745497226715088,0.7758216857910156,0.9165564179420471,0.7737586498260498,0.9098402261734009,0.9165564179420471,0.9165564179420471,0.9089752435684204,0.9164546728134155,0.6710625886917114,0.9123333692550659,0.7754147052764893,0.9164546728134155,0.8928971290588379,0.9164546728134155,0.8706624507904053,0.7971913814544678,0.8927953243255615,0.9200162887573242,0.9164037704467773,0.8691360950469971,0.8694413304328918,0.9119771718978882,0.8689833879470825,0.8808894157409668,0.8453240990638733,0.9055663347244263,0.7261626124382019,0.8434441089630127,0.8809402585029602,0.9158949851989746,0.862826943397522,0.8212577700614929,0.4278009533882141,0.38613006472587585,0.88226318359375,0.8690342903137207,0.9261219501495361,0.857280969619751,0.8827210664749146,0.7868118286132812,0.7617279291152954,0.8810420036315918,nan,24.707176208496094,0.6966193318367004,-134.94249069931232,0.7199085354804993
126,0.8398793935775757,0.7207037210464478,0.842410147190094,0.7745497226715088,0.7757708430290222,0.9165564179420471,0.7737586498260498,0.9099928736686707,0.9165564179420471,0.9165564179420471,0.9088734984397888,0.9165055751800537,0.6594631671905518,0.9123333692550659,0.7757708430290222,0.9164546728134155,0.8928971290588379,0.9164546728134155,0.8706115484237671,0.7971913814544678,0.8927444815635681,0.9203215837478638,0.9164037704467773,0.8691360950469971,0.8694921731948853,0.9119263291358948,0.8690851926803589,0.8808894157409668,0.8453240990638733,0.9055154323577881,0.7261626124382019,0.7857518196105957,0.8809402585029602,0.9160984754562378,0.8634374737739563,0.8212577700614929,0.43085378408432007,0.3860282897949219,0.8825175762176514,0.8690342903137207,0.9265289306640625,0.8574844598770142,0.8825175762176514,0.7867609262466431,0.7617279291152954,0.8810420036315918,nan,25.35900044441223,0.6977813243865967,-136.71572434031316,0.7207037210464478
127,0.8372007012367249,0.7213994860649109,0.8400269746780396,0.774753212928772,0.7759743928909302,0.9165055751800537,0.7737586498260498,0.9099420309066772,0.9165055751800537,0.9165055751800537,0.908720850944519,0.9165055751800537,0.6516793966293335,0.9123333692550659,0.776076078414917,0.9164037704467773,0.8928971290588379,0.9164546728134155,0.8704080581665039,0.7971913814544678,0.8927444815635681,0.9207794666290283,0.9164037704467773,0.8691360950469971,0.8694921731948853,0.9118754863739014,0.8690851926803589,0.8807876110076904,0.8453240990638733,0.9055154323577881,0.7261626124382019,0.6853753924369812,0.8809402585029602,0.9162002801895142,0.8640480041503906,0.8212577700614929,0.43528035283088684,0.3860282897949219,0.8825684785842896,0.8690342903137207,0.9271395206451416,0.857433557510376,0.88226318359375,0.7867100834846497,0.7617279291152954,0.8810420036315918,nan,24.39367914199829,0.6985484957695007,-138.5385774703993,0.7213994860649109
128,0.834606409072876,0.7219958305358887,0.8361829519271851,0.7748041152954102,0.776076078414917,0.9165564179420471,0.7737586498260498,0.9099928736686707,0.9165564179420471,0.9165564179420471,0.908568263053894,0.9165564179420471,0.6315329670906067,0.9124860167503357,0.7763813734054565,0.9164546728134155,0.8928971290588379,0.9164546728134155,0.8704080581665039,0.7971405386924744,0.8927444815635681,0.9216444492340088,0.9164037704467773,0.8691360950469971,0.8693904876708984,0.9118245840072632,0.8690851926803589,0.8808385133743286,0.8453240990638733,0.9055154323577881,0.7261626124382019,0.5336151123046875,0.8809402585029602,0.9164037704467773,0.8644042015075684,0.8212577700614929,0.4399104416370392,0.3857738971710205,0.8830263614654541,0.8690342903137207,0.9276483058929443,0.857433557510376,0.8817543387413025,0.7867100834846497,0.7617279291152954,0.8809911608695984,nan,24.368614435195923,0.6993626356124878,-140.39106559848207,0.7219958305358887
129,0.8317356109619141,0.7237849235534668,0.8338010311126709,0.7751094102859497,0.7763813734054565,0.9165564179420471,0.7737586498260498,0.9100437164306641,0.9165564179420471,0.9165564179420471,0.9082629680633545,0.9165564179420471,0.6064007878303528,0.9124351143836975,0.7768901586532593,0.9164037704467773,0.8929480314254761,0.9165564179420471,0.8702045679092407,0.7970387935638428,0.8927953243255615,0.921847939491272,0.9164546728134155,0.8691360950469971,0.8693395853042603,0.9118245840072632,0.8691360950469971,0.8808894157409668,0.8453240990638733,0.9055154323577881,0.7261626124382019,0.4503326416015625,0.8809402585029602,0.9164546728134155,0.8652182817459106,0.8213086128234863,0.44362470507621765,0.3857738971710205,0.8831790089607239,0.8690342903137207,0.9278517961502075,0.8575862646102905,0.8816525936126709,0.7868118286132812,0.7617279291152954,0.8810420036315918,nan,25.157159090042114,0.7013752460479736,-142.30045674025166,0.7237849235534668
130,0.8289938569068909,0.7241824865341187,0.8314132690429688,0.7752111554145813,0.7765849232673645,0.9165564179420471,0.7737586498260498,0.9102981686592102,0.9165564179420471,0.9165564179420471,0.9080594182014465,0.9165564179420471,0.5652939081192017,0.9125877618789673,0.7777042984962463,0.9164546728134155,0.8929480314254761,0.9165564179420471,0.8700010180473328,0.7969878911972046,0.8927953243255615,0.9226620197296143,0.9165055751800537,0.8691360950469971,0.8693395853042603,0.9118245840072632,0.8691360950469971,0.8808894157409668,0.8453240990638733,0.9055154323577881,0.7261626124382019,0.3819056749343872,0.8809402585029602,0.9165055751800537,0.8658288717269897,0.8213086128234863,0.44789865612983704,0.38551947474479675,0.883586049079895,0.8690342903137207,0.9281062483787537,0.8576880097389221,0.8812455534934998,0.7868627309799194,0.7617279291152954,0.8810420036315918,nan,24.66274666786194,0.701865553855896,-144.23570826114997,0.7241824865341187

131,0.8262405395507812,0.7257727980613708,0.8297443389892578,0.7755672931671143,0.7770937085151672,0.9165055751800537,0.7737586498260498,0.9105017185211182,0.9165055751800537,0.9165564179420471,0.9080085754394531,0.9165055751800537,0.5471316576004028,0.9124860167503357,0.77877277135849,0.9164546728134155,0.8929480314254761,0.9164546728134155,0.8699501752853394,0.7969369888305664,0.8927953243255615,0.9225603342056274,0.9164546728134155,0.8171364665031433,0.8693395853042603,0.911773681640625,0.8691360950469971,0.8808894157409668,0.8453240990638733,0.9056171774864197,0.7261626124382019,0.3690851628780365,0.8809402585029602,0.9165564179420471,0.866795539855957,0.8214104175567627,0.4553271532058716,0.3853159546852112,0.8837895393371582,0.8690342903137207,0.9282079935073853,0.8578915596008301,0.8811438083648682,0.7868627309799194,0.7617279291152954,0.8810420036315918,nan,24.063526153564453,0.7036725878715515,-146.23143465970858,0.7257727980613708
132,0.8234871029853821,0.726468563079834,0.8286140561103821,0.7761269807815552,0.7776025533676147,0.9165564179420471,0.7737586498260498,0.9107561111450195,0.9165564179420471,0.9165564179420471,0.9078558683395386,0.9165564179420471,0.5203205347061157,0.9126386642456055,0.7795868515968323,0.9165564179420471,0.8929480314254761,0.9165564179420471,0.869848370552063,0.7969878911972046,0.8927953243255615,0.9235270023345947,0.9164546728134155,0.7737865447998047,0.8691869378089905,0.9118754863739014,0.8691360950469971,0.8808894157409668,0.8453240990638733,0.9057189226150513,0.7261626124382019,0.3690851628780365,0.8809402585029602,0.9166073203086853,0.8684746026992798,0.8217665553092957,0.4636715054512024,0.3852142095565796,0.8846036195755005,0.8690342903137207,0.9283097982406616,0.8581967949867249,0.8811438083648682,0.7868627309799194,0.7677826285362244,0.8810420036315918,nan,24.470715761184692,0.7043207883834839,-148.26812919462762,0.726468563079834
133,0.820870041847229,0.728456437587738,0.8301153779029846,0.7767884731292725,0.7783148288726807,0.9165564179420471,0.7737586498260498,0.9108577966690063,0.9165564179420471,0.9165564179420471,0.9076014757156372,0.9165564179420471,0.4810960590839386,0.9127404093742371,0.7807570695877075,0.9165055751800537,0.8929480314254761,0.9165055751800537,0.8700010180473328,0.7968860864639282,0.8927953243255615,0.9234760999679565,0.9165055751800537,0.7737865447998047,0.8694413304328918,0.911773681640625,0.8691360950469971,0.8808894157409668,0.8453240990638733,0.9059224724769592,0.7261626124382019,0.3690851628780365,0.8809402585029602,0.9166073203086853,0.869848370552063,0.8219192028045654,0.47725653648376465,0.38480716943740845,0.8845018744468689,0.8690342903137207,0.9284114837646484,0.8585529327392578,0.88109290599823,0.7867100834846497,0.8564159870147705,0.8810420036315918,nan,24.689029216766357,0.7070222496986389,-150.30886335783362,0.728456437587738
134,0.8178250193595886,0.729549765586853,0.8307961225509644,0.7778060436248779,0.7790780067443848,0.9165564179420471,0.7737586498260498,0.9110105037689209,0.9165564179420471,0.9165564179420471,0.9075506329536438,0.9165564179420471,0.4926447570323944,0.9127404093742371,0.7829958200454712,0.9165564179420471,0.8929480314254761,0.9165564179420471,0.8698992729187012,0.7970387935638428,0.8927953243255615,0.924341082572937,0.9165055751800537,0.7737865447998047,0.8691869378089905,0.9120280742645264,0.8691360950469971,0.8807876110076904,0.8453240990638733,0.9057698249816895,0.7261626124382019,0.3690851628780365,0.8809402585029602,0.9166073203086853,0.8707133531570435,0.8229876756668091,0.48702552914619446,0.3844001293182373,0.885468602180481,0.8690342903137207,0.9285132884979248,0.8589600324630737,0.8809911608695984,0.7866592407226562,0.8570774793624878,0.8810420036315918,nan,24.83259391784668,0.708172619342804,-152.44749763260518,0.729549765586853
135,0.8148606419563293,0.7305436730384827,0.8314526081085205,0.7788745164871216,0.7797904014587402,0.9165055751800537,0.7737586498260498,0.9116719365119934,0.9165055751800537,0.9165564179420471,0.9075506329536438,0.9165055751800537,0.49722355604171753,0.9132492542266846,0.7888979315757751,0.9165055751800537,0.8929988741874695,0.9165055751800537,0.8700010180473328,0.7971405386924744,0.8927444815635681,0.9246463775634766,0.9165055751800537,0.7737865447998047,0.8694413304328918,0.9120280742645264,0.8691869378089905,0.8808894157409668,0.8453240990638733,0.9059224724769592,0.7261626124382019,0.3691869378089905,0.8809402585029602,0.9165564179420471,0.8717818260192871,0.8255825638771057,0.4957769513130188,0.38414570689201355,0.8854176998138428,0.8690342903137207,0.9285132884979248,0.8613004684448242,0.8809911608695984,0.7866592407226562,0.8570774793624878,0.88109290599823,nan,24.673155784606934,0.7101191282272339,-154.64270669861114,0.7305436730384827

136,0.8132371306419373,0.7298479080200195,0.8311994075775146,0.7793833017349243,0.7803500890731812,0.9165055751800537,0.773809552192688,0.9114174842834473,0.9164546728134155,0.9165564179420471,0.9076014757156372,0.9165055751800537,0.47402456402778625,0.9122315645217896,0.79535973072052,0.9165055751800537,0.8929988741874695,0.9165055751800537,0.8696448802947998,0.7966316938400269,0.8926936388015747,0.9249516725540161,0.9160984754562378,0.7738373875617981,0.8693395853042603,0.9116719365119934,0.8691360950469971,0.8808385133743286,0.8452732563018799,0.9057698249816895,0.7261626124382019,0.3690851628780365,0.8809911608695984,0.9162511825561523,0.8718835711479187,0.8311793804168701,0.49908414483070374,0.38353514671325684,0.8859264850616455,0.8690851926803589,0.9284623861312866,0.8634883165359497,0.8811947107315063,0.7858960032463074,0.85494065284729,0.8811438083648682,nan,24.703677654266357,0.7096940875053406,-156.89695511190334,0.7298479080200195
137,0.8119916319847107,0.7302455306053162,0.8313878178596497,0.7809097766876221,0.7818255424499512,0.9164546728134155,0.7739112377166748,0.9122315645217896,0.9164546728134155,0.9165564179420471,0.9077541828155518,0.9164546728134155,0.466139018535614,0.9126895666122437,0.7962755560874939,0.9164546728134155,0.8930497169494629,0.9164546728134155,0.8703063130378723,0.7971405386924744,0.8927444815635681,0.9247481822967529,0.9164037704467773,0.7739391326904297,0.8700010180473328,0.9121298789978027,0.8691360950469971,0.8805332183837891,0.8453240990638733,0.9063295125961304,0.7262135148048401,0.3690851628780365,0.8809402585029602,0.9165564179420471,0.8734099864959717,0.833061933517456,0.5,0.38353514671325684,0.8853159546852112,0.8690342903137207,0.9284114837646484,0.8654217720031738,0.8812455534934998,0.7862012386322021,0.8570265769958496,0.8810420036315918,nan,25.065589666366577,0.7104621529579163,-159.20178348839656,0.7302455306053162
138,0.8082597255706787,0.7304443120956421,0.8316652178764343,0.7805026769638062,0.7818255424499512,0.9164546728134155,0.7739112377166748,0.9125877618789673,0.9164546728134155,0.9165055751800537,0.9076523780822754,0.9165055751800537,0.47692450881004333,0.9118245840072632,0.797242283821106,0.9165055751800537,0.8929988741874695,0.9164546728134155,0.8694921731948853,0.7971405386924744,0.8927444815635681,0.9252569675445557,0.9163528680801392,0.7738373875617981,0.8693904876708984,0.910247266292572,0.8690342903137207,0.8809911608695984,0.8453240990638733,0.9058207273483276,0.7261626124382019,0.3690851628780365,0.8809402585029602,0.9165564179420471,0.8748855590820312,0.8331128358840942,0.5,0.3829754889011383,0.8870967626571655,0.8690342903137207,0.9284623861312866,0.866999089717865,0.8811438083648682,0.7862521409988403,0.8570774793624878,0.8810420036315918,nan,24.568902492523193,0.7095553278923035,-161.57944927058227,0.7304443120956421
139,0.8060157299041748,0.7302455306053162,0.8313866853713989,0.7831993103027344,0.7843695878982544,0.9164037704467773,0.773809552192688,0.9128930568695068,0.9163528680801392,0.9164037704467773,0.9072453379631042,0.9164546728134155,0.45570963621139526,0.9128421545028687,0.7974457740783691,0.9164037704467773,0.8929988741874695,0.9163528680801392,0.8696448802947998,0.7968860864639282,0.8926936388015747,0.9259692430496216,0.9163528680801392,0.7737865447998047,0.8696448802947998,0.9118245840072632,0.8691360950469971,0.8810420036315918,0.8454258441925049,0.9060242176055908,0.7240258455276489,0.36928868293762207,0.8809402585029602,0.9165055751800537,0.875546932220459,0.8330110907554626,0.5,0.3829245865345001,0.8875547051429749,0.8690342903137207,0.9284114837646484,0.8690851926803589,0.88109290599823,0.7862521409988403,0.8570265769958496,0.88109290599823,nan,25.179603338241577,0.710111141204834,-164.02986012617953,0.7302455306053162
140,1.1078948974609375,0.6666335463523865,0.8242823481559753,0.7844204902648926,0.7849292755126953,0.9077545404434204,0.7744709253311157,0.9054138660430908,0.9070931673049927,0.9125368595123291,0.8958492279052734,0.9082125425338745,0.3655596375465393,0.9127404093742371,0.7941386103630066,0.9121298789978027,0.895186722278595,0.9093825221061707,0.8639469146728516,0.7904245853424072,0.8913200497627258,0.9233235120773315,0.9110109210014343,0.7713953256607056,0.872290849685669,0.9098913073539734,0.855755627155304,0.87992262840271,0.8370823860168457,0.9026663303375244,0.6938058137893677,0.4118204414844513,0.8741229772567749,0.9100948572158813,0.8101208209991455,0.8287371397018433,0.5,0.39020001888275146,0.886028528213501,0.8654731512069702,0.9263763427734375,0.8580448031425476,0.8821616172790527,0.783657431602478,0.8395254611968994,0.8735126256942749,nan,24.30389928817749,0.6487308144569397,-163.81919834905514,0.6666335463523865

141,1.0060850381851196,0.6771692633628845,0.8241482973098755,0.7806553244590759,0.7815711498260498,0.9116719365119934,0.7748270034790039,0.9049053192138672,0.9113157987594604,0.9106036424636841,0.9062788486480713,0.9100439548492432,0.35024625062942505,0.912943959236145,0.7927650213241577,0.9097895622253418,0.8957464098930359,0.9089754819869995,0.851635217666626,0.7889487743377686,0.8889288902282715,0.9210847616195679,0.9148774147033691,0.7718023657798767,0.8716293573379517,0.9118245840072632,0.8656764030456543,0.8803805708885193,0.8384559154510498,0.9012414813041687,0.7014880776405334,0.3820585608482361,0.8745808601379395,0.9114683866500854,0.7930777072906494,0.820698082447052,0.5,0.3956955373287201,0.8861300945281982,0.8714765310287476,0.925511360168457,0.863692045211792,0.8870967626571655,0.7865065336227417,0.8546862602233887,0.8836877942085266,nan,24.75847625732422,0.6543817520141602,-163.09363963805163,0.6771692633628845
142,0.8524588346481323,0.7075837254524231,0.8274964690208435,0.7801973819732666,0.7800447940826416,0.9147756099700928,0.7750304937362671,0.9115701913833618,0.9141141772270203,0.9156405925750732,0.9080595970153809,0.9150809049606323,0.36698389053344727,0.9123333692550659,0.793782651424408,0.9148774147033691,0.8944234848022461,0.9141141772270203,0.8600804805755615,0.7905260920524597,0.8929480314254761,0.9208303689956665,0.9157931804656982,0.774397075176239,0.8719344735145569,0.9108577966690063,0.8650658130645752,0.8802279233932495,0.8418135643005371,0.9034801721572876,0.7174121141433716,0.37025541067123413,0.8810420036315918,0.9131474494934082,0.8493455648422241,0.8210033178329468,0.5,0.39661136269569397,0.883942186832428,0.8703571557998657,0.9266815781593323,0.8668973445892334,0.889132022857666,0.787168025970459,0.8568739295005798,0.88226318359375,nan,24.76949381828308,0.6891221404075623,-166.59367261559953,0.7075837254524231
143,0.8174118995666504,0.7186164259910583,0.8287631273269653,0.7800956964492798,0.7794342041015625,0.9156405925750732,0.7747253179550171,0.9116210341453552,0.9152843952178955,0.9158949851989746,0.9088734984397888,0.9158440828323364,0.3869776129722595,0.9124351143836975,0.7969369888305664,0.9157423377037048,0.893660306930542,0.9147756099700928,0.86771160364151,0.7895084619522095,0.8928971290588379,0.9217462539672852,0.916149377822876,0.774397075176239,0.8714256286621094,0.91045081615448,0.8681693077087402,0.8809402585029602,0.844866156578064,0.9047013521194458,0.7175138592720032,0.36995014548301697,0.8811947107315063,0.914826512336731,0.8623698949813843,0.8214613199234009,0.5,0.3970184326171875,0.8835351467132568,0.8697974681854248,0.9272921681404114,0.8684746026992798,0.8861300945281982,0.7863539457321167,0.8571283221244812,0.8817543387413025,nan,24.81812024116516,0.6992591023445129,-168.84169709304493,0.7186164259910583
144,0.8098359107971191,0.7227909564971924,0.8284950256347656,0.7811641693115234,0.7801973819732666,0.9136055707931519,0.7744709253311157,0.9116719365119934,0.9156914949417114,0.9160984754562378,0.9078050255775452,0.9162002801895142,0.3668819069862366,0.9124860167503357,0.7971913814544678,0.9160984754562378,0.8932024240493774,0.9153352975845337,0.8670501708984375,0.7906278371810913,0.8927444815635681,0.9221023321151733,0.9164037704467773,0.7738882303237915,0.8709677457809448,0.9105017185211182,0.8687289953231812,0.8810420036315918,0.844866156578064,0.9052101373672485,0.7197014689445496,0.36928868293762207,0.8809402585029602,0.9157423377037048,0.8681188821792603,0.8221226930618286,0.5,0.3971710503101349,0.8836877942085266,0.8695939779281616,0.9275465607643127,0.8695939779281616,0.8836369514465332,0.7862521409988403,0.8570265769958496,0.8816016912460327,nan,24.76615834236145,0.7017462253570557,-170.73540455953062,0.7227909564971924
145,0.8050611019134521,0.723188579082489,0.8279876708984375,0.7821308374404907,0.781265914440155,0.916149377822876,0.7742674350738525,0.9115192890167236,0.9159458875656128,0.9162511825561523,0.9078558683395386,0.9162002801895142,0.3261818289756775,0.9124860167503357,0.7972931861877441,0.9162511825561523,0.8930497169494629,0.9156914949417114,0.8692886829376221,0.7936806678771973,0.8927444815635681,0.9234252572059631,0.9164546728134155,0.7738373875617981,0.8707642555236816,0.9107052087783813,0.8687289953231812,0.8810420036315918,0.8451205492019653,0.9056171774864197,0.7197014689445496,0.36944133043289185,0.8809911608695984,0.9159967303276062,0.8710696697235107,0.8252773284912109,0.5,0.39727282524108887,0.8845527768135071,0.8695939779281616,0.9279536008834839,0.869848370552063,0.882619321346283,0.7860995531082153,0.8570774793624878,0.8812963962554932,nan,24.641023635864258,0.7025400996208191,-172.41220540785196,0.723188579082489
146,0.8019258379936218,0.725375235080719,0.8282742500305176,0.7839625477790833,0.7844204902648926,0.9162002801895142,0.7744709253311157,0.9118245840072632,0.9160476326942444,0.9164037704467773,0.9076523780822754,0.9162511825561523,0.3174313008785248,0.9131474494934082,0.7974457740783691,0.9163528680801392,0.8929988741874695,0.9158440828323364,0.8692886829376221,0.7959194183349609,0.8927953243255615,0.9240357875823975,0.9164546728134155,0.7738373875617981,0.8706624507904053,0.9112139940261841,0.8688816428184509,0.8810420036315918,0.8452732563018799,0.9059733152389526,0.7218382358551025,0.36928868293762207,0.8809911608695984,0.9159967303276062,0.872087299823761,0.832298755645752,0.5,0.39752721786499023,0.8846545219421387,0.8696448802947998,0.9282588958740234,0.8706624507904053,0.8821613788604736,0.7860486507415771,0.8570774793624878,0.8811438083648682,nan,24.73866081237793,0.7049597501754761,-174.1842415561947,0.725375235080719
147,0.7994527220726013,0.7249776124954224,0.8284014463424683,0.7855398654937744,0.7872697710990906,0.9162002801895142,0.7743691205978394,0.9117227792739868,0.916149377822876,0.9164037704467773,0.9070417881011963,0.9162511825561523,0.3131069242954254,0.9130457043647766,0.7973949313163757,0.9164037704467773,0.8929480314254761,0.9159458875656128,0.8693395853042603,0.7964791059494019,0.8927444815635681,0.924544632434845,0.9165055751800537,0.7738373875617981,0.8706624507904053,0.9110614061355591,0.8689833879470825,0.8810420036315918,0.8453750014305115,0.9061260223388672,0.7239749431610107,0.36933958530426025,0.8809911608695984,0.9160984754562378,0.8727487325668335,0.8330110907554626,0.5,0.39742547273635864,0.8854176998138428,0.8697466254234314,0.928360641002655,0.8712730407714844,0.8819069862365723,0.7862012386322021,0.8570774793624878,0.88109290599823,nan,24.889451503753662,0.7051233053207397,-175.87753889506433,0.7249776124954224
148,0.79728102684021,0.7249776124954224,0.828139066696167,0.7878294587135315,0.7921543121337891,0.9162002801895142,0.7742165327072144,0.9119771718978882,0.916149377822876,0.9164546728134155,0.9067873954772949,0.9162002801895142,0.289500892162323,0.912943959236145,0.7974966764450073,0.9164037704467773,0.8929480314254761,0.9159458875656128,0.8693904876708984,0.7965808510780334,0.8927953243255615,0.9252060651779175,0.9165055751800537,0.7737356424331665,0.8706624507904053,0.9112139940261841,0.8690342903137207,0.8810420036315918,0.8453750014305115,0.9062786102294922,0.7239749431610107,0.36928868293762207,0.8809911608695984,0.9162002801895142,0.8758013248443604,0.8330110907554626,0.5,0.39747634530067444,0.8861809372901917,0.8697974681854248,0.9284623861312866,0.8716291785240173,0.8818052411079407,0.7863030433654785,0.8570774793624878,0.88109290599823,nan,24.562813758850098,0.705774188041687,-177.62407343767472,0.7249776124954224
149,0.7952291965484619,0.7254745960235596,0.8279633522033691,0.7906787395477295,0.7956141233444214,0.9162002801895142,0.7741147875785828,0.9120789766311646,0.9162002801895142,0.9164546728134155,0.906431257724762,0.9162002801895142,0.2724068760871887,0.9130457043647766,0.7974966764450073,0.9164546728134155,0.8929480314254761,0.9159458875656128,0.8693904876708984,0.796682596206665,0.8927444815635681,0.9259184002876282,0.9165055751800537,0.7737356424331665,0.8705607056617737,0.9113157987594604,0.8691360950469971,0.8810420036315918,0.8453750014305115,0.906431257724762,0.7239749431610107,0.36933958530426025,0.8809911608695984,0.9163020253181458,0.8765137195587158,0.8330110907554626,0.5,0.39757809042930603,0.8868423700332642,0.8703063130378723,0.9285132884979248,0.8720871210098267,0.8818560838699341,0.7862521409988403,0.8570774793624878,0.8810420036315918,nan,25.2887179851532,0.7063338160514832,-179.4064461666646,0.7254745960235596
150,0.7932557463645935,0.7251764535903931,0.8280177116394043,0.7936297655105591,0.7964791059494019,0.9162002801895142,0.7740638852119446,0.9121807217597961,0.9162511825561523,0.9164546728134155,0.9061768651008606,0.9162002801895142,0.26813337206840515,0.9134527444839478,0.7974966764450073,0.9164546728134155,0.8929480314254761,0.9158949851989746,0.8693904876708984,0.7968352437019348,0.8927444815635681,0.9266815781593323,0.9165564179420471,0.7737356424331665,0.8706624507904053,0.9113666415214539,0.8691360950469971,0.8810420036315918,0.8453750014305115,0.9066348075866699,0.7239749431610107,0.3695939779281616,0.8809911608695984,0.9164037704467773,0.8749874830245972,0.8330110907554626,0.5,0.39747634530067444,0.8870967626571655,0.8722397089004517,0.9285132884979248,0.8725959062576294,0.8818560838699341,0.7863030433654785,0.8570774793624878,0.8810420036315918,nan,25.289449453353882,0.7061716914176941,-181.23073348035965,0.7251764535903931

151,0.7913349270820618,0.7251764535903931,0.8277125954627991,0.7951053380966187,0.7971405386924744,0.9162511825561523,0.773962140083313,0.9122315645217896,0.9163020253181458,0.9164546728134155,0.9059733152389526,0.9162511825561523,0.2467658370733261,0.9134527444839478,0.7974966764450073,0.9164546728134155,0.8929480314254761,0.9157931804656982,0.8694413304328918,0.7969369888305664,0.8927444815635681,0.9273430109024048,0.9165564179420471,0.7737356424331665,0.8707133531570435,0.9114683866500854,0.8691360950469971,0.8810420036315918,0.8453750014305115,0.9067873954772949,0.7239749431610107,0.3696448504924774,0.8809911608695984,0.9165055751800537,0.8758524656295776,0.8330110907554626,0.5,0.39767986536026,0.8876055479049683,0.8749364018440247,0.9285132884979248,0.8734099864959717,0.8819578886032104,0.7863539457321167,0.8570774793624878,0.8810420036315918,nan,24.39777898788452,0.7060961127281189,-183.08864956965635,0.7251764535903931
152,0.7894493341445923,0.7257727980613708,0.8277114629745483,0.7960720062255859,0.7972931861877441,0.9162511825561523,0.7739112377166748,0.9125368595123291,0.9163528680801392,0.9164546728134155,0.9058207273483276,0.9162511825561523,0.24259409308433533,0.9133509397506714,0.7974966764450073,0.9164546728134155,0.8929480314254761,0.9157423377037048,0.8694413304328918,0.7969369888305664,0.8927444815635681,0.9275974035263062,0.9165564179420471,0.7737356424331665,0.8706624507904053,0.9115701913833618,0.8691360950469971,0.8810420036315918,0.8453750014305115,0.9068382978439331,0.7239749431610107,0.37020453810691833,0.8809911608695984,0.9165564179420471,0.8743771314620972,0.8330110907554626,0.5,0.3978325128555298,0.8882670402526855,0.8772259950637817,0.9285132884979248,0.8739187717437744,0.882059633731842,0.7863030433654785,0.8570774793624878,0.8810420036315918,nan,25.05555510520935,0.7067731618881226,-184.98061599632865,0.7257727980613708
153,0.7875853180885315,0.7256733775138855,0.8275507688522339,0.7965808510780334,0.7974966764450073,0.9162511825561523,0.773809552192688,0.9126386642456055,0.9164037704467773,0.9164546728134155,0.9056171774864197,0.9162511825561523,0.2340470850467682,0.913300096988678,0.7974966764450073,0.9164546728134155,0.8929480314254761,0.9156914949417114,0.8694921731948853,0.7969878911972046,0.8927444815635681,0.9280553460121155,0.9165564179420471,0.7737356424331665,0.8707642555236816,0.9116210341453552,0.8691360950469971,0.8810420036315918,0.8454767465591431,0.9068892002105713,0.7239749431610107,0.3717309534549713,0.8809911608695984,0.9166073203086853,0.870307207107544,0.8330110907554626,0.5,0.3979342579841614,0.8890302181243896,0.8787015676498413,0.928564190864563,0.8742749691009521,0.88226318359375,0.7863030433654785,0.8570774793624878,0.8810420036315918,nan,24.92118215560913,0.7070127129554749,-186.91335361618346,0.7256733775138855
154,0.7857392430305481,0.7260709404945374,0.8271324038505554,0.7970896363258362,0.7974966764450073,0.9163020253181458,0.7737586498260498,0.9126895666122437,0.9164037704467773,0.9164546728134155,0.9053627848625183,0.9162511825561523,0.22555096447467804,0.913300096988678,0.7974966764450073,0.9164546728134155,0.8929480314254761,0.9156405925750732,0.8694921731948853,0.7971405386924744,0.8927444815635681,0.9282079935073853,0.9165564179420471,0.7737356424331665,0.8708659410476685,0.9114174842834473,0.8691360950469971,0.8810420036315918,0.8454767465591431,0.9068382978439331,0.7239749431610107,0.3760557770729065,0.8809911608695984,0.9165055751800537,0.8534166812896729,0.8330110907554626,0.5,0.39813777804374695,0.8897425532341003,0.87992262840271,0.928564190864563,0.8750381469726562,0.8823648691177368,0.7862521409988403,0.8570774793624878,0.8810420036315918,nan,25.045191526412964,0.707351565361023,-188.88639693378207,0.7260709404945374
155,0.7838795185089111,0.7250770330429077,0.826408863067627,0.7971913814544678,0.7974966764450073,0.9163020253181458,0.7737586498260498,0.9128930568695068,0.9164037704467773,0.9164546728134155,0.9051083326339722,0.9163020253181458,0.22336332499980927,0.9131983518600464,0.7974966764450073,0.9164546728134155,0.8929480314254761,0.9155387878417969,0.8695430755615234,0.7971913814544678,0.8927444815635681,0.9283097982406616,0.9166073203086853,0.7737356424331665,0.8713239431381226,0.9115192890167236,0.8691360950469971,0.8810420036315918,0.8456293940544128,0.9068892002105713,0.7239749431610107,0.37982091307640076,0.8809911608695984,0.9165564179420471,0.8173971176147461,0.8330110907554626,0.5,0.39864659309387207,0.8903530836105347,0.8803297281265259,0.928564190864563,0.8758522272109985,0.8826701641082764,0.7861503958702087,0.8570774793624878,0.8810420036315918,nan,24.754022359848022,0.7065111994743347,-190.89274395911502,0.7250770330429077
156,0.7820330858230591,0.7257727980613708,0.8248764276504517,0.7973949313163757,0.7974966764450073,0.9163020253181458,0.7737077474594116,0.913300096988678,0.9164037704467773,0.9164546728134155,0.9050574898719788,0.9162511825561523,0.22341421246528625,0.9131983518600464,0.7974966764450073,0.9164546728134155,0.8929480314254761,0.9154879450798035,0.8695430755615234,0.7971913814544678,0.8927444815635681,0.928360641002655,0.9166073203086853,0.7737356424331665,0.8718327283859253,0.9115192890167236,0.8691360950469971,0.8810420036315918,0.8458329439163208,0.9068892002105713,0.7239749431610107,0.3809911608695984,0.8809911608695984,0.9165564179420471,0.7471387386322021,0.8330110907554626,0.5,0.39869746565818787,0.8912689685821533,0.8804823160171509,0.928564190864563,0.8764119148254395,0.8830772638320923,0.7861503958702087,0.8570774793624878,0.8810420036315918,nan,24.620326042175293,0.7071987986564636,-192.93891097314196,0.7257727980613708
157,0.7802466154098511,0.7259715795516968,0.8215374946594238,0.7974457740783691,0.7974966764450073,0.9162511825561523,0.7737077474594116,0.913300096988678,0.9163528680801392,0.9164037704467773,0.9048030972480774,0.9162002801895142,0.22132833302021027,0.9131474494934082,0.7974966764450073,0.9164037704467773,0.8929480314254761,0.9154371023178101,0.8695939779281616,0.7971913814544678,0.8927444815635681,0.9284623861312866,0.9166073203086853,0.7737356424331665,0.8726977109909058,0.9115192890167236,0.8691360950469971,0.8810420036315918,0.8464434742927551,0.9069401025772095,0.7261117696762085,0.3814490735530853,0.8809911608695984,0.9165564179420471,0.5999572277069092,0.8330110907554626,0.5,0.39864659309387207,0.8916251063346863,0.8806350231170654,0.928564190864563,0.8769207000732422,0.8842474818229675,0.7860995531082153,0.8570774793624878,0.8810420036315918,nan,22.827292680740356,0.707270085811615,-195.01961732164267,0.7259715795516968
158,0.9453027248382568,0.6869098544120789,0.8167839050292969,0.7956650257110596,0.7960211634635925,0.9133509397506714,0.7723249793052673,0.9089754819869995,0.90923011302948,0.9141650199890137,0.9020557403564453,0.9132492542266846,0.266607403755188,0.9131983518600464,0.7939352989196777,0.9097388982772827,0.8942708969116211,0.9079580903053284,0.8443090915679932,0.7927650213241577,0.888267457485199,0.9263254404067993,0.9135038256645203,0.7695639133453369,0.8777856826782227,0.9122315645217896,0.8625222444534302,0.8816016912460327,0.8473086357116699,0.9044471383094788,0.7107474207878113,0.3884190320968628,0.8808894157409668,0.9141650199890137,0.46727466583251953,0.8316373229026794,0.5,0.3979851305484772,0.8899461030960083,0.8801770210266113,0.9271904230117798,0.8727996349334717,0.8860791921615601,0.7855907082557678,0.8480216264724731,0.8804316520690918,nan,21.04107093811035,0.6694154143333435,-195.7947417239216,0.6869098544120789
159,0.9833671450614929,0.6749826073646545,0.8172624111175537,0.7925103902816772,0.7917474508285522,0.9056687355041504,0.7757936716079712,0.9042949676513672,0.9122315645217896,0.9134527444839478,0.9015467166900635,0.9122824668884277,0.30598586797714233,0.9111124277114868,0.7940877079963684,0.9110106825828552,0.8955428600311279,0.9116719365119934,0.7863117456436157,0.7910349369049072,0.8912691473960876,0.9231708645820618,0.9151826500892639,0.774193525314331,0.8865879774093628,0.9120789766311646,0.8640484809875488,0.8813472986221313,0.8425265550613403,0.9049557447433472,0.6803240776062012,0.39157360792160034,0.8797193765640259,0.9124860167503357,0.5444517135620117,0.8312811851501465,0.5,0.40241172909736633,0.8853159546852112,0.876666784286499,0.9272412657737732,0.8704080581665039,0.8893865942955017,0.7839118838310242,0.846648097038269,0.8799231052398682,nan,21.542542934417725,0.6570387482643127,-192.587957308077,0.6749826073646545
160,0.8296262621879578,0.7106649279594421,0.8169144988059998,0.7913910746574402,0.7964791059494019,0.9151826500892639,0.7732915878295898,0.9129948019981384,0.9152843952178955,0.9155387878417969,0.9038874506950378,0.9150300025939941,0.2570938766002655,0.9124351143836975,0.7971405386924744,0.9132493734359741,0.8944234848022461,0.9140124320983887,0.8417655229568481,0.7907296419143677,0.8926936388015747,0.9246972799301147,0.9160984754562378,0.7725147008895874,0.8816525936126709,0.9111630916595459,0.8681693077087402,0.8816525936126709,0.8444593548774719,0.9059224724769592,0.7110527157783508,0.3811437785625458,0.8792105317115784,0.9141650199890137,0.44387194514274597,0.8303146362304688,0.5,0.4011397063732147,0.8840439319610596,0.8807876110076904,0.9280045032501221,0.8715274333953857,0.8889284729957581,0.7856924533843994,0.8569247722625732,0.8827210664749146,nan,21.007303476333618,0.6918694376945496,-197.34270757946837,0.7106649279594421

161,0.8033779263496399,0.7148394584655762,0.8182551860809326,0.7895593643188477,0.7964282035827637,0.9151318073272705,0.7746235132217407,0.9126386642456055,0.9157931804656982,0.9160984754562378,0.9068382978439331,0.9149282574653625,0.2259584367275238,0.9114174842834473,0.7971913814544678,0.9159967303276062,0.8934059143066406,0.9140633344650269,0.839221715927124,0.7959194183349609,0.8929480314254761,0.9267324805259705,0.9164546728134155,0.7739391326904297,0.8769716024398804,0.9105017185211182,0.868678092956543,0.8811947107315063,0.8435943722724915,0.9052610397338867,0.7068300843238831,0.38277196884155273,0.8810420036315918,0.9154371023178101,0.5285281538963318,0.8329602479934692,0.5,0.4012923538684845,0.8859264850616455,0.8803297281265259,0.9283097982406616,0.8718835711479187,0.886181116104126,0.7862012386322021,0.8550933003425598,0.8819578886032104,nan,21.39256262779236,0.6951068043708801,-198.76800287775816,0.7148394584655762
162,0.7866684198379517,0.7190139889717102,0.8171329498291016,0.7942912578582764,0.7971405386924744,0.9158949851989746,0.7746235132217407,0.913300096988678,0.9158949851989746,0.9162511825561523,0.907397985458374,0.9159967303276062,0.23689638078212738,0.91309654712677,0.7973440885543823,0.9160984754562378,0.8933550119400024,0.9151318073272705,0.8447161912918091,0.7971405386924744,0.8931515216827393,0.9268851280212402,0.9164546728134155,0.7739391326904297,0.8837895393371582,0.9119263291358948,0.8694413304328918,0.8813982009887695,0.8471558094024658,0.9066348075866699,0.708966851234436,0.38200876116752625,0.8811438083648682,0.916149377822876,0.4321709871292114,0.8331128358840942,0.5,0.3996641933917999,0.8874020576477051,0.8805332183837891,0.9284114837646484,0.8738170266151428,0.8866897225379944,0.7862012386322021,0.8550424575805664,0.8819069862365723,nan,21.232810735702515,0.7008815407752991,-201.27725207290217,0.7190139889717102
163,0.7783199548721313,0.7241824865341187,0.8164902925491333,0.7968860864639282,0.7973949313163757,0.9160476326942444,0.773962140083313,0.9126386642456055,0.916149377822876,0.9164546728134155,0.9065839052200317,0.9159458875656128,0.22890883684158325,0.9120789766311646,0.7975475788116455,0.9163528680801392,0.8929480314254761,0.9147756099700928,0.8488370180130005,0.7969878911972046,0.8928462266921997,0.9279026985168457,0.9166073203086853,0.7737865447998047,0.8821613788604736,0.9108069539070129,0.8691869378089905,0.8812963962554932,0.8468505144119263,0.9059733152389526,0.7154279947280884,0.3818052411079407,0.8809911608695984,0.9163528680801392,0.40134087204933167,0.8331128358840942,0.5,0.4003765285015106,0.889132022857666,0.8806350231170654,0.9285132884979248,0.8734608888626099,0.8872494101524353,0.7860995531082153,0.8570774793624878,0.8813982009887695,nan,21.541730642318726,0.7082986235618591,-202.998921859858,0.7241824865341187
164,0.7755569815635681,0.7256733775138855,0.8166071176528931,0.7972931861877441,0.7973949313163757,0.9162511825561523,0.773962140083313,0.9120789766311646,0.9164037704467773,0.9165055751800537,0.905871570110321,0.916149377822876,0.22422829270362854,0.9125877618789673,0.7974966764450073,0.9164546728134155,0.8928462266921997,0.9151318073272705,0.8529578447341919,0.7970896363258362,0.8927953243255615,0.9281062483787537,0.9166073203086853,0.7736847400665283,0.8846036195755005,0.9109596014022827,0.8689325451850891,0.8811947107315063,0.8482242822647095,0.9063804149627686,0.7196505665779114,0.3817543387413025,0.8809402585029602,0.9163528680801392,0.39549025893211365,0.8331128358840942,0.5,0.4003765285015106,0.8905057907104492,0.8807367086410522,0.928564190864563,0.874071478843689,0.887961745262146,0.7862012386322021,0.8570774793624878,0.88109290599823,nan,21.072587966918945,0.7091310620307922,-204.6366851658011,0.7256733775138855
165,0.7753978371620178,0.7235861420631409,0.8164718151092529,0.7973440885543823,0.7974457740783691,0.9160984754562378,0.7739112377166748,0.9122824668884277,0.9163020253181458,0.9163528680801392,0.905871570110321,0.916149377822876,0.22463533282279968,0.9125877618789673,0.7974457740783691,0.9162511825561523,0.8929480314254761,0.9153861999511719,0.8400864601135254,0.7970896363258362,0.8929480314254761,0.9283097982406616,0.9166073203086853,0.7735829949378967,0.8871985673904419,0.9115192890167236,0.8688308000564575,0.8812455534934998,0.8516332507133484,0.9063804149627686,0.717462956905365,0.3816017210483551,0.8809911608695984,0.9163528680801392,0.3949814736843109,0.8331128358840942,0.5,0.40088531374931335,0.8904039859771729,0.8808894157409668,0.928564190864563,0.874224066734314,0.8897425532341003,0.7864047884941101,0.8571283221244812,0.8812963962554932,nan,21.19065570831299,0.7074345350265503,-206.1672862676346,0.7235861420631409
166,0.7730917930603027,0.7239837050437927,0.8161898851394653,0.7973949313163757,0.7973949313163757,0.9163528680801392,0.7738603949546814,0.910247266292572,0.9164037704467773,0.9164546728134155,0.9055663347244263,0.9162002801895142,0.22468622028827667,0.9131474494934082,0.7974966764450073,0.9164037704467773,0.8928462266921997,0.9150300025939941,0.8385094404220581,0.7971405386924744,0.8929988741874695,0.9284114837646484,0.9166073203086853,0.7736847400665283,0.8890811204910278,0.9119263291358948,0.8690851926803589,0.8812455534934998,0.8566194772720337,0.9065330028533936,0.7153770923614502,0.38134729862213135,0.8809402585029602,0.9162002801895142,0.38043126463890076,0.8331128358840942,0.5,0.40088531374931335,0.8915742635726929,0.8809402585029602,0.928564190864563,0.8744275569915771,0.8893864154815674,0.7857942581176758,0.8570774793624878,0.8811438083648682,nan,21.083992958068848,0.7045186758041382,-207.74305319096482,0.7239837050437927
167,0.7706117630004883,0.7235861420631409,0.8153542280197144,0.7974966764450073,0.7974966764450073,0.9165055751800537,0.773809552192688,0.9101964235305786,0.9165055751800537,0.9165055751800537,0.9056171774864197,0.9164546728134155,0.22550030052661896,0.9128930568695068,0.7974966764450073,0.9164546728134155,0.8928462266921997,0.9155896902084351,0.7891606092453003,0.7971405386924744,0.8927953243255615,0.9285132884979248,0.9166581630706787,0.7736847400665283,0.890454888343811,0.9121807217597961,0.8690342903137207,0.8809911608695984,0.8602319955825806,0.9066856503486633,0.7153770923614502,0.3817034661769867,0.8809402585029602,0.9163528680801392,0.38119447231292725,0.8331128358840942,0.5,0.40154674649238586,0.8922356367111206,0.8809402585029602,0.928564190864563,0.8759031295776367,0.8920321464538574,0.7860486507415771,0.8570774793624878,0.8809911608695984,nan,22.307847499847412,0.7049980759620667,-209.3997207367092,0.7235861420631409
168,0.7688601613044739,0.724281907081604,0.8121343851089478,0.7974966764450073,0.7974966764450073,0.9165055751800537,0.773809552192688,0.9093823432922363,0.9165055751800537,0.9165055751800537,0.9056171774864197,0.9163528680801392,0.2266196608543396,0.9128930568695068,0.7974966764450073,0.9164546728134155,0.8928462266921997,0.9152335524559021,0.6416229009628296,0.7971405386924744,0.8927953243255615,0.9285132884979248,0.9166581630706787,0.7736847400665283,0.8915742635726929,0.9120789766311646,0.8690851926803589,0.8809911608695984,0.8634374737739563,0.9065839052200317,0.7196505665779114,0.3818052411079407,0.8809402585029602,0.9163528680801392,0.3794647455215454,0.8331128358840942,0.5,0.4027678966522217,0.8923883438110352,0.8809402585029602,0.928564190864563,0.8768698573112488,0.8922865390777588,0.7860486507415771,0.8570774793624878,0.8809911608695984,nan,22.122620820999146,0.7063366174697876,-211.0344308652765,0.724281907081604
169,0.7672513127326965,0.7245800495147705,0.8095466494560242,0.7974966764450073,0.7974966764450073,0.9165055751800537,0.773809552192688,0.9089752435684204,0.9165055751800537,0.9165055751800537,0.9055663347244263,0.9164037704467773,0.22824783623218536,0.912943959236145,0.7974966764450073,0.9164546728134155,0.8928971290588379,0.9151826500892639,0.5196245312690735,0.7971913814544678,0.8927953243255615,0.9285132884979248,0.9166581630706787,0.7736847400665283,0.8925918340682983,0.9121298789978027,0.8690851926803589,0.8809911608695984,0.8665920495986938,0.9066348075866699,0.7196505665779114,0.3824158012866974,0.8809402585029602,0.9163528680801392,0.37982091307640076,0.8331128358840942,0.5,0.40632951259613037,0.8924900889396667,0.8809402585029602,0.928564190864563,0.8776330947875977,0.8922865390777588,0.7860486507415771,0.8570774793624878,0.8809911608695984,nan,22.272714376449585,0.7071180939674377,-212.68282568131275,0.7245800495147705
170,0.7657068371772766,0.7254745960235596,0.8079193830490112,0.7974966764450073,0.7974966764450073,0.9165055751800537,0.7738603949546814,0.9080594182014465,0.9165055751800537,0.9165055751800537,0.9056680202484131,0.9164037704467773,0.23038479685783386,0.9128930568695068,0.7974966764450073,0.9164546728134155,0.8928971290588379,0.9150809049606323,0.4342053234577179,0.7973440885543823,0.8927953243255615,0.9285132884979248,0.9166581630706787,0.7736847400665283,0.8935585618019104,0.9120789766311646,0.8690851926803589,0.8810420036315918,0.8688816428184509,0.9066348075866699,0.7196505665779114,0.3832298815250397,0.8809402585029602,0.9163528680801392,0.37992265820503235,0.8385570049285889,0.5,0.410349041223526,0.8926427364349365,0.8809402585029602,0.928564190864563,0.8781927227973938,0.892337441444397,0.7860995531082153,0.8570774793624878,0.8809911608695984,nan,21.570719242095947,0.707396924495697,-214.34483292055182,0.7254745960235596

171,0.7641891837120056,0.7257727980613708,0.8077737092971802,0.7974966764450073,0.7974966764450073,0.9165055751800537,0.7737077474594116,0.9076014757156372,0.9165055751800537,0.9165055751800537,0.9057698249816895,0.9164037704467773,0.23272529244422913,0.912943959236145,0.7974966764450073,0.9164546728134155,0.8928971290588379,0.9150300025939941,0.4000681936740875,0.7973440885543823,0.8927953243255615,0.928564190864563,0.9166581630706787,0.7736847400665283,0.894627034664154,0.9122824668884277,0.8690851926803589,0.88109290599823,0.8709677457809448,0.9067365527153015,0.7196505665779114,0.38541772961616516,0.8809402585029602,0.9164037704467773,0.3801770508289337,0.85555100440979,0.5,0.4130457043647766,0.8926936388015747,0.8809402585029602,0.928564190864563,0.8790068626403809,0.8924900889396667,0.7860486507415771,0.8570774793624878,0.8809911608695984,nan,21.092816591262817,0.7070086002349854,-216.02686573328478,0.7257727980613708
172,0.7626825571060181,0.7260709404945374,0.8078754544258118,0.7974966764450073,0.7974966764450073,0.9165055751800537,0.7737077474594116,0.9071944952011108,0.9165055751800537,0.9165055751800537,0.905871570110321,0.9164037704467773,0.23394641280174255,0.912943959236145,0.7974966764450073,0.9164546728134155,0.8928971290588379,0.914979100227356,0.3915720582008362,0.7973440885543823,0.8927953243255615,0.928564190864563,0.9166581630706787,0.7736847400665283,0.8956446647644043,0.9124860167503357,0.8690851926803589,0.8811438083648682,0.8726468086242676,0.9068892002105713,0.7217873334884644,0.38897934556007385,0.8809402585029602,0.9164037704467773,0.3801770508289337,0.8569247722625732,0.5,0.4144194424152374,0.8926936388015747,0.8809402585029602,0.928564190864563,0.8795156478881836,0.8926427364349365,0.7860486507415771,0.8570774793624878,0.8810420036315918,nan,21.294509172439575,0.7063825130462646,-217.72801928742484,0.7260709404945374
173,0.7611917853355408,0.726468563079834,0.8077783584594727,0.7974966764450073,0.7974966764450073,0.9165055751800537,0.7737077474594116,0.9068892002105713,0.9165055751800537,0.9165055751800537,0.906075119972229,0.9164546728134155,0.23491314053535461,0.912943959236145,0.7974966764450073,0.9164546728134155,0.8928971290588379,0.9149282574653625,0.38307592272758484,0.7973440885543823,0.8927953243255615,0.928564190864563,0.9166581630706787,0.7736847400665283,0.8965096473693848,0.9124860167503357,0.8691360950469971,0.8811947107315063,0.874071478843689,0.9068892002105713,0.7196505665779114,0.39116719365119934,0.8809402585029602,0.9165055751800537,0.3802279531955719,0.8569247722625732,0.5,0.4146229922771454,0.8927444815635681,0.8809402585029602,0.928564190864563,0.8802279233932495,0.8926427364349365,0.7860486507415771,0.8570774793624878,0.88109290599823,nan,21.12143039703369,0.7056349515914917,-219.43898367419678,0.726468563079834
174,0.7596815824508667,0.7265679240226746,0.8076708912849426,0.7974966764450073,0.7974966764450073,0.9165055751800537,0.7737077474594116,0.9063295125961304,0.9165055751800537,0.9165055751800537,0.9061768651008606,0.9164546728134155,0.23516754806041718,0.912943959236145,0.7974966764450073,0.9164546728134155,0.8928971290588379,0.9147247076034546,0.3745798170566559,0.7973440885543823,0.8927953243255615,0.928564190864563,0.9166581630706787,0.7736847400665283,0.8972219228744507,0.9125877618789673,0.8691360950469971,0.8812455534934998,0.8754960894584656,0.9069401025772095,0.7196505665779114,0.39187952876091003,0.8809402585029602,0.9165564179420471,0.38048234581947327,0.8569247722625732,0.5,0.4150809049606323,0.8927444815635681,0.8809402585029602,0.928564190864563,0.8807876110076904,0.8926936388015747,0.785997748374939,0.8570774793624878,0.88109290599823,nan,21.324626445770264,0.7050115466117859,-221.18248156460436,0.7265679240226746
175,0.7581780552864075,0.7266673445701599,0.8077529668807983,0.7974966764450073,0.7974966764450073,0.9165055751800537,0.7737077474594116,0.906227707862854,0.9165055751800537,0.9165055751800537,0.906431257724762,0.9164546728134155,0.23542194068431854,0.9130457043647766,0.7974966764450073,0.9164546728134155,0.8928971290588379,0.914826512336731,0.3724939525127411,0.7973440885543823,0.8927953243255615,0.928564190864563,0.9166581630706787,0.7736847400665283,0.8980869054794312,0.9126386642456055,0.8692377805709839,0.8813982009887695,0.8765137195587158,0.9071435928344727,0.7196505665779114,0.392235666513443,0.8809402585029602,0.9165564179420471,0.38068586587905884,0.8581459522247314,0.5,0.4153861701488495,0.8927953243255615,0.8809402585029602,0.928564190864563,0.8812963962554932,0.8927953243255615,0.7859468460083008,0.8570774793624878,0.8811438083648682,nan,21.191715240478516,0.7047903537750244,-222.92915520015407,0.7266673445701599
176,0.7566914558410645,0.7272636890411377,0.8080199360847473,0.7974966764450073,0.7974966764450073,0.9165055751800537,0.7737077474594116,0.906075119972229,0.9165055751800537,0.9165055751800537,0.9065330028533936,0.9165055751800537,0.23557458817958832,0.9128930568695068,0.7974966764450073,0.9164546728134155,0.8928971290588379,0.9146738648414612,0.3724939525127411,0.7973440885543823,0.8927953243255615,0.928564190864563,0.9166581630706787,0.7736847400665283,0.8988500833511353,0.9128421545028687,0.8691869378089905,0.8816525936126709,0.8776330947875977,0.9070926904678345,0.7196505665779114,0.392337441444397,0.8809402585029602,0.9166073203086853,0.38068586587905884,0.866795539855957,0.5,0.41564059257507324,0.8927953243255615,0.8809402585029602,0.928564190864563,0.8819069862365723,0.8928462266921997,0.7858960032463074,0.8570774793624878,0.8811438083648682,nan,21.237425088882446,0.7047731876373291,-224.7082272260306,0.7272636890411377
177,0.7548685669898987,0.7280588150024414,0.8081678748130798,0.7975475788116455,0.7975475788116455,0.9165055751800537,0.7737586498260498,0.9059224724769592,0.9165055751800537,0.9165564179420471,0.9068892002105713,0.9165055751800537,0.23547282814979553,0.9131983518600464,0.7975475788116455,0.9164546728134155,0.8929480314254761,0.9148774147033691,0.37071335315704346,0.7973440885543823,0.8927953243255615,0.928564190864563,0.9166581630706787,0.7737356424331665,0.8995115756988525,0.912943959236145,0.8692377805709839,0.8819578886032104,0.8785997629165649,0.9072453379631042,0.7218382358551025,0.39249008893966675,0.8809402585029602,0.9165564179420471,0.3808385133743286,0.868678092956543,0.5,0.41579321026802063,0.8927953243255615,0.8809402585029602,0.928564190864563,0.8824666738510132,0.8928462266921997,0.785845160484314,0.8570265769958496,0.8812963962554932,nan,20.874484539031982,0.7051119804382324,-226.4966947470042,0.7280588150024414
178,0.7544988989830017,0.7267667055130005,0.8081042766571045,0.7975475788116455,0.7975475788116455,0.9165055751800537,0.7740130424499512,0.9059733152389526,0.9165055751800537,0.9165564179420471,0.908568263053894,0.9164546728134155,0.23379398882389069,0.9126895666122437,0.7975475788116455,0.9164546728134155,0.8930497169494629,0.9136562347412109,0.37269747257232666,0.7973440885543823,0.8927444815635681,0.9285132884979248,0.9165564179420471,0.7738373875617981,0.8998168706893921,0.9125877618789673,0.8696448802947998,0.8825684785842896,0.8781927227973938,0.9078558683395386,0.7154788374900818,0.39264270663261414,0.8809911608695984,0.9164546728134155,0.38048234581947327,0.8687289953231812,0.5,0.41579321026802063,0.8929480314254761,0.8809402585029602,0.9285132884979248,0.8830772638320923,0.8927444815635681,0.7867609262466431,0.8571791648864746,0.8818560838699341,nan,20.83725666999817,0.7024185657501221,-228.17372950781484,0.7267667055130005
179,0.7521042823791504,0.727561891078949,0.8079748153686523,0.7975984811782837,0.7975984811782837,0.9166073203086853,0.7739112377166748,0.9061768651008606,0.9166073203086853,0.9166073203086853,0.908924400806427,0.9166073203086853,0.2337431162595749,0.9127912521362305,0.7975984811782837,0.9165564179420471,0.8929988741874695,0.9139106273651123,0.3705607056617737,0.7973949313163757,0.8926936388015747,0.9285132884979248,0.9166073203086853,0.7737865447998047,0.9007835388183594,0.912943959236145,0.8698992729187012,0.8827210664749146,0.8793120980262756,0.9076523780822754,0.7090685963630676,0.3927953541278839,0.8810420036315918,0.9164546728134155,0.38058409094810486,0.8688816428184509,0.5,0.4158949851989746,0.8928971290588379,0.8810420036315918,0.9285132884979248,0.8840948343276978,0.8928462266921997,0.7861503958702087,0.8548897504806519,0.8821104764938354,nan,21.33658480644226,0.702606737613678,-230.08414234691818,0.727561891078949
180,0.7508124709129333,0.7285557985305786,0.8083897829055786,0.7975475788116455,0.7975475788116455,0.9165564179420471,0.7737077474594116,0.9059733152389526,0.9165055751800537,0.9165564179420471,0.9095858335494995,0.9165055751800537,0.2337431162595749,0.9129948019981384,0.7975475788116455,0.9165564179420471,0.8929480314254761,0.9141650199890137,0.3710186183452606,0.7973949313163757,0.8927953243255615,0.9285132884979248,0.9166073203086853,0.7737356424331665,0.9016485214233398,0.9131474494934082,0.8701027631759644,0.8830263614654541,0.8800244331359863,0.9079067707061768,0.7197014689445496,0.3929480016231537,0.8809911608695984,0.9165564179420471,0.3807876408100128,0.8688816428184509,0.5,0.41635289788246155,0.8928462266921997,0.8809911608695984,0.9285132884979248,0.8847054243087769,0.8928462266921997,0.7866083383560181,0.8570774793624878,0.8821613788604736,nan,21.739197731018066,0.7050039768218994,-231.9444884738253,0.7285557985305786

181,0.7484034299850464,0.7300466895103455,0.8102424144744873,0.7975475788116455,0.7975475788116455,0.9165055751800537,0.7737077474594116,0.905871570110321,0.9165055751800537,0.9165564179420471,0.91045081615448,0.9165055751800537,0.23394663631916046,0.9131983518600464,0.7975475788116455,0.9165055751800537,0.8928971290588379,0.9144703149795532,0.371273010969162,0.7974457740783691,0.8928971290588379,0.928564190864563,0.9166581630706787,0.7737356424331665,0.9015976190567017,0.9134018421173096,0.869848370552063,0.8836369514465332,0.8800753355026245,0.9080594182014465,0.7965306043624878,0.39310064911842346,0.8809402585029602,0.9165564179420471,0.3808893859386444,0.8688816428184509,0.5,0.4165055453777313,0.8928971290588379,0.8809402585029602,0.928564190864563,0.8859773874282837,0.8928462266921997,0.7865065336227417,0.8570774793624878,0.8827210664749146,nan,22.46626853942871,0.7062994241714478,-233.757531644857,0.7300466895103455
182,0.7447064518928528,0.732829749584198,0.8107474446296692,0.7975475788116455,0.7975475788116455,0.9165564179420471,0.7737586498260498,0.9057698249816895,0.9165564179420471,0.9165564179420471,0.9112139940261841,0.9165564179420471,0.23542216420173645,0.9125368595123291,0.7975475788116455,0.9165055751800537,0.8930497169494629,0.9150300025939941,0.37157830595970154,0.7973949313163757,0.8929480314254761,0.928564190864563,0.9166581630706787,0.7737356424331665,0.9012923240661621,0.9147247076034546,0.8706624507904053,0.8846036195755005,0.8801261782646179,0.9086191058158875,0.8107775449752808,0.3934568166732788,0.8809402585029602,0.9165564179420471,0.3808893859386444,0.8689325451850891,0.5,0.4166073203086853,0.8928462266921997,0.8809402585029602,0.928564190864563,0.8868423700332642,0.8928462266921997,0.7864556908607483,0.8570774793624878,0.8834334015846252,nan,20.7628390789032,0.7087573409080505,-236.0342307189814,0.732829749584198

183,1.3864789009094238,0.6468541622161865,0.8061279654502869,0.7951562404632568,0.7925106287002563,0.9065841436386108,0.7761497497558594,0.8937629461288452,0.9007335901260376,0.9087719917297363,0.8998172283172607,0.910247266292572,0.32374218106269836,0.9022601842880249,0.7951562404632568,0.8985456824302673,0.8970693349838257,0.8975791931152344,0.4004247784614563,0.7892543077468872,0.8876062035560608,0.9264271855354309,0.9134020805358887,0.7751603126525879,0.891066312789917,0.9149282574653625,0.8536702394485474,0.8817545175552368,0.8538739681243896,0.9032264351844788,0.7519153952598572,0.4051583707332611,0.8690356016159058,0.9134527444839478,0.3949812650680542,0.8623182773590088,0.5,0.4188460409641266,0.8932024240493774,0.8656268119812012,0.9245957136154175,0.870103657245636,0.8861815929412842,0.7751611471176147,0.8435959219932556,0.8769724369049072,nan,21.492565631866455,0.6292822957038879,-230.60526680801797,0.6468541622161865
184,0.8928006291389465,0.6958552598953247,0.8075529932975769,0.7969878911972046,0.7967844009399414,0.9125368595123291,0.7756918668746948,0.9057191610336304,0.9120789766311646,0.9147247076034546,0.906940221786499,0.9124860167503357,0.2671177089214325,0.910247266292572,0.7971405386924744,0.9102474451065063,0.8959499597549438,0.9097384810447693,0.3828223943710327,0.7955123782157898,0.8970693349838257,0.9275465607643127,0.9157931804656982,0.7742953300476074,0.8940675258636475,0.914419412612915,0.8698992729187012,0.8807878494262695,0.8702555894851685,0.9090261459350586,0.6939176321029663,0.40286964178085327,0.8797702193260193,0.9145212173461914,0.3754960894584656,0.8662358522415161,0.5,0.4180319607257843,0.8934059143066406,0.8772264719009399,0.9279536008834839,0.8739701509475708,0.893304169178009,0.7843189239501953,0.8608936667442322,0.8845018744468689,nan,21.1194908618927,0.674566388130188,-234.38613585546136,0.6958552598953247
185,0.7641341090202332,0.732829749584198,0.8086475133895874,0.797242283821106,0.7971405386924744,0.9149282574653625,0.7745217680931091,0.9081103205680847,0.9145212173461914,0.9156914949417114,0.9097893238067627,0.914826512336731,0.24346058070659637,0.9084664583206177,0.7971913814544678,0.9148774147033691,0.8943726420402527,0.9109086990356445,0.38124510645866394,0.7969878911972046,0.8970184326171875,0.9283097982406616,0.9165055751800537,0.7741426825523376,0.8967640399932861,0.9147756099700928,0.8702045679092407,0.882415771484375,0.8750381469726562,0.9077032804489136,0.7300388813018799,0.4041416645050049,0.8814491033554077,0.9162002801895142,0.378141850233078,0.8631321787834167,0.5,0.41920220851898193,0.8933550119400024,0.8812455534934998,0.928360641002655,0.8793631792068481,0.8909130096435547,0.7863539457321167,0.8567726016044617,0.8838404417037964,nan,21.234745264053345,0.7101396322250366,-237.26754677327676,0.732829749584198
186,0.7386963963508606,0.7428684830665588,0.809759259223938,0.7975984811782837,0.7974966764450073,0.9160984754562378,0.7744200229644775,0.9087717533111572,0.916149377822876,0.9164546728134155,0.9111630916595459,0.916149377822876,0.23659218847751617,0.9078050255775452,0.7975475788116455,0.9157931804656982,0.8938129544258118,0.9133509397506714,0.3760557770729065,0.7974457740783691,0.8955937623977661,0.9284623861312866,0.9167090654373169,0.7718023657798767,0.899562418460846,0.916149377822876,0.8702554106712341,0.8823648691177368,0.8769207000732422,0.9077032804489136,0.7598007321357727,0.40500661730766296,0.8812455534934998,0.9160984754562378,0.37915945053100586,0.8678131699562073,0.5,0.422916442155838,0.8927953243255615,0.8811438083648682,0.9284623861312866,0.8840439319610596,0.8928462266921997,0.7857942581176758,0.8593670129776001,0.8832298517227173,nan,20.999512434005737,0.7220932841300964,-238.95392587637286,0.7428684830665588
187,0.735811173915863,0.7469436526298523,0.8102436065673828,0.7975984811782837,0.7975984811782837,0.9163528680801392,0.7741147875785828,0.905820906162262,0.9162002801895142,0.9165055751800537,0.9098911285400391,0.9162002801895142,0.24376565217971802,0.9069909453392029,0.7975984811782837,0.9157423377037048,0.8938129544258118,0.9120280742645264,0.376717209815979,0.7977002263069153,0.8975272178649902,0.928360641002655,0.9164546728134155,0.7738373875617981,0.8991553783416748,0.9166073203086853,0.8706115484237671,0.882619321346283,0.8778365850448608,0.9077541828155518,0.7640233635902405,0.4062786102294922,0.8810420036315918,0.9164037704467773,0.379566490650177,0.8687289953231812,0.5,0.4278009533882141,0.8931006193161011,0.8809402585029602,0.928360641002655,0.8851124048233032,0.8927444815635681,0.7863030433654785,0.8596723079681396,0.8835351467132568,nan,21.14081120491028,0.7287924289703369,-240.3244308837187,0.7469436526298523
188,0.7238872647285461,0.7467448711395264,0.8100124597549438,0.7975475788116455,0.7975475788116455,0.9162002801895142,0.7738603949546814,0.9072453379631042,0.9160984754562378,0.9165564179420471,0.9090770483016968,0.9162002801895142,0.23898378014564514,0.9067873954772949,0.7975475788116455,0.9155387878417969,0.8934568166732788,0.9115701913833618,0.37712424993515015,0.7979037761688232,0.8981886506080627,0.9284623861312866,0.9166073203086853,0.7736847400665283,0.8994606733322144,0.9165055751800537,0.8705607056617737,0.882619321346283,0.8779891729354858,0.9078050255775452,0.7554761171340942,0.4060242176055908,0.8811438083648682,0.9166073203086853,0.38002443313598633,0.8689833879470825,0.5,0.4284115135669708,0.8930497169494629,0.8810420036315918,0.9285132884979248,0.8865370750427246,0.8927953243255615,0.7864047884941101,0.8600794076919556,0.8829245567321777,nan,20.785308122634888,0.7258816361427307,-241.57149944906382,0.7467448711395264
189,0.7196595668792725,0.7476394176483154,0.8096564412117004,0.7975475788116455,0.7974966764450073,0.9164037704467773,0.773809552192688,0.9063804149627686,0.9162511825561523,0.9165055751800537,0.9081103205680847,0.9163020253181458,0.23984895646572113,0.9067365527153015,0.7974966764450073,0.9153861999511719,0.8936094045639038,0.9115701913833618,0.3772768974304199,0.7978528738021851,0.8990027904510498,0.9285132884979248,0.9166581630706787,0.7736847400665283,0.900529146194458,0.9167599678039551,0.8710694909095764,0.8832298517227173,0.8788032531738281,0.908924400806427,0.7317159175872803,0.40638038516044617,0.8810420036315918,0.9165564179420471,0.38043147325515747,0.8689833879470825,0.5,0.42892032861709595,0.8929480314254761,0.8810420036315918,0.928564190864563,0.8875038027763367,0.8928462266921997,0.7863539457321167,0.8613004684448242,0.8833825588226318,nan,21.374469995498657,0.7236538529396057,-242.76116131053698,0.7476394176483154
190,0.7169475555419922,0.7487327456474304,0.8083042502403259,0.7975984811782837,0.7974966764450073,0.9163528680801392,0.7737077474594116,0.9057189226150513,0.9163020253181458,0.9165055751800537,0.9078558683395386,0.9164037704467773,0.2414771318435669,0.9065839052200317,0.7975984811782837,0.9152335524559021,0.8935585618019104,0.9117227792739868,0.3775312900543213,0.7979546189308167,0.8996641635894775,0.928564190864563,0.9166581630706787,0.7736847400665283,0.9009361863136292,0.9169125556945801,0.871374785900116,0.8838404417037964,0.879210352897644,0.9094840884208679,0.6628758907318115,0.4069909453392029,0.8810420036315918,0.9166073203086853,0.38058409094810486,0.8691360950469971,0.5,0.42892032861709595,0.8928462266921997,0.8809911608695984,0.928564190864563,0.8884196281433105,0.8928462266921997,0.7863539457321167,0.8646585941314697,0.8836369514465332,nan,21.161354541778564,0.7264719605445862,-243.92650993490489,0.7487327456474304

191,0.7147948145866394,0.748832106590271,0.8081274032592773,0.7976493239402771,0.7974966764450073,0.9164037704467773,0.7737586498260498,0.9053627848625183,0.9164037704467773,0.9165055751800537,0.9072453379631042,0.9164037704467773,0.24249473214149475,0.9064821004867554,0.7975984811782837,0.9154371023178101,0.8935585618019104,0.9118754863739014,0.37773481011390686,0.7982598543167114,0.9007835388183594,0.928564190864563,0.9166581630706787,0.7736847400665283,0.9011397361755371,0.9169634580612183,0.8720871210098267,0.8844510316848755,0.8794647455215454,0.9099420309066772,0.6430327892303467,0.4076523780822754,0.8810420036315918,0.9166073203086853,0.38068586587905884,0.8696957230567932,0.5,0.42892032861709595,0.8928971290588379,0.8809402585029602,0.928564190864563,0.8889284729957581,0.8928462266921997,0.7864047884941101,0.869848370552063,0.8841966390609741,nan,20.933013916015625,0.7278701663017273,-245.0670983417171,0.748832106590271
192,0.712931215763092,0.7480369806289673,0.8082545399665833,0.7978528738021851,0.7974966764450073,0.9165055751800537,0.7737586498260498,0.9051592350006104,0.9164037704467773,0.9165055751800537,0.9070926904678345,0.9164037704467773,0.2428000122308731,0.9063804149627686,0.7977510690689087,0.9154879450798035,0.893507719039917,0.9119263291358948,0.37788745760917664,0.7989213466644287,0.9015467166900635,0.928564190864563,0.9166581630706787,0.7736847400665283,0.9015976190567017,0.9168617129325867,0.8725959062576294,0.8849598169326782,0.8796682357788086,0.9105017185211182,0.6349945664405823,0.4081611931324005,0.8809911608695984,0.9166581630706787,0.38068586587905884,0.8739187717437744,0.5,0.42892032861709595,0.8929480314254761,0.8809402585029602,0.928564190864563,0.8893355131149292,0.8928462266921997,0.7864556908607483,0.8740205764770508,0.8845527768135071,nan,21.11655282974243,0.7282584309577942,-246.2054333312885,0.7480369806289673
193,0.7112593054771423,0.7498260736465454,0.8085723519325256,0.7992266416549683,0.7974966764450073,0.9165055751800537,0.773809552192688,0.9051083326339722,0.9164546728134155,0.9165055751800537,0.9066856503486633,0.9165055751800537,0.24305441975593567,0.906227707862854,0.7993283867835999,0.9154879450798035,0.8936094045639038,0.9119263291358948,0.3783453702926636,0.7999389171600342,0.9018011689186096,0.928564190864563,0.9166581630706787,0.7736847400665283,0.9021064043045044,0.9168617129325867,0.873053789138794,0.8856720924377441,0.8798209428787231,0.9110105037689209,0.6339263319969177,0.4090261459350586,0.8809402585029602,0.9166581630706787,0.3808385133743286,0.877887487411499,0.5,0.42897120118141174,0.8929480314254761,0.8809402585029602,0.928564190864563,0.8897425532341003,0.8928462266921997,0.7865065336227417,0.8762593269348145,0.8850107192993164,nan,20.671155214309692,0.7301904559135437,-247.3265825777212,0.7498260736465454
194,0.7096728086471558,0.7515157461166382,0.8088220357894897,0.8026864528656006,0.7974966764450073,0.9165055751800537,0.7738603949546814,0.9049557447433472,0.9165055751800537,0.9165055751800537,0.9064821004867554,0.9165055751800537,0.24341057240962982,0.906227707862854,0.8030426502227783,0.9155387878417969,0.893660306930542,0.9119771718978882,0.3787524104118347,0.8042637705802917,0.9023099541664124,0.928564190864563,0.9166581630706787,0.7736847400665283,0.9021064043045044,0.9169125556945801,0.8737661838531494,0.886791467666626,0.87992262840271,0.9114174842834473,0.6252270936965942,0.40928056836128235,0.8809402585029602,0.9166581630706787,0.3809911608695984,0.8798209428787231,0.5,0.42892032861709595,0.8928971290588379,0.8809402585029602,0.928564190864563,0.8903022408485413,0.8928462266921997,0.7865065336227417,0.8779383301734924,0.885468602180481,nan,21.071057558059692,0.7311466932296753,-248.4829931218396,0.7515157461166382
195,0.7081709504127502,0.7524102926254272,0.8091802597045898,0.8074692487716675,0.7974966764450073,0.9165055751800537,0.7738603949546814,0.9048030972480774,0.9164037704467773,0.9165055751800537,0.9063295125961304,0.9165055751800537,0.24376673996448517,0.9062786102294922,0.8088938593864441,0.9154879450798035,0.893660306930542,0.9119771718978882,0.37921035289764404,0.8074692487716675,0.9028696417808533,0.928564190864563,0.9166581630706787,0.7736847400665283,0.9025135040283203,0.9169125556945801,0.8747837543487549,0.8875547051429749,0.8800244331359863,0.9119263291358948,0.6199873089790344,0.4098402261734009,0.8809402585029602,0.9166581630706787,0.3810420334339142,0.8803805708885193,0.5,0.42902207374572754,0.8928971290588379,0.8809402585029602,0.928564190864563,0.8905057907104492,0.8928462266921997,0.7865574359893799,0.8789050579071045,0.8865879774093628,nan,22.21007537841797,0.7314808964729309,-249.6338667138269,0.7524102926254272
196,0.7067198157310486,0.7539011836051941,0.8090323209762573,0.8091991543769836,0.7975475788116455,0.9165055751800537,0.7738603949546814,0.9046504497528076,0.9163528680801392,0.9165055751800537,0.9058207273483276,0.9165055751800537,0.24381761252880096,0.9063804149627686,0.8093518018722534,0.9154371023178101,0.8937112092971802,0.9122824668884277,0.3794647455215454,0.8082833290100098,0.9033275842666626,0.928564190864563,0.9166581630706787,0.7736847400665283,0.9028187990188599,0.9169125556945801,0.8759540319442749,0.8884196281433105,0.8801770210266113,0.9124351143836975,0.6045723557472229,0.41075608134269714,0.8809402585029602,0.9166581630706787,0.38109290599823,0.8806350231170654,0.5,0.42897120118141174,0.8928971290588379,0.8809402585029602,0.928564190864563,0.8907601833343506,0.8928462266921997,0.7865574359893799,0.879566490650177,0.8873002529144287,nan,20.90949273109436,0.7322269082069397,-250.79378656406857,0.7539011836051941
197,0.7053136229515076,0.7550939321517944,0.8088624477386475,0.8093518018722534,0.7975984811782837,0.9165055751800537,0.7738603949546814,0.904548704624176,0.9164037704467773,0.9165055751800537,0.9056171774864197,0.9165055751800537,0.24412289261817932,0.9063804149627686,0.8093518018722534,0.9153352975845337,0.8937112092971802,0.9125877618789673,0.3797700107097626,0.8088938593864441,0.903581976890564,0.928564190864563,0.9166581630706787,0.7736847400665283,0.9031240344047546,0.9169634580612183,0.8772259950637817,0.8887249231338501,0.8804314732551575,0.9131474494934082,0.5901238918304443,0.411875456571579,0.8809402585029602,0.9166581630706787,0.38109290599823,0.8806858658790588,0.5,0.4292255938053131,0.8928971290588379,0.8809402585029602,0.928564190864563,0.891014575958252,0.8928462266921997,0.7865065336227417,0.8800244331359863,0.8880126476287842,nan,21.329257249832153,0.7324215769767761,-251.95768619041039,0.7550939321517944
198,0.7039101719856262,0.7570818066596985,0.8101187348365784,0.8093518018722534,0.7976493239402771,0.9165055751800537,0.7738603949546814,0.904548704624176,0.9163528680801392,0.9165055751800537,0.9055154323577881,0.9165055751800537,0.24437730014324188,0.9063804149627686,0.8093518018722534,0.9154371023178101,0.8937112092971802,0.9126895666122437,0.37987178564071655,0.809097409248352,0.9038363695144653,0.928564190864563,0.9166581630706787,0.7736847400665283,0.9033275842666626,0.9170143604278564,0.8790068626403809,0.8895390033721924,0.8804314732551575,0.9137071371078491,0.6385629177093506,0.41284218430519104,0.8809402585029602,0.9166581630706787,0.38109290599823,0.8807367086410522,0.5,0.42973440885543823,0.8928971290588379,0.8809402585029602,0.928564190864563,0.891167163848877,0.8928462266921997,0.7865065336227417,0.8804314732551575,0.8887249231338501,nan,20.80007529258728,0.7328366041183472,-253.13539081524576,0.7570818066596985
199,0.7028642892837524,0.7585726976394653,0.8108017444610596,0.8093518018722534,0.7983616590499878,0.9164037704467773,0.7739112377166748,0.9042942523956299,0.9163020253181458,0.9164546728134155,0.9055663347244263,0.9164546728134155,0.2449878603219986,0.9065330028533936,0.8093518018722534,0.9155387878417969,0.8940165042877197,0.91309654712677,0.3801770508289337,0.8091991543769836,0.9040398597717285,0.928564190864563,0.9166581630706787,0.7736847400665283,0.903734564781189,0.9172178506851196,0.8825684785842896,0.8897425532341003,0.8805841207504272,0.9141141772270203,0.6577444076538086,0.4137580096721649,0.8809402585029602,0.9166581630706787,0.38124555349349976,0.8806858658790588,0.5,0.43110817670822144,0.8929480314254761,0.8809402585029602,0.928564190864563,0.8913707137107849,0.8928462266921997,0.7865574359893799,0.8805841207504272,0.8892337083816528,nan,21.16214656829834,0.7332468032836914,-254.3159808177927,0.7585726976394653
200,0.7018454670906067,0.7600635886192322,0.8103960752487183,0.8094027042388916,0.7988195419311523,0.9165055751800537,0.7741656303405762,0.9050066471099854,0.9163528680801392,0.9165055751800537,0.9059733152389526,0.9165055751800537,0.24605634808540344,0.9067365527153015,0.8094027042388916,0.9154879450798035,0.8942199945449829,0.9127404093742371,0.3803805708885193,0.809249997138977,0.9039381742477417,0.928564190864563,0.9166581630706787,0.7737356424331665,0.9041416645050049,0.9170652627944946,0.8846545219421387,0.889284610748291,0.8803297281265259,0.914419412612915,0.6291540265083313,0.41497913002967834,0.88109290599823,0.9166581630706787,0.38216137886047363,0.8807367086410522,0.5,0.4354838728904724,0.8930497169494629,0.8809402585029602,0.928564190864563,0.8913707137107849,0.8928462266921997,0.7866592407226562,0.8805841207504272,0.8886740207672119,nan,20.897967100143433,0.7315126061439514,-255.3966845212951,0.7600635886192322

201,0.6996505260467529,0.7612563371658325,0.8102781772613525,0.8094027042388916,0.8000407218933105,0.9165055751800537,0.7741147875785828,0.9044469594955444,0.9162002801895142,0.9165055751800537,0.9054136276245117,0.9165055751800537,0.24661603569984436,0.9066856503486633,0.8094027042388916,0.9156914949417114,0.8945252895355225,0.9133509397506714,0.38048234581947327,0.8093008995056152,0.9040398597717285,0.928564190864563,0.9166581630706787,0.7737356424331665,0.9044978022575378,0.9169634580612183,0.8870458602905273,0.8903022408485413,0.8806350231170654,0.9147756099700928,0.61114501953125,0.41569146513938904,0.8809402585029602,0.9166581630706787,0.3846036493778229,0.8807367086410522,0.5,0.4384349286556244,0.8928971290588379,0.8809402585029602,0.928564190864563,0.8916760087013245,0.8928462266921997,0.7865574359893799,0.8807876110076904,0.8897933959960938,nan,21.142762899398804,0.7327741384506226,-256.61918833203396,0.7612563371658325
202,0.6980482339859009,0.7636417746543884,0.8093397617340088,0.8094027042388916,0.8025338649749756,0.9165055751800537,0.7740130424499512,0.9041416645050049,0.9164037704467773,0.9165055751800537,0.9052101373672485,0.9165055751800537,0.2471248358488083,0.9064821004867554,0.8094027042388916,0.9155896902084351,0.8944234848022461,0.91426682472229,0.38053321838378906,0.8093008995056152,0.9044978022575378,0.928564190864563,0.9166581630706787,0.7737356424331665,0.9047013521194458,0.9170143604278564,0.8892337083816528,0.8909127712249756,0.8806858658790588,0.9153352975845337,0.5556912422180176,0.4160985052585602,0.8809402585029602,0.9166581630706787,0.38897934556007385,0.8807367086410522,0.5,0.44092804193496704,0.8928971290588379,0.8809402585029602,0.928564190864563,0.8919304013252258,0.8928462266921997,0.7865574359893799,0.8808385133743286,0.8904039859771729,nan,20.9115207195282,0.7351913452148438,-257.85544768707757,0.7636417746543884
203,0.6965417265892029,0.7666236162185669,0.8088589906692505,0.8094027042388916,0.8064516186714172,0.9165055751800537,0.773962140083313,0.9039890170097351,0.9163528680801392,0.9165055751800537,0.9050066471099854,0.9165055751800537,0.24824419617652893,0.906431257724762,0.8094027042388916,0.9156405925750732,0.894627034664154,0.9147247076034546,0.38063499331474304,0.8093008995056152,0.904548704624176,0.928564190864563,0.9166581630706787,0.7737356424331665,0.9051083326339722,0.917116105556488,0.8897933959960938,0.8914215564727783,0.8809402585029602,0.9157931804656982,0.5236399173736572,0.41635289788246155,0.8809402585029602,0.9166581630706787,0.39167600870132446,0.8807367086410522,0.5,0.4412333369255066,0.8928971290588379,0.8809402585029602,0.928564190864563,0.8921847939491272,0.8928462266921997,0.7865574359893799,0.8808894157409668,0.890811026096344,nan,21.42053461074829,0.7381006479263306,-259.08694842321216,0.7666236162185669
204,0.6950548887252808,0.7678163051605225,0.8085180521011353,0.8094027042388916,0.809249997138977,0.9165055751800537,0.7740130424499512,0.9040398597717285,0.9163020253181458,0.9165055751800537,0.904904842376709,0.9165055751800537,0.2498214840888977,0.9063804149627686,0.8094027042388916,0.9156405925750732,0.8950849771499634,0.914979100227356,0.38063499331474304,0.8093008995056152,0.904548704624176,0.928564190864563,0.9166581630706787,0.7737356424331665,0.9053627848625183,0.9172687530517578,0.8907601833343506,0.8917268514633179,0.8808894157409668,0.9162002801895142,0.5001356601715088,0.41640380024909973,0.88109290599823,0.9166581630706787,0.39264270663261414,0.8807367086410522,0.5,0.44148772954940796,0.8929480314254761,0.8809402585029602,0.928564190864563,0.8921847939491272,0.8928462266921997,0.7865574359893799,0.8808894157409668,0.8913707137107849,nan,21.100767612457275,0.7392100095748901,-260.33921183806126,0.7678163051605225
205,0.6935187578201294,0.7682138681411743,0.8075553178787231,0.8094027042388916,0.8094027042388916,0.9165055751800537,0.7740638852119446,0.9039890170097351,0.9160984754562378,0.9165055751800537,0.9048030972480774,0.9165055751800537,0.2524672746658325,0.9063804149627686,0.8094027042388916,0.9154371023178101,0.8954411745071411,0.9154879450798035,0.38073673844337463,0.8093008995056152,0.9045995473861694,0.928564190864563,0.9166581630706787,0.7737356424331665,0.9056680202484131,0.9173704981803894,0.8912180662155151,0.8920830488204956,0.8809911608695984,0.9165055751800537,0.4531271159648895,0.41640380024909973,0.8810420036315918,0.9166581630706787,0.3926936089992523,0.8807367086410522,0.5,0.44169124960899353,0.8928971290588379,0.8809402585029602,0.928564190864563,0.8922865390777588,0.8928462266921997,0.7866083383560181,0.8808894157409668,0.8918795585632324,nan,20.78630828857422,0.7395971417427063,-261.60203335823354,0.7682138681411743
206,0.6919925212860107,0.768412709236145,0.8070294857025146,0.8094027042388916,0.8094027042388916,0.9165055751800537,0.7740638852119446,0.9039381742477417,0.9159967303276062,0.9165055751800537,0.904752254486084,0.9165055751800537,0.25663942098617554,0.906431257724762,0.8094027042388916,0.9154879450798035,0.8962043523788452,0.9155896902084351,0.38073673844337463,0.8093008995056152,0.9046504497528076,0.928564190864563,0.9166581630706787,0.7737356424331665,0.9058207273483276,0.917472243309021,0.8917268514633179,0.8923883438110352,0.8809402585029602,0.9167090654373169,0.42321258783340454,0.4165564179420471,0.88109290599823,0.9166581630706787,0.3927444815635681,0.8807367086410522,0.5,0.44225093722343445,0.8928971290588379,0.8809402585029602,0.928564190864563,0.8924391865730286,0.8928462266921997,0.7865574359893799,0.8808894157409668,0.8922356367111206,nan,20.85870933532715,0.7408167123794556,-262.8787505833556,0.768412709236145
207,0.690426230430603,0.7699036002159119,0.8065832853317261,0.8094027042388916,0.8094027042388916,0.9165055751800537,0.7742165327072144,0.9039381742477417,0.9158949851989746,0.9165055751800537,0.9045995473861694,0.9165055751800537,0.26020103693008423,0.9064821004867554,0.8094027042388916,0.9154371023178101,0.896713137626648,0.9157931804656982,0.38073673844337463,0.8093008995056152,0.9047013521194458,0.928564190864563,0.9166581630706787,0.7737356424331665,0.906227707862854,0.9176249504089355,0.8921847939491272,0.8924900889396667,0.8809911608695984,0.9167090654373169,0.3975715637207031,0.4165564179420471,0.8812455534934998,0.9166581630706787,0.3928462266921997,0.8807367086410522,0.5,0.44296327233314514,0.8928971290588379,0.8809402585029602,0.928564190864563,0.8924391865730286,0.8928462266921997,0.7865574359893799,0.8808894157409668,0.8924900889396667,nan,20.62886333465576,0.7422945499420166,-264.18179801453323,0.7699036002159119
208,0.6888248920440674,0.7703011631965637,0.8063151836395264,0.8094027042388916,0.8094027042388916,0.9165055751800537,0.7742165327072144,0.9038363695144653,0.9158440828323364,0.9165055751800537,0.9046504497528076,0.9165055751800537,0.2644241154193878,0.9065330028533936,0.8094027042388916,0.9153861999511719,0.898036003112793,0.9159458875656128,0.3807876408100128,0.8093008995056152,0.9047013521194458,0.928564190864563,0.9166581630706787,0.7737356424331665,0.9065330028533936,0.9178793430328369,0.8924900889396667,0.8926936388015747,0.8809911608695984,0.9167090654373169,0.37834081053733826,0.4166581928730011,0.8811947107315063,0.9166581630706787,0.3928462266921997,0.8807367086410522,0.5,0.4434211850166321,0.8928971290588379,0.8809402585029602,0.928564190864563,0.8925918340682983,0.8928462266921997,0.7865574359893799,0.8808894157409668,0.8929988741874695,nan,20.9908127784729,0.742669939994812,-265.5393286013909,0.7703011631965637
209,0.6860940456390381,0.7748732566833496,0.8063163757324219,0.8094027042388916,0.8094027042388916,0.9165055751800537,0.7744200229644775,0.9038363695144653,0.9157423377037048,0.9165055751800537,0.904752254486084,0.9165055751800537,0.2679857313632965,0.9065330028533936,0.8100132346153259,0.9152335524559021,0.8983922004699707,0.9160476326942444,0.3807876408100128,0.8093008995056152,0.9046504497528076,0.928564190864563,0.9166581630706787,0.7737356424331665,0.9068382978439331,0.9186934232711792,0.8925409317016602,0.8927444815635681,0.8810420036315918,0.9166581630706787,0.3697938024997711,0.41828635334968567,0.8814999461174011,0.9166581630706787,0.3928462266921997,0.8807367086410522,0.5,0.443879097700119,0.8928971290588379,0.8810420036315918,0.928564190864563,0.8925918340682983,0.8928462266921997,0.7865574359893799,0.8809402585029602,0.8934059143066406,nan,20.61293864250183,0.7482397556304932,-267.24129642675774,0.7748732566833496

210,0.6750863194465637,0.7845144867897034,0.807650089263916,0.8094027042388916,0.8094027042388916,0.9165055751800537,0.7750304937362671,0.903734564781189,0.9154371023178101,0.9165055751800537,0.9054645299911499,0.9165055751800537,0.27134382724761963,0.9074997901916504,0.8187646269798279,0.9138597846031189,0.8976290225982666,0.9153352975845337,0.3808893859386444,0.8093008995056152,0.9046504497528076,0.928564190864563,0.9166073203086853,0.7738373875617981,0.9064821004867554,0.9201180338859558,0.8921847939491272,0.8926936388015747,0.8806858658790588,0.9166073203086853,0.4039309620857239,0.4264271855354309,0.8841457366943359,0.9167090654373169,0.3927953541278839,0.8809911608695984,0.5,0.4473389685153961,0.893660306930542,0.8812455534934998,0.9285132884979248,0.8879621624946594,0.8929988741874695,0.7876259088516235,0.8807876110076904,0.89386385679245,nan,20.981913805007935,0.758851170539856,-270.3440837793755,0.7845144867897034

211,0.744125485420227,0.7712950706481934,0.804301917552948,0.8090465068817139,0.8089447021484375,0.9158949851989746,0.7746143341064453,0.9031749367713928,0.9125370979309082,0.9159967303276062,0.9051083326339722,0.9160476326942444,0.290575236082077,0.9096876382827759,0.8189172744750977,0.9124860167503357,0.8964078426361084,0.9120791554450989,0.38485804200172424,0.8086903095245361,0.9029207229614258,0.9284623861312866,0.9166581630706787,0.7748041152954102,0.906431257724762,0.9229164123535156,0.890607476234436,0.891777753829956,0.877429723739624,0.916149377822876,0.4147164821624756,0.42825886607170105,0.8907094597816467,0.9166581630706787,0.39310064911842346,0.8803805708885193,0.5,0.4489671289920807,0.8949323296546936,0.8673058748245239,0.9284623861312866,0.7351843118667603,0.8939656019210815,0.7870662212371826,0.8721388578414917,0.8954920172691345,nan,20.98038339614868,0.7449299693107605,-271.2896562414584,0.7712950706481934
212,1.0313348770141602,0.7015207409858704,0.7946653366088867,0.8078253865242004,0.8062480688095093,0.9105525612831116,0.7785409092903137,0.8955435156822205,0.9029209613800049,0.9114683866500854,0.8996137380599976,0.9100439548492432,0.3214575946331024,0.9105527400970459,0.8076218366622925,0.9049557447433472,0.9000203609466553,0.9072961807250977,0.39661094546318054,0.803653359413147,0.9016996026039124,0.9251044988632202,0.9159967303276062,0.7719552516937256,0.9055663347244263,0.9241377711296082,0.8707150816917419,0.8833831548690796,0.8518394231796265,0.9189478158950806,0.49830442667007446,0.4285641610622406,0.877024233341217,0.9150809049606323,0.3943726420402527,0.8744277954101562,0.5,0.4593467116355896,0.8945255279541016,0.6180182099342346,0.9272921681404114,0.6101839542388916,0.8953902721405029,0.7870662212371826,0.8464975953102112,0.8852148056030273,nan,21.050849437713623,0.6816463470458984,-265.80790124576026,0.7015207409858704
213,0.7296793460845947,0.7577775716781616,0.7990514039993286,0.8087921142578125,0.808486819267273,0.9157423377037048,0.7776251435279846,0.9043962955474854,0.9131476879119873,0.9156405925750732,0.9065841436386108,0.9158949851989746,0.28146812319755554,0.9093314409255981,0.8086903095245361,0.9136053323745728,0.8963060975074768,0.9144703149795532,0.39371100068092346,0.8089956045150757,0.9047013521194458,0.928564190864563,0.9168108701705933,0.7753638029098511,0.905871570110321,0.9236796498298645,0.8839423656463623,0.8870967626571655,0.8783962726593018,0.9170652627944946,0.4831942915916443,0.4279536008834839,0.8890815377235413,0.9157931804656982,0.39401647448539734,0.8803297281265259,0.5,0.45827820897102356,0.8944743871688843,0.8449716567993164,0.9280045032501221,0.46702179312705994,0.8931006193161011,0.7871171236038208,0.8779385089874268,0.8889284729957581,nan,21.43143892288208,0.7315780520439148,-270.42390890664603,0.7577775716781616
214,0.731617271900177,0.7624490857124329,0.7967884540557861,0.809097409248352,0.8087412118911743,0.9157423377037048,0.7767094373703003,0.9042435884475708,0.9114177227020264,0.9156914949417114,0.901750922203064,0.9158440828323364,0.2732763886451721,0.9082629680633545,0.809453547000885,0.9125877618789673,0.8952376246452332,0.9142159223556519,0.3929988741874695,0.8093008995056152,0.9029713869094849,0.9288185834884644,0.9172178506851196,0.7749567627906799,0.9063804149627686,0.9241375923156738,0.8836373686790466,0.8891828656196594,0.877277135848999,0.9171669483184814,0.44468188285827637,0.42825886607170105,0.8954920172691345,0.9163528680801392,0.39391472935676575,0.8800753355026245,0.5,0.4543095529079437,0.8955428600311279,0.8176517486572266,0.928360641002655,0.45201364159584045,0.8939146995544434,0.7880330085754395,0.8709685802459717,0.8913198709487915,nan,21.152485847473145,0.7390902042388916,-271.9157284121546,0.7624490857124329
215,0.7006562948226929,0.7665241956710815,0.7963607907295227,0.8094027042388916,0.809249997138977,0.9162511825561523,0.7765567898750305,0.9054136276245117,0.9126388430595398,0.9164037704467773,0.9073470830917358,0.9164037704467773,0.27520984411239624,0.9089752435684204,0.8097588419914246,0.9124351143836975,0.8953393697738647,0.912333607673645,0.39243918657302856,0.809249997138977,0.9050066471099854,0.928716778755188,0.9169634580612183,0.7752619981765747,0.9063804149627686,0.9222041368484497,0.8873511552810669,0.8884196281433105,0.8756491541862488,0.9168108701705933,0.4317087233066559,0.4287168085575104,0.8943726420402527,0.9159967303276062,0.3937112092971802,0.8800753355026245,0.5,0.4531393051147461,0.8938129544258118,0.8277758359909058,0.928564190864563,0.4216920733451843,0.8931515216827393,0.7866592407226562,0.8804314732551575,0.8907601833343506,nan,20.870696544647217,0.7424755692481995,-273.15007914611493,0.7665241956710815
216,0.6961096525192261,0.7704005837440491,0.7965503334999084,0.8094027042388916,0.8091991543769836,0.9160476326942444,0.7764550447463989,0.9047013521194458,0.9142159223556519,0.9160984754562378,0.9059733152389526,0.9160984754562378,0.2876746356487274,0.9083138704299927,0.8097079396247864,0.91309654712677,0.8946779370307922,0.9152335524559021,0.39264270663261414,0.8087412118911743,0.9054136276245117,0.9286150336265564,0.9169125556945801,0.7747023105621338,0.9063295125961304,0.9250534176826477,0.885824978351593,0.8889793157577515,0.8769209384918213,0.9177775382995605,0.438424289226532,0.42897120118141174,0.8916761875152588,0.9163020253181458,0.39330416917800903,0.8799735307693481,0.5,0.45634475350379944,0.894830584526062,0.8236041069030762,0.928360641002655,0.40866804122924805,0.8930497169494629,0.7867609262466431,0.8803297281265259,0.8916760087013245,nan,21.52807092666626,0.7456745505332947,-274.47867859572233,0.7704005837440491
217,0.6740022301673889,0.774972677230835,0.7963076233863831,0.8093008995056152,0.809249997138977,0.9159458875656128,0.7763532400131226,0.9042434096336365,0.9125368595123291,0.9160476326942444,0.9058207273483276,0.9139108657836914,0.2686978578567505,0.9085173606872559,0.8120484352111816,0.9125368595123291,0.8942199945449829,0.9140633344650269,0.39259183406829834,0.8090465068817139,0.9056680202484131,0.9286150336265564,0.9169125556945801,0.7748550176620483,0.907397985458374,0.9257148504257202,0.8851126432418823,0.8880126476287842,0.8797191381454468,0.917319655418396,0.4105447232723236,0.42886945605278015,0.8941690921783447,0.9157931804656982,0.39315152168273926,0.8801770210266113,0.5,0.46107661724090576,0.8945252895355225,0.8641515374183655,0.9282588958740234,0.3982386887073517,0.8929988741874695,0.7868627309799194,0.8807367086410522,0.8926427364349365,nan,21.273756980895996,0.7499561905860901,-276.0380801864486,0.774972677230835
218,0.666426420211792,0.7764635682106018,0.7960256338119507,0.8093008995056152,0.809249997138977,0.9164037704467773,0.7762006521224976,0.9031751155853271,0.9158949851989746,0.9164037704467773,0.906431257724762,0.9164037704467773,0.27851706743240356,0.9083138704299927,0.8124046325683594,0.914419412612915,0.894627034664154,0.9159458875656128,0.39264270663261414,0.8091482520103455,0.9067365527153015,0.9287676811218262,0.9169125556945801,0.774600625038147,0.9074997901916504,0.9238322973251343,0.8872495889663696,0.8901495933532715,0.8798717856407166,0.9172687530517578,0.39324718713760376,0.4286150336265564,0.8946779370307922,0.9163528680801392,0.3930497467517853,0.8801770210266113,0.5,0.461992472410202,0.8942199945449829,0.8428348898887634,0.9281062483787537,0.3986457288265228,0.8929988741874695,0.7867100834846497,0.8804823160171509,0.8945252895355225,nan,20.89625597000122,0.750206708908081,-277.04210999912254,0.7764635682106018
219,0.6582527756690979,0.7830235362052917,0.7955459952354431,0.8094027042388916,0.8093518018722534,0.9164546728134155,0.7762515544891357,0.9050066471099854,0.9141141772270203,0.9165055751800537,0.9060242176055908,0.9165055751800537,0.27251362800598145,0.9078558683395386,0.8200875520706177,0.9146230220794678,0.8943217992782593,0.9159458875656128,0.3927444815635681,0.8093008995056152,0.9099928736686707,0.9286150336265564,0.9167599678039551,0.7742444276809692,0.9069909453392029,0.925511360168457,0.8883180618286133,0.891014575958252,0.879566490650177,0.9174214005470276,0.3719305396080017,0.4286150336265564,0.894983172416687,0.9164037704467773,0.3929480016231537,0.8807876110076904,0.5,0.4636206328868866,0.89386385679245,0.8405454754829407,0.9279536008834839,0.3908618986606598,0.8929480314254761,0.7866592407226562,0.8806858658790588,0.8964587450027466,nan,20.903095960617065,0.7581153512001038,-277.949262186211,0.7830235362052917
220,0.6524578928947449,0.7861047387123108,0.7957090139389038,0.8094027042388916,0.8094027042388916,0.9165564179420471,0.7760480642318726,0.904752254486084,0.912943959236145,0.9165564179420471,0.905871570110321,0.9165564179420471,0.2721579074859619,0.9079576730728149,0.821054220199585,0.9153861999511719,0.8943217992782593,0.916149377822876,0.3928462266921997,0.8093518018722534,0.9140124320983887,0.9286150336265564,0.9167599678039551,0.7741426825523376,0.9084664583206177,0.9233744144439697,0.891167163848877,0.8920321464538574,0.8796682357788086,0.9169634580612183,0.3633326590061188,0.4285641610622406,0.8958990573883057,0.9163020253181458,0.3930497467517853,0.8807876110076904,0.5,0.463417112827301,0.89386385679245,0.8428348898887634,0.9280553460121155,0.3935583531856537,0.8929480314254761,0.7869136333465576,0.8808385133743286,0.8991553783416748,nan,20.888635396957397,0.7617858052253723,-279.0290567868036,0.7861047387123108

221,0.6502165794372559,0.7884902358055115,0.7954477667808533,0.8094027042388916,0.8094027042388916,0.9165055751800537,0.7762006521224976,0.9044469594955444,0.9123333692550659,0.9165564179420471,0.9051083326339722,0.9165564179420471,0.2748545706272125,0.9078050255775452,0.8211560249328613,0.9153861999511719,0.8945761919021606,0.9160476326942444,0.3928462266921997,0.8093518018722534,0.9155387878417969,0.9286150336265564,0.9167090654373169,0.7740917801856995,0.909127950668335,0.9238322973251343,0.891777753829956,0.8922865390777588,0.8795156478881836,0.9170143604278564,0.3483754098415375,0.4285641610622406,0.8965096473693848,0.9164037704467773,0.3930497467517853,0.8807876110076904,0.5,0.46382415294647217,0.89386385679245,0.8386122584342957,0.9281570911407471,0.39360925555229187,0.8929480314254761,0.7874733209609985,0.8808385133743286,0.9009361863136292,nan,21.23324704170227,0.7653162479400635,-280.027794079164,0.7884902358055115

222,0.6484090089797974,0.7904781103134155,0.7952027320861816,0.8094027042388916,0.8094027042388916,0.9165055751800537,0.7763023972511292,0.9043960571289062,0.9114683866500854,0.9165564179420471,0.904904842376709,0.9165564179420471,0.27663537859916687,0.9078558683395386,0.8212068676948547,0.9153352975845337,0.8949323296546936,0.9160476326942444,0.3928462266921997,0.8093518018722534,0.9157931804656982,0.928564190864563,0.9167090654373169,0.774040937423706,0.9097384810447693,0.9247990250587463,0.8921339511871338,0.8925409317016602,0.8797191381454468,0.9170652627944946,0.3462386429309845,0.4285641610622406,0.8979342579841614,0.9164546728134155,0.3930497467517853,0.8807876110076904,0.5,0.46392592787742615,0.8940165042877197,0.8239094018936157,0.9282588958740234,0.39360925555229187,0.8929988741874695,0.7877277135848999,0.8808894157409668,0.9014450311660767,nan,21.26037883758545,0.7681285738945007,-280.9928494290298,0.7904781103134155
223,0.6467543244361877,0.7912732362747192,0.7947288751602173,0.8094027042388916,0.8094027042388916,0.9165564179420471,0.7764041423797607,0.9042942523956299,0.9103999137878418,0.9165564179420471,0.9043451547622681,0.9165564179420471,0.2778055965900421,0.9080085754394531,0.8212068676948547,0.9153861999511719,0.8953902721405029,0.9160476326942444,0.3928971290588379,0.8093518018722534,0.9162002801895142,0.928564190864563,0.9167090654373169,0.774040937423706,0.9098402261734009,0.9258166551589966,0.8922865390777588,0.8925918340682983,0.8796173930168152,0.9170652627944946,0.3441019058227539,0.4285641610622406,0.8997150659561157,0.9164546728134155,0.3930497467517853,0.8807876110076904,0.5,0.46397680044174194,0.8941690921783447,0.8004560470581055,0.928360641002655,0.39396539330482483,0.8929988741874695,0.7881346940994263,0.8808894157409668,0.9020047187805176,nan,20.93327784538269,0.7692936062812805,-281.9527231786493,0.7912732362747192
224,0.6451729536056519,0.792068362236023,0.7931166291236877,0.8094027042388916,0.8094027042388916,0.9165564179420471,0.7763532400131226,0.9042942523956299,0.9090261459350586,0.9165564179420471,0.9037854671478271,0.9165564179420471,0.2787723243236542,0.9081103205680847,0.8212068676948547,0.9153861999511719,0.8956955671310425,0.9160476326942444,0.3929480016231537,0.8093518018722534,0.9164037704467773,0.928564190864563,0.9167090654373169,0.774040937423706,0.9100437164306641,0.9274957180023193,0.8925918340682983,0.8926427364349365,0.8792612552642822,0.9170652627944946,0.3441019058227539,0.4285641610622406,0.9005800485610962,0.9165055751800537,0.3929988741874695,0.8807876110076904,0.5,0.46402767300605774,0.8942199945449829,0.7280099391937256,0.928360641002655,0.394016295671463,0.8929988741874695,0.7883382439613342,0.8808894157409668,0.9024626016616821,nan,20.799623250961304,0.7702065110206604,-282.9313032785167,0.792068362236023
225,0.6436218023300171,0.7924659848213196,0.790326714515686,0.8094027042388916,0.8094027042388916,0.9165564179420471,0.7765058875083923,0.9042942523956299,0.9076523780822754,0.9165564179420471,0.903022289276123,0.9165564179420471,0.28034961223602295,0.9081611633300781,0.8212068676948547,0.9154879450798035,0.8961025476455688,0.9159458875656128,0.3929988741874695,0.8093518018722534,0.9166073203086853,0.928564190864563,0.9167599678039551,0.774040937423706,0.9103999137878418,0.928564190864563,0.8926936388015747,0.8927444815635681,0.8791085481643677,0.9170652627944946,0.3441019058227539,0.4285641610622406,0.9014958739280701,0.9165055751800537,0.3929988741874695,0.8807876110076904,0.5,0.4641803205013275,0.8943217992782593,0.6042818427085876,0.9284114837646484,0.3941689133644104,0.8929988741874695,0.7885417938232422,0.8808894157409668,0.9029204845428467,nan,20.85933780670166,0.7705663442611694,-283.9320337591085,0.7924659848213196
226,0.6420729160308838,0.7931616902351379,0.7877921462059021,0.8094027042388916,0.8094027042388916,0.9165564179420471,0.7766076326370239,0.9042942523956299,0.9068382978439331,0.9165564179420471,0.9017502665519714,0.9165564179420471,0.28111281991004944,0.9083138704299927,0.8212068676948547,0.9155387878417969,0.8965604901313782,0.9159967303276062,0.3929988741874695,0.8093518018722534,0.9166073203086853,0.928564190864563,0.9168108701705933,0.774040937423706,0.9100437164306641,0.930243194103241,0.8927444815635681,0.8927953243255615,0.8782944679260254,0.9170652627944946,0.3419651389122009,0.4285641610622406,0.902259111404419,0.9165055751800537,0.3929988741874695,0.8809402585029602,0.5,0.4643329679965973,0.894627034664154,0.4976986348628998,0.9284114837646484,0.3920321464538574,0.8929988741874695,0.7886943817138672,0.8808894157409668,0.9031749367713928,nan,21.019084692001343,0.7714280486106873,-284.95858706713267,0.7931616902351379
227,0.6405336856842041,0.7944538593292236,0.786263108253479,0.8094027042388916,0.8094027042388916,0.9165564179420471,0.7768620252609253,0.9040907621383667,0.9060242176055908,0.9165564179420471,0.9001729488372803,0.9165564179420471,0.28177425265312195,0.9083138704299927,0.8212068676948547,0.9155387878417969,0.8966622352600098,0.9160476326942444,0.3930497467517853,0.8093518018722534,0.9166073203086853,0.928564190864563,0.9168108701705933,0.7739900350570679,0.9099928736686707,0.9310064315795898,0.8927444815635681,0.8927953243255615,0.8775312900543213,0.9170652627944946,0.33769163489341736,0.4285641610622406,0.9026152491569519,0.9165055751800537,0.3930497467517853,0.8809402585029602,0.5,0.4643329679965973,0.894983172416687,0.435987263917923,0.928564190864563,0.3920830488204956,0.8929988741874695,0.7893558740615845,0.8809402585029602,0.9033275842666626,nan,21.053943872451782,0.7730318903923035,-286.00842397993335,0.7944538593292236
228,0.6389628052711487,0.7967398762702942,0.7853939533233643,0.8094027042388916,0.8098605871200562,0.9165564179420471,0.7768111228942871,0.9040398597717285,0.9052101373672485,0.9165564179420471,0.8989518880844116,0.9165564179420471,0.28228306770324707,0.9083138704299927,0.8212577700614929,0.9155387878417969,0.8966622352600098,0.9159967303276062,0.3929988741874695,0.8093518018722534,0.9166073203086853,0.928564190864563,0.9168617129325867,0.7739391326904297,0.9096367359161377,0.9315152168273926,0.8927444815635681,0.8927953243255615,0.8767681121826172,0.9170143604278564,0.33555489778518677,0.4286150336265564,0.9031240344047546,0.9165564179420471,0.3929988741874695,0.8812455534934998,0.5,0.4642820656299591,0.8956446647644043,0.39966246485710144,0.928564190864563,0.3921339213848114,0.8931006193161011,0.7903225421905518,0.8808894157409668,0.9037854671478271,nan,20.922157526016235,0.7757314443588257,-287.10285396289663,0.7967398762702942
229,0.6372007131576538,0.8005168437957764,0.7856100797653198,0.8094027042388916,0.818001389503479,0.9165564179420471,0.7770655155181885,0.9038872718811035,0.9041925668716431,0.9165564179420471,0.8969675302505493,0.9165564179420471,0.28253746032714844,0.9083647131919861,0.8309758901596069,0.9155896902084351,0.8968149423599243,0.9157931804656982,0.3930497467517853,0.8093518018722534,0.9166073203086853,0.928564190864563,0.9170652627944946,0.7739391326904297,0.908720850944519,0.932380199432373,0.8927444815635681,0.8928462266921997,0.8756996393203735,0.9171669483184814,0.3334181308746338,0.4286150336265564,0.9034801721572876,0.9165564179420471,0.39310064911842346,0.8816016912460327,0.5,0.4643329679965973,0.8963060975074768,0.3937101364135742,0.928564190864563,0.3921847939491272,0.8931515216827393,0.7917981147766113,0.8808894157409668,0.9038872718811035,nan,20.817511796951294,0.7795350551605225,-288.2282617779591,0.8005168437957764

230,0.635362982749939,0.8031010627746582,0.7856701612472534,0.8094027042388916,0.8211051225662231,0.9165564179420471,0.7770146131515503,0.903734564781189,0.9031240344047546,0.9165564179420471,0.895186722278595,0.9165564179420471,0.2826392352581024,0.9086191058158875,0.8346901535987854,0.9154879450798035,0.8968149423599243,0.9156405925750732,0.3930497467517853,0.8093518018722534,0.9166073203086853,0.928564190864563,0.9172178506851196,0.7739391326904297,0.9076014757156372,0.9334486722946167,0.8927444815635681,0.8927953243255615,0.8744275569915771,0.9170652627944946,0.3334181308746338,0.4287168085575104,0.9036837220191956,0.9166073203086853,0.3930497467517853,0.88226318359375,0.5,0.4643329679965973,0.8969166278839111,0.3899454176425934,0.928564190864563,0.3921339213848114,0.8931006193161011,0.7942403554916382,0.8808894157409668,0.9039381742477417,nan,20.649441719055176,0.7815657258033752,-289.4056828541211,0.8031010627746582

231,0.6339897513389587,0.8054865598678589,0.7858273983001709,0.8094027042388916,0.8212068676948547,0.9165055751800537,0.7774724960327148,0.9030731916427612,0.902055561542511,0.9165564179420471,0.8939146995544434,0.9165055751800537,0.2826901078224182,0.9092296361923218,0.8450188636779785,0.9147756099700928,0.8963569402694702,0.9146738648414612,0.39315152168273926,0.8094027042388916,0.9166073203086853,0.9286150336265564,0.9175740480422974,0.7739900350570679,0.9063804149627686,0.9334486722946167,0.8928971290588379,0.8928971290588379,0.8733082413673401,0.9172687530517578,0.3334181308746338,0.42881855368614197,0.9038872718811035,0.9166073203086853,0.39325329661369324,0.8848580121994019,0.5,0.4643838405609131,0.8976290225982666,0.38872450590133667,0.928564190864563,0.3920830488204956,0.8933550119400024,0.7952579259872437,0.8808894157409668,0.9020557403564453,nan,20.76721954345703,0.7831032276153564,-290.5769503052862,0.8054865598678589
232,0.6333853602409363,0.8091641068458557,0.785879373550415,0.8094027042388916,0.8211560249328613,0.9165055751800537,0.7774216532707214,0.9028696417808533,0.900529146194458,0.9165055751800537,0.8924391865730286,0.9165055751800537,0.2821813225746155,0.9088226556777954,0.8451205492019653,0.9143685698509216,0.8952884674072266,0.9139615297317505,0.39315152168273926,0.8093518018722534,0.9165564179420471,0.928564190864563,0.9177775382995605,0.7739391326904297,0.9057189226150513,0.9327871799468994,0.8928462266921997,0.8928462266921997,0.8712221384048462,0.917319655418396,0.3334181308746338,0.42973440885543823,0.9041416645050049,0.9165055751800537,0.39325329661369324,0.8875547051429749,0.5,0.4642820656299591,0.898036003112793,0.39172622561454773,0.928564190864563,0.39396539330482483,0.893507719039917,0.7960211634635925,0.8809402585029602,0.9040907621383667,nan,21.03037405014038,0.7855217456817627,-291.81056648196005,0.8091641068458557
233,0.6301758289337158,0.8112513422966003,0.7857927083969116,0.8094027042388916,0.8211560249328613,0.9165055751800537,0.7775743007659912,0.9032766819000244,0.8990536332130432,0.9165055751800537,0.891167163848877,0.9165055751800537,0.2814689874649048,0.90928053855896,0.8451714515686035,0.9146738648414612,0.8947796821594238,0.9139615297317505,0.39310064911842346,0.8093518018722534,0.9165055751800537,0.928564190864563,0.9180828332901001,0.7739391326904297,0.9051592350006104,0.9327871799468994,0.8927953243255615,0.8928462266921997,0.8704589605331421,0.9175231456756592,0.3334181308746338,0.4315152168273926,0.9041416645050049,0.9166073203086853,0.39335504174232483,0.8893355131149292,0.5,0.4643838405609131,0.8982395529747009,0.3904544413089752,0.928564190864563,0.39126893877983093,0.8932024240493774,0.7960720062255859,0.8809402585029602,0.9040907621383667,nan,20.715887308120728,0.7870784997940063,-293.1178939572126,0.8112513422966003
234,0.6370261311531067,0.8071762323379517,0.7861648797988892,0.8093008995056152,0.8211560249328613,0.9163528680801392,0.7780321836471558,0.9029713869094849,0.8981886506080627,0.9162511825561523,0.8912689685821533,0.9163020253181458,0.2819778025150299,0.9099420309066772,0.8466470241546631,0.9137071371078491,0.894627034664154,0.9127404093742371,0.3928971290588379,0.8093518018722534,0.9164037704467773,0.928564190864563,0.9183881282806396,0.7744479179382324,0.9048030972480774,0.9324819445610046,0.8926936388015747,0.8927953243255615,0.8698992729187012,0.9180828332901001,0.3442036807537079,0.4363997280597687,0.9028696417808533,0.9165055751800537,0.3935585618019104,0.8903022408485413,0.5,0.4641294479370117,0.8987483382225037,0.3948296904563904,0.9284623861312866,0.3906075060367584,0.893507719039917,0.7962247133255005,0.8787017464637756,0.9039381742477417,nan,21.114136695861816,0.7835081219673157,-294.48588997738796,0.8071762323379517
235,1.2073137760162354,0.7138455510139465,0.7847837209701538,0.8044165968894958,0.8160170912742615,0.9084666967391968,0.7809320688247681,0.8935085535049438,0.9009872674942017,0.9082631468772888,0.8982906341552734,0.9059228897094727,0.34292730689048767,0.9037865400314331,0.8461890816688538,0.904294490814209,0.9000712633132935,0.8998174667358398,0.3989005386829376,0.8015166521072388,0.9095354080200195,0.9301923513412476,0.914928674697876,0.7743463516235352,0.9033786058425903,0.9308028817176819,0.8730555772781372,0.8899462819099426,0.8544334173202515,0.9167603850364685,0.40169286727905273,0.4424031376838684,0.8788054585456848,0.9114177227020264,0.3976289927959442,0.8787017464637756,0.5,0.4699806571006775,0.8935083150863647,0.40449586510658264,0.9279536008834839,0.4097871780395508,0.8914220333099365,0.7847259640693665,0.8494993448257446,0.87972092628479,nan,20.8524227142334,0.694452702999115,-285.53647445407233,0.7138455510139465
236,0.7488292455673218,0.780240535736084,0.786458432674408,0.8084359169006348,0.8191207647323608,0.9148774147033691,0.7791005373001099,0.9043960571289062,0.9008855223655701,0.9147756099700928,0.9002747535705566,0.9146230220794678,0.3153521716594696,0.9112648963928223,0.8441029787063599,0.9105527400970459,0.8962552547454834,0.9114174842834473,0.3962041437625885,0.8078762292861938,0.9150300025939941,0.9294291138648987,0.9172687530517578,0.7740411162376404,0.9032260179519653,0.9277501106262207,0.8823146820068359,0.8902004957199097,0.8691362142562866,0.9187951683998108,0.3724902272224426,0.4377225935459137,0.8956959247589111,0.9159967303276062,0.39722195267677307,0.8795156478881836,0.5,0.46804723143577576,0.8966622352600098,0.3946257531642914,0.9278009533882141,0.40261393785476685,0.8914726972579956,0.7875241637229919,0.8653724193572998,0.8957464098930359,nan,21.113056898117065,0.7620514035224915,-289.8423000070663,0.780240535736084
237,0.6486260890960693,0.8023059368133545,0.7860296368598938,0.8093518018722534,0.821054220199585,0.916149377822876,0.7783373594284058,0.9039890170097351,0.9015976190567017,0.9160984754562378,0.8954920172691345,0.9159967303276062,0.2841143310070038,0.9096876382827759,0.8453750014305115,0.914826512336731,0.8947287797927856,0.9138088822364807,0.3927444815635681,0.809453547000885,0.916149377822876,0.9296326637268066,0.9177775382995605,0.7749567627906799,0.905871570110321,0.9292255640029907,0.882925271987915,0.8902004957199097,0.8711203932762146,0.9183881282806396,0.3487315773963928,0.4398086965084076,0.9006817936897278,0.9162002801895142,0.3956955373287201,0.8809402585029602,0.5,0.4655032157897949,0.8977816104888916,0.3985430896282196,0.9284623861312866,0.3967125117778778,0.8929480314254761,0.7886435389518738,0.8785490989685059,0.8986465930938721,nan,20.960892915725708,0.7843840718269348,-292.05880180702405,0.8023059368133545
238,0.6475146412849426,0.8032998442649841,0.7860654592514038,0.8093518018722534,0.8211560249328613,0.9162002801895142,0.7779303789138794,0.9039381742477417,0.9022082090377808,0.9163020253181458,0.8955937623977661,0.916149377822876,0.2799425721168518,0.9100946187973022,0.8456802368164062,0.9145212173461914,0.8944743871688843,0.9127912521362305,0.3928971290588379,0.8093518018722534,0.916149377822876,0.9295308589935303,0.9175740480422974,0.7751094102859497,0.904752254486084,0.9297852516174316,0.8897933959960938,0.8905566334724426,0.8706624507904053,0.917319655418396,0.3591609299182892,0.44001221656799316,0.9012923240661621,0.9158949851989746,0.3951358497142792,0.8810420036315918,0.5,0.4650961756706238,0.900376558303833,0.38801199197769165,0.9284623861312866,0.39513540267944336,0.8930497169494629,0.7883382439613342,0.8785490989685059,0.8991044759750366,nan,20.776503801345825,0.7846340537071228,-292.20762484586214,0.8032998442649841
239,0.6335786581039429,0.8068780303001404,0.7855557799339294,0.8094027042388916,0.8212577700614929,0.9162511825561523,0.7786426544189453,0.9024626016616821,0.9010379314422607,0.9160476326942444,0.894627034664154,0.9160476326942444,0.27968817949295044,0.9107052087783813,0.8491401672363281,0.9135544896125793,0.8943217992782593,0.9113666415214539,0.3928971290588379,0.8093008995056152,0.9163528680801392,0.9290729761123657,0.9173704981803894,0.7748041152954102,0.9046504497528076,0.9291238784790039,0.8858760595321655,0.8910654187202454,0.8701027631759644,0.9169634580612183,0.3443054258823395,0.4406736493110657,0.9008344411849976,0.9162511825561523,0.39523762464523315,0.88109290599823,0.5,0.4650452733039856,0.9005800485610962,0.38816460967063904,0.928564190864563,0.3907092809677124,0.8929480314254761,0.7893049716949463,0.8808385133743286,0.8998677134513855,nan,21.374406576156616,0.7871270179748535,-293.75599084840286,0.8068780303001404
240,0.626510739326477,0.8113507628440857,0.78572678565979,0.8094027042388916,0.8212577700614929,0.9162511825561523,0.7779812812805176,0.9023608565330505,0.9012923240661621,0.9162002801895142,0.8948814868927002,0.9162002801895142,0.2792302668094635,0.9101964235305786,0.856110692024231,0.9138088822364807,0.8939146995544434,0.9121298789978027,0.39310064911842346,0.8093008995056152,0.9165564179420471,0.9289711713790894,0.9175740480422974,0.7745497226715088,0.9045995473861694,0.9294291138648987,0.8907092809677124,0.8915742635726929,0.869848370552063,0.9170652627944946,0.3420669138431549,0.4404701292514801,0.9016485214233398,0.9164037704467773,0.3944235146045685,0.8810420036315918,0.5,0.4648417532444,0.9011397361755371,0.38399288058280945,0.9285132884979248,0.3906583786010742,0.8929988741874695,0.790017306804657,0.8808894157409668,0.900529146194458,nan,20.618537187576294,0.7921673059463501,-294.9942368155812,0.8113507628440857

241,0.623588502407074,0.8128416538238525,0.7858158349990845,0.8094027042388916,0.8212577700614929,0.9163020253181458,0.7781338691711426,0.9021064043045044,0.9004274010658264,0.9164546728134155,0.8934568166732788,0.9163020253181458,0.2786197066307068,0.9099928736686707,0.8569247722625732,0.9143177270889282,0.8938129544258118,0.9116210341453552,0.39310064911842346,0.8093008995056152,0.9166073203086853,0.9289711713790894,0.9177266359329224,0.774600625038147,0.9047013521194458,0.9301923513412476,0.8915233612060547,0.8919812440872192,0.8696448802947998,0.9171669483184814,0.3419651389122009,0.4404701292514801,0.902259111404419,0.9164546728134155,0.3941691219806671,0.8814491033554077,0.5,0.46474000811576843,0.9014958739280701,0.3842472732067108,0.9285132884979248,0.3906075060367584,0.8929988741874695,0.7917981147766113,0.8808894157409668,0.9013432264328003,nan,21.353182554244995,0.7931918501853943,-295.8445786852543,0.8128416538238525
242,0.6213746666908264,0.8123446702957153,0.7858331203460693,0.809453547000885,0.8213086128234863,0.9163020253181458,0.7780830264091492,0.9017502665519714,0.9001729488372803,0.9165055751800537,0.8932533264160156,0.9163020253181458,0.2785179316997528,0.9099928736686707,0.8570265769958496,0.91426682472229,0.8939656019210815,0.9116210341453552,0.39310064911842346,0.8093518018722534,0.9166073203086853,0.9290220737457275,0.9180319309234619,0.7745497226715088,0.9046504497528076,0.9309555292129517,0.8918795585632324,0.8921847939491272,0.8695430755615234,0.9170652627944946,0.33769163489341736,0.4404701292514801,0.9026660919189453,0.9165055751800537,0.3942199945449829,0.8819069862365723,0.5,0.464943528175354,0.9015467166900635,0.3844507932662964,0.928564190864563,0.3906583786010742,0.8929988741874695,0.794036865234375,0.8808894157409668,0.9019029140472412,nan,21.108788013458252,0.7918655872344971,-296.6195031353665,0.8123446702957153
243,0.6215506792068481,0.8113507628440857,0.785967230796814,0.809453547000885,0.8239544034004211,0.9162002801895142,0.7785409092903137,0.9008853435516357,0.8999694585800171,0.9163528680801392,0.8932024240493774,0.9162002801895142,0.2784161865711212,0.9103490114212036,0.8570265769958496,0.9134527444839478,0.893660306930542,0.9099928736686707,0.3930497467517853,0.809249997138977,0.9165564179420471,0.9291238784790039,0.9182863235473633,0.7747023105621338,0.9048539400100708,0.9304976463317871,0.8913707137107849,0.8918795585632324,0.8697974681854248,0.917472243309021,0.3420669138431549,0.4405719041824341,0.9026660919189453,0.9164037704467773,0.3942708969116211,0.8827210664749146,0.5,0.46519792079925537,0.901852011680603,0.3849087357521057,0.928564190864563,0.39040398597717285,0.8929988741874695,0.7952070832252502,0.8808894157409668,0.9014958739280701,nan,20.8429856300354,0.7905193567276001,-297.403404758318,0.8113507628440857
244,0.6264917254447937,0.8104562163352966,0.7865023612976074,0.8093008995056152,0.8331637382507324,0.9141652584075928,0.7774724960327148,0.9023099541664124,0.9004274010658264,0.9160984754562378,0.8953393697738647,0.9163020253181458,0.2805529534816742,0.9101455211639404,0.857433557510376,0.9138597846031189,0.8939656019210815,0.9115192890167236,0.3929988741874695,0.809097409248352,0.9164037704467773,0.9290729761123657,0.9192531108856201,0.7744479179382324,0.9048030972480774,0.931057333946228,0.8914215564727783,0.8920321464538574,0.8700010180473328,0.9178793430328369,0.34857892990112305,0.4404701292514801,0.9030731916427612,0.916149377822876,0.3942708969116211,0.8836877942085266,0.5,0.46601200103759766,0.902411699295044,0.383942186832428,0.9285132884979248,0.38953903317451477,0.8931006193161011,0.7954614758491516,0.8808385133743286,0.9015976190567017,nan,21.155686140060425,0.789788007736206,-298.04407957649744,0.8104562163352966
245,0.7526648640632629,0.784613847732544,0.7873032093048096,0.80696040391922,0.8346901535987854,0.914419412612915,0.7810846567153931,0.8982908725738525,0.9001731872558594,0.9140633344650269,0.8958486318588257,0.9141141772270203,0.3091960847377777,0.9112142324447632,0.8586547374725342,0.9115192890167236,0.8966113328933716,0.9095858335494995,0.3949832022190094,0.8081815242767334,0.9137582182884216,0.9307520389556885,0.9191513061523438,0.7765849232673645,0.9060242176055908,0.931769609451294,0.8864357471466064,0.8915233612060547,0.8662363290786743,0.9210338592529297,0.3732025623321533,0.4406736493110657,0.8927963972091675,0.9164037704467773,0.3950341045856476,0.8830263614654541,0.5,0.47160884737968445,0.8990027904510498,0.39503321051597595,0.9284623861312866,0.39228612184524536,0.8953393697738647,0.793833315372467,0.8637444972991943,0.8998677134513855,nan,20.977473258972168,0.7666111588478088,-296.0873896283452,0.784613847732544
246,0.74942946434021,0.7765629887580872,0.7871403098106384,0.8047725558280945,0.840694010257721,0.9143177270889282,0.7803723812103271,0.8978325128555298,0.8982906341552734,0.9143685698509216,0.8949325084686279,0.9139106273651123,0.30436334013938904,0.9127404093742371,0.8589600324630737,0.9070420265197754,0.8966113328933716,0.9039382934570312,0.39396560192108154,0.8087412118911743,0.9155387878417969,0.9304976463317871,0.9161498546600342,0.7763813734054565,0.9045995473861694,0.9320749044418335,0.8822640180587769,0.8919812440872192,0.8566207885742188,0.9190495610237122,0.3863283395767212,0.4411315619945526,0.8928979635238647,0.9156914949417114,0.3962043225765228,0.884756326675415,0.5,0.4727790653705597,0.8997150659561157,0.39757680892944336,0.9284114837646484,0.39238789677619934,0.8944743871688843,0.7945965528488159,0.8718844652175903,0.8960009813308716,nan,21.052333116531372,0.7568020224571228,-293.49413501954484,0.7765629887580872
247,0.6453617811203003,0.8043931722640991,0.7885236740112305,0.8064007759094238,0.8417116403579712,0.9153352975845337,0.7786426544189453,0.8985450267791748,0.8995625972747803,0.9152335524559021,0.8956955671310425,0.9152335524559021,0.2834022343158722,0.9103999137878418,0.8591635227203369,0.9110106825828552,0.8949323296546936,0.9100437164306641,0.3927444815635681,0.8086394667625427,0.916149377822876,0.9291238784790039,0.9231199622154236,0.837997317314148,0.9040907621383667,0.9307520389556885,0.8866901397705078,0.891777753829956,0.8671519160270691,0.9179301857948303,0.3731516897678375,0.4403174817562103,0.9019029140472412,0.9163528680801392,0.3949323296546936,0.8849598169326782,0.5,0.4691157042980194,0.9003256559371948,0.3905561864376068,0.9280045032501221,0.38826701045036316,0.8934568166732788,0.7957667708396912,0.8786509037017822,0.899562418460846,nan,20.995468854904175,0.7836807370185852,-297.5826254767791,0.8043931722640991
248,0.6263759136199951,0.8104562163352966,0.7894367575645447,0.8047217130661011,0.8451714515686035,0.9158440828323364,0.7797110080718994,0.898952066898346,0.901852011680603,0.9159967303276062,0.8934568166732788,0.9157931804656982,0.28095999360084534,0.9111630916595459,0.8598758578300476,0.914419412612915,0.8945761919021606,0.9110105037689209,0.3927444815635681,0.8089956045150757,0.9165564179420471,0.9293782711029053,0.9239341020584106,0.8707642555236816,0.904548704624176,0.9311590194702148,0.8917268514633179,0.8920830488204956,0.869848370552063,0.9178793430328369,0.3509191870689392,0.4405719041824341,0.9028187990188599,0.9164546728134155,0.3955428898334503,0.8897933959960938,0.5,0.4662155210971832,0.9006817936897278,0.3907597064971924,0.928360641002655,0.389284610748291,0.893507719039917,0.7965808510780334,0.8807876110076904,0.9018011689186096,nan,21.010382890701294,0.7886895537376404,-298.5316085064699,0.8104562163352966
249,0.6178971529006958,0.811648964881897,0.7891709208488464,0.8044673204421997,0.8457311391830444,0.9162511825561523,0.7805758714675903,0.8994097709655762,0.8996641635894775,0.916149377822876,0.8903022408485413,0.9162002801895142,0.27887409925460815,0.9116719365119934,0.8608425855636597,0.9146738648414612,0.8941690921783447,0.9090770483016968,0.3929480016231537,0.8093008995056152,0.9166073203086853,0.9293782711029053,0.9246972799301147,0.8705607056617737,0.9046504497528076,0.9316169619560242,0.8918286561965942,0.8919304013252258,0.8696448802947998,0.9181846380233765,0.3400827944278717,0.4405210018157959,0.9032766819000244,0.9165055751800537,0.3954411447048187,0.8914724588394165,0.5,0.46519792079925537,0.9012923240661621,0.3912685215473175,0.9284623861312866,0.38908109068870544,0.8934568166732788,0.7969878911972046,0.8808894157409668,0.902411699295044,nan,20.94968008995056,0.7881654500961304,-299.76365843161403,0.811648964881897
250,0.614996612071991,0.8124440908432007,0.7893165349960327,0.8048234581947327,0.8476645946502686,0.9164546728134155,0.7808302640914917,0.8987992405891418,0.9000203609466553,0.9163528680801392,0.8902513384819031,0.9163528680801392,0.27882322669029236,0.9119771718978882,0.862419843673706,0.9150809049606323,0.8941690921783447,0.9086191058158875,0.3930497467517853,0.809453547000885,0.9166073203086853,0.9293273687362671,0.9254095554351807,0.8707642555236816,0.9044469594955444,0.9323292970657349,0.8920321464538574,0.8921847939491272,0.8695430755615234,0.9180319309234619,0.3399301767349243,0.4404701292514801,0.9036328792572021,0.9166073203086853,0.39528849720954895,0.8919304013252258,0.5,0.46545231342315674,0.9013432264328003,0.39020025730133057,0.928564190864563,0.3888775706291199,0.8936094045639038,0.7971405386924744,0.8808894157409668,0.9024626016616821,nan,21.30837368965149,0.7890681624412537,-300.63892382928975,0.8124440908432007

251,0.6128218173980713,0.8122453093528748,0.7894749045372009,0.8050270080566406,0.8554492592811584,0.9164546728134155,0.7809320688247681,0.89767986536026,0.8999185562133789,0.9164546728134155,0.8901495933532715,0.9164546728134155,0.27892497181892395,0.9118245840072632,0.8644551038742065,0.9146738648414612,0.8941182494163513,0.9077541828155518,0.3929480016231537,0.8094027042388916,0.9166073203086853,0.9292255640029907,0.926223635673523,0.8707642555236816,0.9045995473861694,0.9332451820373535,0.892337441444397,0.8923883438110352,0.8695430755615234,0.9178284406661987,0.33560577034950256,0.4404701292514801,0.9037854671478271,0.9165055751800537,0.39533936977386475,0.8921847939491272,0.5,0.4655032157897949,0.9018011689186096,0.39096346497535706,0.928564190864563,0.3887758255004883,0.893507719039917,0.7970896363258362,0.8808894157409668,0.9029204845428467,nan,21.01672625541687,0.7881988883018494,-301.490214185655,0.8122453093528748
252,0.615173876285553,0.8111519813537598,0.7893038988113403,0.8054848909378052,0.8567212820053101,0.9164546728134155,0.7810337543487549,0.8962043523788452,0.8979342579841614,0.9163528680801392,0.8890811204910278,0.9164037704467773,0.2801460921764374,0.9120789766311646,0.8666937947273254,0.9145721197128296,0.89386385679245,0.9035822153091431,0.39310064911842346,0.8095552921295166,0.9166073203086853,0.9290729761123657,0.9262745380401611,0.8705607056617737,0.904752254486084,0.9325836896896362,0.8916760087013245,0.8920321464538574,0.8695430755615234,0.9185916185379028,0.33560577034950256,0.4405719041824341,0.9034801721572876,0.9163528680801392,0.39528849720954895,0.8925918340682983,0.5,0.46667346358299255,0.901852011680603,0.3886231780052185,0.9284623861312866,0.3886231780052185,0.8932533264160156,0.7968352437019348,0.8809911608695984,0.901699423789978,nan,20.988651990890503,0.7877464890480042,-302.2109286186295,0.8111519813537598
253,0.6132892370223999,0.8129410743713379,0.7895569801330566,0.8055866360664368,0.8570774793624878,0.9165055751800537,0.7805758714675903,0.8966622352600098,0.8983412981033325,0.9165564179420471,0.8881143927574158,0.9165055751800537,0.2805022597312927,0.9117227792739868,0.867965817451477,0.9138088822364807,0.8942199945449829,0.9068892002105713,0.39335504174232483,0.8095552921295166,0.9165564179420471,0.9293273687362671,0.9259184002876282,0.8704589605331421,0.904904842376709,0.9322783946990967,0.8920321464538574,0.8922865390777588,0.8698992729187012,0.9175231456756592,0.33774250745773315,0.4405210018157959,0.9041416645050049,0.9166073203086853,0.3955937623977661,0.8925918340682983,0.5,0.46875953674316406,0.9014450311660767,0.391421377658844,0.928564190864563,0.38913199305534363,0.8933550119400024,0.797242283821106,0.8808894157409668,0.8997661471366882,nan,20.786450624465942,0.7891458868980408,-302.6791623829018,0.8129410743713379
254,0.610471785068512,0.8129410743713379,0.7896297574043274,0.8048234581947327,0.8571283221244812,0.9164546728134155,0.7806267738342285,0.8965604901313782,0.8986465930938721,0.9164546728134155,0.8876055479049683,0.9164037704467773,0.2813672125339508,0.9119771718978882,0.8688308000564575,0.9155387878417969,0.8937621116638184,0.9071435928344727,0.39335504174232483,0.8094027042388916,0.9166581630706787,0.9291238784790039,0.9269360303878784,0.8704589605331421,0.9046504497528076,0.932736337184906,0.8923883438110352,0.8924391865730286,0.8697466254234314,0.9175740480422974,0.33351990580558777,0.4404701292514801,0.9040907621383667,0.9167090654373169,0.39533936977386475,0.8926427364349365,0.5,0.46819984912872314,0.9020047187805176,0.3927442729473114,0.928564190864563,0.3886740505695343,0.893304169178009,0.7973440885543823,0.8809402585029602,0.9028187990188599,nan,20.964354038238525,0.7884737849235535,-303.8782095234693,0.8129410743713379
255,0.6082519888877869,0.8137362003326416,0.7895488739013672,0.8040602207183838,0.8571283221244812,0.9165564179420471,0.7808302640914917,0.8945761919021606,0.8979851007461548,0.9164546728134155,0.8864861726760864,0.9165564179420471,0.2834024429321289,0.9119771718978882,0.8690851926803589,0.9150809049606323,0.8935585618019104,0.904904842376709,0.3936603367328644,0.809453547000885,0.9166581630706787,0.9291747212409973,0.9275974035263062,0.8701536655426025,0.9047013521194458,0.9334995746612549,0.8923883438110352,0.8924900889396667,0.8694921731948853,0.9177266359329224,0.3334181308746338,0.4404701292514801,0.9042434096336365,0.9166581630706787,0.39539024233818054,0.8926936388015747,0.5,0.4679454565048218,0.9026660919189453,0.39116719365119934,0.928564190864563,0.3886231780052185,0.893660306930542,0.7971913814544678,0.8809402585029602,0.9033784866333008,nan,20.852123260498047,0.7893486618995667,-304.6836810106786,0.8137362003326416
256,0.6062941551208496,0.8145313858985901,0.789803147315979,0.8055357933044434,0.8571283221244812,0.9165564179420471,0.7815425395965576,0.8949323296546936,0.8983412981033325,0.9165564179420471,0.8862826824188232,0.9165564179420471,0.2856411635875702,0.9124860167503357,0.8690342903137207,0.9153861999511719,0.893660306930542,0.9061768651008606,0.39376208186149597,0.8095043897628784,0.9166073203086853,0.9290729761123657,0.9280045032501221,0.8702045679092407,0.9047013521194458,0.9350259304046631,0.8925918340682983,0.8926936388015747,0.8693395853042603,0.9178793430328369,0.3334690034389496,0.4404701292514801,0.9044469594955444,0.9166581630706787,0.3954411447048187,0.8926936388015747,0.5,0.4686068892478943,0.9025135040283203,0.3913707137107849,0.928564190864563,0.3886740505695343,0.8937621116638184,0.7971913814544678,0.8809402585029602,0.9038363695144653,nan,20.784276962280273,0.790529727935791,-305.51412222843004,0.8145313858985901
257,0.604684591293335,0.8148295283317566,0.7899267673492432,0.8063498735427856,0.8571283221244812,0.9165564179420471,0.7815934419631958,0.8944743871688843,0.8987483382225037,0.9165564179420471,0.8858756422996521,0.9165564179420471,0.2877272665500641,0.9124860167503357,0.8690342903137207,0.9154371023178101,0.893660306930542,0.906075119972229,0.39401647448539734,0.8095043897628784,0.9166073203086853,0.9290729761123657,0.9280553460121155,0.8701536655426025,0.9047013521194458,0.9357382655143738,0.8926936388015747,0.8927444815635681,0.8692886829376221,0.9180319309234619,0.33362165093421936,0.4404701292514801,0.904548704624176,0.9166073203086853,0.3954411447048187,0.8926936388015747,0.5,0.4696753919124603,0.9027169942855835,0.3915742337703705,0.928564190864563,0.38836878538131714,0.89386385679245,0.797242283821106,0.8809402585029602,0.9040907621383667,nan,20.93927836418152,0.7909260392189026,-306.3652736617182,0.8148295283317566
258,0.6032379865646362,0.8149289488792419,0.7900354862213135,0.8071130514144897,0.8570774793624878,0.9165564179420471,0.7816442847251892,0.8941690921783447,0.8988500833511353,0.9165564179420471,0.8856720924377441,0.9165564179420471,0.2883886992931366,0.9126386642456055,0.8690342903137207,0.9155896902084351,0.8934568166732788,0.9059224724769592,0.3941691219806671,0.8095552921295166,0.9166073203086853,0.9290220737457275,0.9282079935073853,0.8702045679092407,0.9047013521194458,0.9368067979812622,0.8927444815635681,0.8927953243255615,0.8693395853042603,0.9180319309234619,0.3339778184890747,0.4404701292514801,0.9045995473861694,0.9166073203086853,0.3955428898334503,0.8926936388015747,0.5,0.47099825739860535,0.9027169942855835,0.39172688126564026,0.928564190864563,0.38821613788604736,0.8940674066543579,0.7972931861877441,0.8809402585029602,0.9042434096336365,nan,21.185288190841675,0.7911576628684998,-307.25251296680096,0.8149289488792419
259,0.601922869682312,0.8149289488792419,0.7901475429534912,0.8074692487716675,0.8571791648864746,0.9165564179420471,0.7818986177444458,0.8929988741874695,0.8989518880844116,0.9165564179420471,0.8852142095565796,0.9165564179420471,0.28930455446243286,0.9127912521362305,0.8690342903137207,0.9157423377037048,0.8934059143066406,0.9055154323577881,0.3943217694759369,0.8095552921295166,0.9166073203086853,0.9291238784790039,0.9282588958740234,0.8702045679092407,0.9047013521194458,0.9374681711196899,0.8927953243255615,0.8927953243255615,0.8693395853042603,0.9181337356567383,0.3353515863418579,0.4404701292514801,0.9045995473861694,0.9166073203086853,0.3955937623977661,0.8926936388015747,0.5,0.47293171286582947,0.903022289276123,0.39187952876091003,0.928564190864563,0.3880126178264618,0.8941182494163513,0.7972931861877441,0.8809402585029602,0.9044469594955444,nan,20.852811336517334,0.7911576628684998,-308.18324732801784,0.8149289488792419
260,0.600672721862793,0.814730167388916,0.7902920246124268,0.8075709342956543,0.8578406572341919,0.9165564179420471,0.7821021676063538,0.8922356367111206,0.8991044759750366,0.9165564179420471,0.8850615620613098,0.9165564179420471,0.2898133397102356,0.9127912521362305,0.8690342903137207,0.9157931804656982,0.8933550119400024,0.9048539400100708,0.39467793703079224,0.8095552921295166,0.9166073203086853,0.9291238784790039,0.9284114837646484,0.8701027631759644,0.904752254486084,0.9381805658340454,0.8927953243255615,0.8927953243255615,0.8693904876708984,0.9181337356567383,0.3381499946117401,0.4404701292514801,0.9047013521194458,0.9166581630706787,0.3955937623977661,0.8926936388015747,0.5,0.4742037355899811,0.903581976890564,0.3921847939491272,0.928564190864563,0.38770732283592224,0.8944234848022461,0.7972931861877441,0.8809402585029602,0.9044469594955444,nan,20.652592182159424,0.7907669544219971,-309.1657743720337,0.814730167388916

261,0.5994678139686584,0.8148295283317566,0.7904826998710632,0.8076727390289307,0.8593670129776001,0.9165564179420471,0.7823056578636169,0.8915233612060547,0.8994606733322144,0.9165564179420471,0.884756326675415,0.9165564179420471,0.28996598720550537,0.9128930568695068,0.8689833879470825,0.9158949851989746,0.893304169178009,0.9046504497528076,0.39528849720954895,0.809809684753418,0.9166073203086853,0.9291238784790039,0.9284623861312866,0.8701027631759644,0.9048030972480774,0.9388419389724731,0.8928462266921997,0.8928462266921997,0.8693904876708984,0.9180828332901001,0.3447135388851166,0.4404701292514801,0.904752254486084,0.9166581630706787,0.39594992995262146,0.8926936388015747,0.5,0.47511956095695496,0.9034293293952942,0.39243918657302856,0.928564190864563,0.3874529302120209,0.8943726420402527,0.7972931861877441,0.8809402585029602,0.9023101329803467,nan,20.86409306526184,0.7909624576568604,-310.1260222797187,0.8148295283317566
262,0.5983562469482422,0.8150283098220825,0.7907843589782715,0.807927131652832,0.8618093132972717,0.9165055751800537,0.7824074029922485,0.8911163210868835,0.8997150659561157,0.9165055751800537,0.8843492269515991,0.9165055751800537,0.29001685976982117,0.9127912521362305,0.8690342903137207,0.9160476326942444,0.8932024240493774,0.9044469594955444,0.39742547273635864,0.8101658821105957,0.9166073203086853,0.9293782711029053,0.9285132884979248,0.8700518608093262,0.9048030972480774,0.9390454888343811,0.8927953243255615,0.8928462266921997,0.8693904876708984,0.9181846380233765,0.3500559628009796,0.4404701292514801,0.9048030972480774,0.9166581630706787,0.39589905738830566,0.8926936388015747,0.5,0.47583189606666565,0.9039890170097351,0.392337441444397,0.928564190864563,0.3866897225379944,0.8947287797927856,0.7973949313163757,0.8808894157409668,0.9044469594955444,nan,20.829955339431763,0.7915102243423462,-311.1902334723033,0.8150283098220825
263,0.5970082879066467,0.8150283098220825,0.7910247445106506,0.8076727390289307,0.8644042015075684,0.9165564179420471,0.7825091481208801,0.890607476234436,0.9000203609466553,0.9165564179420471,0.8839930891990662,0.9165055751800537,0.29006773233413696,0.9128930568695068,0.8689833879470825,0.9160984754562378,0.8931006193161011,0.9041416645050049,0.4007326662540436,0.8101658821105957,0.9166073203086853,0.9292764663696289,0.9285132884979248,0.8701027631759644,0.9048030972480774,0.9395543336868286,0.8928971290588379,0.8928971290588379,0.8693904876708984,0.9181846380233765,0.35402461886405945,0.4404701292514801,0.9048030972480774,0.9166581630706787,0.396255224943161,0.8926936388015747,0.5,0.4760354161262512,0.9040907621383667,0.39259183406829834,0.928564190864563,0.3864862024784088,0.8950340747833252,0.7972931861877441,0.8809402585029602,0.9044469594955444,nan,20.95344042778015,0.7913772463798523,-312.2253112459311,0.8150283098220825
264,0.5958225131034851,0.8152270913124084,0.791195809841156,0.8081306219100952,0.8668464422225952,0.9165564179420471,0.7824583053588867,0.8898952007293701,0.9004782438278198,0.9165564179420471,0.8838404417037964,0.9165055751800537,0.29006773233413696,0.9128930568695068,0.8690342903137207,0.9163020253181458,0.8929988741874695,0.9042942523956299,0.4026661217212677,0.8105729222297668,0.9166073203086853,0.9294800162315369,0.9285132884979248,0.8698992729187012,0.9048539400100708,0.9396560192108154,0.8928462266921997,0.8928462266921997,0.8693395853042603,0.9183372259140015,0.355754554271698,0.4404701292514801,0.9048539400100708,0.9166581630706787,0.3964078426361084,0.8926936388015747,0.5,0.4762389361858368,0.9041416645050049,0.3926936089992523,0.928564190864563,0.3859774172306061,0.8954411745071411,0.7973440885543823,0.8808894157409668,0.904548704624176,nan,21.288500547409058,0.7918892502784729,-313.3746929618002,0.8152270913124084
265,0.5948053598403931,0.815823495388031,0.7912397384643555,0.8080289363861084,0.8684746026992798,0.9165055751800537,0.7829161882400513,0.8893355131149292,0.9006817936897278,0.9165055751800537,0.8838913440704346,0.9164037704467773,0.29006773233413696,0.9132492542266846,0.8689833879470825,0.9162002801895142,0.8931515216827393,0.9040398597717285,0.4033784568309784,0.810979962348938,0.9166581630706787,0.9291747212409973,0.9285132884979248,0.8701027631759644,0.9048539400100708,0.9397578239440918,0.8928971290588379,0.8928971290588379,0.8693904876708984,0.9182863235473633,0.35672128200531006,0.4404701292514801,0.9048030972480774,0.9166581630706787,0.39722195267677307,0.8926936388015747,0.5,0.4762389361858368,0.9042434096336365,0.3926936089992523,0.928564190864563,0.38557037711143494,0.8955937623977661,0.797242283821106,0.8809402585029602,0.9021575450897217,nan,20.85829496383667,0.7931144833564758,-314.43440661379645,0.815823495388031

266,0.5942773222923279,0.8160222768783569,0.7913321852684021,0.8080289363861084,0.8689833879470825,0.9165055751800537,0.7825091481208801,0.8886740207672119,0.9012414813041687,0.9165055751800537,0.8834842443466187,0.9164546728134155,0.29016950726509094,0.91309654712677,0.8690342903137207,0.9162511825561523,0.8931515216827393,0.9038363695144653,0.40378549695014954,0.8124046325683594,0.9166073203086853,0.9294291138648987,0.9285132884979248,0.869848370552063,0.9048030972480774,0.9398595690727234,0.8928462266921997,0.8928971290588379,0.8694413304328918,0.9182354807853699,0.3569756746292114,0.4404701292514801,0.9048030972480774,0.9166581630706787,0.39671313762664795,0.8926936388015747,0.5,0.4762389361858368,0.904548704624176,0.3927953541278839,0.928564190864563,0.38485804200172424,0.8964078426361084,0.7974457740783691,0.8808894157409668,0.9044978022575378,nan,21.218458652496338,0.7935062050819397,-315.7726691401203,0.8160222768783569
267,0.5931191444396973,0.8156247138977051,0.7913945913314819,0.8073165416717529,0.8690342903137207,0.9165055751800537,0.7832213640213013,0.8882161378860474,0.902055561542511,0.9165055751800537,0.8832298517227173,0.9164546728134155,0.29027125239372253,0.9136053323745728,0.8690342903137207,0.9163020253181458,0.8930497169494629,0.9038872718811035,0.40368372201919556,0.8151012659072876,0.9166073203086853,0.9293782711029053,0.9285132884979248,0.8702045679092407,0.9048539400100708,0.9401139616966248,0.8928462266921997,0.8928462266921997,0.8692377805709839,0.9187951683998108,0.3570265471935272,0.4404701292514801,0.9047013521194458,0.9166581630706787,0.3970184326171875,0.8926936388015747,0.5,0.4762389361858368,0.9050066471099854,0.3927444815635681,0.928564190864563,0.38414570689201355,0.8971201777458191,0.7973440885543823,0.878752589225769,0.9045995473861694,nan,20.935641527175903,0.7930303812026978,-316.9575871364365,0.8156247138977051
268,0.7749929428100586,0.7868005037307739,0.790668785572052,0.8031952381134033,0.8685764074325562,0.9118247628211975,0.7806776762008667,0.8912180662155151,0.9005802273750305,0.9121809005737305,0.8864355087280273,0.9138088822364807,0.302125483751297,0.9122315645217896,0.870815098285675,0.9130457043647766,0.8941182494163513,0.8996646404266357,0.40383636951446533,0.8137784004211426,0.912079393863678,0.930039644241333,0.9215433597564697,0.8665924668312073,0.9040398597717285,0.9362979531288147,0.8865883946418762,0.8916760087013245,0.8608434200286865,0.9181337356567383,0.40958017110824585,0.4411315619945526,0.8915246725082397,0.914368748664856,0.39722195267677307,0.8912689685821533,0.5,0.4760354161262512,0.906431257724762,0.39254096150398254,0.9286658763885498,0.3838913142681122,0.896255373954773,0.7944440841674805,0.8619129657745361,0.9010888338088989,nan,20.99105405807495,0.7679077982902527,-314.4313111892456,0.7868005037307739
269,0.7964867949485779,0.765331506729126,0.7911911606788635,0.8012109398841858,0.8650147914886475,0.9127912521362305,0.7817460298538208,0.8957977294921875,0.9069911241531372,0.9144703149795532,0.8974254727363586,0.9126895666122437,0.32084834575653076,0.9117227792739868,0.8687801361083984,0.9096877574920654,0.8965604901313782,0.9044473767280579,0.4061257839202881,0.8083343505859375,0.9159967303276062,0.9324819445610046,0.9279026985168457,0.872901201248169,0.9051083326339722,0.9346189498901367,0.8834340572357178,0.8893865942955017,0.8503631949424744,0.9199144840240479,0.38602349162101746,0.4431159198284149,0.8885231614112854,0.9160476326942444,0.39869725704193115,0.890811026096344,0.5,0.47863030433654785,0.902564525604248,0.4001723527908325,0.928564190864563,0.39640676975250244,0.8965606689453125,0.7929176688194275,0.8533151149749756,0.896102786064148,nan,20.943567991256714,0.7461087107658386,-310.5898071082801,0.765331506729126
270,0.7399559617042542,0.786601722240448,0.7913714647293091,0.7992266416549683,0.8642515540122986,0.9121300578117371,0.7818477749824524,0.8952887058258057,0.907397985458374,0.914979100227356,0.8966622352600098,0.91426682472229,0.31606602668762207,0.9112648963928223,0.8708659410476685,0.9138597846031189,0.8953902721405029,0.9073470830917358,0.402055561542511,0.8104202747344971,0.9156914949417114,0.9315661191940308,0.9266815781593323,0.8697977066040039,0.904904842376709,0.9342118501663208,0.8794149160385132,0.8913198709487915,0.8700010180473328,0.9163531064987183,0.3748307228088379,0.44148772954940796,0.901038408279419,0.9160984754562378,0.39727282524108887,0.8912180662155151,0.5,0.47776535153388977,0.9064821004867554,0.3927953541278839,0.9285132884979248,0.38811418414115906,0.8971710205078125,0.7951053380966187,0.863642692565918,0.8977307081222534,nan,21.010521411895752,0.766729474067688,-311.3984555539335,0.786601722240448

271,0.6479693651199341,0.8068780303001404,0.7908976078033447,0.7992775440216064,0.8662358522415161,0.9156914949417114,0.7807793617248535,0.8924900889396667,0.9049557447433472,0.9155896902084351,0.8913198709487915,0.9154879450798035,0.30700933933258057,0.9112139940261841,0.8706624507904053,0.912689745426178,0.8926937580108643,0.9047013521194458,0.4025134742259979,0.8122010827064514,0.914012610912323,0.9314643144607544,0.9283097982406616,0.8712730407714844,0.9055154323577881,0.9358909130096436,0.8886233568191528,0.8916251063346863,0.8682204484939575,0.9200671911239624,0.3476632833480835,0.44133511185646057,0.9044469594955444,0.916149377822876,0.3963569700717926,0.8920321464538574,0.5,0.4770530164241791,0.906075119972229,0.39193040132522583,0.9283097982406616,0.3843492567539215,0.8964078426361084,0.7957667708396912,0.8744791150093079,0.8989009857177734,nan,20.936078310012817,0.788922131061554,-314.169000372144,0.8068780303001404
272,0.6159157156944275,0.8126428723335266,0.7906953692436218,0.7988195419311523,0.8681693077087402,0.9134529232978821,0.7804232835769653,0.8912689685821533,0.9026663303375244,0.916149377822876,0.889132022857666,0.9155387878417969,0.2952570915222168,0.9100946187973022,0.8716800212860107,0.914979100227356,0.8939656019210815,0.9048539400100708,0.4031749367713928,0.8133204579353333,0.9165055751800537,0.9307011365890503,0.9285132884979248,0.8710694909095764,0.904752254486084,0.9358400106430054,0.8862831592559814,0.8911163210868835,0.8658801317214966,0.9188460111618042,0.35285264253616333,0.441029816865921,0.9024628400802612,0.9164546728134155,0.39600080251693726,0.8924391865730286,0.5,0.4767477214336395,0.9054645299911499,0.3920830488204956,0.928564190864563,0.38404396176338196,0.8966113328933716,0.7968860864639282,0.8788034915924072,0.9001221060752869,nan,20.9376859664917,0.794528067111969,-315.9048425939659,0.8126428723335266
273,0.6053349375724792,0.815823495388031,0.7912685871124268,0.7989722490310669,0.8689833879470825,0.9156914949417114,0.7807285189628601,0.8914724588394165,0.9067873954772949,0.9162002801895142,0.8893864154815674,0.9155387878417969,0.2959694266319275,0.9100946187973022,0.8712730407714844,0.9149282574653625,0.893507719039917,0.9070926904678345,0.4018520414829254,0.8126081228256226,0.9165564179420471,0.9303958415985107,0.9284623861312866,0.8703063130378723,0.9045995473861694,0.9373155832290649,0.8912689685821533,0.891777753829956,0.8694413304328918,0.9189987182617188,0.3571770191192627,0.44087716937065125,0.9042942523956299,0.9165564179420471,0.39533936977386475,0.8925409317016602,0.5,0.47639158368110657,0.9055663347244263,0.3961530327796936,0.9285132884979248,0.38424748182296753,0.8944743871688843,0.7950037717819214,0.878752589225769,0.9016485214233398,nan,20.808314561843872,0.7975655198097229,-316.9428241146972,0.815823495388031
274,0.6205366849899292,0.8123446702957153,0.7910628914833069,0.7996845245361328,0.8690342903137207,0.9159458875656128,0.7821021676063538,0.8895392417907715,0.906431257724762,0.9163020253181458,0.8902004957199097,0.9159458875656128,0.2944432497024536,0.9113666415214539,0.8710694909095764,0.9154371023178101,0.8943217992782593,0.9062786102294922,0.40286964178085327,0.8129134178161621,0.9164546728134155,0.9305993318557739,0.9284623861312866,0.8707133531570435,0.9051083326339722,0.9379770159721375,0.8875551223754883,0.8921847939491272,0.8676098585128784,0.9188969135284424,0.3495967388153076,0.4409789443016052,0.9030225276947021,0.9164037704467773,0.39523762464523315,0.8926427364349365,0.5,0.47506868839263916,0.906075119972229,0.3926936089992523,0.9284114837646484,0.38674041628837585,0.894627034664154,0.7971913814544678,0.878956139087677,0.9021064043045044,nan,20.83947730064392,0.7932762503623962,-316.5521433513381,0.8123446702957153
275,0.6038511395454407,0.8130404353141785,0.7910733222961426,0.8002951145172119,0.8693395853042603,0.9162511825561523,0.7833740711212158,0.8905566334724426,0.904752254486084,0.9162511825561523,0.8896917104721069,0.9162002801895142,0.2939346432685852,0.911773681640625,0.8718835711479187,0.9152843952178955,0.8942708969116211,0.9050066471099854,0.40246260166168213,0.8130660057067871,0.9164546728134155,0.9303958415985107,0.9281570911407471,0.871374785900116,0.9048539400100708,0.9373664259910583,0.8914215564727783,0.8918286561965942,0.8695939779281616,0.9189987182617188,0.34746062755584717,0.4406227767467499,0.902768075466156,0.9165055751800537,0.3964587450027466,0.8926936388015747,0.5,0.47654420137405396,0.9059733152389526,0.39503389596939087,0.9285132884979248,0.38409483432769775,0.8949323296546936,0.7972931861877441,0.8744791150093079,0.9015976190567017,nan,20.80454921722412,0.7932165861129761,-317.14577015265473,0.8130404353141785
276,0.5922915935516357,0.8146307468414307,0.7911576628684998,0.7996845245361328,0.8693904876708984,0.9163020253181458,0.7818477749824524,0.8880126476287842,0.903581976890564,0.9165055751800537,0.8882670402526855,0.9164037704467773,0.29072919487953186,0.9105017185211182,0.8719344735145569,0.9156405925750732,0.8932024240493774,0.9033784866333008,0.40348020195961,0.818001389503479,0.9166581630706787,0.9303958415985107,0.928716778755188,0.8702045679092407,0.9050066471099854,0.9376717209815979,0.8919304013252258,0.8921339511871338,0.8675589561462402,0.9192531108856201,0.3568224012851715,0.44072452187538147,0.9048030972480774,0.9166073203086853,0.3950341045856476,0.8927444815635681,0.5,0.4762389361858368,0.9061260223388672,0.39249008893966675,0.928564190864563,0.383586049079895,0.8954920172691345,0.7973949313163757,0.8788034915924072,0.9015976190567017,nan,20.88781237602234,0.7940242886543274,-318.49848655137254,0.8146307468414307
277,0.5892073512077332,0.8157240748405457,0.7912304401397705,0.8007021546363831,0.8694413304328918,0.9163020253181458,0.7818986177444458,0.8875038027763367,0.9032257795333862,0.9166073203086853,0.8878090977668762,0.9165055751800537,0.2903730273246765,0.91045081615448,0.8720362186431885,0.9156405925750732,0.8931006193161011,0.9032766819000244,0.40358197689056396,0.820698082447052,0.9166581630706787,0.9303958415985107,0.928716778755188,0.8702045679092407,0.904904842376709,0.93863844871521,0.8921847939491272,0.8922356367111206,0.8675589561462402,0.9188969135284424,0.3542279303073883,0.4406227767467499,0.9048539400100708,0.9166073203086853,0.3950341045856476,0.8927444815635681,0.5,0.4762898087501526,0.906075119972229,0.39254096150398254,0.928564190864563,0.3832298815250397,0.8953393697738647,0.7973949313163757,0.8809402585029602,0.9026660919189453,nan,20.920395374298096,0.7954027056694031,-319.28964175463267,0.8157240748405457
278,0.5874704122543335,0.8163204193115234,0.7913807034492493,0.8013635873794556,0.8693904876708984,0.9163528680801392,0.7824583053588867,0.8869950175285339,0.903022289276123,0.9166073203086853,0.8873511552810669,0.9165055751800537,0.29022037982940674,0.9108577966690063,0.8728502988815308,0.9156914949417114,0.8931515216827393,0.9033275842666626,0.40368372201919556,0.8208507299423218,0.9166581630706787,0.9305484890937805,0.9288185834884644,0.8701027631759644,0.9048030972480774,0.9391472339630127,0.8922356367111206,0.8923883438110352,0.8695430755615234,0.9189478158950806,0.35595786571502686,0.4405719041824341,0.9048539400100708,0.9166581630706787,0.39539024233818054,0.8927444815635681,0.5,0.4763406813144684,0.906075119972229,0.39264270663261414,0.928564190864563,0.38277196884155273,0.8953393697738647,0.7974457740783691,0.8809402585029602,0.9030731916427612,nan,21.16049289703369,0.796089768409729,-319.97976185599873,0.8163204193115234
279,0.5861956477165222,0.8168174028396606,0.7914639115333557,0.8021267652511597,0.8693904876708984,0.9163528680801392,0.7829670310020447,0.886791467666626,0.9029204845428467,0.9166073203086853,0.8871985673904419,0.9165055751800537,0.29022037982940674,0.9113157987594604,0.8734099864959717,0.9155896902084351,0.8929988741874695,0.9031240344047546,0.4039381444454193,0.821054220199585,0.9166581630706787,0.9305993318557739,0.9288185834884644,0.8700518608093262,0.9048030972480774,0.9393507242202759,0.8924391865730286,0.8924900889396667,0.8694921731948853,0.9189478158950806,0.3570263683795929,0.4405210018157959,0.904904842376709,0.9166581630706787,0.3956955373287201,0.8927444815635681,0.5,0.4763406813144684,0.9059733152389526,0.39264270663261414,0.928564190864563,0.3824666738510132,0.8955428600311279,0.7974457740783691,0.8809402585029602,0.9032766819000244,nan,20.679637908935547,0.7968395352363586,-320.66318324431904,0.8168174028396606
280,0.5850508213043213,0.8177119493484497,0.7915297746658325,0.8033987879753113,0.8693395853042603,0.9164037704467773,0.7834757566452026,0.886638879776001,0.9029204845428467,0.9166073203086853,0.8874020576477051,0.9165055751800537,0.2903730273246765,0.9114174842834473,0.8747837543487549,0.9155896902084351,0.8929988741874695,0.9031240344047546,0.4041416645050049,0.8211051225662231,0.9166581630706787,0.9306502342224121,0.9286658763885498,0.8700518608093262,0.9048030972480774,0.9395543336868286,0.8924391865730286,0.8925409317016602,0.8695430755615234,0.9188969135284424,0.3559072017669678,0.4405210018157959,0.904904842376709,0.9166581630706787,0.39589905738830566,0.8927444815635681,0.5,0.47639158368110657,0.905871570110321,0.39264270663261414,0.928564190864563,0.38216137886047363,0.8956955671310425,0.7974457740783691,0.8809402585029602,0.9034801721572876,nan,20.963732481002808,0.7980559468269348,-321.35421307951185,0.8177119493484497

281,0.5839745998382568,0.8181095123291016,0.7916326522827148,0.8044673204421997,0.8693395853042603,0.9164037704467773,0.783730149269104,0.8862317800521851,0.9026660919189453,0.9166073203086853,0.8877073526382446,0.9165055751800537,0.29078006744384766,0.9118245840072632,0.875546932220459,0.9155387878417969,0.8929988741874695,0.9032766819000244,0.4041925370693207,0.8211560249328613,0.9166581630706787,0.9308537840843201,0.9286658763885498,0.8701027631759644,0.9048030972480774,0.9397578239440918,0.8925409317016602,0.8925409317016602,0.8694921731948853,0.9189478158950806,0.3565177619457245,0.4405210018157959,0.904904842376709,0.9166581630706787,0.39600080251693726,0.8927444815635681,0.5,0.47639158368110657,0.9059733152389526,0.39264270663261414,0.928564190864563,0.38211050629615784,0.8960008025169373,0.7974457740783691,0.8809402585029602,0.9036328792572021,nan,20.675269842147827,0.7985908389091492,-322.06847653143944,0.8181095123291016
282,0.5832908749580383,0.8190040588378906,0.7918152809143066,0.8053322434425354,0.8694413304328918,0.9162511825561523,0.7836792469024658,0.8858756422996521,0.9026152491569519,0.9166073203086853,0.8879108428955078,0.9165055751800537,0.292459100484848,0.9121298789978027,0.8770225048065186,0.9154371023178101,0.8931515216827393,0.9032766819000244,0.4041416645050049,0.8212577700614929,0.9166581630706787,0.9313625693321228,0.9286658763885498,0.8701027631759644,0.9048539400100708,0.9397578239440918,0.8925409317016602,0.8926427364349365,0.8694921731948853,0.9192022085189819,0.35885804891586304,0.4406227767467499,0.904904842376709,0.9166073203086853,0.3962043225765228,0.8927444815635681,0.5,0.47644245624542236,0.9061260223388672,0.39259183406829834,0.928564190864563,0.38216137886047363,0.8964587450027466,0.7973440885543823,0.8809402585029602,0.9034293293952942,nan,20.999372243881226,0.8000660538673401,-322.79686058597247,0.8190040588378906
283,0.5821672081947327,0.8185071349143982,0.7919192910194397,0.8064516186714172,0.8693904876708984,0.9165055751800537,0.7837810516357422,0.885468602180481,0.9023099541664124,0.9166073203086853,0.8878599405288696,0.9165055751800537,0.29632601141929626,0.9123333692550659,0.878243625164032,0.9152843952178955,0.8929480314254761,0.9031240344047546,0.4041925370693207,0.8213086128234863,0.9166581630706787,0.9315661191940308,0.9286658763885498,0.8702045679092407,0.9048030972480774,0.9398595690727234,0.8925409317016602,0.8925918340682983,0.8693395853042603,0.9197109937667847,0.3569756746292114,0.4406736493110657,0.904752254486084,0.9166581630706787,0.3963569700717926,0.8927444815635681,0.5,0.47644245624542236,0.9059733152389526,0.3927444815635681,0.928564190864563,0.38205963373184204,0.8964587450027466,0.7974457740783691,0.8809402585029602,0.9036328792572021,nan,21.09764337539673,0.7997158169746399,-323.525894824772,0.8185071349143982
284,0.5810606479644775,0.8186064958572388,0.792064905166626,0.8070113062858582,0.8693395853042603,0.9163528680801392,0.7838318943977356,0.8851633071899414,0.9026660919189453,0.9166073203086853,0.8884196281433105,0.9165055751800537,0.2988191545009613,0.9125877618789673,0.8788032531738281,0.9150809049606323,0.8928971290588379,0.903734564781189,0.40434518456459045,0.8213086128234863,0.9166073203086853,0.9315152168273926,0.9286658763885498,0.8703063130378723,0.9048030972480774,0.9400122165679932,0.8925918340682983,0.8925918340682983,0.8693904876708984,0.9196092486381531,0.3571283221244812,0.4406736493110657,0.904752254486084,0.9166581630706787,0.3965604901313782,0.8927444815635681,0.5,0.47644245624542236,0.9061260223388672,0.3927953541278839,0.928564190864563,0.38185611367225647,0.8971710205078125,0.7974457740783691,0.8808894157409668,0.9040398597717285,nan,21.0834538936615,0.800125002861023,-324.2779330507731,0.8186064958572388
285,0.5800390243530273,0.8194016218185425,0.7921897172927856,0.8083850741386414,0.8693395853042603,0.9164037704467773,0.7840354442596436,0.8848580121994019,0.9029713869094849,0.9166073203086853,0.8890302181243896,0.9165055751800537,0.29983675479888916,0.9128930568695068,0.8791085481643677,0.9149282574653625,0.8928971290588379,0.9043960571289062,0.40439605712890625,0.8213086128234863,0.9166073203086853,0.9315152168273926,0.9286150336265564,0.8703063130378723,0.9048030972480774,0.9401139616966248,0.8926427364349365,0.8926427364349365,0.8692886829376221,0.9196092486381531,0.357179194688797,0.4406736493110657,0.904752254486084,0.9166581630706787,0.39666226506233215,0.8927444815635681,0.5,0.47639158368110657,0.9062786102294922,0.3927953541278839,0.928564190864563,0.3816525936126709,0.8978325128555298,0.7974457740783691,0.8809402585029602,0.9042942523956299,nan,21.020191431045532,0.8012791872024536,-325.07571416895996,0.8194016218185425
286,0.5790457725524902,0.8188052773475647,0.7922960519790649,0.8089956045150757,0.8693395853042603,0.9163020253181458,0.7841371297836304,0.88490891456604,0.9035310745239258,0.9166073203086853,0.8896917104721069,0.9165564179420471,0.3001420199871063,0.91309654712677,0.8794647455215454,0.9145721197128296,0.8928971290588379,0.9050574898719788,0.40444692969322205,0.8213086128234863,0.9166073203086853,0.9317187070846558,0.9286150336265564,0.8702554106712341,0.9048030972480774,0.9401139616966248,0.8926427364349365,0.8926427364349365,0.8692377805709839,0.9196600914001465,0.357179194688797,0.44072452187538147,0.904752254486084,0.9166581630706787,0.39666226506233215,0.8927444815635681,0.5,0.47639158368110657,0.9063804149627686,0.3928462266921997,0.928564190864563,0.3816525936126709,0.8987992405891418,0.7974966764450073,0.8809402585029602,0.9044469594955444,nan,20.74902606010437,0.8007620573043823,-325.8943149425225,0.8188052773475647
287,0.57807457447052,0.8181095123291016,0.7924058437347412,0.8091991543769836,0.8693904876708984,0.9163020253181458,0.7844933271408081,0.8847054243087769,0.9040398597717285,0.9166073203086853,0.8902513384819031,0.9166073203086853,0.30049818754196167,0.913300096988678,0.879770040512085,0.9143685698509216,0.8928971290588379,0.9057189226150513,0.40444692969322205,0.8213086128234863,0.9166581630706787,0.9319730997085571,0.9286150336265564,0.8703063130378723,0.9048030972480774,0.9402157068252563,0.8926427364349365,0.8926936388015747,0.8692377805709839,0.9197618961334229,0.357179194688797,0.44087716937065125,0.9048030972480774,0.9166581630706787,0.39681491255760193,0.8927444815635681,0.5,0.47639158368110657,0.9066348075866699,0.3928462266921997,0.928564190864563,0.3816525936126709,0.899562418460846,0.7974966764450073,0.8809402585029602,0.9044469594955444,nan,20.93727684020996,0.800053596496582,-326.7445672219772,0.8181095123291016
288,0.5771189332008362,0.8184077143669128,0.7924867868423462,0.8091991543769836,0.8694413304328918,0.9162511825561523,0.7845950126647949,0.884756326675415,0.9042942523956299,0.9165564179420471,0.891167163848877,0.9166073203086853,0.30070170760154724,0.9135036468505859,0.8799735307693481,0.9139106273651123,0.8928971290588379,0.9059224724769592,0.40449780225753784,0.8213086128234863,0.9166073203086853,0.9320749044418335,0.9286150336265564,0.8702045679092407,0.9048030972480774,0.9402157068252563,0.8926936388015747,0.8926936388015747,0.8692377805709839,0.9199144840240479,0.357179194688797,0.4411315619945526,0.9048030972480774,0.9166581630706787,0.3969675302505493,0.8927444815635681,0.5,0.47639158368110657,0.9066856503486633,0.3928462266921997,0.928564190864563,0.3815508186817169,0.9008853435516357,0.7974966764450073,0.8809402585029602,0.9044978022575378,nan,21.11028480529785,0.8002251982688904,-327.6188177896084,0.8184077143669128
289,0.5761968493461609,0.8178113698959351,0.7926115989685059,0.8091991543769836,0.8695939779281616,0.9160476326942444,0.7846968173980713,0.8846036195755005,0.9051592350006104,0.9166073203086853,0.8921847939491272,0.9166073203086853,0.30126139521598816,0.9136053323745728,0.8803805708885193,0.9138597846031189,0.8929480314254761,0.9069401025772095,0.404548704624176,0.8213086128234863,0.9166581630706787,0.932380199432373,0.928564190864563,0.8702554106712341,0.9048030972480774,0.9402157068252563,0.8926936388015747,0.8926936388015747,0.8692377805709839,0.9202706813812256,0.357179194688797,0.4412333369255066,0.9048030972480774,0.9166581630706787,0.3971201777458191,0.8927444815635681,0.5,0.47639158368110657,0.9067365527153015,0.3928462266921997,0.928564190864563,0.3814999461174011,0.9013941287994385,0.7974966764450073,0.8809402585029602,0.904548704624176,nan,20.879337787628174,0.7993403673171997,-328.544336917848,0.8178113698959351
290,0.5752674341201782,0.8179107308387756,0.792670488357544,0.8093008995056152,0.8696957230567932,0.9159967303276062,0.7849003076553345,0.8845527768135071,0.9047013521194458,0.9165564179420471,0.8927444815635681,0.9165564179420471,0.30197373032569885,0.9138088822364807,0.8806858658790588,0.9134018421173096,0.8929480314254761,0.9066856503486633,0.4045995771884918,0.8213086128234863,0.9166581630706787,0.932532787322998,0.928564190864563,0.8702554106712341,0.9048030972480774,0.9402666091918945,0.8926936388015747,0.8927444815635681,0.8692377805709839,0.920372486114502,0.3571283221244812,0.44153863191604614,0.9048030972480774,0.9166581630706787,0.39732369780540466,0.8927444815635681,0.5,0.47644245624542236,0.9067365527153015,0.3928462266921997,0.928564190864563,0.3814999461174011,0.902259111404419,0.7974966764450073,0.8809402585029602,0.904548704624176,nan,20.896281957626343,0.7992908358573914,-329.4929803200477,0.8179107308387756

291,0.574364960193634,0.8162210583686829,0.792819619178772,0.8093518018722534,0.8698992729187012,0.9158440828323364,0.7849511504173279,0.8845527768135071,0.9057189226150513,0.9166073203086853,0.8940674066543579,0.9166073203086853,0.30192282795906067,0.9138597846031189,0.8807367086410522,0.9131983518600464,0.8929480314254761,0.9078558683395386,0.4046504497528076,0.8213086128234863,0.9166073203086853,0.9327871799468994,0.928564190864563,0.8701027631759644,0.9048030972480774,0.9402666091918945,0.8927444815635681,0.8927444815635681,0.8691869378089905,0.9207794666290283,0.357179194688797,0.4426579773426056,0.9048030972480774,0.9166581630706787,0.39757809042930603,0.8927444815635681,0.5,0.47644245624542236,0.9069401025772095,0.3928971290588379,0.928564190864563,0.3814999461174011,0.9030731916427612,0.7974966764450073,0.8808894157409668,0.904548704624176,nan,21.14714550971985,0.7965559959411621,-330.4841807988846,0.8162210583686829
292,0.573232114315033,0.8165192604064941,0.7929490804672241,0.8094027042388916,0.8704589605331421,0.9160984754562378,0.7851037979125977,0.8844510316848755,0.9059733152389526,0.9166073203086853,0.8946779370307922,0.9166073203086853,0.30197373032569885,0.9140633344650269,0.8808894157409668,0.9126895666122437,0.8929480314254761,0.9081611633300781,0.4047013223171234,0.8213086128234863,0.9166073203086853,0.9331942796707153,0.928564190864563,0.8701536655426025,0.9048030972480774,0.9402666091918945,0.8927444815635681,0.8927444815635681,0.8691869378089905,0.9210847616195679,0.357179194688797,0.4445405602455139,0.9048030972480774,0.9166581630706787,0.3979851305484772,0.8927444815635681,0.5,0.47644245624542236,0.9070417881011963,0.3928971290588379,0.928564190864563,0.3814999461174011,0.9035310745239258,0.7974966764450073,0.8809402585029602,0.904548704624176,nan,20.930938959121704,0.7969242930412292,-331.50940973926237,0.8165192604064941
293,0.5722506642341614,0.8157240748405457,0.7931859493255615,0.8094027042388916,0.8730029463768005,0.9159967303276062,0.7851037979125977,0.884756326675415,0.9068382978439331,0.9166073203086853,0.8956955671310425,0.9165564179420471,0.30202460289001465,0.9139615297317505,0.8808894157409668,0.9124860167503357,0.8929480314254761,0.9090770483016968,0.4047522246837616,0.8212577700614929,0.9166581630706787,0.9333977699279785,0.928564190864563,0.8701027631759644,0.9048030972480774,0.9402666091918945,0.8927444815635681,0.8927444815635681,0.8691360950469971,0.9214409589767456,0.357179194688797,0.44850921630859375,0.9048030972480774,0.9166581630706787,0.39818865060806274,0.8927444815635681,0.5,0.47644245624542236,0.9072453379631042,0.3928462266921997,0.928564190864563,0.3814490735530853,0.9038872718811035,0.7974966764450073,0.8809402585029602,0.9045995473861694,nan,21.29282546043396,0.7955828905105591,-332.58238832477355,0.8157240748405457
294,0.571344792842865,0.8152270913124084,0.7933524250984192,0.8094027042388916,0.8754452466964722,0.9160476326942444,0.7852055430412292,0.8844001293182373,0.9068892002105713,0.9166073203086853,0.8959499597549438,0.9166073203086853,0.30207547545433044,0.9145212173461914,0.8808894157409668,0.9115192890167236,0.8929480314254761,0.909127950668335,0.4047522246837616,0.8213086128234863,0.9166073203086853,0.9339065551757812,0.928564190864563,0.8702554106712341,0.9048030972480774,0.9402666091918945,0.8927444815635681,0.8927444815635681,0.8692377805709839,0.9220514893531799,0.3571283221244812,0.4515620172023773,0.9048539400100708,0.9166581630706787,0.3984939455986023,0.8927444815635681,0.5,0.47639158368110657,0.907397985458374,0.3928971290588379,0.928564190864563,0.38134729862213135,0.9041925668716431,0.7974966764450073,0.8808894157409668,0.9045995473861694,nan,20.564422845840454,0.7946212887763977,-333.7003849273339,0.8152270913124084
295,0.5704235434532166,0.8143325448036194,0.7934379577636719,0.8093518018722534,0.8769207000732422,0.9157931804656982,0.7851037979125977,0.8843492269515991,0.9078558683395386,0.9165564179420471,0.8971201777458191,0.9165564179420471,0.30202460289001465,0.9145721197128296,0.8808385133743286,0.9112648963928223,0.8929480314254761,0.9101455211639404,0.4048030972480774,0.8213086128234863,0.9166581630706787,0.9340592622756958,0.928564190864563,0.8700010180473328,0.9048030972480774,0.9403684139251709,0.8927953243255615,0.8927953243255615,0.8691360950469971,0.9225603342056274,0.357179194688797,0.452274352312088,0.904752254486084,0.9166581630706787,0.39895185828208923,0.8927444815635681,0.5,0.47649332880973816,0.9074997901916504,0.3928462266921997,0.928564190864563,0.38139820098876953,0.9043960571289062,0.7974966764450073,0.8809402585029602,0.9024628400802612,nan,20.83556056022644,0.7921364307403564,-334.8275579997173,0.8143325448036194
296,0.5728439092636108,0.8145313858985901,0.7937279939651489,0.8094027042388916,0.8786506652832031,0.9156914949417114,0.7853072881698608,0.8848071694374084,0.9089752435684204,0.9166073203086853,0.899206280708313,0.9166073203086853,0.302278995513916,0.9147247076034546,0.8808894157409668,0.9112139940261841,0.8929988741874695,0.9110614061355591,0.4048030972480774,0.8213086128234863,0.9166073203086853,0.9350259304046631,0.928564190864563,0.8701536655426025,0.9048539400100708,0.9402666091918945,0.8927444815635681,0.8927444815635681,0.8694413304328918,0.9235270023345947,0.357179194688797,0.4523760974407196,0.904904842376709,0.9166073203086853,0.3993588984012604,0.8927953243255615,0.5,0.4763406813144684,0.9080085754394531,0.3929480016231537,0.9285132884979248,0.3814999461174011,0.9046504497528076,0.7974966764450073,0.8808894157409668,0.9045995473861694,nan,21.129865884780884,0.7930639386177063,-336.0349625584715,0.8145313858985901
297,1.0744521617889404,0.7447569966316223,0.790564775466919,0.8055357933044434,0.8727487325668335,0.9007333517074585,0.7838827967643738,0.891167163848877,0.9031749367713928,0.9114174842834473,0.8935078978538513,0.9107052087783813,0.3430314362049103,0.9159967303276062,0.8749874830245972,0.9021575450897217,0.8986465930938721,0.9000714421272278,0.41014552116394043,0.8145926594734192,0.90800940990448,0.9332962036132812,0.9273941516876221,0.8764121532440186,0.9059735536575317,0.9363490343093872,0.8730049133300781,0.8895394802093506,0.835507869720459,0.9230691194534302,0.40352654457092285,0.4529866576194763,0.8672065138816833,0.9147249460220337,0.4038868248462677,0.8844005465507507,0.5,0.48203927278518677,0.9066349864006042,0.40134260058403015,0.9290729761123657,0.3919806480407715,0.8997665643692017,0.7892036437988281,0.8323546648025513,0.890252411365509,nan,20.639795780181885,0.7259981036186218,-327.9648260357911,0.7447569966316223
298,0.7530081272125244,0.7729848027229309,0.793726921081543,0.8071639537811279,0.8727487325668335,0.9128421545028687,0.7819403409957886,0.898595929145813,0.9090772271156311,0.9143177270889282,0.9018522500991821,0.9141650199890137,0.33015963435173035,0.9123844504356384,0.8781418800354004,0.9121298789978027,0.8948816657066345,0.9073473215103149,0.4115699529647827,0.8190699219703674,0.9147249460220337,0.9343644976615906,0.92581707239151,0.8730031251907349,0.9031244516372681,0.9382822513580322,0.8700032234191895,0.8906586170196533,0.8697468042373657,0.9198638200759888,0.40418773889541626,0.4529357850551605,0.8906599283218384,0.917472243309021,0.40088531374931335,0.8905057907104492,0.5,0.4810216724872589,0.9052103757858276,0.3962041437625885,0.9291238784790039,0.3869439363479614,0.9017504453659058,0.7936809062957764,0.8579447865486145,0.9008344411849976,nan,20.782333374023438,0.7497019171714783,-328.23346417420146,0.7729848027229309
299,0.6038016080856323,0.8022065162658691,0.7940053939819336,0.8087412118911743,0.8753434419631958,0.911163330078125,0.7852563858032227,0.897476315498352,0.9118754863739014,0.9155387878417969,0.901699423789978,0.9154879450798035,0.30879122018814087,0.9145721197128296,0.8795156478881836,0.9119771718978882,0.8952376246452332,0.9107561111450195,0.40648213028907776,0.8200366497039795,0.9166581630706787,0.9343136548995972,0.9295308589935303,0.8748346567153931,0.9070417881011963,0.9388419389724731,0.8831799030303955,0.8925409317016602,0.8652697801589966,0.9225094318389893,0.37447673082351685,0.4515620172023773,0.904904842376709,0.9168617129325867,0.3993080258369446,0.8920830488204956,0.5,0.47720566391944885,0.9056171774864197,0.3927953541278839,0.9286150336265564,0.3877071440219879,0.9023099541664124,0.7971913814544678,0.8745299577713013,0.8990538120269775,nan,21.2852840423584,0.7782005667686462,-331.82012761704385,0.8022065162658691
300,0.5824868083000183,0.8091641068458557,0.7936737537384033,0.8082324266433716,0.8757504820823669,0.9136562347412109,0.7850019931793213,0.889284610748291,0.9102981686592102,0.9162002801895142,0.8990536332130432,0.9159967303276062,0.30746835470199585,0.9141650199890137,0.8798717856407166,0.9107561111450195,0.8941182494163513,0.9113157987594604,0.40521013736724854,0.8208507299423218,0.9166073203086853,0.9326854944229126,0.9291238784790039,0.8751399517059326,0.9058207273483276,0.9390963315963745,0.889997124671936,0.8926427364349365,0.8709168434143066,0.9224585294723511,0.36165621876716614,0.449781209230423,0.9047013521194458,0.9166073203086853,0.39869746565818787,0.8925918340682983,0.5,0.4767986238002777,0.9053627848625183,0.39249008893966675,0.9284623861312866,0.38618093729019165,0.9019029140472412,0.7971405386924744,0.8788034915924072,0.9012414813041687,nan,21.45833396911621,0.7853209972381592,-333.4738025534474,0.8091641068458557

301,0.5781980156898499,0.8113507628440857,0.7936794757843018,0.8091482520103455,0.8766663074493408,0.9136053323745728,0.7850528955459595,0.8884705305099487,0.9097893238067627,0.9162511825561523,0.897323727607727,0.916149377822876,0.30690866708755493,0.914826512336731,0.8798717856407166,0.9100946187973022,0.8941690921783447,0.9111122488975525,0.40515926480293274,0.82090163230896,0.9166581630706787,0.9325836896896362,0.9290220737457275,0.876717209815979,0.9054136276245117,0.9394525289535522,0.890200674533844,0.8927953243255615,0.8705607056617737,0.9223058819770813,0.35946860909461975,0.44922152161598206,0.904752254486084,0.9166073203086853,0.3985957205295563,0.8925918340682983,0.5,0.4767477214336395,0.9054136276245117,0.3926936089992523,0.9285132884979248,0.38562124967575073,0.902411699295044,0.7971405386924744,0.8809402585029602,0.9024626016616821,nan,20.93314003944397,0.788090169429779,-334.19419111777535,0.8113507628440857
302,0.5759187340736389,0.8117483258247375,0.7938262820243835,0.8091991543769836,0.8775312900543213,0.9135544896125793,0.7851037979125977,0.8880126476287842,0.9108577966690063,0.9163020253181458,0.8968657851219177,0.9162511825561523,0.3066033720970154,0.9153352975845337,0.8798717856407166,0.9108577966690063,0.8942708969116211,0.9114174842834473,0.40526100993156433,0.8210033178329468,0.9166581630706787,0.9324819445610046,0.928920328617096,0.8783453702926636,0.9053627848625183,0.9395543336868286,0.8924391865730286,0.8926427364349365,0.8705098628997803,0.9225094318389893,0.35941773653030396,0.4501882493495941,0.9048539400100708,0.9166073203086853,0.39874833822250366,0.8925918340682983,0.5,0.4768494963645935,0.9054136276245117,0.3926936089992523,0.9285132884979248,0.38551947474479675,0.9027169942855835,0.7971405386924744,0.8788034915924072,0.9030731916427612,nan,21.079163074493408,0.7882530093193054,-334.8213418654023,0.8117483258247375
303,0.5742329359054565,0.8126428723335266,0.7938436269760132,0.809249997138977,0.8781927227973938,0.91309654712677,0.7850528955459595,0.8874020576477051,0.9106543064117432,0.9164037704467773,0.8953902721405029,0.9163020253181458,0.3062981069087982,0.9154879450798035,0.8800244331359863,0.9106543064117432,0.8940165042877197,0.9112648963928223,0.40515926480293274,0.8210033178329468,0.9166581630706787,0.9326345920562744,0.928920328617096,0.8812455534934998,0.9053118824958801,0.9398595690727234,0.8924900889396667,0.8926427364349365,0.8703571557998657,0.9227638244628906,0.357280969619751,0.45125675201416016,0.9048539400100708,0.9166073203086853,0.3991553783416748,0.8925918340682983,0.5,0.4768494963645935,0.9054136276245117,0.3928462266921997,0.928564190864563,0.3853159546852112,0.9029713869094849,0.7971405386924744,0.8788034915924072,0.9034801721572876,nan,20.88918924331665,0.7892401218414307,-335.3491558427188,0.8126428723335266
304,0.5728311538696289,0.8128416538238525,0.7940100431442261,0.809249997138977,0.8789050579071045,0.9129948019981384,0.7850019931793213,0.8869950175285339,0.9113666415214539,0.9164037704467773,0.8945761919021606,0.9163020253181458,0.3062981069087982,0.9159458875656128,0.8802279233932495,0.9108069539070129,0.8937621116638184,0.9114174842834473,0.40515926480293274,0.8211051225662231,0.9166581630706787,0.932939887046814,0.9288694858551025,0.8836369514465332,0.9051592350006104,0.9400122165679932,0.8925918340682983,0.8926936388015747,0.8702045679092407,0.9230691194534302,0.3572300672531128,0.45201995968818665,0.9048539400100708,0.9166073203086853,0.3992571532726288,0.8925918340682983,0.5,0.4769512712955475,0.9055154323577881,0.3928462266921997,0.928564190864563,0.3852650821208954,0.9032766819000244,0.7971405386924744,0.8809402585029602,0.9035310745239258,nan,20.73946499824524,0.7893457412719727,-335.88166083375785,0.8128416538238525
305,0.5716172456741333,0.8128416538238525,0.7941186428070068,0.809249997138977,0.879362940788269,0.9127912521362305,0.7850019931793213,0.8863335847854614,0.911773681640625,0.9164037704467773,0.8937112092971802,0.9164037704467773,0.3062472343444824,0.916149377822876,0.8802788257598877,0.9111630916595459,0.8937621116638184,0.911773681640625,0.40526100993156433,0.8211051225662231,0.9166581630706787,0.933092474937439,0.9288694858551025,0.8860791921615601,0.9051592350006104,0.9401648640632629,0.8926427364349365,0.8926427364349365,0.8702045679092407,0.9235270023345947,0.3572300672531128,0.4524778723716736,0.9048030972480774,0.9166073203086853,0.3993080258369446,0.8925918340682983,0.5,0.4770530164241791,0.9055154323577881,0.3928462266921997,0.928564190864563,0.38541772961616516,0.9036837220191956,0.7971405386924744,0.8809402585029602,0.903734564781189,nan,20.636993169784546,0.7893465757369995,-336.40371880940324,0.8128416538238525
306,0.5705227851867676,0.8132392168045044,0.7942342758178711,0.8093008995056152,0.8797191381454468,0.9127404093742371,0.7851547002792358,0.8860791921615601,0.9125877618789673,0.9164546728134155,0.8928971290588379,0.9164037704467773,0.30614545941352844,0.9165055751800537,0.8804823160171509,0.9114683866500854,0.8938129544258118,0.9122824668884277,0.4054136574268341,0.8211051225662231,0.9166581630706787,0.9332451820373535,0.9288694858551025,0.8877582550048828,0.9050574898719788,0.9402157068252563,0.8926936388015747,0.8926936388015747,0.8700518608093262,0.9242901802062988,0.3572300672531128,0.4525287449359894,0.9048030972480774,0.9166581630706787,0.39961332082748413,0.8925918340682983,0.5,0.47720566391944885,0.9055154323577881,0.3928971290588379,0.928564190864563,0.3851633369922638,0.9039890170097351,0.7971405386924744,0.8809402585029602,0.9038872718811035,nan,20.946465730667114,0.7895135283470154,-336.95214724846403,0.8132392168045044

