epoch,loss,balanced_accuracy,balanced_accuracy_A13,balanced_accuracy_A14,balanced_accuracy_A15b,balanced_accuracy_A16,balanced_accuracy_A17a,balanced_accuracy_A19a,balanced_accuracy_A1a,balanced_accuracy_A1b,balanced_accuracy_A1c,balanced_accuracy_A32,balanced_accuracy_A33,balanced_accuracy_A34,balanced_accuracy_A4b2,balanced_accuracy_A7a,balanced_accuracy_A9,balanced_accuracy_B1,balanced_accuracy_B2a,balanced_accuracy_B3,balanced_accuracy_C13aa,balanced_accuracy_C13bb,balanced_accuracy_C14_100,balanced_accuracy_C14_120,balanced_accuracy_C14_20,balanced_accuracy_C14_30,balanced_accuracy_C14_50,balanced_accuracy_C14_60,balanced_accuracy_C14_70,balanced_accuracy_C14_80,balanced_accuracy_C17a,balanced_accuracy_C17b_80,balanced_accuracy_C17c,balanced_accuracy_C17d,balanced_accuracy_C1a,balanced_accuracy_C2,balanced_accuracy_C3e3,balanced_accuracy_D1a1,balanced_accuracy_D1a4,balanced_accuracy_D1a5,balanced_accuracy_D1a6,balanced_accuracy_D1a7,balanced_accuracy_D2a1,balanced_accuracy_D2a2,balanced_accuracy_D3,balanced_accuracy_valid,epoch_elapsed
0,1.2234227657318115,0.35249078273773193,0.476677268743515,0.5,0.5,0.5,0.5,0.35249078273773193,0.5,0.5,0.5,0.38770249485969543,0.3819704055786133,0.5,0.5,0.5,0.5657953023910522,0.4946523904800415,0.5459246039390564,0.5,0.5209630131721497,0.5007049441337585,0.5,0.4753158688545227,0.5,0.5,0.5,0.5,0.5128036737442017,0.5000054836273193,0.5799565315246582,0.5135185122489929,0.5,0.5,0.5,0.49963125586509705,0.4960744380950928,0.484696626663208,0.5,0.3908398449420929,0.5,0.5,0.5,0.49031126499176025,0.49962908029556274,0.5344598293304443,2.3238465785980225
1,0.6740545630455017,0.5,0.5,0.5,0.5,0.5,0.5,0.5,0.5,0.5,0.5,0.5,0.5,0.5,0.5,0.5,0.5,0.5,0.5,0.5,0.5,0.5,0.5,0.5,0.5,0.5,0.5,0.5,0.5,0.5,0.5,0.5,0.5,0.5,0.5,0.5,0.5,0.5,0.5,0.5,0.5,0.5,0.5,0.5,0.5,0.691682755947113,2.1200313568115234

2,0.5185542702674866,0.5,0.5,0.5,0.5,0.5,0.5,0.5,0.5,0.5,0.5,0.5,0.5,0.5,0.5,0.5,0.5,0.5,0.5,0.5,0.5,0.5,0.5,0.5,0.5,0.5,0.5,0.5,0.5,0.5,0.5,0.5,0.5,0.5,0.5,0.5,0.5,0.5,0.5,0.5,0.5,0.5,0.5,0.5,0.5,0.7971742153167725,2.12349534034729
3,0.45448392629623413,0.5,0.5,0.5,0.5,0.5,0.5,0.5,0.5,0.5,0.5,0.5,0.5,0.5,0.5,0.5,0.5,0.5,0.5,0.5,0.5,0.5,0.5,0.5,0.5,0.5,0.5,0.5,0.5,0.5,0.5,0.5,0.5,0.5,0.5,0.5,0.5,0.5,0.5,0.5,0.5,0.5,0.5,0.5,0.5,0.8712772130966187,2.072730779647827
4,0.37790393829345703,0.5,0.5,0.5,0.5,0.5,0.5,0.5,0.5,0.5,0.5,0.5,0.5,0.5,0.5,0.5,0.5,0.5,0.5,0.5,0.5,0.5,0.5,0.5,0.5,0.5,0.5,0.5,0.5,0.5,0.5,0.5,0.5,0.5,0.5,0.5,0.5,0.5,0.5,0.5,0.5,0.5,0.5,0.5,0.5,0.9199520349502563,2.1041691303253174
5,0.3256779909133911,0.5,0.5,0.5,0.5,0.5,0.5,0.5,0.5,0.5,0.5,0.5,0.5,0.5,0.5,0.5,0.5,0.5,0.5,0.5,0.5,0.5,0.5,0.5,0.5,0.5,0.5,0.5,0.5,0.5,0.5,0.5,0.5,0.5,0.5,0.5,0.5,0.5,0.5,0.5,0.5,0.5,0.5,0.5,0.5,0.9288005828857422,2.3663084506988525
6,0.29000625014305115,0.5,0.5,0.5,0.5,0.5,0.5,0.5,0.5,0.5,0.5,0.5,0.5,0.5,0.5,0.5,0.5,0.5,0.5,0.5,0.5,0.5,0.5,0.5,0.5,0.5,0.5,0.5,0.5,0.5,0.5,0.5,0.5,0.5,0.5,0.5,0.5,0.5,0.5,0.5,0.5,0.5,0.5,0.5,0.5,0.9416071772575378,2.112389326095581
7,0.25744152069091797,0.5,0.5,0.5,0.5,0.5,0.5,0.5,0.5,0.5,0.5,0.5,0.5,0.5,0.5,0.5,0.5,0.5,0.5,0.5,0.5,0.5,0.5,0.5,0.5,0.5,0.5,0.5,0.5,0.5,0.5,0.5,0.5,0.5,0.5,0.5,0.5,0.5,0.5,0.5,0.5,0.5,0.5,0.5,0.5,0.9544321298599243,2.102384567260742
8,0.2332414984703064,0.5,0.5,0.5,0.5,0.5,0.5,0.5,0.5,0.5,0.5,0.5,0.5,0.5,0.5,0.5,0.5,0.5,0.5,0.5,0.5,0.5,0.5,0.5,0.5,0.5,0.5,0.5,0.5,0.5,0.5,0.5,0.5,0.5,0.5,0.5,0.5,0.5,0.5,0.5,0.5,0.5,0.5,0.5,0.5,0.9640836715698242,2.0458555221557617
9,0.2085723876953125,0.5,0.5,0.5,0.5,0.5,0.5,0.5,0.5,0.5,0.5,0.5,0.5,0.5,0.5,0.5,0.5,0.5,0.5,0.5,0.5,0.5,0.5,0.5,0.5,0.5,0.5,0.5,0.5,0.5,0.5,0.5,0.5,0.5,0.5,0.5,0.5,0.5,0.5,0.5,0.5,0.5,0.5,0.5,0.5,0.9710517525672913,2.169348955154419
10,0.183912992477417,0.5,0.5,0.5,0.5,0.5,0.5,0.5,0.5,0.5,0.5,0.5,0.5,0.5,0.5,0.5,0.5,0.5,0.5,0.5,0.5,0.5,0.5,0.5,0.5,0.5,0.5,0.5,0.5,0.5,0.5,0.5,0.5,0.5,0.5,0.5,0.5,0.5,0.5,0.5,0.5,0.5,0.5,0.5,0.5,0.9792057275772095,2.142998218536377

11,0.18896006047725677,0.4993323087692261,0.5,0.5,0.5,0.5,0.5,0.5,0.5,0.5,0.5,0.5,0.5,0.5,0.5,0.5,0.5,0.5,0.5,0.5,0.5,0.5,0.5,0.5,0.5,0.5,0.5,0.5,0.5,0.4993323087692261,0.5,0.5,0.5,0.5,0.5,0.5,0.5,0.5,0.5,0.5,0.5,0.5,0.5,0.5,0.5,0.9704817533493042,2.0616397857666016
12,0.16148804128170013,0.49592339992523193,0.5,0.5,0.5,0.5,0.5,0.5,0.5,0.5,0.5,0.5,0.5,0.5,0.5,0.5,0.5,0.5,0.5,0.5,0.5,0.5,0.5,0.5,0.5,0.5,0.5,0.5,0.5,0.49592339992523193,0.5,0.5,0.5,0.5,0.5,0.5,0.5,0.5,0.5,0.5,0.5,0.5,0.5,0.5,0.5,0.9790575504302979,2.1410021781921387
13,0.14063134789466858,0.4923707842826843,0.5,0.5,0.5,0.5,0.5,0.5,0.5,0.5,0.5,0.5,0.5,0.5,0.5,0.5,0.5,0.5,0.5,0.5,0.5,0.5,0.5,0.5,0.5,0.5,0.5,0.5,0.5,0.4923707842826843,0.5,0.5,0.5,0.5,0.5,0.5,0.5,0.5,0.5,0.5,0.5,0.5,0.5,0.5,0.5,0.9911602139472961,2.092083215713501
14,0.1278490573167801,0.49031707644462585,0.5,0.5,0.5,0.5,0.5,0.5,0.5,0.5,0.5,0.5,0.5,0.5,0.5,0.5,0.5,0.5,0.5,0.5,0.5,0.5,0.5,0.5,0.5,0.5,0.5,0.5,0.5,0.49031707644462585,0.5,0.5,0.5,0.5,0.5,0.5,0.5,0.5,0.5,0.5,0.5,0.5,0.5,0.5,0.5,0.9942445755004883,2.091456174850464
15,0.12346675246953964,0.491343230009079,0.5,0.5,0.5,0.5,0.5,0.5,0.5,0.5,0.5,0.5,0.5,0.5,0.5,0.5,0.5,0.5,0.5,0.5,0.5,0.5,0.5,0.5,0.5,0.5,0.5,0.5,0.5,0.491343230009079,0.5,0.5,0.5,0.5,0.5,0.5,0.5,0.5,0.5,0.5,0.5,0.5,0.5,0.5,0.5,0.9953755140304565,2.115633487701416
16,0.12382867187261581,0.4802544116973877,0.5,0.5,0.5,0.5,0.5,0.5,0.5,0.5,0.5,0.5,0.5,0.5,0.5,0.5,0.5,0.5,0.5,0.5,0.5,0.5,0.5,0.5,0.5,0.5,0.5,0.4996194839477539,0.4802544116973877,0.4890891909599304,0.5,0.5,0.5,0.5,0.5,0.5,0.5,0.5,0.5,0.5,0.5,0.5,0.5,0.5,0.5,0.9937292337417603,2.150377035140991
17,0.11567902565002441,0.3723546266555786,0.5,0.5,0.5,0.5,0.5,0.5,0.5,0.5,0.5,0.5,0.5,0.5,0.5,0.5,0.5,0.5,0.5,0.5,0.5,0.5,0.5,0.5,0.5,0.5,0.5,0.5,0.3723546266555786,0.49214890599250793,0.5,0.4165896773338318,0.5,0.5,0.5,0.5,0.5,0.5,0.5,0.5,0.5,0.5,0.5,0.5,0.5,0.9961297512054443,2.146266222000122
18,0.1106155589222908,0.2925623059272766,0.5,0.5,0.5,0.5,0.5,0.5,0.5,0.5,0.5,0.5,0.5,0.5,0.5,0.5,0.5,0.5,0.5,0.5,0.5,0.49981263279914856,0.37730294466018677,0.5,0.5,0.5,0.5,0.4958254396915436,0.2925623059272766,0.5608817934989929,0.5,0.36805039644241333,0.5,0.5,0.5,0.5,0.5,0.5,0.5,0.5,0.5,0.5,0.5,0.5,0.5,0.9971108436584473,2.1887295246124268
19,0.10850648581981659,0.25780653953552246,0.5,0.5,0.5,0.5,0.5,0.5,0.5,0.5,0.5,0.5,0.5,0.5,0.5,0.5,0.5,0.5,0.5,0.5,0.5,0.49784645438194275,0.3222920298576355,0.5,0.5,0.5,0.3803540766239166,0.48979008197784424,0.25780653953552246,0.5665690898895264,0.5,0.37138620018959045,0.5,0.5,0.5,0.49990782141685486,0.5,0.5,0.5,0.5,0.5,0.5,0.5,0.5,0.5,0.9969247579574585,2.172999382019043
20,0.10204270482063293,0.2500477433204651,0.5,0.5,0.5,0.5,0.5,0.5,0.5,0.5,0.5,0.5,0.5,0.5,0.5,0.5,0.5,0.5,0.5,0.5,0.5,0.49495044350624084,0.27220115065574646,0.5,0.5,0.5,0.30022895336151123,0.4904065430164337,0.2500477433204651,0.6468367576599121,0.5,0.3714073896408081,0.5,0.5,0.5,0.49990782141685486,0.5,0.5,0.5,0.5,0.5,0.5,0.5,0.5,0.5,0.9976294636726379,2.0726492404937744

21,0.10370352119207382,0.2539893686771393,0.5,0.5,0.5,0.5,0.5,0.5,0.5,0.5,0.5,0.5,0.5,0.5,0.5,0.5,0.5,0.5,0.5,0.5,0.5,0.4932559132575989,0.2592874765396118,0.5,0.5,0.5,0.2674330174922943,0.49041563272476196,0.2539893686771393,0.6036182045936584,0.5,0.37358978390693665,0.5,0.5,0.5,0.499446302652359,0.5,0.5,0.5,0.5,0.5,0.5,0.5,0.5,0.5,0.9968588352203369,2.112218141555786
22,0.10251542180776596,0.2558806538581848,0.5,0.5,0.5,0.5,0.5,0.5,0.5,0.5,0.5,0.5,0.5,0.5,0.5,0.5,0.5,0.5,0.5,0.46358776092529297,0.5,0.48893266916275024,0.2558806538581848,0.5,0.5,0.5,0.2594635784626007,0.48786959052085876,0.2567875385284424,0.6639063358306885,0.5,0.3747220039367676,0.5,0.5,0.5,0.497877836227417,0.5,0.5,0.5,0.5,0.5,0.5,0.5,0.5,0.5,0.9955637454986572,2.1395740509033203
23,0.09970933198928833,0.25538814067840576,0.5,0.5,0.5,0.5,0.5,0.5,0.5,0.5,0.5,0.5,0.5,0.5,0.5,0.5,0.5,0.5,0.5,0.3740099370479584,0.5,0.49166977405548096,0.25749242305755615,0.49876001477241516,0.5,0.5,0.25746622681617737,0.49128788709640503,0.25538814067840576,0.5874648094177246,0.5,0.37079694867134094,0.5,0.5,0.5,0.49898597598075867,0.5,0.5,0.5,0.5,0.5,0.5,0.5,0.5,0.5,0.9968165159225464,2.106343984603882
24,0.09583987295627594,0.24685953557491302,0.5,0.5,0.5,0.5,0.5,0.5,0.5,0.5,0.5,0.5,0.5,0.5,0.5,0.5,0.5,0.5,0.5,0.3729296922683716,0.5,0.48984724283218384,0.24853025376796722,0.49514099955558777,0.5,0.5,0.24862298369407654,0.4890297055244446,0.24685953557491302,0.768337607383728,0.5,0.37203922867774963,0.5,0.5,0.5,0.49668020009994507,0.5,0.5,0.5,0.5,0.5,0.5,0.5,0.5,0.5,0.9974847435951233,2.181013822555542
25,0.09244287759065628,0.24519504606723785,0.5,0.5,0.5,0.5,0.5,0.5,0.5,0.5,0.5,0.5,0.5,0.5,0.5,0.5,0.5,0.5,0.5,0.37071824073791504,0.5,0.4921466112136841,0.24562405049800873,0.49449193477630615,0.5,0.5,0.2467261403799057,0.4916190505027771,0.24519504606723785,0.7310357689857483,0.5,0.3702163100242615,0.5,0.5,0.5,0.4961247444152832,0.5,0.5,0.5,0.5,0.5,0.5,0.5,0.5,0.5,0.9980151653289795,2.209460496902466
26,0.09184573590755463,0.25147590041160583,0.5,0.5,0.5,0.5,0.5,0.5,0.5,0.5,0.5,0.5,0.5,0.5,0.5,0.5,0.5,0.5,0.5,0.3732718825340271,0.5,0.4907424747943878,0.2525128126144409,0.49460023641586304,0.5,0.5,0.25147590041160583,0.49002090096473694,0.25189825892448425,0.7940442562103271,0.5,0.3727323114871979,0.5,0.5,0.5,0.49492713809013367,0.5,0.5,0.5,0.5,0.5,0.5,0.5,0.5,0.5,0.998346209526062,2.1713011264801025
27,0.09103049337863922,0.252093642950058,0.5,0.5,0.5,0.5,0.5,0.5,0.5,0.5,0.5,0.5,0.5,0.5,0.5,0.5,0.5,0.5,0.5,0.3741258680820465,0.5,0.4914730191230774,0.2522393763065338,0.4940250515937805,0.5,0.5,0.25365206599235535,0.4910765290260315,0.252093642950058,0.6985211372375488,0.4997226893901825,0.3712880611419678,0.5,0.5,0.5,0.49464449286460876,0.5,0.5,0.5,0.5,0.5,0.5,0.5,0.5,0.5,0.997965931892395,2.098515748977661
28,0.08785748481750488,0.25511375069618225,0.5,0.5,0.5,0.5,0.5,0.5,0.5,0.5,0.5,0.5,0.5,0.5,0.5,0.5,0.5,0.5,0.5,0.37912291288375854,0.5,0.48935970664024353,0.2558095157146454,0.49222010374069214,0.5,0.5,0.25511375069618225,0.4884827733039856,0.2595825493335724,0.7422868609428406,0.4995385706424713,0.377707839012146,0.5,0.5,0.5,0.4928044378757477,0.5,0.5,0.5,0.5,0.5,0.5,0.5,0.5,0.5,0.9983227849006653,2.165099859237671
29,0.08655213564634323,0.25047528743743896,0.5,0.5,0.5,0.5,0.5,0.5,0.5,0.5,0.5,0.5,0.5,0.5,0.5,0.5,0.5,0.4919578433036804,0.5,0.37396350502967834,0.5,0.4906173646450043,0.25047528743743896,0.4935532808303833,0.5,0.5,0.25094911456108093,0.4905015230178833,0.2548898756504059,0.8206281661987305,0.4998153746128082,0.3726598620414734,0.5,0.5,0.5,0.49363234639167786,0.5,0.5,0.5,0.5,0.5,0.5,0.5,0.5,0.5,0.9989011287689209,2.200683116912842
30,0.08665762841701508,0.2471417635679245,0.5,0.5,0.5,0.5,0.5,0.5,0.5,0.5,0.5,0.5,0.5,0.5,0.5,0.5,0.5,0.5,0.5,0.3684840798377991,0.5,0.4908684194087982,0.2471417635679245,0.49346837401390076,0.5,0.5,0.24819597601890564,0.48947468400001526,0.27038872241973877,0.7664116024971008,0.4994460940361023,0.37243103981018066,0.5,0.5,0.5,0.49289536476135254,0.5,0.5,0.5,0.5,0.5,0.5,0.5,0.5,0.5,0.9981883764266968,2.2057924270629883

31,0.0848509892821312,0.24810102581977844,0.5,0.5,0.5,0.5,0.5,0.5,0.5,0.5,0.5,0.5,0.5,0.5,0.5,0.5,0.5,0.5,0.5,0.3624884784221649,0.5,0.4911479651927948,0.24810102581977844,0.4944929778575897,0.5,0.5,0.24981088936328888,0.489825040102005,0.2599620521068573,0.7701892256736755,0.49926117062568665,0.368382066488266,0.5,0.5,0.5,0.49353766441345215,0.5,0.5,0.5,0.5,0.5,0.5,0.5,0.5,0.5,0.9983665943145752,2.215709924697876
32,0.0821673572063446,0.2565200924873352,0.5,0.5,0.5,0.5,0.5,0.5,0.5,0.5,0.5,0.5,0.5,0.5,0.5,0.5,0.5,0.5,0.5,0.3689686954021454,0.5,0.48747897148132324,0.2567978799343109,0.48991820216178894,0.5,0.5,0.2565200924873352,0.48679208755493164,0.26899614930152893,0.7834136486053467,0.4983367323875427,0.37907105684280396,0.5,0.5,0.5,0.48985427618026733,0.5,0.5,0.5,0.5,0.5,0.5,0.5,0.5,0.5,0.9987037181854248,2.0916452407836914
33,0.08189316093921661,0.25515463948249817,0.5,0.5,0.5,0.5,0.5,0.5,0.5,0.5,0.5,0.5,0.5,0.5,0.5,0.5,0.5,0.5,0.5,0.37265193462371826,0.5,0.49018508195877075,0.25650274753570557,0.4926903247833252,0.5,0.5,0.25515463948249817,0.48985397815704346,0.28701111674308777,0.8779282569885254,0.49880051612854004,0.36665430665016174,0.5,0.5,0.5,0.49317091703414917,0.5,0.5,0.5,0.5,0.5,0.5,0.5,0.5,0.5,0.9988784790039062,2.250731945037842
34,0.08397239446640015,0.24852408468723297,0.5,0.5,0.5,0.5,0.5,0.5,0.5,0.5,0.5,0.5,0.5,0.5,0.5,0.5,0.5,0.5,0.5,0.3674033284187317,0.5,0.49095824360847473,0.24852408468723297,0.49430200457572937,0.5,0.5,0.24933460354804993,0.49005118012428284,0.30812323093414307,0.8105347156524658,0.499723345041275,0.32418906688690186,0.5,0.5,0.5,0.4944741129875183,0.5,0.5,0.5,0.5,0.5,0.5,0.5,0.5,0.5,0.9981778860092163,2.19916033744812
35,0.08149999380111694,0.25557249784469604,0.5,0.5,0.5,0.5,0.5,0.5,0.5,0.5,0.5,0.5,0.5,0.5,0.5,0.5,0.5,0.5,0.5,0.3701418340206146,0.5,0.4905235469341278,0.25557249784469604,0.493144154548645,0.5,0.5,0.2561763525009155,0.4893032908439636,0.3107457458972931,0.8332294225692749,0.4999077618122101,0.34045901894569397,0.5,0.5,0.5,0.49372926354408264,0.5,0.5,0.5,0.5,0.5,0.5,0.5,0.5,0.5,0.9983165264129639,2.1020679473876953
36,0.07630263268947601,0.24519504606723785,0.5,0.5,0.5,0.5,0.5,0.5,0.5,0.5,0.5,0.5,0.5,0.5,0.5,0.5,0.5,0.5,0.5,0.3682563006877899,0.5,0.4896725118160248,0.24519504606723785,0.49362754821777344,0.5,0.5,0.24524171650409698,0.4887353181838989,0.34524714946746826,0.8701837062835693,0.4997231066226959,0.3258614242076874,0.5,0.5,0.5,0.4928966760635376,0.5,0.5,0.5,0.5,0.5,0.5,0.5,0.5,0.5,0.9992839097976685,2.1564102172851562
37,0.0757591724395752,0.24662098288536072,0.5,0.5,0.5,0.5,0.5,0.5,0.5,0.5,0.5,0.5,0.5,0.5,0.5,0.5,0.5,0.5,0.5,0.3583133816719055,0.5,0.49149850010871887,0.24734345078468323,0.4947788119316101,0.5,0.5,0.24662098288536072,0.49062854051589966,0.3603912591934204,0.8724071979522705,0.5,0.32398149371147156,0.5,0.5,0.5,0.4945572018623352,0.5,0.5,0.5,0.5,0.5,0.5,0.5,0.5,0.5,0.998913049697876,2.217918872833252
38,0.07425787299871445,0.25541824102401733,0.5,0.5,0.5,0.5,0.5,0.5,0.5,0.5,0.5,0.5,0.5,0.5,0.5,0.5,0.5,0.5,0.5,0.3543277978897095,0.5,0.48923826217651367,0.25541824102401733,0.4946615695953369,0.5026595592498779,0.5,0.2565002739429474,0.4880410134792328,0.34687501192092896,0.8329831957817078,0.5,0.31862837076187134,0.5,0.5,0.5,0.4941903352737427,0.5,0.5,0.5,0.5,0.5,0.5,0.5,0.5,0.5,0.9992551207542419,2.1545488834381104
39,0.07029582560062408,0.25052371621131897,0.5,0.5,0.5,0.5,0.5,0.5,0.5,0.5,0.5,0.5,0.5,0.5,0.5,0.5,0.5,0.5,0.4958263635635376,0.3506816625595093,0.5,0.4911198318004608,0.25052371621131897,0.4975467026233673,0.5994623899459839,0.5,0.2519431412220001,0.49749165773391724,0.3994121551513672,0.931816816329956,0.5,0.2975352108478546,0.5,0.5,0.5,0.4947436451911926,0.5,0.5,0.5,0.5,0.5,0.5,0.5,0.5,0.5,0.9994477033615112,2.131906270980835
40,0.07103589922189713,0.2568824887275696,0.5,0.5,0.5,0.5,0.5,0.5,0.5,0.5,0.5,0.5,0.5,0.5,0.5,0.5,0.5,0.5,0.4993516206741333,0.3441355228424072,0.5,0.4885938763618469,0.2568824887275696,0.497158020734787,0.6719576716423035,0.5,0.2571781575679779,0.496142715215683,0.4485030770301819,0.9023779630661011,0.5,0.29263997077941895,0.5,0.5,0.5,0.4932607114315033,0.5,0.5,0.5,0.5,0.5,0.5,0.5,0.5,0.5,0.9985096454620361,2.122251033782959

41,0.07242876291275024,0.2554502487182617,0.5,0.5,0.5,0.5,0.5,0.5,0.5,0.5,0.5,0.5,0.5,0.5,0.5,0.5,0.5,0.5,0.4347906708717346,0.3405783772468567,0.5,0.48944714665412903,0.2554502487182617,0.49627649784088135,0.7410012483596802,0.5,0.25927677750587463,0.48851338028907776,0.4686717987060547,0.8198208808898926,0.5,0.2876089811325073,0.5,0.5,0.5,0.49492618441581726,0.5,0.5,0.5,0.5,0.5,0.5,0.5,0.5,0.5,0.9983171224594116,2.150622844696045
42,0.06782183051109314,0.25638338923454285,0.5,0.5,0.5,0.5,0.5,0.5,0.5,0.5,0.5,0.5,0.5,0.5,0.5,0.5,0.5,0.5,0.38545724749565125,0.3406411111354828,0.5,0.49089545011520386,0.25638338923454285,0.496953547000885,0.721875011920929,0.5081080794334412,0.2596774101257324,0.4901215732097626,0.5005970597267151,0.8712694644927979,0.5,0.28899165987968445,0.5,0.5,0.5,0.4940970242023468,0.5,0.5,0.5,0.5,0.5,0.5,0.5,0.5,0.5,0.9992435574531555,2.2962300777435303
43,0.06529038399457932,0.24957281351089478,0.5,0.5,0.5,0.5,0.5,0.5,0.5,0.5,0.5,0.5,0.5,0.5,0.5,0.5,0.5,0.5,0.4339011311531067,0.3307848274707794,0.5,0.49020522832870483,0.24957281351089478,0.5163428783416748,0.9037058353424072,0.510869562625885,0.25693759322166443,0.49847036600112915,0.5680080652236938,0.874762773513794,0.5,0.2834383249282837,0.5,0.5,0.5,0.49326691031455994,0.5,0.5,0.5,0.5,0.5,0.5,0.5,0.5,0.5,0.9990888833999634,2.1446053981781006
44,0.06281490623950958,0.2515186071395874,0.5,0.5,0.5,0.5,0.5,0.5,0.5,0.5,0.5,0.5,0.5,0.5,0.5,0.5,0.5,0.5,0.42824074625968933,0.33271992206573486,0.5,0.49018874764442444,0.2515186071395874,0.6464011669158936,0.9143497943878174,0.5146198868751526,0.2630043923854828,0.49004173278808594,0.6064876317977905,0.9510335326194763,0.5,0.2925836741924286,0.5,0.5,0.5,0.4943747818470001,0.5,0.5,0.5,0.5,0.5,0.5,0.5,0.5,0.5,0.999263346195221,2.132452964782715
45,0.06013470143079758,0.2467968463897705,0.5,0.5,0.5,0.5,0.5,0.5,0.5,0.5,0.5,0.5,0.5,0.5,0.4554693400859833,0.5,0.5,0.5,0.38120830059051514,0.33922651410102844,0.5,0.4906768500804901,0.2467968463897705,0.6176705360412598,0.936170220375061,0.6763157844543457,0.38161876797676086,0.5217419266700745,0.6333017349243164,0.9669135808944702,0.5,0.2902091443538666,0.5,0.5,0.5,0.49473780393600464,0.5,0.5,0.5,0.5,0.5,0.5,0.5,0.5,0.5,0.9994617700576782,2.177166700363159
46,0.057094499468803406,0.2696085274219513,0.5,0.5,0.5,0.5,0.5,0.5,0.5,0.5,0.5,0.5,0.5,0.5,0.47649770975112915,0.5,0.5,0.5,0.351258784532547,0.331246554851532,0.5,0.48981308937072754,0.2696085274219513,0.7574499845504761,0.967391312122345,0.7857142686843872,0.5934305191040039,0.5646387934684753,0.6352914571762085,0.9488619565963745,0.5,0.3121766448020935,0.5,0.5,0.5,0.49418818950653076,0.5,0.5,0.5,0.5,0.5,0.5,0.5,0.5,0.5,0.999630331993103,2.102203130722046
47,0.06052141264081001,0.29966628551483154,0.5,0.5,0.5,0.5,0.5,0.5,0.5,0.5,0.5,0.5,0.5,0.5,0.4504977762699127,0.5,0.5,0.5,0.4245840907096863,0.3240979313850403,0.5,0.4907563030719757,0.29966628551483154,0.7429589033126831,0.9329608678817749,0.7485875487327576,0.6439365148544312,0.6758953332901001,0.5982620716094971,0.9442800283432007,0.5,0.30762821435928345,0.5,0.5,0.5,0.4947436451911926,0.5,0.5,0.5,0.5,0.5,0.5,0.5,0.5,0.5,0.998150646686554,2.119415760040283
48,0.05636148899793625,0.30589109659194946,0.5,0.5,0.5,0.5,0.5,0.5,0.5,0.5,0.5,0.5,0.5,0.5,0.5,0.5,0.5,0.5,0.4816904067993164,0.3215863108634949,0.5,0.4913986623287201,0.3881310224533081,0.7501484155654907,0.8843308091163635,0.825355052947998,0.7700676321983337,0.7774094939231873,0.6255959272384644,0.9318685531616211,0.4999076724052429,0.30589109659194946,0.5,0.5,0.5,0.4956634044647217,0.5,0.5,0.5,0.5,0.5,0.5,0.5,0.5,0.5,0.9990918636322021,2.1310484409332275
49,0.054050642997026443,0.3076566457748413,0.5,0.5,0.5,0.5,0.5,0.5,0.5,0.5,0.5,0.5,0.5,0.5,0.386745423078537,0.5,0.5,0.5,0.36804524064064026,0.32069218158721924,0.5,0.491218239068985,0.48774808645248413,0.7692728042602539,0.9715908765792847,0.9153005480766296,0.7766816020011902,0.811943531036377,0.6657117009162903,0.8916559815406799,0.5,0.3076566457748413,0.5,0.5,0.5,0.4938180446624756,0.5,0.5,0.5,0.5,0.5,0.5,0.5,0.5,0.5,0.9992520809173584,2.1888480186462402
50,0.051148027181625366,0.3014732897281647,0.5,0.5,0.5,0.5,0.5,0.5,0.5,0.5,0.5,0.5,0.5,0.5,0.46480560302734375,0.5,0.5,0.4999077618122101,0.3590976297855377,0.3014732897281647,0.5,0.49159035086631775,0.692598819732666,0.8910893201828003,0.9883720874786377,0.8826530575752258,0.8016380071640015,0.847628116607666,0.7164596319198608,0.9772568941116333,0.5,0.30435991287231445,0.5,0.5,0.5,0.4927964508533478,0.5,0.5,0.5,0.5,0.5,0.5,0.5,0.5,0.5,0.9996378421783447,2.3019793033599854

51,0.05093691125512123,0.29784491658210754,0.5,0.5,0.5,0.5,0.5,0.5,0.5,0.5,0.5,0.5,0.5,0.5,0.5,0.5,0.5,0.5,0.3852352797985077,0.29784491658210754,0.5,0.5114650130271912,0.7290687561035156,0.8406843543052673,0.9946236610412598,0.960106372833252,0.80184006690979,0.8830063343048096,0.727371335029602,0.9439745545387268,0.5,0.31091582775115967,0.5,0.5,0.5,0.49483394622802734,0.5,0.5,0.5,0.5,0.5,0.49990707635879517,0.5,0.5,0.5,0.9989011287689209,2.179504632949829
52,0.04966659098863602,0.2894785404205322,0.5,0.5,0.5,0.5,0.48330873250961304,0.5,0.5,0.5,0.5,0.5,0.5,0.5,0.425351083278656,0.5,0.5,0.5,0.34094691276550293,0.2894785404205322,0.5,0.49714621901512146,0.7523860931396484,0.9654273390769958,0.981675386428833,0.9171597957611084,0.7792563438415527,0.8783153295516968,0.7294614315032959,0.9601221084594727,0.5,0.3232734799385071,0.5,0.5,0.5,0.4924270510673523,0.5,0.5,0.5,0.5,0.5,0.5389695167541504,0.5,0.5,0.5,0.9996282458305359,2.1592164039611816
53,0.04820970073342323,0.2823442816734314,0.5,0.5,0.5,0.5,0.37758874893188477,0.5,0.5,0.5,0.5,0.5,0.5,0.5,0.3617473244667053,0.5,0.5,0.4997231364250183,0.32261353731155396,0.2823442816734314,0.5,0.5114454627037048,0.7480576038360596,0.981626033782959,1.0,0.7792208194732666,0.8120601177215576,0.9029620885848999,0.7288593649864197,0.9818809032440186,0.5,0.3159305155277252,0.5,0.5,0.5,0.4928874969482422,0.5,0.5,0.5,0.5,0.5,0.5299999713897705,0.5,0.5,0.5,0.9992779493331909,2.3722126483917236
54,0.04663754627108574,0.28249263763427734,0.5,0.5,0.5,0.5,0.3715418577194214,0.5,0.5,0.5,0.5,0.5,0.5,0.5,0.36502954363822937,0.5,0.5,0.49990782141685486,0.33500000834465027,0.28249263763427734,0.5,0.5320374965667725,0.752756655216217,0.9857624769210815,1.0,0.9196428656578064,0.8139146566390991,0.9521700739860535,0.6800599098205566,0.9650849103927612,0.5,0.31917452812194824,0.5,0.5,0.5,0.4932681620121002,0.5,0.5,0.5,0.5,0.5,0.5294784903526306,0.5,0.5,0.5,0.9992663264274597,2.289957284927368
55,0.047037143260240555,0.27808472514152527,0.5,0.5,0.5,0.4389883577823639,0.3701958656311035,0.5,0.5,0.5,0.5,0.5,0.5,0.5,0.36744099855422974,0.5,0.5,0.49972298741340637,0.32237452268600464,0.27808472514152527,0.5,0.6435407400131226,0.7460024952888489,0.9410292506217957,0.97404944896698,0.9828571081161499,0.8112549781799316,0.9317396879196167,0.7041435241699219,0.9660995602607727,0.5,0.30318164825439453,0.5,0.5,0.5,0.49372926354408264,0.5,0.5,0.5,0.5,0.5,0.6218781471252441,0.5,0.5,0.5,0.9994533658027649,2.1389191150665283
56,0.04478558525443077,0.2764272689819336,0.5,0.5,0.5,0.48442110419273376,0.3696494400501251,0.5,0.5,0.5,0.5,0.5,0.5,0.5,0.36310839653015137,0.5,0.5,0.49963098764419556,0.3248843550682068,0.2764272689819336,0.5,0.6889303922653198,0.7526075839996338,0.9760714769363403,0.9972677230834961,0.9887640476226807,0.8207205533981323,0.9593199491500854,0.6949042081832886,0.9779351949691772,0.5,0.30757126212120056,0.5,0.5,0.5,0.49271082878112793,0.5,0.5,0.5,0.5,0.5,0.6028956174850464,0.5,0.5,0.5,0.9992722272872925,2.1442527770996094
57,0.04503052309155464,0.27752208709716797,0.5,0.5,0.5,0.40569689869880676,0.36512187123298645,0.5,0.5,0.5,0.5,0.5,0.5,0.5,0.36916404962539673,0.5,0.5,0.49870753288269043,0.3231469392776489,0.27752208709716797,0.5,0.8159271478652954,0.7554584741592407,0.9897782206535339,0.989130437374115,0.9998107552528381,0.827035665512085,0.983960747718811,0.7476396560668945,0.9308593273162842,0.5,0.30749306082725525,0.5,0.5,0.5,0.49262264370918274,0.5,0.5,0.5,0.5,0.5,0.568779706954956,0.5,0.5,0.5,0.9990825653076172,2.1834888458251953
58,0.04115048050880432,0.27830013632774353,0.5,0.5,0.5,0.3932522237300873,0.36972543597221375,0.5,0.5,0.5,0.5,0.5,0.5,0.5,0.3555350601673126,0.5,0.5,0.49926280975341797,0.32567617297172546,0.27830013632774353,0.5,0.8189435005187988,0.7560765743255615,0.9903221130371094,0.9850854873657227,0.9910179376602173,0.8190940618515015,0.9147035479545593,0.7473152875900269,0.9694869518280029,0.5,0.3079414963722229,0.5,0.5,0.5,0.49539169669151306,0.5,0.5,0.5,0.5,0.5,0.7044532299041748,0.5,0.5,0.5,0.9994481205940247,2.149205446243286
59,0.040850408375263214,0.2756398320198059,0.5,0.5,0.5,0.3735716938972473,0.3636447489261627,0.5,0.5,0.5,0.5,0.5,0.5,0.5,0.32286664843559265,0.5,0.5,0.49815496802330017,0.3284974992275238,0.2756398320198059,0.5,0.8213810920715332,0.7594034671783447,0.9974315166473389,1.0,1.0,0.8265169858932495,0.9537022113800049,0.7379897236824036,0.9843683838844299,0.5,0.3071441650390625,0.5,0.5,0.5,0.4937153458595276,0.5,0.5,0.5,0.5,0.5,0.6639695167541504,0.5,0.5,0.5,0.9994465112686157,2.137882709503174
60,0.03897438198328018,0.27189916372299194,0.5,0.5,0.5,0.3702029585838318,0.33973410725593567,0.5,0.5,0.5,0.5,0.5,0.5,0.5,0.3230840265750885,0.5,0.5,0.4982481896877289,0.4018738865852356,0.27189916372299194,0.5,0.92649906873703,0.7551855444908142,0.9980912208557129,0.9971591234207153,0.9999048709869385,0.8221172094345093,0.9795688986778259,0.7397987842559814,0.9670764207839966,0.5,0.3064754903316498,0.5,0.5,0.5,0.493633508682251,0.5,0.5,0.5,0.5,0.5,0.692307710647583,0.5,0.5,0.5,0.9994602203369141,2.1943037509918213

61,0.04133385047316551,0.2764586806297302,0.5,0.5,0.5,0.3654059171676636,0.35871168971061707,0.5,0.5,0.5,0.5,0.5,0.5,0.5,0.33870968222618103,0.5,0.5,0.49714022874832153,0.37578850984573364,0.2764586806297302,0.5,0.9145408272743225,0.7623603343963623,0.9945375919342041,0.9850174188613892,1.0,0.8166276216506958,0.9586269855499268,0.6910104751586914,0.9839217662811279,0.5,0.3069380223751068,0.5,0.5,0.5,0.4926171898841858,0.5,0.5,0.5,0.5,0.5,0.6116973757743835,0.5,0.5,0.5,0.9992671012878418,2.1544668674468994
62,0.03734521195292473,0.2713470757007599,0.5,0.5,0.5,0.36054232716560364,0.3148319125175476,0.5,0.5,0.5,0.5,0.5,0.5,0.5,0.32177120447158813,0.5,0.5,0.4943675100803375,0.3687276542186737,0.2713470757007599,0.5,0.9575471878051758,0.7553656101226807,0.9878004193305969,0.9945652484893799,0.9999048113822937,0.8225314617156982,0.9618978500366211,0.7447293400764465,0.9867490530014038,0.4996310770511627,0.3035152554512024,0.5,0.5,0.5,0.49271756410598755,0.5,0.5,0.5,0.5,0.5,0.7615385055541992,0.5,0.5,0.5,0.999463677406311,2.1680843830108643
63,0.037281230092048645,0.28635862469673157,0.5,0.5,0.5,0.3671644628047943,0.3485155701637268,0.5,0.5,0.5,0.5,0.5,0.5,0.5,0.32680946588516235,0.5,0.5,0.4928901195526123,0.353276789188385,0.28635862469673157,0.5,0.9794982671737671,0.7769449949264526,0.9979904294013977,1.0,0.9998098611831665,0.83203125,0.9849571585655212,0.7600572109222412,0.9872116446495056,0.4997228980064392,0.3137962818145752,0.5,0.5,0.5,0.49418818950653076,0.5,0.5,0.5,0.5,0.5,0.6440677642822266,0.5,0.5,0.5,0.9992371797561646,2.122164487838745
64,0.03754150867462158,0.2743093967437744,0.5,0.5,0.5,0.35992252826690674,0.34423962235450745,0.5,0.5,0.5,0.5,0.5,0.5,0.5,0.3096643388271332,0.5,0.5,0.49538999795913696,0.37171471118927,0.2743093967437744,0.5,0.9766160249710083,0.7701345682144165,0.9911075830459595,0.9735293984413147,0.9997132420539856,0.8236746788024902,0.9453049898147583,0.7360283136367798,0.9656702876091003,0.4996303915977478,0.3131827414035797,0.5,0.5,0.5,0.49298763275146484,0.5,0.5,0.5,0.5,0.5,0.7911392450332642,0.5,0.5,0.5,0.999081552028656,2.0624337196350098
65,0.034634511917829514,0.269429087638855,0.5,0.5,0.5,0.33705687522888184,0.3407079577445984,0.5,0.5,0.5,0.5,0.5,0.5,0.5,0.32095465064048767,0.5,0.5,0.4962176978588104,0.3870545029640198,0.269429087638855,0.5,0.9576812982559204,0.7716236710548401,0.9934852123260498,1.0,0.9999046325683594,0.8257561326026917,0.9774603247642517,0.7498573064804077,0.974647581577301,0.49990782141685486,0.3075639605522156,0.5,0.5,0.5,0.49168822169303894,0.5,0.5,0.5,0.5,0.5,0.699999988079071,0.5,0.5,0.5,0.9998180866241455,2.21001935005188
66,0.03461418300867081,0.27453508973121643,0.5,0.5,0.5,0.35736677050590515,0.34147465229034424,0.5,0.5,0.5,0.46479395031929016,0.5,0.5,0.5,0.31258082389831543,0.5,0.5,0.49178510904312134,0.4100646376609802,0.27453508973121643,0.5,0.96617591381073,0.775613009929657,0.9974295496940613,0.9942857027053833,1.0,0.8318389654159546,0.9712924957275391,0.7244898080825806,0.9868057370185852,0.4999077022075653,0.31512683629989624,0.5,0.5,0.5,0.49317091703414917,0.5,0.5,0.5,0.5,0.5,0.7647058963775635,0.5,0.5,0.5,0.9992671012878418,2.1158058643341064
67,0.03362668678164482,0.2728026509284973,0.5,0.5,0.5,0.3310897946357727,0.32690533995628357,0.5,0.5,0.5,0.44941848516464233,0.5,0.5,0.5,0.29664143919944763,0.5,0.5,0.49704688787460327,0.4193395972251892,0.2728026509284973,0.5,0.9870571494102478,0.7755432724952698,0.9860116839408875,0.984378457069397,0.999809205532074,0.8302427530288696,0.9841492176055908,0.7517945766448975,0.9838699102401733,0.49990782141685486,0.3133098781108856,0.5,0.5161290168762207,0.5,0.4931633472442627,0.5,0.5,0.5,0.5,0.5,0.8275861740112305,0.5,0.5,0.5,0.9994438290596008,2.1109766960144043
68,0.03231332451105118,0.27442845702171326,0.5,0.5,0.5,0.34852397441864014,0.3171834647655487,0.5,0.5,0.5,0.49935436248779297,0.5,0.5,0.5,0.30779173970222473,0.5,0.5,0.49289143085479736,0.39798247814178467,0.27442845702171326,0.5,0.9987841248512268,0.7832728624343872,0.9976212978363037,1.0,1.0,0.8330472707748413,0.991426944732666,0.7583285570144653,0.9911931753158569,0.49990779161453247,0.3172362446784973,0.5,0.5,0.5,0.494558185338974,0.5,0.5,0.5,0.5,0.5,0.8257575631141663,0.5,0.5,0.5,1.0,2.0894181728363037
69,0.032254546880722046,0.26500919461250305,0.5,0.5,0.5,0.3214615285396576,0.32042059302330017,0.5,0.5,0.5,0.46595314145088196,0.5,0.5,0.5,0.31011608242988586,0.5,0.5,0.4949224591255188,0.34430474042892456,0.26500919461250305,0.5,0.9987852573394775,0.7789573669433594,0.9968643188476562,1.0,1.0,0.832602858543396,0.9900586605072021,0.7486193180084229,0.9869006276130676,0.4992610514163971,0.31273165345191956,0.5,0.5,0.5,0.49354124069213867,0.5,0.5,0.5,0.5,0.5,0.8090909123420715,0.5,0.5,0.5,0.999454140663147,2.169252395629883
70,0.03240201994776726,0.2681466341018677,0.5,0.5,0.5,0.31269606947898865,0.3101254105567932,0.5,0.5,0.5,0.47482943534851074,0.5,0.5,0.4995380640029907,0.30252721905708313,0.5,0.5,0.49382147192955017,0.4400951564311981,0.2681466341018677,0.5,0.9983165264129639,0.7711778879165649,0.996768057346344,0.991525411605835,1.0,0.8299106359481812,0.9617428779602051,0.7475926876068115,0.9896071553230286,0.49953874945640564,0.3166944086551666,0.5,0.5,0.5,0.4938260316848755,0.5,0.5,0.5,0.5,0.5,0.7962962985038757,0.5,0.5,0.5,0.9994527101516724,2.102444648742676

71,0.031078755855560303,0.26864296197891235,0.5,0.5,0.5,0.31795534491539,0.2998710572719574,0.5,0.5,0.5,0.4236021339893341,0.5,0.5,0.5,0.294275164604187,0.5,0.5,0.4949299395084381,0.4343901574611664,0.26864296197891235,0.5,0.9984123706817627,0.7803159952163696,0.9966641664505005,0.9884393215179443,1.0,0.8320060968399048,0.9682936668395996,0.7494784593582153,0.9861475825309753,0.4996309280395508,0.31348544359207153,0.5,0.5,0.5,0.4934538006782532,0.5,0.5,0.5,0.5,0.5,0.9210526347160339,0.5,0.5,0.5,0.9994556903839111,2.136777877807617
72,0.02992795966565609,0.27178919315338135,0.5,0.5,0.5,0.3211389482021332,0.31734317541122437,0.5,0.5,0.5,0.381321519613266,0.5,0.5,0.49926117062568665,0.30211982131004333,0.5,0.5,0.49418604373931885,0.4120139479637146,0.27178919315338135,0.5,0.9975714683532715,0.7952046990394592,0.9959862232208252,1.0,1.0,0.8359923958778381,0.9902276992797852,0.7540122270584106,0.9900990128517151,0.4993540048599243,0.32741397619247437,0.5,0.6538461446762085,0.5,0.49409377574920654,0.5,0.5,0.5,0.5,0.5,0.921875,0.5,0.5,0.5,0.999813437461853,2.1614112854003906
73,0.028617577627301216,0.2672445476055145,0.5,0.5,0.5,0.3305366039276123,0.30363067984580994,0.5,0.5,0.5,0.3562465310096741,0.5,0.5,0.4937211573123932,0.3094579577445984,0.5,0.5,0.49594545364379883,0.45074453949928284,0.2672445476055145,0.5,0.9977578520774841,0.7922769784927368,0.9978170394897461,1.0,1.0,0.8382408618927002,0.9851177930831909,0.7546181678771973,0.9903974533081055,0.499538391828537,0.320311039686203,0.5,0.5,0.5,0.494276225566864,0.5,0.5,0.5,0.5,0.5,0.9769231081008911,0.5,0.5,0.5,0.9998133778572083,2.1808700561523438
74,0.030497906729578972,0.26961326599121094,0.5,0.5,0.5,0.3152354657649994,0.326267272233963,0.5,0.5,0.5,0.36796456575393677,0.5,0.5,0.49326691031455994,0.3090892434120178,0.5,0.5,0.4965892434120178,0.4691157937049866,0.26961326599121094,0.5,0.9982249736785889,0.7929235100746155,0.984108030796051,0.9942553043365479,0.9999046325683594,0.8362511992454529,0.9574123620986938,0.7384672164916992,0.9712672829627991,0.4994460940361023,0.325671911239624,0.5,0.5,0.5714285969734192,0.49355077743530273,0.5,0.5,0.5,0.49990689754486084,0.5,0.9426229596138,0.5,0.5,0.5,0.9992570877075195,2.1727688312530518
75,0.02810577303171158,0.2615186274051666,0.5,0.5,0.5,0.30884793400764465,0.2925659418106079,0.5,0.5,0.5,0.3507930636405945,0.5,0.5,0.48790842294692993,0.28819188475608826,0.5,0.5,0.5602453351020813,0.5664929151535034,0.2615186274051666,0.5,0.998228907585144,0.7863800525665283,0.9944354295730591,0.9974489808082581,1.0,0.833396852016449,0.9789643883705139,0.7465818524360657,0.9906684160232544,0.49926185607910156,0.3159792721271515,0.5,0.5625,0.5270270109176636,0.4952969253063202,0.5,0.5,0.5,0.5,0.5,1.0,0.5,0.5,0.5,0.9996387362480164,2.157156467437744
76,0.0279147457331419,0.26957082748413086,0.49990764260292053,0.5,0.5,0.3114269971847534,0.28476452827453613,0.5,0.5,0.5,0.3414634168148041,0.5,0.5,0.49012914299964905,0.2973421812057495,0.5,0.5,0.6591846942901611,0.45986974239349365,0.26957082748413086,0.5,0.9979485273361206,0.7914367318153381,0.9966837167739868,1.0,1.0,0.8404902219772339,0.992131233215332,0.7520440816879272,0.9918591380119324,0.49889156222343445,0.3236764073371887,0.5,0.6190476417541504,0.5131579041481018,0.49502211809158325,0.5,0.5,0.5,0.5,0.5,1.0,0.5,0.5,0.5,0.9996289014816284,2.114560604095459
77,0.02596130035817623,0.26712706685066223,0.4995380640029907,0.5,0.5,0.30260002613067627,0.2765878736972809,0.5,0.5,0.5,0.349261999130249,0.5,0.5,0.48411524295806885,0.2893621027469635,0.5,0.5,0.4940047860145569,0.4875231087207794,0.26712706685066223,0.5,0.9982242584228516,0.7863255739212036,0.9976245164871216,1.0,1.0,0.8419152498245239,0.9814499616622925,0.7488097548484802,0.9915479421615601,0.49778106808662415,0.3153703808784485,0.5,0.6388888955116272,0.5540540814399719,0.495292603969574,0.5,0.5,0.5,0.5,0.5,0.9999073147773743,0.5725806355476379,0.5,0.5,0.9998168349266052,2.189190626144409
78,0.027019372209906578,0.26170721650123596,0.49917036294937134,0.5,0.5,0.30020302534103394,0.2995944023132324,0.5,0.5,0.5,0.33194753527641296,0.5,0.5,0.4592626690864563,0.2921275794506073,0.5,0.5,0.7181340456008911,0.4896180033683777,0.26170721650123596,0.5,0.9989728927612305,0.7887725830078125,0.9912152290344238,1.0,1.0,0.8421002626419067,0.977965235710144,0.749762773513794,0.9831099510192871,0.4988935887813568,0.3187384009361267,0.5,0.8461538553237915,0.5833333134651184,0.4937222898006439,0.5631579160690308,0.5,0.5,0.5,0.5,1.0,0.6470588445663452,0.524193525314331,0.5,0.9994555711746216,2.286550998687744
79,0.0253068245947361,0.2657831907272339,0.4991694390773773,0.5,0.5,0.30049851536750793,0.2988950312137604,0.49990779161453247,0.523809552192688,0.5,0.3372693657875061,0.5,0.5,0.4605166018009186,0.2862947881221771,0.5,0.5,0.7423487901687622,0.6539394855499268,0.2657831907272339,0.5,0.9989687204360962,0.7935072183609009,0.9938499927520752,0.9999047517776489,1.0,0.8443790674209595,0.9635759592056274,0.7367114424705505,0.9853238463401794,0.4985220730304718,0.32349130511283875,0.5,0.7352941036224365,0.640625,0.49288880825042725,0.5570110082626343,0.5,0.5,0.5079365372657776,0.5,1.0,0.6759259104728699,0.5755714774131775,0.5,0.9998176097869873,2.1354541778564453
80,0.022949691861867905,0.2658752202987671,0.49787744879722595,0.5,0.5,0.28865694999694824,0.2915898263454437,0.5,0.5,0.5,0.33822986483573914,0.5,0.5,0.4609360694885254,0.28264477849006653,0.5,0.5,0.4954805374145508,0.5804040431976318,0.2658752202987671,0.5,0.9980322122573853,0.7881581783294678,0.9967625141143799,1.0,1.0,0.8478507995605469,0.9893999695777893,0.7460877895355225,0.9891963601112366,0.4969523549079895,0.3511160612106323,0.5,0.8409091234207153,0.7222222089767456,0.4937327206134796,0.9058127403259277,0.5,0.5,0.5,0.5,1.0,0.7295081615447998,0.5697674751281738,0.5,1.0,2.130013942718506

81,0.02449309080839157,0.26865673065185547,0.49575644731521606,0.5,0.5,0.3057912290096283,0.279243528842926,0.5,0.5,0.5,0.3328719139099121,0.5,0.5,0.4810103178024292,0.2908906638622284,0.5,0.5,0.8571652173995972,0.6342009902000427,0.26865673065185547,0.5348837375640869,0.9992534518241882,0.7957438826560974,0.9975261688232422,1.0,1.0,0.8423062562942505,0.9810093641281128,0.7506198883056641,0.9653046131134033,0.4976941645145416,0.3308946192264557,0.5,0.7749999761581421,0.7317073345184326,0.4947455823421478,0.8317436575889587,0.5,0.5,0.5163934230804443,0.49972081184387207,0.9999070167541504,0.7254902124404907,0.6363636255264282,0.5,0.9996331930160522,2.0567123889923096
82,0.023306064307689667,0.263172447681427,0.49622049927711487,0.5,0.5,0.3022677004337311,0.27791106700897217,0.5,0.5,0.5,0.33228781819343567,0.5,0.5,0.3843593895435333,0.2899833917617798,0.5,0.5,0.6176199316978455,0.6390298008918762,0.263172447681427,0.5,0.9998135566711426,0.7941622734069824,0.9977155923843384,1.0,1.0,0.8415907621383667,0.9902184009552002,0.7485779523849487,0.9898386001586914,0.4968652129173279,0.3679265081882477,0.5,0.9347826242446899,0.7448979616165161,0.4937211573123932,0.9317079186439514,0.5,0.5,0.523809552192688,0.5,0.9909785985946655,0.8260869979858398,0.6247209906578064,0.5305832028388977,0.9994567632675171,2.085414171218872
83,0.021025020629167557,0.27093687653541565,0.49852481484413147,0.5,0.5,0.29839304089546204,0.28832319378852844,0.49944597482681274,0.7058823704719543,0.5,0.33988192677497864,0.5,0.5,0.3824940025806427,0.2895660102367401,0.5,0.5,0.9445571899414062,0.7101073265075684,0.27093687653541565,0.5,0.9992517828941345,0.8026015758514404,0.9960952401161194,1.0,1.0,0.8528175354003906,0.9889355301856995,0.7562713623046875,0.9888002872467041,0.4970485270023346,0.3327774703502655,0.5,0.8999999761581421,0.7558139562606812,0.4928927421569824,0.9822901487350464,0.5,0.5,0.5116279125213623,0.5,0.9999073147773743,0.8703703880310059,0.8381422162055969,0.5092592835426331,0.9998138546943665,2.1391234397888184
84,0.023720758035779,0.27183929085731506,0.49446800351142883,0.5,0.5,0.3035615384578705,0.28691399097442627,0.5,0.5869565010070801,0.5,0.3331177234649658,0.5,0.5,0.39040589332580566,0.29129794239997864,0.5,0.5,0.8904018402099609,0.6260478496551514,0.27183929085731506,0.5304877758026123,0.9997195601463318,0.8004361391067505,0.9808655977249146,0.9917126893997192,1.0,0.8581042289733887,0.9852203726768494,0.7296412587165833,0.9673605561256409,0.49769458174705505,0.39762037992477417,0.5,0.976190447807312,0.7435897588729858,0.49353885650634766,0.8809432983398438,0.5,0.5163934230804443,0.5288461446762085,0.49990689754486084,0.9659091234207153,0.8306452035903931,0.8228908777236938,0.5196436047554016,0.9996243715286255,2.1454532146453857
85,0.02230609953403473,0.26565954089164734,0.4949280619621277,0.5,0.5,0.3009789288043976,0.2851346433162689,0.5,0.6071428656578064,0.5,0.3340103328227997,0.5,0.5,0.3619830012321472,0.2890610694885254,0.5,0.5,0.770479679107666,0.6903576850891113,0.26565954089164734,0.5659340620040894,0.9993428587913513,0.8004173636436462,0.9972491264343262,0.9975124597549438,1.0,0.8583080768585205,0.9709547758102417,0.7557121515274048,0.984548807144165,0.49676764011383057,0.33410435914993286,0.5,0.5789473652839661,0.8194444179534912,0.4945591986179352,0.9684407114982605,0.5,0.6328125,0.5819672346115112,0.5,1.0,0.9264705777168274,0.6388888955116272,0.5783852338790894,0.9996256232261658,2.168945789337158
86,0.02053486928343773,0.266433447599411,0.4921557903289795,0.5,0.5,0.2990964353084564,0.29235023260116577,0.5,0.5833333134651184,0.5,0.3328721523284912,0.5,0.5,0.3599741756916046,0.2852528691291809,0.5,0.5,0.777286171913147,0.8655738234519958,0.266433447599411,0.7604166269302368,0.999343752861023,0.7990344762802124,0.9973323345184326,1.0,1.0,0.855010449886322,0.9903992414474487,0.7556354999542236,0.9901140928268433,0.49667590856552124,0.34020331501960754,0.5,0.7631579041481018,0.7837837934494019,0.4952908456325531,0.9661160707473755,0.5,0.804347813129425,0.6234567761421204,0.5,1.0,0.9210526347160339,0.8554190993309021,0.5909091234207153,0.999627947807312,2.167252540588379
87,0.01977800764143467,0.2615979313850403,0.49076297879219055,0.5,0.4999077618122101,0.2890365421772003,0.27349087595939636,0.49953848123550415,0.5714285969734192,0.5,0.32231253385543823,0.5,0.5,0.36439114809036255,0.2802988290786743,0.5,0.5,0.9940959215164185,0.7631058692932129,0.2615979313850403,0.6966292262077332,0.9999065399169922,0.7941733002662659,0.9954085350036621,1.0,1.0,0.8467313051223755,0.9895457029342651,0.7491474151611328,0.9867483377456665,0.4971391558647156,0.36357471346855164,0.5,0.9130434989929199,0.7586206793785095,0.49584564566612244,0.9805254936218262,0.5089285969734192,0.8545454740524292,0.7295081615447998,0.49962854385375977,0.9999068975448608,0.9596774578094482,0.8724562525749207,0.532608687877655,0.999819278717041,2.1608543395996094
88,0.01927490346133709,0.257005900144577,0.4916098117828369,0.5,0.5,0.2890178859233856,0.2670234441757202,0.49935340881347656,0.7333333492279053,0.5,0.3182908892631531,0.5,0.5,0.3635775148868561,0.27550268173217773,0.5,0.5,0.9575767517089844,0.7595370411872864,0.257005900144577,0.7474226951599121,0.9997197389602661,0.7886480093002319,0.9976311922073364,1.0,1.0,0.850104033946991,0.975805401802063,0.7443138957023621,0.9895397424697876,0.4977855682373047,0.3722081482410431,0.5,0.7857142686843872,0.7857142686843872,0.4950147569179535,0.9907423853874207,0.5,0.8773584961891174,0.734375,0.5,1.0,0.945652186870575,0.9375,0.5789473652839661,1.0,2.182553768157959
89,0.017233213409781456,0.2623388469219208,0.4864315986633301,0.5,0.5,0.29045069217681885,0.2793249785900116,0.49972349405288696,0.984375,0.5,0.32459864020347595,0.5,0.5,0.34240636229515076,0.2844763994216919,0.5,0.5,0.9949327707290649,0.7070699334144592,0.2623388469219208,0.7415730357170105,0.9999065399169922,0.7969341278076172,0.9977125525474548,1.0,1.0,0.8543058633804321,0.9904798269271851,0.7505229115486145,0.9901942014694214,0.4976023733615875,0.3315448760986328,0.5,1.0,0.8513513803482056,0.4958533048629761,0.9951229095458984,0.5169491767883301,0.9905660152435303,0.8692307472229004,0.5,0.9999069571495056,0.9555555582046509,1.0,0.6612902879714966,1.0,2.2210545539855957
90,0.016632843762636185,0.26481959223747253,0.4882798194885254,0.5,0.5,0.2958110272884369,0.28247231245040894,0.4999077320098877,1.0,0.5,0.3226878345012665,0.5,0.5,0.3399370610713959,0.28999263048171997,0.5,0.5,0.9964048862457275,0.8947230577468872,0.26481959223747253,0.890625,0.9998132586479187,0.7972843647003174,0.9965798854827881,1.0,1.0,0.8577815890312195,0.9882174134254456,0.7521432638168335,0.9876636862754822,0.49547886848449707,0.3349353075027466,0.5,1.0,0.9888888597488403,0.49483680725097656,0.9957998991012573,0.5390625,1.0,0.9576271176338196,0.5089980363845825,0.9999071955680847,1.0,0.957446813583374,0.5408163070678711,1.0,2.129915952682495

91,0.017101049423217773,0.2650957405567169,0.4942825436592102,0.5,0.5,0.28650543093681335,0.2806273102760315,0.49963119626045227,0.970588207244873,0.5,0.32398006319999695,0.5,0.5,0.3372093141078949,0.28359171748161316,0.5,0.5,0.99464350938797,0.9377163648605347,0.2650957405567169,0.7828947305679321,0.9992517828941345,0.798285722732544,0.9974275827407837,1.0,1.0,0.8542976975440979,0.98907470703125,0.7513313293457031,0.982764720916748,0.4956609904766083,0.36262235045433044,0.5,1.0,1.0,0.4959469437599182,0.9737035036087036,0.5909091234207153,0.9772727489471436,0.9576271176338196,0.5,0.95652174949646,1.0,0.9309415817260742,0.6554588079452515,0.9998174905776978,2.0278115272521973
92,0.020272616297006607,0.2721577286720276,0.49132201075553894,0.5,0.5,0.2931893765926361,0.2871515452861786,0.49963119626045227,1.0,0.5,0.32577013969421387,0.5,0.5,0.3503871560096741,0.28809961676597595,0.5,0.5,0.9948301315307617,0.9383639097213745,0.2721577286720276,0.8809071779251099,0.9999064207077026,0.8005121946334839,0.9946713447570801,0.9941176176071167,1.0,0.85617995262146,0.9610772132873535,0.7452998161315918,0.9676978588104248,0.564674973487854,0.35202962160110474,0.5,1.0,0.96875,0.49649447202682495,0.9758919477462769,0.5277777910232544,0.9900000095367432,0.732758641242981,0.5942218899726868,0.9998136758804321,0.9750000238418579,0.8497211933135986,0.6188616752624512,0.999626874923706,2.0048794746398926
93,0.01803869940340519,0.2587476968765259,0.4905921518802643,0.5,0.5,0.28803545236587524,0.2741459012031555,0.4988935887813568,0.8611111044883728,0.5,0.31793028116226196,0.5,0.5,0.34820276498794556,0.28107109665870667,0.5,0.5,0.995755672454834,0.8300127387046814,0.2587476968765259,0.8956043720245361,0.9998130798339844,0.7919583320617676,0.9971504211425781,1.0,1.0,0.8556337952613831,0.9907109141349792,0.7448006272315979,0.9773622155189514,0.49667468667030334,0.3888270854949951,0.5,0.824999988079071,0.985714316368103,0.49630996584892273,0.9781009554862976,0.5377358198165894,1.0,0.936619758605957,0.622635543346405,1.0,0.9583333730697632,0.9438865184783936,0.6451612710952759,0.9998201131820679,2.125491142272949
94,0.015140168368816376,0.2697404623031616,0.49271485209465027,0.5,0.5,0.2929348945617676,0.28647851943969727,0.49861520528793335,1.0,0.5,0.32202139496803284,0.5,0.5,0.34776589274406433,0.28303802013397217,0.5,0.5,0.9966807961463928,0.8694330453872681,0.2697404623031616,0.9591836929321289,0.9997198581695557,0.8005697727203369,0.9974373579025269,1.0,1.0,0.8677364587783813,0.9861760139465332,0.756183385848999,0.9878280758857727,0.4963119924068451,0.35767146944999695,0.5,1.0,0.9375,0.49658671021461487,0.9962518811225891,0.581632673740387,1.0,0.9491525292396545,0.6530537605285645,0.999907374382019,0.9913793206214905,1.0,0.7019230723381042,1.0,2.0603983402252197
95,0.016647160053253174,0.2651877701282501,0.49040237069129944,0.5,0.5,0.2879011332988739,0.2876775562763214,0.4986172616481781,0.9642857313156128,0.5,0.3210992217063904,0.5,0.5,0.4126354455947876,0.282684862613678,0.5,0.5,0.9963092803955078,0.8947865962982178,0.2651877701282501,0.9438202381134033,0.999906599521637,0.7942051887512207,0.9916234016418457,1.0,1.0,0.8631539344787598,0.9874111413955688,0.7375664710998535,0.9767205715179443,0.49649056792259216,0.47408854961395264,0.5,1.0,0.9888888597488403,0.4966807961463928,0.970951497554779,0.5952380895614624,0.9924242496490479,0.9508196711540222,0.5978536605834961,0.9998142719268799,0.9482758641242981,0.9629629850387573,0.6874071359634399,0.9996299147605896,2.1160805225372314
96,0.014701616019010544,0.2628960907459259,0.4911471903324127,0.5,0.5,0.2863871455192566,0.2794470191001892,0.4977855682373047,0.875,0.5,0.32312798500061035,0.5,0.5,0.37496042251586914,0.2899097800254822,0.5,0.5,0.9977851510047913,0.9630241394042969,0.2628960907459259,0.9204545021057129,0.9997205138206482,0.7946394681930542,0.9977182149887085,1.0,1.0,0.8577290177345276,0.9737968444824219,0.7472221851348877,0.9878955483436584,0.49658796191215515,0.4307095408439636,0.5,1.0,1.0,0.49677419662475586,0.995977520942688,0.6311475038528442,1.0,0.9651162624359131,0.641791045665741,1.0,1.0,0.9909090995788574,0.75,0.9998172521591187,2.149324655532837
97,0.014837481081485748,0.25714021921157837,0.48652389645576477,0.5,0.4999077320098877,0.2798190414905548,0.2825806438922882,0.49852508306503296,1.0,0.5,0.3125923275947571,0.5416666865348816,0.5,0.34350231289863586,0.28129616379737854,0.5,0.5,0.9973222613334656,0.9465962648391724,0.25714021921157837,0.9888888597488403,0.999627947807312,0.7920228242874146,0.9977134466171265,1.0,1.0,0.8601444959640503,0.9903445243835449,0.7475341558456421,0.9891201257705688,0.49445369839668274,0.5297891497612,0.5,1.0,1.0,0.5151008367538452,0.9961631894111633,0.6428571343421936,1.0,0.9930555820465088,0.7140997648239136,1.0,1.0,1.0,0.8225806355476379,1.0,2.1015241146087646
98,0.01538290735334158,0.2591603696346283,0.4915207326412201,0.5,0.5,0.2826167047023773,0.279028981924057,0.49741411209106445,1.0,0.5,0.35863423347473145,0.5,0.5,0.35167771577835083,0.27953916788101196,0.5,0.5,0.9962142109870911,0.9882516264915466,0.2591603696346283,0.9892473220825195,0.999813437461853,0.792508602142334,0.9971455335617065,1.0,1.0,0.8660646677017212,0.9825541973114014,0.740213930606842,0.9849013090133667,0.6955719590187073,0.522459089756012,0.5,1.0,1.0,0.7880662083625793,0.9788048267364502,0.6203703880310059,1.0,0.9710144996643066,0.5952380895614624,0.9999070763587952,0.9905660152435303,0.9800000190734863,0.8999999761581421,0.999640941619873,2.093881130218506
99,0.014241855591535568,0.263438880443573,0.4901200234889984,0.5,0.5,0.28696534037590027,0.2773372530937195,0.4960332214832306,1.0,0.5,0.3543287515640259,0.5,0.5,0.35130900144577026,0.27984869480133057,0.5,0.5,0.9953874349594116,0.9887775778770447,0.263438880443573,0.9747474789619446,0.9998127222061157,0.7923164367675781,0.9970560073852539,1.0,1.0,0.8674423098564148,0.9908658266067505,0.7466184496879578,0.9897357821464539,0.5176516175270081,0.52851802110672,0.5,1.0,1.0,0.7455719709396362,0.9953358173370361,0.7678571343421936,1.0,0.9907407760620117,0.7089052200317383,0.9901961088180542,0.9846153855323792,0.9850746393203735,0.9259259700775146,0.9998184442520142,2.2324838638305664
100,0.01229183655232191,0.2684229910373688,0.48891761898994446,0.5,0.4996306002140045,0.2947086989879608,0.28638628125190735,0.4980655908584595,1.0,0.5,0.3192882239818573,0.5,0.5,0.3494375944137573,0.28379127383232117,0.5,0.5,0.9967741966247559,0.988207995891571,0.2684229910373688,1.0,0.9998131990432739,0.7979817390441895,0.9971612691879272,1.0,1.0,0.8718363046646118,0.9913415908813477,0.7541389465332031,0.9902949333190918,0.49519941210746765,0.49548688530921936,0.5,1.0,1.0,0.9404724836349487,0.995887041091919,0.75,1.0,1.0,0.7166666984558105,0.9998142719268799,1.0,1.0,1.0,1.0,2.245063066482544

101,0.010888892225921154,0.26211535930633545,0.4929032325744629,0.5,0.5,0.28740084171295166,0.2861878573894501,0.4964957535266876,1.0,0.5,0.3161099851131439,0.5,0.5,0.35537952184677124,0.27785977721214294,0.5,0.5,0.9967753887176514,0.991927981376648,0.26211535930633545,1.0,0.9998130798339844,0.7931593060493469,0.9980970621109009,1.0,1.0,0.8761904835700989,0.9926555156707764,0.7524677515029907,0.9913333654403687,0.4952951967716217,0.5476014614105225,0.5,1.0,1.0,0.9413090944290161,0.9974733591079712,0.7711864709854126,1.0,1.0,0.7867647409439087,1.0,1.0,1.0,0.9907407760620117,1.0,2.083920478820801
102,0.012225015088915825,0.2592899203300476,0.4899427890777588,0.5,0.5,0.2806612551212311,0.2848847806453705,0.49529433250427246,1.0,0.5,0.3379151225090027,0.5,0.5,0.3412947356700897,0.27613866329193115,0.5,0.5,0.9964002370834351,0.9918653964996338,0.2592899203300476,0.9878048896789551,0.9998133182525635,0.7939779758453369,0.997815728187561,1.0,1.0,0.8655350208282471,0.9912464618682861,0.7480502128601074,0.9884403944015503,0.5179966688156128,0.5110728740692139,0.5,1.0,1.0,0.860314130783081,0.99672532081604,0.8524590134620667,1.0,1.0,0.9275362491607666,0.9998142719268799,1.0,1.0,0.9700000286102295,1.0,2.2879464626312256
103,0.011442366056144238,0.2666666805744171,0.4953891634941101,0.5,0.5466901063919067,0.28737327456474304,0.2808636426925659,0.5219681262969971,1.0,0.5,0.3465154767036438,0.5909091234207153,0.5,0.35427042841911316,0.27755215764045715,0.5,0.5,0.9956634044647217,0.9921222925186157,0.2666666805744171,1.0,0.9998131394386292,0.7936704158782959,0.9979071617126465,1.0,1.0,0.8705993890762329,0.9920167326927185,0.7556312680244446,0.9903134107589722,0.7198339700698853,0.6061769127845764,0.5,1.0,1.0,0.9781562089920044,0.9966304898262024,0.9142857193946838,1.0,1.0,0.9338235259056091,1.0,1.0,1.0,1.0,1.0,2.202826976776123
104,0.011581474915146828,0.26197493076324463,0.49298763275146484,0.5,0.5333333611488342,0.2861884534358978,0.2781878709793091,0.5696494579315186,1.0,0.5,0.3530333638191223,0.782608687877655,0.5,0.4752926826477051,0.3044280409812927,0.5,0.5,0.9953857660293579,0.9928730130195618,0.26197493076324463,1.0,0.9997206330299377,0.7974791526794434,0.9977147579193115,1.0,1.0,0.8956315517425537,0.9903243780136108,0.7517051696777344,0.9894607067108154,0.5194904804229736,0.4765903949737549,0.5192307829856873,1.0,1.0,0.9963092803955078,0.9963605403900146,0.953125,1.0,1.0,0.8999999761581421,0.999813437461853,1.0,1.0,0.991525411605835,0.999817967414856,2.1410250663757324
105,0.011242705397307873,0.25984540581703186,0.4943747818470001,0.5,0.5,0.2826167047023773,0.2772752344608307,0.49355077743530273,1.0,0.5,0.31238481402397156,0.7894736528396606,0.5,0.43614599108695984,0.30366313457489014,0.5,0.5,0.9968663454055786,0.995276927947998,0.25984540581703186,1.0,0.9999064803123474,0.7920942306518555,0.9967741966247559,1.0,1.0,0.89673912525177,0.9916365742683411,0.7486692070960999,0.9906524419784546,0.7693727016448975,0.6682357788085938,0.5714285969734192,1.0,1.0,0.950669527053833,0.9843610525131226,0.949999988079071,1.0,1.0,0.8468460440635681,1.0,1.0,1.0,1.0,0.9998184442520142,2.0765602588653564
106,0.01198158785700798,0.2640935778617859,0.4911308288574219,0.5,0.5,0.2841600477695465,0.2786492109298706,0.6776108145713806,1.0,0.5,0.3175613284111023,0.6818181872367859,0.5,0.37831029295921326,0.3335760533809662,0.5,0.5,0.996587336063385,0.9809297323226929,0.2640935778617859,1.0,0.9999064207077026,0.7883110642433167,0.9974334239959717,1.0,1.0,0.8952407836914062,0.9824059009552002,0.7359582185745239,0.9894806742668152,0.7433578968048096,0.6164279580116272,0.5600000023841858,1.0,1.0,0.9649704694747925,0.9855056405067444,0.8968254327774048,0.9999070167541504,1.0,0.9310410022735596,0.9998141527175903,1.0,1.0,0.9655172824859619,1.0,2.038374662399292
107,0.011101758107542992,0.26192229986190796,0.49631065130233765,0.5,0.5,0.2819070518016815,0.31270068883895874,0.7900369167327881,1.0,0.5,0.31443583965301514,0.5555555820465088,0.5,0.3771876096725464,0.27834102511405945,0.5,0.5,0.9972288608551025,0.9841122627258301,0.26192229986190796,0.9945652484893799,0.9999067783355713,0.7901421785354614,0.9984726905822754,1.0,1.0,0.9103800058364868,0.9926611185073853,0.7437969446182251,0.9885818362236023,0.578076958656311,0.6287962794303894,0.5,1.0,1.0,0.9677300453186035,0.991298496723175,1.0,1.0,1.0,0.9779411554336548,0.9998140931129456,1.0,1.0,0.990384578704834,0.9998171925544739,2.1586763858795166
108,0.01036539301276207,0.2632450461387634,0.4981570243835449,0.5,0.6665743589401245,0.28344711661338806,0.29589080810546875,0.7535655498504639,1.0,0.5,0.3705848157405853,0.9130434989929199,0.5,0.3552583158016205,0.36863937973976135,0.5,0.5,0.9958502054214478,0.9942624568939209,0.2632450461387634,1.0,0.9999067783355713,0.7905006408691406,0.998196005821228,1.0,1.0,0.9141232371330261,0.9859549403190613,0.7504273653030396,0.9900152087211609,0.8404419422149658,0.6477094888687134,0.5869565010070801,1.0,1.0,0.9966777563095093,0.9968236088752747,1.0,1.0,1.0,0.9339622259140015,0.999814510345459,1.0,1.0,0.9912281036376953,1.0,2.150402069091797
109,0.009805373847484589,0.27854639291763306,0.4968617260456085,0.5,0.5,0.28421053290367126,0.290656715631485,0.8235474824905396,1.0,0.5,0.3370591998100281,0.9318181872367859,0.5,0.3913712501525879,0.27854639291763306,0.5,0.5,0.9965892434120178,0.9965740442276001,0.4298003315925598,1.0,0.9996271133422852,0.7950246334075928,0.9983870983123779,1.0,1.0,0.9405808448791504,0.9917237758636475,0.7511916160583496,0.9896407127380371,0.9727054238319397,0.6604088544845581,0.5,1.0,1.0,0.9964002370834351,0.9906730055809021,1.0,1.0,1.0,0.9923312067985535,1.0,1.0,1.0,1.0,0.9998170137405396,2.0418872833251953
110,0.01056034117937088,0.28286558389663696,0.49695685505867004,0.5,0.5,0.28286558389663696,0.33973410725593567,0.9156826734542847,1.0,0.5,0.33690038323402405,1.0,0.5,0.4203072190284729,0.43616440892219543,0.5,0.5,0.9978813529014587,0.984297513961792,0.34971171617507935,1.0,0.9997191429138184,0.7930837869644165,0.9981918334960938,0.9921875,1.0,0.9166192412376404,0.9708206653594971,0.7359050512313843,0.9885909557342529,0.7005035281181335,0.709537148475647,0.5277777910232544,1.0,1.0,0.9962184429168701,0.990939736366272,1.0,1.0,0.9919354915618896,0.9336838126182556,0.9997214078903198,1.0,0.9923511743545532,0.9696969985961914,0.9996318221092224,2.077533483505249

111,0.009003493934869766,0.2782696783542633,0.4977855682373047,0.5,0.5,0.28422316908836365,0.2782696783542633,0.92231285572052,1.0,0.5961538553237915,0.4733346998691559,1.0,0.5,0.40912485122680664,0.28363436460494995,0.5,0.5,0.9977892637252808,0.996482789516449,0.420936644077301,1.0,0.9997186660766602,0.7949962019920349,0.9976195096969604,1.0,1.0,0.9375119209289551,0.9896664619445801,0.7568929195404053,0.9904943108558655,0.8358333706855774,0.7400178909301758,0.6363636255264282,1.0,1.0,0.9961233139038086,0.996915340423584,0.990384578704834,1.0,1.0,0.9793589115142822,0.999627947807312,1.0,1.0,0.984375,0.999812662601471,2.0834648609161377
112,0.009396110661327839,0.2736249566078186,0.4940003752708435,0.5,0.804347813129425,0.2736249566078186,0.2794550955295563,0.9874654412269592,1.0,0.5,0.37357911467552185,0.9722222089767456,0.5,0.5311828255653381,0.3414248824119568,0.5,0.5,0.9971396923065186,0.9973212480545044,0.5562615394592285,1.0,0.9997196197509766,0.7845683693885803,0.9972469806671143,1.0,1.0,0.9358804225921631,0.9901459217071533,0.7460544109344482,0.9885605573654175,0.9461475610733032,0.6802345514297485,0.5277777910232544,1.0,1.0,0.9677035808563232,0.9954179525375366,1.0,1.0,1.0,0.9615384340286255,0.9998140931129456,1.0,1.0,1.0,0.9998217821121216,2.078139066696167
113,0.010062544606626034,0.2814636826515198,0.49621909856796265,0.5588235259056091,0.5454545617103577,0.2814636826515198,0.28340715169906616,0.8218984603881836,1.0,0.5,0.3664206862449646,1.0,0.5,0.5045437216758728,0.31154343485832214,0.5,0.5,0.9976023435592651,0.9968477487564087,0.480319619178772,1.0,1.0,0.7937416434288025,0.9978211522102356,1.0,1.0,0.9504273533821106,0.9852941036224365,0.7571969628334045,0.9815490245819092,0.9685322046279907,0.6065399050712585,0.5625,1.0,1.0,0.9758431911468506,0.9961646795272827,0.9848484992980957,1.0,1.0,0.9622641801834106,0.9993468523025513,0.9848484992980957,1.0,0.9936708807945251,0.9998142719268799,2.037879467010498
114,0.007863393053412437,0.2821033298969269,0.4969545900821686,0.5,0.5833333134651184,0.2821033298969269,0.35111960768699646,0.9894009232521057,1.0,0.6111111044883728,0.4972524046897888,1.0,0.5,0.41158029437065125,0.37686634063720703,0.5,0.5,0.9979749917984009,0.9978687763214111,0.5708211064338684,1.0,0.9999065399169922,0.7888234257698059,0.9980064630508423,1.0,1.0,0.9644287824630737,0.9915655851364136,0.7535130977630615,0.9897552728652954,0.9924368262290955,0.6706190705299377,0.738095223903656,1.0,1.0,0.9965866804122925,0.9968183040618896,1.0,1.0,1.0,0.9833333492279053,0.9998139142990112,1.0,1.0,1.0,1.0,2.156982898712158
115,0.00830884464085102,0.27342310547828674,0.49815633893013,0.5,0.7631579041481018,0.2781469225883484,0.27342310547828674,0.9862368106842041,1.0,0.6590908765792847,0.4875530004501343,1.0,0.5,0.6655035018920898,0.5045005679130554,0.5,0.5,0.9987092018127441,0.9979689717292786,0.42776042222976685,1.0,0.9997193813323975,0.787847101688385,0.9984732866287231,1.0,1.0,0.9628853797912598,0.9920273423194885,0.7499050498008728,0.9897377490997314,0.9913300275802612,0.5821020603179932,0.8235294222831726,1.0,1.0,0.9963092803955078,0.9965459108352661,1.0,1.0,1.0,1.0,0.9995361566543579,1.0,1.0,1.0,1.0,2.1785402297973633
116,0.007040278986096382,0.27735745906829834,0.49834010004997253,0.5,0.699999988079071,0.28242021799087524,0.27735745906829834,0.986603856086731,1.0,0.9791666269302368,0.3122117817401886,1.0,0.5,0.8418725728988647,0.3693768382072449,0.5,0.5,0.9974164962768555,0.9985190629959106,0.6807446479797363,1.0,0.999906599521637,0.7887791991233826,0.9982811212539673,1.0,1.0,0.9654189348220825,0.9908728003501892,0.7538037300109863,0.9890971779823303,0.9912296533584595,0.6241432428359985,1.0,1.0,1.0,0.9957572221755981,0.9955148696899414,1.0,1.0,1.0,1.0,0.9997209906578064,1.0,1.0,1.0,1.0,2.131284236907959
117,0.00800700020045042,0.2764032483100891,0.49907800555229187,0.6052631735801697,0.5714285969734192,0.2764032483100891,0.345209002494812,0.9854135513305664,1.0,0.84375,0.3761650323867798,1.0,0.5,0.6959247589111328,0.3587210774421692,0.5,0.5,0.9971391558647156,0.9977810382843018,0.5509702563285828,1.0,0.9998128414154053,0.7875711917877197,0.9973363876342773,1.0,1.0,0.9580804109573364,0.9880152940750122,0.746957004070282,0.9893211126327515,0.9916974306106567,0.6334072351455688,0.9285714626312256,1.0,1.0,0.9959461688995361,0.9482349157333374,1.0,0.9997215270996094,1.0,1.0,0.9998143315315247,1.0,1.0,1.0,0.9998209476470947,2.09517240524292
118,0.007065088488161564,0.27510595321655273,0.49787667393684387,0.7749999761581421,0.6176470518112183,0.27510595321655273,0.2754424810409546,0.9845075607299805,1.0,0.8181818127632141,0.3756359815597534,1.0,0.5,0.779566764831543,0.48891347646713257,0.5,0.5,0.9977859854698181,0.9980566501617432,0.48000162839889526,1.0,0.9998129606246948,0.7818061113357544,0.9980981349945068,1.0,1.0,0.963762640953064,0.9929711222648621,0.7470610737800598,0.9912630319595337,0.9928017854690552,0.7498540878295898,0.9473683834075928,1.0,1.0,0.9969557523727417,0.9968301057815552,1.0,1.0,1.0,1.0,0.9992557764053345,1.0,1.0,1.0,1.0,2.1650521755218506
119,0.0074079204350709915,0.2849760055541992,0.5892479419708252,0.75,0.6111111044883728,0.2849760055541992,0.30465787649154663,0.9841299057006836,1.0,0.9047619104385376,0.5377306342124939,0.8928571343421936,0.5,0.7163408398628235,0.41312628984451294,0.5,0.5,0.9973267316818237,0.9986146688461304,0.552577555179596,1.0,0.9998133182525635,0.7890135049819946,0.9980922937393188,1.0,1.0,0.9667998552322388,0.991642951965332,0.755375862121582,0.9894527196884155,0.9912377595901489,0.7141799926757812,1.0,1.0,1.0,0.9957572221755981,0.9669467806816101,1.0,0.9999070763587952,1.0,1.0,0.9995360374450684,1.0,1.0,1.0,0.999814510345459,2.1697170734405518
120,0.007703186012804508,0.29840579628944397,0.49852535128593445,0.7941176891326904,0.7631579041481018,0.3219403624534607,0.29840579628944397,0.985811710357666,1.0,1.0,0.33831119537353516,1.0,0.5,0.858488917350769,0.38117119669914246,0.5,0.5,0.9981518983840942,0.9987969398498535,0.47537535429000854,1.0,0.9997200965881348,0.7834128141403198,0.9955410957336426,1.0,1.0,0.9659004211425781,0.993238091468811,0.7499525547027588,0.9832626581192017,0.9719657897949219,0.7426370978355408,0.9210526347160339,1.0,1.0,0.9680066108703613,0.9920783042907715,1.0,1.0,1.0,0.9757169485092163,0.99934983253479,0.984375,0.9871795177459717,0.9562462568283081,0.9998174905776978,2.215853452682495

121,0.009725023061037064,0.2768022119998932,0.6037874221801758,0.8863636255264282,0.7854371070861816,0.2768022119998932,0.2844763994216919,0.9860726594924927,0.9791666269302368,0.8500000238418579,0.3509886860847473,1.0,0.5,0.6190081238746643,0.4154473543167114,0.5,0.5,0.9986175298690796,0.9979618191719055,0.5846213102340698,0.9959016442298889,0.9997199773788452,0.7891337275505066,0.9977267980575562,1.0,1.0,0.9611576795578003,0.9719449281692505,0.7462294101715088,0.9793500900268555,0.9566175937652588,0.6190981864929199,0.804347813129425,1.0,1.0,0.9673612117767334,0.9910483956336975,1.0,1.0,1.0,0.9468110799789429,0.9991644620895386,0.9803921580314636,0.9841269850730896,0.9850746393203735,0.9996299147605896,2.1823525428771973
122,0.006694994866847992,0.27510151267051697,0.6941753625869751,0.8055555820465088,0.8695652484893799,0.27899888157844543,0.27510151267051697,0.9852452874183655,1.0,1.0,0.48838886618614197,1.0,0.5,0.6591253876686096,0.39815497398376465,0.5,0.5,0.9981539249420166,0.9986106157302856,0.7186825275421143,1.0,0.9999061822891235,0.7892128825187683,0.9981089234352112,1.0,1.0,0.9658768177032471,0.9922024011611938,0.7540223598480225,0.9906036853790283,0.9921485185623169,0.7433544397354126,1.0,1.0,1.0,0.9968640804290771,0.9967332482337952,1.0,1.0,1.0,1.0,0.9996271133422852,1.0,1.0,1.0,1.0,2.15592622756958
123,0.005569694563746452,0.2739940881729126,0.5817656517028809,1.0,1.0,0.27862805128097534,0.2739940881729126,0.9843317866325378,1.0,1.0,0.5171948075294495,1.0,0.5,0.8013694286346436,0.5634539127349854,0.5,0.6739130616188049,0.9987077713012695,0.9984250068664551,0.7641804814338684,1.0,0.9999066591262817,0.7817437648773193,0.9983901381492615,1.0,1.0,0.9691767692565918,0.9911226034164429,0.7508581280708313,0.9892462491989136,0.9904059171676636,0.6787828207015991,0.884615421295166,1.0,1.0,0.9962155818939209,0.996915340423584,1.0,1.0,1.0,1.0,0.9989798069000244,1.0,1.0,1.0,1.0,2.1781251430511475
124,0.006079260725528002,0.2807827293872833,0.960099458694458,1.0,1.0,0.2807827293872833,0.2866617441177368,0.9840346574783325,1.0,1.0,0.4174749255180359,1.0,0.5,0.9085124731063843,0.5287610292434692,0.5,0.75,0.9978798031806946,0.9989821910858154,0.6839842796325684,1.0,0.9998134970664978,0.7917379140853882,0.9972391128540039,1.0,1.0,0.9677388668060303,0.9906560182571411,0.7504885196685791,0.9895317554473877,0.9913443922996521,0.7319117784500122,1.0,1.0,1.0,0.9946622848510742,0.9953921437263489,1.0,1.0,1.0,1.0,0.9995356798171997,1.0,1.0,1.0,1.0,2.1044929027557373
125,0.007328355219215155,0.3099232017993927,0.74797123670578,0.949999988079071,0.7643359303474426,0.31180810928344727,0.3099232017993927,0.981928825378418,1.0,0.9523809552192688,0.6381531953811646,1.0,0.5,0.7722652554512024,0.4634034037590027,0.5,0.5,0.9981553554534912,0.997868001461029,0.6849772930145264,1.0,0.9993468523025513,0.7857958078384399,0.9985713958740234,1.0,1.0,0.9700456857681274,0.9896742105484009,0.7519757747650146,0.9901365637779236,0.908735990524292,0.7306601405143738,0.9166666269302368,1.0,1.0,0.9689946174621582,0.9970015287399292,1.0,1.0,1.0,0.990384578704834,0.9991640448570251,1.0,1.0,0.9923076629638672,0.999814510345459,2.069983720779419
126,0.006127167958766222,0.2800147831439972,0.8896428942680359,1.0,1.0,0.28423771262168884,0.2800147831439972,0.9797858595848083,1.0,1.0,0.6539454460144043,1.0,0.5,0.943681001663208,0.4146028161048889,0.5,0.5,0.9979701042175293,0.9990742206573486,0.6985880136489868,1.0,0.9998129606246948,0.7868180274963379,0.9986674189567566,1.0,1.0,0.9690215587615967,0.9925855398178101,0.7563760876655579,0.990456223487854,0.9914143085479736,0.6922127604484558,1.0,1.0,1.0,0.9969568252563477,0.9970154762268066,1.0,1.0,1.0,1.0,0.9988839626312256,1.0,1.0,1.0,1.0,2.1437158584594727
127,0.009262628853321075,0.27692732214927673,0.7630462646484375,0.7857142686843872,0.7105263471603394,0.27872025966644287,0.27692732214927673,0.9342427849769592,1.0,0.8611111044883728,0.6482410430908203,0.9721300005912781,0.5,0.7656826972961426,0.6109349727630615,0.5,0.5,0.9976911544799805,0.9994449615478516,0.6776283383369446,1.0,0.9998124241828918,0.7740637063980103,0.9982892870903015,0.9941282272338867,1.0,0.9674078226089478,0.9864034652709961,0.7263109683990479,0.9712929725646973,0.9202673435211182,0.6966856122016907,0.9285714626312256,1.0,1.0,0.8822199702262878,0.9911758303642273,1.0,1.0,0.9998142719268799,0.9397217035293579,0.9824933409690857,0.9649122953414917,1.0,0.972262978553772,0.9998192191123962,2.198122024536133
128,0.007286975625902414,0.27722498774528503,0.8619752526283264,0.970588207244873,0.9130434989929199,0.27722498774528503,0.313591867685318,0.9826855659484863,1.0,0.96875,0.5755535364151001,1.0,0.5,0.8289273977279663,0.5036312341690063,0.5,0.6666666865348816,0.9985237121582031,0.9995369911193848,0.706366777420044,1.0,0.9997193813323975,0.7762705087661743,0.9980113506317139,1.0,1.0,0.9708278179168701,0.9767730236053467,0.7333834171295166,0.9815008640289307,0.9604535102844238,0.6387572288513184,0.9166666269302368,1.0,1.0,0.9757525324821472,0.9913971424102783,1.0,1.0,0.9933333396911621,0.9920945167541504,0.9991623163223267,0.9934132695198059,1.0,1.0,0.999640166759491,2.1052086353302
129,0.005302651785314083,0.2791212797164917,0.9982485175132751,1.0,1.0,0.28026947379112244,0.2791212797164917,0.9813653230667114,1.0,1.0,0.4260556697845459,1.0,0.5,0.9667774438858032,0.333866149187088,0.5,0.7200000286102295,0.9986157417297363,0.9990741014480591,0.7115223407745361,1.0,1.0,0.7852387428283691,0.996860146522522,1.0,1.0,0.9688571691513062,0.9905303120613098,0.7519505023956299,0.9889330267906189,0.9904893636703491,0.7317034602165222,1.0,1.0,1.0,0.9943727254867554,0.9952345490455627,1.0,1.0,1.0,1.0,0.9991646409034729,1.0,1.0,1.0,1.0,2.1239101886749268
130,0.004926971159875393,0.2785661518573761,0.892799973487854,1.0,1.0,0.2785661518573761,0.2942468822002411,0.9800517559051514,1.0,1.0,0.7846405506134033,1.0,0.5,0.969159722328186,0.306011438369751,0.5,0.8888888955116272,0.9988950490951538,0.9991679191589355,0.7638121843338013,1.0,0.9998132586479187,0.7830924391746521,0.9985694885253906,1.0,1.0,0.971540093421936,0.9937988519668579,0.7529377937316895,0.9908745288848877,0.9922480583190918,0.713517427444458,1.0,1.0,1.0,0.9972319602966309,0.9973851442337036,1.0,1.0,1.0,1.0,0.9989769458770752,1.0,1.0,1.0,1.0,2.0823471546173096

131,0.004803074058145285,0.2789260149002075,0.9974141120910645,1.0,1.0,0.28073734045028687,0.2789260149002075,0.9775664806365967,1.0,1.0,0.7881205081939697,1.0,0.5,0.9703006744384766,0.6091827154159546,0.5,0.9615384340286255,0.9988925457000732,0.9993531703948975,0.7201560735702515,1.0,0.9998128414154053,0.7833617329597473,0.9983778595924377,1.0,1.0,0.9714720249176025,0.9922974109649658,0.7533700466156006,0.9897299408912659,0.9908806085586548,0.8052682280540466,1.0,1.0,1.0,0.996587336063385,0.9971022605895996,1.0,1.0,1.0,1.0,0.9992563724517822,1.0,1.0,1.0,1.0,2.172264814376831
132,0.005082809366285801,0.27920281887054443,0.9972314834594727,1.0,1.0,0.27920281887054443,0.2828971743583679,0.9759047031402588,1.0,1.0,0.7765074968338013,1.0,0.5,0.8799879550933838,0.7048217058181763,0.5,0.9473683834075928,0.9990774989128113,0.9984235763549805,0.7665746212005615,1.0,0.9998128414154053,0.783311128616333,0.9983824491500854,1.0,1.0,0.9711081981658936,0.9912530779838562,0.7536080479621887,0.9887468814849854,0.9316798448562622,0.7440502643585205,0.9473683834075928,1.0,1.0,0.9961261749267578,0.9967319965362549,1.0,1.0,1.0,1.0,0.9980486631393433,1.0,1.0,1.0,1.0,2.1675353050231934
133,0.0046552629210054874,0.2816315293312073,0.997599720954895,1.0,1.0,0.2816315293312073,0.2853456139564514,0.9776917695999146,1.0,1.0,0.7241843938827515,1.0,0.5208333134651184,0.9728261232376099,0.7505328059196472,0.5,0.95652174949646,0.9996313452720642,0.9993529319763184,0.6461552381515503,1.0,0.9996243715286255,0.7853047847747803,0.9980049133300781,1.0,1.0,0.9736742377281189,0.9907389879226685,0.7577025890350342,0.9883323907852173,0.989760160446167,0.7478393316268921,1.0,1.0,1.0,0.9961247444152832,0.9969135522842407,1.0,1.0,1.0,1.0,0.9990692138671875,1.0,1.0,1.0,1.0,2.0949835777282715
134,0.00511810090392828,0.2775009274482727,0.998525083065033,1.0,1.0,0.2775009274482727,0.2810656428337097,0.9785780310630798,1.0,1.0,0.5894173979759216,1.0,0.5535714030265808,0.9699095487594604,0.6896201372146606,0.5,0.8214285373687744,0.9992619752883911,0.9994445443153381,0.719521164894104,1.0,1.0,0.787402331829071,0.9981973171234131,1.0,1.0,0.9702471494674683,0.9914448261260986,0.7558493614196777,0.9902708530426025,0.9915082454681396,0.6795021295547485,1.0,1.0,1.0,0.9966771602630615,0.9963721036911011,1.0,1.0,1.0,1.0,0.9991652965545654,1.0,1.0,1.0,1.0,2.100743532180786
135,0.00445352541282773,0.27726519107818604,0.998801589012146,1.0,1.0,0.27726519107818604,0.2808118164539337,0.9800701141357422,1.0,1.0,0.7864044904708862,1.0,0.5714285969734192,0.9694008827209473,0.6609114408493042,0.5,0.8999999761581421,0.9988930225372314,0.9990742206573486,0.768600344657898,1.0,0.9999067783355713,0.7886450290679932,0.9982850551605225,1.0,1.0,0.9690290689468384,0.9918063879013062,0.7559908628463745,0.9902504682540894,0.9913284182548523,0.7813118696212769,1.0,1.0,1.0,0.9969540238380432,0.9971050024032593,1.0,1.0,1.0,1.0,0.9991629123687744,1.0,1.0,1.0,1.0,2.128793239593506
136,0.004315993282943964,0.2707141637802124,0.9988025426864624,1.0,1.0,0.2707141637802124,0.2761702835559845,0.9787979125976562,1.0,1.0,0.610898494720459,1.0,0.5263158082962036,0.9678221940994263,0.6939727663993835,0.5,1.0,0.9991703629493713,0.9997223615646362,0.6804839372634888,1.0,0.9999066591262817,0.7850860357284546,0.9989519715309143,1.0,1.0,0.9680023193359375,0.9904083609580994,0.7514247894287109,0.9883809089660645,0.989395022392273,0.7903703451156616,1.0,1.0,1.0,0.9969534873962402,0.9959865808486938,1.0,1.0,1.0,1.0,0.998978853225708,1.0,1.0,1.0,1.0,2.1640408039093018
137,0.004632141441106796,0.3127420246601105,0.9976941347122192,1.0,1.0,0.3228764533996582,0.3127420246601105,0.979837954044342,1.0,1.0,0.6698040962219238,1.0,0.6000000238418579,0.970099687576294,0.6340586543083191,0.5,1.0,0.999261736869812,0.9996297359466553,0.7675511240959167,1.0,0.9998128414154053,0.7873716354370117,0.9986684322357178,1.0,1.0,0.9709457159042358,0.9929483532905579,0.7539325952529907,0.9851474165916443,0.9917820692062378,0.7825590968132019,0.8947368860244751,1.0,1.0,0.9967718124389648,0.9969210624694824,1.0,1.0,1.0,1.0,0.9986057281494141,1.0,1.0,1.0,1.0,2.1057260036468506
138,0.004233167506754398,0.2780236005783081,0.997880220413208,1.0,0.9642857313156128,0.2780236005783081,0.31746041774749756,0.9774866104125977,1.0,1.0,0.5848708152770996,1.0,0.5,0.9658482670783997,0.5040370225906372,0.5,0.982758641242981,0.9989850521087646,0.9991673231124878,0.7678275108337402,1.0,0.9999067187309265,0.790153980255127,0.9981863498687744,1.0,1.0,0.9681214094161987,0.9929630756378174,0.7542824745178223,0.9916762113571167,0.9929928183555603,0.6770880818367004,1.0,1.0,1.0,0.9968663454055786,0.9974761605262756,1.0,1.0,1.0,1.0,0.9991648197174072,1.0,1.0,1.0,1.0,2.092341661453247
139,0.010158914141356945,0.322393000125885,0.9295110702514648,0.9830560684204102,0.7851613759994507,0.322393000125885,0.44795769453048706,0.9363614320755005,1.0,0.805371105670929,0.6514997482299805,0.9998154640197754,0.5833333134651184,0.8683578968048096,0.42252910137176514,0.5,0.8845230340957642,0.9996312856674194,0.9624885320663452,0.7224268913269043,0.9939543008804321,0.9950506687164307,0.7844089269638062,0.9929521679878235,0.990530252456665,0.9999047517776489,0.9681335687637329,0.9729254245758057,0.7163392305374146,0.9738532304763794,0.8345420956611633,0.7462515830993652,0.9521041512489319,0.9791666269302368,0.9871795177459717,0.9413090944290161,0.9700714349746704,1.0,0.9918032884597778,0.9912281036376953,0.9293601512908936,0.9986057281494141,0.9884510636329651,0.9920945167541504,0.9845223426818848,0.9996342658996582,2.1014485359191895
140,0.005198896862566471,0.27953916788101196,0.9988925457000732,1.0,0.815697193145752,0.27953916788101196,0.34780603647232056,0.9808934926986694,1.0,0.90625,0.6917757987976074,1.0,0.5,0.9224584102630615,0.6827609539031982,0.5,0.9473683834075928,0.999630868434906,0.9997225999832153,0.6792957186698914,1.0,1.0,0.785659909248352,0.9985662698745728,1.0,1.0,0.9696998596191406,0.9919507503509521,0.7568597793579102,0.988796055316925,0.8722109794616699,0.6864994764328003,1.0,1.0,1.0,0.996307909488678,0.9963530898094177,1.0,1.0,1.0,0.9836065769195557,0.9992547035217285,0.991525411605835,1.0,1.0,1.0,2.0770459175109863

141,0.004305622074753046,0.2776240408420563,0.9987075328826904,1.0,1.0,0.2776240408420563,0.28396087884902954,0.9783734083175659,1.0,1.0,0.8061243295669556,1.0,0.5,0.9711148142814636,0.7007980346679688,0.5,1.0,0.9995378851890564,0.9995366930961609,0.7661200761795044,1.0,1.0,0.7816727161407471,0.9981973171234131,1.0,1.0,0.9721590876579285,0.9907759428024292,0.7534298896789551,0.9888426661491394,0.9898598790168762,0.7364139556884766,1.0,1.0,1.0,0.9964951276779175,0.9973841905593872,1.0,1.0,1.0,1.0,0.9986998438835144,1.0,1.0,1.0,1.0,2.1340787410736084
142,0.0038657437544316053,0.2772459387779236,0.997877836227417,1.0,1.0,0.2772459387779236,0.3501700460910797,0.9769415259361267,1.0,1.0,0.8047134876251221,1.0,0.5714285969734192,0.971771240234375,0.6521819829940796,0.5,0.9800000190734863,0.9992619752883911,0.9998146295547485,0.766255259513855,1.0,0.9998135566711426,0.7826540470123291,0.998094916343689,1.0,1.0,0.9716981053352356,0.9913287162780762,0.7537907361984253,0.992209792137146,0.9933628439903259,0.7282513976097107,1.0,1.0,1.0,0.9968628883361816,0.9973827004432678,1.0,1.0,1.0,1.0,0.9989782571792603,1.0,1.0,1.0,1.0,2.253049373626709
143,0.0037792178336530924,0.27569663524627686,0.9983397722244263,1.0,1.0,0.27569663524627686,0.28722816705703735,0.9771133661270142,1.0,1.0,0.7561340928077698,1.0,0.5555555820465088,0.9687615633010864,0.7728700637817383,0.5,1.0,0.9996310472488403,0.9994441270828247,0.7650147676467896,1.0,1.0,0.7876021862030029,0.9986699819564819,1.0,1.0,0.967726469039917,0.9929777979850769,0.7540177702903748,0.9904616475105286,0.9913284182548523,0.7400059700012207,1.0,1.0,1.0,0.996676504611969,0.9968200922012329,1.0,1.0,1.0,1.0,0.9984174370765686,0.9909090995788574,1.0,0.9888888597488403,1.0,2.241406202316284
144,0.003571153385564685,0.2781365215778351,0.9974164962768555,1.0,1.0,0.2781365215778351,0.28624123334884644,0.9766303300857544,1.0,1.0,0.8070321083068848,1.0,0.5555555820465088,0.9703116416931152,0.7818853855133057,0.5,1.0,0.9996311664581299,0.9994447231292725,0.7730450630187988,1.0,0.99972003698349,0.7914678454399109,0.9982854127883911,1.0,1.0,0.9712414741516113,0.9923120737075806,0.7579267024993896,0.9903225898742676,0.9913235902786255,0.6760321855545044,1.0,1.0,1.0,0.9967688322067261,0.9970065355300903,1.0,1.0,1.0,1.0,0.9985102415084839,1.0,1.0,1.0,1.0,2.2041585445404053
145,0.003497045487165451,0.2789561152458191,0.9975110292434692,1.0,1.0,0.44768083095550537,0.2789561152458191,0.9758525490760803,1.0,1.0,0.7713258862495422,1.0,0.7678571343421936,0.9695122241973877,0.7111921310424805,0.5,1.0,0.9999078512191772,0.9995372295379639,0.7673304080963135,1.0,1.0,0.7891783714294434,0.9988605976104736,1.0,1.0,0.9694867134094238,0.9918032884597778,0.7535238265991211,0.989630937576294,0.9902975559234619,0.7489372491836548,1.0,1.0,1.0,0.9976958632469177,0.9980366230010986,1.0,1.0,1.0,1.0,0.9988839626312256,1.0,1.0,1.0,1.0,2.2027604579925537
146,0.003558408934623003,0.28056424856185913,0.9976036548614502,0.9998155236244202,1.0,0.5550523996353149,0.28056424856185913,0.9780604839324951,1.0,1.0,0.6635646820068359,1.0,0.5277777910232544,0.9690093994140625,0.5983591079711914,0.5,1.0,0.9997236728668213,0.9996297359466553,0.7367256879806519,1.0,0.9999064207077026,0.7902857065200806,0.9980984926223755,1.0,1.0,0.9699640274047852,0.99250328540802,0.7549429535865784,0.9900171160697937,0.9909543991088867,0.7169939279556274,1.0,1.0,1.0,0.9965898990631104,0.9965336322784424,1.0,1.0,1.0,1.0,0.998510479927063,1.0,1.0,1.0,1.0,2.187225580215454
147,0.0031711768824607134,0.2717551589012146,0.9974141120910645,1.0,1.0,0.2717551589012146,0.2756871283054352,0.9752721786499023,1.0,1.0,0.8043197393417358,1.0,0.7647058963775635,0.9684385061264038,0.6636548042297363,0.625,1.0,0.9998152852058411,0.9997222423553467,0.7657516598701477,1.0,0.9998130798339844,0.7875475287437439,0.9986760020256042,1.0,1.0,0.9690114259719849,0.9916126728057861,0.7517116665840149,0.9894205331802368,0.9901236891746521,0.6879536509513855,1.0,1.0,1.0,0.996678352355957,0.9969170093536377,1.0,1.0,1.0,1.0,0.9981440305709839,1.0,1.0,1.0,1.0,2.273033857345581
148,0.003224428975954652,0.2822238504886627,0.9963982105255127,1.0,1.0,0.2822238504886627,0.2885466516017914,0.9757335186004639,1.0,1.0,0.8132385611534119,1.0,0.7599999904632568,0.9698673486709595,0.6994657516479492,0.6739130616188049,1.0,0.9998153448104858,0.9994451999664307,0.7761510014533997,1.0,0.9997202157974243,0.798630952835083,0.9985741376876831,1.0,1.0,0.969321608543396,0.9924589395523071,0.761854887008667,0.9900057315826416,0.9907817244529724,0.717034637928009,1.0,1.0,1.0,0.9975101351737976,0.9972851276397705,1.0,1.0,1.0,1.0,0.9991642236709595,1.0,1.0,1.0,1.0,2.070695638656616
149,0.003038780065253377,0.42915093898773193,0.9966759085655212,1.0,1.0,0.437507688999176,0.42915093898773193,0.9774068593978882,1.0,1.0,0.804936408996582,1.0,0.8333333730697632,0.9695099592208862,0.7389658689498901,0.71875,1.0,0.9998157620429993,0.9997228384017944,0.765036940574646,1.0,0.999906599521637,0.7887136936187744,0.9990522861480713,1.0,1.0,0.9691675901412964,0.9931740760803223,0.7527503967285156,0.9900133013725281,0.9906860589981079,0.7390986680984497,1.0,1.0,1.0,0.9969574213027954,0.9967210292816162,1.0,1.0,1.0,1.0,0.9988845586776733,1.0,1.0,1.0,1.0,2.1393239498138428
150,0.0028757243417203426,0.2867538630962372,0.9969523549079895,1.0,1.0,0.5095887780189514,0.2867538630962372,0.9768493175506592,1.0,1.0,0.6986700296401978,1.0,0.8541666269302368,0.9715469479560852,0.7841308116912842,0.9399999976158142,1.0,0.999630868434906,0.9995371103286743,0.7709677219390869,1.0,0.9997200965881348,0.7946818470954895,0.9984714984893799,1.0,1.0,0.9693082571029663,0.9929791688919067,0.757653534412384,0.9910612106323242,0.9921673536300659,0.7202894687652588,1.0,1.0,1.0,0.9976894855499268,0.9975678324699402,1.0,1.0,1.0,1.0,0.9984209537506104,1.0,1.0,1.0,1.0,2.048286199569702

151,0.004142864607274532,0.3385767936706543,0.995384931564331,1.0,0.9999077320098877,0.3385767936706543,0.35101479291915894,0.9762474298477173,1.0,1.0,0.7261624336242676,1.0,0.824999988079071,0.9709904193878174,0.6383010149002075,0.7250000238418579,1.0,0.9997227191925049,0.9998148679733276,0.7683465480804443,1.0,0.9998131394386292,0.7720090746879578,0.9975355863571167,1.0,1.0,0.9714150428771973,0.9927152395248413,0.7504743337631226,0.9875825643539429,0.9913364052772522,0.6877972483634949,0.9736841917037964,1.0,1.0,0.9966777563095093,0.997477114200592,1.0,1.0,1.0,0.9916666746139526,0.9980472326278687,0.9847954511642456,1.0,0.9824561476707458,1.0,2.236161470413208
152,0.0028269195463508368,0.35970738530158997,0.9964022040367126,1.0,1.0,0.5862832069396973,0.35970738530158997,0.9793357849121094,1.0,1.0,0.7772657871246338,1.0,0.8181818127632141,0.9713969230651855,0.7828133702278137,1.0,1.0,0.9996313452720642,0.9996293783187866,0.7724258899688721,1.0,1.0,0.7868680953979492,0.9980995655059814,1.0,1.0,0.9712950587272644,0.9925004839897156,0.7580307722091675,0.9910476207733154,0.9917066097259521,0.6799181699752808,1.0,1.0,1.0,0.9965885877609253,0.9968218803405762,1.0,1.0,1.0,1.0,0.998603880405426,1.0,1.0,1.0,1.0,2.13565731048584
153,0.0031397384591400623,0.36234554648399353,0.9953891634941101,1.0,0.9999077916145325,0.3718893826007843,0.36234554648399353,0.970647931098938,1.0,1.0,0.7902649641036987,1.0,0.9411764740943909,0.9716528058052063,0.7273905277252197,0.65625,1.0,0.9997234344482422,0.9995368719100952,0.7671699523925781,1.0,0.99972003698349,0.7830798625946045,0.9981032013893127,1.0,1.0,0.9711520075798035,0.9928936958312988,0.7504298090934753,0.9919893145561218,0.992978572845459,0.6743667125701904,1.0,1.0,1.0,0.9968646168708801,0.9973797798156738,1.0,1.0,1.0,0.9909090995788574,0.997673511505127,1.0,1.0,1.0,1.0,2.135207414627075
154,0.004365037195384502,0.6438868045806885,0.995941698551178,1.0,0.9399999976158142,0.6438868045806885,0.7490024566650391,0.9756592512130737,1.0,0.9814814925193787,0.7822878360748291,1.0,0.8809523582458496,0.9703764915466309,0.7324634194374084,0.8999999761581421,0.9736841917037964,0.9996311664581299,0.9993518590927124,0.7348349094390869,0.9948453903198242,1.0,0.7868400812149048,0.9983898401260376,0.9950025081634521,1.0,0.9718416929244995,0.9866553544998169,0.7499092817306519,0.9746496677398682,0.9721803665161133,0.7120543718338013,0.9721300005912781,1.0,1.0,0.9970495700836182,0.9921718835830688,1.0,1.0,1.0,0.9933333396911621,0.998516321182251,0.9999070763587952,1.0,1.0,0.9996323585510254,2.2079858779907227

155,0.0071377321146428585,0.3792901039123535,0.9950193762779236,0.9781686067581177,0.8074159622192383,0.3792901039123535,0.39547470211982727,0.9499057531356812,0.976190447807312,0.96629798412323,0.683487057685852,0.9410842657089233,0.8460614681243896,0.8959901332855225,0.6500277519226074,0.6666666865348816,0.9284790754318237,1.0,0.9998146295547485,0.7139174938201904,0.9952333569526672,0.9998127818107605,0.7911512851715088,0.9961012601852417,0.9833263158798218,0.9999049305915833,0.9712469577789307,0.9852324724197388,0.7383766770362854,0.9724922180175781,0.917612612247467,0.6756967306137085,0.9750000238418579,1.0,1.0,0.9181933403015137,0.9906716346740723,1.0,0.9727272987365723,1.0,0.9371290802955627,0.9980508685112,0.9998140931129456,0.991877555847168,0.9820846319198608,0.9996262788772583,2.1325414180755615
156,0.0028909172397106886,0.6754253506660461,0.9961233139038086,1.0,1.0,0.6754253506660461,0.6888232231140137,0.9768364429473877,1.0,1.0,0.8016796112060547,1.0,0.800000011920929,0.9670785665512085,0.7832380533218384,0.9375,1.0,0.9997234344482422,0.9998148679733276,0.7645487785339355,1.0,0.9999064207077026,0.789318323135376,0.9978173971176147,1.0,1.0,0.9663498401641846,0.9932445287704468,0.7490040063858032,0.9919278621673584,0.992529034614563,0.6996187567710876,1.0,1.0,1.0,0.9968611598014832,0.9975791573524475,1.0,1.0,1.0,1.0,0.9986054301261902,1.0,1.0,1.0,1.0,2.0953493118286133

157,0.0023472094908356667,0.7268335819244385,0.9952046871185303,0.9999078512191772,1.0,0.7700110673904419,0.7719055414199829,0.9738737344741821,1.0,1.0,0.8061243295669556,1.0,1.0,0.9692918062210083,0.7853055000305176,1.0,1.0,0.999723494052887,0.9998149871826172,0.7686993479728699,1.0,0.99981290102005,0.7901692390441895,0.9985830783843994,1.0,1.0,0.9689937233924866,0.9921027421951294,0.7507639527320862,0.9908849000930786,0.9913235902786255,0.7268335819244385,1.0,1.0,1.0,0.9964964389801025,0.9971915483474731,1.0,1.0,0.9999068975448608,1.0,0.9987944960594177,1.0,1.0,1.0,1.0,2.076409101486206

158,0.0021578636951744556,0.7519992589950562,0.9952856302261353,1.0,1.0,0.7696359157562256,0.7696566581726074,0.9738688468933105,1.0,1.0,0.8036900758743286,1.0,1.0,0.9722170829772949,0.7847797870635986,1.0,1.0,0.9999078512191772,0.9998148679733276,0.7681173086166382,1.0,0.9996262788772583,0.7865597605705261,0.9982951283454895,1.0,1.0,0.9727082252502441,0.993732213973999,0.7519992589950562,0.991339921951294,0.9919697046279907,0.7823055982589722,1.0,1.0,1.0,0.9968663454055786,0.9972862005233765,1.0,1.0,1.0,1.0,0.9987944960594177,1.0,1.0,1.0,1.0,2.179176092147827

159,0.0024670902639627457,0.7029630541801453,0.9954838752746582,1.0,1.0,0.7727692723274231,0.7758811712265015,0.9738688468933105,1.0,1.0,0.77756267786026,1.0,1.0,0.9715814590454102,0.7100527882575989,0.9375,1.0,0.9998154640197754,0.9999072551727295,0.7709944844245911,1.0,1.0,0.7930021286010742,0.9980934262275696,1.0,1.0,0.9717196822166443,0.9927660226821899,0.7558139562606812,0.9914594888687134,0.9924396276473999,0.7029630541801453,1.0,1.0,1.0,0.9971428513526917,0.997661828994751,1.0,1.0,1.0,1.0,0.9988845586776733,1.0,1.0,1.0,1.0,2.128178358078003
160,0.0025112484581768513,0.5809619426727295,0.9946544170379639,0.9999077916145325,1.0,0.5809619426727295,0.7658414840698242,0.9724990725517273,1.0,1.0,0.774601399898529,1.0,1.0,0.9703061580657959,0.7531342506408691,1.0,1.0,1.0,0.999721884727478,0.7664703726768494,1.0,0.9999066591262817,0.7854424715042114,0.9982912540435791,1.0,1.0,0.9700285196304321,0.9927166104316711,0.748765230178833,0.9904338121414185,0.9914270043373108,0.7525490522384644,1.0,1.0,1.0,0.9965898990631104,0.997008204460144,1.0,1.0,1.0,1.0,0.9988833069801331,1.0,1.0,1.0,1.0,2.1031875610351562

161,0.002308720024302602,0.6855689287185669,0.9975060224533081,1.0,1.0,0.7715787887573242,0.7742024660110474,0.9791551232337952,1.0,1.0,0.7816038727760315,1.0,1.0,0.9703226089477539,0.7949733138084412,1.0,1.0,0.9999077320098877,0.9997223615646362,0.7728110551834106,1.0,0.9998134970664978,0.7962645292282104,0.9982931613922119,1.0,1.0,0.9683640599250793,0.9861968755722046,0.755800724029541,0.9892442226409912,0.990221381187439,0.6855689287185669,1.0,1.0,1.0,0.9965898990631104,0.9969193339347839,1.0,1.0,1.0,1.0,0.9994421005249023,1.0,1.0,1.0,1.0,2.031846761703491
162,0.0020983044523745775,0.7076255679130554,0.9964964389801025,0.9999076724052429,1.0,0.7076255679130554,0.7327978610992432,0.9762784242630005,1.0,1.0,0.8057142496109009,1.0,1.0,0.9696606397628784,0.789099931716919,1.0,1.0,0.9997231364250183,0.999445378780365,0.7729699611663818,1.0,0.99981290102005,0.7962507009506226,0.9987621307373047,1.0,1.0,0.9701520800590515,0.9929537177085876,0.7543809413909912,0.9913234114646912,0.9917004704475403,0.7620618343353271,1.0,1.0,1.0,0.9976946115493774,0.9867931008338928,1.0,1.0,1.0,1.0,0.9986991286277771,1.0,1.0,1.0,1.0,2.066988945007324
163,0.001982431858778,0.708158552646637,0.9958487153053284,0.999907910823822,1.0,0.7653796672821045,0.7661126852035522,0.9700609445571899,1.0,1.0,0.7701689600944519,1.0,1.0,0.9735581278800964,0.7851483225822449,1.0,1.0,0.9997230768203735,0.9999076128005981,0.7684297561645508,1.0,0.9998138546943665,0.7869024872779846,0.9979146718978882,1.0,1.0,0.9737092852592468,0.9903882741928101,0.7509039044380188,0.9894546866416931,0.9903064966201782,0.708158552646637,1.0,1.0,1.0,0.9964976906776428,0.9970110654830933,1.0,1.0,0.9999071359634399,1.0,0.9987925291061401,1.0,1.0,1.0,1.0,2.118157386779785
164,0.002048300812020898,0.7349297404289246,0.9952917098999023,0.9998154044151306,1.0,0.7688339948654175,0.7699981927871704,0.9733049869537354,1.0,1.0,0.8045806884765625,1.0,1.0,0.9700294733047485,0.7871241569519043,1.0,1.0,0.9998154044151306,0.9997222423553467,0.771446943283081,1.0,1.0,0.7903287410736084,0.9986709356307983,1.0,1.0,0.9693431854248047,0.9924976229667664,0.7518483400344849,0.9909334182739258,0.9915144443511963,0.7349297404289246,1.0,1.0,1.0,0.9974188804626465,0.9972943067550659,1.0,1.0,0.9999070167541504,1.0,0.9988837242126465,1.0,1.0,1.0,1.0,2.0804057121276855
165,0.0021790245082229376,0.5197489857673645,0.9963982105255127,1.0,0.9615384340286255,0.5197489857673645,0.7149044275283813,0.9756771326065063,1.0,1.0,0.8052690029144287,1.0,1.0,0.9708486795425415,0.7888765931129456,1.0,1.0,0.9998154640197754,0.9993520975112915,0.7785043716430664,1.0,0.9999067187309265,0.7929627895355225,0.998386800289154,1.0,1.0,0.969748854637146,0.9917766451835632,0.7554481625556946,0.989585280418396,0.9906025528907776,0.7913597226142883,1.0,1.0,1.0,0.9959447383880615,0.9963504076004028,1.0,1.0,1.0,1.0,0.9981374740600586,1.0,1.0,1.0,1.0,2.0190138816833496
166,0.0019369489746168256,0.7366468906402588,0.9953866004943848,0.9999077320098877,1.0,0.7711254358291626,0.7740180492401123,0.9732521772384644,1.0,1.0,0.8081900477409363,1.0,1.0,0.971299409866333,0.7921358346939087,1.0,1.0,0.9998155832290649,0.9997223615646362,0.7789046764373779,1.0,0.9999066591262817,0.7968423366546631,0.9981945753097534,1.0,1.0,0.97043776512146,0.992233395576477,0.7551954388618469,0.9916413426399231,0.9919741749763489,0.7366468906402588,1.0,1.0,1.0,0.9963072538375854,0.9971972703933716,1.0,1.0,1.0,1.0,0.9986971616744995,1.0,1.0,1.0,1.0,2.0571579933166504
167,0.0017963151913136244,0.7495236396789551,0.9970501661300659,1.0,1.0,0.7660888433456421,0.7683151960372925,0.9746450185775757,1.0,1.0,0.8004980683326721,1.0,1.0,0.9701107144355774,0.7860568165779114,1.0,1.0,0.9997233152389526,0.9998149871826172,0.7742677927017212,1.0,0.99972003698349,0.7899981141090393,0.9986742734909058,1.0,1.0,0.9691123366355896,0.9927660226821899,0.7495236396789551,0.9910883903503418,0.9916882514953613,0.7662708759307861,1.0,1.0,1.0,0.9979708194732666,0.99756920337677,1.0,1.0,1.0,1.0,0.9987931251525879,1.0,1.0,1.0,1.0,2.214560031890869
168,0.0016666868468746543,0.7501883506774902,0.9956634044647217,0.9999078512191772,1.0,0.7674418687820435,0.7700258493423462,0.9704851508140564,1.0,1.0,0.8065854907035828,1.0,1.0,0.9704851508140564,0.7911520600318909,1.0,1.0,0.9998153448104858,0.9999074935913086,0.7787488698959351,1.0,0.9998133778572083,0.7933332920074463,0.9977129697799683,1.0,1.0,0.9694902300834656,0.9920861721038818,0.751807451248169,0.9907934665679932,0.9912490844726562,0.7501883506774902,1.0,1.0,1.0,0.9969534873962402,0.9927332401275635,1.0,1.0,1.0,1.0,0.998792290687561,1.0,1.0,1.0,1.0,2.1016740798950195
169,0.0021271049045026302,0.7349888682365417,0.9965879917144775,1.0,1.0,0.7697271108627319,0.7693160772323608,0.9723553657531738,1.0,1.0,0.7866727113723755,1.0,1.0,0.9733099341392517,0.7677367925643921,1.0,1.0,0.9998154640197754,0.9997223615646362,0.7835051417350769,1.0,0.9997202157974243,0.7885311841964722,0.997809112071991,1.0,1.0,0.9710296392440796,0.9917174577713013,0.7523719072341919,0.9899334907531738,0.9909694194793701,0.7349888682365417,1.0,1.0,1.0,0.9955728054046631,0.9957817792892456,1.0,1.0,1.0,1.0,0.9987039566040039,1.0,1.0,1.0,1.0,2.176466703414917
170,0.0018264824757352471,0.615136444568634,0.9956594109535217,1.0,0.9999077320098877,0.615136444568634,0.7716288566589355,0.9728732109069824,1.0,1.0,0.8087936639785767,1.0,1.0,0.9735337495803833,0.7687349915504456,1.0,1.0,0.9999078512191772,0.9998149871826172,0.7844653129577637,1.0,0.9997188448905945,0.7911344170570374,0.9981918334960938,1.0,1.0,0.9728960990905762,0.9904265403747559,0.7552686929702759,0.9887480735778809,0.9897620677947998,0.7807877063751221,1.0,1.0,1.0,0.9953917264938354,0.9963646531105042,1.0,1.0,1.0,1.0,0.9982318878173828,1.0,1.0,1.0,1.0,2.107128381729126

171,0.0023201664444059134,0.6120423674583435,0.9971407651901245,0.9998154640197754,1.0,0.6120423674583435,0.7741697430610657,0.9729604721069336,1.0,1.0,0.788918137550354,1.0,1.0,0.9750322103500366,0.7925207614898682,1.0,1.0,1.0,0.9733139872550964,0.7908755540847778,1.0,0.9998127222061157,0.7944697737693787,0.9981932640075684,1.0,1.0,0.9731753468513489,0.9903790950775146,0.7562713623046875,0.9889733791351318,0.989760160446167,0.7244845628738403,0.9772727489471436,1.0,1.0,0.9962162971496582,0.9969204664230347,1.0,1.0,1.0,1.0,0.9989784955978394,1.0,1.0,0.9846153855323792,1.0,2.1678662300109863
172,0.0017378049669787288,0.6887019276618958,0.9977867603302002,1.0,1.0,0.7636145353317261,0.7681373357772827,0.9748387336730957,1.0,1.0,0.7720479965209961,1.0,1.0,0.9694592952728271,0.7657890319824219,1.0,1.0,0.9998155832290649,0.9999074935913086,0.7882775068283081,1.0,0.9999068975448608,0.7940397262573242,0.9985713958740234,1.0,1.0,0.9677882194519043,0.9908449649810791,0.7391796708106995,0.9897475242614746,0.9900405406951904,0.6887019276618958,1.0,1.0,1.0,0.9964075088500977,0.995977520942688,1.0,1.0,1.0,1.0,0.9989780783653259,1.0,1.0,1.0,1.0,2.1720268726348877
173,0.0014120275154709816,0.7535544633865356,0.9956650137901306,0.9999077916145325,1.0,0.7665498852729797,0.7703450918197632,0.9746450185775757,1.0,1.0,0.8016399145126343,1.0,1.0,0.973621129989624,0.7963099479675293,1.0,1.0,0.9999077320098877,0.9996300339698792,0.7883729934692383,1.0,0.9999066591262817,0.7947548627853394,0.997905969619751,1.0,1.0,0.9719101190567017,0.9920030832290649,0.7535544633865356,0.9905087351799011,0.9910632371902466,0.7646174430847168,1.0,1.0,1.0,0.996585488319397,0.996723473072052,1.0,1.0,1.0,1.0,0.9983290433883667,1.0,1.0,1.0,1.0,2.1472060680389404
174,0.001269851578399539,0.7488155961036682,0.9956666231155396,0.9999077320098877,1.0,0.7645756602287292,0.7655357122421265,0.9709677696228027,1.0,1.0,0.7982456088066101,1.0,1.0,0.9719763994216919,0.7909141182899475,1.0,1.0,0.9998154640197754,0.9996297359466553,0.7768054604530334,1.0,0.9998133182525635,0.7904021143913269,0.9984686374664307,1.0,1.0,0.9707890748977661,0.9931533336639404,0.7488155961036682,0.9923576712608337,0.9930799007415771,0.7739814519882202,1.0,1.0,1.0,0.9975101351737976,0.998509407043457,1.0,1.0,1.0,1.0,0.9982378482818604,1.0,1.0,1.0,1.0,2.049968957901001
175,0.0010923350928351283,0.7544932961463928,0.9964028596878052,1.0,1.0,0.7727607488632202,0.7775833606719971,0.9709570407867432,1.0,1.0,0.8064426779747009,1.0,1.0,0.9718635082244873,0.7980804443359375,1.0,1.0,0.9998155236244202,0.9998152256011963,0.7899870872497559,1.0,0.9999063014984131,0.7995444536209106,0.9980970621109009,1.0,1.0,0.9705322980880737,0.9919893145561218,0.7544932961463928,0.9906142950057983,0.990952730178833,0.8119045495986938,1.0,1.0,1.0,0.9968594312667847,0.9971878528594971,1.0,1.0,1.0,1.0,0.998886227607727,1.0,1.0,1.0,1.0,2.1195337772369385
176,0.001434729783795774,0.7500474452972412,0.9960346817970276,1.0,0.9791666269302368,0.7663836479187012,0.7684792280197144,0.9709957838058472,1.0,1.0,0.7817885279655457,1.0,1.0,0.9143463373184204,0.765221357345581,1.0,1.0,0.9997233152389526,0.9998143911361694,0.7834377288818359,1.0,0.9999067187309265,0.7934597134590149,0.9978137016296387,1.0,1.0,0.9720537662506104,0.9916571974754333,0.7500474452972412,0.9908745288848877,0.9912313222885132,0.7624320387840271,1.0,1.0,1.0,0.9960302710533142,0.9966380596160889,1.0,1.0,1.0,1.0,0.9988857507705688,1.0,1.0,1.0,1.0,2.239152669906616
177,0.0014534567017108202,0.6958191990852356,0.9953004121780396,1.0,1.0,0.7693730592727661,0.7737919688224792,0.9704742431640625,1.0,1.0,0.8064783811569214,1.0,1.0,0.945276141166687,0.7997599840164185,0.96875,1.0,0.9999077916145325,0.9999074339866638,0.7970187664031982,1.0,0.999625563621521,0.8010997772216797,0.9977255463600159,1.0,1.0,0.9694497585296631,0.9902017116546631,0.7546542882919312,0.9856736063957214,0.9894833564758301,0.6958191990852356,1.0,1.0,1.0,0.995574414730072,0.9960776567459106,1.0,1.0,1.0,1.0,0.998510479927063,1.0,1.0,1.0,1.0,2.2190945148468018
178,0.0011133593507111073,0.6586626172065735,0.9956673979759216,0.9999076128005981,1.0,0.7706066370010376,0.7735326290130615,0.970756471157074,1.0,1.0,0.8070967793464661,1.0,1.0,0.9717764258384705,0.8058834075927734,1.0,1.0,0.9999077916145325,0.9998148083686829,0.7979017496109009,1.0,0.9995325207710266,0.8015108704566956,0.9973328113555908,1.0,1.0,0.9704214334487915,0.9920045733451843,0.7549372911453247,0.9918359518051147,0.9925193786621094,0.6586626172065735,1.0,1.0,1.0,0.9964938163757324,0.9975696802139282,1.0,1.0,1.0,1.0,0.9989786148071289,1.0,1.0,1.0,1.0,2.124613046646118
179,0.0009544327040202916,0.7525887489318848,0.9956634044647217,0.9999077916145325,1.0,0.7697563171386719,0.7744194269180298,0.9715971946716309,1.0,1.0,0.8053097724914551,1.0,1.0,0.9729231595993042,0.800794243812561,1.0,1.0,1.0,0.9998149871826172,0.7927031517028809,1.0,0.9996254444122314,0.799204409122467,0.9974417686462402,1.0,1.0,0.9708119630813599,0.9910459518432617,0.7547098398208618,0.9886255860328674,0.9894872903823853,0.7525887489318848,1.0,1.0,1.0,0.9956634044647217,0.9967338442802429,1.0,1.0,1.0,1.0,0.9991632699966431,1.0,1.0,1.0,1.0,2.1489574909210205
180,0.0011996672255918384,0.6857986450195312,0.9959431886672974,1.0,1.0,0.771634578704834,0.7758461236953735,0.9728161096572876,1.0,1.0,0.8052271604537964,1.0,1.0,0.9741506576538086,0.8059550523757935,1.0,1.0,1.0,0.9997221827507019,0.7981406450271606,1.0,0.999625563621521,0.7978824973106384,0.9982916116714478,1.0,1.0,0.9716981053352356,0.9931389093399048,0.7576277256011963,0.9883071780204773,0.9923487901687622,0.6857986450195312,1.0,1.0,1.0,0.9965848326683044,0.9972917437553406,1.0,1.0,1.0,1.0,0.9983265399932861,1.0,1.0,1.0,1.0,2.1232614517211914

181,0.0019015901489183307,0.7059396505355835,0.9960353970527649,1.0,0.9599076509475708,0.7733985185623169,0.7059396505355835,0.9690959453582764,1.0,0.925000011920929,0.7679714560508728,1.0,1.0,0.9478782415390015,0.7767224311828613,1.0,1.0,0.9997231960296631,0.9996297359466553,0.7997421026229858,1.0,1.0,0.8015360832214355,0.9985736012458801,1.0,1.0,0.9721013903617859,0.9934473037719727,0.7538372278213501,0.9822454452514648,0.9923403263092041,0.7435073852539062,1.0,1.0,1.0,0.9972324371337891,0.9975687265396118,1.0,1.0,1.0,0.9901062250137329,0.9986022710800171,1.0,1.0,1.0,1.0,2.1667470932006836
182,0.0013988844584673643,0.7094444036483765,0.9966777563095093,1.0,1.0,0.7773271799087524,0.7811059951782227,0.9696158170700073,1.0,1.0,0.8128342628479004,1.0,1.0,0.9743400812149048,0.7899723052978516,1.0,1.0,0.999722957611084,1.0,0.8048802614212036,1.0,0.9998130798339844,0.7994291186332703,0.9979071617126465,1.0,1.0,0.9728033542633057,0.9898386001586914,0.7609973549842834,0.9886687994003296,0.9892066717147827,0.7094444036483765,0.96875,1.0,0.989130437374115,0.9964911937713623,0.9963585138320923,1.0,1.0,1.0,0.9924242496490479,0.9984197616577148,1.0,1.0,1.0,1.0,2.1438729763031006
183,0.0013292331714183092,0.7504000663757324,0.9952890872955322,0.9999078512191772,0.999907910823822,0.7504000663757324,0.7771328687667847,0.9704688191413879,1.0,1.0,0.8046485781669617,1.0,1.0,0.9737668633460999,0.7605870962142944,1.0,1.0,0.9999077320098877,1.0,0.8001288771629333,1.0,0.9998130798339844,0.7984577417373657,0.998094916343689,1.0,1.0,0.9726495742797852,0.9875940084457397,0.7548460960388184,0.9883610606193542,0.9916897416114807,0.759291410446167,1.0,1.0,1.0,0.996955156326294,0.9977570176124573,1.0,1.0,1.0,1.0,0.9988853931427002,1.0,1.0,1.0,1.0,2.037684440612793
184,0.0012738876976072788,0.7421606779098511,0.9959439635276794,0.9999077320098877,1.0,0.7594609260559082,0.7651724815368652,0.9681047201156616,1.0,1.0,0.775603175163269,1.0,1.0,0.9732275009155273,0.8014583587646484,1.0,1.0,1.0,0.9997228384017944,0.7919506430625916,1.0,0.9998136162757874,0.7906380891799927,0.998476505279541,1.0,1.0,0.9715423583984375,0.9933472871780396,0.7421606779098511,0.9917441606521606,0.9922451972961426,0.7944182753562927,1.0,1.0,1.0,0.9976933002471924,0.9978512525558472,1.0,1.0,1.0,1.0,0.9978592395782471,1.0,1.0,1.0,1.0,2.052894353866577
185,0.0025862534530460835,0.7502377033233643,0.9962226152420044,0.9997234344482422,1.0,0.7680745124816895,0.7706947326660156,0.9681793451309204,1.0,1.0,0.7818808555603027,1.0,1.0,0.8840125799179077,0.8071955442428589,1.0,1.0,0.9995384812355042,0.9995378255844116,0.7950985431671143,1.0,0.999906599521637,0.7976077795028687,0.9988592863082886,1.0,1.0,0.9703534841537476,0.9843409657478333,0.7502377033233643,0.979515790939331,0.9394363164901733,0.8476951122283936,1.0,1.0,0.9999074339866638,0.9967730045318604,0.9914443492889404,1.0,1.0,1.0,0.9999068975448608,0.9985124468803406,0.9911935329437256,1.0,0.9924442768096924,0.9996375441551208,2.1629478931427
186,0.001348885940387845,0.7507122755050659,0.9956634044647217,0.9999077320098877,0.96875,0.7658789157867432,0.7695428133010864,0.9669002294540405,1.0,1.0,0.774416983127594,1.0,1.0,0.9740631580352783,0.805237889289856,1.0,1.0,1.0,0.999907374382019,0.7998710870742798,1.0,1.0,0.792427659034729,0.9981035590171814,1.0,1.0,0.9704493880271912,0.9896906614303589,0.7507122755050659,0.9910476207733154,0.9915019273757935,0.8150458931922913,1.0,1.0,1.0,0.9971423149108887,0.9971017241477966,1.0,1.0,1.0,1.0,0.9990718364715576,1.0,1.0,1.0,1.0,2.1008143424987793
187,0.0007807976799085736,0.7554564476013184,0.9954780340194702,0.9998154640197754,1.0,0.7702902555465698,0.7735081911087036,0.966654360294342,1.0,1.0,0.8046125173568726,1.0,1.0,0.973800778388977,0.8099280595779419,1.0,1.0,1.0,0.9997220039367676,0.8034628629684448,1.0,0.9997189044952393,0.7998480796813965,0.9982024431228638,1.0,1.0,0.970079779624939,0.9916094541549683,0.7554564476013184,0.990523099899292,0.9909427165985107,0.8140859603881836,1.0,1.0,1.0,0.9973251819610596,0.997468113899231,1.0,1.0,1.0,1.0,0.9988857507705688,1.0,1.0,1.0,1.0,2.1214663982391357
188,0.0008918658713810146,0.7598741054534912,0.9959394931793213,1.0,1.0,0.7777470350265503,0.7794796228408813,0.9690036773681641,1.0,1.0,0.8091899156570435,1.0,1.0,0.9783210754394531,0.8125230669975281,1.0,1.0,1.0,0.999907374382019,0.8127647638320923,1.0,0.9999064207077026,0.7991453409194946,0.9985719919204712,1.0,1.0,0.97374427318573,0.9913613200187683,0.7598741054534912,0.9873068332672119,0.9905834197998047,0.8320482969284058,1.0,1.0,1.0,0.9976036548614502,0.9974700212478638,1.0,1.0,1.0,1.0,0.998422384262085,1.0,1.0,1.0,1.0,2.109928846359253
189,0.00075431790901348,0.7525166273117065,0.995389997959137,0.9999078512191772,1.0,0.7694649696350098,0.7735310792922974,0.9662299156188965,1.0,1.0,0.8004240393638611,1.0,1.0,0.9731401205062866,0.8104116916656494,1.0,1.0,0.9999077320098877,0.9995366334915161,0.8069416284561157,1.0,0.9998131394386292,0.7983855605125427,0.9990472793579102,1.0,1.0,0.9705770611763,0.9936130046844482,0.7525166273117065,0.9913743734359741,0.9921600818634033,0.8320823907852173,1.0,1.0,1.0,0.9984326362609863,0.9984111785888672,1.0,1.0,0.9999071955680847,1.0,0.998328685760498,1.0,1.0,1.0,1.0,2.105142831802368
190,0.0014014315092936158,0.7605165839195251,0.9959372282028198,0.9998155832290649,1.0,0.7775728702545166,0.7797377109527588,0.9669680595397949,1.0,0.949999988079071,0.8080686926841736,1.0,1.0,0.9782247543334961,0.7605165839195251,1.0,1.0,0.9997233152389526,0.999907374382019,0.809852659702301,1.0,0.9999065399169922,0.7992970943450928,0.9981035590171814,1.0,1.0,0.9751139879226685,0.989373505115509,0.7610636353492737,0.9904707670211792,0.9910598993301392,0.9511270523071289,1.0,1.0,1.0,0.9964925050735474,0.9972891807556152,1.0,1.0,0.9999070763587952,1.0,0.9987915754318237,1.0,1.0,1.0,1.0,2.100532293319702

191,0.0012230862630531192,0.6833618879318237,0.9954855442047119,1.0,0.880767822265625,0.6833618879318237,0.7796828746795654,0.9658608436584473,1.0,1.0,0.7594095468521118,1.0,1.0,0.955532968044281,0.8171497583389282,1.0,1.0,0.9999077320098877,0.999722421169281,0.8160125017166138,1.0,0.99981290102005,0.8006860017776489,0.998762845993042,1.0,1.0,0.9720379114151001,0.9920680522918701,0.7578526735305786,0.991021990776062,0.9913251996040344,0.9363636374473572,1.0,1.0,1.0,0.9970457553863525,0.9979435205459595,1.0,1.0,1.0,1.0,0.9990707635879517,1.0,1.0,1.0,1.0,2.1289427280426025
192,0.0013929789420217276,0.7541793584823608,0.9963153600692749,0.9999076724052429,1.0,0.7698119878768921,0.7740029096603394,0.9657306671142578,1.0,1.0,0.7889381647109985,1.0,1.0,0.957931637763977,0.8113695383071899,1.0,1.0,0.9999077320098877,0.9999076128005981,0.814674973487854,0.989130437374115,1.0,0.7975577116012573,0.9980041980743408,1.0,1.0,0.9733005166053772,0.9913694858551025,0.7541793584823608,0.9786527156829834,0.9908705353736877,0.8484652042388916,1.0,1.0,1.0,0.9961190223693848,0.996361255645752,1.0,1.0,1.0,0.9854141473770142,0.9777334332466125,1.0,1.0,0.9998137354850769,1.0,2.035637855529785
193,0.0006645123939961195,0.7494320273399353,0.9964041709899902,1.0,1.0,0.7666359543800354,0.7680650949478149,0.9655713438987732,1.0,1.0,0.7964022159576416,1.0,1.0,0.977213978767395,0.8106116056442261,1.0,1.0,0.9998154640197754,0.9997217655181885,0.811475396156311,1.0,0.9996271133422852,0.7942966222763062,0.9985784292221069,1.0,1.0,0.9689871072769165,0.9922857284545898,0.7494320273399353,0.9900492429733276,0.9907732009887695,0.8444896340370178,1.0,1.0,1.0,0.9975060224533081,0.9974808692932129,1.0,1.0,1.0,1.0,0.9975809454917908,1.0,1.0,1.0,1.0,2.029784917831421
194,0.0005842962418682873,0.7596848011016846,0.9964028596878052,0.9999077320098877,1.0,0.7767840623855591,0.7773574590682983,0.9682481288909912,1.0,1.0,0.8059192299842834,1.0,1.0,0.9800553917884827,0.8166974186897278,1.0,1.0,0.9997234344482422,0.9995377063751221,0.8169091939926147,1.0,1.0,0.8019708395004272,0.9985771179199219,1.0,1.0,0.9737895727157593,0.9916905164718628,0.7596848011016846,0.9894546866416931,0.9900332093238831,0.9272305369377136,1.0,1.0,1.0,0.9965841770172119,0.9970098733901978,1.0,1.0,1.0,1.0,0.9987000823020935,1.0,1.0,1.0,1.0,2.0546092987060547
195,0.0005525767337530851,0.7545143365859985,0.9951152205467224,1.0,1.0,0.7739523649215698,0.7757095098495483,0.9640154838562012,1.0,1.0,0.8040391206741333,1.0,1.0,0.9785898923873901,0.8175525665283203,1.0,1.0,0.9998155832290649,0.9997221231460571,0.8260349631309509,1.0,0.9999066591262817,0.8028892278671265,0.9979127049446106,1.0,1.0,0.9721958637237549,0.9904102087020874,0.7545143365859985,0.988880455493927,0.9894795417785645,0.9853730797767639,1.0,1.0,1.0,0.9957572221755981,0.9966374039649963,1.0,1.0,0.9998143911361694,1.0,0.9986048936843872,1.0,1.0,1.0,1.0,2.1978728771209717

