,CircularShape,DiamondShape,TriangularShape,OctagonalShape,RedGround,WhiteGround,YellowGround,BlueGround,Border,BlackBorder,RedBorder,WhiteBorder,Bar,BlackBar,WhiteBar,Symbol,BlackSymbol,WhiteSymbol,SymbolStop,SymbolNoEntryGoods,SymbolOvertaking,SymbolOvertakingGoods,SymbolSpeed20,SymbolSpeed30,SymbolSpeed50,SymbolSpeed60,SymbolSpeed70,SymbolSpeed80,SymbolSpeed100,SymbolSpeed120,SymbolD1a1,SymbolD1a4,SymbolD1a5,SymbolD1a6,SymbolD1a7,SymbolD2a1,SymbolD2a2,SymbolD3,SymbolSingleLeftBend,SymbolSingleRightBend,SymbolTwoOrMoreLeftBend,SymbolRightNarrow,SymbolRoadDeformities,SymbolSlipperyRoad,SymbolChildren,SymbolCyclists,SymbolWildAnimals,SymbolRoadWorks,SymbolVerticalLightSignals,SymbolIntersectionPriority,SymbolDanger,SymbolPedestrians,SymbolIceSnow,C14_20,C14_30,C14_50,C14_60,C14_70,C14_80,C17b_80,C14_100,C14_120,C13aa,C13bb,A19a,B3,B1,B2a,C2,C3e3,C1a,A32,A1a,A1b,A1c,A7a,A9,A4b2,A16,A17a,A33,A13,A14,A34,A15b,C17a,D1a5,D1a4,D1a1,D1a7,D1a6,D2a2,D2a1,D3,C17c,C17d
N[0](CircularShape),0.04446440562605858,0.12555430829524994,-0.12592080235481262,0.13170340657234192,-0.03087453357875347,-0.048954710364341736,0.07138123363256454,0.05044602230191231,0.11901966482400894,0.008958481252193451,0.08427351713180542,0.12474798411130905,-0.2401936948299408,-0.20760345458984375,-0.1025063693523407,-0.14149032533168793,-0.10933887958526611,0.0826483890414238,0.13178716599941254,0.13174624741077423,0.0022593410685658455,-0.22950072586536407,-0.15803959965705872,0.13480253517627716,0.13681451976299286,0.08468885719776154,0.13807471096515656,-0.03764830157160759,0.11683841794729233,-0.155547633767128,-0.17553037405014038,-0.1741643249988556,0.11120211333036423,0.13847267627716064,-0.18566462397575378,0.09069817513227463,0.13053740561008453,0.14497722685337067,-0.1876833736896515,-0.16852211952209473,0.13080279529094696,-0.18111637234687805,-0.18488694727420807,0.12051087617874146,0.1355271190404892,-0.18393917381763458,0.1333601474761963,0.12828803062438965,-0.17441406846046448,0.1395903378725052,0.1418464481830597,-0.18621407449245453,-0.18068233132362366,-0.15900041162967682,0.13920919597148895,0.1453859806060791,0.08922871202230453,0.1425655484199524,0.14602889120578766,-0.18215641379356384,0.12632356584072113,-0.18486911058425903,0.14577823877334595,-0.18449607491493225,0.1395903378725052,0.12483101338148117,0.11519202589988708,0.13306833803653717,0.1232837587594986,0.14277607202529907,-0.1849965900182724,0.1418464481830597,-0.1876833736896515,-0.16852211952209473,0.13080279529094696,-0.18488694727420807,0.12051087617874146,-0.18111637234687805,0.12828803062438965,-0.17441406846046448,-0.18621407449245453,0.1355271190404892,-0.18393917381763458,-0.18068233132362366,0.1333601474761963,0.13218387961387634,0.11120211333036423,-0.1741643249988556,-0.17553037405014038,-0.18566462397575378,0.13847267627716064,0.13053740561008453,0.09069817513227463,0.14497722685337067,-0.18712490797042847,-0.18593914806842804
N[1](DiamondShape),0.32192322611808777,-0.14436569809913635,-0.23099137842655182,-0.14889048039913177,0.007551293354481459,-0.08841594308614731,-0.10278693586587906,0.07736670970916748,-0.23356372117996216,0.018811367452144623,-0.2078830748796463,-0.14337365329265594,0.25846537947654724,0.1873667687177658,0.1684090793132782,0.19369055330753326,0.10462204366922379,0.08558496087789536,-0.1485859900712967,0.10870322585105896,0.01403004303574562,0.21292626857757568,0.16617907583713531,-0.13816694915294647,-0.14531370997428894,-0.10389348864555359,0.15179502964019775,0.03321833163499832,0.15606628358364105,0.1434745043516159,0.1732906699180603,-0.147450253367424,0.17164991796016693,0.15789657831192017,0.17132090032100677,0.1621292382478714,-0.15031597018241882,-0.14723710715770721,0.17101672291755676,0.1676284670829773,-0.14394782483577728,-0.13389015197753906,0.1680077761411667,-0.15217319130897522,-0.1460532546043396,-0.143323615193367,-0.11347262561321259,0.15994910895824432,-0.15169988572597504,-0.15019039809703827,-0.1563371866941452,-0.14586152136325836,0.13681498169898987,0.1673503816127777,-0.14190107583999634,-0.15443018078804016,-0.10844261199235916,0.15565398335456848,-0.14361709356307983,0.17520281672477722,0.1689593493938446,0.17080864310264587,-0.11280586570501328,0.17154806852340698,-0.15019039809703827,-0.14363105595111847,-0.1517062485218048,-0.1502864807844162,-0.14963588118553162,0.11901617795228958,0.17316043376922607,-0.1563371866941452,0.17101672291755676,0.1676284670829773,-0.14394782483577728,0.1680077761411667,-0.15217319130897522,-0.13389015197753906,0.15994910895824432,-0.15169988572597504,-0.14586152136325836,-0.1460532546043396,-0.143323615193367,0.13681498169898987,-0.11347262561321259,-0.1505109965801239,0.17164991796016693,-0.147450253367424,0.1732906699180603,0.17132090032100677,0.15789657831192017,-0.15031597018241882,0.1621292382478714,-0.14723710715770721,0.17597787082195282,0.17187178134918213
N[2](TriangularShape),-0.15238341689109802,0.16965486109256744,0.07188951969146729,0.17001762986183167,0.021204162389039993,-0.08619445562362671,0.1313653439283371,0.05112651735544205,0.13824816048145294,0.03771897032856941,0.07783401757478714,0.1686905026435852,-0.33105891942977905,-0.2706755995750427,-0.1816011369228363,0.04240414872765541,-0.01210319809615612,0.09273966401815414,0.16957126557826996,-0.13382074236869812,0.015303313732147217,-0.1586674451828003,0.1663818359375,-0.1484828144311905,0.1542818397283554,0.16692984104156494,-0.14339454472064972,-0.005660443566739559,-0.13584372401237488,0.1406494528055191,-0.14189454913139343,0.15579260885715485,0.16251054406166077,0.1674768626689911,0.1511765867471695,-0.1547681987285614,-0.11323141306638718,-0.15302912890911102,0.16915935277938843,-0.1528898924589157,0.16748647391796112,0.1681699901819229,0.16989271342754364,-0.1573161631822586,-0.15033267438411713,0.16913610696792603,-0.15108659863471985,-0.15311293303966522,-0.12020144611597061,-0.14839480817317963,0.1678992658853531,0.1686931550502777,-0.13402582705020905,0.16728980839252472,-0.15297062695026398,0.16157858073711395,0.1748063713312149,-0.14678646624088287,0.15707607567310333,-0.15014584362506866,-0.14677192270755768,0.16533003747463226,0.136699378490448,-0.15306943655014038,-0.14839480817317963,0.17019592225551605,0.16920892894268036,0.17141877114772797,-0.1420113891363144,-0.14423632621765137,-0.15207025408744812,0.1678992658853531,0.16915935277938843,-0.1528898924589157,0.16748647391796112,0.16989271342754364,-0.1573161631822586,0.1681699901819229,-0.15311293303966522,-0.12020144611597061,0.1686931550502777,-0.15033267438411713,0.16913610696792603,-0.13402582705020905,-0.15108659863471985,-0.1207025945186615,0.16251054406166077,0.15579260885715485,-0.14189454913139343,0.1511765867471695,0.1674768626689911,-0.11323141306638718,-0.1547681987285614,-0.15302912890911102,-0.15307924151420593,-0.09918823838233948
N[3](OctagonalShape),0.26667478680610657,-0.15159037709236145,-0.16357533633708954,-0.1588580161333084,-0.20810964703559875,0.1495949774980545,-0.10768040269613266,-0.042608361691236496,-0.11059609800577164,-0.007033548317849636,-0.07440950721502304,-0.15051308274269104,0.23308683931827545,0.31784293055534363,-0.08823937177658081,0.06198752298951149,0.1353732794523239,-0.052448369562625885,-0.15720811486244202,0.1486966758966446,0.20237325131893158,0.19782990217208862,0.16030701994895935,0.15758463740348816,-0.12948837876319885,-0.141041100025177,0.15116070210933685,0.016615144908428192,-0.13965298235416412,0.13449063897132874,0.15894392132759094,-0.15285691618919373,0.15826211869716644,-0.15345197916030884,-0.14887617528438568,0.1616009920835495,-0.150588721036911,0.14791777729988098,0.15420174598693848,0.1541833132505417,-0.1576777547597885,-0.15907444059848785,-0.14807966351509094,0.154563307762146,0.14060695469379425,-0.15506435930728912,-0.14938849210739136,0.1609194427728653,-0.1625308096408844,-0.12708745896816254,-0.15122325718402863,-0.14122700691223145,-0.15686053037643433,0.1613556295633316,0.16236244142055511,-0.13760137557983398,-0.14776578545570374,0.15515831112861633,-0.15612168610095978,0.1625816375017166,-0.15059980750083923,0.15820060670375824,0.16176503896713257,0.1598210334777832,-0.12708745896816254,-0.15093649923801422,0.1631927490234375,-0.1589699536561966,-0.15084347128868103,0.16214033961296082,-0.14094699919223785,-0.15122325718402863,0.15420174598693848,0.1541833132505417,-0.1576777547597885,-0.14807966351509094,0.154563307762146,-0.15907444059848785,0.1609194427728653,-0.1625308096408844,-0.14122700691223145,0.14060695469379425,-0.15506435930728912,-0.15686053037643433,-0.14938849210739136,0.15111011266708374,0.15826211869716644,-0.15285691618919373,0.15894392132759094,-0.14887617528438568,-0.15345197916030884,-0.150588721036911,0.1616009920835495,0.14791777729988098,0.1602487862110138,0.15897341072559357
N[4](RedGround),0.08803513646125793,-0.16665369272232056,-0.09575087577104568,0.13988152146339417,0.19552984833717346,-0.29435995221138,-0.13053861260414124,0.1956838220357895,-0.2857418656349182,0.012693137861788273,-0.24909302592277527,-0.16558623313903809,0.058566801249980927,-0.03475674241781235,0.18080833554267883,0.09967346489429474,-0.25356948375701904,0.32106444239616394,0.1384553462266922,-0.16000117361545563,-0.04560459777712822,0.14548033475875854,-0.17113971710205078,-0.16454042494297028,-0.16458892822265625,-0.16813687980175018,0.14293797314167023,-0.21858926117420197,0.13713689148426056,0.11973336338996887,0.14584583044052124,0.12386908382177353,-0.16954097151756287,0.1453864872455597,0.14585857093334198,0.13285794854164124,0.14944732189178467,0.06548693031072617,-0.1720917671918869,0.14435672760009766,0.13688619434833527,0.14346876740455627,-0.17296496033668518,-0.1728789359331131,0.11552676558494568,-0.1763923019170761,0.14801041781902313,0.1416049301624298,0.1476895958185196,-0.16826511919498444,-0.17570455372333527,-0.17373397946357727,0.1477149873971939,-0.17221900820732117,-0.16909778118133545,-0.17456428706645966,-0.17587241530418396,0.14610286056995392,-0.16290676593780518,-0.16398045420646667,0.14839014410972595,0.13984327018260956,-0.1769060343503952,0.1414010375738144,-0.16826511919498444,-0.16726697981357574,-0.17783357203006744,0.13986951112747192,0.14023734629154205,-0.17421521246433258,0.14875735342502594,-0.17570455372333527,-0.1720917671918869,0.14435672760009766,0.13688619434833527,-0.17296496033668518,-0.1728789359331131,0.14346876740455627,0.1416049301624298,0.1476895958185196,-0.17373397946357727,0.11552676558494568,-0.1763923019170761,0.1477149873971939,0.14801041781902313,-0.1724666804075241,-0.16954097151756287,0.12386908382177353,0.14584583044052124,0.14585857093334198,0.1453864872455597,0.14944732189178467,0.13285794854164124,0.06548693031072617,0.14827513694763184,0.08230986446142197
N[5](WhiteGround),-0.1698041558265686,0.14149825274944305,0.07712288945913315,0.14402911067008972,-0.019367316737771034,0.013201956637203693,0.098133884370327,-0.0035133403725922108,0.17954857647418976,-0.00910085067152977,0.15085764229297638,0.14053864777088165,-0.28676557540893555,-0.21032720804214478,-0.18301688134670258,-0.17351548373699188,-0.15969836711883545,0.0044772326946258545,0.14385370910167694,0.10128653049468994,0.0020146702881902456,-0.22867020964622498,-0.15424780547618866,-0.16733525693416595,0.13065138459205627,0.13129538297653198,0.1381530910730362,-0.037001900374889374,-0.09457134455442429,-0.15369243919849396,-0.18110710382461548,0.1376156210899353,-0.1527121365070343,0.13981840014457703,-0.18023987114429474,-0.18492619693279266,0.1400092989206314,0.14075838029384613,-0.18214145302772522,-0.18157309293746948,0.1351711004972458,0.14107686281204224,0.12455563992261887,-0.17256633937358856,-0.15033525228500366,0.13837973773479462,0.1051502525806427,-0.1800030618906021,0.12916208803653717,0.13938236236572266,0.14707450568675995,0.12176725268363953,-0.16969096660614014,-0.1551400125026703,-0.17106731235980988,0.13907425105571747,0.13712738454341888,0.1423884779214859,0.14737524092197418,-0.18273039162158966,-0.10120046883821487,-0.1822129637002945,0.14303025603294373,-0.18358314037322998,0.13938236236572266,0.14082635939121246,0.14272330701351166,0.14544616639614105,0.14042191207408905,0.10925392806529999,-0.1850639283657074,0.14707450568675995,-0.18214145302772522,-0.18157309293746948,0.1351711004972458,0.12455563992261887,-0.17256633937358856,0.14107686281204224,-0.1800030618906021,0.12916208803653717,0.12176725268363953,-0.15033525228500366,0.13837973773479462,-0.16969096660614014,0.1051502525806427,0.13909369707107544,-0.1527121365070343,0.1376156210899353,-0.18110710382461548,-0.18023987114429474,0.13981840014457703,0.1400092989206314,-0.18492619693279266,0.14075838029384613,-0.1850629299879074,-0.18570253252983093
N[6](YellowGround),0.13239528238773346,-0.17701420187950134,-0.12541694939136505,0.1356547474861145,0.18596971035003662,-0.1747148036956787,-0.1308102011680603,0.09344716370105743,-0.2741481363773346,0.04600194841623306,-0.25849300622940063,-0.17571191489696503,0.1292182356119156,0.11093129217624664,0.07504380494356155,0.2734875977039337,-0.01633625105023384,0.1949033886194229,0.1341019868850708,-0.17085982859134674,-0.05587027594447136,0.16279396414756775,0.11495505273342133,-0.18054525554180145,-0.17833442986011505,0.108671173453331,0.13061223924160004,0.0061452388763427734,0.12456629425287247,0.11645255982875824,0.13924922049045563,0.10137495398521423,0.1384645402431488,0.13684046268463135,0.13769450783729553,-0.18476630747318268,0.11696340143680573,-0.18181279301643372,0.13871748745441437,0.12986889481544495,-0.1759437620639801,0.13486628234386444,0.1331556886434555,-0.18909232318401337,-0.17153048515319824,-0.17202989757061005,0.12449326366186142,0.1245737075805664,0.11111776530742645,-0.1895492672920227,-0.18528829514980316,-0.18374957144260406,0.13953915238380432,0.11572771519422531,-0.18601156771183014,-0.19100311398506165,0.11334628611803055,0.13300620019435883,-0.14171633124351501,0.13884605467319489,0.13498927652835846,0.13827630877494812,-0.18350490927696228,0.12612244486808777,-0.1895492672920227,-0.17753401398658752,-0.18640205264091492,0.13565342128276825,-0.18276475369930267,-0.18552255630493164,0.13874222338199615,-0.18528829514980316,0.13871748745441437,0.12986889481544495,-0.1759437620639801,0.1331556886434555,-0.18909232318401337,0.13486628234386444,0.1245737075805664,0.11111776530742645,-0.18374957144260406,-0.17153048515319824,-0.17202989757061005,0.13953915238380432,0.12449326366186142,-0.18756195902824402,0.1384645402431488,0.10137495398521423,0.13924922049045563,0.13769450783729553,0.13684046268463135,0.11696340143680573,-0.18476630747318268,-0.18181279301643372,0.13805773854255676,0.13635846972465515
N[7](BlueGround),0.3941260874271393,-0.1878853291273117,-0.2693434953689575,-0.19398829340934753,-0.2654997706413269,0.07396718859672546,-0.15049225091934204,0.07036611437797546,-0.0477738231420517,0.03292734920978546,-0.03795431926846504,-0.18652385473251343,0.015811506658792496,0.10165609419345856,-0.1386139839887619,0.29337331652641296,0.2036130130290985,0.06308265775442123,-0.19191956520080566,0.12401509284973145,0.16416391730308533,0.1587510108947754,0.13053198158740997,0.1268518567085266,-0.1545647382736206,0.1176271066069603,0.1298530399799347,0.16858957707881927,0.11276023089885712,0.10897912830114365,0.13575336337089539,-0.19641242921352386,0.13520100712776184,0.12941527366638184,0.1153000146150589,0.12443064153194427,-0.18701747059822083,0.11584866046905518,0.1129409670829773,0.12113882601261139,-0.1945357322692871,-0.19146019220352173,0.12635640799999237,-0.19394950568675995,0.050817590206861496,-0.18470586836338043,-0.1838752031326294,0.13088186085224152,-0.19581693410873413,-0.1940540224313736,0.12151352316141129,-0.19402121007442474,-0.19332270324230194,0.13140200078487396,0.13019722700119019,-0.16454899311065674,0.12257546931505203,0.1342397779226303,0.1154433935880661,0.13491131365299225,0.12234915792942047,0.13048826158046722,0.13600485026836395,0.12302297353744507,-0.1940540224313736,-0.18842598795890808,0.12800024449825287,-0.19403940439224243,-0.19534610211849213,0.13508817553520203,-0.18841266632080078,0.12151352316141129,0.1129409670829773,0.12113882601261139,-0.1945357322692871,0.12635640799999237,-0.19394950568675995,-0.19146019220352173,0.13088186085224152,-0.19581693410873413,-0.19402121007442474,0.050817590206861496,-0.18470586836338043,-0.19332270324230194,-0.1838752031326294,-0.1795976758003235,0.13520100712776184,-0.19641242921352386,0.13575336337089539,0.1153000146150589,0.12941527366638184,-0.18701747059822083,0.12443064153194427,0.11584866046905518,0.12272416055202484,0.13377143442630768
N[8](Border),0.23247408866882324,-0.20107623934745789,-0.2157125622034073,0.12513642013072968,0.16859664022922516,-0.2551327645778656,-0.19979490339756012,0.20092260837554932,-0.17992204427719116,-0.03255128487944603,-0.11535576730966568,-0.1996980756521225,-0.07115644216537476,-0.16966459155082703,0.14986485242843628,0.18184322118759155,-0.07679598778486252,0.30085018277168274,0.12403617799282074,-0.12069562077522278,0.04610399156808853,-0.21624553203582764,-0.20565669238567352,0.1254948526620865,0.10764703899621964,-0.16357973217964172,0.13491040468215942,0.17334690690040588,0.12403009831905365,0.07996994256973267,0.13152064383029938,-0.20457123219966888,0.13330015540122986,0.13445287942886353,0.1270073652267456,0.10229484736919403,0.13786117732524872,0.13578660786151886,-0.21061544120311737,0.12384341657161713,0.13137641549110413,0.07367726415395737,-0.2010258287191391,-0.20273327827453613,0.11577416211366653,-0.20880617201328278,0.13145074248313904,0.13003818690776825,-0.18282544612884521,0.11347983032464981,-0.1994779109954834,-0.20829243957996368,0.11872856318950653,-0.20694297552108765,0.1296028196811676,0.1151449903845787,-0.17048810422420502,0.13841356337070465,0.1340101659297943,0.1242610514163971,0.135031059384346,0.09446892142295837,0.13187089562416077,-0.14790035784244537,0.11347983032464981,-0.2017611861228943,-0.21163812279701233,0.125144362449646,0.08917482942342758,-0.13021643459796906,0.12480944395065308,-0.1994779109954834,-0.21061544120311737,0.12384341657161713,0.13137641549110413,-0.2010258287191391,-0.20273327827453613,0.07367726415395737,0.13003818690776825,-0.18282544612884521,-0.20829243957996368,0.11577416211366653,-0.20880617201328278,0.11872856318950653,0.13145074248313904,-0.2030332237482071,0.13330015540122986,-0.20457123219966888,0.13152064383029938,0.1270073652267456,0.13445287942886353,0.13786117732524872,0.10229484736919403,0.13578660786151886,-0.0855303481221199,-0.20639488101005554
N[9](BlackBorder),0.12742358446121216,0.1297796368598938,-0.1966000646352768,0.1347189098596573,-0.04688171297311783,-0.2230837196111679,0.07774804532527924,0.18587760627269745,0.047807153314352036,0.0452088937163353,-0.006105395499616861,0.12934166193008423,-0.42883527278900146,-0.34727224707603455,-0.2139195203781128,0.11780042946338654,-0.09167156368494034,0.27588313817977905,0.13493959605693817,0.12448343634605408,-0.017854971811175346,-0.2624923288822174,0.1253521591424942,-0.030849412083625793,0.11536428332328796,0.12750515341758728,0.13249117136001587,-0.04755757376551628,0.11614532023668289,0.1028180941939354,0.11660102754831314,0.05890606343746185,0.13457320630550385,0.13645030558109283,0.10648764669895172,-0.21229563653469086,0.1306743323802948,0.1338120996952057,-0.20668594539165497,-0.18501293659210205,0.12260739505290985,0.12502655386924744,0.11643598228693008,-0.210601344704628,-0.17352578043937683,0.04967082664370537,0.0844908133149147,0.12404768913984299,-0.20850978791713715,-0.17865338921546936,0.13639383018016815,-0.20335252583026886,-0.20404095947742462,0.1257830113172531,-0.03200302645564079,0.12045601010322571,0.13352647423744202,0.13645504415035248,0.1388566493988037,-0.1914721578359604,0.12497034668922424,0.11721161007881165,0.13596710562705994,-0.21414530277252197,-0.17865338921546936,0.1291169673204422,0.12505671381950378,0.13617244362831116,-0.20583342015743256,0.13519175350666046,-0.21146100759506226,0.13639383018016815,-0.20668594539165497,-0.18501293659210205,0.12260739505290985,0.11643598228693008,-0.210601344704628,0.12502655386924744,0.12404768913984299,-0.20850978791713715,-0.20335252583026886,-0.17352578043937683,0.04967082664370537,-0.20404095947742462,0.0844908133149147,-0.07519280165433884,0.13457320630550385,0.05890606343746185,0.11660102754831314,0.10648764669895172,0.13645030558109283,0.1306743323802948,-0.21229563653469086,0.1338120996952057,-0.21223284304141998,-0.20966467261314392
N[10](RedBorder),-0.019857756793498993,0.16041289269924164,0.03419061377644539,-0.15726378560066223,-0.21788948774337769,0.26668739318847656,0.14247405529022217,-0.2002149224281311,0.1877414435148239,-0.00429346039891243,0.1528487205505371,0.1594226360321045,0.08889661729335785,0.16253149509429932,-0.11159118264913559,-0.0700712725520134,0.2413145899772644,-0.2799626290798187,-0.15553303062915802,0.15184582769870758,0.03264343738555908,-0.011641123332083225,0.15997588634490967,0.15201996266841888,0.14034496247768402,0.1543647199869156,-0.15080440044403076,0.10148301720619202,-0.1461506485939026,0.059547729790210724,-0.15772567689418793,-0.15570154786109924,0.16472811996936798,-0.14988118410110474,-0.15259723365306854,0.15043282508850098,-0.1590612381696701,-0.14920450747013092,0.16096588969230652,-0.15585103631019592,-0.15543511509895325,-0.15420444309711456,0.16228558123111725,0.14996251463890076,-0.1364513486623764,0.16182246804237366,-0.15792228281497955,0.1504359245300293,-0.15969382226467133,-0.14124919474124908,0.16425742208957672,0.1620950698852539,-0.1615595668554306,0.16101445257663727,0.15668624639511108,0.14817854762077332,0.16248056292533875,-0.15427064895629883,-0.015349953435361385,0.16033126413822174,-0.15808236598968506,0.06816381961107254,0.16389647126197815,-0.15218129754066467,-0.14124919474124908,0.16107912361621857,0.1678415685892105,-0.15723904967308044,-0.15965887904167175,0.16514825820922852,-0.1632944941520691,0.16425742208957672,0.16096588969230652,-0.15585103631019592,-0.15543511509895325,0.16228558123111725,0.14996251463890076,-0.15420444309711456,0.1504359245300293,-0.15969382226467133,0.1620950698852539,-0.1364513486623764,0.16182246804237366,-0.1615595668554306,-0.15792228281497955,0.15901346504688263,0.16472811996936798,-0.15570154786109924,-0.15772567689418793,-0.15259723365306854,-0.14988118410110474,-0.1590612381696701,0.15043282508850098,-0.14920450747013092,-0.15389399230480194,0.1600016951560974
N[11](WhiteBorder),-0.05096275359392166,-0.1377067267894745,0.02210645191371441,0.16577573120594025,0.2278345227241516,-0.13781465590000153,-0.08740366250276566,0.054174453020095825,-0.16766683757305145,0.026340845972299576,-0.15066352486610413,-0.13709349930286407,0.05792490765452385,0.014310463331639767,0.09398709237575531,0.0574130043387413,-0.12587672472000122,0.13021603226661682,0.16394558548927307,-0.14771732687950134,-0.01816009357571602,0.20702165365219116,-0.14591699838638306,-0.15185126662254333,-0.15548467636108398,-0.10078088939189911,-0.15083058178424835,-0.1998521238565445,0.15493197739124298,0.14257696270942688,0.16543960571289062,0.15883353352546692,-0.14077827334403992,0.16128705441951752,0.16702856123447418,-0.14780864119529724,-0.01853489689528942,-0.14697764813899994,0.16419251263141632,0.1576470583677292,-0.09925507009029388,0.16905462741851807,0.16808035969734192,-0.15704868733882904,-0.13987688720226288,0.1572389155626297,0.12759210169315338,-0.15147602558135986,0.17207305133342743,-0.1558736264705658,-0.1598319411277771,-0.14568254351615906,0.16858534514904022,-0.14656609296798706,-0.15647998452186584,-0.16511495411396027,-0.10509201884269714,-0.15557414293289185,-0.15545061230659485,-0.14533716440200806,0.16783441603183746,0.16953839361667633,-0.15550734102725983,0.16480617225170135,-0.1558736264705658,-0.13728687167167664,-0.1554156094789505,0.1658114641904831,0.14536401629447937,-0.16099359095096588,0.16879883408546448,-0.1598319411277771,0.16419251263141632,0.1576470583677292,-0.09925507009029388,0.16808035969734192,-0.15704868733882904,0.16905462741851807,-0.15147602558135986,0.17207305133342743,-0.14568254351615906,-0.13987688720226288,0.1572389155626297,0.16858534514904022,0.12759210169315338,-0.1573985368013382,-0.14077827334403992,0.15883353352546692,0.16543960571289062,0.16702856123447418,0.16128705441951752,-0.01853489689528942,-0.14780864119529724,-0.14697764813899994,0.1710745394229889,0.16876566410064697
N[12](Bar),-0.07326257228851318,0.16859766840934753,-0.01736398972570896,0.1647852063179016,0.21366022527217865,-0.28519630432128906,0.17913800477981567,0.13152241706848145,-0.22004863619804382,-0.01400023978203535,-0.22306007146835327,0.16748328506946564,0.05036548152565956,0.018397336825728416,0.05363829433917999,-0.08223540335893631,-0.17967379093170166,0.19785772264003754,0.16317299008369446,-0.12225539237260818,-0.015388653613626957,-0.0025696761440485716,0.16644234955310822,-0.14674964547157288,-0.14431728422641754,0.16023461520671844,-0.14641128480434418,-0.1776801347732544,-0.13965697586536407,0.1421421319246292,0.16013957560062408,0.15918605029582977,0.16725756227970123,0.16936218738555908,0.16043700277805328,-0.15312480926513672,-0.1455134004354477,-0.15215492248535156,0.1685853898525238,-0.14305561780929565,-0.09164825081825256,0.16737934947013855,0.1700057089328766,-0.1567472666501999,-0.1442548781633377,0.1691213846206665,-0.15279947221279144,-0.1487492024898529,-0.14020279049873352,-0.15573753416538239,0.15798744559288025,0.16815191507339478,-0.12409956008195877,0.1674807369709015,-0.15134072303771973,-0.1546020805835724,0.16885581612586975,-0.15022346377372742,-0.13162904977798462,-0.13382980227470398,-0.15074783563613892,0.16874979436397552,-0.1432742178440094,-0.14527450501918793,-0.15573753416538239,0.16931329667568207,0.1660280078649521,0.16482606530189514,-0.15563523769378662,-0.1340920478105545,0.1433507651090622,0.15798744559288025,0.1685853898525238,-0.14305561780929565,-0.09164825081825256,0.1700057089328766,-0.1567472666501999,0.16737934947013855,-0.1487492024898529,-0.14020279049873352,0.16815191507339478,-0.1442548781633377,0.1691213846206665,-0.12409956008195877,-0.15279947221279144,-0.13561221957206726,0.16725756227970123,0.15918605029582977,0.16013957560062408,0.16043700277805328,0.16936218738555908,-0.1455134004354477,-0.15312480926513672,-0.15215492248535156,0.15946213901042938,0.16835780441761017
N[13](BlackBar),0.12947960197925568,0.14228661358356476,-0.20219886302947998,0.14327800273895264,-0.023249030113220215,-0.17494015395641327,0.09730159491300583,0.13936394453048706,0.02688155509531498,0.02971191145479679,-0.017597174271941185,0.14150281250476837,-0.31450721621513367,-0.23657076060771942,-0.1890372931957245,0.0027839033864438534,-0.11910966038703918,0.21019066870212555,0.14319805800914764,0.12796375155448914,-0.003100224072113633,-0.23257608711719513,0.13210375607013702,-0.17709596455097198,0.12505683302879333,0.132965087890625,0.13418510556221008,-0.04072805494070053,0.10686656832695007,0.10739912837743759,-0.1142803505063057,0.12423080950975418,0.13735201954841614,0.13834832608699799,0.05550128221511841,-0.1912531703710556,0.13702020049095154,0.13404209911823273,-0.17151278257369995,-0.1854044497013092,0.1117163896560669,0.13968366384506226,0.13603700697422028,-0.1892145872116089,-0.18237806856632233,0.13756771385669708,-0.1767488569021225,-0.1818012148141861,-0.1892242282629013,-0.17573590576648712,0.14543212950229645,0.12189823389053345,-0.18159106373786926,0.13276821374893188,-0.18219135701656342,0.13150076568126678,0.1392916589975357,0.13823473453521729,0.1453053206205368,-0.1869601160287857,0.11383278667926788,0.12162300199270248,0.14033560454845428,-0.19142578542232513,-0.17573590576648712,0.14162594079971313,0.14159992337226868,0.14469808340072632,-0.17486073076725006,0.13927610218524933,-0.189671590924263,0.14543212950229645,-0.17151278257369995,-0.1854044497013092,0.1117163896560669,0.13603700697422028,-0.1892145872116089,0.13968366384506226,-0.1818012148141861,-0.1892242282629013,0.12189823389053345,-0.18237806856632233,0.13756771385669708,-0.18159106373786926,-0.1767488569021225,0.08922414481639862,0.13735201954841614,0.12423080950975418,-0.1142803505063057,0.05550128221511841,0.13834832608699799,0.13702020049095154,-0.1912531703710556,0.13404209911823273,-0.19038084149360657,-0.18389028310775757
N[14](WhiteBar),0.48179706931114197,-0.1759386658668518,-0.36044803261756897,-0.18215222656726837,-0.2487882375717163,0.12528440356254578,-0.13494189083576202,0.014177176170051098,-0.09695129096508026,0.01090406533330679,-0.07160064578056335,-0.174655944108963,0.15896488726139069,0.2550586760044098,-0.12213720381259918,0.14230893552303314,0.15320003032684326,-0.00018632951832842082,-0.1802363246679306,0.13760477304458618,0.17352932691574097,0.17411912977695465,0.13954824209213257,0.14166127145290375,0.10156940668821335,0.12944559752941132,0.1424921751022339,0.1895143985748291,-0.11043783277273178,0.11987373977899551,0.1428252011537552,-0.18322396278381348,0.14665471017360687,0.13883987069129944,-0.1673136055469513,0.14194482564926147,-0.16929399967193604,0.13724784553050995,-0.13862977921962738,0.12677538394927979,-0.17698347568511963,-0.18296101689338684,-0.1740730106830597,-0.172291100025177,0.1152530089020729,-0.17961980402469635,-0.17011675238609314,0.14525897800922394,-0.18526776134967804,-0.1724870800971985,0.1381499469280243,-0.17877912521362305,-0.18108978867530823,0.14021597802639008,0.1457526981830597,0.10434515029191971,0.13464568555355072,0.14698199927806854,0.13364529609680176,0.14838825166225433,-0.11695776134729385,0.1397990733385086,0.14981506764888763,0.13626006245613098,-0.1724870800971985,-0.1765553057193756,0.14205621182918549,-0.18218864500522614,-0.18190473318099976,0.1498035490512848,-0.1771506667137146,0.1381499469280243,-0.13862977921962738,0.12677538394927979,-0.17698347568511963,-0.1740730106830597,-0.172291100025177,-0.18296101689338684,0.14525897800922394,-0.18526776134967804,-0.17877912521362305,0.1152530089020729,-0.17961980402469635,-0.18108978867530823,-0.17011675238609314,0.09362160414457321,0.14665471017360687,-0.18322396278381348,0.1428252011537552,-0.1673136055469513,0.13883987069129944,-0.16929399967193604,0.14194482564926147,0.13724784553050995,0.12492629140615463,0.1439853012561798
N[15](Symbol),0.18543288111686707,0.12290160357952118,-0.23635989427566528,0.09291315823793411,-0.06596968322992325,-0.011072143912315369,0.10237634927034378,0.015848858281970024,-0.026956504210829735,-0.04651135951280594,-0.014774567447602749,0.12247873097658157,-0.0059053595177829266,0.08110608160495758,-0.15676632523536682,0.014382603578269482,0.030193297192454338,0.050569891929626465,0.09364357590675354,0.13023652136325836,-0.0076489825733006,-0.06361859291791916,0.1362525075674057,0.1285957247018814,0.11588390916585922,0.13220906257629395,0.1318795084953308,0.1825883686542511,-0.18392863869667053,0.10841447860002518,0.10733816772699356,-0.19569087028503418,0.13741719722747803,0.13331888616085052,-0.19673201441764832,0.10708742588758469,-0.18395395576953888,0.12613512575626373,-0.18982556462287903,-0.18329854309558868,-0.19615472853183746,-0.19259367883205414,0.12082841992378235,-0.1918351948261261,0.07579189538955688,0.044871874153614044,-0.1940944641828537,0.13007304072380066,-0.20076298713684082,-0.058001790195703506,0.13949984312057495,0.11651184409856796,-0.20126329362392426,0.13699664175510406,0.1323826014995575,0.12225969135761261,0.13806122541427612,0.13612940907478333,0.1384045034646988,0.13404884934425354,-0.19890835881233215,0.12628473341464996,0.1409071534872055,-0.19841614365577698,-0.058001790195703506,0.12365323305130005,0.14113305509090424,0.0941830649971962,-0.19924041628837585,0.14115893840789795,-0.20114053785800934,0.13949984312057495,-0.18982556462287903,-0.18329854309558868,-0.19615472853183746,0.12082841992378235,-0.1918351948261261,-0.19259367883205414,0.13007304072380066,-0.20076298713684082,0.11651184409856796,0.07579189538955688,0.044871874153614044,-0.20126329362392426,-0.1940944641828537,0.11868215352296829,0.13741719722747803,-0.19569087028503418,0.10733816772699356,-0.19673201441764832,0.13331888616085052,-0.18395395576953888,0.10708742588758469,0.12613512575626373,-0.19895155727863312,0.11797427386045456
N[16](BlackSymbol),0.12385065853595734,-0.15285657346248627,-0.05790784955024719,-0.14770224690437317,0.008114827796816826,0.005077930632978678,-0.11603587120771408,-0.008031976409256458,-0.14695526659488678,0.048942551016807556,-0.14501136541366577,-0.15189063549041748,0.26860612630844116,0.18959173560142517,0.20149081945419312,0.04946841299533844,-0.005028925370424986,-0.01916562020778656,-0.1475685089826584,-0.13779966533184052,-0.009644445963203907,0.21167948842048645,-0.15182381868362427,-0.1316715031862259,-0.146436870098114,-0.14534804224967957,0.15983474254608154,0.021252337843179703,0.1608240008354187,0.13813062012195587,0.16958032548427582,-0.10137470811605453,-0.1442606896162033,-0.14447025954723358,0.17029936611652374,0.16946300864219666,0.09776004403829575,-0.11183348298072815,-0.1261708289384842,0.1695677936077118,-0.1343337595462799,-0.1353023648262024,-0.14731381833553314,0.14979392290115356,0.16593506932258606,-0.15033677220344543,0.16780050098896027,0.16550669074058533,0.1719551533460617,-0.13164877891540527,-0.15390296280384064,-0.15541459619998932,0.16991588473320007,-0.15281066298484802,-0.13526228070259094,-0.15500693023204803,-0.15170259773731232,0.16355080902576447,-0.14781205356121063,0.16195882856845856,0.17416824400424957,0.1633005291223526,-0.1464405655860901,0.1738930642604828,-0.13164877891540527,-0.15329326689243317,-0.1546584516763687,-0.14908063411712646,0.16419130563735962,-0.14990931749343872,0.17324773967266083,-0.15390296280384064,-0.1261708289384842,0.1695677936077118,-0.1343337595462799,-0.14731381833553314,0.14979392290115356,-0.1353023648262024,0.16550669074058533,0.1719551533460617,-0.15541459619998932,0.16593506932258606,-0.15033677220344543,0.16991588473320007,0.16780050098896027,-0.1508464217185974,-0.1442606896162033,-0.10137470811605453,0.16958032548427582,0.17029936611652374,-0.14447025954723358,0.09776004403829575,0.16946300864219666,-0.11183348298072815,0.17529067397117615,0.16635477542877197
N[17](WhiteSymbol),0.2673587501049042,-0.1805257499217987,-0.18696527183055878,-0.15118245780467987,-0.01211334764957428,-0.22049908339977264,-0.1417415291070938,0.2216441035270691,-0.31064942479133606,-0.013059776276350021,-0.2531617283821106,-0.17931975424289703,0.18751521408557892,0.10610349476337433,0.18172870576381683,0.1163807138800621,-0.17666767537593842,0.2504270076751709,-0.15084342658519745,-0.16576384007930756,-0.04344356432557106,0.1439032107591629,-0.17956171929836273,-0.15789265930652618,-0.1598377376794815,-0.169616237282753,0.14351075887680054,0.13670885562896729,0.1354028731584549,0.11585239320993423,0.14755788445472717,-0.16941551864147186,0.14035844802856445,0.14266841113567352,0.14529740810394287,0.14118754863739014,0.1458137035369873,0.14454513788223267,-0.18535277247428894,0.1439971625804901,-0.06641528755426407,-0.17451244592666626,-0.1801133006811142,-0.17669977247714996,0.13978968560695648,-0.18372006714344025,0.14102642238140106,0.14348459243774414,0.13857851922512054,0.09766756743192673,-0.18312938511371613,-0.18306361138820648,0.14761051535606384,-0.1807776838541031,-0.16202892363071442,-0.16818654537200928,-0.1784404069185257,0.14706651866436005,0.05806124210357666,0.1400882750749588,0.1468457728624344,0.13674718141555786,-0.17011933028697968,0.14307814836502075,0.09766756743192673,-0.18113510310649872,-0.18557384610176086,-0.15250271558761597,0.135288804769516,-0.18062476813793182,0.14777304232120514,-0.18312938511371613,-0.18535277247428894,0.1439971625804901,-0.06641528755426407,-0.1801133006811142,-0.17669977247714996,-0.17451244592666626,0.14348459243774414,0.13857851922512054,-0.18306361138820648,0.13978968560695648,-0.18372006714344025,0.14761051535606384,0.14102642238140106,-0.18082468211650848,0.14035844802856445,-0.16941551864147186,0.14755788445472717,0.14529740810394287,0.14266841113567352,0.1458137035369873,0.14118754863739014,0.14454513788223267,0.1441732943058014,0.08423031866550446
N[18](SymbolStop),0.11667142808437347,-0.17751985788345337,-0.11978927999734879,0.1398935765028,0.18668122589588165,-0.17389066517353058,-0.13150322437286377,0.09497685730457306,-0.17386609315872192,0.06480662524700165,-0.17713887989521027,-0.17613990604877472,-0.01324666291475296,-0.04836881160736084,0.07152101397514343,0.2903185486793518,0.006774580106139183,0.19464540481567383,0.13833370804786682,-0.1840638965368271,0.16081395745277405,0.09678510576486588,-0.08488523960113525,-0.19416430592536926,-0.1834128201007843,0.12529389560222626,0.13565193116664886,-0.03432042896747589,0.12736600637435913,0.11620593816041946,0.1355256736278534,0.10645371675491333,0.1390301138162613,0.14023956656455994,0.13677969574928284,-0.1984366923570633,0.13751226663589478,-0.19799618422985077,0.11555193364620209,0.13195699453353882,0.07685662806034088,0.1380462348461151,0.12857966125011444,-0.2029770463705063,-0.18875110149383545,-0.18180543184280396,0.12938646972179413,0.08088962733745575,0.07200592011213303,-0.1990365833044052,-0.19564802944660187,-0.20094247162342072,0.14124362170696259,-0.0853722020983696,-0.200189009308815,-0.19712340831756592,0.13070964813232422,0.13874687254428864,0.12808698415756226,-0.1624523550271988,0.1381213515996933,0.13743427395820618,0.11984651535749435,0.027734138071537018,-0.1990365833044052,-0.17802532017230988,-0.1999053657054901,0.13993030786514282,-0.1855008602142334,-0.19996681809425354,0.13484324514865875,-0.19564802944660187,0.11555193364620209,0.13195699453353882,0.07685662806034088,0.12857966125011444,-0.2029770463705063,0.1380462348461151,0.08088962733745575,0.07200592011213303,-0.20094247162342072,-0.18875110149383545,-0.18180543184280396,0.14124362170696259,0.12938646972179413,-0.20293816924095154,0.1390301138162613,0.10645371675491333,0.1355256736278534,0.13677969574928284,0.14023956656455994,0.13751226663589478,-0.1984366923570633,-0.19799618422985077,0.13750021159648895,0.13422098755836487
N[19](SymbolNoEntryGoods),0.5401244163513184,-0.16982845962047577,-0.44768697023391724,-0.17106230556964874,-0.027402179315686226,-0.21389134228229523,-0.13196398317813873,0.1784466952085495,-0.3223973214626312,-0.022847268730401993,-0.25990352034568787,-0.1687433272600174,0.21357043087482452,0.1406976729631424,0.18038557469844818,0.24884869158267975,0.016548823565244675,0.23990581929683685,-0.17055663466453552,0.13571155071258545,0.18377989530563354,0.17437370121479034,-0.07266729325056076,0.13986916840076447,-0.1559741348028183,-0.15287311375141144,0.14502538740634918,0.18054158985614777,0.13399627804756165,0.11965266615152359,0.14746451377868652,-0.17497877776622772,0.14708296954631805,0.1418641209602356,0.1356389820575714,0.1401846557855606,0.14432071149349213,0.15030217170715332,-0.17654061317443848,0.13989436626434326,-0.17203089594841003,-0.1724000722169876,-0.16372327506542206,-0.17299701273441315,0.1372736543416977,-0.17743362486362457,0.138125479221344,0.14648447930812836,-0.17594721913337708,-0.16768589615821838,-0.17333278059959412,-0.17685547471046448,-0.11844193190336227,-0.07309632003307343,0.14367781579494476,-0.16532735526561737,-0.1598392277956009,0.14968465268611908,0.1179526299238205,0.14874736964702606,0.14495550096035004,0.14069809019565582,0.14705950021743774,0.14290687441825867,-0.16768589615821838,-0.17046713829040527,-0.17543932795524597,-0.17245402932167053,-0.1648353636264801,0.14709939062595367,0.14503449201583862,-0.17333278059959412,-0.17654061317443848,0.13989436626434326,-0.17203089594841003,-0.16372327506542206,-0.17299701273441315,-0.1724000722169876,0.14648447930812836,-0.17594721913337708,-0.17685547471046448,0.1372736543416977,-0.17743362486362457,-0.11844193190336227,0.138125479221344,-0.1751832813024521,0.14708296954631805,-0.17497877776622772,0.14746451377868652,0.1356389820575714,0.1418641209602356,0.14432071149349213,0.1401846557855606,0.15030217170715332,0.1451444774866104,0.1377195417881012
N[20](SymbolOvertaking),0.01272645965218544,0.14654797315597534,-0.08342047780752182,0.14616812765598297,-0.014133025892078876,-0.09666193276643753,0.1043749675154686,0.05279809609055519,0.07431121170520782,0.03339041396975517,0.02358519285917282,0.14583627879619598,-0.27358517050743103,-0.19737453758716583,-0.1775003969669342,-0.024069393053650856,-0.06493238359689713,0.12075009196996689,0.14596933126449585,0.13019520044326782,0.006237023044377565,-0.21607957780361176,0.1444883942604065,-0.16875869035720825,0.13518239557743073,0.13810160756111145,0.12702569365501404,-0.0316547229886055,-0.15805046260356903,0.11056309193372726,-0.17287106812000275,0.13314306735992432,0.1434299200773239,0.14452511072158813,-0.14948192238807678,-0.17991039156913757,0.1371232569217682,0.11920329928398132,0.06344865262508392,-0.17422044277191162,0.1292695850133896,0.14289508759975433,0.1452612429857254,-0.1789335310459137,-0.17274253070354462,0.14070649445056915,-0.15864787995815277,-0.1762980967760086,-0.1753908395767212,-0.15989413857460022,0.1484435647726059,0.13881391286849976,-0.17819350957870483,0.1453712433576584,-0.17352305352687836,0.1424289047718048,0.14464029669761658,0.13044145703315735,0.1474473923444748,-0.17551805078983307,-0.17110267281532288,0.12568916380405426,0.1434517502784729,-0.17928822338581085,-0.15989413857460022,0.14586888253688812,0.1470290720462799,0.14757470786571503,-0.17214517295360565,0.14170677959918976,-0.17961011826992035,0.1484435647726059,0.06344865262508392,-0.17422044277191162,0.1292695850133896,0.1452612429857254,-0.1789335310459137,0.14289508759975433,-0.1762980967760086,-0.1753908395767212,0.13881391286849976,-0.17274253070354462,0.14070649445056915,-0.17819350957870483,-0.15864787995815277,0.12445434182882309,0.1434299200773239,0.13314306735992432,-0.17287106812000275,-0.14948192238807678,0.14452511072158813,0.1371232569217682,-0.17991039156913757,0.11920329928398132,-0.1770518273115158,-0.1679113656282425
N[21](SymbolOvertakingGoods),-0.22263537347316742,0.14885050058364868,0.14968657493591309,0.14868423342704773,-0.004140056669712067,-0.11489058285951614,0.103282630443573,0.0929262563586235,0.14853417873382568,0.06125887483358383,0.07491758465766907,0.1483616977930069,-0.38109561800956726,-0.32843875885009766,-0.164986252784729,0.09024932980537415,-0.0969659760594368,0.13384397327899933,0.14844483137130737,-0.15698778629302979,-0.20975565910339355,-0.2079014778137207,0.13338486850261688,-0.1649073362350464,0.1278211772441864,0.1439315229654312,-0.15608760714530945,-0.02463480830192566,0.1266011893749237,0.12215309590101242,-0.1633806675672531,0.14494283497333527,0.1370350569486618,0.1457369327545166,0.14196230471134186,-0.17143307626247406,0.1397324949502945,-0.1661384552717209,0.1429842859506607,-0.16701550781726837,0.14172562956809998,0.1518818736076355,0.14924107491970062,-0.1711759716272354,-0.1654343456029892,0.14843879640102386,-0.15310892462730408,-0.17066216468811035,0.14351870119571686,-0.16711093485355377,0.1465183049440384,0.14453203976154327,0.13480065762996674,0.13386204838752747,-0.17006747424602509,0.13415151834487915,0.15083937346935272,-0.16039858758449554,0.14841899275779724,-0.1670375019311905,0.13629131019115448,0.14504101872444153,-0.1629580855369568,-0.17081983387470245,-0.16711093485355377,0.1481953263282776,0.14120589196681976,0.15005920827388763,-0.1456405222415924,-0.17057913541793823,-0.1667797714471817,0.1465183049440384,0.1429842859506607,-0.16701550781726837,0.14172562956809998,0.14924107491970062,-0.1711759716272354,0.1518818736076355,-0.17066216468811035,0.14351870119571686,0.14453203976154327,-0.1654343456029892,0.14843879640102386,0.13480065762996674,-0.15310892462730408,-0.1578155905008316,0.1370350569486618,0.14494283497333527,-0.1633806675672531,0.14196230471134186,0.1457369327545166,0.1397324949502945,-0.17143307626247406,-0.1661384552717209,-0.17111028730869293,-0.16280323266983032
N[22](SymbolSpeed20),-0.11335715651512146,0.151550754904747,0.015781758353114128,0.15484243631362915,-0.0043474165722727776,-0.11847727000713348,0.10093213617801666,0.10650504380464554,0.15512743592262268,0.03933237865567207,0.09507695585489273,0.15080440044403076,-0.3977983593940735,-0.3425537347793579,-0.16832485795021057,-0.006734658498317003,-0.1685522049665451,0.1375298649072647,0.15460805594921112,-0.15864503383636475,0.008719202131032944,-0.2147051841020584,-0.12628750503063202,-0.16894885897636414,0.13869322836399078,0.1409943699836731,0.14623528718948364,-0.02553088776767254,0.1304900199174881,-0.11321382224559784,-0.16591711342334747,0.14922955632209778,-0.1574031263589859,0.1503942459821701,0.14034630358219147,-0.17387300729751587,0.1528310328722,0.11795326322317123,-0.17166069149971008,-0.1703873872756958,0.14879648387432098,0.1558871865272522,0.14846567809581757,-0.17587214708328247,-0.16695354878902435,0.15450112521648407,-0.14243613183498383,-0.17349064350128174,0.1490655094385147,-0.1436886191368103,0.1554989367723465,0.12684576213359833,0.13156914710998535,-0.12735043466091156,-0.1739095151424408,0.14689986407756805,0.1474209427833557,0.14964380860328674,0.15680454671382904,-0.17543157935142517,0.1408793181180954,-0.1282503604888916,0.1459648758172989,-0.17329947650432587,-0.1436886191368103,0.15083470940589905,0.05109326168894768,0.15625570714473724,0.14470890164375305,-0.17218509316444397,-0.17302457988262177,0.1554989367723465,-0.17166069149971008,-0.1703873872756958,0.14879648387432098,0.14846567809581757,-0.17587214708328247,0.1558871865272522,-0.17349064350128174,0.1490655094385147,0.12684576213359833,-0.16695354878902435,0.15450112521648407,0.13156914710998535,-0.14243613183498383,-0.15595616400241852,-0.1574031263589859,0.14922955632209778,-0.16591711342334747,0.14034630358219147,0.1503942459821701,0.1528310328722,-0.17387300729751587,0.11795326322317123,-0.17737238109111786,-0.17378941178321838
N[23](SymbolSpeed30),-0.1175447329878807,-0.11413105577230453,0.10049457103013992,0.14568331837654114,0.018252013251185417,0.024313170462846756,-0.12910157442092896,-0.008155862800776958,0.07857535779476166,-0.03569671884179115,0.11540073156356812,-0.11308503895998001,-0.15709075331687927,-0.1492995321750641,-0.04032864794135094,0.03479756787419319,-0.07802676409482956,0.05905855819582939,0.1451806128025055,-0.1410321444272995,-0.1927364319562912,-0.19108951091766357,-0.15725918114185333,0.15723244845867157,0.151564821600914,-0.1464838981628418,0.15877455472946167,-0.012599057517945766,0.1507882922887802,-0.13123857975006104,-0.1530742645263672,0.14579187333583832,-0.15599602460861206,-0.14934492111206055,-0.14847776293754578,0.15014903247356415,0.16238896548748016,0.16320864856243134,-0.15881378948688507,0.1439969539642334,0.1588258445262909,-0.14841240644454956,-0.15666399896144867,0.16273920238018036,0.15935158729553223,-0.1530599594116211,0.16057750582695007,0.1487986296415329,0.1624138355255127,0.16121052205562592,-0.13273268938064575,-0.15629374980926514,0.1595800518989563,-0.15826916694641113,0.16208916902542114,0.1622980684041977,-0.1543271839618683,0.16248102486133575,0.15507633984088898,-0.1566590964794159,0.1626204252243042,-0.1561264544725418,-0.14987443387508392,-0.1507006138563156,0.16121052205562592,-0.11477510631084442,-0.15581074357032776,0.14688149094581604,0.1626579612493515,-0.15322758257389069,-0.1270940899848938,-0.13273268938064575,-0.15881378948688507,0.1439969539642334,0.1588258445262909,-0.15666399896144867,0.16273920238018036,-0.14841240644454956,0.1487986296415329,0.1624138355255127,-0.15629374980926514,0.15935158729553223,-0.1530599594116211,0.1595800518989563,0.16057750582695007,0.15175750851631165,-0.15599602460861206,0.14579187333583832,-0.1530742645263672,-0.14847776293754578,-0.14934492111206055,0.16238896548748016,0.15014903247356415,0.16320864856243134,-0.15724436938762665,-0.15760448575019836
N[24](SymbolSpeed50),0.338245689868927,-0.16811390221118927,-0.3302323520183563,0.13302430510520935,0.18560422956943512,-0.018010543659329414,-0.12080354243516922,-0.02596288174390793,-0.14385178685188293,0.06168556213378906,-0.14836309850215912,-0.16698376834392548,0.13804243505001068,0.1286604255437851,0.046035945415496826,0.24246565997600555,0.19769692420959473,0.022880902513861656,0.1314806342124939,0.13373792171478271,0.18752965331077576,0.18383675813674927,0.145892933011055,-0.16168728470802307,-0.15508095920085907,0.1428096443414688,0.14226046204566956,0.16418340802192688,0.1360936462879181,0.1267649233341217,0.15114745497703552,-0.1672624796628952,0.1520981341600418,0.14840881526470184,0.14796507358551025,-0.16611246764659882,-0.16026198863983154,-0.1662895381450653,0.14339682459831238,0.13656829297542572,-0.16448575258255005,0.12875758111476898,0.14501449465751648,-0.17250820994377136,-0.16844002902507782,-0.1529448926448822,-0.1493227332830429,0.1424221396446228,-0.17178615927696228,-0.17107683420181274,-0.1695105880498886,-0.1620461493730545,-0.15115512907505035,0.1468948870897293,-0.1665159910917282,-0.1666278839111328,0.14918480813503265,0.14699672162532806,0.09315331280231476,0.15226268768310547,0.14772845804691315,0.1503685712814331,0.14572212100028992,0.14324545860290527,-0.17107683420181274,-0.16736580431461334,-0.15905322134494781,0.1329922378063202,-0.16891810297966003,0.1457013636827469,0.14051589369773865,-0.1695105880498886,0.14339682459831238,0.13656829297542572,-0.16448575258255005,0.14501449465751648,-0.17250820994377136,0.12875758111476898,0.1424221396446228,-0.17178615927696228,-0.1620461493730545,-0.16844002902507782,-0.1529448926448822,-0.15115512907505035,-0.1493227332830429,-0.1718670129776001,0.1520981341600418,-0.1672624796628952,0.15114745497703552,0.14796507358551025,0.14840881526470184,-0.16026198863983154,-0.16611246764659882,-0.1662895381450653,0.15347695350646973,0.149824321269989
N[25](SymbolSpeed60),0.018141308799386024,0.13590233027935028,0.008945291861891747,-0.17108166217803955,-0.23597319424152374,0.22029618918895721,0.07978115230798721,-0.12718446552753448,0.25146812200546265,-0.012415193021297455,0.2211051732301712,0.13482899963855743,-0.06871823221445084,-0.02376474067568779,-0.08694400638341904,-0.15930382907390594,0.1325138509273529,-0.21945010125637054,-0.16919341683387756,0.14025741815567017,0.012563598342239857,-0.21517358720302582,0.13362424075603485,0.14565861225128174,0.14766649901866913,0.08870673179626465,0.1483238786458969,0.19072149693965912,-0.16030412912368774,-0.14650298655033112,-0.17209748923778534,-0.16661949455738068,-0.16536220908164978,-0.16709378361701965,-0.1728595644235611,0.13795550167560577,0.12177382409572601,0.1497916430234909,-0.1727599948644638,-0.16772323846817017,0.12401213496923447,-0.17348836362361908,-0.17288704216480255,0.14560356736183167,0.14672820270061493,-0.1719115972518921,0.09031879156827927,0.14551971852779388,-0.17305822670459747,0.14990581572055817,0.15216267108917236,0.10051285475492477,-0.1755804717540741,0.13415972888469696,0.15019817650318146,0.15691415965557098,0.09274353086948395,0.1531236618757248,0.1517801433801651,0.13583430647850037,-0.1733258217573166,-0.1745373010635376,0.15115343034267426,-0.17211352288722992,0.14990581572055817,0.13517263531684875,0.14607493579387665,-0.1710815280675888,0.09288742393255234,0.15281955897808075,-0.17501689493656158,0.15216267108917236,-0.1727599948644638,-0.16772323846817017,0.12401213496923447,-0.17288704216480255,0.14560356736183167,-0.17348836362361908,0.14551971852779388,-0.17305822670459747,0.10051285475492477,0.14672820270061493,-0.1719115972518921,-0.1755804717540741,0.09031879156827927,0.15117201209068298,-0.16536220908164978,-0.16661949455738068,-0.17209748923778534,-0.1728595644235611,-0.16709378361701965,0.12177382409572601,0.13795550167560577,0.1497916430234909,-0.1755821406841278,-0.17491905391216278
N[26](SymbolSpeed70),0.23426827788352966,-0.14922620356082916,-0.14131295680999756,-0.14750349521636963,0.006827125325798988,-0.08628187328577042,-0.10698756575584412,0.07213889807462692,-0.22786341607570648,0.024004947394132614,-0.20471206307411194,-0.14816367626190186,0.2528707981109619,0.18229110538959503,0.1669895201921463,0.19985143840312958,0.10739074647426605,0.08615913987159729,-0.14718784391880035,-0.11716735363006592,0.008174965158104897,0.20981034636497498,0.16268205642700195,-0.14322082698345184,-0.14898845553398132,-0.10925278812646866,0.15777352452278137,0.029697544872760773,0.15482904016971588,0.14230144023895264,0.17061294615268707,-0.1467592567205429,0.16929037868976593,0.16105329990386963,0.16911566257476807,0.15851707756519318,-0.14160186052322388,-0.14867554605007172,0.16984964907169342,0.17066605389118195,-0.13618198037147522,-0.11674749851226807,0.16174617409706116,-0.15322257578372955,-0.12415089458227158,-0.151277557015419,0.12079842388629913,0.1634848266839981,-0.14869597554206848,-0.15087686479091644,-0.1563706398010254,-0.1484880894422531,0.1599641889333725,0.1637534350156784,-0.14720845222473145,-0.15830664336681366,-0.11430958658456802,0.16129755973815918,-0.1468776911497116,0.17260773479938507,0.16772830486297607,0.1693722903728485,-0.1196088194847107,0.16912010312080383,-0.15087686479091644,-0.14854107797145844,-0.1541527658700943,-0.14888326823711395,-0.15022499859333038,-0.12662826478481293,0.17062214016914368,-0.1563706398010254,0.16984964907169342,0.17066605389118195,-0.13618198037147522,0.16174617409706116,-0.15322257578372955,-0.11674749851226807,0.1634848266839981,-0.14869597554206848,-0.1484880894422531,-0.12415089458227158,-0.151277557015419,0.1599641889333725,0.12079842388629913,-0.15349137783050537,0.16929037868976593,-0.1467592567205429,0.17061294615268707,0.16911566257476807,0.16105329990386963,-0.14160186052322388,0.15851707756519318,-0.14867554605007172,0.17279966175556183,0.16922233998775482
N[27](SymbolSpeed80),-0.024418644607067108,0.06599148362874985,-0.05288805440068245,0.14331698417663574,0.178368479013443,-0.3740023970603943,0.02824442647397518,0.258931428194046,-0.09011480957269669,0.0028754700906574726,-0.09720424562692642,0.06577900797128677,-0.29723620414733887,-0.37373900413513184,0.06476277858018875,0.01829024776816368,-0.3167359232902527,0.3364182114601135,0.14182260632514954,-0.17141693830490112,-0.0029578525573015213,-0.22600151598453522,-0.1828579604625702,-0.1704363375902176,0.11730872094631195,-0.13998402655124664,0.14080771803855896,-0.044312767684459686,0.13115738332271576,-0.15376164019107819,0.13474389910697937,0.12964917719364166,0.12237618118524551,0.14128902554512024,0.1371840089559555,-0.18431495130062103,0.14359931647777557,0.14164014160633087,-0.1885126531124115,0.1101396381855011,0.14529581367969513,0.13586881756782532,-0.1855216771364212,-0.17618896067142487,0.08428291976451874,-0.17721882462501526,0.13632871210575104,-0.17117108404636383,0.14171762764453888,0.13647420704364777,0.11610711365938187,-0.1837788075208664,0.13627007603645325,-0.18405209481716156,-0.17500244081020355,0.1251901388168335,-0.14607645571231842,0.14416228234767914,0.13692612946033478,-0.18454423546791077,0.1418052315711975,-0.18135954439640045,0.13583190739154816,-0.17922057211399078,0.13647420704364777,0.06507472693920135,-0.186228945851326,0.1433458924293518,0.13952068984508514,-0.18648970127105713,0.12050238996744156,0.11610711365938187,-0.1885126531124115,0.1101396381855011,0.14529581367969513,-0.1855216771364212,-0.17618896067142487,0.13586881756782532,-0.17117108404636383,0.14171762764453888,-0.1837788075208664,0.08428291976451874,-0.17721882462501526,0.13627007603645325,0.13632871210575104,-0.18538561463356018,0.12237618118524551,0.12964917719364166,0.13474389910697937,0.1371840089559555,0.14128902554512024,0.14359931647777557,-0.18431495130062103,0.14164014160633087,-0.18409642577171326,-0.1865219622850418
N[28](SymbolSpeed100),0.024330642074346542,-0.14789527654647827,0.08720899373292923,-0.15351592004299164,-0.2066982537508011,0.23677371442317963,-0.12129761278629303,-0.08819510042667389,0.057657256722450256,-0.09268523752689362,0.13669605553150177,-0.1468793898820877,0.11112863570451736,0.17344993352890015,-0.09412665665149689,0.05353977158665657,0.20579390227794647,-0.14266225695610046,-0.1518677920103073,0.15537388622760773,0.03832264244556427,0.19659554958343506,0.16558343172073364,0.16148550808429718,0.1470208317041397,-0.13125118613243103,-0.14345258474349976,0.030187156051397324,-0.14015020430088043,-0.1262684166431427,-0.12608562409877777,-0.15022188425064087,0.16675804555416107,-0.15239819884300232,-0.15062542259693146,0.16571401059627533,-0.14800597727298737,0.1621810495853424,0.15776072442531586,-0.0402517206966877,-0.14602689445018768,-0.15202367305755615,-0.14712432026863098,0.16954414546489716,0.15596573054790497,-0.1454671174287796,-0.14424915611743927,0.1662454605102539,-0.15271833539009094,0.1641404777765274,0.1657787561416626,0.16247844696044922,-0.15228639543056488,0.16665059328079224,0.16634497046470642,0.15685375034809113,-0.1370617151260376,-0.14688661694526672,-0.1377001702785492,0.16433250904083252,-0.15194278955459595,-0.15065431594848633,0.16697248816490173,0.1529015451669693,0.1641404777765274,-0.1485973745584488,0.169516459107399,-0.1535540372133255,-0.14874786138534546,0.16929402947425842,-0.1501537561416626,0.1657787561416626,0.15776072442531586,-0.0402517206966877,-0.14602689445018768,-0.14712432026863098,0.16954414546489716,-0.15202367305755615,0.1662454605102539,-0.15271833539009094,0.16247844696044922,0.15596573054790497,-0.1454671174287796,-0.15228639543056488,-0.14424915611743927,0.16930566728115082,0.16675804555416107,-0.15022188425064087,-0.12608562409877777,-0.15062542259693146,-0.15239819884300232,-0.14800597727298737,0.16571401059627533,0.1621810495853424,-0.14914578199386597,0.16353723406791687
N[29](SymbolSpeed120),0.13198117911815643,0.10081202536821365,-0.19325754046440125,0.1303413063287735,-0.046974796801805496,-0.028813965618610382,0.049256619065999985,0.038616325706243515,0.08104263246059418,-0.014866020530462265,0.0684545710682869,0.10012227296829224,-0.23966844379901886,-0.14044086635112762,-0.2056587189435959,-0.03000522404909134,-0.017982522025704384,0.07397288084030151,0.13048820197582245,0.1268640011548996,-0.01244510617107153,-0.2526637017726898,0.09285247325897217,0.1313297003507614,0.1279604285955429,0.11138997226953506,0.13781236112117767,0.13213728368282318,0.12051045894622803,-0.16935010254383087,0.11563780903816223,-0.19345086812973022,0.1279848963022232,0.13692837953567505,-0.2009606659412384,-0.19200506806373596,0.1261662244796753,0.14027947187423706,-0.20796044170856476,0.07752552628517151,0.12327755987644196,-0.1166101023554802,-0.2060079425573349,-0.1740986704826355,0.12502945959568024,-0.20575661957263947,0.12658098340034485,0.1259438395500183,-0.20419058203697205,0.12617577612400055,0.13863793015480042,-0.2062520831823349,-0.1988949477672577,0.09311017394065857,0.13537561893463135,0.13549989461898804,0.11613858491182327,0.1423899382352829,0.14076772332191467,0.060102205723524094,0.13042014837265015,-0.20168854296207428,0.14114131033420563,-0.20255179703235626,0.12617577612400055,0.09999716281890869,0.013805495575070381,0.13176988065242767,0.07157793641090393,0.1376204937696457,-0.20728819072246552,0.13863793015480042,-0.20796044170856476,0.07752552628517151,0.12327755987644196,-0.2060079425573349,-0.1740986704826355,-0.1166101023554802,0.1259438395500183,-0.20419058203697205,-0.2062520831823349,0.12502945959568024,-0.20575661957263947,-0.1988949477672577,0.12658098340034485,0.09246902167797089,0.1279848963022232,-0.19345086812973022,0.11563780903816223,-0.2009606659412384,0.13692837953567505,0.1261662244796753,-0.19200506806373596,0.14027947187423706,-0.2081533819437027,-0.2062193602323532
N[30](SymbolD1a1),0.0697394460439682,-0.1639072448015213,0.04761461913585663,-0.16959165036678314,-0.2308347374200821,0.2031891644001007,-0.13872168958187103,-0.053991109132766724,0.04395446553826332,-0.06277614086866379,0.10697729885578156,-0.16279180347919464,0.06611030548810959,0.1364656537771225,-0.11640297621488571,0.09521585702896118,0.19721633195877075,-0.09477297961711884,-0.16775467991828918,0.13923072814941406,0.019091084599494934,0.17565815150737762,0.14893841743469238,0.1454610824584961,0.11564688384532928,-0.15292462706565857,0.14051620662212372,0.012083210051059723,-0.15507128834724426,-0.1404581069946289,0.14099887013435364,-0.16729377210140228,0.14905615150928497,-0.1682673692703247,-0.1682347059249878,0.14917510747909546,-0.16399049758911133,0.14338526129722595,0.12936323881149292,0.13414253294467926,-0.16289333999156952,-0.16767053306102753,-0.1661817580461502,0.1510155349969864,0.13691642880439758,-0.16342903673648834,-0.1610378921031952,0.14902347326278687,-0.16999056935310364,0.14015130698680878,0.1460251659154892,0.13118089735507965,-0.16843466460704803,0.14990809559822083,0.15001803636550903,0.12229695171117783,-0.1597648561000824,0.1445656269788742,-0.14742738008499146,0.1489914208650589,-0.16802623867988586,-0.1668405383825302,0.14995752274990082,0.1381896436214447,0.14015130698680878,-0.16450829803943634,0.15202684700489044,-0.16961625218391418,-0.165983647108078,0.1516764909029007,-0.16870816051959991,0.1460251659154892,0.12936323881149292,0.13414253294467926,-0.16289333999156952,-0.1661817580461502,0.1510155349969864,-0.16767053306102753,0.14902347326278687,-0.16999056935310364,0.13118089735507965,0.13691642880439758,-0.16342903673648834,-0.16843466460704803,-0.1610378921031952,0.14777439832687378,0.14905615150928497,-0.16729377210140228,0.14099887013435364,-0.1682347059249878,-0.1682673692703247,-0.16399049758911133,0.14917510747909546,0.14338526129722595,-0.1614759862422943,0.14424580335617065
N[31](SymbolD1a4),-0.39525046944618225,0.1601201444864273,0.29879289865493774,0.16318155825138092,0.013687347993254662,0.05451340973377228,0.11975716054439545,-0.042563408613204956,0.19670873880386353,0.002247931668534875,0.1569533795118332,0.15919561684131622,-0.22570067644119263,-0.1604752391576767,-0.15182921290397644,-0.22274604439735413,-0.1494971066713333,-0.05882402881979942,0.16282807290554047,-0.14887988567352295,-0.19721809029579163,-0.1975233107805252,-0.0655735433101654,-0.1537718027830124,0.15540361404418945,0.1566299945116043,-0.1534494310617447,-0.011817452497780323,-0.1387312412261963,-0.13003741204738617,-0.1568899303674698,0.16294395923614502,-0.15706680715084076,0.11940010637044907,-0.14663614332675934,-0.15897247195243835,0.14953301846981049,-0.14450740814208984,0.13828974962234497,-0.15570352971553802,0.15257038176059723,0.16228188574314117,0.15698327124118805,-0.11422085762023926,-0.1551857739686966,0.16400423645973206,-0.14090682566165924,-0.15930116176605225,0.1651792675256729,0.149135023355484,0.1644664704799652,0.16404466331005096,0.1404246687889099,-0.06624097377061844,-0.15828756988048553,0.1647099256515503,0.1636115461587906,-0.15814261138439178,0.16318902373313904,-0.16132786870002747,-0.1496221274137497,-0.1532699018716812,-0.15309149026870728,-0.16109377145767212,0.149135023355484,0.15939027070999146,0.16764947772026062,0.16459353268146515,0.15695637464523315,-0.16200688481330872,-0.15709824860095978,0.1644664704799652,0.13828974962234497,-0.15570352971553802,0.15257038176059723,0.15698327124118805,-0.11422085762023926,0.16228188574314117,-0.15930116176605225,0.1651792675256729,0.16404466331005096,-0.1551857739686966,0.16400423645973206,0.1404246687889099,-0.14090682566165924,0.15826669335365295,-0.15706680715084076,0.16294395923614502,-0.1568899303674698,-0.14663614332675934,0.11940010637044907,0.14953301846981049,-0.15897247195243835,-0.14450740814208984,-0.1617758870124817,-0.1566084772348404
N[32](SymbolD1a5),-0.1743333786725998,0.12049803137779236,0.08809088915586472,0.1381106674671173,-0.012363391928374767,0.01137132104486227,0.06534910202026367,-0.008769512176513672,0.17379464209079742,0.016552038490772247,0.13168154656887054,0.11943564563989639,-0.28151920437812805,-0.21447394788265228,-0.16037362813949585,-0.02184987999498844,-0.062164828181266785,0.006506646983325481,0.13792356848716736,-0.1566355973482132,0.0013839403400197625,-0.21602551639080048,-0.1755753606557846,0.13827696442604065,0.1338510364294052,-0.15712834894657135,0.14091353118419647,-0.038543976843357086,0.13279706239700317,-0.14813032746315002,-0.16739077866077423,0.12724138796329498,-0.1752362698316574,0.13557195663452148,-0.17149147391319275,-0.16422341763973236,0.1413608193397522,0.14580251276493073,-0.17921368777751923,0.1164434626698494,0.14227606356143951,-0.16622792184352875,-0.17691411077976227,0.1380009651184082,0.13935905694961548,-0.1755867898464203,0.1398216038942337,0.13079477846622467,0.14011229574680328,0.1439395695924759,0.14269931614398956,-0.17578116059303284,0.12882164120674133,-0.1767311543226242,0.14241671562194824,0.1434536874294281,-0.16529330611228943,0.14439058303833008,0.13754062354564667,-0.17708730697631836,0.14304016530513763,-0.17557395994663239,0.13723082840442657,-0.17175354063510895,0.1439395695924759,0.11974102258682251,-0.17601041495800018,0.1394384801387787,0.14306040108203888,-0.17001907527446747,-0.16461317241191864,0.14269931614398956,-0.17921368777751923,0.1164434626698494,0.14227606356143951,-0.17691411077976227,0.1380009651184082,-0.16622792184352875,0.13079477846622467,0.14011229574680328,-0.17578116059303284,0.13935905694961548,-0.1755867898464203,0.12882164120674133,0.1398216038942337,0.12236908078193665,-0.1752362698316574,0.12724138796329498,-0.16739077866077423,-0.17149147391319275,0.13557195663452148,0.1413608193397522,-0.16422341763973236,0.14580251276493073,-0.17817606031894684,-0.1773288995027542
N[33](SymbolD1a6),-0.12491946667432785,0.15108798444271088,0.028414757922291756,0.15438087284564972,-0.0005581596051342785,-0.027454014867544174,0.10094565898180008,0.015877433121204376,0.23808929324150085,0.11196489632129669,0.12496520578861237,0.1500817835330963,-0.38975343108177185,-0.33620017766952515,-0.16373467445373535,0.09539280831813812,-0.014112589880824089,0.035534974187612534,0.154100239276886,-0.15962755680084229,-0.015643231570720673,-0.20967347919940948,-0.13270303606987,-0.16743029654026031,0.1306101530790329,0.14092092216014862,0.1410554200410843,-0.02228192239999771,0.13841237127780914,0.12329795211553574,-0.16260036826133728,0.14987026154994965,-0.16159003973007202,0.1512531191110611,0.1430651694536209,-0.17053624987602234,0.14695967733860016,-0.1563979983329773,0.056031662970781326,-0.16600413620471954,0.1483258455991745,0.15676358342170715,0.15106716752052307,-0.17037516832351685,-0.16473442316055298,0.15193568170070648,-0.14541995525360107,-0.1716020107269287,0.15374216437339783,-0.16026052832603455,0.15250760316848755,0.14214371144771576,0.14216983318328857,-0.1335451304912567,-0.17239706218242645,0.13785545527935028,0.14773188531398773,0.14463374018669128,0.15589629113674164,-0.1697339117527008,0.1498836725950241,0.1470930427312851,0.1059621125459671,-0.1706470549106598,-0.16026052832603455,0.15039408206939697,-0.15955808758735657,0.15578457713127136,0.1413620263338089,-0.17356057465076447,-0.16768097877502441,0.15250760316848755,0.056031662970781326,-0.16600413620471954,0.1483258455991745,0.15106716752052307,-0.17037516832351685,0.15676358342170715,-0.1716020107269287,0.15374216437339783,0.14214371144771576,-0.16473442316055298,0.15193568170070648,0.14216983318328857,-0.14541995525360107,-0.16974951326847076,-0.16159003973007202,0.14987026154994965,-0.16260036826133728,0.1430651694536209,0.1512531191110611,0.14695967733860016,-0.17053624987602234,-0.1563979983329773,-0.16902369260787964,-0.16737473011016846
N[34](SymbolD1a7),-0.3207423686981201,0.1761608123779297,0.23330803215503693,0.1804758459329605,0.02857436053454876,-0.012185988016426563,0.13251854479312897,-0.01012507826089859,0.17655140161514282,0.05871651694178581,0.09874111413955688,0.1750408262014389,-0.2889319956302643,-0.22063612937927246,-0.18201521039009094,-0.033027224242687225,-0.08206886053085327,0.008712557144463062,0.17994676530361176,-0.1359519511461258,-0.18772999942302704,-0.17421899735927582,0.17521005868911743,-0.14824940264225006,-3.919091250281781e-05,0.1743680238723755,-0.14451704919338226,-0.006944556254893541,-0.13091716170310974,0.14510680735111237,-0.14453667402267456,0.17429205775260925,-0.10799763351678848,0.17470015585422516,0.1628563404083252,-0.1536744385957718,-0.11222710460424423,-0.1579340547323227,0.1785903424024582,-0.15103153884410858,0.1642434448003769,0.17967073619365692,0.17786259949207306,-0.15506842732429504,-0.14896847307682037,0.1817745715379715,-0.14921876788139343,-0.15426506102085114,0.17224255204200745,-0.14597834646701813,0.17982937395572662,0.18066464364528656,0.026511451229453087,0.17616896331310272,-0.15301212668418884,-0.0019562498200684786,0.18245433270931244,-0.14896227419376373,0.15156692266464233,-0.14991863071918488,-0.14147897064685822,0.1713339388370514,-0.14996705949306488,-0.15247927606105804,-0.14597834646701813,0.17670248448848724,0.180782288312912,0.1819375604391098,-0.12219908088445663,-0.14741812646389008,-0.15309196710586548,0.17982937395572662,0.1785903424024582,-0.15103153884410858,0.1642434448003769,0.17786259949207306,-0.15506842732429504,0.17967073619365692,-0.15426506102085114,0.17224255204200745,0.18066464364528656,-0.14896847307682037,0.1817745715379715,0.026511451229453087,-0.14921876788139343,0.0019995293114334345,-0.10799763351678848,0.17429205775260925,-0.14453667402267456,0.1628563404083252,0.17470015585422516,-0.11222710460424423,-0.1536744385957718,-0.1579340547323227,-0.14896097779273987,-0.12616121768951416
N[35](SymbolD2a1),0.0724949836730957,-0.17871856689453125,-0.06237581744790077,0.11957702040672302,0.16692893207073212,-0.28004199266433716,-0.19089411199092865,0.21350182592868805,-0.09063214808702469,-0.0761442631483078,-0.006173546425998211,-0.17751151323318481,-0.21595346927642822,-0.34262681007385254,0.16016830503940582,0.13048608601093292,-0.2185097485780716,0.3194090723991394,0.11831275373697281,-0.17325371503829956,-0.005014184862375259,-0.19788648188114166,-0.18954581022262573,0.13289068639278412,0.1211855337023735,-0.17689800262451172,0.13749313354492188,-0.011825458146631718,0.1307591199874878,-0.15995295345783234,0.13136476278305054,-0.17634378373622894,0.13456618785858154,0.1358579397201538,0.12223360687494278,0.12603333592414856,0.1387077122926712,0.13967464864253998,-0.1921667754650116,0.13410890102386475,0.12871266901493073,-0.16185753047466278,-0.1923157125711441,0.07157249748706818,0.13289494812488556,-0.19167481362819672,0.13464659452438354,0.13348133862018585,0.11576803773641586,0.13859781622886658,-0.1830669343471527,-0.19235655665397644,0.1305379569530487,-0.19077271223068237,0.13695025444030762,0.1300698071718216,-0.1858534812927246,0.14095139503479004,0.13721059262752533,-0.13978832960128784,0.14138628542423248,-0.18906275928020477,0.13165853917598724,-0.13283729553222656,0.13859781622886658,-0.17929327487945557,-0.19120915234088898,0.11953511834144592,0.13328662514686584,-0.18853597342967987,0.127544105052948,-0.1830669343471527,-0.1921667754650116,0.13410890102386475,0.12871266901493073,-0.1923157125711441,0.07157249748706818,-0.16185753047466278,0.13348133862018585,0.11576803773641586,-0.19235655665397644,0.13289494812488556,-0.19167481362819672,0.1305379569530487,0.13464659452438354,-0.1846749484539032,0.13456618785858154,-0.17634378373622894,0.13136476278305054,0.12223360687494278,0.1358579397201538,0.1387077122926712,0.12603333592414856,0.13967464864253998,-0.18267330527305603,-0.1925891786813736
N[36](SymbolD2a2),-0.15898439288139343,0.14596137404441833,0.06185059994459152,0.1480482518672943,-0.004070206079632044,0.05947549641132355,0.09083118289709091,-0.0822719931602478,0.19234012067317963,-0.016282079741358757,0.16689950227737427,0.14482638239860535,-0.18392182886600494,-0.15893900394439697,-0.07414418458938599,-0.20329606533050537,-0.1280173361301422,-0.055186137557029724,0.1477712243795395,0.13981162011623383,0.020016100257635117,-0.20111985504627228,-0.16060496866703033,0.15006175637245178,0.14253215491771698,-0.1432497650384903,0.14960600435733795,-0.018371637910604477,-0.1445504128932953,-0.1370755136013031,-0.16380593180656433,-0.11407533288002014,-0.1599341183900833,-0.15472210943698883,-0.1625669002532959,0.13628992438316345,0.14784884452819824,0.16019022464752197,-0.1649167835712433,-0.1504964530467987,0.1481034755706787,-0.16170577704906464,-0.1635502576828003,0.1558937132358551,0.14827336370944977,-0.1564009189605713,0.14926192164421082,0.14431719481945038,0.1251608282327652,0.1585918366909027,0.158078134059906,-0.1495244950056076,-0.1590120792388916,-0.16163884103298187,0.1547473818063736,0.15296638011932373,-0.1495899111032486,0.1543048769235611,0.15178246796131134,-0.16099780797958374,-0.15626327693462372,-0.16303470730781555,0.15331977605819702,-0.16065829992294312,0.1585918366909027,0.1452285349369049,0.15010137856006622,0.14942213892936707,0.15524105727672577,0.15149323642253876,-0.16267359256744385,0.158078134059906,-0.1649167835712433,-0.1504964530467987,0.1481034755706787,-0.1635502576828003,0.1558937132358551,-0.16170577704906464,0.14431719481945038,0.1251608282327652,-0.1495244950056076,0.14827336370944977,-0.1564009189605713,-0.1590120792388916,0.14926192164421082,0.15344536304473877,-0.1599341183900833,-0.11407533288002014,-0.16380593180656433,-0.1625669002532959,-0.15472210943698883,0.14784884452819824,0.13628992438316345,0.16019022464752197,-0.16501066088676453,-0.1631823033094406
N[37](SymbolD3),-0.019099421799182892,0.14767463505268097,-0.04669689014554024,0.12024647742509842,-0.028676500543951988,0.11440184712409973,0.1332424134016037,-0.09777537733316422,0.0732608437538147,-0.07823612540960312,0.09624943882226944,0.1468936800956726,-0.014220606535673141,0.10479095578193665,-0.2104746252298355,-0.042742446064949036,0.11907122284173965,-0.10676839202642441,0.12019950896501541,0.14109812676906586,0.014892883598804474,-0.039029572159051895,0.15275068581104279,0.13652776181697845,0.13911542296409607,0.14639383554458618,-0.09038090705871582,0.19797520339488983,-0.16043363511562347,-0.13766396045684814,-0.16902312636375427,-0.16299307346343994,0.15185000002384186,0.14288267493247986,-0.17480595409870148,-0.16715969145298004,-0.16941674053668976,0.1278066784143448,0.104122094810009,-0.17123311758041382,-0.16514933109283447,-0.14889270067214966,0.1505434215068817,-0.1582806408405304,-0.15940609574317932,0.14066056907176971,-0.17153774201869965,0.13703042268753052,-0.1732555776834488,0.1186012551188469,0.15159673988819122,0.15144744515419006,-0.1735905259847641,0.15370550751686096,0.14064984023571014,0.14757677912712097,0.15303866565227509,-0.09188544750213623,0.15016743540763855,0.14701160788536072,-0.17360123991966248,-0.16207827627658844,0.15327885746955872,-0.17104721069335938,0.1186012551188469,0.1484106481075287,0.15720169246196747,0.12160417437553406,-0.1713506430387497,0.15358395874500275,-0.174578458070755,0.15159673988819122,0.104122094810009,-0.17123311758041382,-0.16514933109283447,0.1505434215068817,-0.1582806408405304,-0.14889270067214966,0.13703042268753052,-0.1732555776834488,0.15144744515419006,-0.15940609574317932,0.14066056907176971,-0.1735905259847641,-0.17153774201869965,0.14703989028930664,0.15185000002384186,-0.16299307346343994,-0.16902312636375427,-0.17480595409870148,0.14288267493247986,-0.16941674053668976,-0.16715969145298004,0.1278066784143448,-0.1737200915813446,0.13348045945167542
N[38](SymbolSingleLeftBend),0.17348609864711761,0.09374954551458359,-0.24851413071155548,0.13426879048347473,0.13447695970535278,-0.026989463716745377,0.10819635540246964,-0.03813996911048889,-0.05210196599364281,0.08477001637220383,-0.11746395379304886,0.09290555119514465,0.06564217060804367,0.09217952191829681,-0.028536463156342506,0.046235669404268265,0.11715272068977356,-0.028728246688842773,0.1330721080303192,0.12611937522888184,0.1652900129556656,0.10212534666061401,0.13430456817150116,-0.18753816187381744,-0.17842872440814972,0.13712789118289948,0.12408894300460815,0.17621558904647827,0.12605608999729156,0.11703678965568542,0.14091332256793976,-0.18863241374492645,0.1411861777305603,0.13702088594436646,0.1309487521648407,-0.1951514333486557,-0.18831370770931244,-0.1926628053188324,0.13426710665225983,0.01616225764155388,-0.19052742421627045,0.12959225475788116,0.1423443853855133,-0.19666573405265808,-0.19497333467006683,0.12423866242170334,-0.18794584274291992,0.12784774601459503,-0.1942286193370819,-0.19609078764915466,-0.10188230127096176,-0.1810082048177719,-0.18845069408416748,0.1351298689842224,-0.19338524341583252,-0.1916845291852951,0.14355605840682983,0.1285419464111328,0.12561838328838348,0.1395253688097,0.1368597447872162,0.13908270001411438,0.13244123756885529,0.02739420346915722,-0.19609078764915466,0.09546088427305222,0.13538716733455658,0.13449613749980927,-0.19302335381507874,0.13664159178733826,0.06328842788934708,-0.10188230127096176,0.13426710665225983,0.01616225764155388,-0.19052742421627045,0.1423443853855133,-0.19666573405265808,0.12959225475788116,0.12784774601459503,-0.1942286193370819,-0.1810082048177719,-0.19497333467006683,0.12423866242170334,-0.18845069408416748,-0.18794584274291992,-0.19189991056919098,0.1411861777305603,-0.18863241374492645,0.14091332256793976,0.1309487521648407,0.13702088594436646,-0.18831370770931244,-0.1951514333486557,-0.1926628053188324,0.1309499889612198,0.1379001885652542
N[39](SymbolSingleRightBend),-0.09099084138870239,0.14861181378364563,-0.016619917005300522,0.16577057540416718,0.21860408782958984,-0.28023847937583923,0.10654643177986145,0.1418716162443161,-0.011975815519690514,0.0023300761822611094,-0.03494524583220482,0.14769281446933746,-0.2277267724275589,-0.3166360855102539,0.10295616090297699,-0.07489491254091263,-0.2643582820892334,0.19138149917125702,0.16401322185993195,-0.1461690366268158,-0.19844894111156464,-0.19483394920825958,-0.1557949185371399,-0.15014170110225677,0.145811066031456,-0.03748706355690956,0.15646882355213165,-0.010293488390743732,0.15114766359329224,-0.12957631051540375,-0.13887695968151093,0.16090437769889832,-0.15833617746829987,0.16160030663013458,0.1601121723651886,-0.15624769032001495,0.16392876207828522,0.15507367253303528,-0.1598348617553711,-0.1464652568101883,0.16522622108459473,0.16337484121322632,0.11429991573095322,-0.15391473472118378,-0.13613677024841309,0.11347454786300659,0.1601482480764389,-0.15643499791622162,0.1673388034105301,0.15568406879901886,-0.1529337465763092,-0.15354038774967194,0.16269133985042572,-0.15679462254047394,-0.1543700098991394,0.1550871878862381,-0.03834942355751991,0.16024833917617798,0.16190332174301147,-0.15891139209270477,0.16306467354297638,-0.15253517031669617,-0.1583002805709839,-0.15532684326171875,0.15568406879901886,0.1491907238960266,-0.15906529128551483,0.16581088304519653,0.16468007862567902,-0.1592799723148346,0.15426239371299744,-0.1529337465763092,-0.1598348617553711,-0.1464652568101883,0.16522622108459473,0.11429991573095322,-0.15391473472118378,0.16337484121322632,-0.15643499791622162,0.1673388034105301,-0.15354038774967194,-0.13613677024841309,0.11347454786300659,0.16269133985042572,0.1601482480764389,-0.15470582246780396,-0.15833617746829987,0.16090437769889832,-0.13887695968151093,0.1601121723651886,0.16160030663013458,0.16392876207828522,-0.15624769032001495,0.15507367253303528,-0.15832273662090302,-0.15975001454353333
N[40](SymbolTwoOrMoreLeftBend),-0.0506761334836483,-0.10278594493865967,0.14640004932880402,-0.14037001132965088,-0.18963880836963654,0.2870420515537262,-0.10867296904325485,-0.13891729712486267,0.17699283361434937,-0.0639478862285614,0.22252622246742249,-0.10207386314868927,0.03534349799156189,0.07922930270433426,-0.07843322306871414,0.0023363525979220867,0.23139020800590515,-0.21832101047039032,-0.13878007233142853,0.1707901656627655,0.05326845124363899,0.06909946352243423,0.1811734288930893,0.1795230209827423,0.16496524214744568,-0.12692959606647491,-0.1356784552335739,0.043000586330890656,-0.12975001335144043,-0.11721780151128769,-0.13361772894859314,-0.13618822395801544,-0.13380518555641174,-0.13895000517368317,-0.13580043613910675,0.1824403554201126,-0.13715606927871704,0.1797749549150467,0.17755837738513947,-0.11895174533128738,-0.13759548962116241,-0.14048819243907928,-0.13139845430850983,0.18700505793094635,0.17556336522102356,-0.08984670042991638,-0.13550041615962982,0.1818796545267105,-0.14153984189033508,0.18252651393413544,0.1825214922428131,0.1834186166524887,-0.14038653671741486,0.18233808875083923,0.18479515612125397,0.17627152800559998,-0.1327744573354721,-0.13897567987442017,-0.13110025227069855,0.17666032910346985,-0.140681192278862,-0.13909569382667542,0.1791442334651947,0.16166284680366516,0.18252651393413544,-0.10342889279127121,0.18615028262138367,-0.1403723955154419,-0.12803402543067932,0.18608294427394867,-0.13914048671722412,0.1825214922428131,0.17755837738513947,-0.11895174533128738,-0.13759548962116241,-0.13139845430850983,0.18700505793094635,-0.14048819243907928,0.1818796545267105,-0.14153984189033508,0.1834186166524887,0.17556336522102356,-0.08984670042991638,-0.14038653671741486,-0.13550041615962982,0.18640844523906708,-0.13380518555641174,-0.13618822395801544,-0.13361772894859314,-0.13580043613910675,-0.13895000517368317,-0.13715606927871704,0.1824403554201126,0.1797749549150467,-0.1387842297554016,-0.06821025907993317
N[41](SymbolRightNarrow),0.21871638298034668,-0.1532183736562729,-0.15178334712982178,-0.13627474009990692,0.014019030146300793,-0.11455250531435013,-0.11676496267318726,0.09814796596765518,-0.2506657540798187,0.017118416726589203,-0.22121120989322662,-0.15223699808120728,0.2667122185230255,0.18564818799495697,0.20836344361305237,0.05328315123915672,-0.11476286500692368,0.1151450052857399,-0.13602325320243835,-0.1401672661304474,-0.017083244398236275,0.20552849769592285,-0.14886528253555298,-0.14076334238052368,-0.1503628045320511,-0.14644992351531982,0.1607653796672821,0.023357950150966644,0.1539328396320343,0.13835178315639496,0.16909381747245789,-0.0873454362154007,-0.14395098388195038,0.15586872398853302,0.16719397902488708,0.16346697509288788,0.15850064158439636,-0.12506234645843506,-0.14637824892997742,0.16626614332199097,-0.10913607478141785,-0.11301662772893906,-0.14541149139404297,-0.14365744590759277,0.15530231595039368,-0.15527750551700592,0.16156208515167236,0.1628313660621643,0.16967740654945374,-0.1509132981300354,-0.1555282175540924,-0.1555798202753067,0.1671101450920105,-0.14981220662593842,-0.14459320902824402,-0.1593380570411682,-0.15295405685901642,0.16451798379421234,-0.1431276649236679,0.16161690652370453,0.16680015623569489,0.1639820635318756,-0.15316128730773926,0.16835357248783112,-0.1509132981300354,-0.15391302108764648,-0.15715426206588745,-0.1375976800918579,0.16612498462200165,-0.15278038382530212,0.1696663498878479,-0.1555282175540924,-0.14637824892997742,0.16626614332199097,-0.10913607478141785,-0.14541149139404297,-0.14365744590759277,-0.11301662772893906,0.1628313660621643,0.16967740654945374,-0.1555798202753067,0.15530231595039368,-0.15527750551700592,0.1671101450920105,0.16156208515167236,-0.15417742729187012,-0.14395098388195038,-0.0873454362154007,0.16909381747245789,0.16719397902488708,0.15586872398853302,0.15850064158439636,0.16346697509288788,-0.12506234645843506,0.17040874063968658,0.16186434030532837
N[42](SymbolRoadDeformities),0.1832347959280014,-0.18150973320007324,-0.1689806878566742,0.1276276856660843,-0.02555774711072445,-0.0682758092880249,-0.1869017481803894,0.12687262892723083,0.03218577057123184,0.0336146242916584,0.03492650389671326,-0.18041804432868958,-0.3025079369544983,-0.23724712431430817,-0.16490381956100464,0.3143908977508545,0.10106980800628662,0.19976544380187988,0.12771213054656982,0.11396772414445877,-0.007900060154497623,-0.24230727553367615,-0.1771141141653061,0.12801578640937805,0.1233687549829483,0.06930431723594666,0.13605275750160217,0.1742006093263626,0.1248999685049057,0.09095890074968338,0.13433590531349182,-0.19860847294330597,0.13377231359481812,0.13678188621997833,0.10765337198972702,-0.16611331701278687,0.1347414255142212,0.13665379583835602,-0.20686854422092438,0.11582174152135849,0.12640944123268127,0.12444250285625458,-0.1966320276260376,-0.19853892922401428,0.11152684688568115,-0.20219853520393372,0.13529199361801147,0.13083288073539734,-0.19055941700935364,0.1075819730758667,0.11764045804738998,-0.20345638692378998,-0.11001463234424591,-0.1781618595123291,0.13214941322803497,0.1304117739200592,0.07337670773267746,0.14055785536766052,0.14261186122894287,0.11866970360279083,0.1361420601606369,0.10491717606782913,0.13973498344421387,-0.19209587574005127,0.1075819730758667,-0.1835111677646637,-0.20414972305297852,0.12878531217575073,0.07219910621643066,0.12306126207113266,-0.16835917532444,0.11764045804738998,-0.20686854422092438,0.11582174152135849,0.12640944123268127,-0.1966320276260376,-0.19853892922401428,0.12444250285625458,0.13083288073539734,-0.19055941700935364,-0.20345638692378998,0.11152684688568115,-0.20219853520393372,-0.11001463234424591,0.13529199361801147,-0.1971190869808197,0.13377231359481812,-0.19860847294330597,0.13433590531349182,0.10765337198972702,0.13678188621997833,0.1347414255142212,-0.16611331701278687,0.13665379583835602,-0.19876517355442047,-0.2006790041923523
N[43](SymbolSlipperyRoad),0.15792202949523926,0.06477992981672287,-0.22293685376644135,0.12820997834205627,0.1528506726026535,-0.12001524865627289,0.0719415694475174,0.003993097692728043,-0.13051867485046387,0.06941638141870499,-0.1803898811340332,0.06536765396595001,0.07861143350601196,0.07942547649145126,0.033360112458467484,0.09677295386791229,0.0728122666478157,0.06640080362558365,0.12700733542442322,0.11741063743829727,0.15127265453338623,-0.06002900376915932,0.12605372071266174,-0.19890442490577698,-0.1887732893228531,0.12771059572696686,0.12950073182582855,0.17299655079841614,0.11872006207704544,0.11176715046167374,0.13040770590305328,-0.20028932392597198,0.13527736067771912,0.1324293166399002,0.128448024392128,-0.20815278589725494,0.10332722961902618,-0.17063896358013153,0.08746337890625,0.10427845269441605,-0.18274284899234772,0.11665913462638855,0.1252756118774414,-0.20987361669540405,-0.19605940580368042,-0.17161931097507477,0.11209119856357574,0.1198650449514389,-0.20599466562271118,-0.20943203568458557,0.11797918379306793,-0.2017139047384262,-0.18856601417064667,0.12667883932590485,-0.20480121672153473,-0.20195288956165314,0.13390807807445526,0.13384774327278137,0.12711933255195618,0.13341818749904633,0.12895290553569794,0.13181695342063904,0.130860835313797,-0.19785791635513306,-0.20943203568458557,0.06396950781345367,0.049437422305345535,0.1283579021692276,-0.2079053372144699,0.12712442874908447,0.09743665158748627,0.11797918379306793,0.08746337890625,0.10427845269441605,-0.18274284899234772,0.1252756118774414,-0.20987361669540405,0.11665913462638855,0.1198650449514389,-0.20599466562271118,-0.2017139047384262,-0.19605940580368042,-0.17161931097507477,-0.18856601417064667,0.11209119856357574,-0.20446524024009705,0.13527736067771912,-0.20028932392597198,0.13040770590305328,0.128448024392128,0.1324293166399002,0.10332722961902618,-0.20815278589725494,-0.17063896358013153,0.10782630741596222,0.12805742025375366
N[44](SymbolChildren),-0.009580775164067745,-0.1418249011039734,0.09663436561822891,-0.15576526522636414,-0.21454927325248718,0.25035056471824646,-0.15282967686653137,-0.11722869426012039,0.1752168834209442,-0.048742812126874924,0.21666307747364044,-0.1409594565629959,-0.027582623064517975,0.010284418240189552,-0.0592416375875473,-0.07912156730890274,0.1069340780377388,-0.1623053252696991,-0.154118612408638,0.15237635374069214,0.03465724736452103,-0.17886793613433838,-0.1517782360315323,0.16280175745487213,0.16097119450569153,-0.1432800441980362,0.16236908733844757,0.19769147038459778,-0.1379523128271103,-0.13199622929096222,-0.15254320204257965,-0.15181881189346313,-0.15335044264793396,-0.15585483610630035,-0.1543387770652771,0.16407038271427155,0.149434432387352,0.17064622044563293,-0.15850016474723816,0.08067261427640915,0.13831165432929993,-0.15634110569953918,-0.1568135768175125,0.1669105589389801,0.1613359898328781,-0.15590591728687286,0.15745119750499725,0.1605377048254013,-0.07231935113668442,0.16792041063308716,0.16048568487167358,-0.14922639727592468,-0.15641961991786957,-0.15274718403816223,0.1679779291152954,0.17233426868915558,-0.15054486691951752,0.16734276711940765,0.1534181386232376,0.14317405223846436,-0.14910849928855896,-0.1571086049079895,0.16626639664173126,-0.13085328042507172,0.16792041063308716,-0.14387018978595734,0.15078046917915344,-0.15575803816318512,0.15127097070217133,0.1658412218093872,-0.15549100935459137,0.16048568487167358,-0.15850016474723816,0.08067261427640915,0.13831165432929993,-0.1568135768175125,0.1669105589389801,-0.15634110569953918,0.1605377048254013,-0.07231935113668442,-0.14922639727592468,0.1613359898328781,-0.15590591728687286,-0.15641961991786957,0.15745119750499725,0.1655881106853485,-0.15335044264793396,-0.15181881189346313,-0.15254320204257965,-0.1543387770652771,-0.15585483610630035,0.149434432387352,0.16407038271427155,0.17064622044563293,-0.15510573983192444,-0.15741783380508423
N[45](SymbolCyclists),-0.0019654235802590847,0.14163418114185333,-0.07773961871862411,0.1472693681716919,0.19339194893836975,-0.21087424457073212,0.15021753311157227,0.0867580771446228,-0.12036126106977463,0.05219054967164993,-0.16914157569408417,0.14066365361213684,-0.018722504377365112,-0.04787648469209671,0.035532549023628235,0.09277413040399551,-0.0004956324119120836,0.12807586789131165,0.14577053487300873,-0.1666436344385147,-0.04884161800146103,-0.037578947842121124,0.14268670976161957,-0.17641843855381012,-0.1542963832616806,0.14179490506649017,0.11192284524440765,-0.061890821903944016,0.13499338924884796,0.12206348776817322,0.13619977235794067,0.13429927825927734,0.14397777616977692,0.15001146495342255,0.1415940523147583,-0.18598689138889313,-0.13752815127372742,-0.1835217922925949,0.144561305642128,-0.1686083823442459,0.1006346344947815,0.1487913429737091,0.14816616475582123,-0.18915368616580963,-0.17856067419052124,0.142860546708107,-0.18137265741825104,-0.18289317190647125,-0.15087772905826569,-0.18402984738349915,0.12734808027744293,0.13041168451309204,0.1189783439040184,0.14356747269630432,-0.18186090886592865,-0.16528776288032532,0.14858806133270264,0.11444641649723053,0.09136996418237686,-0.16931861639022827,0.14578190445899963,0.14509500563144684,-0.17212451994419098,-0.17906859517097473,-0.18402984738349915,0.1424410492181778,-0.10127007961273193,0.14729008078575134,-0.18597479164600372,-0.1817009299993515,0.13219164311885834,0.12734808027744293,0.144561305642128,-0.1686083823442459,0.1006346344947815,0.14816616475582123,-0.18915368616580963,0.1487913429737091,-0.18289317190647125,-0.15087772905826569,0.13041168451309204,-0.17856067419052124,0.142860546708107,0.1189783439040184,-0.18137265741825104,-0.18215200304985046,0.14397777616977692,0.13429927825927734,0.13619977235794067,0.1415940523147583,0.15001146495342255,-0.13752815127372742,-0.18598689138889313,-0.1835217922925949,0.13761328160762787,0.1446889340877533
N[46](SymbolWildAnimals),0.31569617986679077,-0.15786953270435333,-0.20736277103424072,-0.16401180624961853,-0.2283647358417511,0.17586231231689453,-0.11712384968996048,-0.041904859244823456,-0.004983011167496443,0.039516597986221313,-0.007056528236716986,-0.1566343903541565,0.11210615187883377,0.19442328810691833,-0.11149177700281143,0.19326044619083405,0.240003302693367,-0.06746205687522888,-0.1622982770204544,0.14288786053657532,0.19117559492588043,0.18609783053398132,0.15032871067523956,0.1446395218372345,-0.14072592556476593,0.14599645137786865,0.1472429782152176,0.1802472323179245,-0.15095628798007965,0.12890605628490448,0.1529206782579422,-0.16902898252010345,0.156144380569458,0.1491403430700302,-0.14167547225952148,0.14554254710674286,-0.16746951639652252,-0.1381755769252777,0.1529773622751236,0.13643094897270203,-0.16890402138233185,-0.16390474140644073,0.15379966795444489,-0.16716903448104858,-0.15819315612316132,-0.1468692272901535,-0.16317519545555115,0.15298578143119812,-0.16986910998821259,-0.16842736303806305,0.15081104636192322,-0.1574437916278839,-0.16860295832157135,0.15130877494812012,0.14870847761631012,-0.15073661506175995,0.15254363417625427,0.15179893374443054,0.10909751802682877,0.1569732427597046,-0.16187447309494019,0.15303963422775269,0.1566716432571411,0.14611496031284332,-0.16842736303806305,-0.1584695726633072,0.1539117842912674,-0.1639956384897232,-0.16978392004966736,0.15551793575286865,-0.16587284207344055,0.15081104636192322,0.1529773622751236,0.13643094897270203,-0.16890402138233185,0.15379966795444489,-0.16716903448104858,-0.16390474140644073,0.15298578143119812,-0.16986910998821259,-0.1574437916278839,-0.15819315612316132,-0.1468692272901535,-0.16860295832157135,-0.16317519545555115,-0.0684141293168068,0.156144380569458,-0.16902898252010345,0.1529206782579422,-0.14167547225952148,0.1491403430700302,-0.16746951639652252,0.14554254710674286,-0.1381755769252777,0.14701977372169495,0.1549137979745865
N[47](SymbolRoadWorks),0.36724475026130676,-0.17430289089679718,-0.27454137802124023,-0.17232313752174377,-0.03719126433134079,-0.09762311726808548,-0.18249772489070892,0.12162081897258759,-0.08788701891899109,-0.042504746466875076,-0.027082882821559906,-0.1731654852628708,0.018885424360632896,-0.07999268174171448,0.168935626745224,0.03587990626692772,-0.02492523193359375,0.12185920029878616,-0.1718328297138214,0.13337232172489166,0.024734659120440483,-0.005004019942134619,-0.1654016077518463,0.14221855998039246,0.12898238003253937,-0.16298207640647888,0.1441211700439453,0.18901854753494263,0.13150395452976227,-0.14601315557956696,0.1426578015089035,-0.17396415770053864,0.14037035405635834,0.1386912614107132,-0.17041070759296417,0.14535020291805267,0.13291838765144348,0.154013991355896,-0.17685356736183167,0.1398945152759552,-0.16515564918518066,-0.17671272158622742,-0.17540539801120758,0.14090973138809204,0.14543168246746063,-0.1771000772714615,0.1319328248500824,0.14799825847148895,-0.17275916039943695,0.14168818295001984,-0.17305056750774384,-0.1764426827430725,-0.16109859943389893,-0.16628122329711914,0.14654576778411865,0.13791468739509583,-0.17170663177967072,0.14910659193992615,0.13963894546031952,0.14391280710697174,0.14220841228961945,-0.17290052771568298,0.14745312929153442,0.14018990099430084,0.14168818295001984,-0.17490999400615692,-0.17300304770469666,-0.17368115484714508,0.12850192189216614,0.14497026801109314,0.13140733540058136,-0.17305056750774384,-0.17685356736183167,0.1398945152759552,-0.16515564918518066,-0.17540539801120758,0.14090973138809204,-0.17671272158622742,0.14799825847148895,-0.17275916039943695,-0.1764426827430725,0.14543168246746063,-0.1771000772714615,-0.16109859943389893,0.1319328248500824,-0.001309555722400546,0.14037035405635834,-0.17396415770053864,0.1426578015089035,-0.17041070759296417,0.1386912614107132,0.13291838765144348,0.14535020291805267,0.154013991355896,-0.14615398645401,-0.17450107634067535
N[48](SymbolVerticalLightSignals),0.013590261340141296,0.12865237891674042,0.010237063281238079,-0.1788434535264969,-0.2440616488456726,0.24428218603134155,0.13154679536819458,-0.15858255326747894,0.08566249907016754,0.013297376222908497,0.0506613552570343,0.1278071254491806,0.18028683960437775,0.2791563868522644,-0.13029775023460388,-0.022496618330478668,0.24446848034858704,-0.23888994753360748,-0.17683115601539612,0.13625994324684143,0.1732340008020401,0.1681605726480484,0.14720074832439423,0.12352240085601807,-0.11870340257883072,0.1309807002544403,-0.17310978472232819,-0.0024969116784632206,-0.16688504815101624,0.11762682348489761,0.11107634752988815,-0.1717817634344101,0.14611393213272095,-0.17251503467559814,-0.17343932390213013,0.14046576619148254,-0.18127429485321045,-0.17335145175457,0.14720332622528076,-0.13437078893184662,-0.18129009008407593,-0.17811723053455353,0.14317893981933594,0.10021281242370605,0.089995838701725,0.14135196805000305,-0.17464065551757812,0.1417611688375473,-0.18311117589473724,-0.17497630417346954,0.1476517766714096,0.1454094797372818,-0.18045322597026825,0.1481049656867981,0.1263401061296463,-0.12691886723041534,0.1379660964012146,-0.17711302638053894,-0.16641788184642792,0.145022913813591,-0.18052904307842255,0.1390780657529831,0.1485285758972168,0.12710270285606384,-0.17497630417346954,0.12935714423656464,0.14850734174251556,-0.17885266244411469,-0.18042366206645966,0.1480879932641983,-0.17955930531024933,0.1476517766714096,0.14720332622528076,-0.13437078893184662,-0.18129009008407593,0.14317893981933594,0.10021281242370605,-0.17811723053455353,0.1417611688375473,-0.18311117589473724,0.1454094797372818,0.089995838701725,0.14135196805000305,-0.18045322597026825,-0.17464065551757812,0.14461718499660492,0.14611393213272095,-0.1717817634344101,0.11107634752988815,-0.17343932390213013,-0.17251503467559814,-0.18127429485321045,0.14046576619148254,-0.17335145175457,0.1255413293838501,0.14675436913967133
N[49](SymbolIntersectionPriority),0.2992369532585144,-0.1513497531414032,-0.17855331301689148,-0.17774583399295807,-0.24474285542964935,0.12173819541931152,-0.1309618055820465,0.048527952283620834,-0.009522438049316406,-0.03991646319627762,0.0390176884829998,-0.1503700315952301,0.044923488050699234,0.11825060844421387,-0.12531934678554535,0.10729773342609406,0.1313769370317459,-0.0027290042489767075,-0.17580196261405945,0.13752587139606476,0.009642581455409527,-0.03989773243665695,0.14161556959152222,0.14032232761383057,0.1399398297071457,0.13130904734134674,0.1420629620552063,0.19234533607959747,-0.1615580916404724,0.10874851047992706,0.128320574760437,-0.18032808601856232,0.14650152623653412,0.1391923427581787,-0.17589862644672394,0.14005528390407562,-0.16528885066509247,0.13977894186973572,-0.1745307743549347,-0.14700891077518463,-0.17456327378749847,-0.17757374048233032,-0.17248746752738953,0.09714440256357193,0.1251375675201416,-0.1720501333475113,-0.16641607880592346,0.14291603863239288,-0.17941643297672272,0.1288476437330246,0.14647707343101501,0.10046637803316116,-0.1782674640417099,0.14235858619213104,0.14476226270198822,0.1477794200181961,0.13619212806224823,0.14657430350780487,0.14320342242717743,0.14447316527366638,-0.17474277317523956,0.122903972864151,0.14789293706417084,-0.17146019637584686,0.1288476437330246,-0.15186399221420288,0.14374257624149323,-0.17774538695812225,-0.17783716320991516,0.14958344399929047,-0.1811097264289856,0.14647707343101501,-0.1745307743549347,-0.14700891077518463,-0.17456327378749847,-0.17248746752738953,0.09714440256357193,-0.17757374048233032,0.14291603863239288,-0.17941643297672272,0.10046637803316116,0.1251375675201416,-0.1720501333475113,-0.1782674640417099,-0.16641607880592346,0.14248985052108765,0.14650152623653412,-0.18032808601856232,0.128320574760437,-0.17589862644672394,0.1391923427581787,-0.16528885066509247,0.14005528390407562,0.13977894186973572,-0.17620928585529327,0.12830762565135956
N[50](SymbolDanger),0.2686706781387329,-0.1986360400915146,-0.24638567864894867,0.11457904428243637,0.13601070642471313,-0.1112498939037323,-0.1542351245880127,0.05925385281443596,-0.20267291367053986,0.03171370178461075,-0.1809414029121399,-0.19712795317173004,0.0738203227519989,0.07826688140630722,0.027718069031834602,0.2079717069864273,0.0743049904704094,0.1536768525838852,0.11342673748731613,0.11614394932985306,0.15400734543800354,0.03694101423025131,0.12296760827302933,-0.19457633793354034,-0.18767811357975006,0.11624609678983688,0.12555845081806183,0.17210614681243896,0.11692238599061966,0.10930327326059341,0.12886585295200348,-0.21147185564041138,0.13223697245121002,0.12952198088169098,0.12780024111270905,-0.20958487689495087,0.11618378758430481,0.09798048436641693,0.07149562984704971,0.10806577652692795,-0.19973313808441162,0.11639871448278427,0.12281472980976105,-0.2149188220500946,-0.18567702174186707,-0.1991313397884369,0.09638148546218872,0.11803579330444336,-0.21246227622032166,-0.2117493897676468,0.1045643612742424,-0.21071474254131317,-0.20942625403404236,0.12356717884540558,-0.20023244619369507,-0.20034317672252655,0.12172771245241165,0.12971383333206177,0.12692533433437347,0.13155265152454376,0.1269788295030594,0.12831561267375946,0.12977860867977142,-0.05622630938887596,-0.2117493897676468,-0.20056834816932678,0.08729728311300278,0.1146666556596756,-0.2126009166240692,0.12602458894252777,0.08820921927690506,0.1045643612742424,0.07149562984704971,0.10806577652692795,-0.19973313808441162,0.12281472980976105,-0.2149188220500946,0.11639871448278427,0.11803579330444336,-0.21246227622032166,-0.21071474254131317,-0.18567702174186707,-0.1991313397884369,-0.20942625403404236,0.09638148546218872,-0.2074151337146759,0.13223697245121002,-0.21147185564041138,0.12886585295200348,0.12780024111270905,0.12952198088169098,0.11618378758430481,-0.20958487689495087,0.09798048436641693,0.1112043708562851,0.12619508802890778
N[51](SymbolPedestrians),-0.1288151890039444,0.11258379369974136,0.03758029267191887,0.14361870288848877,0.10610581934452057,-0.2354743778705597,0.060439515858888626,0.163837268948555,0.05915063992142677,0.04405445605516434,0.0074121649377048016,0.11218488216400146,-0.35733142495155334,-0.3845982551574707,-0.024416454136371613,0.052026960998773575,-0.18551255762577057,0.2094038426876068,0.14266741275787354,-0.17506875097751617,-0.008767897263169289,-0.2338366061449051,-0.1869649738073349,-0.13792264461517334,0.1234215572476387,-0.023286014795303345,0.1407535970211029,-0.04826639965176582,0.12836524844169617,-0.15883123874664307,0.10608192533254623,0.13165369629859924,-0.1865311712026596,0.14172804355621338,0.13090571761131287,-0.1897570639848709,0.14116054773330688,0.1419859081506729,-0.19476792216300964,0.11417903006076813,0.14191007614135742,0.12967798113822937,-0.19027332961559296,-0.1775132566690445,0.1183142140507698,-0.18675626814365387,0.13854342699050903,0.11347358673810959,0.1387653350830078,0.1354810893535614,0.14200542867183685,-0.19189809262752533,0.13303926587104797,-0.18821151554584503,-0.14096035063266754,0.1310207098722458,-0.025403397157788277,0.14408597350120544,0.13806577026844025,-0.19096627831459045,0.13907857239246368,-0.1876266896724701,0.13287873566150665,-0.18567465245723724,0.1354810893535614,0.11180318892002106,-0.1927230805158615,0.14412060379981995,0.13716207444667816,-0.19060222804546356,0.012545173056423664,0.14200542867183685,-0.19476792216300964,0.11417903006076813,0.14191007614135742,-0.19027332961559296,-0.1775132566690445,0.12967798113822937,0.11347358673810959,0.1387653350830078,-0.19189809262752533,0.1183142140507698,-0.18675626814365387,0.13303926587104797,0.13854342699050903,-0.1850271373987198,-0.1865311712026596,0.13165369629859924,0.10608192533254623,0.13090571761131287,0.14172804355621338,0.14116054773330688,-0.1897570639848709,0.1419859081506729,-0.1917988806962967,-0.19293634593486786
N[52](SymbolIceSnow),-0.19611069560050964,0.13923977315425873,0.09689798206090927,0.15408411622047424,0.029330573976039886,0.02098904550075531,0.0872931256890297,-0.0507337749004364,0.15604977309703827,0.017202673479914665,0.11326475441455841,0.1384243369102478,-0.21439096331596375,-0.1667749583721161,-0.11483418941497803,-0.08499344438314438,-0.08039528876543045,-0.031019369140267372,0.1535613238811493,-0.14301472902297974,-0.1935480535030365,-0.191523477435112,-0.15473435819149017,0.15642493963241577,0.15086500346660614,-0.14539553225040436,0.15870267152786255,-0.013444825075566769,0.15100331604480743,-0.13292410969734192,-0.15408219397068024,0.15687139332294464,-0.15755440294742584,-0.14508014917373657,-0.14840909838676453,-0.12444952130317688,0.16187626123428345,0.1631031483411789,-0.16083306074142456,0.1373211145401001,0.16248135268688202,-0.14949969947338104,-0.15785491466522217,0.16302336752414703,0.1579902023077011,-0.1500800997018814,0.16114068031311035,0.14359039068222046,0.160853311419487,0.1616421639919281,-0.12731653451919556,-0.15592262148857117,0.15984119474887848,-0.15573650598526,0.1612066775560379,0.16163761913776398,-0.15304861962795258,0.16249635815620422,0.15536943078041077,-0.15778137743473053,0.1627933233976364,-0.15754683315753937,-0.15000475943088531,-0.15145240724086761,0.1616421639919281,0.13963374495506287,-0.15583063662052155,0.15526416897773743,0.16419635713100433,-0.15520967543125153,-0.11955703049898148,-0.12731653451919556,-0.16083306074142456,0.1373211145401001,0.16248135268688202,-0.15785491466522217,0.16302336752414703,-0.14949969947338104,0.14359039068222046,0.160853311419487,-0.15592262148857117,0.1579902023077011,-0.1500800997018814,0.15984119474887848,0.16114068031311035,0.1513138711452484,-0.15755440294742584,0.15687139332294464,-0.15408219397068024,-0.14840909838676453,-0.14508014917373657,0.16187626123428345,-0.12444952130317688,0.1631031483411789,-0.15822017192840576,-0.15787597000598907
