epoch,loss,A13_balanced_accuracy,A14_balanced_accuracy,A15b_balanced_accuracy,A16_balanced_accuracy,A17a_balanced_accuracy,A19a_balanced_accuracy,A1a_balanced_accuracy,A1b_balanced_accuracy,A1c_balanced_accuracy,A32_balanced_accuracy,A33_balanced_accuracy,A34_balanced_accuracy,A4b2_balanced_accuracy,A7a_balanced_accuracy,A9_balanced_accuracy,B1_balanced_accuracy,B2a_balanced_accuracy,B3_balanced_accuracy,C13aa_balanced_accuracy,C13bb_balanced_accuracy,C14_100_balanced_accuracy,C14_120_balanced_accuracy,C14_20_balanced_accuracy,C14_30_balanced_accuracy,C14_50_balanced_accuracy,C14_60_balanced_accuracy,C14_70_balanced_accuracy,C14_80_balanced_accuracy,C17a_balanced_accuracy,C17b_80_balanced_accuracy,C17c_balanced_accuracy,C17d_balanced_accuracy,C1a_balanced_accuracy,C2_balanced_accuracy,C3e3_balanced_accuracy,D1a1_balanced_accuracy,D1a4_balanced_accuracy,D1a5_balanced_accuracy,D1a6_balanced_accuracy,D1a7_balanced_accuracy,D2a1_balanced_accuracy,D2a2_balanced_accuracy,D3_balanced_accuracy,accuracy,balanced_accuracy,epoch_elapsed,f1,recall
0,1.9247671365737915,0.5,0.49631133675575256,0.5117857456207275,0.5200995802879333,0.48304474353790283,0.532965898513794,0.4665111303329468,0.5110062956809998,0.5215685367584229,0.5434242486953735,0.4638858437538147,0.5,0.4999076724052429,0.49806201457977295,0.4915989637374878,0.403070330619812,0.5200416445732117,0.4875667691230774,0.5348688960075378,0.5237703919410706,0.5,0.4998965859413147,0.5,0.50057053565979,0.515995979309082,0.49791908264160156,0.5151227116584778,0.4980038106441498,0.4801403880119324,0.5360724925994873,0.5122936367988586,0.44484227895736694,0.47063183784484863,0.4860230088233948,0.5058459043502808,0.5299301743507385,0.5319912433624268,0.4823583960533142,0.5243184566497803,0.49990713596343994,0.5127888321876526,0.47541743516921997,0.5689356923103333,0.427205890417099,0.6751608848571777,5.208552360534668,0.15477998554706573,0.427205890417099
1,1.4585245847702026,0.5,0.5,0.5,0.5,0.5,0.5,0.5,0.5,0.5,0.5,0.5,0.5,0.5,0.5,0.5,0.5,0.5,0.5,0.586017906665802,0.5481055378913879,0.5,0.5,0.5,0.5,0.5109025239944458,0.5,0.5,0.518241822719574,0.5,0.5,0.5,0.5,0.5,0.5,0.6509448289871216,0.5,0.5131440758705139,0.5071105360984802,0.6993189454078674,0.5,0.5065152645111084,0.5,0.5303006172180176,0.6496323347091675,0.8013786673545837,5.36660099029541,0.2748163342475891,0.6496323347091675

2,1.3750455379486084,0.5,0.5,0.5,0.5,0.5,0.5,0.5,0.5,0.5,0.5,0.5,0.5,0.5,0.5,0.5,0.5,0.5,0.5,0.6051498055458069,0.7348711490631104,0.5,0.5,0.5,0.5,0.5,0.5,0.5,0.5,0.5,0.5,0.5,0.5,0.5,0.5,0.6002122163772583,0.4999071955680847,0.4998142421245575,0.6940042972564697,0.7602670192718506,0.5410512089729309,0.526121973991394,0.45510318875312805,0.6184062361717224,0.7034926414489746,0.8329043984413147,5.213658094406128,0.30630913376808167,0.7034926414489746

3,1.2751084566116333,0.5,0.5,0.5,0.5,0.5,0.5,0.5,0.5,0.5,0.5,0.5,0.5,0.5,0.5,0.5,0.5,0.49962934851646423,0.5,0.6263797879219055,0.7922574281692505,0.5003806352615356,0.5,0.5,0.5,0.5,0.5013323426246643,0.5,0.5,0.5,0.5,0.5,0.5,0.5,0.5,0.5861809849739075,0.6912697553634644,0.4995364248752594,0.8116166591644287,0.8633360862731934,0.6555711030960083,0.8649478554725647,0.5073693990707397,0.716461181640625,0.7397058606147766,0.8664752244949341,5.148717164993286,0.46860501170158386,0.7397058606147766

4,1.1714755296707153,0.5,0.5,0.5,0.5,0.5,0.5226349830627441,0.5,0.5,0.5,0.5,0.5,0.5,0.5,0.5,0.49981555342674255,0.5,0.5072659850120544,0.5,0.7138453125953674,0.767597496509552,0.5066590309143066,0.5,0.5,0.5,0.5,0.5175588726997375,0.5,0.5,0.5,0.49972277879714966,0.5,0.5,0.5,0.5,0.6069087982177734,0.8468371629714966,0.5781793594360352,0.8395074605941772,0.8738369941711426,0.6662648320198059,0.8898698687553406,0.6120115518569946,0.7532010078430176,0.7917279601097107,0.8857996463775635,5.1748974323272705,0.6079166531562805,0.7917279601097107

5,1.156420350074768,0.5,0.5,0.5,0.5,0.5,0.5445317029953003,0.5,0.5,0.5,0.5,0.5,0.5,0.5,0.5,0.5,0.5,0.5657142996788025,0.5,0.6947821378707886,0.8046578168869019,0.5114569664001465,0.5,0.5,0.5,0.500190019607544,0.5334910154342651,0.5007593035697937,0.5,0.5,0.498889297246933,0.5,0.5,0.5,0.5,0.6080860495567322,0.8879162073135376,0.861514151096344,0.8252719044685364,0.8778831958770752,0.8286275863647461,0.8752697706222534,0.6268274784088135,0.7756900787353516,0.789338231086731,0.881755530834198,5.097851753234863,0.6154089570045471,0.789338231086731
6,1.1197278499603271,0.5,0.5,0.5,0.5,0.5,0.619837760925293,0.5,0.5,0.5,0.5,0.5,0.5,0.5,0.5,0.5,0.5,0.7130873203277588,0.5,0.6936237812042236,0.7401304841041565,0.5554819107055664,0.5000951886177063,0.5,0.5008547306060791,0.500667929649353,0.5435487031936646,0.5121487975120544,0.507472574710846,0.5,0.576378583908081,0.5,0.5,0.497403085231781,0.5,0.6399753093719482,0.8840886950492859,0.8257026672363281,0.853581428527832,0.8686649799346924,0.8491160273551941,0.8463927507400513,0.6692946553230286,0.7941374778747559,0.7917279601097107,0.8793198466300964,5.21889853477478,0.6377555131912231,0.7917279601097107
7,1.0722655057907104,0.5,0.49861598014831543,0.5,0.5,0.5,0.5652214288711548,0.5,0.5,0.49981552362442017,0.5,0.5,0.5,0.5,0.5,0.5,0.5,0.9369336366653442,0.5,0.6959409117698669,0.7798603177070618,0.5822580456733704,0.5014291405677795,0.5,0.5052093267440796,0.5386656522750854,0.5552606582641602,0.5388119220733643,0.5205128192901611,0.5,0.627265989780426,0.5,0.5,0.4954604506492615,0.5,0.6887171864509583,0.8652225732803345,0.8856565356254578,0.8168193101882935,0.8884620666503906,0.8848294019699097,0.8574744462966919,0.6994754076004028,0.7896022796630859,0.7952206134796143,0.8778952360153198,5.236196279525757,0.6526085734367371,0.7952206134796143
8,1.080790400505066,0.5,0.6405534148216248,0.5,0.5,0.5,0.801348090171814,0.5,0.5,0.5360209345817566,0.5,0.5,0.5,0.49990761280059814,0.5,0.5,0.5,0.9670248031616211,0.5,0.6985238790512085,0.7314096093177795,0.5840801000595093,0.5224772095680237,0.5,0.5141608119010925,0.561240017414093,0.5945226550102234,0.5974111557006836,0.5445393919944763,0.5,0.6235231757164001,0.5,0.4999077320098877,0.49685242772102356,0.5,0.6744089722633362,0.8605308532714844,0.8727002143859863,0.8493804335594177,0.8579123020172119,0.8636834025382996,0.8629257678985596,0.6794916987419128,0.7763744592666626,0.7875000238418579,0.8715074062347412,5.1811463832855225,0.6693129539489746,0.7875000238418579
9,1.0497910976409912,0.49981561303138733,0.5639938712120056,0.5,0.5,0.5,0.8925871253013611,0.5,0.49981552362442017,0.5980663299560547,0.5233482122421265,0.5,0.5,0.4990769922733307,0.5,0.49981528520584106,0.5,0.9665862321853638,0.5,0.7200934886932373,0.7699587345123291,0.6187262535095215,0.5734378099441528,0.5,0.5464319586753845,0.5827776789665222,0.5945075750350952,0.584513783454895,0.5665714144706726,0.49990758299827576,0.7380069494247437,0.5,0.527501106262207,0.49555638432502747,0.5,0.6887021660804749,0.87041175365448,0.864965558052063,0.843936026096344,0.869147539138794,0.8470052480697632,0.852393388748169,0.7490472793579102,0.8308628797531128,0.794301450252533,0.872886061668396,5.196372032165527,0.7335470914840698,0.794301450252533
10,0.99479740858078,0.4998154640197754,0.6615919470787048,0.5,0.5,0.5,0.9353458881378174,0.5,0.4996316134929657,0.5721402168273926,0.4986177682876587,0.5,0.49972325563430786,0.5301437973976135,0.5,0.49990788102149963,0.5,0.9563403725624084,0.5,0.7089021801948547,0.7418209314346313,0.6294005513191223,0.5798054933547974,0.5,0.5804859399795532,0.6235204339027405,0.6306083798408508,0.6219396591186523,0.584742546081543,0.49917080998420715,0.6870044469833374,0.5,0.49981555342674255,0.5267196893692017,0.5,0.6889382600784302,0.8755807876586914,0.8719784021377563,0.8492875099182129,0.8732355237007141,0.8603066205978394,0.8504266142845154,0.7431254386901855,0.8119113445281982,0.8053308725357056,0.8702435493469238,5.1788249015808105,0.7251394391059875,0.8053308725357056

11,0.9812222719192505,0.579921305179596,0.5845317244529724,0.5193392634391785,0.4999077618122101,0.5,0.9172508716583252,0.5,0.5697677731513977,0.6952980160713196,0.786465048789978,0.5,0.5306047201156616,0.5210415124893188,0.5,0.49953824281692505,0.5,0.9521868228912354,0.5,0.7148605585098267,0.740733802318573,0.6658119559288025,0.5741270780563354,0.5,0.6127095818519592,0.6396891474723816,0.6289248466491699,0.6500095129013062,0.6135022044181824,0.49972328543663025,0.7382137775421143,0.5,0.5146080255508423,0.5822234749794006,0.5,0.6809684038162231,0.8982341885566711,0.8639404773712158,0.8900010585784912,0.890055775642395,0.862345814704895,0.8618482351303101,0.7837589979171753,0.8375139236450195,0.8091911673545837,0.8711626529693604,5.090311288833618,0.7556433081626892,0.8091911673545837

12,0.9245591759681702,0.7459424138069153,0.5770695209503174,0.7047459483146667,0.4999077022075653,0.5245387554168701,0.9167896509170532,0.5,0.5774478912353516,0.7780126333236694,0.8508279323577881,0.5,0.49870920181274414,0.4952082633972168,0.5,0.49797123670578003,0.5,0.951988935470581,0.5,0.7059550285339355,0.7922489643096924,0.6667620539665222,0.6619011759757996,0.5,0.6390583515167236,0.6756241321563721,0.6515785455703735,0.6913415789604187,0.628995418548584,0.49981576204299927,0.7901405692100525,0.5,0.49880141019821167,0.6517537236213684,0.5,0.6732136011123657,0.8972933292388916,0.8502603769302368,0.8826814889907837,0.9020427465438843,0.8876029849052429,0.8735834956169128,0.754186749458313,0.825609564781189,0.809374988079071,0.8716222047805786,5.143527030944824,0.737795352935791,0.809374988079071
13,0.8995139002799988,0.9012223482131958,0.7379984855651855,0.8293328285217285,0.599815845489502,0.5721220970153809,0.9451209306716919,0.4999076724052429,0.8702610731124878,0.8709405064582825,0.9420583844184875,0.5,0.52447110414505,0.6010427474975586,0.5,0.4969562888145447,0.5,0.9477680921554565,0.5,0.703980565071106,0.7910754680633545,0.7183058261871338,0.6628018617630005,0.5,0.7112796306610107,0.694175660610199,0.6820342540740967,0.7107382416725159,0.6634304523468018,0.4988000690937042,0.7581158876419067,0.5,0.5251167416572571,0.8153796195983887,0.5,0.6720882654190063,0.9006320834159851,0.828714907169342,0.8608248233795166,0.8961509466171265,0.8697950839996338,0.8703738451004028,0.7746202349662781,0.8385692834854126,0.8194853067398071,0.8749080896377563,5.159534215927124,0.7669200301170349,0.8194853067398071

14,0.8809241652488708,0.8462177515029907,0.7000901699066162,0.9201231598854065,0.49963098764419556,0.7356852293014526,0.9639697670936584,0.5759072303771973,0.8259170055389404,0.9728832244873047,0.9097938537597656,0.4999077320098877,0.6191917657852173,0.6823041439056396,0.5,0.5323361158370972,0.5527844429016113,0.9466235041618347,0.5,0.7487385272979736,0.7779858112335205,0.713252067565918,0.6975967884063721,0.5,0.7505683898925781,0.7043761014938354,0.6966047286987305,0.7791422605514526,0.6768003106117249,0.562367856502533,0.8755798935890198,0.5,0.5323195457458496,0.8543075323104858,0.5,0.770363450050354,0.899368166923523,0.8485411405563354,0.8733054399490356,0.8827756643295288,0.883759617805481,0.8668650388717651,0.7793909311294556,0.838740885257721,0.8097426295280457,0.871208667755127,5.110637426376343,0.7505611777305603,0.8097426295280457
15,0.8489518761634827,0.7258391380310059,0.7837644815444946,0.935698926448822,0.5515247583389282,0.8708133101463318,0.9266679286956787,0.7453874349594116,0.9196059703826904,0.9265682697296143,0.8671103119850159,0.5,0.7843317985534668,0.6227509379386902,0.5218719244003296,0.616525411605835,0.8302277326583862,0.9507042169570923,0.5,0.733476459980011,0.777923047542572,0.7463012337684631,0.7226666808128357,0.5,0.7644824385643005,0.7234891653060913,0.712699294090271,0.7899543046951294,0.6811856627464294,0.5952195525169373,0.8694313764572144,0.5,0.49935436248779297,0.8592908978462219,0.5,0.7083255052566528,0.8877418041229248,0.8529138565063477,0.8773690462112427,0.8738570213317871,0.8861894607543945,0.846847653388977,0.7910387516021729,0.8348097205162048,0.8242647051811218,0.8762867450714111,5.081506013870239,0.7668527364730835,0.8242647051811218
16,0.8676776885986328,0.8792181611061096,0.8670554161071777,0.8924480080604553,0.5589919090270996,0.9666727781295776,0.9105836153030396,0.7193010449409485,0.8438606858253479,0.921902596950531,0.9286066293716431,0.4998154044151306,0.7395353317260742,0.7375991344451904,0.5965932011604309,0.5893989205360413,0.8769131898880005,0.9316413402557373,0.5,0.7360459566116333,0.7825518846511841,0.7638386487960815,0.7795013189315796,0.5,0.8086923360824585,0.7493789196014404,0.739745557308197,0.8382380604743958,0.7137426137924194,0.710801362991333,0.8993446230888367,0.5466901063919067,0.5263022780418396,0.863248348236084,0.5,0.7228453755378723,0.8903639316558838,0.8762733936309814,0.8683602809906006,0.8726494312286377,0.8755162358283997,0.8595622777938843,0.8199161291122437,0.824283242225647,0.7963235378265381,0.8723115921020508,5.1532135009765625,0.7513039708137512,0.7963235378265381
17,0.8199983239173889,0.9116724729537964,0.9013837575912476,0.9676557183265686,0.5724909901618958,0.8794025182723999,0.9126884937286377,0.8080880641937256,0.9454343914985657,0.9322178363800049,0.9465417861938477,0.544994056224823,0.7565678954124451,0.8193215131759644,0.6804223656654358,0.5929645299911499,0.8793268203735352,0.9227920770645142,0.5,0.7284353971481323,0.7572097778320312,0.770527720451355,0.7979289293289185,0.5,0.8232227563858032,0.7757834792137146,0.7505230903625488,0.8405343890190125,0.7157684564590454,0.8164434432983398,0.9027822017669678,0.5394459962844849,0.5281209945678711,0.8906481266021729,0.5,0.7492989301681519,0.8954654932022095,0.8577015399932861,0.8639404773712158,0.8885890245437622,0.887971043586731,0.8464903831481934,0.7919304370880127,0.836685299873352,0.809374988079071,0.8708869218826294,5.0223002433776855,0.7512416839599609,0.809374988079071
18,0.790764331817627,0.9174354076385498,0.8618600368499756,0.9366061687469482,0.7206733226776123,0.9392833113670349,0.9355165958404541,0.7338688373565674,0.9609850645065308,0.965997040271759,0.9626383781433105,0.49935412406921387,0.7602355480194092,0.8274977207183838,0.751226007938385,0.8052414059638977,0.9359210729598999,0.9253703355789185,0.5,0.7366575002670288,0.7346153855323792,0.7631579041481018,0.8067835569381714,0.5,0.827976405620575,0.7798173427581787,0.7530406713485718,0.8439702987670898,0.7405400276184082,0.8247280120849609,0.9073612689971924,0.5621312856674194,0.5238007307052612,0.8915740847587585,0.5,0.7518173456192017,0.9018006324768066,0.8620721697807312,0.8872859477996826,0.8976640701293945,0.8918278217315674,0.8657674789428711,0.8093645572662354,0.8432321548461914,0.8253676295280457,0.876953125,5.226179122924805,0.7782118320465088,0.8253676295280457
19,0.7710138559341431,0.9453421235084534,0.8680517077445984,0.9654122591018677,0.7943588495254517,0.9139797687530518,0.9660704135894775,0.8556859493255615,0.9641603231430054,0.9688766002655029,0.9668819308280945,0.5662438273429871,0.9004660248756409,0.8639631271362305,0.9200308918952942,0.9273118376731873,0.9190036654472351,0.9058037996292114,0.5,0.7338062524795532,0.7452229261398315,0.8078386783599854,0.8185344934463501,0.5,0.8295519351959229,0.793786883354187,0.7695742845535278,0.86545729637146,0.7430886626243591,0.7853522300720215,0.9157536029815674,0.5989852547645569,0.5410680174827576,0.8684356212615967,0.49990785121917725,0.7782436609268188,0.894903302192688,0.822862446308136,0.8647769689559937,0.8929433822631836,0.8926896452903748,0.8509212732315063,0.7743770480155945,0.831294059753418,0.8125,0.8743796348571777,5.1682350635528564,0.7761373519897461,0.8125
20,0.7479712963104248,0.9641144275665283,0.8849791288375854,0.9424476623535156,0.9332276582717896,0.9640486836433411,0.9196617603302002,0.801996111869812,0.9343210458755493,0.9045776128768921,0.9252816438674927,0.5802901983261108,0.7671030759811401,0.8548966646194458,0.8450119495391846,0.8023524284362793,0.9344086050987244,0.8962613344192505,0.5,0.7382907271385193,0.7861933708190918,0.8047112226486206,0.8290573954582214,0.5,0.8407964706420898,0.8083285689353943,0.7657296657562256,0.8664005994796753,0.7569260001182556,0.900738000869751,0.9152024984359741,0.6160796880722046,0.5263287425041199,0.865167498588562,0.49990779161453247,0.7528027296066284,0.890816330909729,0.837114155292511,0.8607547879219055,0.8925120830535889,0.8936071395874023,0.8532093167304993,0.7845853567123413,0.8161090612411499,0.820036768913269,0.8778263330459595,5.07005763053894,0.7880200743675232,0.820036768913269

21,0.7578683495521545,0.8820376992225647,0.9180929064750671,0.8969395160675049,0.82325279712677,0.8892652988433838,0.9603585004806519,0.9494838118553162,0.930020272731781,0.9431272745132446,0.9365152716636658,0.6389111280441284,0.8782039880752563,0.9214798212051392,0.8848928213119507,0.8765158653259277,0.9380515813827515,0.8896092176437378,0.5,0.7230337262153625,0.7954503297805786,0.8437204360961914,0.8364654779434204,0.5,0.8742179870605469,0.8196581602096558,0.7794593572616577,0.8613870739936829,0.7731499075889587,0.8747079372406006,0.9150768518447876,0.7462149262428284,0.6118906736373901,0.8286058902740479,0.4999077022075653,0.7589619159698486,0.8938719034194946,0.8498141169548035,0.8783206343650818,0.8919271230697632,0.881301760673523,0.8612813353538513,0.774806022644043,0.8493125438690186,0.8161764740943909,0.8734604716300964,5.26374077796936,0.7763606905937195,0.8161764740943909
22,0.7396746277809143,0.9150124788284302,0.9650498032569885,0.9457342028617859,0.9068816900253296,0.9607716798782349,0.9342081546783447,0.9370848536491394,0.9126383662223816,0.9402033090591431,0.9620066285133362,0.6716667413711548,0.9106369614601135,0.8812068700790405,0.9281425476074219,0.8601377010345459,0.943314790725708,0.9096463918685913,0.4999080002307892,0.713044285774231,0.7872062921524048,0.8242753744125366,0.8419476747512817,0.5,0.8596657514572144,0.8338394165039062,0.7813094854354858,0.856636643409729,0.7689155340194702,0.7446534037590027,0.8799059391021729,0.8702137470245361,0.7460946440696716,0.8333641290664673,0.5,0.7793020009994507,0.8912760019302368,0.851645290851593,0.8708147406578064,0.8860383033752441,0.8889796137809753,0.8629118204116821,0.771670401096344,0.8278459906578064,0.8126838207244873,0.8733915090560913,5.265314340591431,0.7558811902999878,0.8126838207244873
23,0.7292296290397644,0.9368172883987427,0.918862521648407,0.9332103133201599,0.9698984622955322,0.935894250869751,0.9608783721923828,0.9072467088699341,0.9602764844894409,0.9377130270004272,0.9614177942276001,0.6638226509094238,0.9055350422859192,0.9524644613265991,0.9184876680374146,0.9399999976158142,0.9557628631591797,0.885320246219635,0.4997236132621765,0.7220560908317566,0.7878929376602173,0.8483871221542358,0.8695899844169617,0.5,0.8721504211425781,0.8420201539993286,0.8051456809043884,0.8968329429626465,0.7880889177322388,0.8534430265426636,0.902190089225769,0.900490403175354,0.7298744320869446,0.8566149473190308,0.5,0.7770622968673706,0.8962159156799316,0.8537788391113281,0.8711791634559631,0.8932020664215088,0.8992252349853516,0.8628491759300232,0.7793762683868408,0.8389436602592468,0.8147059082984924,0.8710477948188782,5.1193249225616455,0.7639558911323547,0.8147059082984924
24,0.7193544507026672,0.931511640548706,0.9217749834060669,0.9616519212722778,0.9441881775856018,0.9589104652404785,0.9612760543823242,0.9378974437713623,0.9342614412307739,0.9086971282958984,0.9331550598144531,0.75187087059021,0.9061807990074158,0.9018181562423706,0.9038810133934021,0.8867202997207642,0.9574801921844482,0.906163215637207,0.49926429986953735,0.7195806503295898,0.7862069010734558,0.8619544506072998,0.8538608551025391,0.5,0.8733969926834106,0.8269596695899963,0.7976009249687195,0.8866312503814697,0.7994474172592163,0.849661111831665,0.8905210494995117,0.8053946495056152,0.838847815990448,0.8511308431625366,0.49926185607910156,0.7827224731445312,0.8940772414207458,0.8259541988372803,0.8890228271484375,0.8947466015815735,0.8807755708694458,0.8553757667541504,0.7784044742584229,0.8361203670501709,0.8191176652908325,0.8754595518112183,5.206456184387207,0.7491105794906616,0.8191176652908325
25,0.6948086619377136,0.9573721885681152,0.9436981678009033,0.9642066359519958,0.9023845791816711,0.9574644565582275,0.96219801902771,0.892264723777771,0.9082953929901123,0.9077421426773071,0.9630724191665649,0.9184030890464783,0.9548976421356201,0.922667384147644,0.8965588808059692,0.8481106162071228,0.9319187998771667,0.8989450335502625,0.4996318221092224,0.7211233377456665,0.8048803210258484,0.8627488017082214,0.8529456257820129,0.5,0.8698264360427856,0.8493850231170654,0.8063071966171265,0.896774172782898,0.795968770980835,0.91124427318573,0.8970506191253662,0.8993107080459595,0.8996865153312683,0.8315156698226929,0.4991700351238251,0.7788048982620239,0.8929035663604736,0.8309205770492554,0.8662641644477844,0.8775944709777832,0.8752790093421936,0.8715425729751587,0.7741334438323975,0.8293492197990417,0.8261029124259949,0.8747012615203857,5.191832542419434,0.7787119746208191,0.8261029124259949
26,0.7092568874359131,0.9588257074356079,0.9562326669692993,0.9629151225090027,0.9656826257705688,0.9210004210472107,0.9641276597976685,0.9361976385116577,0.9630995988845825,0.9641735553741455,0.9635022878646851,0.8741697072982788,0.9248570799827576,0.9190582036972046,0.939206600189209,0.8432703018188477,0.9363294839859009,0.8951702117919922,0.4993554353713989,0.6997939348220825,0.7941782474517822,0.8657690286636353,0.8702651262283325,0.5,0.8812689781188965,0.8583507537841797,0.8036664128303528,0.8939422369003296,0.8105542659759521,0.894127368927002,0.8767377138137817,0.9392402768135071,0.9631200432777405,0.8254996538162231,0.5189869403839111,0.7955945730209351,0.891530454158783,0.8528701066970825,0.8562929630279541,0.8921477794647217,0.8860595226287842,0.8677209615707397,0.7794500589370728,0.8324349522590637,0.8130514621734619,0.8728170990943909,5.252495527267456,0.7582688331604004,0.8130514621734619
27,0.6930268406867981,0.9358693957328796,0.9570478200912476,0.928439736366272,0.9664199948310852,0.934853732585907,0.9406355619430542,0.8724914789199829,0.961531400680542,0.9646017551422119,0.9033001661300659,0.839293360710144,0.8883563876152039,0.9186887741088867,0.9180811643600464,0.8458064794540405,0.9618933200836182,0.8924144506454468,0.4989872872829437,0.7008043527603149,0.8099011778831482,0.875095009803772,0.8733572363853455,0.5,0.8894386291503906,0.8527176380157471,0.8057088851928711,0.8927891850471497,0.8143101930618286,0.9286109209060669,0.8736793398857117,0.946357250213623,0.8660516738891602,0.7936272621154785,0.5440205931663513,0.7821161150932312,0.8738034963607788,0.8440690636634827,0.8714232444763184,0.8832123279571533,0.8795382976531982,0.8605214357376099,0.7735638618469238,0.8429261445999146,0.8172793984413147,0.8735294342041016,5.1725709438323975,0.7767435312271118,0.8172793984413147
28,0.6741659045219421,0.9575489163398743,0.9566020369529724,0.9635090231895447,0.9598856568336487,0.925560712814331,0.9616307020187378,0.9423165321350098,0.960472822189331,0.9627953767776489,0.9318768382072449,0.8699539303779602,0.925147533416748,0.9368886947631836,0.9357129335403442,0.8513387441635132,0.9584485292434692,0.8870967626571655,0.4977912902832031,0.7072442173957825,0.8100093603134155,0.8800762891769409,0.8751448392868042,0.5,0.8850760459899902,0.8528121709823608,0.8142287135124207,0.9058890342712402,0.8264957666397095,0.8816371560096741,0.8709617853164673,0.9595717191696167,0.9529085755348206,0.8056275844573975,0.5474217534065247,0.7969334125518799,0.8916759490966797,0.8463183641433716,0.8784360885620117,0.88338303565979,0.8803903460502625,0.8527059555053711,0.7805829048156738,0.8312937021255493,0.8207720518112183,0.8763097524642944,5.210406303405762,0.7881554365158081,0.8207720518112183
29,0.6547423601150513,0.9605239033699036,0.9302420616149902,0.9140220880508423,0.9605602622032166,0.9609562158584595,0.9611192941665649,0.9581180810928345,0.9586944580078125,0.9620276689529419,0.964397668838501,0.8665132522583008,0.8981190919876099,0.9116235971450806,0.9387114644050598,0.9408890008926392,0.9625530242919922,0.8923020362854004,0.49861955642700195,0.7212364673614502,0.8068351745605469,0.8727895021438599,0.8653037548065186,0.5,0.8738299608230591,0.8527176380157471,0.8246815204620361,0.899466872215271,0.8397047519683838,0.8760194778442383,0.8592880964279175,0.9116072654724121,0.9138556122779846,0.8173912763595581,0.5435592532157898,0.8030700087547302,0.87119460105896,0.8462609052658081,0.881322979927063,0.8754186630249023,0.8835934400558472,0.8560789823532104,0.7710663676261902,0.8288078904151917,0.8336396813392639,0.8764935731887817,5.056825637817383,0.7838874459266663,0.8336396813392639

30,0.6668359637260437,0.9624538421630859,0.9619144201278687,0.9649317264556885,0.9090331792831421,0.9399310350418091,0.9286240339279175,0.9590556621551514,0.9611766934394836,0.9648056030273438,0.9666113257408142,0.898899495601654,0.9112638235092163,0.9364508390426636,0.9313273429870605,0.8713057041168213,0.9637253284454346,0.8855287432670593,0.49520647525787354,0.7252942323684692,0.8064455986022949,0.8806623220443726,0.8830614686012268,0.5,0.8871458768844604,0.8555111289024353,0.8214023113250732,0.899258017539978,0.8313401937484741,0.9238709807395935,0.8661044836044312,0.9179118275642395,0.8513364195823669,0.7912342548370361,0.5236954092979431,0.7919015288352966,0.8774619102478027,0.8545776009559631,0.868118941783905,0.8705739974975586,0.8825441002845764,0.8574749231338501,0.7501398324966431,0.8313823938369751,0.826286792755127,0.874839186668396,5.121778726577759,0.7806586027145386,0.826286792755127

31,0.666050374507904,0.9610773324966431,0.959324836730957,0.9615668058395386,0.9621422290802002,0.9233808517456055,0.9400818347930908,0.9573957920074463,0.9363307356834412,0.9639032483100891,0.9639365673065186,0.9658482670783997,0.9513927698135376,0.935504674911499,0.9289400577545166,0.8299194574356079,0.9302996397018433,0.8876664638519287,0.6438959240913391,0.7143257260322571,0.8349505662918091,0.8945765495300293,0.8799726963043213,0.5,0.8902462720870972,0.8611005544662476,0.8415606617927551,0.897150993347168,0.8504540324211121,0.882524847984314,0.8748843669891357,0.9164049625396729,0.9503598213195801,0.783555805683136,0.5655310750007629,0.8060022592544556,0.8770918846130371,0.8463396430015564,0.8700501918792725,0.8787285685539246,0.8926118612289429,0.8583534955978394,0.749488353729248,0.8442668914794922,0.8158088326454163,0.8796185255050659,4.995149612426758,0.7644359469413757,0.8158088326454163
32,0.6544874906539917,0.9572483897209167,0.9562811255455017,0.959324836730957,0.9572641849517822,0.9530702829360962,0.9564254283905029,0.9560125470161438,0.9572271108627319,0.9596788883209229,0.9225666522979736,0.8622120022773743,0.9423290491104126,0.9096174240112305,0.9260251522064209,0.9316420555114746,0.9444444179534912,0.8940122127532959,0.7071954011917114,0.7095869779586792,0.8510658144950867,0.8923544883728027,0.8860530853271484,0.5,0.8901327848434448,0.8600455522537231,0.8341588973999023,0.892482340335846,0.8445225954055786,0.9216066598892212,0.8761348724365234,0.9250046014785767,0.9513094425201416,0.7885364294052124,0.5519756078720093,0.8204936385154724,0.8828996419906616,0.8448627591133118,0.8586046695709229,0.8852078914642334,0.8874953985214233,0.8600372076034546,0.7782520055770874,0.8341690301895142,0.8196691274642944,0.8772748112678528,5.058463096618652,0.7736368775367737,0.8196691274642944
33,0.6418604850769043,0.9571033120155334,0.9343008399009705,0.9602545499801636,0.9585103988647461,0.9554510116577148,0.9589483737945557,0.9546041488647461,0.9582411646842957,0.9605602622032166,0.962440013885498,0.9628297090530396,0.9366002082824707,0.9237366318702698,0.923410177230835,0.9315207004547119,0.9259114265441895,0.8854784965515137,0.6959839463233948,0.7208846807479858,0.8399139642715454,0.8850672841072083,0.8881491422653198,0.5,0.8944696187973022,0.8671919107437134,0.83670574426651,0.8991873264312744,0.8516024947166443,0.8509793281555176,0.8672091960906982,0.9337271451950073,0.9239720106124878,0.7818518877029419,0.5920737385749817,0.8279820680618286,0.88142991065979,0.8304234743118286,0.8647868633270264,0.8838655948638916,0.8700875043869019,0.8532143831253052,0.7771375179290771,0.8200891017913818,0.8233456015586853,0.8756433725357056,5.075650453567505,0.7815065383911133,0.8233456015586853
34,0.6290535926818848,0.9576568603515625,0.957633376121521,0.9612259864807129,0.9564296007156372,0.9568265676498413,0.9559800624847412,0.9556190967559814,0.9572641849517822,0.9618010520935059,0.9240407943725586,0.8820720911026001,0.9112426042556763,0.9283607006072998,0.9289265275001526,0.9296255111694336,0.9453269243240356,0.8765523433685303,0.7610138654708862,0.7197750806808472,0.8430308699607849,0.8869647979736328,0.886164128780365,0.5,0.8885186910629272,0.8645278215408325,0.8517221808433533,0.9089787006378174,0.8407273292541504,0.8428439497947693,0.8708541393280029,0.905684769153595,0.928874135017395,0.8185007572174072,0.6605200171470642,0.8366410732269287,0.8714126348495483,0.8386017084121704,0.8507531881332397,0.8904045820236206,0.8681573867797852,0.8568058013916016,0.770418643951416,0.8401265144348145,0.8408088088035583,0.875436544418335,5.389314651489258,0.8044708371162415,0.8408088088035583
35,0.6179237365722656,0.9592551589012146,0.9565097093582153,0.9608583450317383,0.958648681640625,0.9585869908332825,0.9254685044288635,0.9360703229904175,0.957003116607666,0.9614604711532593,0.9643251895904541,0.9308876991271973,0.9269911646842957,0.932686984539032,0.9084454774856567,0.9250138401985168,0.9421091079711914,0.8789756298065186,0.7900632619857788,0.7096381187438965,0.8644920587539673,0.8948465585708618,0.8919764757156372,0.5,0.8877642154693604,0.8641366362571716,0.8416936993598938,0.9016377925872803,0.8421605825424194,0.8225628137588501,0.858228325843811,0.9127027988433838,0.9417725801467896,0.8317023515701294,0.525085985660553,0.8331999778747559,0.8637799620628357,0.8328366279602051,0.8541395664215088,0.8737650513648987,0.8862792253494263,0.8588979840278625,0.7640386819839478,0.808958888053894,0.8277573585510254,0.8781939744949341,4.98249363899231,0.7872476577758789,0.8277573585510254
36,0.6139654517173767,0.9591479301452637,0.8954453468322754,0.962440013885498,0.9576349258422852,0.9566740393638611,0.9596164226531982,0.9508771896362305,0.9559365510940552,0.9606793522834778,0.963027834892273,0.9569426774978638,0.9307862520217896,0.9301939010620117,0.9370267391204834,0.9254280924797058,0.9414264559745789,0.8881396651268005,0.9072095155715942,0.7021475434303284,0.8629816770553589,0.8973315954208374,0.8882766366004944,0.5,0.8940171003341675,0.8610899448394775,0.8356803059577942,0.8986486196517944,0.836256206035614,0.8215407133102417,0.8705828189849854,0.9340841770172119,0.9425594806671143,0.8250925540924072,0.7494671940803528,0.8294965028762817,0.8832807540893555,0.8318477272987366,0.8487614393234253,0.8838355541229248,0.8725106716156006,0.8647091388702393,0.7641929388046265,0.8186547756195068,0.8316176533699036,0.8780790567398071,4.96450138092041,0.7899526953697205,0.8316176533699036
37,0.6309829354286194,0.9587410092353821,0.9281762838363647,0.9582103490829468,0.9583179950714111,0.9403324127197266,0.9587562084197998,0.9499631524085999,0.9561969637870789,0.9596863389015198,0.9620848894119263,0.9259992837905884,0.9342202544212341,0.9257005453109741,0.9277808666229248,0.9295865297317505,0.9328041076660156,0.8927117586135864,0.9030066728591919,0.7247895002365112,0.8485131859779358,0.8862121105194092,0.8904644250869751,0.5,0.8906309604644775,0.8737633228302002,0.8379533290863037,0.8978545069694519,0.8513872623443604,0.8256694078445435,0.8666172623634338,0.928874135017395,0.9143911600112915,0.8142248392105103,0.8240399360656738,0.8388723134994507,0.8721427321434021,0.8408499956130981,0.8439434170722961,0.8764181137084961,0.8616170883178711,0.8705729246139526,0.7753946185112,0.8218657374382019,0.817463219165802,0.8775275945663452,4.977230072021484,0.7805526852607727,0.817463219165802
38,0.6288666725158691,0.9579102993011475,0.9600995182991028,0.9600332379341125,0.9589861631393433,0.9549566507339478,0.933193564414978,0.952315092086792,0.9342250823974609,0.9606306552886963,0.9344133138656616,0.9521875381469727,0.9240214228630066,0.9238789081573486,0.8999241590499878,0.8505213260650635,0.9324175119400024,0.8728687763214111,0.8195980787277222,0.7310994863510132,0.850770115852356,0.8913580179214478,0.8962962627410889,0.5,0.8909504413604736,0.8721989989280701,0.8711144924163818,0.900037944316864,0.8616578578948975,0.8202879428863525,0.8750693798065186,0.9169745445251465,0.912133514881134,0.8102108836174011,0.7390421628952026,0.8548055291175842,0.868543267250061,0.8276888728141785,0.8580338954925537,0.8839302062988281,0.8652951121330261,0.8551062345504761,0.7758653163909912,0.8074777126312256,0.8185662031173706,0.8806295990943909,4.899221420288086,0.7973052263259888,0.8185662031173706
39,0.6255226731300354,0.9322376251220703,0.9378893375396729,0.9546376466751099,0.9546880722045898,0.9516218304634094,0.9537481665611267,0.9485782980918884,0.9521787166595459,0.9561969637870789,0.8954645991325378,0.9457564353942871,0.9240214228630066,0.9227859973907471,0.9251430630683899,0.8993842005729675,0.9367731213569641,0.8778682351112366,0.8935739398002625,0.7431902885437012,0.8552163243293762,0.8889946937561035,0.8966628313064575,0.5,0.8882318735122681,0.8606338500976562,0.8490188717842102,0.8927780985832214,0.8530418276786804,0.8369905948638916,0.8695250749588013,0.895587146282196,0.9088560938835144,0.8133789896965027,0.8507283926010132,0.8617696762084961,0.8766945600509644,0.8295730352401733,0.8457318544387817,0.881231427192688,0.8865616321563721,0.8385950326919556,0.7660661339759827,0.8161613941192627,0.8216911554336548,0.8779871463775635,5.080101251602173,0.7825247049331665,0.8216911554336548
40,0.5941413640975952,0.9166702032089233,0.9528771638870239,0.9556622505187988,0.9566500782966614,0.9554263353347778,0.9552830457687378,0.9502859115600586,0.9533726572990417,0.9584717750549316,0.9299280643463135,0.9490492939949036,0.9027578234672546,0.919840931892395,0.9209603071212769,0.9193696975708008,0.9345457553863525,0.8863468170166016,0.8272461891174316,0.7283927202224731,0.8661998510360718,0.8919382095336914,0.8850563764572144,0.5,0.8926810622215271,0.8666603565216064,0.8517463803291321,0.9012322425842285,0.8520700931549072,0.8309339284896851,0.8759481906890869,0.8883870840072632,0.9175419211387634,0.8248519897460938,0.7610025405883789,0.8553099632263184,0.8668463230133057,0.8333642482757568,0.8575807809829712,0.8729493021965027,0.8674721121788025,0.8569968342781067,0.7713091969490051,0.814357340335846,0.8332720398902893,0.8795496225357056,5.0732316970825195,0.8048076629638672,0.8332720398902893

41,0.5855397582054138,0.956958532333374,0.9568504095077515,0.9561047554016113,0.9554510116577148,0.9534368515014648,0.9568345546722412,0.9525258541107178,0.9556787014007568,0.9576568603515625,0.9601181745529175,0.9443521499633789,0.9235957264900208,0.912610650062561,0.9115583896636963,0.8915892839431763,0.900738000869751,0.8762046098709106,0.8914164304733276,0.7404944896697998,0.8866641521453857,0.8875762224197388,0.8823801279067993,0.5,0.8901464939117432,0.8624833226203918,0.8492017984390259,0.9125024080276489,0.8641273379325867,0.802517831325531,0.8805031776428223,0.9125783443450928,0.920756459236145,0.798683226108551,0.746036171913147,0.8480740785598755,0.8608419895172119,0.8273234367370605,0.8593866229057312,0.8796537518501282,0.8652666807174683,0.867917537689209,0.7883509397506714,0.8110676407814026,0.8446691036224365,0.8807215094566345,5.010961055755615,0.8302675485610962,0.8446691036224365

42,0.6126633882522583,0.9610066413879395,0.957003116607666,0.9583026170730591,0.9568997621536255,0.9539667963981628,0.9571349620819092,0.9542772769927979,0.9513208866119385,0.9597011804580688,0.959786057472229,0.9430309534072876,0.9244099855422974,0.9181432127952576,0.9068908095359802,0.9097785949707031,0.9093302488327026,0.8651924133300781,0.8974783420562744,0.7460405826568604,0.8900205492973328,0.9012920260429382,0.8887200951576233,0.5,0.8882564902305603,0.8801020383834839,0.8579649329185486,0.898383378982544,0.8624287843704224,0.8298009634017944,0.8730305433273315,0.897930920124054,0.8765897750854492,0.7984438538551331,0.8296557664871216,0.8622525334358215,0.8681135177612305,0.8464683890342712,0.8642538189888,0.8847012519836426,0.8748142719268799,0.8708053827285767,0.7869613766670227,0.8014371395111084,0.8161764740943909,0.8847196698188782,5.1259260177612305,0.8027648329734802,0.8161764740943909
43,0.5875325202941895,0.9580562114715576,0.9561209678649902,0.9362326860427856,0.9510527849197388,0.9547131657600403,0.9564495086669922,0.9504437446594238,0.9516396522521973,0.9584947824478149,0.9585946202278137,0.9431734085083008,0.9296255111694336,0.8930078744888306,0.9038745164871216,0.8745929002761841,0.9318517446517944,0.8741905689239502,0.8993004560470581,0.7669657468795776,0.8837448358535767,0.8910572528839111,0.8782343864440918,0.5,0.8840813636779785,0.8800646662712097,0.8479465246200562,0.9082952737808228,0.844548225402832,0.8262797594070435,0.8717854022979736,0.8836994767189026,0.8997602462768555,0.8186619281768799,0.8563748002052307,0.8765639662742615,0.8774601221084595,0.8243142366409302,0.8548327088356018,0.8838590383529663,0.8790442943572998,0.8637969493865967,0.787585973739624,0.8121054172515869,0.8334558606147766,0.8837316036224365,5.00980281829834,0.8079500198364258,0.8334558606147766
44,0.5648452639579773,0.935204029083252,0.9553588032722473,0.9554427862167358,0.9527014493942261,0.954595685005188,0.9533038139343262,0.9449160099029541,0.9528162479400635,0.9575958847999573,0.9585793018341064,0.9434293508529663,0.9283868670463562,0.9207125902175903,0.90848708152771,0.9053554534912109,0.92793869972229,0.8816349506378174,0.8947319984436035,0.7519141435623169,0.8935315012931824,0.894402265548706,0.895144522190094,0.5,0.8814157247543335,0.8659558296203613,0.8595942258834839,0.9037929773330688,0.8597561120986938,0.8274369239807129,0.8628507852554321,0.8898836970329285,0.9032614827156067,0.8109360933303833,0.8364675641059875,0.8697400093078613,0.8739558458328247,0.823042631149292,0.8651737570762634,0.8824595808982849,0.8786894083023071,0.8589886426925659,0.7795289754867554,0.8074274063110352,0.8466911911964417,0.8858456015586853,4.985877275466919,0.8173713684082031,0.8466911911964417
45,0.5808826684951782,0.95364910364151,0.926240086555481,0.9550738334655762,0.9531105756759644,0.9562245607376099,0.9526442289352417,0.948966383934021,0.9486256837844849,0.95878005027771,0.9576098918914795,0.9432656764984131,0.9329211711883545,0.9244604110717773,0.915115237236023,0.9058986306190491,0.9253965616226196,0.8876134157180786,0.9025938510894775,0.748314619064331,0.8821001052856445,0.892890989780426,0.8854209184646606,0.5,0.8831501007080078,0.8599311113357544,0.8675270080566406,0.8953332901000977,0.8584314584732056,0.848118782043457,0.8537465333938599,0.8815983533859253,0.9195539951324463,0.8230882883071899,0.8628264665603638,0.8525556921958923,0.8738369941711426,0.8343552350997925,0.8581798076629639,0.8767913579940796,0.8676443099975586,0.8682841062545776,0.7848124504089355,0.8076708316802979,0.8308823704719543,0.8840992450714111,4.989527702331543,0.8045120239257812,0.8308823704719543
46,0.5852299332618713,0.9562326669692993,0.9552830457687378,0.9555432796478271,0.953018307685852,0.9537737369537354,0.9553670287132263,0.9492151737213135,0.9491023421287537,0.9555842280387878,0.9560642242431641,0.9424566626548767,0.9287428855895996,0.9243542551994324,0.9175286293029785,0.9073562026023865,0.9244830012321472,0.8734493255615234,0.9048408269882202,0.74668288230896,0.8888784646987915,0.8944666385650635,0.9019347429275513,0.5,0.8832777142524719,0.8666539192199707,0.8545454740524292,0.8926792144775391,0.8632389307022095,0.8322575092315674,0.8596036434173584,0.9093002080917358,0.8990384340286255,0.8336725234985352,0.783581018447876,0.8726626634597778,0.8596540093421936,0.8396875858306885,0.8600111603736877,0.8823201656341553,0.8721601366996765,0.8629182577133179,0.7676673531532288,0.8074926137924194,0.8308823704719543,0.8828584551811218,5.009770393371582,0.8107166290283203,0.8308823704719543
47,0.5751813054084778,0.9550904035568237,0.9568265676498413,0.9578179717063904,0.9512465000152588,0.9544196128845215,0.9561290740966797,0.9491509795188904,0.9467908143997192,0.9583948254585266,0.9590405821800232,0.9446600079536438,0.930958092212677,0.9236444234848022,0.9208440780639648,0.8876771926879883,0.929902195930481,0.8869388103485107,0.8495264053344727,0.7687488198280334,0.8923968076705933,0.8863856792449951,0.8797316551208496,0.5,0.8799847960472107,0.8654948472976685,0.8604408502578735,0.8943367600440979,0.8571836352348328,0.8391175866127014,0.8667593002319336,0.9270564317703247,0.8754149675369263,0.8371295928955078,0.7848708629608154,0.8762487173080444,0.8608113527297974,0.8258239030838013,0.864970326423645,0.8817134499549866,0.8516554832458496,0.8660033345222473,0.7661529779434204,0.813289999961853,0.8327205777168274,0.8827894926071167,4.993414878845215,0.793691098690033,0.8327205777168274
48,0.5687040686607361,0.9518928527832031,0.9538915157318115,0.952517032623291,0.9485782980918884,0.9503042697906494,0.9514222145080566,0.943910539150238,0.9436242580413818,0.9535977840423584,0.9543110132217407,0.9376843571662903,0.9235880374908447,0.9120909571647644,0.9179874658584595,0.8899778127670288,0.9192477464675903,0.8750694990158081,0.8822717666625977,0.7559767961502075,0.8975218534469604,0.8903783559799194,0.8860831260681152,0.5,0.8913580179214478,0.8636709451675415,0.8609164953231812,0.8934877514839172,0.8689819574356079,0.8143701553344727,0.8697059154510498,0.9106417894363403,0.8959830403327942,0.8243293166160583,0.843026340007782,0.8686925172805786,0.8624860048294067,0.8369827270507812,0.8632224798202515,0.8870607614517212,0.8753249049186707,0.8692536354064941,0.7690733075141907,0.8146015405654907,0.8321691155433655,0.8846737146377563,4.954525947570801,0.8042764663696289,0.8321691155433655
49,0.5750551819801331,0.9508771896362305,0.9550572037696838,0.9560125470161438,0.9490664005279541,0.9517794847488403,0.9527101516723633,0.9437776803970337,0.9482917785644531,0.9562649726867676,0.9575645923614502,0.9398080110549927,0.9057900309562683,0.9129912853240967,0.9266223907470703,0.8929558992385864,0.9155579805374146,0.8573415279388428,0.8855144381523132,0.7673572301864624,0.8982607126235962,0.8919764757156372,0.887547492980957,0.5,0.885068416595459,0.865245521068573,0.8607163429260254,0.8870260715484619,0.8722454309463501,0.8189878463745117,0.8759948015213013,0.9205676317214966,0.8886221051216125,0.8233932256698608,0.8606239557266235,0.876049280166626,0.8596360683441162,0.830760657787323,0.8649879097938538,0.880204439163208,0.8697229027748108,0.8649526834487915,0.7637056112289429,0.8127905130386353,0.8257352709770203,0.8813648819923401,4.906226873397827,0.8142231106758118,0.8257352709770203
50,0.5589029788970947,0.9559690356254578,0.9548892974853516,0.9593323469161987,0.9485524892807007,0.9533789157867432,0.9261478781700134,0.9471499919891357,0.9452345371246338,0.9570428133010864,0.960395097732544,0.9410407543182373,0.9185445308685303,0.9121932983398438,0.9297047853469849,0.8627268075942993,0.904964029788971,0.8560830950737,0.8290159106254578,0.7766255736351013,0.9052013158798218,0.8868156671524048,0.8739728927612305,0.5,0.8873265981674194,0.8646645545959473,0.8511791229248047,0.8999999761581421,0.8727737665176392,0.8263914585113525,0.8703394532203674,0.9122207760810852,0.8764303922653198,0.8351831436157227,0.8454159498214722,0.8773813843727112,0.8826199769973755,0.8310319185256958,0.8708240389823914,0.8842291235923767,0.8715400695800781,0.883432149887085,0.7719836235046387,0.8072199821472168,0.828125,0.8836627006530762,4.933010578155518,0.8073011636734009,0.828125

51,0.5681173205375671,0.9561047554016113,0.9507015943527222,0.9564816951751709,0.9460856914520264,0.9520384073257446,0.9508211612701416,0.9441989064216614,0.9385851621627808,0.9552748203277588,0.9318265914916992,0.9335728883743286,0.9164820909500122,0.9123939275741577,0.903834342956543,0.8942804336547852,0.9069188237190247,0.8590480089187622,0.8674465417861938,0.7749018669128418,0.8897416591644287,0.8925502300262451,0.8912630677223206,0.5,0.8839353322982788,0.8744305372238159,0.8646090030670166,0.9006458520889282,0.8763287663459778,0.8349308967590332,0.8734270930290222,0.901310920715332,0.8697456121444702,0.859866738319397,0.8358870148658752,0.8563530445098877,0.8792589902877808,0.8410313129425049,0.8723779320716858,0.8770018815994263,0.8648180961608887,0.8821945786476135,0.7845754623413086,0.8007084131240845,0.8251838088035583,0.884604811668396,5.003659009933472,0.8086907267570496,0.8251838088035583
52,0.5555788278579712,0.9543944001197815,0.9493635892868042,0.9576036930084229,0.9476401209831238,0.9515682458877563,0.949759840965271,0.9494464993476868,0.9410080909729004,0.9562891721725464,0.958824634552002,0.9392178654670715,0.9199150204658508,0.9125138521194458,0.9232896566390991,0.8672462701797485,0.9044850468635559,0.8505842685699463,0.8593261241912842,0.7796974182128906,0.8949775695800781,0.8848708868026733,0.889910876750946,0.5,0.8839235305786133,0.8644068241119385,0.8652025461196899,0.8873118758201599,0.8770226240158081,0.8197782039642334,0.8707584142684937,0.8856589198112488,0.8757615089416504,0.8336723446846008,0.8103543519973755,0.8599356412887573,0.8621586561203003,0.8486341238021851,0.8673298358917236,0.881745457649231,0.8777612447738647,0.8774373531341553,0.7856346368789673,0.7991278171539307,0.8365808725357056,0.8863970637321472,4.945254802703857,0.8112929463386536,0.8365808725357056
53,0.5638608932495117,0.9551069736480713,0.9533210396766663,0.9593398571014404,0.9509134292602539,0.9536319971084595,0.9494278430938721,0.9241546392440796,0.9461978673934937,0.9571481347084045,0.9601476192474365,0.938698410987854,0.928242027759552,0.9184030890464783,0.927689790725708,0.8731272220611572,0.9127628207206726,0.8644617795944214,0.853287935256958,0.784190833568573,0.9006727933883667,0.8827664852142334,0.8717532157897949,0.5,0.8715779781341553,0.8614916205406189,0.8518306612968445,0.8929179906845093,0.8719291687011719,0.8219292163848877,0.8694285154342651,0.8963099718093872,0.8756003379821777,0.8437846899032593,0.8172597885131836,0.8816010355949402,0.8565064072608948,0.8337671756744385,0.8617870807647705,0.876691997051239,0.8657243847846985,0.8665238618850708,0.7609624862670898,0.8023450374603271,0.8246323466300964,0.8839843273162842,4.93894624710083,0.8065850138664246,0.8246323466300964
54,0.5555771589279175,0.9535484313964844,0.951687216758728,0.9553752541542053,0.9448447823524475,0.9506457448005676,0.9411330223083496,0.9474316239356995,0.9411330223083496,0.9533210396766663,0.9562488794326782,0.938698410987854,0.9235662817955017,0.9139012098312378,0.8983273506164551,0.8867454528808594,0.9042396545410156,0.8642592430114746,0.8345927000045776,0.7923048138618469,0.9091842174530029,0.8832699656486511,0.8777101635932922,0.5,0.881781816482544,0.8646130561828613,0.8407809734344482,0.8917408585548401,0.8649163246154785,0.8249630928039551,0.8796519041061401,0.8856667876243591,0.8525285720825195,0.8401297330856323,0.7899399995803833,0.8924239873886108,0.8740479350090027,0.8361461162567139,0.8617674112319946,0.8923147916793823,0.8600929975509644,0.8732368350028992,0.785515308380127,0.7874791026115417,0.8290441036224365,0.8870863914489746,5.064383506774902,0.8126139044761658,0.8290441036224365
55,0.5382483601570129,0.9322878122329712,0.9558444023132324,0.9571507573127747,0.9475142955780029,0.9525783061981201,0.9490680694580078,0.9488929510116577,0.9476497769355774,0.9554263353347778,0.9586563110351562,0.9420664310455322,0.9276230931282043,0.9190660715103149,0.9190932512283325,0.8869333267211914,0.901642382144928,0.8694244027137756,0.829373836517334,0.7914488315582275,0.9053574800491333,0.8815364241600037,0.8764247894287109,0.5,0.8711212873458862,0.874739408493042,0.8565192222595215,0.8955690264701843,0.8602283596992493,0.8116356134414673,0.8716216087341309,0.8772399425506592,0.866199791431427,0.8307108879089355,0.8024520874023438,0.8708138465881348,0.8676033020019531,0.8432502746582031,0.859131395816803,0.8899013996124268,0.8655384182929993,0.8677593469619751,0.7636973857879639,0.8079137802124023,0.8369485139846802,0.8856387734413147,4.960367918014526,0.810323178768158,0.8369485139846802
56,0.5366219878196716,0.9560368657112122,0.955207347869873,0.9593697786331177,0.9463000297546387,0.9551660418510437,0.912682294845581,0.9469026327133179,0.9491884708404541,0.9568949937820435,0.9593697786331177,0.9421869516372681,0.9292035102844238,0.9159749150276184,0.9219124913215637,0.869921088218689,0.8991511464118958,0.8614245653152466,0.836276650428772,0.7965832948684692,0.8891178369522095,0.8774033784866333,0.8683308362960815,0.5,0.8715589046478271,0.876069188117981,0.8625380396842957,0.8856084942817688,0.8575114607810974,0.8262274265289307,0.8701034784317017,0.8917497396469116,0.8642157912254333,0.833024263381958,0.810573935508728,0.8857649564743042,0.8643878698348999,0.8296744227409363,0.8657630681991577,0.8816254138946533,0.8614469170570374,0.8683819770812988,0.7695805430412292,0.7921306490898132,0.8305147290229797,0.8830652832984924,4.91683292388916,0.8143430948257446,0.8305147290229797
57,0.5453997850418091,0.9588788747787476,0.9546713829040527,0.9592326283454895,0.9499075412750244,0.9556436538696289,0.9505808353424072,0.9520560503005981,0.9513274431228638,0.957633376121521,0.9601402282714844,0.9381690621376038,0.9077821373939514,0.9160516262054443,0.9193102121353149,0.8933776021003723,0.8957411646842957,0.8682751059532166,0.8451482057571411,0.7905216217041016,0.8917477130889893,0.8723626732826233,0.877016544342041,0.5,0.869664192199707,0.8636623620986938,0.8455770611763,0.8769098520278931,0.861764669418335,0.8232854008674622,0.878779411315918,0.8832871913909912,0.8645256757736206,0.838542640209198,0.7952319383621216,0.8732460141181946,0.8667720556259155,0.8267014026641846,0.8609253168106079,0.8759747743606567,0.8637208938598633,0.8641526699066162,0.7663073539733887,0.8017625212669373,0.8369485139846802,0.8857996463775635,5.051494836807251,0.8277349472045898,0.8369485139846802
58,0.5383615493774414,0.9544867277145386,0.9493460655212402,0.9560206532478333,0.9436034560203552,0.952811062335968,0.9459110498428345,0.9442392587661743,0.9156526327133179,0.9514849781990051,0.9560885429382324,0.9332656860351562,0.9195126295089722,0.9098708629608154,0.9072022438049316,0.8876891732215881,0.9065954685211182,0.8682507276535034,0.8420470952987671,0.7906781435012817,0.8933383226394653,0.8768528699874878,0.8737383484840393,0.5,0.862373948097229,0.8660068511962891,0.8412985801696777,0.8797985315322876,0.856040358543396,0.8334255814552307,0.8775189518928528,0.8991891145706177,0.8630238175392151,0.8417006731033325,0.7699335813522339,0.8689629435539246,0.8775756359100342,0.840178370475769,0.8711024522781372,0.8990545272827148,0.8744431734085083,0.8687930107116699,0.7696952819824219,0.8078136444091797,0.8358455896377563,0.886603832244873,5.095263957977295,0.8027984499931335,0.8358455896377563
59,0.5204877853393555,0.955258309841156,0.9559719562530518,0.9589483737945557,0.9465571641921997,0.9551411867141724,0.9503042697906494,0.9499263763427734,0.9497603178024292,0.9585869908332825,0.9593473672866821,0.9365885257720947,0.9174972176551819,0.9102729558944702,0.9057422876358032,0.8847501277923584,0.9108327627182007,0.8741220235824585,0.8425993919372559,0.801927387714386,0.9080814123153687,0.8910074234008789,0.874715268611908,0.5,0.8759027123451233,0.8717973232269287,0.8461318612098694,0.8733587265014648,0.8553057909011841,0.8281682729721069,0.8715978860855103,0.9116888046264648,0.8614902496337891,0.8506950736045837,0.7701032757759094,0.8826216459274292,0.8596343994140625,0.8285900354385376,0.8727492094039917,0.889465868473053,0.8606100082397461,0.8685284852981567,0.7635285258293152,0.7963342070579529,0.8367646932601929,0.887339174747467,5.253199815750122,0.8035863041877747,0.8367646932601929
60,0.5388979911804199,0.9341309070587158,0.949428915977478,0.9545538425445557,0.9433075189590454,0.9509966373443604,0.9483489990234375,0.9488007426261902,0.9459933638572693,0.9554756879806519,0.9570428133010864,0.9269756078720093,0.9147286415100098,0.9032466411590576,0.8959755897521973,0.8793357610702515,0.895494818687439,0.8623844385147095,0.8352681398391724,0.7921884059906006,0.9093802571296692,0.8859866857528687,0.8744527101516724,0.5,0.876067578792572,0.8735238313674927,0.8459125757217407,0.8839558362960815,0.8683812618255615,0.8348404169082642,0.8773148059844971,0.9087719321250916,0.8624700307846069,0.8474717140197754,0.7541528344154358,0.8801459670066833,0.8567708730697632,0.8405541181564331,0.8692665100097656,0.8893221616744995,0.8639917969703674,0.8746287822723389,0.785740852355957,0.7838013768196106,0.8378676176071167,0.8865349292755127,4.995031118392944,0.827171802520752,0.8378676176071167

61,0.5390700101852417,0.9524908065795898,0.9535806179046631,0.9543189406394958,0.9471597075462341,0.9506821632385254,0.9491338133811951,0.9477323293685913,0.9424460530281067,0.9548226594924927,0.9578791856765747,0.9292035102844238,0.9094517230987549,0.9060941934585571,0.9040021896362305,0.885743260383606,0.892131507396698,0.861966609954834,0.8295286893844604,0.8113929033279419,0.9040762782096863,0.8723928928375244,0.8749762177467346,0.5,0.8844549655914307,0.8624904155731201,0.845758855342865,0.8800534009933472,0.8810380697250366,0.818198561668396,0.875532865524292,0.900442898273468,0.8652783036231995,0.8444094657897949,0.733468770980835,0.8727289438247681,0.8515145778656006,0.8266691565513611,0.8724888563156128,0.8795214295387268,0.8606252670288086,0.8770217895507812,0.7771790027618408,0.7907041311264038,0.8345588445663452,0.884765625,4.935765743255615,0.8201143145561218,0.8345588445663452
62,0.5436955094337463,0.9518094658851624,0.9510889649391174,0.9527276158332825,0.9456541538238525,0.9493355751037598,0.9497603178024292,0.9493728876113892,0.9425457119941711,0.9537241458892822,0.955602765083313,0.9295333027839661,0.9112381935119629,0.8990216255187988,0.903565526008606,0.886275589466095,0.8834378719329834,0.8618165254592896,0.8302321434020996,0.8067313432693481,0.9125069975852966,0.8782393336296082,0.8730491399765015,0.5,0.8580399751663208,0.8674961924552917,0.8480401039123535,0.8799415826797485,0.8727911710739136,0.818526029586792,0.8763411045074463,0.8961950540542603,0.890979528427124,0.8464100360870361,0.7250415086746216,0.8729416131973267,0.862113893032074,0.8390538096427917,0.8717472553253174,0.8854940533638,0.8657562136650085,0.8795281648635864,0.7750929594039917,0.782495379447937,0.833088219165802,0.8843060731887817,4.893564939498901,0.8161287307739258,0.833088219165802
63,0.5202382802963257,0.952960729598999,0.9517050981521606,0.9590481519699097,0.9492807388305664,0.9533960819244385,0.9525742530822754,0.9480627179145813,0.9391729831695557,0.9556190967559814,0.9581489562988281,0.9389165639877319,0.9158049821853638,0.9029341340065002,0.8981156349182129,0.8896774053573608,0.8847360610961914,0.8511407971382141,0.8154838681221008,0.8179525136947632,0.9023956656455994,0.8881566524505615,0.8847174644470215,0.5,0.869011402130127,0.8712654709815979,0.8462930917739868,0.8765876889228821,0.8620098829269409,0.8188860416412354,0.8737280368804932,0.9114717841148376,0.8753229975700378,0.8685719966888428,0.7086795568466187,0.8795000910758972,0.8599146008491516,0.8326176404953003,0.8657580614089966,0.8824294209480286,0.8617992401123047,0.8839948177337646,0.7540998458862305,0.7932665348052979,0.846323549747467,0.8857077360153198,4.904291391372681,0.8471180200576782,0.846323549747467
64,0.5193371176719666,0.9531307220458984,0.9541343450546265,0.9570060968399048,0.9486446380615234,0.9509695172309875,0.9469990730285645,0.9438492655754089,0.9350433349609375,0.9551411867141724,0.9576255679130554,0.9405201077461243,0.9095862507820129,0.8993914127349854,0.8746517896652222,0.8913764953613281,0.88531094789505,0.8480074405670166,0.8179057836532593,0.8187500238418579,0.9086908102035522,0.8906636238098145,0.8806763887405396,0.5,0.8740269541740417,0.8758764266967773,0.836256206035614,0.8945468664169312,0.8681904673576355,0.821237325668335,0.878593921661377,0.9045730829238892,0.8705002665519714,0.8406186103820801,0.7037652134895325,0.8901755809783936,0.8603528738021851,0.8306000828742981,0.863154947757721,0.8782075047492981,0.8728876113891602,0.868719756603241,0.770868182182312,0.8042912483215332,0.8369485139846802,0.8854550123214722,4.885251998901367,0.8362550735473633,0.8369485139846802
65,0.5216699838638306,0.9546629786491394,0.9482218623161316,0.9536216259002686,0.9469263553619385,0.9457263946533203,0.9424141645431519,0.9387698173522949,0.938974916934967,0.951264500617981,0.9221976399421692,0.9337515830993652,0.9119166135787964,0.9059734344482422,0.9030621647834778,0.8979347348213196,0.8855533003807068,0.8445495367050171,0.8222957849502563,0.8198316097259521,0.8956968784332275,0.8701221346855164,0.8685312271118164,0.5,0.8576335906982422,0.8676835298538208,0.8554285764694214,0.8813092708587646,0.8643124103546143,0.832994818687439,0.8775925636291504,0.9045109748840332,0.8705036044120789,0.8434203267097473,0.7040383815765381,0.876449704170227,0.8743957281112671,0.8462611436843872,0.8762772083282471,0.8840714693069458,0.8756265044212341,0.8704875707626343,0.7767890691757202,0.8057159185409546,0.8386029601097107,0.8864660263061523,5.12609338760376,0.834794819355011,0.8386029601097107
66,0.5128353834152222,0.9520384073257446,0.9531278610229492,0.9545789957046509,0.9483776092529297,0.9488667845726013,0.9374768733978271,0.9389411211013794,0.9435023069381714,0.9533123970031738,0.9560642242431641,0.9352810382843018,0.9058465957641602,0.9059040546417236,0.90226811170578,0.8845515251159668,0.8844379186630249,0.8440044522285461,0.8218497037887573,0.8134927749633789,0.9113249778747559,0.8788796663284302,0.8789433240890503,0.5,0.8708078861236572,0.8720311522483826,0.8449620008468628,0.8949460387229919,0.8647876977920532,0.8227146863937378,0.8789055347442627,0.9003134965896606,0.8832042813301086,0.8517043590545654,0.7306344509124756,0.8728242516517639,0.8775566816329956,0.8511727452278137,0.8674418926239014,0.8831446170806885,0.8737439513206482,0.8751861453056335,0.7906221151351929,0.7911322116851807,0.8367646932601929,0.8896598815917969,5.537214040756226,0.8280678987503052,0.8367646932601929
67,0.5229835510253906,0.9499722719192505,0.9485619068145752,0.9553422927856445,0.9437165260314941,0.948838472366333,0.9374423027038574,0.9382385611534119,0.9418389797210693,0.9524774551391602,0.9553752541542053,0.9201921224594116,0.9168819189071655,0.9029726982116699,0.9064980745315552,0.880679726600647,0.8866949677467346,0.8461395502090454,0.8199484348297119,0.8234193921089172,0.9053270816802979,0.8793202638626099,0.8882776498794556,0.5,0.8788654804229736,0.8609793186187744,0.8610005378723145,0.8800836205482483,0.8601405620574951,0.8235185146331787,0.8835831880569458,0.907707929611206,0.8719489574432373,0.8539658784866333,0.7286056876182556,0.8635938167572021,0.8754639625549316,0.8453512191772461,0.8720930218696594,0.8917813301086426,0.8657992482185364,0.8727272748947144,0.7870008945465088,0.7996470332145691,0.8395220637321472,0.8905330896377563,5.101061820983887,0.8272802233695984,0.8395220637321472
68,0.5147950053215027,0.9474801421165466,0.9503225684165955,0.9541428089141846,0.9439114332199097,0.9488646984100342,0.9394721984863281,0.9383194446563721,0.9406388401985168,0.9539510011672974,0.927773654460907,0.920649528503418,0.914251446723938,0.9006090760231018,0.8948145508766174,0.8762686848640442,0.8895660638809204,0.8565869927406311,0.8215798139572144,0.8175625205039978,0.9095745086669922,0.8785701990127563,0.8580152988433838,0.5,0.8723666667938232,0.85710209608078,0.8405976295471191,0.8842881321907043,0.8553459048271179,0.8407455682754517,0.877915620803833,0.9235163927078247,0.8605360388755798,0.8662898540496826,0.72577965259552,0.8743220567703247,0.8721923232078552,0.8267906904220581,0.879319965839386,0.8763001561164856,0.8632145524024963,0.882489800453186,0.777509331703186,0.7901602983474731,0.8444852828979492,0.8879595398902893,5.006590843200684,0.8380136489868164,0.8444852828979492
69,0.5202980041503906,0.947489857673645,0.9476208090782166,0.950341522693634,0.939265251159668,0.9420945644378662,0.9425594806671143,0.9352962970733643,0.9348026514053345,0.9539922475814819,0.9554510116577148,0.9197565317153931,0.9085456132888794,0.8959217667579651,0.8982268571853638,0.87285315990448,0.8862673044204712,0.8486000299453735,0.8090540170669556,0.8308151364326477,0.9069288372993469,0.8748812675476074,0.8641881942749023,0.5,0.8749762177467346,0.8553982973098755,0.8560720682144165,0.8996776342391968,0.8500665426254272,0.8386234045028687,0.8791473507881165,0.9255358576774597,0.857446014881134,0.844709575176239,0.7058171629905701,0.8871088027954102,0.8725106716156006,0.8405541181564331,0.8711024522781372,0.8872676491737366,0.8783884048461914,0.8681226968765259,0.77599036693573,0.7945433855056763,0.8380514979362488,0.8896828889846802,5.122791290283203,0.8328990936279297,0.8380514979362488
70,0.5065647959709167,0.9519815444946289,0.9520118236541748,0.9520648717880249,0.9453038573265076,0.9459034204483032,0.9432467222213745,0.9357103109359741,0.9358382225036621,0.9554016590118408,0.9575332403182983,0.9245526790618896,0.9054253697395325,0.8951107263565063,0.8984332084655762,0.8738464117050171,0.8898117542266846,0.8608590960502625,0.8020257949829102,0.8059238195419312,0.9008033275604248,0.8732139468193054,0.8706830739974976,0.5,0.860683798789978,0.8698655962944031,0.8473994731903076,0.8542976975440979,0.8583015203475952,0.8418480157852173,0.8858886957168579,0.9060081243515015,0.8733628392219543,0.8580693006515503,0.679697573184967,0.8798427581787109,0.8727256059646606,0.845430850982666,0.8892092704772949,0.8965645432472229,0.8740230798721313,0.883188009262085,0.7885899543762207,0.8001675605773926,0.8378676176071167,0.8894071578979492,5.00715970993042,0.8227699398994446,0.8378676176071167

71,0.526697039604187,0.9483108520507812,0.948266327381134,0.9536405801773071,0.9452750086784363,0.9404608011245728,0.9396933913230896,0.9355432987213135,0.9278455376625061,0.9517438411712646,0.9534733295440674,0.9277665019035339,0.9003877639770508,0.8922310471534729,0.8948339223861694,0.8694009184837341,0.8897289037704468,0.8478139638900757,0.7992452383041382,0.8311481475830078,0.9063901305198669,0.877609133720398,0.8708088397979736,0.5,0.8635842800140381,0.8693181872367859,0.8442840576171875,0.8720459938049316,0.8623696565628052,0.8395494818687439,0.8882733583450317,0.912682294845581,0.8701310753822327,0.8541550636291504,0.7124538421630859,0.875,0.8564116954803467,0.8415336012840271,0.8706832528114319,0.8816375732421875,0.8539764881134033,0.872860848903656,0.7742655277252197,0.7968401908874512,0.8301470875740051,0.8894071578979492,4.986270904541016,0.8168630003929138,0.8301470875740051
72,0.48911336064338684,0.9477859735488892,0.9441676139831543,0.9521610736846924,0.9441881775856018,0.9441165924072266,0.9308274984359741,0.9392764568328857,0.9259771108627319,0.9505990743637085,0.9564656019210815,0.9163129329681396,0.8995935916900635,0.8964945077896118,0.897194504737854,0.8717972040176392,0.8831827640533447,0.8435412049293518,0.8033707737922668,0.8237107992172241,0.914595365524292,0.8691198825836182,0.86725914478302,0.5,0.8675659894943237,0.8556822538375854,0.8542613983154297,0.8715126514434814,0.8660781979560852,0.8302600383758545,0.8872730731964111,0.9127188920974731,0.8759682774543762,0.8466382622718811,0.6874423027038574,0.8722648620605469,0.8623511791229248,0.8496938347816467,0.8725782632827759,0.8887958526611328,0.8581811189651489,0.8764607906341553,0.7823660373687744,0.8011152744293213,0.8520220518112183,0.8903262615203857,5.039666652679443,0.8448433876037598,0.8520220518112183
73,0.5086599588394165,0.9481898546218872,0.9410407543182373,0.947028398513794,0.9403246641159058,0.9450082778930664,0.9351116418838501,0.9360346794128418,0.9337027072906494,0.9513747692108154,0.9532174468040466,0.9172967076301575,0.8926329612731934,0.8917174339294434,0.8995572328567505,0.8750460743904114,0.8914206624031067,0.8458263874053955,0.8042157888412476,0.8409686088562012,0.9097533226013184,0.8768997192382812,0.8501619100570679,0.5,0.8661290407180786,0.8510436415672302,0.8521664142608643,0.8743381500244141,0.8591107726097107,0.8451589345932007,0.8841022849082947,0.9286372661590576,0.8754149675369263,0.8557531833648682,0.6739852428436279,0.881879448890686,0.8744440078735352,0.8532850742340088,0.8713276386260986,0.8766486644744873,0.8602681159973145,0.8780170679092407,0.7748695611953735,0.7903796434402466,0.8398897051811218,0.8920496702194214,5.003549575805664,0.8251806497573853,0.8398897051811218
74,0.5039823055267334,0.9419955611228943,0.9437165260314941,0.9479513168334961,0.9423325061798096,0.9437165260314941,0.9286637306213379,0.9373040795326233,0.9290066361427307,0.9505443572998047,0.9492259621620178,0.9224519729614258,0.8976036906242371,0.8966789245605469,0.897895097732544,0.8789891004562378,0.8897601366043091,0.8456045985221863,0.8057295083999634,0.8329906463623047,0.9067891836166382,0.8695610761642456,0.88215172290802,0.5,0.8716023564338684,0.8622158765792847,0.8637485504150391,0.8741438388824463,0.8566253185272217,0.8399224281311035,0.875649094581604,0.9251154065132141,0.8829061388969421,0.8473070859909058,0.6938907504081726,0.8695530295372009,0.8740018606185913,0.8513839840888977,0.871835470199585,0.8802528381347656,0.8649152517318726,0.8733258843421936,0.7658427953720093,0.7992008924484253,0.8444852828979492,0.8910845518112183,4.972233772277832,0.8458592295646667,0.8444852828979492
75,0.5002296566963196,0.9449262022972107,0.9431524276733398,0.947509229183197,0.9447824358940125,0.9452662467956543,0.9369468688964844,0.9434502124786377,0.9311267137527466,0.9521659016609192,0.9539425373077393,0.9209409952163696,0.8973602056503296,0.8931142687797546,0.896163821220398,0.870914101600647,0.8841328620910645,0.8406898975372314,0.8017305135726929,0.825537919998169,0.9215284585952759,0.8629001379013062,0.8648648262023926,0.5,0.856020450592041,0.8591482043266296,0.8493462204933167,0.8648777604103088,0.8593571782112122,0.8243492841720581,0.8857566714286804,0.9179269671440125,0.9026548862457275,0.8418859243392944,0.67643803358078,0.8797574639320374,0.863189160823822,0.857342004776001,0.8773514628410339,0.8801153302192688,0.8679016828536987,0.870880663394928,0.7702250480651855,0.7990880012512207,0.8420956134796143,0.8906019926071167,5.029438257217407,0.8554434180259705,0.8420956134796143
76,0.5125576853752136,0.9433283805847168,0.9375115633010864,0.9451309442520142,0.9425064325332642,0.9372114539146423,0.9348106980323792,0.9376155138015747,0.9311267137527466,0.9503506422042847,0.9529346227645874,0.9203474521636963,0.895494818687439,0.8927386999130249,0.8936738967895508,0.8622666001319885,0.8928241729736328,0.8486136794090271,0.806113064289093,0.8176371455192566,0.9097183346748352,0.8696354031562805,0.8597757816314697,0.5,0.8579007387161255,0.8495718240737915,0.8604893684387207,0.8689413070678711,0.8720754384994507,0.8366236090660095,0.8808730840682983,0.9114227294921875,0.8988391160964966,0.8580693006515503,0.6872344017028809,0.8873949646949768,0.8635772466659546,0.8601860404014587,0.8841938972473145,0.8648548126220703,0.865842342376709,0.8784612417221069,0.7790697813034058,0.7922259569168091,0.831250011920929,0.8912224769592285,5.121785402297974,0.8303000330924988,0.831250011920929
77,0.5102269053459167,0.9457342624664307,0.941942036151886,0.9488741159439087,0.9415560364723206,0.94198077917099,0.9356207251548767,0.9292043447494507,0.9351595640182495,0.9499446153640747,0.9508665204048157,0.9197713136672974,0.9040627479553223,0.9012721180915833,0.8996124863624573,0.8623844385147095,0.8936229348182678,0.8435588479042053,0.8130290508270264,0.8275349140167236,0.9070267677307129,0.8643292784690857,0.8650283813476562,0.5,0.8715717792510986,0.8471561670303345,0.8534006476402283,0.8735719919204712,0.8611322045326233,0.84270179271698,0.8732132911682129,0.912550687789917,0.8907028436660767,0.8461610078811646,0.6753737926483154,0.8750468492507935,0.8727694749832153,0.8501116633415222,0.8850371837615967,0.8776724338531494,0.8714152574539185,0.8777674436569214,0.7799851894378662,0.788804292678833,0.8441176414489746,0.8902573585510254,5.032522439956665,0.8399812579154968,0.8441176414489746
78,0.4999206066131592,0.9492166042327881,0.9357485175132751,0.9480723142623901,0.9402143955230713,0.9352604150772095,0.9314828515052795,0.9275161623954773,0.9301015734672546,0.94997239112854,0.9521787166595459,0.9152683019638062,0.8947805166244507,0.8960176706314087,0.881136953830719,0.8453303575515747,0.8791989684104919,0.8420370817184448,0.8033707737922668,0.8465856313705444,0.888951301574707,0.8595174551010132,0.8643697500228882,0.5,0.8666348457336426,0.849448025226593,0.840663492679596,0.8826550245285034,0.8552581667900085,0.846771240234375,0.8861449956893921,0.9278997182846069,0.8860572576522827,0.857340931892395,0.6807706356048584,0.8835642337799072,0.8742570877075195,0.861095666885376,0.8778647184371948,0.8798623085021973,0.8828820586204529,0.8868958950042725,0.7983481884002686,0.8105624914169312,0.8439338207244873,0.8926470279693604,5.027000665664673,0.8341809511184692,0.8439338207244873
79,0.4965137243270874,0.9463396668434143,0.9437268972396851,0.9444546699523926,0.9407263994216919,0.9399335384368896,0.9351476430892944,0.9319690465927124,0.9274640083312988,0.9513658285140991,0.9520206451416016,0.923778772354126,0.9036900401115417,0.9008485078811646,0.8920538425445557,0.8521867394447327,0.8888888955116272,0.8323458433151245,0.7982504367828369,0.841049075126648,0.9025415778160095,0.8682760000228882,0.8472328186035156,0.5,0.8477518558502197,0.8502470254898071,0.8388751745223999,0.8787965178489685,0.8532712459564209,0.8429546356201172,0.8870072364807129,0.9249492883682251,0.8894727230072021,0.8438717126846313,0.6760199069976807,0.8871690034866333,0.8707040548324585,0.8422768712043762,0.8841655850410461,0.8855869174003601,0.8781801462173462,0.8673374652862549,0.7917363047599792,0.8173469305038452,0.8343750238418579,0.8915901184082031,4.938767671585083,0.8229118585586548,0.8343750238418579
80,0.488869845867157,0.9443418979644775,0.9424566626548767,0.9438295364379883,0.9399557113647461,0.9377884864807129,0.9298909902572632,0.9376153945922852,0.927490770816803,0.9499631524085999,0.951050877571106,0.9254337549209595,0.8969367146492004,0.9009034037590027,0.8926923871040344,0.8598819971084595,0.8889197111129761,0.845271110534668,0.8039757013320923,0.8442332744598389,0.9090398550033569,0.8481205701828003,0.8412123918533325,0.5,0.8516796231269836,0.8461830615997314,0.8358691930770874,0.8674343228340149,0.8533320426940918,0.8460970520973206,0.8925857543945312,0.9190511703491211,0.894872784614563,0.8475360870361328,0.6650351285934448,0.8697037696838379,0.8634332418441772,0.8430135250091553,0.8868064880371094,0.8778398633003235,0.8710814714431763,0.8757890462875366,0.7833642959594727,0.8011342287063599,0.8424632549285889,0.8893612623214722,4.91395902633667,0.8341962099075317,0.8424632549285889

81,0.47953513264656067,0.9412578344345093,0.9472811222076416,0.9288792610168457,0.9423929452896118,0.9381452798843384,0.9363133907318115,0.9363116025924683,0.9283607006072998,0.9519106149673462,0.954352617263794,0.923778772354126,0.8996495008468628,0.895256519317627,0.8920737504959106,0.8537779450416565,0.8807855844497681,0.8447636365890503,0.8008474707603455,0.8426253795623779,0.9094399809837341,0.8501619100570679,0.8554079532623291,0.5,0.8531148433685303,0.8509523868560791,0.8477518558502197,0.8771379590034485,0.8538379669189453,0.8437154293060303,0.8813936114311218,0.9210478067398071,0.8909996747970581,0.8526852130889893,0.6623364686965942,0.8654817342758179,0.8596540093421936,0.8571826219558716,0.8934823274612427,0.8828603029251099,0.8728151321411133,0.8869767189025879,0.7848761081695557,0.8056740164756775,0.851286768913269,0.8943014740943909,5.131204128265381,0.8442913293838501,0.851286768913269
82,0.4875204265117645,0.9396822452545166,0.9399113655090332,0.9488102197647095,0.9399667978286743,0.9415836334228516,0.9373615980148315,0.9281625151634216,0.935772180557251,0.9477130174636841,0.9529954195022583,0.9261720180511475,0.9016605019569397,0.8900885581970215,0.8900774717330933,0.8558915853500366,0.8960907459259033,0.8580806255340576,0.8039757013320923,0.8362311124801636,0.8900205492973328,0.8560678362846375,0.8594136238098145,0.5,0.858788788318634,0.8486629724502563,0.8432098627090454,0.8545923233032227,0.8500189781188965,0.8556929230690002,0.883953332901001,0.9225091934204102,0.8892475366592407,0.856865644454956,0.6670668721199036,0.8666292428970337,0.86990886926651,0.8588694334030151,0.8807977437973022,0.8905611038208008,0.8709467053413391,0.8822709321975708,0.784014880657196,0.8074418306350708,0.8395220637321472,0.8928768634796143,5.078591346740723,0.8264138102531433,0.8395220637321472
83,0.49193644523620605,0.9353440403938293,0.9340649247169495,0.9501198530197144,0.936301589012146,0.9429177045822144,0.9273062944412231,0.9326267242431641,0.9333149194717407,0.9492620229721069,0.9549059271812439,0.9198487401008606,0.904168963432312,0.8870640397071838,0.8917497396469116,0.8548506498336792,0.890694260597229,0.846574068069458,0.7928426265716553,0.8366299867630005,0.9013452529907227,0.8673216104507446,0.8630422353744507,0.5,0.8515521287918091,0.8403385281562805,0.8418299555778503,0.8545124530792236,0.8515698909759521,0.8569716215133667,0.8799259662628174,0.9230484962463379,0.883465588092804,0.8503615856170654,0.6629171967506409,0.8849035501480103,0.8727728128433228,0.8518311977386475,0.8859665393829346,0.8801560401916504,0.8613898158073425,0.8789317011833191,0.7780763506889343,0.8056638836860657,0.8398897051811218,0.893014669418335,4.919426441192627,0.8340834975242615,0.8398897051811218
84,0.4893694818019867,0.9378113746643066,0.9369577169418335,0.9482949376106262,0.935930609703064,0.9391368627548218,0.9221175312995911,0.9346742630004883,0.9221606254577637,0.9479358792304993,0.9473392367362976,0.9168203473091125,0.8968444466590881,0.8815498352050781,0.8833733201026917,0.8589081764221191,0.8901696801185608,0.8446997404098511,0.7836219668388367,0.8483912944793701,0.9046194553375244,0.8539004325866699,0.8436667919158936,0.5,0.8476199507713318,0.8443028330802917,0.8398400545120239,0.8655709624290466,0.8582842350006104,0.8505810499191284,0.8896392583847046,0.924220085144043,0.8840324878692627,0.847366452217102,0.6677728891372681,0.8816551566123962,0.8673791885375977,0.8616824150085449,0.8929169178009033,0.8932156562805176,0.8759984970092773,0.8767199516296387,0.7996101379394531,0.8076779842376709,0.8341912031173706,0.8936810493469238,5.119310617446899,0.8248096704483032,0.8341912031173706
85,0.48545750975608826,0.938031017780304,0.938018798828125,0.9507848620414734,0.9369468688964844,0.9417896270751953,0.923538088798523,0.9343173503875732,0.9243596792221069,0.951179027557373,0.9503690004348755,0.9176350831985474,0.8990402221679688,0.8880280256271362,0.883102536201477,0.8623455762863159,0.9040552973747253,0.8458619117736816,0.7821244597434998,0.8429582715034485,0.8941407799720764,0.863696813583374,0.8390365242958069,0.5,0.843080997467041,0.8354490399360657,0.8469950556755066,0.8546667098999023,0.8478591442108154,0.8554571866989136,0.8823148012161255,0.9266469478607178,0.8780713081359863,0.8555041551589966,0.6867625713348389,0.871591329574585,0.8773462176322937,0.8504559993743896,0.8839865922927856,0.8855712413787842,0.8688616156578064,0.8781622052192688,0.7889054417610168,0.8083798885345459,0.8426470756530762,0.8926700353622437,5.003298997879028,0.8345033526420593,0.8426470756530762
86,0.4771026074886322,0.9227499961853027,0.9378921985626221,0.9443007707595825,0.9330381751060486,0.9425170421600342,0.9275830388069153,0.9390311241149902,0.9315536618232727,0.9515028595924377,0.952323853969574,0.9172050952911377,0.9014019966125488,0.8884480595588684,0.8826295137405396,0.8668202757835388,0.9017495512962341,0.8418131470680237,0.7855433225631714,0.8550670742988586,0.9102659225463867,0.8501492738723755,0.8476199507713318,0.5,0.8373310565948486,0.8439047336578369,0.8358293771743774,0.8582729697227478,0.8443342447280884,0.851311445236206,0.8891562223434448,0.924681544303894,0.8921062350273132,0.8429552316665649,0.6933788061141968,0.8745322227478027,0.863323450088501,0.8314158916473389,0.877670407295227,0.8895790576934814,0.8566902875900269,0.880182147026062,0.7901602983474731,0.7873349189758301,0.8536764979362488,0.8938648700714111,4.993499755859375,0.842279851436615,0.8536764979362488
87,0.46730226278305054,0.9336527585983276,0.9324049949645996,0.9453038573265076,0.9332902431488037,0.9390221834182739,0.9275562763214111,0.9358619451522827,0.9244743585586548,0.9506536722183228,0.9500092267990112,0.9082179069519043,0.8966789245605469,0.8818198442459106,0.8837488889694214,0.86561518907547,0.8991875648498535,0.8458548784255981,0.7907768487930298,0.8450084328651428,0.907640278339386,0.8586317896842957,0.8460516333580017,0.5,0.8403586149215698,0.8244070410728455,0.8428876399993896,0.8560189604759216,0.8585657477378845,0.8414206504821777,0.8906683921813965,0.9161902666091919,0.8874239325523376,0.8519718647003174,0.68052738904953,0.873131513595581,0.8562802076339722,0.8552166223526001,0.8800446391105652,0.882824182510376,0.8613907098770142,0.8899312615394592,0.7767243385314941,0.7886444330215454,0.8536764979362488,0.8963465094566345,4.933825254440308,0.8551205992698669,0.8536764979362488
88,0.4582129418849945,0.9418004155158997,0.9370384216308594,0.9516961574554443,0.9344096183776855,0.9385381937026978,0.9316003322601318,0.9339796900749207,0.9272408485412598,0.9522051811218262,0.9533984065055847,0.9118459820747375,0.8980627059936523,0.8666113615036011,0.8786927461624146,0.8570374250411987,0.8889914751052856,0.8354008197784424,0.7817964553833008,0.8364180326461792,0.9027804136276245,0.871431291103363,0.8589231371879578,0.5,0.864800751209259,0.8436487913131714,0.8543486595153809,0.8660917282104492,0.848821759223938,0.8405864238739014,0.8844016194343567,0.9229562282562256,0.8915529251098633,0.8470315337181091,0.6735804080963135,0.8768656849861145,0.8631118535995483,0.8519138097763062,0.8800967931747437,0.8819766044616699,0.8753483295440674,0.886262059211731,0.7755576372146606,0.7953406572341919,0.8500000238418579,0.8953584432601929,4.963325023651123,0.8506302237510681,0.8500000238418579
89,0.46887633204460144,0.934157133102417,0.9303097724914551,0.9485973119735718,0.9309835433959961,0.9379723072052002,0.9304916262626648,0.9152495265007019,0.921416699886322,0.9495201110839844,0.9524908065795898,0.9187096357345581,0.8941686749458313,0.8741239309310913,0.871036171913147,0.8487899303436279,0.8860864639282227,0.8268446326255798,0.788082480430603,0.8468755483627319,0.9011790752410889,0.8642667531967163,0.8541626930236816,0.5,0.8545074462890625,0.8539133667945862,0.8550284504890442,0.8706439733505249,0.8370165824890137,0.8533431887626648,0.8781980276107788,0.9260661005973816,0.8987295031547546,0.845083475112915,0.687730610370636,0.8859142065048218,0.8687976598739624,0.8545234203338623,0.8849656581878662,0.8888373374938965,0.875139057636261,0.8844577074050903,0.7768288254737854,0.8059479594230652,0.8492646813392639,0.8950138092041016,5.20577335357666,0.84526127576828,0.8492646813392639
90,0.48370033502578735,0.937003493309021,0.9340232610702515,0.9464219808578491,0.9292296171188354,0.9406169056892395,0.939712405204773,0.9243542551994324,0.9226794242858887,0.9458087086677551,0.9510418176651001,0.9193429350852966,0.8984677791595459,0.8835300207138062,0.8912643194198608,0.8549695611000061,0.899114727973938,0.8379877805709839,0.7990620136260986,0.836135983467102,0.892663300037384,0.8562333583831787,0.8452901840209961,0.5,0.8345077037811279,0.8433288931846619,0.8304778337478638,0.8500572443008423,0.8357524871826172,0.846231997013092,0.8895058631896973,0.9280575513839722,0.9071718454360962,0.8430027961730957,0.6845842003822327,0.8841907978057861,0.8751392364501953,0.8402454853057861,0.8846868276596069,0.8798032402992249,0.8660282492637634,0.8689166307449341,0.7768587470054626,0.8035117387771606,0.8474264740943909,0.893198549747467,4.977320194244385,0.8300079703330994,0.8474264740943909

91,0.46987366676330566,0.9339727163314819,0.9294942617416382,0.9485809206962585,0.9351476430892944,0.9381576776504517,0.934746503829956,0.931139349937439,0.9209603071212769,0.9470338821411133,0.9492700099945068,0.9206451177597046,0.8961063027381897,0.8914850354194641,0.8906019330024719,0.8508220911026001,0.905275821685791,0.8432642221450806,0.8061337471008301,0.8482308983802795,0.9043129086494446,0.8668503761291504,0.8420248031616211,0.5,0.8420602083206177,0.8377609252929688,0.8366919755935669,0.8546919822692871,0.8296943306922913,0.8453171253204346,0.8833981156349182,0.9273180961608887,0.9049068689346313,0.8464457988739014,0.7127443552017212,0.8662354946136475,0.8670627474784851,0.8468552231788635,0.8780941963195801,0.8781598806381226,0.8629450798034668,0.872043251991272,0.7789336442947388,0.8100889921188354,0.8461397290229797,0.8956801891326904,5.0012452602386475,0.823874294757843,0.8461397290229797
92,0.49078378081321716,0.935200572013855,0.9300092458724976,0.9475433826446533,0.9338804483413696,0.9314954876899719,0.9367964267730713,0.9327366352081299,0.9150978326797485,0.9467122554779053,0.9442293643951416,0.9130675792694092,0.8987820744514465,0.8922779560089111,0.8872097730636597,0.8529900312423706,0.901344895362854,0.84375,0.7998894453048706,0.8514851331710815,0.9096497893333435,0.8442249298095703,0.833112359046936,0.5,0.849838137626648,0.8311799764633179,0.8335239887237549,0.8569931387901306,0.8478384613990784,0.8472633361816406,0.8768290281295776,0.9213876724243164,0.9020856618881226,0.8553558588027954,0.6925775408744812,0.8719910383224487,0.8540620803833008,0.8379758596420288,0.8753017783164978,0.8686755895614624,0.8643122911453247,0.8788669109344482,0.7892102003097534,0.7976566553115845,0.8446691036224365,0.892302393913269,5.02668023109436,0.8479248881340027,0.8446691036224365
93,0.4741116762161255,0.935448169708252,0.9373387098312378,0.9481583833694458,0.9376728534698486,0.9383422136306763,0.9340283870697021,0.9325221180915833,0.9181885123252869,0.9469795227050781,0.9503598213195801,0.9185253381729126,0.8979686498641968,0.8924354314804077,0.8909913301467896,0.8566169738769531,0.9073390960693359,0.8450222015380859,0.7867403030395508,0.8471677303314209,0.9035120606422424,0.8636792898178101,0.841774582862854,0.5,0.8544231653213501,0.8211644291877747,0.8372225761413574,0.8484098315238953,0.8520030379295349,0.8346543908119202,0.8757413029670715,0.9196016788482666,0.8844165802001953,0.856772780418396,0.6746676564216614,0.8779255151748657,0.8657355308532715,0.8336750268936157,0.8755571842193604,0.8843581676483154,0.8656771779060364,0.8635349273681641,0.7935267686843872,0.7957169413566589,0.8496323823928833,0.8943474292755127,5.119810342788696,0.8331300616264343,0.8496323823928833
94,0.47230643033981323,0.9383864402770996,0.933253288269043,0.9516396522521973,0.9353559613227844,0.9351834654808044,0.9346423149108887,0.936715841293335,0.9219759702682495,0.943860650062561,0.9489192962646484,0.9231549501419067,0.8927450180053711,0.8874239325523376,0.8810491561889648,0.8636447191238403,0.9112114906311035,0.8484904766082764,0.7938467264175415,0.8340497016906738,0.9042772054672241,0.8551428318023682,0.8381288051605225,0.5,0.8385992050170898,0.8258181214332581,0.8308963179588318,0.8498189449310303,0.8473464250564575,0.838438868522644,0.8720519542694092,0.9251706600189209,0.8902618885040283,0.856521725654602,0.6578704714775085,0.8674709796905518,0.8588552474975586,0.844103991985321,0.8761612772941589,0.8855365514755249,0.8640921115875244,0.8822436928749084,0.7789983153343201,0.7891162633895874,0.851286768913269,0.8948988914489746,4.889148473739624,0.8544231653213501,0.851286768913269
95,0.4551209509372711,0.936301589012146,0.9319062232971191,0.9516128897666931,0.9348227381706238,0.9351152181625366,0.9294410943984985,0.9300479888916016,0.9109715223312378,0.9473732709884644,0.9450579881668091,0.9122968912124634,0.8854665756225586,0.8834807872772217,0.8645929098129272,0.8504147529602051,0.9026752710342407,0.8321290016174316,0.775566577911377,0.8443219661712646,0.8898050785064697,0.8572241067886353,0.8500565886497498,0.5,0.8377659320831299,0.8284164667129517,0.8361015319824219,0.8602212071418762,0.8477475643157959,0.8384629487991333,0.8821626901626587,0.9226080179214478,0.8972375392913818,0.855170488357544,0.6652823686599731,0.8758414387702942,0.8680245876312256,0.8483438491821289,0.8863551616668701,0.8914980888366699,0.8592557907104492,0.8825222849845886,0.7822206020355225,0.8010251522064209,0.8536764979362488,0.896369457244873,5.083611249923706,0.8389057517051697,0.8536764979362488
96,0.46761688590049744,0.9299963116645813,0.9306656718254089,0.9454176425933838,0.9306401014328003,0.9327723383903503,0.9254515171051025,0.924681544303894,0.9125783443450928,0.9453355073928833,0.9480627179145813,0.90836101770401,0.8939896821975708,0.8836199045181274,0.8683773279190063,0.8511542081832886,0.9009034037590027,0.8311748504638672,0.7754050493240356,0.8437208533287048,0.9000561237335205,0.8568705916404724,0.840228796005249,0.5,0.8393669128417969,0.8386454582214355,0.8387188911437988,0.8525433540344238,0.8525056838989258,0.8507751822471619,0.8876134157180786,0.9273331165313721,0.9141172170639038,0.8582655191421509,0.6563421487808228,0.8697887659072876,0.8666170835494995,0.8496562242507935,0.877463698387146,0.8861100673675537,0.8606359362602234,0.8855444192886353,0.7798028588294983,0.79390949010849,0.8476102948188782,0.896599292755127,4.929135084152222,0.8265528082847595,0.8476102948188782
97,0.4669172465801239,0.9272794723510742,0.936935305595398,0.9417251348495483,0.9307295083999634,0.9250138401985168,0.9270180463790894,0.9240214228630066,0.923247218132019,0.9448027610778809,0.9449262022972107,0.9041475057601929,0.8894542455673218,0.8744916915893555,0.8715181350708008,0.8507945537567139,0.8986536264419556,0.8372222185134888,0.7883056998252869,0.8394160270690918,0.8953857421875,0.8639817237854004,0.8334603309631348,0.5,0.8410520553588867,0.8290150165557861,0.8361248970031738,0.8526565432548523,0.8430066704750061,0.8617668747901917,0.8902552127838135,0.9250645637512207,0.9118731617927551,0.8698186874389648,0.6573168635368347,0.8655210733413696,0.8702191114425659,0.8482508659362793,0.8769545555114746,0.8919094800949097,0.8738856315612793,0.8820412755012512,0.7844139337539673,0.7956279516220093,0.8483455777168274,0.8946691155433655,4.937033176422119,0.8290859460830688,0.8483455777168274
98,0.4834856390953064,0.920771062374115,0.937741756439209,0.9365196228027344,0.933824896812439,0.9312731027603149,0.9268337488174438,0.9216734170913696,0.9138216972351074,0.9484317302703857,0.9447728395462036,0.9056150913238525,0.8854954838752747,0.8764076232910156,0.8773741722106934,0.8424745798110962,0.9087557792663574,0.8401108980178833,0.785622239112854,0.8351113796234131,0.8998130559921265,0.8644325733184814,0.8438804149627686,0.5,0.8378069400787354,0.8303537368774414,0.832666277885437,0.8521714210510254,0.8422505855560303,0.8597785830497742,0.8986861705780029,0.918437123298645,0.9064171314239502,0.8569310903549194,0.6665130853652954,0.8653163909912109,0.8630608916282654,0.8569972515106201,0.8819109201431274,0.900890052318573,0.8717472553253174,0.877626895904541,0.7884865403175354,0.8144473433494568,0.8365808725357056,0.8955192565917969,4.887754440307617,0.8158950209617615,0.8365808725357056
99,0.4741727113723755,0.9263187050819397,0.9397012591362,0.9436152577400208,0.93327796459198,0.9367858171463013,0.9334502220153809,0.9288482666015625,0.9211545586585999,0.9455116391181946,0.9429994821548462,0.9021799564361572,0.8948145508766174,0.8760391473770142,0.8777449727058411,0.8515307903289795,0.9036189317703247,0.8349694013595581,0.7850562334060669,0.8399217128753662,0.9094988703727722,0.8440768122673035,0.8423346281051636,0.5,0.8406593799591064,0.8350085020065308,0.8373196721076965,0.846637487411499,0.8374571800231934,0.8476858139038086,0.8817423582077026,0.9134047031402588,0.8987271785736084,0.8328394293785095,0.6643292307853699,0.8814066648483276,0.8477048873901367,0.8451960682868958,0.8803943395614624,0.88621586561203,0.8551114797592163,0.8781076073646545,0.7862737774848938,0.8031628131866455,0.8369485139846802,0.8959788680076599,4.95690655708313,0.8319615721702576,0.8369485139846802
100,0.47132235765457153,0.9252172708511353,0.9408513307571411,0.9468104839324951,0.9349428415298462,0.9373502731323242,0.9266875982284546,0.9281502962112427,0.9200997352600098,0.9433265924453735,0.9461452960968018,0.8966950178146362,0.9006279706954956,0.8794535398483276,0.882749080657959,0.8529791831970215,0.9066187143325806,0.8323758244514465,0.7760589122772217,0.8503915071487427,0.9102708101272583,0.8436726927757263,0.8390891551971436,0.5,0.8410772085189819,0.8301421403884888,0.8339011669158936,0.853159487247467,0.8448013663291931,0.8474935293197632,0.8882407546043396,0.9234533309936523,0.8966629505157471,0.8371661901473999,0.6697713136672974,0.8524957895278931,0.8615514039993286,0.8496003150939941,0.870964765548706,0.8741875886917114,0.8659602403640747,0.8745822906494141,0.7734971046447754,0.7984755635261536,0.8441176414489746,0.8952895402908325,4.8990020751953125,0.8306978344917297,0.8441176414489746

101,0.46311455965042114,0.9262915253639221,0.9452952146530151,0.94432133436203,0.9329583048820496,0.9372577667236328,0.9187718629837036,0.9349226951599121,0.913287878036499,0.9450082778930664,0.9441676139831543,0.8930678367614746,0.8990775346755981,0.8801218271255493,0.8741923570632935,0.8502491116523743,0.8958102464675903,0.8308048248291016,0.7794036865234375,0.838450014591217,0.904788613319397,0.8388358354568481,0.839407742023468,0.5,0.8429901599884033,0.8270805478096008,0.8279590606689453,0.8571156859397888,0.8321897983551025,0.8510245084762573,0.8839384913444519,0.9251706600189209,0.9092082977294922,0.8451147079467773,0.6695539951324463,0.8719775080680847,0.8642605543136597,0.8369302749633789,0.8937987089157104,0.8890538215637207,0.8743947744369507,0.8921605348587036,0.7858869433403015,0.8114906549453735,0.8509191274642944,0.8953354954719543,5.110303640365601,0.8306477665901184,0.8509191274642944
102,0.466064989566803,0.9242619872093201,0.9293618202209473,0.9399704337120056,0.931139349937439,0.9327917098999023,0.9215867519378662,0.9382261037826538,0.9108297824859619,0.9420343637466431,0.9436554908752441,0.9002946019172668,0.8895756602287292,0.8745615482330322,0.8651893138885498,0.848107099533081,0.9013643264770508,0.8348742723464966,0.7830171585083008,0.8302063941955566,0.894997239112854,0.8416285514831543,0.837722659111023,0.5,0.8429195284843445,0.8190921545028687,0.8344402313232422,0.849507212638855,0.8356190919876099,0.855127215385437,0.8794095516204834,0.9264109134674072,0.899852454662323,0.8602818250656128,0.6979723572731018,0.8692148923873901,0.861539900302887,0.8500557541847229,0.8704735040664673,0.8927576541900635,0.8695692420005798,0.8855096697807312,0.7812150716781616,0.8053491711616516,0.8496323823928833,0.8971277475357056,4.879216194152832,0.8407522439956665,0.8496323823928833
103,0.4557897746562958,0.9247599840164185,0.9313399791717529,0.9403136968612671,0.9236034154891968,0.9287294745445251,0.9219211339950562,0.9317721128463745,0.909501850605011,0.9426833391189575,0.9452332258224487,0.9055473804473877,0.8948193192481995,0.8739386796951294,0.8766820430755615,0.8453789353370667,0.8924810886383057,0.8353387713432312,0.7737481594085693,0.83870530128479,0.8951643109321594,0.8472592234611511,0.8318077921867371,0.5,0.8352606296539307,0.8207511305809021,0.829817533493042,0.8529579639434814,0.8548845052719116,0.8490043878555298,0.8895467519760132,0.9375,0.8851838111877441,0.8405891060829163,0.6702423095703125,0.856460690498352,0.8622420430183411,0.8482675552368164,0.8811559081077576,0.8853083252906799,0.8701878786087036,0.8828719854354858,0.7762348651885986,0.8020620346069336,0.8477941155433655,0.8968290090560913,4.823498964309692,0.8397783637046814,0.8477941155433655
104,0.46356821060180664,0.9188065528869629,0.9281890392303467,0.936565101146698,0.9195868968963623,0.9315245151519775,0.9189562797546387,0.9280309677124023,0.9143304824829102,0.9411330223083496,0.9450286030769348,0.8995935916900635,0.8970832824707031,0.869276225566864,0.8771201968193054,0.841974139213562,0.8995939493179321,0.8412963151931763,0.7847273349761963,0.8312429785728455,0.8943924903869629,0.859327495098114,0.8439764976501465,0.5,0.8384863138198853,0.8309645652770996,0.830531120300293,0.8536770343780518,0.8366317749023438,0.8575774431228638,0.8944053649902344,0.9327862858772278,0.8867158889770508,0.8602628111839294,0.6718663573265076,0.8559401035308838,0.8576478958129883,0.8712430000305176,0.879669189453125,0.8897359371185303,0.8629422783851624,0.8869888782501221,0.7947691679000854,0.8176919221878052,0.8551470637321472,0.8976333141326904,4.8604044914245605,0.85491544008255,0.8551470637321472

105,0.4446801245212555,0.928966760635376,0.9343294501304626,0.9387209415435791,0.9251983165740967,0.9279254674911499,0.9310725927352905,0.931206226348877,0.913111686706543,0.9428044557571411,0.9498893022537231,0.9040162563323975,0.9044767618179321,0.8839631080627441,0.882976770401001,0.8507283926010132,0.9004612565040588,0.8342280387878418,0.7775322198867798,0.8484876751899719,0.8992139101028442,0.8454959988594055,0.8197110891342163,0.5,0.8439939022064209,0.8246593475341797,0.8300473690032959,0.8438810110092163,0.8378738760948181,0.8610700964927673,0.8897944092750549,0.9401843547821045,0.8909308910369873,0.8651425838470459,0.6621721386909485,0.8635938167572021,0.8573551177978516,0.8645581007003784,0.8826435804367065,0.881213903427124,0.8628360033035278,0.8803698420524597,0.7888971567153931,0.8156378269195557,0.851838231086731,0.8956341743469238,5.117276430130005,0.8370299339294434,0.851838231086731
106,0.4550672173500061,0.9230627417564392,0.9222530126571655,0.9383662939071655,0.9198966026306152,0.9182337522506714,0.9263080358505249,0.9228144884109497,0.9062384366989136,0.9396790266036987,0.9402654767036438,0.9041866064071655,0.9004979729652405,0.8783210515975952,0.8735706806182861,0.8468069434165955,0.8913605213165283,0.8319436311721802,0.7743778824806213,0.8477081060409546,0.8975632190704346,0.8553930521011353,0.8419958353042603,0.5,0.8406593799591064,0.8292310237884521,0.8224823474884033,0.8441064357757568,0.837397575378418,0.8622947931289673,0.8950148224830627,0.9391953945159912,0.8974359035491943,0.8499165773391724,0.6509782075881958,0.862982988357544,0.8684015274047852,0.8675816059112549,0.8894863724708557,0.8877456188201904,0.8721253871917725,0.8818113803863525,0.7919306755065918,0.8155547380447388,0.8501838445663452,0.8995174169540405,4.936255931854248,0.8435916900634766,0.8501838445663452
107,0.45864254236221313,0.9188341498374939,0.9242173433303833,0.9371312856674194,0.9150211811065674,0.9240412712097168,0.925475001335144,0.92418372631073,0.9133001565933228,0.9447314739227295,0.94481360912323,0.9068265557289124,0.899889349937439,0.8765215873718262,0.8795136213302612,0.8512716293334961,0.8989479541778564,0.8297477960586548,0.7744104862213135,0.851588785648346,0.8922430276870728,0.8419594764709473,0.8296797275543213,0.5,0.8456555008888245,0.8130112290382385,0.8336182236671448,0.8427810668945312,0.8416359424591064,0.8615823984146118,0.8857195377349854,0.9297970533370972,0.895057201385498,0.8718588352203369,0.6619900465011597,0.8718165159225464,0.8731594085693359,0.8722139596939087,0.8880819082260132,0.8867592811584473,0.8669018149375916,0.8777178525924683,0.799498975276947,0.8191528916358948,0.8461397290229797,0.8959329128265381,4.850993871688843,0.8273331522941589,0.8461397290229797
108,0.4639125168323517,0.9264380931854248,0.9320611953735352,0.9333333373069763,0.9206744432449341,0.9248800277709961,0.9265682697296143,0.9181885123252869,0.9104573726654053,0.9412686824798584,0.9376843571662903,0.9012368321418762,0.8958448767662048,0.8747232556343079,0.8743537664413452,0.8570506572723389,0.8953445553779602,0.8211908340454102,0.7750967144966125,0.8406665325164795,0.8900279998779297,0.8453959822654724,0.8303343057632446,0.5,0.838487982749939,0.8146812915802002,0.8192439079284668,0.8578997254371643,0.8467894792556763,0.8606088161468506,0.887798547744751,0.9307039976119995,0.9008477926254272,0.8741673231124878,0.6699575781822205,0.8688631653785706,0.8658921718597412,0.873232901096344,0.8903142213821411,0.8937197923660278,0.8763470649719238,0.8760921955108643,0.798828125,0.812604546546936,0.8417279124259949,0.8961397409439087,4.951960563659668,0.8343791961669922,0.8417279124259949
109,0.46080657839775085,0.92418372631073,0.9257105588912964,0.9373384714126587,0.9173133373260498,0.921416699886322,0.9146071672439575,0.9160059094429016,0.9171276092529297,0.937615156173706,0.9360700845718384,0.8893396854400635,0.8879342079162598,0.8798227906227112,0.8672019243240356,0.8477818965911865,0.9004796147346497,0.8200407028198242,0.7818599939346313,0.8559670448303223,0.8963846564292908,0.8431913256645203,0.8420852422714233,0.5,0.846081018447876,0.8276482820510864,0.8284164667129517,0.8654028177261353,0.8267439603805542,0.8619099855422974,0.8854359984397888,0.937615156173706,0.9074381589889526,0.8682795763015747,0.6638042330741882,0.8829450011253357,0.8722614049911499,0.8689590692520142,0.8759293556213379,0.8871418237686157,0.8741174340248108,0.8889507055282593,0.7959940433502197,0.810181736946106,0.8461397290229797,0.8994715213775635,5.276647090911865,0.8404499292373657,0.8461397290229797
110,0.4484805464744568,0.9268045425415039,0.9274252653121948,0.9398301839828491,0.9182169437408447,0.9329763650894165,0.9215812683105469,0.9272811412811279,0.9280309677124023,0.9456241130828857,0.9423750638961792,0.9024884700775146,0.8931072950363159,0.880679726600647,0.8679593801498413,0.8507380485534668,0.9044674038887024,0.8279340863227844,0.7901473045349121,0.8359156250953674,0.9037168025970459,0.8414912223815918,0.8186311721801758,0.5,0.8437677621841431,0.8205714225769043,0.8221034407615662,0.8290377855300903,0.829433023929596,0.8550055027008057,0.8843518495559692,0.933678150177002,0.9038709402084351,0.8678320646286011,0.6745988130569458,0.8726096749305725,0.8671613931655884,0.8466480374336243,0.8743037581443787,0.8573161363601685,0.8701636791229248,0.8810364007949829,0.7907517552375793,0.8185461759567261,0.8566176295280457,0.896208643913269,4.966668367385864,0.8625274896621704,0.8566176295280457

111,0.4583115577697754,0.9205822944641113,0.926685094833374,0.9386078119277954,0.9185574650764465,0.9256868958473206,0.9167896509170532,0.9223819971084595,0.9177589416503906,0.9409703016281128,0.9377769231796265,0.905051589012146,0.8925406336784363,0.8679837584495544,0.863778829574585,0.849428653717041,0.8946155309677124,0.8208070993423462,0.7790461778640747,0.8465919494628906,0.8968164920806885,0.8564779758453369,0.8286581039428711,0.5,0.8355175256729126,0.8213536739349365,0.8232897520065308,0.8585657477378845,0.8378044366836548,0.8535549640655518,0.8896704912185669,0.9363703727722168,0.9033001661300659,0.8530446290969849,0.680151104927063,0.8781214952468872,0.8567843437194824,0.8485326766967773,0.8927576541900635,0.8881468772888184,0.8706912994384766,0.8829054832458496,0.8023234605789185,0.801559329032898,0.8430147171020508,0.8985294103622437,5.09606671333313,0.8384928703308105,0.8430147171020508
112,0.4466262757778168,0.9298245906829834,0.9242116808891296,0.9363350868225098,0.9196165204048157,0.9260556697845459,0.9102990031242371,0.9258338212966919,0.9120250940322876,0.9396344423294067,0.9368430376052856,0.9058585166931152,0.8951107263565063,0.8759461045265198,0.8679349422454834,0.8459194898605347,0.9011262655258179,0.8236598968505859,0.7836370468139648,0.8485159873962402,0.8907798528671265,0.834570050239563,0.8346628546714783,0.5,0.8270947933197021,0.825398325920105,0.8256410360336304,0.8242313861846924,0.8271534442901611,0.862463116645813,0.8949657678604126,0.9408562183380127,0.918527364730835,0.8577243089675903,0.6789270043373108,0.8583831191062927,0.8572622537612915,0.8497029542922974,0.8866592645645142,0.8891676068305969,0.8751161098480225,0.8857990503311157,0.802046537399292,0.7989921569824219,0.8520220518112183,0.8981847763061523,4.94251823425293,0.8365225791931152,0.8520220518112183
113,0.44383594393730164,0.9140192270278931,0.9291244149208069,0.9414530992507935,0.9214746952056885,0.9234250783920288,0.9049815535545349,0.9306939840316772,0.9129592180252075,0.9384444952011108,0.9402214288711548,0.9075064659118652,0.8926329612731934,0.8712596893310547,0.8594499826431274,0.8493365049362183,0.8981925249099731,0.8229089975357056,0.7813709378242493,0.8665484189987183,0.8998506665229797,0.8343465328216553,0.8229937553405762,0.5,0.8253241777420044,0.825037956237793,0.8191570043563843,0.8405205011367798,0.83829665184021,0.8531687259674072,0.8873147964477539,0.9391928911209106,0.9014592170715332,0.8505470156669617,0.7027624249458313,0.8666853904724121,0.8551800847053528,0.8632645606994629,0.8781895637512207,0.8756741285324097,0.8649804592132568,0.887847900390625,0.8015621900558472,0.8115227222442627,0.8488970398902893,0.898276686668396,4.981247186660767,0.8382436633110046,0.8488970398902893
114,0.45844390988349915,0.9122369885444641,0.9269756078720093,0.9421869516372681,0.9166973829269409,0.9177728891372681,0.9110926985740662,0.9218980669975281,0.9164360761642456,0.9431440830230713,0.935954213142395,0.8983582258224487,0.8994650840759277,0.8803907036781311,0.8549011945724487,0.8580645322799683,0.9007745981216431,0.8131715059280396,0.7795282602310181,0.8628293871879578,0.8931504487991333,0.8381738662719727,0.818785548210144,0.5,0.8308921456336975,0.8081484436988831,0.829319179058075,0.843999981880188,0.8328582048416138,0.8566550016403198,0.8852853775024414,0.9382385611534119,0.8943778872489929,0.846829354763031,0.71137535572052,0.8739723563194275,0.854027509689331,0.8444485664367676,0.8717257976531982,0.8812882900238037,0.8651841878890991,0.8871718645095825,0.7955220937728882,0.8171912431716919,0.8444852828979492,0.8942095637321472,4.94664192199707,0.8359007239341736,0.8444852828979492
115,0.4428311586380005,0.9156192541122437,0.9186346530914307,0.9341084957122803,0.9218922853469849,0.9174354076385498,0.9037858247756958,0.9145891070365906,0.9160671234130859,0.9425594806671143,0.9374078512191772,0.9004979729652405,0.8977503180503845,0.8821250796318054,0.8614546656608582,0.8552583456039429,0.9036366939544678,0.8224731683731079,0.7817964553833008,0.8335201740264893,0.8980355262756348,0.8445225954055786,0.7980239391326904,0.5,0.8306928873062134,0.8206346035003662,0.8114644885063171,0.8346613645553589,0.831593930721283,0.8582103252410889,0.8923675417900085,0.9286898970603943,0.9051787853240967,0.8661293387413025,0.7112545967102051,0.8570493459701538,0.8695409893989563,0.8589458465576172,0.8858786821365356,0.8830854892730713,0.8670827150344849,0.8690033555030823,0.8075636625289917,0.8222841024398804,0.8533087968826294,0.8980239033699036,4.852393865585327,0.8541259765625,0.8533087968826294
116,0.4322004020214081,0.9129472374916077,0.9255436658859253,0.9370964765548706,0.9247926473617554,0.9156371355056763,0.9046653509140015,0.9138693809509277,0.9130434989929199,0.9444751739501953,0.9407154321670532,0.894518256187439,0.8908268809318542,0.8744001388549805,0.8446332812309265,0.8459409475326538,0.9038355350494385,0.8277521133422852,0.7804608345031738,0.8401830792427063,0.8844859600067139,0.8346666693687439,0.8132025003433228,0.5,0.8294352293014526,0.8184580206871033,0.821326494216919,0.836374044418335,0.8367618918418884,0.8632005453109741,0.8998889923095703,0.9378916025161743,0.9056673049926758,0.8662102222442627,0.7011801600456238,0.8824298977851868,0.8558943867683411,0.8669886589050293,0.8837230801582336,0.8833426237106323,0.8633153438568115,0.8878461122512817,0.7977141737937927,0.8221850395202637,0.866911768913269,0.8989430069923401,4.932766437530518,0.8617820143699646,0.866911768913269

117,0.43774574995040894,0.9146634340286255,0.9244604110717773,0.9380996227264404,0.9223533868789673,0.9146363735198975,0.9045337438583374,0.9157448410987854,0.9158370494842529,0.9415512084960938,0.9405465126037598,0.8905385732650757,0.9010675549507141,0.8767514824867249,0.8502308130264282,0.8450821042060852,0.9067343473434448,0.8320978879928589,0.7746868133544922,0.8457297682762146,0.8869972229003906,0.843565821647644,0.8091238737106323,0.5,0.8216128349304199,0.8114193677902222,0.8117031455039978,0.8417757749557495,0.8329521417617798,0.8681105971336365,0.8987798094749451,0.9380645155906677,0.9081519842147827,0.8534914255142212,0.7138643264770508,0.8652075529098511,0.857793927192688,0.8588454723358154,0.8845653533935547,0.8837577104568481,0.863796591758728,0.8787569999694824,0.8057100772857666,0.8117570877075195,0.8536764979362488,0.8969209790229797,5.318477392196655,0.8388678431510925,0.8536764979362488
118,0.4442378878593445,0.9178044199943542,0.9295982122421265,0.9401180744171143,0.9227859973907471,0.9175733327865601,0.9157593250274658,0.9209603071212769,0.9149446487426758,0.9409811496734619,0.9387209415435791,0.8955183029174805,0.906319260597229,0.8925544023513794,0.85774827003479,0.8513289093971252,0.9001845121383667,0.8348454236984253,0.7809909582138062,0.8503255844116211,0.8960285186767578,0.8294485807418823,0.8134171962738037,0.5,0.8300076127052307,0.8070291876792908,0.8181213140487671,0.8218916654586792,0.8265461325645447,0.8631325960159302,0.8941667079925537,0.9351116418838501,0.9067515134811401,0.8558492064476013,0.7164729833602905,0.8868736028671265,0.8592585325241089,0.8553120493888855,0.8633147478103638,0.8780419826507568,0.8686118125915527,0.881045401096344,0.7909141778945923,0.8049052357673645,0.8527573347091675,0.8963465094566345,4.958637952804565,0.8423649072647095,0.8527573347091675
119,0.45089617371559143,0.9128067493438721,0.9296138882637024,0.9373500347137451,0.9163280725479126,0.914899468421936,0.9078996181488037,0.9130234718322754,0.9062903523445129,0.935204029083252,0.9409920573234558,0.882244348526001,0.9014396667480469,0.8886736631393433,0.8627215623855591,0.8480392098426819,0.9005341529846191,0.8343518376350403,0.7788639068603516,0.8637382984161377,0.8945210576057434,0.8529523611068726,0.8143860101699829,0.5,0.8335556387901306,0.8097193241119385,0.8188130259513855,0.8288973569869995,0.8266475200653076,0.8641314506530762,0.8902280330657959,0.9384444952011108,0.9068374633789062,0.8604263067245483,0.7182773947715759,0.8635939359664917,0.8595954179763794,0.8678737282752991,0.8707330822944641,0.8875069618225098,0.877318263053894,0.8804428577423096,0.8015252947807312,0.8203270435333252,0.8610293865203857,0.8969439268112183,4.884268522262573,0.8492404818534851,0.8610293865203857
120,0.43182238936424255,0.9213244915008545,0.9218490123748779,0.9400700330734253,0.9143620729446411,0.9233677387237549,0.904687225818634,0.9120848774909973,0.9154229164123535,0.938826322555542,0.9384218454360962,0.8902326822280884,0.8931868672370911,0.880258321762085,0.8523062467575073,0.8399668335914612,0.9040766954421997,0.8299981355667114,0.7659730911254883,0.8520007133483887,0.9017006158828735,0.8485508561134338,0.8282022476196289,0.5,0.8437974452972412,0.8138762712478638,0.81568443775177,0.8544471859931946,0.8254995346069336,0.843611478805542,0.8863341808319092,0.9332226514816284,0.9044280052185059,0.8508707284927368,0.7089483737945557,0.874695897102356,0.8733965158462524,0.873234212398529,0.877602219581604,0.8918541669845581,0.870907723903656,0.878616452217102,0.8040037155151367,0.8107030391693115,0.8569852709770203,0.8991727828979492,5.000417232513428,0.8463266491889954,0.8569852709770203

121,0.45600324869155884,0.9166205525398254,0.9196823835372925,0.9352518320083618,0.9069938659667969,0.9172661900520325,0.9072706699371338,0.917281448841095,0.9208148717880249,0.936428964138031,0.9380180835723877,0.8867785334587097,0.8836866617202759,0.8768690824508667,0.8601992130279541,0.8481550216674805,0.9063307046890259,0.8329931497573853,0.7761098146438599,0.8477773666381836,0.900037407875061,0.8388878107070923,0.8145544528961182,0.5,0.8246703743934631,0.8096639513969421,0.819542407989502,0.8372955322265625,0.8401670455932617,0.8590783476829529,0.8965006470680237,0.9341328144073486,0.9084780216217041,0.8533333539962769,0.6927832961082458,0.867979109287262,0.876835823059082,0.872909665107727,0.8963086605072021,0.8866419196128845,0.8697868585586548,0.8903346061706543,0.813092827796936,0.8198181390762329,0.8461397290229797,0.8954503536224365,5.021404981613159,0.8330966234207153,0.8461397290229797
122,0.43963438272476196,0.9297033548355103,0.920125424861908,0.9387792348861694,0.9144991636276245,0.9217367172241211,0.8988205194473267,0.912758469581604,0.9152213931083679,0.9437580704689026,0.9417511224746704,0.8850129246711731,0.89881831407547,0.8824561834335327,0.8576561212539673,0.8467206954956055,0.8979874849319458,0.8221749663352966,0.7619837522506714,0.84190833568573,0.8843703269958496,0.8454752564430237,0.8145161271095276,0.5,0.8312071561813354,0.8153934478759766,0.8237696886062622,0.8411887288093567,0.8427404165267944,0.857011079788208,0.898613691329956,0.9369918704032898,0.9055176377296448,0.8361110687255859,0.6961055994033813,0.8594129681587219,0.8651089072227478,0.8620885014533997,0.887453556060791,0.8954890966415405,0.8662142157554626,0.8791055679321289,0.8111998438835144,0.8224759101867676,0.8477941155433655,0.8974264860153198,4.901473522186279,0.8344284296035767,0.8477941155433655
123,0.43761587142944336,0.9224741458892822,0.9224312901496887,0.9389185905456543,0.9072127342224121,0.913083553314209,0.9028803110122681,0.916804850101471,0.9163596034049988,0.9361957311630249,0.9358501434326172,0.885005533695221,0.884487509727478,0.8748385906219482,0.867250919342041,0.8502861261367798,0.8989479541778564,0.8211510181427002,0.7639528512954712,0.8402427434921265,0.8918918967247009,0.827664852142334,0.8114676475524902,0.5,0.829007625579834,0.8114503622055054,0.8297122120857239,0.8300703167915344,0.8364708423614502,0.8503966331481934,0.8982956409454346,0.9305990934371948,0.90848708152771,0.8532739877700806,0.7005717754364014,0.8745797872543335,0.8688219785690308,0.8617734909057617,0.8914656639099121,0.8915998935699463,0.8691936135292053,0.8863425254821777,0.8068625926971436,0.8073701858520508,0.8527573347091675,0.8986443281173706,5.171940803527832,0.8479703068733215,0.8527573347091675
124,0.440970242023468,0.9222180843353271,0.920785665512085,0.9385835528373718,0.9083440899848938,0.9068908095359802,0.9054900407791138,0.9066481590270996,0.9155137538909912,0.9353440403938293,0.9369460940361023,0.8926267623901367,0.8974169492721558,0.8840339183807373,0.870869517326355,0.8479505181312561,0.894868016242981,0.827129602432251,0.7658554315567017,0.8426966667175293,0.8910965323448181,0.8413543701171875,0.8143210411071777,0.5,0.8187524080276489,0.8036559820175171,0.8277398347854614,0.8172656297683716,0.8255614638328552,0.8564035892486572,0.8934516906738281,0.9350073933601379,0.9152995347976685,0.8438771963119507,0.7016069293022156,0.8616305589675903,0.8663753271102905,0.8470544815063477,0.8897249698638916,0.8863552212715149,0.8679613471031189,0.888123631477356,0.8043761253356934,0.8200557231903076,0.8490808606147766,0.8980468511581421,5.090721130371094,0.8401857614517212,0.8490808606147766
125,0.44611862301826477,0.92099928855896,0.9269507527351379,0.9404169321060181,0.9111684560775757,0.9125299453735352,0.906509280204773,0.9048983454704285,0.9105398654937744,0.9404236078262329,0.9347585439682007,0.8895864486694336,0.9030236005783081,0.8819406032562256,0.8563780784606934,0.8448179960250854,0.8994098901748657,0.8215478658676147,0.7603610157966614,0.8510658144950867,0.8837490677833557,0.8501331210136414,0.819088339805603,0.5,0.8164315223693848,0.8066692352294922,0.8237588405609131,0.8484647274017334,0.8386423587799072,0.8471044301986694,0.8992606401443481,0.9313364028930664,0.9057997465133667,0.8492960333824158,0.6969529390335083,0.8574775457382202,0.8552680611610413,0.8639582395553589,0.884615421295166,0.894384503364563,0.8692178726196289,0.8814442157745361,0.8061943650245667,0.8191449642181396,0.8477941155433655,0.8984144926071167,5.120944023132324,0.8418251276016235,0.8477941155433655
126,0.4443226158618927,0.917281448841095,0.9199557304382324,0.9394358396530151,0.9159438610076904,0.9084701538085938,0.9090741276741028,0.9016999006271362,0.9130715131759644,0.9448854923248291,0.9401953220367432,0.889032244682312,0.9096518754959106,0.8885714411735535,0.8606859445571899,0.8469199538230896,0.9030621647834778,0.8239866495132446,0.7650691270828247,0.86102294921875,0.9050372838973999,0.8272624015808105,0.8202129602432251,0.5,0.8218226432800293,0.8045012354850769,0.8159445524215698,0.8350417613983154,0.8270805478096008,0.8513014316558838,0.8968356847763062,0.9376153945922852,0.9054552316665649,0.8443518877029419,0.6945059299468994,0.8643940687179565,0.8606983423233032,0.8502609133720398,0.8736059665679932,0.8876602649688721,0.8564918041229248,0.8797279596328735,0.7999441623687744,0.8172969818115234,0.8430147171020508,0.8977252244949341,4.942800998687744,0.8436786532402039,0.8430147171020508
127,0.44165101647377014,0.9212809205055237,0.932400107383728,0.9410625696182251,0.9177261590957642,0.9096530079841614,0.9131957292556763,0.8947757482528687,0.9132803678512573,0.9414256811141968,0.9400922060012817,0.8977293968200684,0.9102895259857178,0.8943583965301514,0.86824631690979,0.8554571866989136,0.9052806496620178,0.828194260597229,0.7708525061607361,0.8539021611213684,0.8958722352981567,0.8312392830848694,0.8018472790718079,0.5,0.8275599479675293,0.8011049628257751,0.8120015263557434,0.8302481174468994,0.8137516975402832,0.8498063683509827,0.8923347592353821,0.932305097579956,0.9147894978523254,0.8536111116409302,0.6915207505226135,0.8512250185012817,0.8713009357452393,0.8582574725151062,0.8770400285720825,0.8791086673736572,0.8753493428230286,0.8779784440994263,0.791387677192688,0.8210163712501526,0.8520220518112183,0.8970588445663452,4.966233491897583,0.8442804217338562,0.8520220518112183
128,0.4376484453678131,0.9149289131164551,0.9285714626312256,0.9309198260307312,0.9144518375396729,0.9023805260658264,0.9214404225349426,0.904832124710083,0.9071613550186157,0.9401401877403259,0.9388715028762817,0.888365626335144,0.904814600944519,0.8882222771644592,0.8627071380615234,0.8569979667663574,0.904168963432312,0.8356151580810547,0.7826367020606995,0.8474481105804443,0.8916012048721313,0.8253620862960815,0.8013308048248291,0.5,0.8180265426635742,0.8034358024597168,0.8077801465988159,0.8194126486778259,0.8146699666976929,0.8667035102844238,0.8987963199615479,0.9328165054321289,0.9102659225463867,0.8549879789352417,0.7137981653213501,0.8878504633903503,0.8617417216300964,0.866580069065094,0.8902937769889832,0.8809523582458496,0.8558549880981445,0.8829530477523804,0.8034418821334839,0.8032665252685547,0.8529411554336548,0.8973575830459595,4.967830657958984,0.8426360487937927,0.8529411554336548
129,0.4316747188568115,0.9063424468040466,0.9131438136100769,0.9302325248718262,0.9113632440567017,0.9035055637359619,0.9161742925643921,0.9144384860992432,0.9121496677398682,0.9340040683746338,0.9313273429870605,0.8814090490341187,0.8989303112030029,0.8755764961242676,0.8625785112380981,0.8537865877151489,0.906123161315918,0.8297182321548462,0.77830970287323,0.8552459478378296,0.8821160793304443,0.8386790752410889,0.8248050212860107,0.5,0.8333649039268494,0.8181818127632141,0.8223495483398438,0.8278844356536865,0.8248957395553589,0.8601107597351074,0.8939422369003296,0.9366118907928467,0.8993170857429504,0.8504915237426758,0.713482141494751,0.8824188113212585,0.8574081063270569,0.8660780787467957,0.8771587610244751,0.8776230216026306,0.8539402484893799,0.8878878355026245,0.8030443787574768,0.8154318332672119,0.8623161911964417,0.9000229835510254,5.104754209518433,0.8646365404129028,0.8623161911964417
130,0.44749218225479126,0.897398054599762,0.9191704988479614,0.9358761310577393,0.9060885906219482,0.9103416204452515,0.9024525284767151,0.903842568397522,0.9140985012054443,0.9355878829956055,0.932337760925293,0.8841755390167236,0.9012562036514282,0.8819841146469116,0.8612391948699951,0.8573800325393677,0.9070518612861633,0.8275351524353027,0.7914443016052246,0.8489894866943359,0.8795462846755981,0.8477104306221008,0.8125238418579102,0.5,0.8243707418441772,0.7931199073791504,0.8060623407363892,0.8158395290374756,0.8305808305740356,0.8745155930519104,0.888672947883606,0.936923623085022,0.9030414819717407,0.8539044857025146,0.7159069776535034,0.8736222982406616,0.870808482170105,0.8564116954803467,0.8754867315292358,0.8812395334243774,0.8683525323867798,0.8860219120979309,0.8095459938049316,0.809745192527771,0.8415440917015076,0.8988970518112183,5.043940305709839,0.852216899394989,0.8415440917015076

131,0.45673877000808716,0.8987084627151489,0.9243038892745972,0.9364273548126221,0.8966408371925354,0.9041298031806946,0.902376115322113,0.9020694494247437,0.9066187143325806,0.9361623525619507,0.929942786693573,0.8837703466415405,0.8912481665611267,0.8779789209365845,0.8467234373092651,0.8584086894989014,0.9047355651855469,0.831944465637207,0.7864899635314941,0.8496184349060059,0.8839101791381836,0.8393738269805908,0.8212790489196777,0.5,0.8342819213867188,0.8037142753601074,0.8117366433143616,0.8213676810264587,0.8247344493865967,0.856958270072937,0.8945565223693848,0.9336225986480713,0.9163284301757812,0.8440630435943604,0.7151817083358765,0.88444983959198,0.8707697987556458,0.8554977774620056,0.8833364248275757,0.8844150900840759,0.8611317276954651,0.8811559081077576,0.8069113492965698,0.8169576525688171,0.8503676652908325,0.8995863795280457,5.031161069869995,0.8393320441246033,0.8503676652908325
132,0.448983371257782,0.898561418056488,0.9155579805374146,0.9307451248168945,0.9015319347381592,0.9052680134773254,0.9034342765808105,0.8918993473052979,0.9030678272247314,0.932300329208374,0.9206730723381042,0.8762686848640442,0.8903249502182007,0.8764760494232178,0.8374538421630859,0.8445758819580078,0.9069874286651611,0.8405475616455078,0.7971081137657166,0.8557009696960449,0.893210232257843,0.8249428272247314,0.8129516839981079,0.5,0.8339961767196655,0.805513322353363,0.8178544044494629,0.8536052703857422,0.8310233354568481,0.8551393151283264,0.8907641172409058,0.9308912754058838,0.9198043346405029,0.857962965965271,0.7056376934051514,0.8761895895004272,0.8623349666595459,0.8670815229415894,0.878227710723877,0.8802423477172852,0.8693995475769043,0.874720573425293,0.809585690498352,0.8272659778594971,0.8520220518112183,0.8974494338035583,5.151447534561157,0.8444320559501648,0.8520220518112183
133,0.4249935746192932,0.919215202331543,0.910358190536499,0.9403796195983887,0.8959063291549683,0.907448410987854,0.9013824462890625,0.9020295143127441,0.9081350564956665,0.9388960599899292,0.9172362685203552,0.871884822845459,0.8992255330085754,0.8821520805358887,0.8428492546081543,0.8475812673568726,0.90960294008255,0.8348445892333984,0.7854776382446289,0.85853111743927,0.8899382948875427,0.8246346712112427,0.8060542345046997,0.5,0.8279078602790833,0.7868868112564087,0.8052752017974854,0.8331431746482849,0.8320966958999634,0.850434422492981,0.8957140445709229,0.9355165958404541,0.9208148717880249,0.8634597659111023,0.6871885061264038,0.8758891820907593,0.8749303817749023,0.8642697930335999,0.8757209181785583,0.8870009183883667,0.8766499757766724,0.8890639543533325,0.8233215808868408,0.8389074802398682,0.8591911792755127,0.8997472524642944,4.922020673751831,0.8473836779594421,0.8591911792755127
134,0.43040841817855835,0.9189263582229614,0.9121284484863281,0.9388056993484497,0.907448410987854,0.9081594944000244,0.9108491539955139,0.907957911491394,0.9107010960578918,0.9354808926582336,0.9112650156021118,0.8814138174057007,0.8960176706314087,0.8766845464706421,0.840498149394989,0.8456140756607056,0.9062211513519287,0.8343819379806519,0.789580225944519,0.8555784225463867,0.8965259790420532,0.8383694291114807,0.8099809885025024,0.5,0.8278485536575317,0.7970061302185059,0.7997156381607056,0.8183545470237732,0.8233004212379456,0.8483312129974365,0.8939085006713867,0.9324299097061157,0.9195572137832642,0.8540430068969727,0.6937419176101685,0.8689719438552856,0.8633829355239868,0.859813928604126,0.8738831281661987,0.8787059783935547,0.8660167455673218,0.8834635019302368,0.819016695022583,0.8213157653808594,0.8584558963775635,0.9007812738418579,5.063099384307861,0.8583038449287415,0.8584558963775635
135,0.44544175267219543,0.9127027988433838,0.920261800289154,0.9268068075180054,0.904168963432312,0.8983379602432251,0.9038674831390381,0.9122095108032227,0.914699375629425,0.9352073669433594,0.9244604110717773,0.8778802156448364,0.9102398157119751,0.8818701505661011,0.8486999869346619,0.8418669104576111,0.9117484092712402,0.8320674300193787,0.7967396974563599,0.8321783542633057,0.8905752301216125,0.8380816578865051,0.8124880790710449,0.5,0.8198257684707642,0.8043891191482544,0.8033739924430847,0.8327638506889343,0.8258587718009949,0.8612034320831299,0.9026311039924622,0.932459831237793,0.9262672662734985,0.845725953578949,0.705622136592865,0.8626312017440796,0.8623538017272949,0.8551262617111206,0.8655704259872437,0.8826930522918701,0.861353874206543,0.8690719604492188,0.8222387433052063,0.8090368509292603,0.8448529243469238,0.8976332545280457,4.9405436515808105,0.8373166918754578,0.8448529243469238
136,0.4254492223262787,0.9088056087493896,0.923764705657959,0.9251568913459778,0.8994650840759277,0.8967491388320923,0.8874862194061279,0.9096607565879822,0.9093594551086426,0.9321454763412476,0.9226651787757874,0.8717026710510254,0.893779993057251,0.8735228776931763,0.855127215385437,0.8391802310943604,0.9105234146118164,0.8284258842468262,0.7865954637527466,0.8480328321456909,0.8960322141647339,0.8344433903694153,0.8245913982391357,0.5,0.8189080953598022,0.802513837814331,0.8045463562011719,0.8130600452423096,0.8282818794250488,0.8652358055114746,0.9004998207092285,0.9327118396759033,0.9214457273483276,0.8585970401763916,0.715275228023529,0.8691903948783875,0.8678139448165894,0.8693509101867676,0.880070686340332,0.8724234104156494,0.86887526512146,0.8752325773239136,0.8146736025810242,0.819694995880127,0.8569852709770203,0.900827169418335,4.9813196659088135,0.8529747128486633,0.8569852709770203

