epoch,loss,SignClass_A_balanced_accuracy,SignClass_B_balanced_accuracy,SignClass_C_balanced_accuracy,SignClass_D_balanced_accuracy,accuracy,balanced_accuracy,balanced_accuracy_A13,balanced_accuracy_A14,balanced_accuracy_A15b,balanced_accuracy_A16,balanced_accuracy_A17a,balanced_accuracy_A19a,balanced_accuracy_A1a,balanced_accuracy_A1b,balanced_accuracy_A1c,balanced_accuracy_A32,balanced_accuracy_A33,balanced_accuracy_A34,balanced_accuracy_A4b2,balanced_accuracy_A7a,balanced_accuracy_A9,balanced_accuracy_B1,balanced_accuracy_B2a,balanced_accuracy_B3,balanced_accuracy_C13aa,balanced_accuracy_C13bb,balanced_accuracy_C14_100,balanced_accuracy_C14_120,balanced_accuracy_C14_20,balanced_accuracy_C14_30,balanced_accuracy_C14_50,balanced_accuracy_C14_60,balanced_accuracy_C14_70,balanced_accuracy_C14_80,balanced_accuracy_C17a,balanced_accuracy_C17b_80,balanced_accuracy_C17c,balanced_accuracy_C17d,balanced_accuracy_C1a,balanced_accuracy_C2,balanced_accuracy_C3e3,balanced_accuracy_D1a1,balanced_accuracy_D1a4,balanced_accuracy_D1a5,balanced_accuracy_D1a6,balanced_accuracy_D1a7,balanced_accuracy_D2a1,balanced_accuracy_D2a2,balanced_accuracy_D3,balanced_accuracy_invalid,epoch_elapsed,f1,recall
0,3.2049105167388916,0.5,0.5,0.5,0.5,0.2911764681339264,0.6164222955703735,0.5,0.5,0.5,0.5,0.5,0.5,0.5,0.5,0.5,0.5,0.5,0.5,0.5,0.5,0.5,0.5,0.5,0.5,0.5,0.5,0.5,0.5,0.5,0.4999047517776489,0.5,0.5,0.5,0.5,0.5,0.5,0.5,0.5,0.5,0.5,0.5,0.5,0.5,0.5,0.5,0.5,0.5,0.5,0.5,0.5542938709259033,6.798880338668823,0.014271351508796215,0.2911764681339264
1,2.1044657230377197,0.5,0.5,0.5,0.5,0.4961397051811218,0.7422109842300415,0.5,0.5,0.5,0.5,0.5,0.5,0.5,0.5,0.5,0.5,0.5,0.5,0.5,0.5,0.5,0.5,0.5,0.5,0.5,0.5,0.5,0.5,0.5,0.5,0.5,0.5,0.5,0.5,0.5,0.5,0.5,0.5,0.5,0.5,0.5,0.5,0.5,0.5,0.5,0.5,0.5,0.5,0.5,0.5,6.753396034240723,0.015073328278958797,0.4961397051811218

2,2.0429952144622803,0.5,0.5,0.5,0.5,0.4886029362678528,0.735433042049408,0.5,0.5,0.5,0.5,0.5,0.5,0.5,0.5,0.5,0.5,0.5,0.5,0.5,0.5,0.5,0.5,0.5,0.5,0.5,0.5,0.5,0.49744415283203125,0.5,0.4326721429824829,0.5,0.43930691480636597,0.5,0.5,0.5,0.5,0.5,0.5,0.5,0.5,0.5,0.5,0.5,0.5,0.5,0.5,0.5,0.5,0.5,0.5,6.607827186584473,0.014919509179890156,0.4886029362678528
3,1.9465054273605347,0.5018266439437866,0.5,0.5,0.5,0.49687498807907104,0.7351957559585571,0.5,0.5,0.5,0.5,0.5,0.5,0.5,0.5,0.5,0.5,0.5,0.5,0.5,0.5,0.5,0.5,0.5,0.5,0.5,0.5,0.5,0.40163466334342957,0.5,0.37174615263938904,0.5,0.3973774313926697,0.5,0.5,0.5,0.5,0.5,0.5,0.5,0.5,0.5,0.5,0.5,0.5,0.5,0.5,0.5,0.5,0.5,0.5012787580490112,6.704539775848389,0.015088250860571861,0.49687498807907104
4,1.8065377473831177,0.07120266556739807,0.5,0.5,0.5,0.5102941393852234,0.7409883737564087,0.5,0.5,0.5,0.5,0.5,0.5,0.5,0.5,0.5,0.5,0.5,0.5,0.5,0.5,0.5,0.5,0.5,0.5,0.5,0.5,0.5,0.3673369884490967,0.5,0.32539233565330505,0.5,0.34565672278404236,0.5,0.5,0.5,0.5,0.5,0.5,0.5,0.5,0.5,0.5,0.5,0.5,0.5,0.5,0.5,0.5,0.5,0.5193318128585815,6.634028196334839,0.015406816266477108,0.5102941393852234

5,1.7654780149459839,0.00867338478565216,0.5,0.5,0.5,0.4948529303073883,0.7701457738876343,0.5,0.5,0.5,0.5,0.5,0.5,0.5,0.5,0.5,0.5,0.5,0.5,0.5,0.5,0.5,0.5,0.5,0.5,0.5,0.5,0.3499431610107422,0.6624070405960083,0.4917353689670563,0.6860952377319336,0.5,0.6097486615180969,0.5,0.5,0.5,0.5,0.5,0.5,0.5,0.5,0.5,0.5,0.5,0.5,0.5,0.5,0.5,0.5,0.5,0.5576414465904236,6.667038440704346,0.015498878434300423,0.4948529303073883
6,1.7206385135650635,0.015778109431266785,0.9205362796783447,0.5,0.5,0.4849264621734619,0.7858712673187256,0.5,0.5,0.5,0.5,0.5,0.5,0.5,0.5,0.5,0.5,0.5,0.5,0.5,0.5,0.5,0.5,0.5,0.5,0.5,0.5,0.4758797585964203,0.6310549378395081,0.6024738550186157,0.6419471502304077,0.5570032000541687,0.6306048631668091,0.5072457790374756,0.5116770267486572,0.5,0.5,0.5,0.5,0.5,0.5,0.5,0.5,0.5,0.5,0.5,0.5,0.5,0.5,0.5,0.6117686033248901,6.635009288787842,0.017363885417580605,0.4849264621734619
7,1.6197798252105713,0.016961773857474327,0.8897209167480469,0.5,0.5,0.4902573525905609,0.813827395439148,0.5,0.6083446145057678,0.5,0.5,0.5,0.5796607136726379,0.6241167783737183,0.5,0.7160573601722717,0.49907800555229187,0.7485933899879456,0.5,0.6123916506767273,0.5503257513046265,0.5,0.5,0.5333333611488342,0.5,0.5,0.5,0.620034396648407,0.6341719031333923,0.6200113296508789,0.6311678290367126,0.5939047336578369,0.635060727596283,0.594989001750946,0.891150951385498,0.5,0.5,0.5,0.5,0.5,0.5,0.5,0.5,0.5,0.5,0.5,0.5,0.5,0.5,0.5,0.6655148267745972,6.556205749511719,0.022574519738554955,0.4902573525905609
8,1.4991726875305176,0.03726913034915924,0.9253400564193726,0.5,0.5,0.523161768913269,0.8308097124099731,0.5,0.9758347272872925,0.4964035451412201,0.6276888251304626,0.49548137187957764,0.9779398441314697,0.7619003653526306,0.5,0.947415828704834,0.6619635820388794,0.9746122360229492,0.5,0.9592466354370117,0.49917080998420715,0.62676602602005,0.49668020009994507,0.971542477607727,0.5,0.6469249129295349,0.5,0.6111004948616028,0.6427894830703735,0.6252379417419434,0.634644627571106,0.6051681637763977,0.6357918977737427,0.5920112133026123,0.9317619800567627,0.5,0.5,0.5,0.5,0.5,0.5,0.6390970349311829,0.5,0.5,0.5,0.5,0.5,0.5,0.5,0.5,0.6907240748405457,6.868989706039429,0.04441294074058533,0.523161768913269

9,1.3921722173690796,0.03782622888684273,0.8146858811378479,0.5,0.5,0.5556985139846802,0.845507025718689,0.4918714165687561,0.9782367944717407,0.9091951847076416,0.9197747707366943,0.5188052654266357,0.6144988536834717,0.7498003244400024,0.4906843900680542,0.5488659739494324,0.7549490928649902,0.9771344661712646,0.48754382133483887,0.9771133661270142,0.5650076866149902,0.9369152784347534,0.5651543736457825,0.9828798770904541,0.5,0.9487179517745972,0.7061537504196167,0.6293070912361145,0.6459603309631348,0.6345316767692566,0.6389259099960327,0.621171772480011,0.6415634155273438,0.6243146061897278,0.8822243213653564,0.5,0.5,0.5,0.5,0.5,0.5,0.9412974119186401,0.5,0.5,0.7294487953186035,0.4992552697658539,0.5,0.5,0.5,0.5,0.7096909284591675,6.62896990776062,0.06473270803689957,0.5556985139846802

10,1.3015954494476318,0.13650643825531006,0.6893303990364075,0.5,0.5,0.554411768913269,0.8638252019882202,0.4937327206134796,0.9819221496582031,0.8185786008834839,0.9768279194831848,0.49345260858535767,0.9785581827163696,0.6782143115997314,0.49649640917778015,0.4974217414855957,0.6229186058044434,0.9773525595664978,0.4917081296443939,0.9760849475860596,0.4960339367389679,0.8845552206039429,0.6207624077796936,0.9987046718597412,0.5,0.939368486404419,0.9396035671234131,0.6553887128829956,0.6683489084243774,0.6620978116989136,0.6555957198143005,0.6411252021789551,0.6642475128173828,0.6043984293937683,0.8872400522232056,0.5,0.5,0.5,0.5,0.5,0.5,0.9697704911231995,0.49962756037712097,0.5,0.9721912145614624,0.8368977308273315,0.6132611632347107,0.5,0.684586763381958,0.5,0.721236526966095,6.70024037361145,0.07655663043260574,0.554411768913269

11,1.1482106447219849,0.15651606023311615,0.6631762981414795,0.5,0.5,0.6027573347091675,0.8874658346176147,0.5,0.986164927482605,0.494372695684433,0.9829051494598389,0.49732422828674316,0.9812523126602173,0.7435641288757324,0.4941892623901367,0.49880117177963257,0.4984314441680908,0.985511302947998,0.5,0.7195364832878113,0.5,0.9669913649559021,0.49741458892822266,0.9994432926177979,0.5,0.9456419944763184,0.9401454329490662,0.7593085169792175,0.7332131862640381,0.7973899841308594,0.7091254591941833,0.6392796635627747,0.7523773312568665,0.6312987208366394,0.8621544241905212,0.5,0.5,0.5,0.5,0.4997221827507019,0.5,0.9821528792381287,0.5690565705299377,0.722559928894043,0.969167947769165,0.9691162705421448,0.9496902227401733,0.6450842022895813,0.9596184492111206,0.730302095413208,0.7578821182250977,6.593358755111694,0.12396200746297836,0.6027573347091675

12,1.0097219944000244,0.22438013553619385,0.6525075435638428,0.5,0.5,0.6792279481887817,0.9035075902938843,0.5,0.8213165998458862,0.49732324481010437,0.9927977919578552,0.49963125586509705,0.7313295006752014,0.49926266074180603,0.49787625670433044,0.5,0.5482965707778931,0.5433579087257385,0.49815258383750916,0.5,0.49981552362442017,0.6326181888580322,0.5,0.9998146891593933,0.5,0.9526837468147278,0.9515343904495239,0.8750714063644409,0.8690860867500305,0.88730788230896,0.8337755799293518,0.6485893726348877,0.881576418876648,0.6518434286117554,0.8673003911972046,0.9961247444152832,0.5392493605613708,0.5,0.5,0.4875902831554413,0.5,0.9912905097007751,0.5057035684585571,0.9479446411132812,0.971150279045105,0.9696518182754517,0.9672039747238159,0.9299449324607849,0.9675083160400391,0.7479516267776489,0.7534884214401245,6.535390138626099,0.19971498847007751,0.6792279481887817

13,0.9193326830863953,0.21668791770935059,0.6266033053398132,0.5,0.5,0.7571691274642944,0.9075196981430054,0.5,0.8130224347114563,0.49686288833618164,0.9151496887207031,0.5,0.4984314441680908,0.5348597764968872,0.5,0.5,0.5,0.4966820180416107,0.4980645179748535,0.5,0.5,0.7258690595626831,0.5,0.781773567199707,0.5,0.9631913304328918,0.9602625966072083,0.8830897808074951,0.894143283367157,0.8920972347259521,0.8568840622901917,0.6635416746139526,0.8984033465385437,0.8476815223693848,0.8892381191253662,0.9916897416114807,0.9826086759567261,0.5,0.5,0.48557159304618835,0.5,0.9848920106887817,0.574993371963501,0.9383841753005981,0.9757047891616821,0.9710628986358643,0.9668030738830566,0.8978981971740723,0.9686863422393799,0.7208586931228638,0.7590274810791016,6.573391437530518,0.28185489773750305,0.7571691274642944

14,0.8296219110488892,0.20232555270195007,0.6125912070274353,0.5,0.5,0.788786768913269,0.9113564491271973,0.5,0.9720383882522583,0.4983394742012024,0.5976958870887756,0.5,0.7596529722213745,0.592729389667511,0.5,0.49981561303138733,0.5,0.49990779161453247,0.5,0.5,0.4998154044151306,0.8513374924659729,0.4997231364250183,0.8163264989852905,0.5,0.9682480096817017,0.972576379776001,0.8856817483901978,0.9035639762878418,0.8961137533187866,0.8592711687088013,0.6943489909172058,0.9029979109764099,0.9538232088088989,0.8942601084709167,0.9858829975128174,0.9719651937484741,0.5,0.5,0.4872364103794098,0.5,0.9187002182006836,0.5195123553276062,0.9108339548110962,0.9769644737243652,0.9752135276794434,0.968367338180542,0.8871597647666931,0.9660780429840088,0.7668288946151733,0.7720825672149658,6.615831613540649,0.32513901591300964,0.788786768913269

15,0.7752958536148071,0.2293321192264557,0.6056215167045593,0.5,0.5,0.804963231086731,0.8905929327011108,0.5,0.9931771755218506,0.5396015644073486,0.8842703700065613,0.5,0.8726572394371033,0.49714338779449463,0.5,0.5,0.6371375918388367,0.642909824848175,0.5,0.5,0.49714022874832153,0.5,0.5,0.49990731477737427,0.5,0.9696601629257202,0.9739769697189331,0.8860783576965332,0.9070409536361694,0.9022901058197021,0.8631958961486816,0.7133575677871704,0.9063922166824341,0.8318341970443726,0.9018843173980713,0.9818500280380249,0.9542931318283081,0.4966777265071869,0.5,0.48005935549736023,0.4966789782047272,0.570588231086731,0.4643387794494629,0.9063373804092407,0.974387526512146,0.9761949181556702,0.9631246328353882,0.7999813556671143,0.9558412432670593,0.5238421559333801,0.7770631313323975,6.7657551765441895,0.34999215602874756,0.804963231086731

16,0.6954939961433411,0.2270025759935379,0.6046144366264343,0.5,0.5,0.8270220756530762,0.8908729553222656,0.5,0.8444108963012695,0.49935460090637207,0.8461183905601501,0.5,0.9678863286972046,0.4991702139377594,0.5,0.5,0.7318210005760193,0.49981576204299927,0.4999077320098877,0.5,0.7868109941482544,0.5388970971107483,0.5,0.5,0.5,0.9700766801834106,0.86993008852005,0.8921884298324585,0.916714072227478,0.9071577787399292,0.8797035217285156,0.8204325437545776,0.9166347980499268,0.620722770690918,0.9149563312530518,0.9808828830718994,0.956081748008728,0.4905069172382355,0.5,0.4820403754711151,0.7072380781173706,0.5,0.4909462034702301,0.921825647354126,0.9731412529945374,0.9720727205276489,0.9572943449020386,0.8383219242095947,0.9537518620491028,0.5113615393638611,0.7793551683425903,6.910115718841553,0.37876591086387634,0.8270220756530762

17,0.6299048662185669,0.23800528049468994,0.5876068472862244,0.5,0.5,0.8584558963775635,0.8840287327766418,0.5,0.9075976610183716,0.49870848655700684,0.9968646168708801,0.5,0.49963125586509705,0.4976019263267517,0.5,0.5,0.5,0.49907833337783813,0.5,0.5,0.6744598150253296,0.49695852398872375,0.5,0.5,0.5,0.9706709384918213,0.8959850668907166,0.8910146951675415,0.9167301654815674,0.9086236357688904,0.8806041479110718,0.8407407402992249,0.9209674596786499,0.5575027465820312,0.923194169998169,0.9777675271034241,0.9562118053436279,0.49022501707077026,0.5,0.4833579957485199,0.9881918430328369,0.5,0.4721500277519226,0.9250138998031616,0.9756324291229248,0.9768415093421936,0.9567075371742249,0.8871077299118042,0.9567031264305115,0.6129955649375916,0.7947077751159668,6.710692644119263,0.4200323820114136,0.8584558963775635

18,0.5780326724052429,0.2643468976020813,0.5834257006645203,0.5,0.5,0.8636029362678528,0.8854244947433472,0.5,0.8296446800231934,0.5405246019363403,0.9964028596878052,0.5,0.7344967722892761,0.49935460090637207,0.5,0.5,0.5,0.5765835642814636,0.5,0.499630868434906,0.5563341379165649,0.5248268246650696,0.6133595108985901,0.5,0.5,0.9735662341117859,0.9605417847633362,0.8952136039733887,0.9179218411445618,0.9146504402160645,0.8839183449745178,0.8929523825645447,0.9232081770896912,0.5,0.9379395246505737,0.9780968427658081,0.9596071839332581,0.4905069172382355,0.5,0.4971420466899872,0.9871699810028076,0.5,0.46941810846328735,0.9267273545265198,0.9753854870796204,0.9773023128509521,0.9601934552192688,0.9113643765449524,0.9608954191207886,0.5705699920654297,0.7938532829284668,6.6715123653411865,0.4381439685821533,0.8636029362678528
19,0.5424795746803284,0.2787662744522095,0.580542802810669,0.5,0.5,0.8729779124259949,0.8856061697006226,0.5,0.9414935111999512,0.4980616569519043,0.7852535247802734,0.5,0.49972349405288696,0.4983382523059845,0.5,0.5,0.49907782673835754,0.5166625380516052,0.5,0.49926063418388367,0.5488929748535156,0.6733053922653198,0.8970452547073364,0.5,0.5,0.9756757020950317,0.9832630157470703,0.9036281108856201,0.9257991313934326,0.9243377447128296,0.8971759080886841,0.9334535598754883,0.9300075769424438,0.5,0.9395718574523926,0.9794090390205383,0.9586264491081238,0.5095304846763611,0.5,0.6185879111289978,0.984579861164093,0.5,0.47307834029197693,0.9290628433227539,0.9761638641357422,0.9741427302360535,0.9601860046386719,0.9115092754364014,0.9609665870666504,0.5903379917144775,0.8040560483932495,6.66010594367981,0.46740442514419556,0.8729779124259949

20,0.5253404974937439,0.2704567015171051,0.5786019563674927,0.5,0.5,0.8836396932601929,0.885775089263916,0.5,0.9549214839935303,0.519866406917572,0.9960295557975769,0.5,0.6648213267326355,0.49427199363708496,0.5,0.5,0.4988935887813568,0.516821026802063,0.5,0.4986134171485901,0.696121871471405,0.6792299151420593,0.6944444179534912,0.5,0.5,0.9757989048957825,0.876575767993927,0.9014298915863037,0.923252284526825,0.922564685344696,0.8964530825614929,0.9575176239013672,0.9266401529312134,0.5,0.9443175196647644,0.9781365394592285,0.9463491439819336,0.7375507354736328,0.5,0.6791455745697021,0.9857010841369629,0.5,0.4708783030509949,0.927162766456604,0.9754737615585327,0.974428117275238,0.9573397636413574,0.9148512482643127,0.9582092761993408,0.7184709906578064,0.8027353286743164,6.684751033782959,0.5173084139823914,0.8836396932601929

21,0.461373895406723,0.27488991618156433,0.5787768363952637,0.5,0.5,0.8968750238418579,0.893121600151062,0.5,0.9734611511230469,0.5955809950828552,0.9928030967712402,0.5,0.6490553021430969,0.49732670187950134,0.5,0.5,0.6815357208251953,0.4957595765590668,0.5,0.4990774989128113,0.9158734083175659,0.7260453104972839,0.7222222089767456,0.5,0.5,0.977149248123169,0.5597690939903259,0.9008957147598267,0.9208214282989502,0.9225953221321106,0.8920432925224304,0.9584521651268005,0.9293073415756226,0.5,0.9485015273094177,0.9815328121185303,0.9490363597869873,0.9841959476470947,0.5,0.8788663148880005,0.9858856201171875,0.5,0.47910475730895996,0.9299498796463013,0.9781680107116699,0.975589394569397,0.9602230787277222,0.9466840028762817,0.9646774530410767,0.7874127626419067,0.7906249761581421,6.638202667236328,0.5337957143783569,0.8968750238418579

22,0.44996529817581177,0.2827779948711395,0.5814967751502991,0.5,0.5,0.9027573466300964,0.8882310390472412,0.5,0.9929876327514648,0.4976949989795685,0.9946504235267639,0.5,0.9239580631256104,0.49585023522377014,0.5,0.5,0.645479679107666,0.49391254782676697,0.5,0.4983394742012024,0.9714305400848389,0.6420664191246033,0.9962155818939209,0.5,0.5,0.9792871475219727,0.6146387457847595,0.9006648063659668,0.9211275577545166,0.9251946210861206,0.8969327211380005,0.9617798328399658,0.9300726056098938,0.5,0.9476876258850098,0.9811912178993225,0.9482215642929077,0.9539922475814819,0.5,0.9262036085128784,0.9851421117782593,0.5,0.47631433606147766,0.9304315447807312,0.9785435199737549,0.9768458604812622,0.960460364818573,0.9374419450759888,0.9662764668464661,0.7646647691726685,0.787401556968689,6.596660375595093,0.5711963772773743,0.9027573466300964
23,0.42123785614967346,0.29715225100517273,0.5727847814559937,0.5,0.5,0.9086397290229797,0.8884127140045166,0.5,0.9711254835128784,0.7345521450042725,0.9961283206939697,0.5,0.9959409236907959,0.4979715943336487,0.5,0.5,0.9374669790267944,0.4930722415447235,0.5,0.4999077618122101,0.7051092982292175,0.6770162582397461,0.9976019263267517,0.5,0.5,0.9791510701179504,0.510597825050354,0.899314820766449,0.9182300567626953,0.9217739105224609,0.8984941244125366,0.9590848684310913,0.9282849431037903,0.5,0.9475085735321045,0.9813308715820312,0.945350170135498,0.9610306024551392,0.5,0.9825097322463989,0.9856114983558655,0.5,0.48084789514541626,0.9280669093132019,0.9776437878608704,0.9771120548248291,0.9592537879943848,0.942450761795044,0.9656006097793579,0.7792824506759644,0.7866885662078857,6.666867971420288,0.5775344967842102,0.9086397290229797

24,0.3785243630409241,0.31463226675987244,0.5748143196105957,0.5,0.5,0.9215073585510254,0.8879979848861694,0.5,0.9968646168708801,0.49446901679039,0.9971444606781006,0.5,0.9950230121612549,0.4969540238380432,0.5,0.5,0.7819361686706543,0.4966832399368286,0.5,0.4992620050907135,0.6539454460144043,0.5792757868766785,0.9955728054046631,0.5,0.5,0.9808483123779297,0.4999064803123474,0.8989583253860474,0.9212989807128906,0.9236481189727783,0.898213267326355,0.961589515209198,0.925000011920929,0.5,0.9502383470535278,0.9816386699676514,0.9459359645843506,0.985228955745697,0.5,0.9849637746810913,0.9869052171707153,0.5,0.4757869243621826,0.9337853193283081,0.9812127947807312,0.9782044291496277,0.9646567702293396,0.9447539448738098,0.9675530195236206,0.9030245542526245,0.7924199104309082,6.731650352478027,0.6205894351005554,0.9215073585510254

25,0.35994070768356323,0.30764418840408325,0.5690419673919678,0.5,0.5,0.9275735020637512,0.8894066214561462,0.5,0.9971402287483215,0.49538999795913696,0.9967753887176514,0.5,0.9969596862792969,0.4952908456325531,0.5,0.5,0.9603233337402344,0.4954797029495239,0.5,0.4983373284339905,0.9945602416992188,0.7731671333312988,0.9955678582191467,0.5,0.5,0.9805788993835449,0.49990665912628174,0.8981218338012695,0.917560338973999,0.9235728979110718,0.8991644382476807,0.9624810218811035,0.9271072745323181,0.5,0.9471080303192139,0.9811947345733643,0.9472659826278687,0.9846111536026001,0.5,0.981683611869812,0.9865214228630066,0.5,0.4772896468639374,0.9285315275192261,0.9780832529067993,0.9767658114433289,0.968104898929596,0.9229499101638794,0.9661458730697632,0.955044686794281,0.7787684202194214,6.6638572216033936,0.628341794013977,0.9275735020637512
26,0.3660939037799835,0.3107563853263855,0.566529393196106,0.5,0.5,0.9255514740943909,0.8874700665473938,0.5,0.9957619309425354,0.49133801460266113,0.9946475028991699,0.5,0.9928953647613525,0.4966820180416107,0.5,0.5,0.991234540939331,0.4928966760635376,0.5,0.4981553256511688,0.9936382174491882,0.8971036672592163,0.9962226152420044,0.5,0.5,0.977332353591919,0.49990665912628174,0.9087625741958618,0.9275251626968384,0.9254211187362671,0.910700798034668,0.9625118970870972,0.9338529109954834,0.5,0.9537352919578552,0.979804515838623,0.9500185251235962,0.9831274151802063,0.5,0.9791473150253296,0.9846054315567017,0.5,0.47790828347206116,0.9390650987625122,0.9758094549179077,0.9755303263664246,0.9624347686767578,0.9480615854263306,0.9660212397575378,0.9296117424964905,0.7961505651473999,6.636080503463745,0.637798011302948,0.9255514740943909
27,0.34035226702690125,0.3330211341381073,0.5702335834503174,0.5,0.5,0.9316176176071167,0.8861277103424072,0.5,0.9970512390136719,0.4937281012535095,0.9976041316986084,0.5,0.9165355563163757,0.4984317421913147,0.5,0.5,0.9950138330459595,0.49594244360923767,0.5,0.49981528520584106,0.9946544170379639,0.7013645768165588,0.9952029585838318,0.5,0.5,0.9795403480529785,0.5,0.8981218338012695,0.9213483333587646,0.9212485551834106,0.9020000100135803,0.9609404802322388,0.9241071343421936,0.5,0.9489504098892212,0.9817276000976562,0.9422399401664734,0.9834132194519043,0.5,0.9803739786148071,0.9859545230865479,0.5,0.4779985249042511,0.9320838451385498,0.9759472608566284,0.9782406687736511,0.9724189043045044,0.9088858366012573,0.9630042314529419,0.9523720741271973,0.7864958047866821,6.666213035583496,0.6651558876037598,0.9316176176071167

28,0.33289533853530884,0.3323556184768677,0.5724258422851562,0.5,0.5,0.9292279481887817,0.8899068236351013,0.5,0.9948320388793945,0.49400588870048523,0.9943654537200928,0.5,0.9927175641059875,0.4950156807899475,0.5,0.5,0.8660450577735901,0.49325820803642273,0.5,0.4976941645145416,0.939805269241333,0.5685424208641052,0.9956634044647217,0.5,0.5,0.9793026447296143,0.5,0.8988925218582153,0.9191008806228638,0.9209023714065552,0.9002087116241455,0.9602737426757812,0.9292938709259033,0.5,0.9478053450584412,0.9815430045127869,0.9472320079803467,0.9837578535079956,0.5,0.9813854694366455,0.9857907295227051,0.5,0.4838229715824127,0.9253675937652588,0.9776910543441772,0.9795576930046082,0.9737673997879028,0.9354449510574341,0.9655941724777222,0.9532614946365356,0.7841988801956177,6.569777011871338,0.6684275269508362,0.9292279481887817
29,0.31209734082221985,0.38749444484710693,0.571913480758667,0.5,0.5,0.9387867450714111,0.8875235319137573,0.5,0.9946504235267639,0.48836779594421387,0.9939114451408386,0.5,0.9906723499298096,0.49520206451416016,0.5,0.49898430705070496,0.9917865991592407,0.49335792660713196,0.5,0.49907782673835754,0.9915066361427307,0.753416121006012,0.9932681322097778,0.5,0.5,0.9794929027557373,0.4996265769004822,0.8986717462539673,0.9222242832183838,0.9290217757225037,0.9097287654876709,0.9611512422561646,0.9291698336601257,0.5,0.9463605284690857,0.9810173511505127,0.9513683319091797,0.984305739402771,0.5,0.9813135862350464,0.9860700964927673,0.5,0.4836004376411438,0.9282118082046509,0.9781598448753357,0.9812092781066895,0.9782366156578064,0.93446284532547,0.9669767618179321,0.954030454158783,0.7920385599136353,7.067771673202515,0.7333744168281555,0.9387867450714111
30,0.29243314266204834,0.36500734090805054,0.5677751302719116,0.5,0.5,0.9413602948188782,0.8869998455047607,0.5,0.9239699244499207,0.49031543731689453,0.9949224591255188,0.5,0.992336094379425,0.496222585439682,0.5,0.49889257550239563,0.9917851090431213,0.49493086338043213,0.5,0.498060941696167,0.9914222359657288,0.657716691493988,0.9920663833618164,0.5,0.5,0.9789986610412598,0.49981313943862915,0.9010486602783203,0.922236979007721,0.9203809499740601,0.9039596319198608,0.9671463966369629,0.9308247566223145,0.5,0.9472137689590454,0.981928825378418,0.957730770111084,0.9845827221870422,0.5,0.9819344282150269,0.987250566482544,0.5,0.4846568703651428,0.9277209043502808,0.9778169393539429,0.9812407493591309,0.9757795333862305,0.932004451751709,0.9698042869567871,0.956768274307251,0.784565806388855,6.686007976531982,0.7359914183616638,0.9413602948188782

31,0.2749096155166626,0.3730877637863159,0.5636377930641174,0.5,0.5,0.9409926533699036,0.8922537565231323,0.5,0.777286171913147,0.49087557196617126,0.9937223196029663,0.5,0.9921615719795227,0.4964042007923126,0.5,0.4991694390773773,0.9926171898841858,0.4960383176803589,0.5,0.49787822365760803,0.9926171898841858,0.5278816223144531,0.9938248991966248,0.5,0.5,0.9767289757728577,0.5,0.9072741270065308,0.9298362731933594,0.9258558750152588,0.9096168279647827,0.977638840675354,0.9356341361999512,0.5,0.9527998566627502,0.9805243015289307,0.9565660357475281,0.981905460357666,0.5,0.9805483818054199,0.9848763942718506,0.5,0.4876865744590759,0.9387774467468262,0.9774205684661865,0.9816573858261108,0.9752558469772339,0.942955493927002,0.9685815572738647,0.9568371772766113,0.7933731079101562,6.86951470375061,0.7353946566581726,0.9409926533699036
32,0.2832809090614319,0.3935297429561615,0.5670992136001587,0.5,0.5,0.9444853067398071,0.88953697681427,0.5,0.994918704032898,0.4903988242149353,0.9934501647949219,0.5,0.9916989803314209,0.49677181243896484,0.5,0.49926117062568665,0.9917820692062378,0.49409595131874084,0.5,0.49870920181274414,0.9910549521446228,0.4911455512046814,0.9899297952651978,0.5,0.5,0.9773747324943542,0.5,0.8992956280708313,0.9232748746871948,0.9132788777351379,0.9107040762901306,0.9611733555793762,0.9275541305541992,0.5,0.9502090215682983,0.9811877608299255,0.9588888883590698,0.9812661409378052,0.5,0.9828988313674927,0.9858856201171875,0.5,0.487689733505249,0.925409197807312,0.9789689183235168,0.9816087484359741,0.9762258529663086,0.9342889189720154,0.9681107997894287,0.9566307663917542,0.783565104007721,6.789005756378174,0.750336766242981,0.9444853067398071

33,0.2733793258666992,0.3699430227279663,0.5711005330085754,0.5,0.5,0.9420955777168274,0.8900948762893677,0.5,0.9944659471511841,0.48911038041114807,0.9935305118560791,0.5,0.9914159178733826,0.4963119924068451,0.5,0.4979686141014099,0.9911455512046814,0.4944700598716736,0.5,0.4972350299358368,0.9914175271987915,0.49086883664131165,0.9899483919143677,0.5,0.5,0.9777028560638428,0.49990665912628174,0.8988174796104431,0.9200606346130371,0.9176168441772461,0.9076117873191833,0.9717963337898254,0.9315930008888245,0.5,0.9485936760902405,0.9813549518585205,0.959492027759552,0.9834162592887878,0.5,0.9820404052734375,0.9854404926300049,0.5,0.4901615083217621,0.9265252947807312,0.9782568216323853,0.9827265739440918,0.9759069681167603,0.9481508731842041,0.967292308807373,0.956073522567749,0.7859433889389038,6.606903791427612,0.751831591129303,0.9420955777168274
34,0.24143379926681519,0.3856743574142456,0.5626582503318787,0.5,0.5,0.9503676295280457,0.8931750059127808,0.5,0.995844841003418,0.48967933654785156,0.9933640956878662,0.5,0.9917820692062378,0.49686694145202637,0.5,0.4989846646785736,0.9916912913322449,0.49400588870048523,0.5,0.49880117177963257,0.9916912913322449,0.5894736647605896,0.9895737171173096,0.5,0.5,0.9776593446731567,0.49981310963630676,0.9029366970062256,0.9273902177810669,0.9204089641571045,0.9087369441986084,0.9609583616256714,0.9291509389877319,0.5,0.953525960445404,0.9830352067947388,0.9617733955383301,0.982812762260437,0.5,0.984455943107605,0.9870872497558594,0.5,0.4923091232776642,0.9273488521575928,0.9805906414985657,0.9845753908157349,0.9795576930046082,0.9443306922912598,0.968848466873169,0.958069920539856,0.788199782371521,6.488994359970093,0.7942284941673279,0.9503676295280457
35,0.2709996700286865,0.40530478954315186,0.5676572918891907,0.5,0.5,0.9465073347091675,0.8892292380332947,0.5,0.9964976906776428,0.4908638000488281,0.9947436451911926,0.5,0.9923431873321533,0.49631065130233765,0.5,0.49972349405288696,0.9924396276473999,0.49520206451416016,0.5,0.4983403980731964,0.9922580718994141,0.4919726848602295,0.992243766784668,0.5,0.5,0.9753132462501526,0.5,0.9035720825195312,0.92851722240448,0.9229087829589844,0.9082446694374084,0.9686609506607056,0.933396577835083,0.5,0.9502177238464355,0.9785054922103882,0.9615882635116577,0.9786860942840576,0.5,0.9812650680541992,0.9832531213760376,0.5,0.4899665415287018,0.9275362491607666,0.9754647016525269,0.9813849925994873,0.9740597009658813,0.9467372894287109,0.9697336554527283,0.9574507474899292,0.7708278894424438,6.826632022857666,0.7925493121147156,0.9465073347091675
36,0.245310440659523,0.4021972119808197,0.5625990629196167,0.5,0.5,0.9529411792755127,0.8855698704719543,0.5,0.9961225986480713,0.4922451972961426,0.9935472011566162,0.5,0.9939148426055908,0.4961233139038086,0.5,0.49926185607910156,0.9935495853424072,0.49473878741264343,0.5,0.49852290749549866,0.9945521354675293,0.6163347959518433,0.9918968677520752,0.5,0.5,0.9768007397651672,0.5,0.9000380039215088,0.9249237775802612,0.914488673210144,0.9071074724197388,0.9658136367797852,0.9310803413391113,0.5,0.9515823125839233,0.9811947345733643,0.9609823822975159,0.9829210042953491,0.5,0.9822918176651001,0.9866013526916504,0.5,0.4935944974422455,0.9314291477203369,0.9780709743499756,0.9846653938293457,0.9768716096878052,0.9532240033149719,0.9692909121513367,0.9579925537109375,0.7717646360397339,6.6838908195495605,0.7934110760688782,0.9529411792755127
37,0.235754132270813,0.36458835005760193,0.5688755512237549,0.5,0.5,0.9516544342041016,0.8907597064971924,0.5,0.9926145076751709,0.48845797777175903,0.9909427165985107,0.5,0.9904911518096924,0.4921543300151825,0.5,0.49907782673835754,0.9908570051193237,0.4928017854690552,0.5,0.49723348021507263,0.9904946088790894,0.5154207348823547,0.9892046451568604,0.5,0.5,0.977336585521698,0.5,0.8948266506195068,0.9217524528503418,0.9157164692878723,0.9063510298728943,0.9662342667579651,0.927810549736023,0.5,0.9486424922943115,0.9818265438079834,0.9617739915847778,0.9789668321609497,0.5,0.983900785446167,0.985709011554718,0.5,0.494991660118103,0.9250232577323914,0.97963547706604,0.9847583770751953,0.9760578870773315,0.9407914876937866,0.9698011875152588,0.9606262445449829,0.7606080770492554,6.632125616073608,0.8018375039100647,0.9516544342041016
38,0.22115051746368408,0.39983469247817993,0.5704671144485474,0.5,0.5,0.9555147290229797,0.8899773359298706,0.5,0.9954746961593628,0.4916098117828369,0.9934538006782532,0.5,0.9929071664810181,0.4948301315307617,0.5,0.4998154938220978,0.947993278503418,0.4948301315307617,0.5,0.49843230843544006,0.9933591485023499,0.5433159470558167,0.991511344909668,0.5,0.5,0.9773067235946655,0.49887704849243164,0.9016784429550171,0.9263197779655457,0.9186906814575195,0.9092803001403809,0.9646713733673096,0.9320905208587646,0.5,0.9507431387901306,0.9817511439323425,0.959229052066803,0.981635332107544,0.5,0.9836050271987915,0.9870920181274414,0.5,0.49116772413253784,0.9227340221405029,0.9796468019485474,0.9847612380981445,0.9772220253944397,0.9507907032966614,0.9667224287986755,0.9559590220451355,0.7745288610458374,6.67876410484314,0.8069217205047607,0.9555147290229797

39,0.22772523760795593,0.3652772903442383,0.5680669546127319,0.5,0.5,0.9487132430076599,0.887232780456543,0.5,0.9949262142181396,0.49106648564338684,0.9928044080734253,0.5,0.9923459887504578,0.4927014112472534,0.5,0.49944669008255005,0.9015235304832458,0.49446800351142883,0.5,0.49815431237220764,0.9927991032600403,0.5263150930404663,0.9912426471710205,0.5,0.5,0.9767593741416931,0.4996263086795807,0.8946669101715088,0.9190685153007507,0.9149179458618164,0.900266170501709,0.9785119295120239,0.9255036115646362,0.5,0.9514563083648682,0.9808294773101807,0.9618306159973145,0.9815702438354492,0.5,0.9844473600387573,0.9857985973358154,0.5,0.49002981185913086,0.9242901802062988,0.979275107383728,0.9852093458175659,0.9786086082458496,0.9515061378479004,0.9672541618347168,0.9598064422607422,0.7466704845428467,6.8104493618011475,0.7646300792694092,0.9487132430076599
40,0.22693771123886108,0.37516143918037415,0.5696993470191956,0.5,0.5,0.9551470875740051,0.8885046243667603,0.5,0.9951070547103882,0.4903208017349243,0.9923332929611206,0.5,0.9921572208404541,0.4928044378757477,0.5,0.4995393455028534,0.9921572208404541,0.49336037039756775,0.5,0.4975101351737976,0.9919741749763489,0.546055793762207,0.9896793365478516,0.5,0.5,0.9767593741416931,0.49943840503692627,0.9022649526596069,0.9259610176086426,0.920907735824585,0.910727858543396,0.9723484516143799,0.9330925941467285,0.5,0.9502952098846436,0.9795316457748413,0.9595622420310974,0.981095552444458,0.5,0.9851988554000854,0.985709011554718,0.5,0.4989795982837677,0.9285979270935059,0.9778686761856079,0.9839159250259399,0.9759248495101929,0.963867723941803,0.9659217596054077,0.9589600563049316,0.7511065006256104,6.651400327682495,0.831752359867096,0.9551470875740051

41,0.2167072296142578,0.40570276975631714,0.5634227395057678,0.5,0.5,0.953125,0.8941711187362671,0.5,0.9963113069534302,0.4904963970184326,0.995018482208252,0.5,0.9922552108764648,0.49650028347969055,0.5,0.49870800971984863,0.9921630024909973,0.4953925609588623,0.5,0.4973197877407074,0.9920722842216492,0.5896679162979126,0.99122154712677,0.5,0.5,0.9730690121650696,0.49906593561172485,0.9029467701911926,0.9305476546287537,0.9213472604751587,0.9129320383071899,0.9766159653663635,0.9330939054489136,0.5,0.9531874656677246,0.9796087741851807,0.9579240083694458,0.979424238204956,0.5,0.9852586984634399,0.9833856821060181,0.5,0.4989778995513916,0.9267657995223999,0.9751442670822144,0.9836370348930359,0.9740029573440552,0.9669206142425537,0.9651574492454529,0.9580230712890625,0.7468580007553101,6.738324403762817,0.7774901390075684,0.953125
42,0.21455751359462738,0.3893379867076874,0.560006320476532,0.5,0.5,0.9529411792755127,0.8905159831047058,0.5,0.9961268901824951,0.4898598790168762,0.9939170479774475,0.5,0.9918804168701172,0.4950193762779236,0.5,0.49898597598075867,0.9921514391899109,0.49492618441581726,0.5,0.4984329044818878,0.9918789267539978,0.6474629640579224,0.9904911518096924,0.5,0.5,0.9768354296684265,0.4996267855167389,0.9010863304138184,0.9192718267440796,0.9151319265365601,0.9079673290252686,0.9669901132583618,0.9318095445632935,0.5,0.9558461308479309,0.982251763343811,0.9653355479240417,0.9792473316192627,0.5,0.9908043742179871,0.9846111536026001,0.5,0.49813640117645264,0.9275375604629517,0.9798738956451416,0.9891142845153809,0.9799740314483643,0.9729177951812744,0.9712036848068237,0.9657738208770752,0.7236049175262451,6.6520960330963135,0.8169307708740234,0.9529411792755127
43,0.2181335836648941,0.37243375182151794,0.5648764371871948,0.5,0.5,0.9523897171020508,0.8895626664161682,0.5,0.9952882528305054,0.4896659851074219,0.9920678734779358,0.5,0.9915003776550293,0.49308499693870544,0.5,0.49889442324638367,0.9913300275802612,0.4928940534591675,0.5,0.4971391558647156,0.9919652938842773,0.48783859610557556,0.989585280418396,0.5,0.5,0.9745651483535767,0.4995330572128296,0.9001899361610413,0.9260349273681641,0.9171872138977051,0.9109419584274292,0.9669264554977417,0.9321550726890564,0.5,0.9519102573394775,0.9791204929351807,0.9592139720916748,0.9796276092529297,0.5,0.9871415495872498,0.9845827221870422,0.5,0.49451571702957153,0.925000011920929,0.9759517312049866,0.9879114627838135,0.9780014753341675,0.9681801199913025,0.9666604995727539,0.9599851369857788,0.7200497984886169,6.752019166946411,0.8088672757148743,0.9523897171020508
44,0.20243839919567108,0.4001982808113098,0.5686569213867188,0.5,0.5,0.9624999761581421,0.8885431289672852,0.5,0.996676504611969,0.4904005825519562,0.9942804574966431,0.5,0.9912426471710205,0.4940948486328125,0.5,0.4986169934272766,0.9684399366378784,0.4944639205932617,0.5,0.4973212778568268,0.9922494888305664,0.6557790637016296,0.9905799627304077,0.5,0.5,0.9758395552635193,0.49943944811820984,0.8955124616622925,0.9207525253295898,0.9119442701339722,0.9068664312362671,0.9637653827667236,0.9282584190368652,0.5,0.9475491046905518,0.9801367521286011,0.9621155858039856,0.9798855781555176,0.5,0.988701581954956,0.984308660030365,0.5,0.4935944974422455,0.9181987047195435,0.9784506559371948,0.9896878600120544,0.9805798530578613,0.9674094915390015,0.9675023555755615,0.9606167674064636,0.71208655834198,6.740861654281616,0.8625264167785645,0.9624999761581421
45,0.1898743361234665,0.37481027841567993,0.567719042301178,0.5,0.5,0.9624999761581421,0.8927133083343506,0.5,0.9955678582191467,0.4901382625102997,0.9921600818634033,0.5,0.9916067123413086,0.4917911887168884,0.5,0.49944740533828735,0.991966724395752,0.4941849708557129,0.5,0.49751150608062744,0.992331862449646,0.8511779308319092,0.9882949590682983,0.5,0.5,0.9735711812973022,0.49831774830818176,0.8965878486633301,0.9194254279136658,0.9106431007385254,0.9108608365058899,0.9631116390228271,0.9295613765716553,0.5,0.9502373933792114,0.9782046675682068,0.9608969688415527,0.9778229594230652,0.5,0.986291229724884,0.982571005821228,0.5,0.4987936019897461,0.9197657108306885,0.9760885834693909,0.9866046905517578,0.9779452681541443,0.9683897495269775,0.9686219692230225,0.9598845839500427,0.6960535049438477,6.7850565910339355,0.8623801469802856,0.9624999761581421
46,0.18177838623523712,0.3838728666305542,0.5663022994995117,0.5,0.5,0.9591912031173706,0.8904155492782593,0.5,0.9964989423751831,0.49132040143013,0.9957564473152161,0.5,0.9929928183555603,0.49401143193244934,0.5,0.4988018572330475,0.9926280975341797,0.4953030049800873,0.5,0.4978798031806946,0.9928097724914551,0.6302123665809631,0.991966724395752,0.5,0.5,0.9761770963668823,0.4990669786930084,0.8929520845413208,0.9191582202911377,0.9130600690841675,0.9066590666770935,0.9736393094062805,0.9272796511650085,0.5,0.9474437236785889,0.982825517654419,0.9595922231674194,0.9808153510093689,0.5,0.9896392226219177,0.9843317866325378,0.5,0.498698890209198,0.9068727493286133,0.9802007675170898,0.9913585186004639,0.9812268018722534,0.9674094915390015,0.968187689781189,0.9613593816757202,0.6878261566162109,6.883196592330933,0.8016632199287415,0.9591912031173706
47,0.17815151810646057,0.3978268504142761,0.5680088996887207,0.5,0.5,0.9634191393852234,0.8943485021591187,0.5,0.9969540238380432,0.4911341071128845,0.9941046237945557,0.5,0.9921586513519287,0.49326443672180176,0.5,0.49953925609588623,0.9928084015846252,0.4949215054512024,0.5,0.4988948106765747,0.9929876327514648,0.7036749124526978,0.9913284182548523,0.5,0.5,0.9772982001304626,0.4990661144256592,0.8966373801231384,0.9263780117034912,0.9104293584823608,0.9064693450927734,0.9636329412460327,0.9288837909698486,0.5,0.9474637508392334,0.9815702438354492,0.9624143838882446,0.9808294773101807,0.5,0.9893320798873901,0.9851393699645996,0.5,0.4991651177406311,0.9155832529067993,0.9789385795593262,0.9912542104721069,0.98116534948349,0.9681167602539062,0.9696096777915955,0.9614243507385254,0.6885643005371094,6.662811279296875,0.8400328755378723,0.9634191393852234
48,0.18514156341552734,0.38684654235839844,0.5678181052207947,0.5,0.5,0.9619485139846802,0.8843942880630493,0.5,0.9958463907241821,0.489654541015625,0.99317467212677,0.5,0.9909627437591553,0.49151134490966797,0.5,0.49870872497558594,0.9916036128997803,0.4943685233592987,0.5,0.4974179267883301,0.9919682741165161,0.7378273606300354,0.9895679354667664,0.5,0.5,0.9775364995002747,0.4978432059288025,0.8974407911300659,0.9172853231430054,0.9137569069862366,0.9122188091278076,0.9757143259048462,0.9265985488891602,0.5,0.9492960572242737,0.9819711446762085,0.9639289379119873,0.9789474010467529,0.5,0.9904629588127136,0.9834070801734924,0.5,0.4989759922027588,0.9087360501289368,0.9793173670768738,0.9899591207504272,0.9811932444572449,0.9684944152832031,0.9706264734268188,0.9644712209701538,0.7034558057785034,6.7741498947143555,0.8728874921798706,0.9619485139846802
49,0.17438563704490662,0.4039630889892578,0.5672787427902222,0.5,0.5,0.9643382430076599,0.8888102769851685,0.5,0.9964041709899902,0.4921615719795227,0.9955751895904541,0.5,0.9932706356048584,0.4937257766723633,0.5,0.49935460090637207,0.993820309638977,0.4953908622264862,0.5,0.4970457851886749,0.9932743310928345,0.6906912326812744,0.9916067123413086,0.5,0.5,0.9746859073638916,0.49662479758262634,0.8977208137512207,0.9214272499084473,0.9152865409851074,0.913179874420166,0.9690936803817749,0.9295734167098999,0.5,0.9465067386627197,0.9797970056533813,0.9599000215530396,0.9800811409950256,0.5,0.9889549016952515,0.9825870990753174,0.5,0.4964697062969208,0.9068727493286133,0.979220986366272,0.9913520812988281,0.9819042682647705,0.9674986004829407,0.9686744809150696,0.9629974365234375,0.6924344301223755,6.684563159942627,0.8651546239852905,0.9643382430076599
50,0.1648881435394287,0.36621013283729553,0.5666297078132629,0.5,0.5,0.9694852828979492,0.8909477591514587,0.5,0.9943758249282837,0.4902286231517792,0.9939091801643372,0.5,0.9908604025840759,0.49096107482910156,0.5,0.4986172616481781,0.9918804168701172,0.49409595131874084,0.5,0.49538829922676086,0.9918804168701172,0.9429175853729248,0.9903136491775513,0.5,0.5,0.9763418436050415,0.4973827004432678,0.8994855284690857,0.9192197918891907,0.9123258590698242,0.9105613827705383,0.9643471240997314,0.9291547536849976,0.5,0.9454872608184814,0.9796426296234131,0.9635117650032043,0.9832041263580322,0.5,0.9874907732009888,0.9856194257736206,0.5,0.4970243573188782,0.9044526815414429,0.9801713228225708,0.9909040331840515,0.9826176166534424,0.971095085144043,0.9704241156578064,0.9631048440933228,0.6925994753837585,6.704341173171997,0.8886117339134216,0.9694852828979492

51,0.17176023125648499,0.4082717001438141,0.5707494616508484,0.5,0.5,0.9643382430076599,0.8872520923614502,0.5,0.9959394931793213,0.4913284182548523,0.9951152205467224,0.5,0.991892397403717,0.49243542551994324,0.5,0.4984314441680908,0.9930824637413025,0.4952934682369232,0.5,0.49676164984703064,0.9929006099700928,0.7395027875900269,0.9914111495018005,0.5,0.5,0.9751402139663696,0.4979431629180908,0.896204948425293,0.9257001280784607,0.9120617508888245,0.9088581204414368,0.975542426109314,0.9286258816719055,0.5,0.9453749656677246,0.9803940057754517,0.9623217582702637,0.980616569519043,0.5,0.9879807829856873,0.9841299057006836,0.5,0.5,0.9025274515151978,0.9786818027496338,0.9911775588989258,0.9816122055053711,0.9716035723686218,0.970303475856781,0.9624046087265015,0.6718111038208008,6.664269924163818,0.8631652593612671,0.9643382430076599
52,0.15930764377117157,0.35866716504096985,0.5701282024383545,0.5,0.5,0.971875011920929,0.886360764503479,0.5,0.9941024780273438,0.4891023337841034,0.9939136505126953,0.5,0.9905782341957092,0.4902268052101135,0.5,0.4984317421913147,0.9923247694969177,0.49456119537353516,0.5,0.4957611560821533,0.9911455512046814,0.9257005453109741,0.9900424480438232,0.5,0.5,0.9773151874542236,0.497842401266098,0.8974456787109375,0.9272158145904541,0.9141983985900879,0.9084158539772034,0.9636088013648987,0.9284627437591553,0.5,0.9416571855545044,0.9822185039520264,0.963532030582428,0.9840611815452576,0.5,0.9890018701553345,0.9857063889503479,0.5,0.5,0.9031627774238586,0.9786681532859802,0.9909700155258179,0.9800297021865845,0.9693365693092346,0.9701783657073975,0.9646304845809937,0.6791456937789917,6.647199630737305,0.9032838344573975,0.971875011920929

53,0.15517283976078033,0.41130316257476807,0.566587507724762,0.5,0.5,0.9704043865203857,0.8882246017456055,0.5,0.9947456121444702,0.49012187123298645,0.995296061038971,0.5,0.9920707941055298,0.49142223596572876,0.5,0.4988921582698822,0.9927229285240173,0.49501386284828186,0.5,0.49621281027793884,0.9930837154388428,0.9375916123390198,0.991600513458252,0.5,0.5,0.9757490754127502,0.49860048294067383,0.8989908695220947,0.9359023571014404,0.9142693877220154,0.9102246761322021,0.9761949777603149,0.9271385669708252,0.5,0.947623610496521,0.9819188117980957,0.9653639793395996,0.9825677871704102,0.5,0.9894503355026245,0.9837638139724731,0.5,0.5,0.9043502807617188,0.9798252582550049,0.9911627769470215,0.9807050228118896,0.9685815572738647,0.9707086086273193,0.9651509523391724,0.6797033548355103,6.716265439987183,0.900351881980896,0.9704043865203857
54,0.17581361532211304,0.3837013244628906,0.5633512735366821,0.5,0.5,0.9681985378265381,0.8876817226409912,0.5,0.9922609329223633,0.48728111386299133,0.9940003752708435,0.5,0.9913172125816345,0.4907015264034271,0.5,0.4981546401977539,0.9912377595901489,0.4940991997718811,0.5,0.4950120151042938,0.9916912913322449,0.9882754683494568,0.9890282154083252,0.5,0.5,0.9714900255203247,0.4971044361591339,0.9070366024971008,0.9392992258071899,0.9149219989776611,0.9136234521865845,0.9735344648361206,0.9368941187858582,0.5,0.9464794397354126,0.9800701141357422,0.9650990962982178,0.9823670387268066,0.5,0.9882276654243469,0.9830321073532104,0.5,0.49879226088523865,0.9073351621627808,0.9779576063156128,0.9887629747390747,0.9813745617866516,0.9727764129638672,0.9701132774353027,0.9644254446029663,0.669808566570282,6.852484703063965,0.8855275511741638,0.9681985378265381
55,0.15338671207427979,0.39657118916511536,0.5651932954788208,0.5,0.5,0.9694852828979492,0.8880130052566528,0.5,0.9931809902191162,0.4882884621620178,0.9953780770301819,0.5,0.9909694194793701,0.48947951197624207,0.5,0.49870896339416504,0.9913347959518433,0.49428361654281616,0.5,0.49547886848449707,0.9915144443511963,0.8736253976821899,0.9902178049087524,0.5,0.5,0.977141261100769,0.49653947353363037,0.9024181365966797,0.9399239420890808,0.912779688835144,0.9124122262001038,0.9697775840759277,0.9338388442993164,0.5,0.9486666917800903,0.9815735816955566,0.96451735496521,0.9848763942718506,0.5,0.9888848066329956,0.9845104217529297,0.5,0.4986090362071991,0.9067544937133789,0.9804868698120117,0.991631031036377,0.982073187828064,0.967423677444458,0.9686686396598816,0.9639606475830078,0.6657504439353943,6.657081127166748,0.9021686315536499,0.9694852828979492
56,0.1632693111896515,0.37204068899154663,0.563747227191925,0.5,0.5,0.9702205657958984,0.887935996055603,0.5,0.9914301633834839,0.4874492287635803,0.9941731691360474,0.5,0.9902123808860779,0.48773062229156494,0.5,0.4964008927345276,0.9905990362167358,0.4932694137096405,0.5,0.4937315583229065,0.9912329316139221,0.9879106283187866,0.9891183972358704,0.5,0.5,0.9753178358078003,0.4964519143104553,0.8992969989776611,0.9391685724258423,0.9157634973526001,0.9095057249069214,0.969954252243042,0.929645836353302,0.5,0.9453510046005249,0.9811807870864868,0.9671357274055481,0.9845132827758789,0.5,0.9895254373550415,0.9834779500961304,0.5,0.5,0.9115791320800781,0.9789767265319824,0.9917271137237549,0.9818215370178223,0.9722685813903809,0.9722170829772949,0.9694124460220337,0.6631698608398438,6.658030033111572,0.9022704362869263,0.9702205657958984
57,0.13986000418663025,0.40877920389175415,0.5655167102813721,0.5,0.5,0.9748162031173706,0.8856297135353088,0.5,0.9940948486328125,0.5273499488830566,0.9947436451911926,0.5,0.9900369048118591,0.48781388998031616,0.5,0.4983406960964203,0.9914127588272095,0.4943695664405823,0.5,0.49548470973968506,0.9916974306106567,0.9587866067886353,0.9899390935897827,0.5,0.5,0.9753363132476807,0.4978516697883606,0.9059942960739136,0.9386765956878662,0.914636492729187,0.9115639925003052,0.9771952629089355,0.9337372183799744,0.5,0.9470789432525635,0.9798781871795654,0.966617226600647,0.984412431716919,0.5,0.9892691969871521,0.9831948280334473,0.5,0.49944186210632324,0.9070738554000854,0.9790619611740112,0.9908939003944397,0.9808905124664307,0.9695507287979126,0.970790684223175,0.9689469337463379,0.6503062844276428,6.771416664123535,0.9158126711845398,0.9748162031173706
58,0.11596808582544327,0.38567623496055603,0.5606803894042969,0.5,0.5,0.9827206134796143,0.887812077999115,0.5,0.993265688419342,0.4884643852710724,0.9940991997718811,0.5,0.991046667098999,0.48884379863739014,0.5,0.49797049164772034,0.9906809329986572,0.49270543456077576,0.5,0.49492713809013367,0.9923446178436279,0.9887495040893555,0.9902268052101135,0.5,0.5,0.9770427346229553,0.497761607170105,0.8989149332046509,0.9348903894424438,0.9049773812294006,0.9178876876831055,0.9751238822937012,0.9304397106170654,0.5,0.9522305130958557,0.9834961891174316,0.9648798704147339,0.9844932556152344,0.5,0.9912053346633911,0.9846863746643066,0.5,0.4978640377521515,0.9091671705245972,0.9827907085418701,0.9936908483505249,0.9863611459732056,0.9661332368850708,0.9691380858421326,0.9680594205856323,0.6639735698699951,6.790674209594727,0.94140625,0.9827206134796143

59,0.15075714886188507,0.37890803813934326,0.5624505877494812,0.5,0.5,0.9722426533699036,0.8867647051811218,0.5,0.9929084777832031,0.534151554107666,0.9945521354675293,0.5,0.9900350570678711,0.4874330163002014,0.5,0.49806201457977295,0.9902195930480957,0.49446597695350647,0.5,0.4947417080402374,0.9913203716278076,0.9880162477493286,0.9898449182510376,0.5,0.5,0.9752336740493774,0.4967197775840759,0.904938280582428,0.940705418586731,0.9145160913467407,0.9116027355194092,0.9770737886428833,0.937938928604126,0.5,0.9484164714813232,0.9803614616394043,0.9678075909614563,0.9844211339950562,0.5,0.991018533706665,0.9842221736907959,0.5,0.5,0.9087021350860596,0.9825148582458496,0.98997962474823,0.9822589755058289,0.9698716402053833,0.9720312356948853,0.9697026014328003,0.6723306179046631,6.980316877365112,0.9227637052536011,0.9722426533699036
60,0.1464596390724182,0.42216330766677856,0.5654035210609436,0.5,0.5,0.973713219165802,0.88444983959198,0.5,0.9927054643630981,0.5316118001937866,0.992445170879364,0.5,0.9888314604759216,0.48651644587516785,0.5,0.49778392910957336,0.9892988801002502,0.4929850399494171,0.5,0.49427303671836853,0.9921398162841797,0.9869998097419739,0.9900295734405518,0.5,0.5,0.9737876653671265,0.49719521403312683,0.9077900052070618,0.9427083730697632,0.9179784059524536,0.9178056120872498,0.9813687801361084,0.9405621290206909,0.5,0.9485154151916504,0.9820077419281006,0.9654215574264526,0.984412431716919,0.5,0.9875925779342651,0.9843317866325378,0.5,0.498041033744812,0.9118521213531494,0.9796544313430786,0.9910880327224731,0.9832495450973511,0.9704246520996094,0.9700743556022644,0.9673731327056885,0.6618984937667847,6.536928176879883,0.9364017248153687,0.973713219165802

61,0.13319824635982513,0.4344122111797333,0.5673943758010864,0.5,0.5,0.976286768913269,0.8846849203109741,0.5,0.9931734204292297,0.48976582288742065,0.9951984882354736,0.5,0.9908722043037415,0.488000750541687,0.5,0.49741697311401367,0.9896678924560547,0.4932718873023987,0.5,0.49408721923828125,0.9921673536300659,0.9893931150436401,0.9924423694610596,0.5,0.5,0.9762483835220337,0.497005432844162,0.906457781791687,0.9369747638702393,0.9109108448028564,0.9107481837272644,0.9619255661964417,0.9377495050430298,0.5,0.9448361396789551,0.9818400144577026,0.964001476764679,0.9883078336715698,0.5,0.9897279143333435,0.9862343072891235,0.5,0.4997214078903198,0.9041503667831421,0.9825925827026367,0.9917101263999939,0.980368435382843,0.9663068056106567,0.9681860208511353,0.9656261205673218,0.6448166966438293,6.705099821090698,0.9400511980056763,0.976286768913269
62,0.13485519587993622,0.3776051104068756,0.564646303653717,0.5,0.5,0.9735293984413147,0.8887632489204407,0.5,0.9941860437393188,0.4892205595970154,0.9946504235267639,0.5,0.9906826615333557,0.48799851536750793,0.5,0.49732717871665955,0.9904893636703491,0.4935483932495117,0.5,0.4939046800136566,0.9920737743377686,0.9887598752975464,0.9911471605300903,0.5,0.5,0.9775658845901489,0.4977553188800812,0.9007800817489624,0.9327707290649414,0.9123809337615967,0.9116580486297607,0.97365403175354,0.9359558820724487,0.5,0.9443496465682983,0.9818298816680908,0.9661786556243896,0.9883871078491211,0.5,0.9902849793434143,0.9854297637939453,0.5,0.5,0.9070113301277161,0.9836825132369995,0.9916263818740845,0.981426477432251,0.969620943069458,0.96988844871521,0.9692851901054382,0.625571072101593,6.8248631954193115,0.9213550090789795,0.9735293984413147
63,0.12283828109502792,0.4289701282978058,0.5666455626487732,0.5,0.5,0.982536792755127,0.8895242214202881,0.5,0.9932644367218018,0.48977336287498474,0.9943820238113403,0.5,0.9925235509872437,0.48836779594421387,0.5,0.49870944023132324,0.9895814061164856,0.5646007657051086,0.5,0.4943716526031494,0.9935472011566162,0.9902069568634033,0.9921644926071167,0.5,0.5,0.9736251831054688,0.49738219380378723,0.8977659940719604,0.9367160797119141,0.9137407541275024,0.9123878479003906,0.9771347045898438,0.9336889982223511,0.5,0.9485476016998291,0.9826823472976685,0.9678345918655396,0.9852343797683716,0.5,0.9902669191360474,0.9839276075363159,0.5,0.4992547035217285,0.9094547033309937,0.9857435822486877,0.9940586686134338,0.9846397638320923,0.968935489654541,0.9721089601516724,0.9685698747634888,0.6351304054260254,6.701337575912476,0.9486090540885925,0.982536792755127
64,0.14521357417106628,0.4035688638687134,0.5624406933784485,0.5,0.5,0.9731617569923401,0.8867946267127991,0.5,0.9926171898841858,0.4858751893043518,0.9947378039360046,0.5,0.9906758069992065,0.4875461161136627,0.5,0.4976920187473297,0.9896621704101562,0.5172508955001831,0.5,0.4937222898006439,0.9912523031234741,0.9882798194885254,0.9898542761802673,0.5,0.5,0.9742943048477173,0.49757325649261475,0.9064755439758301,0.9337235689163208,0.912894606590271,0.9151912927627563,0.9773244857788086,0.939517617225647,0.5,0.9485476016998291,0.9805314540863037,0.9672525525093079,0.9838382005691528,0.5,0.9933407306671143,0.9831087589263916,0.5,0.499068021774292,0.9021799564361572,0.9852148294448853,0.991456151008606,0.9825408458709717,0.967708945274353,0.970828652381897,0.9690405130386353,0.6295696496963501,6.6943628787994385,0.9214972257614136,0.9731617569923401
65,0.1184362843632698,0.40531814098358154,0.5658706426620483,0.5,0.5,0.9790441393852234,0.887771487236023,0.5,0.9937281012535095,0.5118147134780884,0.9952951669692993,0.5,0.9911455512046814,0.4888376295566559,0.5,0.4989854395389557,0.9896793365478516,0.49372461438179016,0.5,0.4951106905937195,0.9922609329223633,0.9896755218505859,0.9924284219741821,0.5,0.5,0.9757944345474243,0.49737975001335144,0.9057971239089966,0.9282037019729614,0.9025801420211792,0.9111153483390808,0.9736891984939575,0.9370123744010925,0.5,0.9490749835968018,0.981833279132843,0.9668763875961304,0.9841504096984863,0.5,0.9941753149032593,0.984046459197998,0.5,0.49879226088523865,0.8976575136184692,0.9878776669502258,0.9930439591407776,0.9850372076034546,0.9674336910247803,0.9694748520851135,0.9676519632339478,0.6084009408950806,6.650789499282837,0.9464886784553528,0.9790441393852234
66,0.1171192079782486,0.4312272071838379,0.5700521469116211,0.5,0.5,0.9805147051811218,0.8850162029266357,0.5,0.9931759834289551,0.5624538660049438,0.9947465658187866,0.5,0.990788459777832,0.48838067054748535,0.5,0.49806272983551025,0.9900405406951904,0.4927977919578552,0.5,0.4960346817970276,0.9934417009353638,0.9896678924560547,0.9916974306106567,0.5,0.5,0.976038932800293,0.4969153106212616,0.9003620147705078,0.9280977249145508,0.9076542258262634,0.9122673869132996,0.9705547094345093,0.936474621295929,0.5,0.9448039531707764,0.9820934534072876,0.9662474393844604,0.9845075607299805,0.5,0.9940663576126099,0.9834809899330139,0.5,0.4996279776096344,0.8974668979644775,0.986903190612793,0.9920915365219116,0.9835715293884277,0.967056393623352,0.9713914394378662,0.9687906503677368,0.6041911840438843,6.55048680305481,0.944377064704895,0.9805147051811218
67,0.1180242970585823,0.4028271436691284,0.564171552658081,0.5,0.5,0.9823529124259949,0.8893788456916809,0.5,0.9932644367218018,0.7713757157325745,0.994011402130127,0.5,0.9906843900680542,0.487638384103775,0.5,0.49953892827033997,0.9886593818664551,0.49307990074157715,0.5,0.4940926730632782,0.9928927421569824,0.9891223907470703,0.9909577369689941,0.5,0.5,0.9768093824386597,0.49701881408691406,0.9084346294403076,0.9303231835365295,0.9097908735275269,0.9115516543388367,0.9733282327651978,0.9412716627120972,0.5,0.9501996040344238,0.9843865633010864,0.9717749357223511,0.9837728142738342,0.5,0.9948205947875977,0.9844818115234375,0.5,0.49990713596343994,0.8930297493934631,0.9873700141906738,0.9932244420051575,0.9845954179763794,0.9699108600616455,0.9739670157432556,0.9704515933990479,0.6099147200584412,6.571006774902344,0.9602605104446411,0.9823529124259949
68,0.10825898498296738,0.4240744709968567,0.5641977190971375,0.5,0.5,0.9816176295280457,0.8914158344268799,0.5,0.9920663833618164,0.6033620834350586,0.9948329925537109,0.5,0.9904112219810486,0.487834095954895,0.5,0.4989848732948303,0.9872646331787109,0.4919697344303131,0.5,0.4945572018623352,0.9916989803314209,0.9890038967132568,0.990319013595581,0.5,0.5,0.9764804840087891,0.4967246949672699,0.9173325300216675,0.9290739297866821,0.9103854298591614,0.9117143154144287,0.973068118095398,0.9435146450996399,0.5,0.9508538842201233,0.9850360155105591,0.9694896340370178,0.9855059385299683,0.5,0.9921296238899231,0.9852098226547241,0.5,0.4989788234233856,0.9044662714004517,0.9895137548446655,0.991669774055481,0.9845667481422424,0.9710306525230408,0.9754601120948792,0.969383955001831,0.6175464391708374,6.6292760372161865,0.9573079943656921,0.9816176295280457
69,0.10682675987482071,0.40389490127563477,0.5636952519416809,0.5,0.5,0.9834558963775635,0.8874080777168274,0.5,0.9917851090431213,0.6173748970031738,0.9933542609214783,0.5,0.9903988242149353,0.486364483833313,0.5,0.498985230922699,0.9877442121505737,0.5152286291122437,0.5,0.4925290644168854,0.9906774759292603,0.9881787896156311,0.9905973672866821,0.5,0.5,0.9785687923431396,0.49691933393478394,0.9150674343109131,0.9324452877044678,0.9080994129180908,0.9137635231018066,0.9741984605789185,0.942924976348877,0.5,0.9486666917800903,0.9819154739379883,0.9653960466384888,0.985058069229126,0.5,0.9892672300338745,0.9856088161468506,0.5,0.49925553798675537,0.8949571847915649,0.9896935820579529,0.9910897016525269,0.9826880097389221,0.966424822807312,0.9712183475494385,0.9649350643157959,0.6095126271247864,6.765290975570679,0.9624255895614624,0.9834558963775635
70,0.12042135000228882,0.42956414818763733,0.5650071501731873,0.5,0.5,0.9816176295280457,0.8854031562805176,0.5,0.9942836165428162,0.5180678367614746,0.9946563243865967,0.5,0.9921514391899109,0.48808643221855164,0.5,0.49916914105415344,0.9885609149932861,0.526087760925293,0.5,0.49493274092674255,0.9924423694610596,0.9896678924560547,0.9910500049591064,0.5,0.5,0.9770265221595764,0.4965478777885437,0.9158594608306885,0.9305582046508789,0.9058176875114441,0.9129357933998108,0.9742052555084229,0.945724606513977,0.5,0.9506666660308838,0.9794394373893738,0.9651892781257629,0.9864341020584106,0.5,0.9906464219093323,0.9842280149459839,0.5,0.4992559552192688,0.8980501294136047,0.9872605800628662,0.9910813570022583,0.9838049411773682,0.9678199291229248,0.9708783030509949,0.9670441746711731,0.5948485136032104,6.762056827545166,0.9593998789787292,0.9816176295280457

71,0.11477848142385483,0.41378042101860046,0.561995267868042,0.5,0.5,0.9832720756530762,0.8868651390075684,0.5,0.9930773377418518,0.6045615673065186,0.9942772388458252,0.5,0.9898617267608643,0.4859830439090729,0.5,0.49870967864990234,0.9868979454040527,0.49355432391166687,0.5,0.4938180446624756,0.9915989637374878,0.9876360893249512,0.9908587336540222,0.5,0.5,0.9822259545326233,0.49682778120040894,0.913636326789856,0.9282732009887695,0.908814549446106,0.9120290279388428,0.9770694971084595,0.9459022283554077,0.5,0.9498391151428223,0.9817410707473755,0.969200849533081,0.98634934425354,0.5,0.9930620193481445,0.9852371215820312,0.5,0.49776870012283325,0.9024595022201538,0.9878545999526978,0.9925650358200073,0.983469545841217,0.9697674512863159,0.9727897644042969,0.9713914394378662,0.6195089221000671,6.790422201156616,0.9717816710472107,0.9832720756530762
72,0.10703769326210022,0.39745354652404785,0.5667456388473511,0.5,0.5,0.9829044342041016,0.8876795768737793,0.5,0.9937326908111572,0.673949122428894,0.9953806400299072,0.5,0.9922466278076172,0.4883720874786377,0.5,0.49953848123550415,0.9879173636436462,0.4938271641731262,0.5,0.493814617395401,0.9910648465156555,0.9892086386680603,0.9909660816192627,0.5,0.5,0.9813774824142456,0.4978456497192383,0.910646378993988,0.9267710447311401,0.9064221978187561,0.9063332080841064,0.9707112908363342,0.9442963600158691,0.5,0.9527297019958496,0.984046459197998,0.9688543081283569,0.9886573553085327,0.5,0.9929759502410889,0.985337495803833,0.5,0.4990694224834442,0.8966765403747559,0.9899684190750122,0.9938775300979614,0.9855153560638428,0.9686164855957031,0.9712589979171753,0.9688080549240112,0.6054811477661133,6.601070404052734,0.9639919996261597,0.9829044342041016
73,0.11201904714107513,0.4270545244216919,0.5686926245689392,0.5,0.5,0.9803308844566345,0.888085663318634,0.5,0.9928044080734253,0.5982007384300232,0.9943768382072449,0.5,0.9910533428192139,0.48689553141593933,0.5,0.49953925609588623,0.9874515533447266,0.6145909428596497,0.5,0.49501386284828186,0.9928017854690552,0.9891043305397034,0.9917004704475403,0.5,0.5,0.9810861349105835,0.49766573309898376,0.9182025194168091,0.9334220886230469,0.9104463458061218,0.9137996435165405,0.9690122008323669,0.9502662420272827,0.5,0.9525310397148132,0.978866696357727,0.9645041823387146,0.9866334795951843,0.5,0.9922323226928711,0.9835823774337769,0.5,0.49878934025764465,0.8972526788711548,0.9865115880966187,0.992560863494873,0.9829027652740479,0.9668960571289062,0.9675951600074768,0.9656133651733398,0.600313127040863,6.674109935760498,0.9621930718421936,0.9803308844566345
74,0.09482775628566742,0.42001256346702576,0.5624901056289673,0.5,0.5,0.9830882549285889,0.8906656503677368,0.5,0.992522120475769,0.7685287594795227,0.9940959215164185,0.5,0.9908638000488281,0.48707056045532227,0.5,0.4991706609725952,0.9867134094238281,0.49261993169784546,0.5,0.49382147192955017,0.9923474192619324,0.9884622097015381,0.9916974306106567,0.5,0.5,0.980044960975647,0.4958893954753876,0.9150799512863159,0.9310082197189331,0.9097208976745605,0.9116920232772827,0.9802383184432983,0.947677731513977,0.5,0.948226809501648,0.9780523777008057,0.9680496454238892,0.9882906079292297,0.5,0.9909074306488037,0.9846054315567017,0.5,0.4998142421245575,0.8907939195632935,0.9868837594985962,0.9910846948623657,0.9839458465576172,0.9677988290786743,0.9714977741241455,0.9686281681060791,0.6019334197044373,6.742787599563599,0.9578124284744263,0.9830882549285889
75,0.09739379584789276,0.4001227915287018,0.5670152306556702,0.5,0.5,0.986213207244873,0.8855335116386414,0.5,0.993633508682251,0.6477192640304565,0.9950175285339355,0.5,0.9911422729492188,0.4872646629810333,0.5,0.49815496802330017,0.9877328872680664,0.6327054500579834,0.5,0.4940025806427002,0.9918002486228943,0.9890221357345581,0.9919726848602295,0.5,0.5,0.9804526567459106,0.49673202633857727,0.9211224913597107,0.9319521188735962,0.9108328819274902,0.9157484769821167,0.9825648069381714,0.9491750001907349,0.5,0.9486935138702393,0.9820408821105957,0.9652906656265259,0.9893107414245605,0.5,0.9905502796173096,0.9863619804382324,0.5,0.4996281862258911,0.8917938470840454,0.9876554608345032,0.9932156205177307,0.9858735799789429,0.9673973321914673,0.9697195291519165,0.9667965173721313,0.6219155192375183,6.6635284423828125,0.9789307713508606,0.986213207244873
76,0.09943307191133499,0.3750168979167938,0.5665769577026367,0.5,0.5,0.9832720756530762,0.8895605206489563,0.5,0.9935424327850342,0.879149317741394,0.9946464896202087,0.5,0.9896736145019531,0.48709914088249207,0.5,0.4998156428337097,0.9862596988677979,0.4936440587043762,0.5,0.4941892623901367,0.9915082454681396,0.9881962537765503,0.9896564483642578,0.5,0.5,0.9724873304367065,0.4975750744342804,0.9170314073562622,0.9297741651535034,0.9114007949829102,0.9082986116409302,0.9793568849563599,0.9459408521652222,0.5,0.9471590518951416,0.981631875038147,0.9685126543045044,0.9844009876251221,0.5,0.9931519627571106,0.9829975962638855,0.5,0.4987909197807312,0.895260214805603,0.9871628284454346,0.9928331971168518,0.9834603071212769,0.9709485769271851,0.9722583293914795,0.9701949954032898,0.5978626608848572,6.576393127441406,0.9639781713485718,0.9832720756530762
77,0.09410221874713898,0.4361863434314728,0.5697692632675171,0.5,0.5,0.984375,0.8864483833312988,0.5,0.9943695664405823,0.8825393915176392,0.9952986836433411,0.5,0.9910615682601929,0.48773062229156494,0.5,0.5,0.9889258146286011,0.4947417080402374,0.5,0.4962211847305298,0.9922566413879395,0.989304780960083,0.992520809173584,0.5,0.5,0.9758079648017883,0.49709630012512207,0.9192628860473633,0.929265022277832,0.9086318612098694,0.9115691184997559,0.9732092022895813,0.9463368654251099,0.5,0.9441382884979248,0.979505181312561,0.966037392616272,0.986827552318573,0.5,0.9914893507957458,0.9825549125671387,0.5,0.498791366815567,0.8936487436294556,0.986531674861908,0.98967444896698,0.9822126626968384,0.9682849645614624,0.9692436456680298,0.9679427742958069,0.6044853329658508,6.8352673053741455,0.9606324434280396,0.984375
78,0.08989198505878448,0.4065553545951843,0.5667510032653809,0.5,0.5,0.9856617450714111,0.8929868936538696,0.5,0.9917911887168884,0.7081130146980286,0.9939091801643372,0.5,0.9899353981018066,0.48559290170669556,0.5,0.4997231960296631,0.9862545728683472,0.514144778251648,0.5,0.4937257766723633,0.9916051626205444,0.9878160953521729,0.9919711947441101,0.5,0.5,0.9797612428665161,0.49562302231788635,0.9200570583343506,0.9293581247329712,0.9116415977478027,0.9133611917495728,0.9744810461997986,0.9495160579681396,0.5,0.9469884037971497,0.9776670336723328,0.9669566750526428,0.9854404926300049,0.5,0.9915553331375122,0.9844095706939697,0.5,0.49786680936813354,0.8912355899810791,0.9880619049072266,0.9907201528549194,0.9829123020172119,0.9677748680114746,0.9708620309829712,0.9678975343704224,0.615179181098938,6.334051609039307,0.9726604223251343,0.9856617450714111
79,0.10397566854953766,0.43277299404144287,0.5644011497497559,0.5,0.5,0.9852941036224365,0.8900158405303955,0.5,0.9931683540344238,0.8105292320251465,0.9941935539245605,0.5,0.9909594058990479,0.4871794879436493,0.5,0.4999077022075653,0.9887329339981079,0.6309581995010376,0.5,0.49409377574920654,0.9926226139068604,0.9888375997543335,0.9929953813552856,0.5,0.5,0.981042206287384,0.4969164729118347,0.9159190654754639,0.9277671575546265,0.910466194152832,0.9092979431152344,0.9830009937286377,0.9462723731994629,0.5,0.9489333629608154,0.9795089960098267,0.9714709520339966,0.9873849153518677,0.4997231960296631,0.9933382272720337,0.9838441610336304,0.5,0.4990709722042084,0.8899424076080322,0.987614095211029,0.9923791885375977,0.9854251742362976,0.9714020490646362,0.9738306999206543,0.9722325801849365,0.6048372387886047,6.693633317947388,0.9781874418258667,0.9852941036224365
80,0.10473956167697906,0.4340342879295349,0.5681278705596924,0.5,0.5,0.9827206134796143,0.8864632844924927,0.5,0.9940959215164185,0.7184946537017822,0.9950221180915833,0.5,0.9904147386550903,0.48635944724082947,0.5,0.5,0.9868737459182739,0.4939159154891968,0.5,0.4953823387622833,0.9908705353736877,0.9880139827728271,0.9912281036376953,0.5,0.5,0.9818521738052368,0.496265172958374,0.9160805940628052,0.9250473976135254,0.9060894250869751,0.9116021990776062,0.9807219505310059,0.9471925497055054,0.5,0.9429115056991577,0.9802801609039307,0.9659618139266968,0.9871699810028076,0.49981531500816345,0.9943497180938721,0.9867256879806519,0.5,0.4990706443786621,0.8861736059188843,0.9887399673461914,0.9917255640029907,0.9849582314491272,0.9660654664039612,0.9697730541229248,0.9662639498710632,0.59276282787323,6.6728599071502686,0.9660081267356873,0.9827206134796143

81,0.09951311349868774,0.39068305492401123,0.569765567779541,0.5,0.5,0.9852941036224365,0.8920292854309082,0.5,0.9934513568878174,0.8409650325775146,0.9947426319122314,0.5,0.9915207624435425,0.4877328872680664,0.5,0.5,0.9880029559135437,0.4949290156364441,0.5,0.49640220403671265,0.9919726848602295,0.9891083240509033,0.9921572208404541,0.5,0.5,0.9809131622314453,0.49589014053344727,0.9211878776550293,0.9268500804901123,0.9078521132469177,0.9099962115287781,0.9761179685592651,0.9487032890319824,0.5,0.9498668313026428,0.9810920357704163,0.9690626263618469,0.987834095954895,0.4991702139377594,0.9949926137924194,0.9885714054107666,0.5,0.49972179532051086,0.8977378010749817,0.988473653793335,0.9923919439315796,0.9853404760360718,0.969220757484436,0.9721500277519226,0.9691964983940125,0.5883536338806152,6.6283488273620605,0.9756125211715698,0.9852941036224365
82,0.09127497673034668,0.423785001039505,0.5717790126800537,0.5,0.5,0.9852941036224365,0.8914415240287781,0.5,0.9933469295501709,0.9307963848114014,0.9932743310928345,0.5,0.9913315773010254,0.487629234790802,0.5,0.5,0.9869099855422974,0.6352813839912415,0.5,0.4936264455318451,0.9927040934562683,0.9884792566299438,0.9924354553222656,0.5,0.5,0.981792688369751,0.49607551097869873,0.9178030490875244,0.927348792552948,0.9049838185310364,0.9113792181015015,0.9801745414733887,0.9473633766174316,0.5,0.9497621059417725,0.9809181690216064,0.9671614170074463,0.9858934283256531,0.49990782141685486,0.9953677654266357,0.9872717261314392,0.5,0.4987000823020935,0.8902348279953003,0.9896571040153503,0.9921003580093384,0.9843315482139587,0.9645647406578064,0.9704351425170898,0.967342734336853,0.5867646932601929,6.74371600151062,0.9733180403709412,0.9852941036224365
83,0.07511092722415924,0.39812925457954407,0.5667510032653809,0.5,0.5,0.9887867569923401,0.8872349262237549,0.5,0.9926130771636963,0.7795500755310059,0.9932644367218018,0.5,0.9902178049087524,0.48588040471076965,0.5,0.5,0.986706018447876,0.6921586990356445,0.5,0.4939114451408386,0.9909510612487793,0.9870991706848145,0.991789698600769,0.5,0.5,0.9811868071556091,0.49691241979599,0.9255561828613281,0.9288286566734314,0.905019998550415,0.9154635667800903,0.988791823387146,0.950218915939331,0.5,0.9470778703689575,0.9807053208351135,0.9641865491867065,0.9875667691230774,0.5,0.9937106966972351,0.989395022392273,0.5,0.49879270792007446,0.895285964012146,0.9887609481811523,0.9842761754989624,0.9817640781402588,0.9657126665115356,0.9682613611221313,0.9663077592849731,0.5834181904792786,6.790451526641846,0.9742963314056396,0.9887867569923401
84,0.08615222573280334,0.43359383940696716,0.5677322149276733,0.5,0.5,0.9867647290229797,0.8897614479064941,0.5,0.9935400485992432,0.8192163705825806,0.9949252605438232,0.5,0.9917926788330078,0.48744693398475647,0.5,0.5,0.9867182970046997,0.4937361776828766,0.5,0.49445778131484985,0.992353081703186,0.9891144037246704,0.9918789267539978,0.5,0.5,0.9816368818283081,0.49570173025131226,0.9268989562988281,0.9314899444580078,0.9072213768959045,0.9158603549003601,0.9889330267906189,0.9510642290115356,0.5,0.9458866119384766,0.9782448410987854,0.9627708792686462,0.9868007898330688,0.5,0.9947163462638855,0.9856746792793274,0.5,0.498048335313797,0.8893541693687439,0.987809419631958,0.9871460199356079,0.981808066368103,0.9637681245803833,0.9662942290306091,0.965273916721344,0.5921366214752197,6.820262908935547,0.980004072189331,0.9867647290229797
85,0.09360458701848984,0.4332503378391266,0.5659080147743225,0.5,0.5,0.984375,0.8899902105331421,0.5,0.9931771755218506,0.9067035913467407,0.994744598865509,0.5,0.9916098117828369,0.48661375045776367,0.5,0.49963071942329407,0.9877102375030518,0.6401438117027283,0.5,0.49511340260505676,0.9921586513519287,0.9890140295028687,0.9914286136627197,0.5,0.5,0.9813293218612671,0.49626725912094116,0.9240373373031616,0.9279476404190063,0.9089265465736389,0.912010669708252,0.9879346489906311,0.9486789703369141,0.5,0.9486158490180969,0.9808188676834106,0.9676971435546875,0.9876406192779541,0.4986162483692169,0.9941612482070923,0.9871937036514282,0.5,0.49953532218933105,0.9069421291351318,0.9881970286369324,0.9924581050872803,0.9857780337333679,0.9688950777053833,0.9712932109832764,0.9691851139068604,0.5916445255279541,6.773956060409546,0.9728430509567261,0.984375
86,0.07594136893749237,0.43389809131622314,0.564441978931427,0.5,0.5,0.9878676533699036,0.890002965927124,0.5,0.9940136671066284,0.9865238666534424,0.9962198138237,0.5,0.9920752048492432,0.4886573255062103,0.5,0.5,0.9883871078491211,0.6068995594978333,0.5,0.4960302710533142,0.99262535572052,0.990319013595581,0.9921427369117737,0.5,0.5,0.9802693128585815,0.4958893954753876,0.9255822896957397,0.9327490925788879,0.9136001467704773,0.9171575307846069,0.9815628528594971,0.948708176612854,0.5,0.9540087580680847,0.9787862300872803,0.9660922288894653,0.9859778881072998,0.5,0.9936075210571289,0.9880139827728271,0.5,0.49841684103012085,0.9039281010627747,0.9894648790359497,0.9911873936653137,0.9856690764427185,0.967676043510437,0.971157431602478,0.9655621647834778,0.5855095386505127,6.817420482635498,0.9771493673324585,0.9878676533699036
87,0.08573728054761887,0.42475906014442444,0.5662450790405273,0.5,0.5,0.9854779243469238,0.8857793211936951,0.5,0.9926213026046753,0.9855166077613831,0.9940081238746643,0.5,0.9915097951889038,0.4867134094238281,0.5,0.5,0.9868032336235046,0.6964243650436401,0.5,0.49371767044067383,0.9922480583190918,0.9885630011558533,0.9914222359657288,0.5,0.5,0.9827393293380737,0.4966336190700531,0.9228723049163818,0.9289117455482483,0.9122806787490845,0.9130929708480835,0.989343523979187,0.9466590881347656,0.5,0.9446238279342651,0.9767699241638184,0.9653924703598022,0.9875392317771912,0.49990785121917725,0.9937037229537964,0.9892066717147827,0.5,0.49832776188850403,0.8941700458526611,0.987079381942749,0.9905116558074951,0.9827874898910522,0.9675951600074768,0.9684768319129944,0.9662890434265137,0.5871627330780029,6.744320869445801,0.9659609794616699,0.9854779243469238
88,0.0774894580245018,0.40674343705177307,0.5628566741943359,0.5,0.5,0.9865809082984924,0.889214277267456,0.5,0.9936382174491882,0.9561128616333008,0.9946514368057251,0.5,0.9917759895324707,0.4873755872249603,0.5,0.5,0.9869076013565063,0.7790795564651489,0.5,0.4940025806427002,0.991433322429657,0.9888458847999573,0.9912264347076416,0.5,0.5,0.9850801825523376,0.4969106912612915,0.9240434169769287,0.9271624088287354,0.9131053686141968,0.9147619009017944,0.9899469017982483,0.9484369158744812,0.5,0.9566370248794556,0.9815328121185303,0.9710560441017151,0.9878206253051758,0.5,0.9950889348983765,0.9877215623855591,0.5,0.49785926938056946,0.8949423432350159,0.9872652888298035,0.9912574291229248,0.9846210479736328,0.9708457589149475,0.9738161563873291,0.9719226360321045,0.5824515223503113,6.7056684494018555,0.9760782122612,0.9865809082984924
89,0.08266646414995193,0.4091782569885254,0.5640296936035156,0.5,0.5,0.9854779243469238,0.891832709312439,0.5,0.9910351037979126,0.8864390850067139,0.9926145076751709,0.5,0.989304780960083,0.48516401648521423,0.5,0.5,0.9855272769927979,0.5850847959518433,0.5,0.4933493435382843,0.9925124645233154,0.9872623085975647,0.9911471605300903,0.5,0.5,0.9827489256858826,0.49468085169792175,0.9190114140510559,0.924092710018158,0.9101048707962036,0.913068413734436,0.9868420958518982,0.9447829723358154,0.5,0.9516251683235168,0.9786254167556763,0.9674195051193237,0.9865487813949585,0.4986172616481781,0.9945197701454163,0.9896697998046875,0.5,0.4974893033504486,0.896862268447876,0.9903237819671631,0.9911710023880005,0.9851604700088501,0.9705445170402527,0.970156192779541,0.9691851139068604,0.5869080424308777,6.710443019866943,0.9700948596000671,0.9854779243469238
90,0.08511820435523987,0.41827723383903503,0.5656141042709351,0.5,0.5,0.9849264621734619,0.8900927305221558,0.5,0.9924325942993164,0.9858829975128174,0.993823766708374,0.5,0.9906792044639587,0.48515307903289795,0.5,0.5,0.9874422550201416,0.5185424089431763,0.5,0.49612975120544434,0.9911422729492188,0.9878995418548584,0.9917865991592407,0.5,0.5,0.9815853834152222,0.4971022605895996,0.9176950454711914,0.9238757491111755,0.9082507491111755,0.911719799041748,0.990401029586792,0.9436284303665161,0.5,0.9452977180480957,0.9783893823623657,0.9678584337234497,0.9885650873184204,0.49889257550239563,0.9931595325469971,0.9894165396690369,0.5,0.4991641938686371,0.8946197032928467,0.9882965087890625,0.988201379776001,0.9842703342437744,0.9703255891799927,0.9695394039154053,0.9685236811637878,0.5795972347259521,6.7371826171875,0.9646714329719543,0.9849264621734619

91,0.08974197506904602,0.4168431758880615,0.5641635060310364,0.5,0.5,0.9834558963775635,0.8907233476638794,0.5,0.9922451972961426,0.940830409526825,0.9940015077590942,0.5,0.9905955791473389,0.4849686324596405,0.5,0.5,0.9859726428985596,0.49364173412323,0.5,0.49649834632873535,0.991600513458252,0.9875346422195435,0.9916912913322449,0.5,0.5,0.979427695274353,0.4964519143104553,0.9314209818840027,0.9329672455787659,0.9172989130020142,0.9211574792861938,0.9926611185073853,0.9524800777435303,0.5,0.9507712721824646,0.9761070013046265,0.9661661386489868,0.9861623644828796,0.4980616569519043,0.993517279624939,0.9886510372161865,0.5,0.4976765811443329,0.908246636390686,0.9870673418045044,0.9896705746650696,0.9842761754989624,0.9665486812591553,0.967292308807373,0.9676339626312256,0.5791506171226501,6.904486417770386,0.9680535197257996,0.9834558963775635
92,0.07864919304847717,0.4124826192855835,0.5652964115142822,0.5,0.5,0.9871323704719543,0.8865424394607544,0.5,0.991892397403717,0.9582974910736084,0.9941903352737427,0.5,0.9915082454681396,0.48746544122695923,0.5,0.5,0.9873732328414917,0.5121553540229797,0.5,0.49483585357666016,0.9927095174789429,0.9899409413337708,0.9915192127227783,0.5,0.5,0.9816694855690002,0.49737778306007385,0.9228945374488831,0.9297860264778137,0.9140254259109497,0.9134231805801392,0.9949781894683838,0.9470924735069275,0.5,0.950218915939331,0.979424238204956,0.9682289361953735,0.9875530004501343,0.49944648146629333,0.9945501685142517,0.9891144037246704,0.5,0.4983249604701996,0.8876185417175293,0.988473653793335,0.9888538122177124,0.9855948090553284,0.9674175977706909,0.9710859060287476,0.9715613126754761,0.5829300880432129,7.018621444702148,0.9782897233963013,0.9871323704719543
93,0.07806120812892914,0.4248163402080536,0.5635284781455994,0.5,0.5,0.9871323704719543,0.8889598846435547,0.5,0.9930812120437622,0.9870991706848145,0.993823766708374,0.5,0.9915128946304321,0.4868907034397125,0.5,0.5,0.9875415563583374,0.6847347617149353,0.5,0.49519941210746765,0.9927040934562683,0.988745391368866,0.9912426471710205,0.5,0.5,0.983208954334259,0.49599477648735046,0.926292896270752,0.9339550733566284,0.922008752822876,0.9195358753204346,0.9932586550712585,0.9466856122016907,0.5,0.9520456790924072,0.9806201457977295,0.964961051940918,0.9882027506828308,0.4997234642505646,0.993141770362854,0.9900479316711426,0.5,0.49851495027542114,0.8938547372817993,0.989130437374115,0.9890109896659851,0.9853980541229248,0.9682731628417969,0.9673105478286743,0.9724343419075012,0.5763697028160095,6.7606000900268555,0.9753068685531616,0.9871323704719543
94,0.06926213204860687,0.42032867670059204,0.5596897006034851,0.5,0.5,0.9878676533699036,0.8868224620819092,0.5,0.9928979873657227,0.985903799533844,0.9948358535766602,0.5,0.9916958808898926,0.4867134094238281,0.5,0.5,0.9870753288269043,0.4927121698856354,0.5,0.49566659331321716,0.9919800758361816,0.9888335466384888,0.9923417568206787,0.5,0.5,0.98438960313797,0.496818870306015,0.9225965142250061,0.9308997392654419,0.9263337850570679,0.915569543838501,0.9950617551803589,0.9456562995910645,0.5,0.9502841234207153,0.9801697134971619,0.970109224319458,0.9880118370056152,0.49861520528793335,0.9951860904693604,0.9903064966201782,0.5,0.4996280372142792,0.9025793075561523,0.9896955490112305,0.9898792505264282,0.9874814748764038,0.9724029302597046,0.972686767578125,0.9758184552192688,0.588183581829071,6.801055669784546,0.9775208830833435,0.9878676533699036
95,0.09402578324079514,0.42466336488723755,0.5655854344367981,0.5,0.5,0.9801470637321472,0.8925508260726929,0.5,0.992615818977356,0.9068486094474792,0.9940069913864136,0.5,0.9900369048118591,0.48589861392974854,0.5,0.5,0.9867959022521973,0.4929889440536499,0.5,0.49621981382369995,0.9922494888305664,0.9879151582717896,0.9913268089294434,0.5,0.5,0.983689546585083,0.49701493978500366,0.9177118539810181,0.9280822277069092,0.9121788740158081,0.9149341583251953,0.990121603012085,0.9457739591598511,0.5,0.9477242231369019,0.9799704551696777,0.9681599140167236,0.9880162477493286,0.49861571192741394,0.9943581223487854,0.9889298677444458,0.5,0.49925774335861206,0.8874325752258301,0.9880177974700928,0.9918230772018433,0.985703706741333,0.9684995412826538,0.9707412123680115,0.9815847873687744,0.5795510411262512,6.604597091674805,0.9449029564857483,0.9801470637321472
96,0.07490448653697968,0.43596550822257996,0.5641897320747375,0.5,0.5,0.9863970875740051,0.8922024965286255,0.5,0.9940969944000244,0.9875392317771912,0.9951170086860657,0.5,0.9922552108764648,0.4885587692260742,0.5,0.5,0.9884750247001648,0.9223053455352783,0.5,0.49575331807136536,0.9933628439903259,0.9905034303665161,0.9928057193756104,0.5,0.5,0.9858905076980591,0.49691933393478394,0.921622633934021,0.9290199875831604,0.9186867475509644,0.9100664854049683,0.9951447248458862,0.9463776350021362,0.5,0.9426479339599609,0.9826983213424683,0.9667906761169434,0.9880996346473694,0.4982472360134125,0.9950989484786987,0.9903136491775513,0.5,0.4983258843421936,0.8853023052215576,0.9906168580055237,0.9937697649002075,0.987193763256073,0.9655332565307617,0.9683144092559814,0.9813336133956909,0.5883482694625854,6.755605459213257,0.9763768315315247,0.9863970875740051
97,0.06919828802347183,0.4259093403816223,0.5620640516281128,0.5,0.5,0.986948549747467,0.8869079351425171,0.5,0.992905855178833,0.9873663187026978,0.9952046871185303,0.5,0.9916897416114807,0.4880974292755127,0.5,0.5,0.9877510070800781,0.963212251663208,0.5,0.4949280619621277,0.9922623634338379,0.9901291131973267,0.9911357164382935,0.5,0.5,0.9844831228256226,0.4969141483306885,0.9215443134307861,0.9272934794425964,0.9194681644439697,0.9159368276596069,0.9938201308250427,0.947698712348938,0.5,0.9473683834075928,0.9832994937896729,0.969399094581604,0.9883699417114258,0.4970485270023346,0.9948196411132812,0.9889380931854248,0.5,0.49981412291526794,0.8896237015724182,0.990425705909729,0.9922077655792236,0.9868201017379761,0.9676339626312256,0.9712825417518616,0.9760885834693909,0.5777908563613892,6.782871246337891,0.9742605090141296,0.986948549747467
98,0.0777757316827774,0.3894878029823303,0.5671995878219604,0.5,0.5,0.9836397171020508,0.8891074061393738,0.5,0.9923347234725952,0.9858777523040771,0.9937211275100708,0.5,0.9904893636703491,0.48679104447364807,0.5,0.5,0.9870046377182007,0.803650438785553,0.5,0.49493086338043213,0.9923474192619324,0.9883871078491211,0.9924381971359253,0.5,0.5,0.98210608959198,0.4957057535648346,0.9234868288040161,0.9271328449249268,0.9232380986213684,0.9150961637496948,0.9913596510887146,0.946770191192627,0.5,0.9466666579246521,0.9820867776870728,0.9678047895431519,0.9880996346473694,0.4964015483856201,0.9946126937866211,0.9892890453338623,0.5,0.4998139441013336,0.8881664276123047,0.987188994884491,0.9906907081604004,0.9848766326904297,0.9675590395927429,0.9701783657073975,0.976279079914093,0.5806053876876831,6.714087247848511,0.9716143608093262,0.9836397171020508
99,0.06525176763534546,0.4184313118457794,0.5622432827949524,0.5,0.5,0.9889705777168274,0.8852300047874451,0.5,0.992522120475769,0.9868906736373901,0.9939992427825928,0.5,0.9890241622924805,0.4852235019207001,0.5,0.5,0.9858803749084473,0.7979937791824341,0.5,0.49501660466194153,0.9910483360290527,0.9873685836791992,0.9906774759292603,0.5,0.5,0.9860851764678955,0.4964406192302704,0.9203682541847229,0.9290341138839722,0.9178537130355835,0.9152849316596985,0.9923266172409058,0.946503221988678,0.5,0.9465301036834717,0.9808153510093689,0.968935489654541,0.9882005453109741,0.49972328543663025,0.9934283494949341,0.9909627437591553,0.5,0.49785807728767395,0.8891886472702026,0.9903417825698853,0.9887546300888062,0.986504077911377,0.9702281951904297,0.9721964001655579,0.9696969985961914,0.584176778793335,6.66745662689209,0.9786694645881653,0.9889705777168274
100,0.06487543135881424,0.42554575204849243,0.5672787427902222,0.5,0.5,0.9886029362678528,0.886217474937439,0.5,0.9928097724914551,0.9859830141067505,0.9951080083847046,0.5,0.9905104041099548,0.4879195988178253,0.5,0.5,0.9869998097419739,0.6930812001228333,0.5,0.4953908622264862,0.9928953647613525,0.989760160446167,0.9914206266403198,0.5,0.5,0.9830492734909058,0.4966411590576172,0.924483597278595,0.9296149015426636,0.916205883026123,0.9159241914749146,0.995065450668335,0.9492670893669128,0.5,0.9427509903907776,0.9790744781494141,0.9675865769386292,0.9868882894515991,0.4993540048599243,0.9948129057884216,0.9891946911811829,0.5,0.4996279180049896,0.8894472122192383,0.9894942045211792,0.9843024015426636,0.9862606525421143,0.9655076265335083,0.969372570514679,0.9724957942962646,0.5790897607803345,6.976343631744385,0.9837017059326172,0.9886029362678528

101,0.05900465324521065,0.4045809209346771,0.56339031457901,0.5,0.5,0.9898896813392639,0.8887269496917725,0.5,0.991148829460144,0.9871747493743896,0.9938111901283264,0.5,0.9899390935897827,0.4859752655029297,0.5,0.5,0.9857010841369629,0.9166051745414734,0.5,0.494276225566864,0.9917865991592407,0.9883677959442139,0.9904165267944336,0.5,0.5,0.9848371744155884,0.4954162836074829,0.9299163222312927,0.9321455955505371,0.9242366552352905,0.9186134934425354,0.9952588677406311,0.951866626739502,0.5,0.9516435861587524,0.9805386066436768,0.9699130058288574,0.9880051612854004,0.4985239803791046,0.995177149772644,0.9888458847999573,0.5,0.4971216320991516,0.8961931467056274,0.9898548126220703,0.9817674160003662,0.9859951734542847,0.9704295992851257,0.9712323546409607,0.9685295224189758,0.5823736190795898,6.800891160964966,0.9824174046516418,0.9898896813392639
102,0.06097930297255516,0.4181148409843445,0.5615420937538147,0.5,0.5,0.9902573823928833,0.8896353244781494,0.5,0.9926213026046753,0.9882992506027222,0.9938225746154785,0.5,0.9911422729492188,0.48652639985084534,0.5,0.5,0.9870800971984863,0.7579753398895264,0.5,0.4957548975944519,0.992243766784668,0.9883806705474854,0.9920693635940552,0.5,0.5,0.9837231040000916,0.4959835708141327,0.9251759052276611,0.9277725219726562,0.9255359172821045,0.9162213802337646,0.9962020516395569,0.948781430721283,0.5,0.9496402740478516,0.9783170223236084,0.9767141342163086,0.9867305755615234,0.49953925609588623,0.9940707683563232,0.9892106056213379,0.5,0.49879002571105957,0.8930491209030151,0.9882659912109375,0.9844651222229004,0.9856001138687134,0.9748421907424927,0.9751858711242676,0.9748930931091309,0.5868415832519531,6.757095575332642,0.9836507439613342,0.9902573823928833
103,0.06396819651126862,0.4270590543746948,0.5626877546310425,0.5,0.5,0.989338219165802,0.8888551592826843,0.5,0.9921659231185913,0.9874353408813477,0.9948310852050781,0.5,0.9909477233886719,0.4862317442893982,0.5,0.5,0.9862520694732666,0.6032726764678955,0.5,0.4954797029495239,0.9906946420669556,0.988189697265625,0.9912264347076416,0.5,0.5,0.9824233055114746,0.4964459538459778,0.9265547394752502,0.9292362928390503,0.9211523532867432,0.9158603549003601,0.9955374002456665,0.9510270357131958,0.5,0.9490784406661987,0.9784212112426758,0.9740644693374634,0.986985445022583,0.4967712163925171,0.9928730130195618,0.9877396821975708,0.5,0.4987909197807312,0.8920676112174988,0.9881573915481567,0.9776577949523926,0.9848174452781677,0.9693782329559326,0.9721240997314453,0.9681742191314697,0.5817669034004211,6.737415552139282,0.984999418258667,0.989338219165802
104,0.06149842217564583,0.41776809096336365,0.5625296831130981,0.5,0.5,0.987500011920929,0.8882566690444946,0.5,0.992250919342041,0.987463116645813,0.9937304258346558,0.5,0.990136444568634,0.48717474937438965,0.5,0.5,0.986628532409668,0.626328706741333,0.5,0.4974198341369629,0.9920547008514404,0.9892929792404175,0.991148829460144,0.5,0.5,0.9853380918502808,0.4958038032054901,0.92645663022995,0.9313483834266663,0.9339532852172852,0.9199084639549255,0.9942998290061951,0.9489873051643372,0.5,0.9572187662124634,0.9823930263519287,0.9733580350875854,0.9868810176849365,0.4986169934272766,0.9937905073165894,0.9886552095413208,0.5,0.4979550242424011,0.895995557308197,0.9896725416183472,0.9831846952438354,0.9867857694625854,0.973018229007721,0.975492000579834,0.9743995666503906,0.5769825577735901,6.7931740283966064,0.9797583818435669,0.987500011920929
105,0.06346582621335983,0.40576428174972534,0.5633101463317871,0.5,0.5,0.9865809082984924,0.8873225450515747,0.5,0.991892397403717,0.9876452088356018,0.9931721687316895,0.5,0.9900460839271545,0.48679348826408386,0.5,0.5,0.9864466190338135,0.7064429521560669,0.5,0.4965917468070984,0.9913968443870544,0.9883828163146973,0.990952730178833,0.5,0.5,0.9855167269706726,0.4967283606529236,0.9253660440444946,0.9306638836860657,0.9221186637878418,0.9163179993629456,0.9954163432121277,0.9475530982017517,0.5,0.9511893391609192,0.9829398393630981,0.9724431037902832,0.9856114983558655,0.49972325563430786,0.9945380687713623,0.9894775748252869,0.5,0.49823254346847534,0.8925120830535889,0.989500105381012,0.9865366816520691,0.9879204630851746,0.9721552133560181,0.9748748540878296,0.9786897301673889,0.5794117450714111,6.726393222808838,0.9770466685295105,0.9865809082984924
106,0.06325114518404007,0.41338491439819336,0.5625988245010376,0.5,0.5,0.9863970875740051,0.8861255645751953,0.5,0.9926145076751709,0.9885672330856323,0.9936323165893555,0.5,0.9913235902786255,0.4868081212043762,0.5,0.5,0.9870753288269043,0.6713204383850098,0.5,0.4964976906776428,0.9908722043037415,0.9885672330856323,0.9918017387390137,0.5,0.5,0.9830492734909058,0.49681946635246277,0.9220840930938721,0.9263187646865845,0.920506477355957,0.9111279845237732,0.9933308362960815,0.9453510046005249,0.5,0.9516006708145142,0.9840376377105713,0.9736598134040833,0.9870896339416504,0.4988935887813568,0.9949131011962891,0.9883699417114258,0.5,0.5,0.8878495693206787,0.990413248538971,0.982962965965271,0.9872771501541138,0.9719434976577759,0.9750417470932007,0.9757914543151855,0.5719590187072754,6.720056772232056,0.9725169539451599,0.9863970875740051
107,0.05021313577890396,0.4296177625656128,0.5661752820014954,0.5,0.5,0.9902573823928833,0.8871815204620361,0.5,0.9923487901687622,0.9878228902816772,0.9950202703475952,0.5,0.9909543991088867,0.48717474937438965,0.5,0.5,0.9871842265129089,0.6921586990356445,0.5,0.4962114095687866,0.9915207624435425,0.9898393154144287,0.9925262928009033,0.5,0.5,0.9863602519035339,0.49671486020088196,0.9254185557365417,0.930860161781311,0.9246913194656372,0.9159711599349976,0.9962157011032104,0.9479938745498657,0.5,0.9495429992675781,0.9826632142066956,0.9658712148666382,0.9894833564758301,0.499815434217453,0.9943581223487854,0.9902286529541016,0.5,0.49916496872901917,0.8900781869888306,0.9905257225036621,0.9808657169342041,0.9879137277603149,0.9680534601211548,0.9710575342178345,0.9716067910194397,0.5805233120918274,6.760772466659546,0.9788659811019897,0.9902573823928833
108,0.062364377081394196,0.4023780822753906,0.5651347041130066,0.5,0.5,0.9887867569923401,0.892106294631958,0.5,0.9918774366378784,0.9872717261314392,0.9931709170341492,0.5,0.9899353981018066,0.486136794090271,0.5,0.5,0.9854484796524048,0.6918894052505493,0.5,0.49529606103897095,0.991600513458252,0.9878318309783936,0.9904893636703491,0.5,0.5,0.9872177839279175,0.4968218505382538,0.9250094890594482,0.9283276796340942,0.9244097471237183,0.9148956537246704,0.99515300989151,0.9495325088500977,0.5,0.9527835845947266,0.980623722076416,0.9688831567764282,0.9875392317771912,0.4981529414653778,0.9961111545562744,0.9893872141838074,0.5,0.49953556060791016,0.8911387920379639,0.9894052147865295,0.9806050062179565,0.9868054389953613,0.9687848091125488,0.9714630842208862,0.9726141691207886,0.5755516290664673,6.779757022857666,0.9753016233444214,0.9887867569923401
109,0.058852870017290115,0.42707306146621704,0.5639442801475525,0.5,0.5,0.986948549747467,0.8894323110580444,0.5,0.9937211275100708,0.9882971048355103,0.99446702003479,0.5,0.9900516271591187,0.4864290952682495,0.5,0.5,0.9876269698143005,0.6232352256774902,0.5,0.49686115980148315,0.991789698600769,0.9882884621620178,0.9945551753044128,0.5,0.5,0.9887996912002563,0.4959888160228729,0.9222496747970581,0.9257501363754272,0.9243753552436829,0.9153140783309937,0.9965733885765076,0.9439384937286377,0.5,0.9588559865951538,0.9791705012321472,0.9712516069412231,0.9896812438964844,0.4994471073150635,0.9950861930847168,0.9909594058990479,0.5,0.49925512075424194,0.897376298904419,0.9891445636749268,0.9827008843421936,0.9863433837890625,0.9685932397842407,0.97265625,0.9748837351799011,0.5705538988113403,6.776521921157837,0.9747772216796875,0.986948549747467
110,0.053762488067150116,0.4153280556201935,0.5651967525482178,0.5,0.5,0.9900735020637512,0.8912619352340698,0.5,0.991892397403717,0.9887433052062988,0.9944690465927124,0.5,0.9911389946937561,0.4874677360057831,0.5,0.5,0.9875552654266357,0.9154857397079468,0.5,0.49704959988594055,0.9928030967712402,0.9901145696640015,0.9940991997718811,0.5,0.5,0.9893577098846436,0.49607551097869873,0.9224828481674194,0.9269223213195801,0.9227341413497925,0.9144109487533569,0.9946656227111816,0.9443598985671997,0.5,0.9576996564865112,0.9821000099182129,0.9656001329421997,0.9901382923126221,0.49935364723205566,0.9945340156555176,0.9918758869171143,0.5,0.4990699291229248,0.9001674652099609,0.9884195327758789,0.9885411262512207,0.9854116439819336,0.968332052230835,0.9704406261444092,0.9851411581039429,0.5810692310333252,6.72989296913147,0.9858336448669434,0.9900735020637512

111,0.056340109556913376,0.4234329164028168,0.566137969493866,0.5,0.5,0.989338219165802,0.891486406326294,0.5,0.9927000999450684,0.9877396821975708,0.9935448169708252,0.5,0.9891144037246704,0.48606497049331665,0.5,0.5,0.9860726594924927,0.6874372959136963,0.5,0.49649447202682495,0.9923431873321533,0.9880073666572571,0.9928992986679077,0.5,0.5,0.9892603754997253,0.497856080532074,0.9233916997909546,0.9269267320632935,0.9199732542037964,0.9140061140060425,0.9950494766235352,0.9410812854766846,0.5,0.9457785487174988,0.9802546501159668,0.9652520418167114,0.9891183972358704,0.4997234642505646,0.9953729510307312,0.9898505210876465,0.5,0.49934834241867065,0.8874627947807312,0.990432858467102,0.9832096099853516,0.9873770475387573,0.9664130210876465,0.97025465965271,0.9839040040969849,0.5821870565414429,6.6793153285980225,0.9774569272994995,0.989338219165802
112,0.05981646850705147,0.40009814500808716,0.5630058646202087,0.5,0.5,0.9891543984413147,0.8899580836296082,0.5,0.9919756650924683,0.9875552654266357,0.9935412406921387,0.5,0.9901236891746521,0.4856274127960205,0.5,0.5,0.9868979454040527,0.6111125946044922,0.5,0.4955711364746094,0.9913251996040344,0.9880051612854004,0.9937223196029663,0.5,0.5,0.988213300704956,0.49784401059150696,0.927798867225647,0.9341129064559937,0.9313129186630249,0.9180994033813477,0.9963011741638184,0.9458025693893433,0.5,0.9577798843383789,0.9781324863433838,0.9681893587112427,0.988389253616333,0.49926239252090454,0.9956497550010681,0.9899427890777588,0.5,0.49990707635879517,0.8978474736213684,0.9874348640441895,0.9782689809799194,0.9844996929168701,0.9713672399520874,0.9705773591995239,0.9815882444381714,0.5812928080558777,6.83096170425415,0.9795036315917969,0.9891543984413147
113,0.05282209441065788,0.47151970863342285,0.563261091709137,0.5,0.5,0.9904412031173706,0.8895776271820068,0.5,0.9941035509109497,0.9887287616729736,0.9958471655845642,0.5,0.9925345182418823,0.4890282154083252,0.5,0.5,0.9899483919143677,0.7440959215164185,0.5,0.49658986926078796,0.9928137063980103,0.9905104041099548,0.9946494102478027,0.5,0.5,0.9881418943405151,0.4969066381454468,0.9239543676376343,0.9293602705001831,0.9202884435653687,0.9160486459732056,0.9963967800140381,0.9472380876541138,0.5,0.9579927921295166,0.9795937538146973,0.9691895246505737,0.9903154373168945,0.4989839196205139,0.9956481456756592,0.9895679354667664,0.5,0.4994417428970337,0.8999999761581421,0.9896026849746704,0.9815295934677124,0.9865416884422302,0.9692507982254028,0.9714524745941162,0.9833735823631287,0.583798348903656,6.773013114929199,0.983289897441864,0.9904412031173706
114,0.05710931122303009,0.45939671993255615,0.563666582107544,0.5,0.5,0.986948549747467,0.887076735496521,0.5,0.9937223196029663,0.988457977771759,0.9935448169708252,0.5,0.9892066717147827,0.48553529381752014,0.5,0.5,0.9869757890701294,0.832695722579956,0.5,0.49723654985427856,0.9916067123413086,0.9881787896156311,0.9930824637413025,0.5,0.5,0.9865218997001648,0.497097909450531,0.920693576335907,0.9272242188453674,0.9246523380279541,0.9164124727249146,0.9967674016952515,0.9445714354515076,0.5,0.9482529163360596,0.9791358709335327,0.9729955196380615,0.9887516498565674,0.4992629587650299,0.9957430958747864,0.9885587692260742,0.5,0.4999070167541504,0.8888269066810608,0.9899479150772095,0.9769901633262634,0.9865366816520691,0.9685405492782593,0.9711019992828369,0.9719895720481873,0.5749732255935669,6.658008098602295,0.972309410572052,0.986948549747467
115,0.04648713022470474,0.4107793867588043,0.5626387596130371,0.5,0.5,0.9900735020637512,0.8901697397232056,0.5,0.9940036535263062,0.9883828163146973,0.9947407245635986,0.5,0.9895775318145752,0.48588040471076965,0.5,0.5,0.987267017364502,0.992904543876648,0.5,0.4963092803955078,0.9903154373168945,0.9876452088356018,0.9942666888237,0.5,0.5,0.9886130094528198,0.5039771199226379,0.9251661896705627,0.9310344457626343,0.9263867735862732,0.9176806211471558,0.9975271224975586,0.9473733901977539,0.5,0.9506266713142395,0.9798892736434937,0.9713729619979858,0.9919830560684204,0.49981528520584106,0.9941677451133728,0.9912426471710205,0.5,0.4997207820415497,0.8918492794036865,0.9903542995452881,0.9772558212280273,0.986700177192688,0.9714205861091614,0.9701783657073975,0.9729403257369995,0.5805327892303467,6.893130779266357,0.9833343029022217,0.9900735020637512
116,0.04750406742095947,0.43303966522216797,0.5650869011878967,0.5,0.5,0.9897058606147766,0.8818271160125732,0.5,0.9929850101470947,0.9916036128997803,0.9940003752708435,0.5,0.9906860589981079,0.4877147674560547,0.5,0.5,0.9885630011558533,0.9209132194519043,0.5,0.4962170124053955,0.9923487901687622,0.9895775318145752,0.9943799376487732,0.5,0.5,0.9864587187767029,0.49720150232315063,0.9238448143005371,0.9294823408126831,0.9228864908218384,0.916001558303833,0.9968708753585815,0.9475783109664917,0.5,0.9469422698020935,0.9783409833908081,0.9697614312171936,0.9906843900680542,0.4992620050907135,0.9942570924758911,0.989871084690094,0.5,0.49990710616111755,0.8897249698638916,0.9910664558410645,0.9761063456535339,0.9859456419944763,0.9708837270736694,0.9707961082458496,0.972794771194458,0.5830658078193665,6.795646905899048,0.9792947769165039,0.9897058606147766
117,0.04771177098155022,0.42236149311065674,0.564171552658081,0.5,0.5,0.9902573823928833,0.8876709938049316,0.5,0.993456244468689,0.9904183149337769,0.9946553707122803,0.5,0.9924312233924866,0.48836565017700195,0.5,0.5,0.9887412190437317,0.5351265072822571,0.5,0.49704742431640625,0.9923502206802368,0.9902231693267822,0.994377851486206,0.5,0.5,0.9841032028198242,0.49606889486312866,0.9213632941246033,0.925819993019104,0.9219763278961182,0.9132043123245239,0.9976258277893066,0.945989727973938,0.5,0.9453287720680237,0.9785134792327881,0.9717033505439758,0.9889318943023682,0.5,0.9934173822402954,0.989202618598938,0.5,0.5,0.8970670104026794,0.9899497628211975,0.9797548055648804,0.9861292243003845,0.9733420014381409,0.9728068113327026,0.9802191257476807,0.5706767439842224,6.678325176239014,0.986463725566864,0.9902573823928833
118,0.06003724783658981,0.4250330328941345,0.5671252608299255,0.5,0.5,0.9880514740943909,0.8907489776611328,0.5,0.9932669401168823,0.9890099763870239,0.9951089024543762,0.5,0.9900460839271545,0.4867207705974579,0.5,0.5,0.9867085218429565,0.6768317818641663,0.5,0.4967712163925171,0.9911569356918335,0.9890140295028687,0.9933505654335022,0.5,0.5,0.9857864379882812,0.4972856640815735,0.9224252700805664,0.9255844950675964,0.923552930355072,0.914084792137146,0.9966824650764465,0.9467455744743347,0.5,0.9481050968170166,0.9807302355766296,0.9742687940597534,0.9887412190437317,0.49815189838409424,0.9937095642089844,0.9885714054107666,0.5,0.4999070167541504,0.8867608904838562,0.9910564422607422,0.9828258752822876,0.9880044460296631,0.9702657461166382,0.9724438786506653,0.9834572076797485,0.5746323466300964,6.7435314655303955,0.9756325483322144,0.9880514740943909
119,0.05269113928079605,0.45977115631103516,0.5626384019851685,0.5,0.5,0.9884191155433655,0.8914222717285156,0.5,0.9934356212615967,0.9864391088485718,0.9927189350128174,0.5,0.9904041290283203,0.4857011139392853,0.5,0.5,0.9864190816879272,0.700578510761261,0.5,0.497787207365036,0.9910533428192139,0.9873709678649902,0.9928953647613525,0.5,0.5,0.9845563173294067,0.5085609555244446,0.9272883534431458,0.9273382425308228,0.9234131574630737,0.9164605140686035,0.9954346418380737,0.9478474855422974,0.5,0.9588806629180908,0.9790629148483276,0.9724329710006714,0.9906758069992065,0.4976916015148163,0.993991494178772,0.9879128932952881,0.5,0.5,0.8891061544418335,0.9892903566360474,0.9772516489028931,0.9873464703559875,0.9705390334129333,0.9699108600616455,0.9816573858261108,0.5658661723136902,6.677513599395752,0.9785454869270325,0.9884191155433655
120,0.04771583899855614,0.4243625998497009,0.568932831287384,0.5,0.5,0.9886029362678528,0.889919638633728,0.5,0.9938157796859741,0.989869236946106,0.9939148426055908,0.5,0.992250919342041,0.5178868174552917,0.5,0.5,0.9878273606300354,0.8502227663993835,0.5,0.4967688322067261,0.9928084015846252,0.9898636341094971,0.9937373399734497,0.5,0.5,0.9855058789253235,0.49719154834747314,0.9225941300392151,0.925350546836853,0.9213686585426331,0.9158255457878113,0.997440755367279,0.9471575617790222,0.5,0.960959792137146,0.9788433313369751,0.9706590175628662,0.9928966760635376,0.49833980202674866,0.9950018525123596,0.9894756078720093,0.5,0.49990713596343994,0.8873656988143921,0.9878320693969727,0.9738750457763672,0.9843082427978516,0.9690347909927368,0.9700950384140015,0.9789150953292847,0.567849338054657,6.566774368286133,0.9785983562469482,0.9886029362678528

121,0.05443715304136276,0.42922407388687134,0.5645952224731445,0.5,0.5,0.9878676533699036,0.888983428478241,0.5,0.9929980039596558,0.9883871078491211,0.9961247444152832,0.5,0.9915144443511963,0.7532655596733093,0.5,0.5,0.9869806170463562,0.9927175641059875,0.5,0.49566420912742615,0.9912426471710205,0.989383339881897,0.99317467212677,0.5,0.5,0.9852032661437988,0.49682894349098206,0.9248048663139343,0.9307823777198792,0.9219697117805481,0.9184120297431946,0.995904803276062,0.9501047134399414,0.5,0.9634169340133667,0.9769542813301086,0.970353901386261,0.9935424327850342,0.49981552362442017,0.9936040043830872,0.9899390935897827,0.5,0.4999070167541504,0.8930560350418091,0.9903184175491333,0.9768003225326538,0.9876934289932251,0.9730305671691895,0.9685815572738647,0.9782285094261169,0.5779500603675842,6.675733327865601,0.975152850151062,0.9878676533699036
122,0.04196910932660103,0.4269252121448517,0.5641635060310364,0.5,0.5,0.9908088445663452,0.8880343437194824,0.5,0.9930747747421265,0.9893205761909485,0.9937338829040527,0.5,0.9904963970184326,0.5816746950149536,0.5,0.5,0.9873616099357605,0.8181489706039429,0.5,0.49750784039497375,0.9928940534591675,0.9887349605560303,0.9929019212722778,0.5,0.5,0.9877432584762573,0.49710389971733093,0.9241503477096558,0.9286255836486816,0.9264733791351318,0.9186356663703918,0.9973459839820862,0.9472485780715942,0.5,0.9483282566070557,0.9792166948318481,0.9683908224105835,0.9925235509872437,0.5,0.9942687749862671,0.9888335466384888,0.5,0.49832651019096375,0.8918166756629944,0.987746000289917,0.9767311811447144,0.9853078126907349,0.9712932109832764,0.9673792123794556,0.9826208353042603,0.5801934003829956,6.719733953475952,0.9814790487289429,0.9908088445663452
123,0.046665772795677185,0.42907780408859253,0.5671453475952148,0.5,0.5,0.9900735020637512,0.8904176950454712,0.5,0.9922466278076172,0.9904077053070068,0.993820309638977,0.5,0.9910483360290527,0.5422763228416443,0.5,0.5,0.9879106283187866,0.6516897678375244,0.5,0.4978801906108856,0.9925317764282227,0.9892870187759399,0.9945652484893799,0.5,0.5,0.9860126972198486,0.558102548122406,0.9223301410675049,0.9248576760292053,0.9203658103942871,0.9155534505844116,0.9972412586212158,0.9462857246398926,0.5,0.9453733563423157,0.9788589477539062,0.968350887298584,0.9931822419166565,0.4996301829814911,0.9944362044334412,0.9899278879165649,0.5,0.49665364623069763,0.8906075358390808,0.9875441789627075,0.976456344127655,0.9855126142501831,0.9712183475494385,0.9688719511032104,0.9852285385131836,0.5813182592391968,6.808185577392578,0.980604350566864,0.9900735020637512
124,0.04851533845067024,0.40928781032562256,0.5673837661743164,0.5,0.5,0.9904412031173706,0.8882609605789185,0.5,0.9906809329986572,0.9884686470031738,0.992978572845459,0.5,0.9885566234588623,0.5896725654602051,0.5,0.5,0.9856353998184204,0.5626744627952576,0.5,0.49640020728111267,0.9911324977874756,0.9877215623855591,0.9923403263092041,0.5,0.5,0.9856956005096436,0.5410799980163574,0.9200265407562256,0.9275195598602295,0.9229667782783508,0.9160632491111755,0.996862530708313,0.9400684833526611,0.5,0.9533270001411438,0.9810885190963745,0.9713334441184998,0.9927108287811279,0.4989854395389557,0.9947212338447571,0.9915160536766052,0.5,0.4987911581993103,0.8871356844902039,0.9895968437194824,0.9798476696014404,0.9868934750556946,0.9701021313667297,0.9729804992675781,0.985785961151123,0.5819888114929199,6.607568264007568,0.9832011461257935,0.9904412031173706
125,0.050443291664123535,0.4209370017051697,0.5643117427825928,0.5,0.5,0.9898896813392639,0.8856980800628662,0.5,0.9939181804656982,0.9885672330856323,0.996678352355957,0.5,0.9917035102844238,0.5400877594947815,0.5,0.5,0.9871818423271179,0.5715686082839966,0.5,0.49741697311401367,0.9920810461044312,0.9902087450027466,0.9920620322227478,0.5,0.5,0.9858561158180237,0.5435067415237427,0.926048994064331,0.9315108060836792,0.9259927868843079,0.9188958406448364,0.997908353805542,0.9450455904006958,0.5,0.9532381296157837,0.9791551232337952,0.9695426821708679,0.9936240911483765,0.4983394742012024,0.9954663515090942,0.988745391368866,0.5,0.4992562234401703,0.8912196159362793,0.9884521961212158,0.9753304719924927,0.9853377938270569,0.969423770904541,0.9702657461166382,0.9747531414031982,0.5766545534133911,6.716698169708252,0.9789491295814514,0.9898896813392639
126,0.05390818044543266,0.42243948578834534,0.5672574639320374,0.5,0.5,0.9887867569923401,0.8888016939163208,0.5,0.9933640956878662,0.988825261592865,0.9951976537704468,0.5,0.9904041290283203,0.6384209394454956,0.5,0.5,0.9870800971984863,0.5722437500953674,0.5,0.49630314111709595,0.9905921220779419,0.9885587692260742,0.9912377595901489,0.5,0.5,0.987268328666687,0.49626657366752625,0.9227920174598694,0.92973792552948,0.9244816303253174,0.9161614179611206,0.9974319934844971,0.944105863571167,0.5,0.9530028700828552,0.9808294773101807,0.970163106918335,0.9937281012535095,0.4977847635746002,0.9937037229537964,0.9916129112243652,0.5,0.4990718364715576,0.8892087936401367,0.9907149076461792,0.9758633375167847,0.9870480895042419,0.9711896181106567,0.9694883823394775,0.9819635152816772,0.5787142515182495,6.805809736251831,0.9765313863754272,0.9887867569923401
127,0.04974684864282608,0.42696258425712585,0.5632011294364929,0.5,0.5,0.9906250238418579,0.887303352355957,0.5,0.9927148818969727,0.9889401197433472,0.9937269687652588,0.5,0.9908688068389893,0.7512447237968445,0.5,0.5,0.9881787896156311,0.8497709631919861,0.5,0.4969579577445984,0.9918789267539978,0.9887412190437317,0.9919800758361816,0.5,0.5,0.9870311617851257,0.49654269218444824,0.9240000247955322,0.9300758838653564,0.9258027672767639,0.9190883636474609,0.997529923915863,0.9479225873947144,0.5,0.9516067504882812,0.9810885190963745,0.9735087156295776,0.9937315583229065,0.49870967864990234,0.9947202801704407,0.9914222359657288,0.5,0.4999070167541504,0.8919144868850708,0.9903273582458496,0.9775301814079285,0.9875673055648804,0.9738166332244873,0.9714949131011963,0.9858919382095337,0.5808568000793457,6.674675464630127,0.9816819429397583,0.9906250238418579

