epoch,loss,SignClass_A_balanced_accuracy,SignClass_B_balanced_accuracy,SignClass_C_balanced_accuracy,SignClass_D_balanced_accuracy,accuracy,balanced_accuracy,balanced_accuracy_A13,balanced_accuracy_A14,balanced_accuracy_A15b,balanced_accuracy_A16,balanced_accuracy_A17a,balanced_accuracy_A19a,balanced_accuracy_A1a,balanced_accuracy_A1b,balanced_accuracy_A1c,balanced_accuracy_A32,balanced_accuracy_A33,balanced_accuracy_A34,balanced_accuracy_A4b2,balanced_accuracy_A7a,balanced_accuracy_A9,balanced_accuracy_B1,balanced_accuracy_B2a,balanced_accuracy_B3,balanced_accuracy_C13aa,balanced_accuracy_C13bb,balanced_accuracy_C14_100,balanced_accuracy_C14_120,balanced_accuracy_C14_20,balanced_accuracy_C14_30,balanced_accuracy_C14_50,balanced_accuracy_C14_60,balanced_accuracy_C14_70,balanced_accuracy_C14_80,balanced_accuracy_C17a,balanced_accuracy_C17b_80,balanced_accuracy_C17c,balanced_accuracy_C17d,balanced_accuracy_C1a,balanced_accuracy_C2,balanced_accuracy_C3e3,balanced_accuracy_D1a1,balanced_accuracy_D1a4,balanced_accuracy_D1a5,balanced_accuracy_D1a6,balanced_accuracy_D1a7,balanced_accuracy_D2a1,balanced_accuracy_D2a2,balanced_accuracy_D3,balanced_accuracy_invalid,epoch_elapsed,f1,recall
0,3.38026762008667,0.18335887789726257,0.19649067521095276,0.5121748447418213,0.4359855651855469,0.2560661733150482,0.6638936400413513,0.5,0.3282921314239502,0.4998153746128082,0.5,0.5,0.4983394742012024,0.3512640595436096,0.5,0.5,0.5,0.5,0.4998154044151306,0.5,0.5,0.4549640715122223,0.5,0.5,0.5,0.5,0.5,0.5,0.4998096227645874,0.49914854764938354,0.4611566960811615,0.49704650044441223,0.5,0.5,0.44797343015670776,0.6235296726226807,0.44999998807907104,0.5,0.5,0.5,0.5,0.5,0.40663009881973267,0.5,0.5,0.4614529311656952,0.4593163728713989,0.5,0.5,0.445498526096344,0.5780523419380188,5.9063720703125,0.012356544844806194,0.2560661733150482
1,2.5081942081451416,0.5001655220985413,0.5,0.5,0.4875730872154236,0.503125011920929,0.736751914024353,0.5,0.4969540238380432,0.5,0.5,0.5,0.5,0.48293358087539673,0.5,0.5,0.5,0.5,0.5,0.5,0.5,0.49548304080963135,0.5,0.5,0.5,0.5,0.5,0.5,0.5,0.49771255254745483,0.4500950574874878,0.5,0.4985719621181488,0.5,0.4746774733066559,0.48037227988243103,0.4925912320613861,0.5,0.5,0.5,0.5,0.5,0.3583000898361206,0.5,0.5,0.4984200596809387,0.40096619725227356,0.5,0.5,0.4745495021343231,0.5,6.099467754364014,0.015214516781270504,0.503125011920929

2,2.107297658920288,0.5,0.5,0.5,0.5050531029701233,0.5068014860153198,0.7406420707702637,0.5,0.5,0.5,0.5,0.5,0.5,0.5,0.5,0.5,0.5,0.5,0.5,0.5,0.5,0.5,0.5,0.5,0.5,0.5,0.5,0.4820581078529358,0.4985763132572174,0.43404296040534973,0.45813602209091187,0.48999619483947754,0.39223727583885193,0.4989529848098755,0.4597203731536865,0.5,0.5,0.5,0.5,0.5,0.5,0.5,0.4642062187194824,0.5,0.5,0.5,0.499813973903656,0.5,0.5,0.5,0.5,6.924953460693359,0.015288298949599266,0.5068014860153198
3,2.0761122703552246,0.5,0.5,0.5,0.4862040877342224,0.49687498807907104,0.7465885877609253,0.5,0.5,0.5,0.5,0.5,0.5,0.5,0.5,0.5,0.5,0.5,0.5,0.5,0.5,0.5,0.5,0.5,0.5,0.5,0.5,0.384111613035202,0.6443067789077759,0.42087286710739136,0.37780526280403137,0.5013958811759949,0.5050016641616821,0.3887920379638672,0.5852954983711243,0.5,0.5,0.5,0.5,0.5,0.5,0.5,0.5,0.5,0.5,0.5,0.5,0.5,0.5,0.5,0.5,6.6540234088897705,0.015088250860571861,0.49687498807907104
4,1.9791083335876465,0.5009101629257202,0.5,0.5,0.4347415268421173,0.5079044103622437,0.7884811162948608,0.5,0.5,0.5,0.5,0.5,0.5,0.5,0.5,0.5,0.5,0.5,0.5,0.5,0.5,0.5,0.5,0.5,0.5,0.5,0.5,0.37841081619262695,0.8738185167312622,0.5857194662094116,0.4045120179653168,0.8309297561645508,0.5251874327659607,0.4763176143169403,0.8035271167755127,0.5,0.5,0.5,0.5,0.5,0.5,0.5,0.5,0.5,0.5,0.5,0.5,0.5,0.5,0.5,0.5,6.47830057144165,0.015310363844037056,0.5079044103622437
5,1.975517749786377,0.5023971199989319,0.3573015332221985,0.5,0.38476526737213135,0.4950367510318756,0.8172858357429504,0.5,0.5,0.5,0.5,0.5,0.5,0.5,0.5,0.5,0.5,0.5,0.5,0.5,0.5,0.5,0.5,0.5,0.5,0.5,0.5,0.5386083722114563,0.9191497564315796,0.8078822493553162,0.5275512337684631,0.8316482305526733,0.6610329151153564,0.6929877996444702,0.849022626876831,0.5,0.5,0.5,0.5,0.5,0.5,0.5,0.5,0.5,0.5,0.5,0.5,0.5,0.5,0.5,0.5,6.596683502197266,0.015050916001200676,0.4950367510318756
6,1.9095335006713867,0.5025468468666077,0.3427758514881134,0.5023934841156006,0.34275731444358826,0.5020220875740051,0.8314487934112549,0.5,0.5,0.5,0.5,0.5,0.5,0.5,0.5,0.5,0.5,0.5,0.5,0.5,0.5,0.5,0.5,0.5,0.5,0.5,0.5,0.6322214603424072,0.8783732652664185,0.8090667128562927,0.7000775337219238,0.8078756332397461,0.7207224369049072,0.7283456921577454,0.8164858222007751,0.5,0.5,0.5,0.5,0.5,0.5,0.5,0.5,0.5,0.5,0.5,0.5,0.5,0.5,0.5,0.5,6.51161789894104,0.015192311257123947,0.5020220875740051
7,1.8566579818725586,0.5031306743621826,0.3719025254249573,0.49449771642684937,0.3076239228248596,0.504963219165802,0.8317095041275024,0.5,0.5,0.5,0.5,0.5,0.5,0.5,0.5,0.5,0.5,0.5,0.5,0.5,0.5,0.5,0.5,0.5,0.5,0.5,0.5,0.6707589030265808,0.8482653498649597,0.8026365637779236,0.7339503169059753,0.7872137427330017,0.7254883050918579,0.7212305068969727,0.8436552882194519,0.5,0.5,0.5,0.5,0.5,0.5,0.5,0.5,0.5,0.5,0.5,0.5,0.5,0.5,0.5,0.5,6.37247633934021,0.015251453034579754,0.504963219165802
8,1.8363511562347412,0.29647955298423767,0.3386519253253937,0.4768434464931488,0.32393139600753784,0.4952206015586853,0.8347917795181274,0.5,0.5,0.5,0.5,0.5,0.5,0.5,0.5,0.5,0.5,0.5,0.5,0.5,0.5,0.5,0.5,0.5,0.5,0.5,0.5,0.7484277486801147,0.8450436592102051,0.7993139028549194,0.7698382139205933,0.78870689868927,0.7415198087692261,0.7184466123580933,0.8355576992034912,0.5,0.5,0.5,0.5,0.5,0.5,0.5,0.5,0.5,0.5,0.5,0.5,0.5,0.5,0.5,0.5,6.437989711761475,0.015054653398692608,0.4952206015586853
9,1.7569807767868042,0.19232875108718872,0.390139102935791,0.46129000186920166,0.2881571650505066,0.4990808963775635,0.8390518426895142,0.5,0.5,0.5,0.5,0.5,0.5,0.5,0.5,0.5,0.5,0.5,0.5,0.5,0.5,0.5,0.5,0.5,0.5,0.5,0.5,0.7326402068138123,0.8686456680297852,0.7528175711631775,0.768712043762207,0.7993727326393127,0.7284408807754517,0.7021114826202393,0.8242960572242737,0.5,0.5,0.5,0.5,0.5,0.5,0.5,0.5,0.5053845047950745,0.5,0.5,0.5,0.5,0.5159431099891663,0.5,0.5,6.504510879516602,0.015132936649024487,0.4990808963775635
10,1.7136166095733643,0.13663922250270844,0.3900398015975952,0.4620410203933716,0.29094913601875305,0.49797794222831726,0.8425893783569336,0.5,0.5,0.5,0.5,0.5,0.5,0.5,0.5,0.5,0.5,0.5,0.5,0.5,0.5,0.5,0.5,0.5,0.5,0.5,0.5,0.7078962326049805,0.8751903772354126,0.7805132865905762,0.7645271420478821,0.8238809108734131,0.7037743330001831,0.7251567840576172,0.8281071186065674,0.5,0.5,0.5,0.5,0.5,0.5,0.5,0.5,0.6386780738830566,0.4994429051876068,0.49981436133384705,0.5,0.5,0.6591651439666748,0.49981391429901123,0.5,6.856777906417847,0.015110610984265804,0.49797794222831726

11,1.6192562580108643,0.09230528026819229,0.4457859992980957,0.46195366978645325,0.29174965620040894,0.510661780834198,0.8487025499343872,0.5,0.5,0.5,0.5,0.5,0.5,0.5,0.5,0.5,0.5,0.5,0.5,0.5,0.5,0.5,0.5,0.5,0.5,0.5,0.5,0.6889247894287109,0.874666690826416,0.7807384729385376,0.7549020051956177,0.8244630098342896,0.7087064385414124,0.7188035845756531,0.8400266170501709,0.5,0.49990734457969666,0.5,0.5,0.5,0.5,0.5,0.5,0.7283895611763,0.5497638583183289,0.49962881207466125,0.5,0.5,0.7014385461807251,0.49981382489204407,0.5,6.58060884475708,0.020419839769601822,0.510661780834198
12,1.5622445344924927,0.09915488213300705,0.40536096692085266,0.4523649215698242,0.27393144369125366,0.5284926295280457,0.8524089455604553,0.5,0.5,0.5,0.5,0.5,0.5,0.5,0.5,0.5,0.5,0.5,0.5,0.5,0.5,0.5,0.5,0.5,0.5,0.49953314661979675,0.5,0.7050332427024841,0.9003616571426392,0.7787526249885559,0.7453818321228027,0.7948203086853027,0.7147332429885864,0.7312464118003845,0.8426154851913452,0.5,0.49981507658958435,0.5,0.5,0.5,0.5,0.5,0.5,0.7432475090026855,0.7328140139579773,0.5274025797843933,0.5,0.5,0.7181065678596497,0.5890723466873169,0.501295804977417,6.6609251499176025,0.0394732728600502,0.5284926295280457

13,1.5293420553207397,0.08557295799255371,0.4285276234149933,0.46156543493270874,0.2636439800262451,0.5441176295280457,0.851874589920044,0.5,0.5,0.5,0.5,0.5,0.5,0.5,0.5,0.5,0.5,0.5,0.5,0.5,0.5,0.5,0.5,0.5,0.5,0.4959752857685089,0.5,0.7259505987167358,0.909332811832428,0.8056557178497314,0.7367870807647705,0.7977794408798218,0.7679281234741211,0.7580399513244629,0.8456426858901978,0.5,0.498704195022583,0.5,0.5,0.5,0.5,0.4998135268688202,0.5,0.807147741317749,0.7674634456634521,0.6066359877586365,0.4998139441013336,0.5,0.9090349674224854,0.6559964418411255,0.5026031732559204,6.478329658508301,0.04751799628138542,0.5441176295280457

14,1.474874496459961,0.09954187273979187,0.4443073570728302,0.4531467854976654,0.2696135342121124,0.5522058606147766,0.8575325012207031,0.5,0.5,0.5,0.5,0.5,0.5,0.5,0.5,0.5,0.5,0.5,0.5,0.5,0.5,0.5,0.5,0.5,0.5,0.4887976050376892,0.49700599908828735,0.7185594439506531,0.9111998081207275,0.813785195350647,0.7512315511703491,0.8243680000305176,0.7622888684272766,0.7829920053482056,0.8462706804275513,0.5,0.4981498718261719,0.5,0.5,0.5,0.5,0.499813050031662,0.5,0.8363246321678162,0.7151070237159729,0.7468631267547607,0.49860724806785583,0.5,0.9643787145614624,0.6752744913101196,0.5018740892410278,6.550600290298462,0.05117926374077797,0.5522058606147766
15,1.421683669090271,0.08776287734508514,0.4178793728351593,0.4576794505119324,0.29054099321365356,0.5595588088035583,0.8616920709609985,0.5,0.5,0.5,0.5,0.5,0.5,0.5,0.5,0.5,0.5,0.5,0.5,0.5,0.5,0.5,0.5,0.5,0.5,0.4795518219470978,0.48480328917503357,0.7158464789390564,0.9172065258026123,0.8293287754058838,0.7547510862350464,0.8517463803291321,0.7822335958480835,0.8064026832580566,0.846065878868103,0.5,0.5396791100502014,0.5,0.5,0.5,0.5,0.49495044350624084,0.49990713596343994,0.8522473573684692,0.7434877753257751,0.8102721571922302,0.547502338886261,0.5,0.9872127771377563,0.754491925239563,0.5013089179992676,6.6327924728393555,0.0557827353477478,0.5595588088035583

16,1.4147926568984985,0.08737783879041672,0.42962175607681274,0.4766656458377838,0.24933946132659912,0.5584558844566345,0.8625128269195557,0.5,0.5,0.5,0.5,0.5,0.5,0.5,0.5,0.5,0.5,0.5,0.5,0.5,0.5,0.5,0.5,0.5,0.5,0.46971961855888367,0.4800224006175995,0.7397221326828003,0.9327507615089417,0.8241831064224243,0.763729989528656,0.8526005744934082,0.7915160655975342,0.8273210525512695,0.8579685688018799,0.5,0.8348059058189392,0.5,0.5,0.5,0.5,0.5173746347427368,0.4946956932544708,0.8552217483520508,0.7836818695068359,0.8044461011886597,0.6122862100601196,0.49990713596343994,0.9807692170143127,0.6678711771965027,0.5033137202262878,6.595639228820801,0.06581653654575348,0.5584558844566345
17,1.3616974353790283,0.10314050316810608,0.4593084752559662,0.4837634861469269,0.2637295722961426,0.5733456015586853,0.8733370304107666,0.5,0.5,0.5,0.5,0.5,0.5,0.5,0.5,0.5,0.5,0.5,0.5,0.5,0.5,0.5,0.5,0.5,0.5,0.4687325060367584,0.45906707644462585,0.7460393309593201,0.9392789602279663,0.8222116231918335,0.7728397846221924,0.8699148893356323,0.7880775928497314,0.8312059640884399,0.8636623024940491,0.5,0.9821692705154419,0.5,0.5,0.5,0.5,0.8033613562583923,0.5861836671829224,0.8933424949645996,0.7996960878372192,0.8567090034484863,0.6572331190109253,0.4998141825199127,0.9746646881103516,0.720264732837677,0.5029183030128479,6.4670257568359375,0.0797237753868103,0.5733456015586853

18,1.2988325357437134,0.10957237333059311,0.43252089619636536,0.4850916266441345,0.26338252425193787,0.6003676652908325,0.877808690071106,0.5,0.5,0.5,0.5,0.5,0.5,0.5,0.5,0.5,0.5,0.5,0.5,0.5,0.5,0.5,0.5,0.5,0.5,0.4287850558757782,0.41925522685050964,0.762892484664917,0.9374520778656006,0.8539336919784546,0.7794229388237,0.8905688524246216,0.8027165532112122,0.8438270092010498,0.8628940582275391,0.5,0.9801815152168274,0.5,0.5,0.5,0.5,0.909157395362854,0.5318725109100342,0.9627669453620911,0.8089567422866821,0.8387142419815063,0.6500587463378906,0.49804940819740295,0.972428560256958,0.9125038385391235,0.5035567283630371,6.561586380004883,0.08802977204322815,0.6003676652908325

19,1.27176034450531,0.1053551733493805,0.4848892390727997,0.47820016741752625,0.24431046843528748,0.6014705896377563,0.8763659000396729,0.5,0.5,0.5,0.5,0.5,0.5,0.5,0.5,0.5,0.5,0.5,0.5,0.5,0.5,0.5,0.5,0.49962955713272095,0.5,0.3907712399959564,0.4086826741695404,0.7847512364387512,0.9405461549758911,0.8649677038192749,0.8049242496490479,0.8853472471237183,0.821326494216919,0.8522554636001587,0.8769464492797852,0.5,0.9701147079467773,0.5,0.5,0.5,0.5,0.9260959029197693,0.5847080945968628,0.9633240699768066,0.8009180426597595,0.7644703388214111,0.7216171026229858,0.5375622510910034,0.9725989103317261,0.8565841913223267,0.5031787753105164,6.700864791870117,0.09062287211418152,0.6014705896377563
20,1.2491191625595093,0.10073038935661316,0.4690333604812622,0.49077415466308594,0.2506263256072998,0.6022058725357056,0.878319501876831,0.5,0.5,0.5,0.5,0.5,0.5,0.5,0.5,0.5,0.5,0.5,0.5,0.5,0.5,0.5,0.5,0.4978695809841156,0.5,0.3682115972042084,0.5211480855941772,0.8092331290245056,0.9446760416030884,0.8668056130409241,0.822678804397583,0.8945817351341248,0.82817542552948,0.8621477484703064,0.8748340606689453,0.5,0.9642724990844727,0.5,0.5,0.5,0.5,0.904766321182251,0.6056484580039978,0.9614455699920654,0.8295835256576538,0.7600185871124268,0.7578656673431396,0.5552558898925781,0.9677569270133972,0.893838107585907,0.504077672958374,5.82894492149353,0.09832651168107986,0.6022058725357056

21,1.2120113372802734,0.08690986782312393,0.4707539975643158,0.4880065321922302,0.25585970282554626,0.6244485378265381,0.8890368342399597,0.5,0.5,0.5,0.5,0.5,0.5,0.5,0.5,0.5,0.5,0.5,0.5,0.5,0.5,0.5,0.5,0.4925829768180847,0.5,0.6144959926605225,0.7579335570335388,0.8127615451812744,0.9461508989334106,0.8895437121391296,0.8265693187713623,0.9004942178726196,0.846329391002655,0.8628787994384766,0.8764482736587524,0.5,0.9489531517028809,0.5,0.5,0.5,0.5,0.8992886543273926,0.6995466351509094,0.9517446160316467,0.9334572553634644,0.822460412979126,0.7639405727386475,0.5937222242355347,0.9635300636291504,0.8646186590194702,0.5033507943153381,6.298052787780762,0.11549503356218338,0.6244485378265381

22,1.1922940015792847,0.10572197288274765,0.45600730180740356,0.49194270372390747,0.2647377550601959,0.65625,0.8920891880989075,0.5,0.5,0.5,0.5,0.5,0.5,0.5,0.5,0.5,0.5,0.5,0.5,0.5,0.5,0.5,0.5,0.6667117476463318,0.5,0.7836893796920776,0.7405697703361511,0.8226418495178223,0.9435989856719971,0.9007024765014648,0.8474833965301514,0.9076427221298218,0.8497809171676636,0.868864893913269,0.8817265629768372,0.5,0.9436034560203552,0.5,0.5,0.5,0.5,0.876215398311615,0.6655539274215698,0.9581865072250366,0.9593435525894165,0.8153437376022339,0.759687066078186,0.5946982502937317,0.9653152227401733,0.8867406249046326,0.503850519657135,5.433952808380127,0.14247660338878632,0.65625

23,1.1260229349136353,0.13232240080833435,0.4803616404533386,0.4744773805141449,0.2428954839706421,0.6781250238418579,0.9010067582130432,0.5,0.5,0.5,0.5,0.5,0.5,0.5,0.5,0.5,0.5,0.5,0.5,0.5,0.5,0.5,0.5,0.6646758317947388,0.5,0.8065931797027588,0.7637024521827698,0.8413031101226807,0.951411247253418,0.9024320840835571,0.8582887649536133,0.9158055782318115,0.8573330640792847,0.874051570892334,0.8817132711410522,0.5,0.9464715719223022,0.5,0.5,0.5,0.5,0.8844643831253052,0.725921094417572,0.9585815668106079,0.9569413661956787,0.7108426094055176,0.8016672134399414,0.7097999453544617,0.9613953828811646,0.9284251928329468,0.503531813621521,5.419106483459473,0.15821360051631927,0.6781250238418579

24,1.1468820571899414,0.11446499824523926,0.46954113245010376,0.49243712425231934,0.26639997959136963,0.6702206134796143,0.8982237577438354,0.5,0.5,0.5,0.5,0.5,0.5,0.5,0.5,0.5,0.5,0.5,0.5,0.5,0.5,0.5,0.5,0.8643198013305664,0.5,0.8219562768936157,0.7864583730697632,0.8537995219230652,0.9469667673110962,0.906457781791687,0.8613964915275574,0.9215630292892456,0.8623879551887512,0.8771146535873413,0.8779863119125366,0.5,0.9283460378646851,0.4999076724052429,0.5,0.5,0.5,0.8861219882965088,0.8410254716873169,0.9469330906867981,0.9514662027359009,0.7513518333435059,0.7307243347167969,0.642690896987915,0.9547317028045654,0.935918927192688,0.5022878050804138,5.7342143058776855,0.16106131672859192,0.6702206134796143
25,1.0782800912857056,0.10464190691709518,0.5235086679458618,0.4851168394088745,0.26623842120170593,0.690625011920929,0.9054869413375854,0.5,0.5,0.5,0.5,0.5,0.5,0.5,0.5,0.5,0.5,0.5,0.5,0.5,0.5,0.5,0.5,0.9630523920059204,0.5,0.8272354006767273,0.843043327331543,0.8611322045326233,0.9459176063537598,0.9149686098098755,0.8699504137039185,0.938998818397522,0.8620426654815674,0.8709585666656494,0.8797793388366699,0.5,0.9202334880828857,0.4999077022075653,0.5,0.5,0.5,0.8883686065673828,0.7635139226913452,0.95253986120224,0.9561745524406433,0.7684289216995239,0.7742191553115845,0.7368531227111816,0.9570392370223999,0.934095561504364,0.5014405250549316,6.112942218780518,0.16555678844451904,0.690625011920929

26,1.0488361120224,0.09972525388002396,0.46732616424560547,0.4864785969257355,0.2747133672237396,0.7204043865203857,0.9032553434371948,0.5,0.5,0.5,0.5,0.5,0.5,0.5,0.5,0.5,0.5,0.5,0.5,0.5,0.5,0.5,0.5,0.9544613361358643,0.5,0.8387458324432373,0.8422574996948242,0.8640942573547363,0.949226975440979,0.9172229766845703,0.8859066963195801,0.9407470226287842,0.8705993890762329,0.8745737075805664,0.8889205455780029,0.5,0.9193041324615479,0.49926266074180603,0.5,0.5,0.5,0.8879567384719849,0.7490079402923584,0.9554336071014404,0.9573657512664795,0.8494913578033447,0.7588000893592834,0.7508585453033447,0.9594619274139404,0.9332774877548218,0.5035207867622375,5.825098037719727,0.1851939558982849,0.7204043865203857

27,1.0267622470855713,0.17143917083740234,0.4962504506111145,0.49574941396713257,0.2596498131752014,0.7147058844566345,0.9065812826156616,0.5,0.5,0.5,0.5,0.5,0.5,0.5,0.5,0.49963077902793884,0.5,0.5,0.5,0.5,0.5,0.5,0.5,0.9396103620529175,0.5,0.8353521823883057,0.8851788640022278,0.8688914179801941,0.950037956237793,0.9176313877105713,0.8959444165229797,0.9448766708374023,0.8765913248062134,0.8795579075813293,0.8850607872009277,0.5,0.9111049175262451,0.49898561835289,0.5,0.5,0.5,0.8916168808937073,0.7753170728683472,0.947236180305481,0.9511061906814575,0.8761056661605835,0.7042696475982666,0.7915167808532715,0.9564489126205444,0.9178465008735657,0.5047019124031067,5.443634271621704,0.1869216412305832,0.7147058844566345
28,1.0345410108566284,0.18012717366218567,0.4795718193054199,0.49624213576316833,0.2873704731464386,0.7139706015586853,0.9044075012207031,0.5,0.5,0.5,0.5,0.5,0.5,0.5,0.5,0.4986167550086975,0.5,0.5,0.5,0.5,0.5,0.5,0.5,0.9368401765823364,0.5,0.8370481729507446,0.8781150579452515,0.868175745010376,0.9481509923934937,0.9215630292892456,0.9042938947677612,0.9447613954544067,0.8737133145332336,0.8824033737182617,0.8840510845184326,0.5,0.9122985601425171,0.49852535128593445,0.5,0.5,0.5,0.8969600796699524,0.7363951206207275,0.9474173188209534,0.9523588418960571,0.799035906791687,0.8359966278076172,0.7560408711433411,0.9572625756263733,0.9199516773223877,0.5038427114486694,5.513905763626099,0.19166700541973114,0.7139706015586853
29,1.0213098526000977,0.15555188059806824,0.43241652846336365,0.49558231234550476,0.2709536850452423,0.7257353067398071,0.9022871255874634,0.5,0.5,0.5,0.5,0.5,0.5,0.5,0.5,0.49732670187950134,0.5,0.5,0.5,0.5,0.5,0.5,0.5,0.9381939172744751,0.5,0.8166167736053467,0.8686233758926392,0.8747620582580566,0.9502283930778503,0.9295467138290405,0.9086775183677673,0.9465546607971191,0.8779423236846924,0.8784399032592773,0.8928912878036499,0.5,0.9188762903213501,0.49797123670578003,0.5,0.5,0.5,0.8979248404502869,0.7213108539581299,0.9547309875488281,0.9551448822021484,0.8025603294372559,0.8994797468185425,0.8413642644882202,0.9598811268806458,0.9203975200653076,0.5069802403450012,5.465564250946045,0.20268110930919647,0.7257353067398071
30,0.9805316925048828,0.13111913204193115,0.4604993760585785,0.49229708313941956,0.273537278175354,0.7283087968826294,0.9067651033401489,0.5,0.5,0.5,0.5,0.5,0.5,0.5,0.5,0.4984299838542938,0.5,0.5,0.5,0.5,0.5,0.5,0.5,0.9395675659179688,0.5,0.8264942765235901,0.8670660853385925,0.8708910942077637,0.9539772868156433,0.9296994209289551,0.9142259359359741,0.9481643438339233,0.8835707902908325,0.8810476064682007,0.8928979635238647,0.5,0.9163885712623596,0.4961247444152832,0.5,0.5,0.5,0.895022451877594,0.8158286809921265,0.956081748008728,0.9548914432525635,0.9294610023498535,0.8909648656845093,0.7582562565803528,0.9628114700317383,0.9236626625061035,0.5100005269050598,5.811293840408325,0.20701082050800323,0.7283087968826294

31,0.9366036653518677,0.16842558979988098,0.4913589060306549,0.49286651611328125,0.25339803099632263,0.7386029362678528,0.9096934795379639,0.5,0.5,0.5,0.5,0.5,0.5,0.5,0.5,0.49843114614486694,0.5,0.5,0.5,0.5,0.5,0.5,0.5,0.9381252527236938,0.5,0.812488317489624,0.8856741189956665,0.8803669214248657,0.9488474130630493,0.9320424795150757,0.918147087097168,0.9529914855957031,0.8839931488037109,0.8862088918685913,0.8861508965492249,0.5,0.9094692468643188,0.4925290644168854,0.5,0.5,0.5,0.902559757232666,0.9103184938430786,0.9551293849945068,0.9550259709358215,0.9182477593421936,0.891679048538208,0.7743756771087646,0.9610159993171692,0.9276828765869141,0.5134245753288269,5.54972767829895,0.20109784603118896,0.7386029362678528

32,0.9299802780151367,0.15827223658561707,0.47946515679359436,0.4959244132041931,0.2698518633842468,0.7181985378265381,0.9095053672790527,0.5,0.5,0.5,0.5,0.5,0.5,0.5,0.5,0.49778228998184204,0.5,0.5,0.5,0.5,0.5,0.5,0.5,0.9325374364852905,0.5,0.8305653929710388,0.8754458427429199,0.8843092918395996,0.9552352428436279,0.9308480024337769,0.9237127304077148,0.951747715473175,0.8877705931663513,0.8876479864120483,0.8951075673103333,0.5,0.9160807132720947,0.48716291785240173,0.5,0.5,0.5,0.8984681367874146,0.9070549011230469,0.9515500068664551,0.9534213542938232,0.9150381684303284,0.8899739980697632,0.7640265822410583,0.9615885019302368,0.927112340927124,0.5173566937446594,5.740044355392456,0.1944309026002884,0.7181985378265381
33,0.883928120136261,0.2021254301071167,0.4502396881580353,0.4917744994163513,0.2673610746860504,0.7488970756530762,0.9113414287567139,0.5,0.5,0.5,0.5,0.5,0.5,0.5,0.5,0.4981570243835449,0.5,0.5,0.5,0.5,0.5,0.5,0.5,0.9348549246788025,0.5,0.8373156785964966,0.8800786733627319,0.8844765424728394,0.9539498686790466,0.9367052316665649,0.9295922517776489,0.9572349786758423,0.8875047564506531,0.889427661895752,0.8962138891220093,0.49990788102149963,0.916049599647522,0.47338753938674927,0.5,0.5,0.5,0.9039145708084106,0.9026458263397217,0.952965259552002,0.9557102918624878,0.9173009395599365,0.8927907943725586,0.7275593280792236,0.9603159427642822,0.9299238920211792,0.5116419196128845,5.675451278686523,0.20822910964488983,0.7488970756530762

34,0.9064662456512451,0.17790260910987854,0.482761025428772,0.4917133152484894,0.27638518810272217,0.7336397171020508,0.9103497266769409,0.5,0.5,0.5,0.5,0.5,0.5,0.5,0.5,0.7302951216697693,0.5,0.7990766763687134,0.5,0.5,0.5,0.5,0.5,0.9308362603187561,0.5,0.8343627452850342,0.8872173428535461,0.8765876889228821,0.9541999101638794,0.9320740699768066,0.9375832676887512,0.9615092873573303,0.885171115398407,0.8841066360473633,0.8974652290344238,0.4977859854698181,0.9152621030807495,0.47070205211639404,0.5,0.49990731477737427,0.5,0.911918044090271,0.9043324589729309,0.9529039859771729,0.9552475214004517,0.9163565635681152,0.8869710564613342,0.7563505172729492,0.960460364818573,0.9277612566947937,0.5195021033287048,5.428385019302368,0.21710047125816345,0.7336397171020508
35,0.8802168965339661,0.17906513810157776,0.4624260663986206,0.5015715956687927,0.30309680104255676,0.7409926652908325,0.9113030433654785,0.5,0.5,0.5,0.5,0.5,0.5,0.5,0.5,0.9312751293182373,0.5,0.9978770613670349,0.5,0.5,0.5,0.5,0.5,0.9232981204986572,0.5,0.833488941192627,0.8912149667739868,0.8823809623718262,0.9532532095909119,0.9364567399024963,0.9423699378967285,0.9643669128417969,0.8887186050415039,0.8831846714019775,0.8993358612060547,0.49455517530441284,0.9174676537513733,0.48897191882133484,0.49990761280059814,0.49944454431533813,0.5,0.9158406257629395,0.9078898429870605,0.9482342004776001,0.950482189655304,0.9143282175064087,0.8875232934951782,0.7250536680221558,0.962067723274231,0.9175823926925659,0.5282975435256958,5.492023229598999,0.22088901698589325,0.7409926652908325
36,0.8450734615325928,0.21548548340797424,0.4695431590080261,0.4854699373245239,0.28447145223617554,0.763051450252533,0.9168818593025208,0.5,0.5,0.5,0.5,0.5,0.5,0.5,0.5,0.9963982105255127,0.5,0.9976019263267517,0.5,0.5,0.5,0.5,0.5,0.9202965497970581,0.5,0.8416775465011597,0.9011399745941162,0.8855674266815186,0.9576061964035034,0.9353612065315247,0.9627981781959534,0.9606066346168518,0.8944718837738037,0.8991652727127075,0.904883623123169,0.5405634641647339,0.9205175638198853,0.7534107565879822,0.5,0.4987974166870117,0.5,0.9243359565734863,0.9106046557426453,0.9537674188613892,0.9543852806091309,0.9184772372245789,0.8784863948822021,0.7106655836105347,0.9643919467926025,0.920695424079895,0.5273648500442505,5.5937793254852295,0.23978082835674286,0.763051450252533

37,0.8258602619171143,0.1708204746246338,0.5146639943122864,0.48174208402633667,0.25360816717147827,0.7672793865203857,0.9179078340530396,0.5,0.5,0.5,0.5,0.5,0.5,0.5,0.49990764260292053,0.9966795444488525,0.5,0.9981546401977539,0.5,0.5,0.5,0.5,0.5,0.918580949306488,0.5,0.8493829369544983,0.906879186630249,0.8898063898086548,0.9569770097732544,0.9358778595924377,0.9667935371398926,0.9669013023376465,0.8919788002967834,0.8993339538574219,0.8968827128410339,0.8332494497299194,0.9158956408500671,0.9683579206466675,0.49990788102149963,0.4989827871322632,0.4998152554035187,0.9205756187438965,0.9026408791542053,0.9510476589202881,0.9541224241256714,0.9129260778427124,0.8854727745056152,0.6865861415863037,0.9634668827056885,0.9199962615966797,0.5279087424278259,5.544056415557861,0.2429267317056656,0.7672793865203857
38,0.7995835542678833,0.18865953385829926,0.4519963264465332,0.4903734624385834,0.2492312341928482,0.7711396813392639,0.9204813241958618,0.5,0.5,0.5,0.5,0.5,0.5,0.5,0.499907910823822,0.9963085651397705,0.5,0.9976023435592651,0.5,0.5,0.5,0.5,0.5,0.9211257100105286,0.5,0.8438782691955566,0.9094561338424683,0.8934832215309143,0.9543899297714233,0.939045250415802,0.9645975828170776,0.9653729200363159,0.8954173922538757,0.9017109870910645,0.9007437229156494,0.7757493257522583,0.9162812232971191,0.9683637619018555,0.4996311366558075,0.49851852655410767,0.4982481896877289,0.9273033142089844,0.9052720069885254,0.952075183391571,0.9536092281341553,0.9112558364868164,0.8868029713630676,0.7291382551193237,0.9613881707191467,0.9233419895172119,0.5324475765228271,5.805963516235352,0.2404627501964569,0.7711396813392639
39,0.8065117597579956,0.19779470562934875,0.45866209268569946,0.4975845515727997,0.26977071166038513,0.7672793865203857,0.9160845279693604,0.5,0.5,0.5,0.5,0.5,0.5,0.5,0.5,0.9965879917144775,0.5,0.9983401298522949,0.5,0.5,0.5,0.5,0.5,0.9246993660926819,0.5,0.8524253368377686,0.9100186824798584,0.8979301452636719,0.9556974172592163,0.9427785277366638,0.9677480459213257,0.9663634300231934,0.8984434604644775,0.9022814035415649,0.8997904062271118,0.9897620677947998,0.915647029876709,0.9668941497802734,0.4980602264404297,0.49888867139816284,0.49833765625953674,0.9265446662902832,0.9060876369476318,0.9509931206703186,0.9548836946487427,0.9102374315261841,0.8895283937454224,0.6616232991218567,0.9622834920883179,0.9232268929481506,0.5308510065078735,5.85223126411438,0.24516189098358154,0.7672793865203857
40,0.7771419882774353,0.21228402853012085,0.48737600445747375,0.4883309602737427,0.27308017015457153,0.7775735259056091,0.9202569127082825,0.5,0.5,0.4971407353878021,0.5,0.5,0.5,0.5,0.4999076724052429,0.9964008927345276,0.5,0.9978786110877991,0.5,0.5,0.5,0.5,0.8157894611358643,0.9255654811859131,0.5,0.8556653261184692,0.9029053449630737,0.896686315536499,0.9598180055618286,0.938829779624939,0.9665780067443848,0.9664009213447571,0.9081168174743652,0.902107834815979,0.9069966077804565,0.986628532409668,0.9169133901596069,0.9646874666213989,0.4858960211277008,0.4954621195793152,0.49824851751327515,0.9279969930648804,0.913176417350769,0.955518364906311,0.9555348753929138,0.9164190292358398,0.887627899646759,0.7970854640007019,0.9643784761428833,0.927085280418396,0.5342592000961304,5.774833917617798,0.2631966471672058,0.7775735259056091

41,0.7604305744171143,0.21631723642349243,0.43793752789497375,0.48698320984840393,0.2624036371707916,0.783823549747467,0.9210413694381714,0.49981531500816345,0.5,0.4965886175632477,0.5,0.5,0.5,0.5,0.4995388388633728,0.9959431886672974,0.5,0.9981546401977539,0.5,0.5,0.5,0.4999076724052429,1.0,0.9282677173614502,0.5,0.8636703491210938,0.9045844078063965,0.9026641249656677,0.9560502171516418,0.9490009546279907,0.9668065309524536,0.9688689708709717,0.902448296546936,0.9076055884361267,0.8998279571533203,0.9833886623382568,0.909074068069458,0.9636933207511902,0.4814473092556,0.4745417535305023,0.4979727268218994,0.92890465259552,0.9124141931533813,0.9557974934577942,0.9547398090362549,0.9103281497955322,0.8880319595336914,0.8678982257843018,0.9673044681549072,0.9287571907043457,0.5335397720336914,6.060292959213257,0.2637578547000885,0.783823549747467

42,0.7294836640357971,0.2015841007232666,0.442609578371048,0.49043887853622437,0.24948614835739136,0.7867646813392639,0.924538254737854,0.5,0.5,0.49686750769615173,0.5,0.4998156726360321,0.5,0.4994460940361023,0.4994466006755829,0.9961276054382324,0.5,0.997877836227417,0.5,0.5,0.5,0.5,1.0,0.9290727376937866,0.5,0.8639589548110962,0.9112375974655151,0.9028544425964355,0.9561620354652405,0.943683385848999,0.967766523361206,0.9706329703330994,0.9023786783218384,0.9051296710968018,0.8984583616256714,0.9809005260467529,0.9143068790435791,0.9655904173851013,0.4772266149520874,0.4621801972389221,0.49815633893013,0.9320089817047119,0.9140204191207886,0.9551115036010742,0.9558303952217102,0.9114699363708496,0.890868604183197,0.8770461082458496,0.9672131538391113,0.9297919869422913,0.5308789014816284,5.921979665756226,0.2661120295524597,0.7867646813392639
43,0.74330073595047,0.24216784536838531,0.5080760717391968,0.48758774995803833,0.25147533416748047,0.7768382430076599,0.9204963445663452,0.4997229278087616,0.5,0.4962170124053955,0.5,0.4975059926509857,0.5,0.4988003075122833,0.4986169934272766,0.996674656867981,0.5,0.9950230121612549,0.5,0.4997231960296631,0.5,0.5,0.9999078512191772,0.9321296215057373,0.5,0.8565811514854431,0.9155613780021667,0.9065172076225281,0.9575930833816528,0.9439696073532104,0.9663379192352295,0.9713363647460938,0.9057283401489258,0.9067298173904419,0.902513325214386,0.9773901700973511,0.910277783870697,0.9634686708450317,0.4798082113265991,0.4418518543243408,0.49852344393730164,0.9339481592178345,0.9120919704437256,0.9539546966552734,0.9555513858795166,0.9151312112808228,0.8928438425064087,0.8724195957183838,0.9663622379302979,0.9315348863601685,0.5344423651695251,5.877315044403076,0.2776537537574768,0.7768382430076599
44,0.7137460112571716,0.20160093903541565,0.4611263871192932,0.4868070185184479,0.23188915848731995,0.7917279601097107,0.9233263731002808,0.4999076724052429,0.5,0.6049112677574158,0.5,0.4842309057712555,0.5,0.49806272983551025,0.4956609904766083,0.9939091801643372,0.5,0.9950193762779236,0.5,0.4965886175632477,0.5,0.5,0.9999077320098877,0.9330365657806396,0.5,0.8570760488510132,0.9134345054626465,0.9064748287200928,0.9596314430236816,0.9483577013015747,0.9687916040420532,0.973934531211853,0.9160812497138977,0.9111980199813843,0.9055745601654053,0.978581964969635,0.915896475315094,0.9620066285133362,0.4773062765598297,0.44999998807907104,0.4979701042175293,0.9328789710998535,0.9124698042869568,0.959833025932312,0.9572864174842834,0.9153803586959839,0.8938324451446533,0.8802895545959473,0.9689418077468872,0.9322993755340576,0.5374822020530701,5.5182225704193115,0.2842552661895752,0.7917279601097107
45,0.7130649089813232,0.22122031450271606,0.4779711067676544,0.49569258093833923,0.24937677383422852,0.7911764979362488,0.920583963394165,0.49926266074180603,0.5,0.5189193487167358,0.5,0.4835732877254486,0.5,0.4985245168209076,0.49362173676490784,0.9941849708557129,0.5,0.9949177503585815,0.5,0.4958471655845642,0.5,0.5,1.0,0.9321672916412354,0.5,0.8601829409599304,0.9082679748535156,0.9082057476043701,0.9580333232879639,0.9493082761764526,0.971540093421936,0.9725754261016846,0.9218451976776123,0.912055492401123,0.9083744883537292,0.9747372269630432,0.9156793355941772,0.9622763395309448,0.4729505181312561,0.4279078543186188,0.4983373284339905,0.9324854612350464,0.913924515247345,0.9595096707344055,0.9585429430007935,0.9164350628852844,0.9016150236129761,0.8842790722846985,0.969741940498352,0.9406244158744812,0.5393739938735962,5.791356563568115,0.28924208879470825,0.7911764979362488
46,0.6896731853485107,0.23076580464839935,0.4449358880519867,0.49510425329208374,0.23077550530433655,0.8020220398902893,0.9217830896377563,0.49843114614486694,0.5,0.8806442022323608,0.5,0.48709678649902344,0.4999077618122101,0.4976954162120819,0.49123939871788025,0.9924354553222656,0.5,0.9940025806427002,0.5,0.4960353970527649,0.5,0.4996304512023926,0.9999077320098877,0.9293518662452698,0.5,0.8760508298873901,0.9127385020256042,0.9085506200790405,0.9578897356987,0.9462590217590332,0.9745216965675354,0.9764417409896851,0.9202278852462769,0.9043461680412292,0.9089353680610657,0.9745621681213379,0.9183200597763062,0.9658442139625549,0.4682598412036896,0.388301819562912,0.49741458892822266,0.9362258911132812,0.90950608253479,0.9559724926948547,0.9551781415939331,0.9198997616767883,0.9051772356033325,0.8860170841217041,0.9709659814834595,0.9430826306343079,0.5424452424049377,5.667082071304321,0.3084191083908081,0.8020220398902893

47,0.6537121534347534,0.24675747752189636,0.43281635642051697,0.48944291472435,0.23649437725543976,0.7983455657958984,0.9265753030776978,0.4979701042175293,0.5,0.9078000783920288,0.5,0.5570671558380127,0.5,0.4976949989795685,0.49077489972114563,0.9935400485992432,0.5,0.9940047860145569,0.499907910823822,0.4961233139038086,0.49990788102149963,0.49889299273490906,1.0,0.930290699005127,0.5,0.8643324375152588,0.9176931381225586,0.9063870310783386,0.9566084146499634,0.9417078495025635,0.973021924495697,0.9733587503433228,0.9311559796333313,0.909332811832428,0.9079346656799316,0.9701051712036133,0.9168828725814819,0.9618151187896729,0.4613397419452667,0.4109158217906952,0.4929811656475067,0.9348598122596741,0.9098528623580933,0.9600446224212646,0.9550603628158569,0.9233196973800659,0.8940181732177734,0.8831132650375366,0.9704680442810059,0.9368976950645447,0.5386332273483276,5.671062469482422,0.28621968626976013,0.7983455657958984
48,0.6456860899925232,0.26705801486968994,0.45465654134750366,0.47657015919685364,0.2376682609319687,0.8033088445663452,0.9267399311065674,0.49787941575050354,0.5,0.9967712163925171,0.5,0.6278812289237976,0.4999077618122101,0.4979678690433502,0.4925304353237152,0.9941946268081665,0.4994471073150635,0.9950221180915833,0.5,0.4970507025718689,0.5,0.4982462525367737,0.9999077320098877,0.9296412467956543,0.5,0.872075617313385,0.9190147519111633,0.9116415977478027,0.9571455717086792,0.9433728456497192,0.9691638350486755,0.9768236875534058,0.9296162724494934,0.9138062000274658,0.910592257976532,0.966740608215332,0.9142777919769287,0.9618503451347351,0.4582180380821228,0.42862433195114136,0.49004241824150085,0.9403917789459229,0.9069702625274658,0.9580309391021729,0.9562233686447144,0.9205728769302368,0.8959145545959473,0.8791372179985046,0.9726409912109375,0.9414447546005249,0.5395478010177612,6.168818712234497,0.3027416169643402,0.8033088445663452
49,0.6592028737068176,0.2528061866760254,0.45584532618522644,0.48271846771240234,0.21585223078727722,0.8038603067398071,0.92406165599823,0.49732571840286255,0.49935388565063477,0.994927167892456,0.5,0.7142549753189087,0.5,0.49751150608062744,0.49049991369247437,0.9919697046279907,0.4945390522480011,0.993635892868042,0.8912865519523621,0.4959387183189392,0.5,0.49861598014831543,0.9998154044151306,0.9286507368087769,0.5,0.8661918640136719,0.9167288541793823,0.9105852842330933,0.9540185928344727,0.9364609122276306,0.9731498956680298,0.9784793257713318,0.9284356832504272,0.9140625,0.9130063056945801,0.9600813388824463,0.918580949306488,0.9637253284454346,0.45987826585769653,0.43049120903015137,0.49086883664131165,0.9385981559753418,0.912606954574585,0.9572570323944092,0.9564288258552551,0.9192558526992798,0.897476315498352,0.8896104097366333,0.9708674550056458,0.9400297403335571,0.544715166091919,5.968952655792236,0.30822113156318665,0.8038603067398071
50,0.6396846771240234,0.26274412870407104,0.44933977723121643,0.4844997525215149,0.23931623995304108,0.8031250238418579,0.9260644912719727,0.4959394633769989,0.497970849275589,0.9951080083847046,0.5,0.5891634821891785,0.4985223412513733,0.49750739336013794,0.4906878173351288,0.9925180077552795,0.48636195063591003,0.9934526085853577,0.9974141120910645,0.49557358026504517,0.4999077618122101,0.4978801906108856,0.9999076128005981,0.9310185313224792,0.5,0.8665360808372498,0.9229764938354492,0.9138388633728027,0.9458048343658447,0.9418582916259766,0.9738450050354004,0.9767530560493469,0.9323551654815674,0.913743793964386,0.9108092784881592,0.9524511694908142,0.9144285917282104,0.9535312652587891,0.7041512727737427,0.4055154621601105,0.49142223596572876,0.9417737722396851,0.9128090739250183,0.9582560062408447,0.9577674269676208,0.9169920086860657,0.8982152938842773,0.8948837518692017,0.9697082042694092,0.9393235445022583,0.5470226407051086,6.015907526016235,0.31674066185951233,0.8031250238418579

51,0.622204601764679,0.29880785942077637,0.47635990381240845,0.4809817969799042,0.23497742414474487,0.8125,0.9286465644836426,0.49723654985427856,0.4981532692909241,0.9966740608215332,0.5,0.813185453414917,0.4865313768386841,0.49852535128593445,0.48829278349876404,0.9937373399734497,0.4872693717479706,0.9946534037590027,0.9975087642669678,0.49668264389038086,0.49990782141685486,0.4980670213699341,1.0,0.9329200983047485,0.5,0.8723682165145874,0.9222429990768433,0.9128787517547607,0.9492366313934326,0.9461772441864014,0.9756746292114258,0.9781534671783447,0.9296815395355225,0.9142475128173828,0.9117144346237183,0.9590088129043579,0.9185487031936646,0.9558959007263184,0.7469112873077393,0.4126807451248169,0.4912329316139221,0.942552387714386,0.9093866348266602,0.9595574140548706,0.9568853378295898,0.9192408323287964,0.8976956009864807,0.8925580978393555,0.9716805815696716,0.9437326192855835,0.535332977771759,6.551633596420288,0.31657254695892334,0.8125

52,0.5977190136909485,0.3135874271392822,0.44173070788383484,0.48246437311172485,0.2501899003982544,0.8136029243469238,0.9293882846832275,0.4964068531990051,0.4959402084350586,0.9937281012535095,0.49990782141685486,0.9782367944717407,0.4819878041744232,0.497877836227417,0.48919469118118286,0.9941881895065308,0.4831055998802185,0.9945582151412964,0.9964022040367126,0.49557358026504517,0.49981552362442017,0.49677300453186035,1.0,0.9328951835632324,0.5,0.8804550170898438,0.9255139827728271,0.9162387847900391,0.9453924894332886,0.9433675408363342,0.9735838174819946,0.9786365032196045,0.9363359808921814,0.918328583240509,0.9119496941566467,0.9573114514350891,0.9174227118492126,0.9509785771369934,0.6215303540229797,0.40243902802467346,0.4890342652797699,0.9430462121963501,0.9070631861686707,0.9574408531188965,0.9552211165428162,0.919639527797699,0.9016561508178711,0.8962439298629761,0.9705499410629272,0.9420357346534729,0.5396665334701538,6.020792245864868,0.3302627503871918,0.8136029243469238
53,0.6062341928482056,0.287916362285614,0.45386621356010437,0.48956361413002014,0.224247545003891,0.8125,0.9289543628692627,0.4956682026386261,0.49437060952186584,0.9929006099700928,0.5,0.9768193960189819,0.4788018465042114,0.49815601110458374,0.5838709473609924,0.9936287999153137,0.48063087463378906,0.9945541620254517,0.994270920753479,0.4939159154891968,0.49981531500816345,0.49677181243896484,1.0,0.9307663440704346,0.5,0.8749066591262817,0.9210624694824219,0.9165397882461548,0.9500946998596191,0.9424871206283569,0.9733829498291016,0.9777566194534302,0.9354501962661743,0.9174111485481262,0.9121673107147217,0.9599078297615051,0.917345404624939,0.9465373754501343,0.4805350601673126,0.4198961555957794,0.49105826020240784,0.943190336227417,0.9096407890319824,0.9562104940414429,0.9553155899047852,0.9274823665618896,0.8971518874168396,0.9004831910133362,0.9709995985031128,0.9445991516113281,0.5417748093605042,6.166720867156982,0.3471159338951111,0.8125
54,0.5693946480751038,0.3395211100578308,0.44774436950683594,0.4825364947319031,0.2467680275440216,0.8323529362678528,0.9308054447174072,0.4969596564769745,0.49408939480781555,0.9944690465927124,0.5,0.9776629209518433,0.47960877418518066,0.49750831723213196,0.629448652267456,0.9934598207473755,0.4824593663215637,0.9955694675445557,0.9906809329986572,0.49410247802734375,0.4999077618122101,0.4929928183555603,0.9999076724052429,0.9339133501052856,0.5,0.8868136405944824,0.9227255582809448,0.9197413325309753,0.9410026669502258,0.95215904712677,0.9754939079284668,0.9815694093704224,0.932285726070404,0.9138587713241577,0.917427659034729,0.9572035074234009,0.9173469543457031,0.950184166431427,0.9518716335296631,0.39668580889701843,0.4895794987678528,0.9488402605056763,0.9113994836807251,0.9629148840904236,0.9600930213928223,0.9313324689865112,0.9066444039344788,0.907799482345581,0.9722996950149536,0.9495071172714233,0.5409658551216125,5.828537225723267,0.364360511302948,0.8323529362678528

55,0.5850578546524048,0.29554444551467896,0.47577592730522156,0.4849458932876587,0.2412644624710083,0.8233456015586853,0.9318997859954834,0.49556705355644226,0.49418818950653076,0.9936323165893555,0.499907910823822,0.9745199680328369,0.5363744497299194,0.49806487560272217,0.5797048211097717,0.9940025806427002,0.4802728593349457,0.9939091801643372,0.9894775748252869,0.49382033944129944,0.4994471073150635,0.49382147192955017,0.9999077320098877,0.936087429523468,0.5,0.8703945875167847,0.9234360456466675,0.9182043075561523,0.9448878765106201,0.9512357711791992,0.9704874753952026,0.9797362089157104,0.935619056224823,0.913084864616394,0.916714072227478,0.9514158964157104,0.9166357517242432,0.9448039531707764,0.9446800947189331,0.3998335301876068,0.49041298031806946,0.9438928365707397,0.9124094247817993,0.9608372449874878,0.9541318416595459,0.9288104176521301,0.9041032195091248,0.895511269569397,0.9723772406578064,0.9404429197311401,0.5415452718734741,5.525256395339966,0.3681938052177429,0.8233456015586853
56,0.5869005918502808,0.3175462782382965,0.4935441315174103,0.49356377124786377,0.24442246556282043,0.8242647051811218,0.930033802986145,0.4924493432044983,0.4932681620121002,0.990952730178833,0.5,0.9762915372848511,0.7581952810287476,0.49824756383895874,0.772844672203064,0.9926103949546814,0.4795861840248108,0.9924242496490479,0.9869781732559204,0.7543957233428955,0.49796897172927856,0.49085533618927,0.9998156428337097,0.9356481432914734,0.5,0.8721039295196533,0.9263167381286621,0.9182007908821106,0.9401936531066895,0.9491557478904724,0.9721639752388,0.9786405563354492,0.9357998967170715,0.9154433012008667,0.9199886322021484,0.9480975270271301,0.9224584102630615,0.9347585439682007,0.9427833557128906,0.41131865978240967,0.4877283573150635,0.9412317276000977,0.9141610860824585,0.9624465703964233,0.9594041109085083,0.9295932054519653,0.9067323803901672,0.9057095050811768,0.9726040363311768,0.9459333419799805,0.5445057153701782,5.563569068908691,0.3739558160305023,0.8242647051811218
57,0.5613414645195007,0.30833667516708374,0.44697701930999756,0.48018133640289307,0.2268647402524948,0.8308823704719543,0.9319553375244141,0.4940970242023468,0.49382033944129944,0.9906758069992065,0.5,0.9741888046264648,0.8375817537307739,0.4959394633769989,0.6879290342330933,0.9918758869171143,0.47988930344581604,0.9916974306106567,0.9881018400192261,0.7773070335388184,0.49538999795913696,0.4876406490802765,0.9995388388633728,0.9373264312744141,0.5,0.8758885264396667,0.9325233697891235,0.9243601560592651,0.9417632818222046,0.9516527652740479,0.9765610098838806,0.979544997215271,0.9384878873825073,0.9189907312393188,0.9233778715133667,0.9519283771514893,0.9213202595710754,0.9461750984191895,0.9466063976287842,0.4040740728378296,0.48478981852531433,0.9462445974349976,0.9130595922470093,0.9617100358009338,0.9588049650192261,0.9400297403335571,0.9102374315261841,0.9101969003677368,0.9735960960388184,0.9511585235595703,0.5454486012458801,5.954414129257202,0.3816048204898834,0.8308823704719543
58,0.5690274238586426,0.30055490136146545,0.4467182457447052,0.4826650023460388,0.24790936708450317,0.8209558725357056,0.934370756149292,0.49410030245780945,0.4950147569179535,0.9911389946937561,0.5,0.9774907827377319,0.922096312046051,0.4964957535266876,0.811939001083374,0.9920707941055298,0.479539155960083,0.9923487901687622,0.9878160953521729,0.9927040934562683,0.49280309677124023,0.4864441156387329,1.0,0.9357433319091797,0.5,0.8735739588737488,0.927464485168457,0.9270932078361511,0.9481024742126465,0.9557479619979858,0.9698783755302429,0.9785958528518677,0.9393852949142456,0.9195565581321716,0.921806812286377,0.9483936429023743,0.9269714951515198,0.9385964870452881,0.9396822452545166,0.4083256125450134,0.48358842730522156,0.9444548487663269,0.9117647409439087,0.9624674916267395,0.9580927491188049,0.9352471232414246,0.9071694612503052,0.9074763059616089,0.9729278683662415,0.949999988079071,0.5413092374801636,6.442056179046631,0.38081127405166626,0.8209558725357056
59,0.5353553295135498,0.31287410855293274,0.45684412121772766,0.49338412284851074,0.24305996298789978,0.8426470756530762,0.9340137839317322,0.4930862784385681,0.49335914850234985,0.9898486137390137,0.49972355365753174,0.9786978960037231,0.9740631580352783,0.4964068531990051,0.7916358709335327,0.9919741749763489,0.48161831498146057,0.9925249218940735,0.9884707927703857,0.9905903935432434,0.4900313913822174,0.486164927482605,0.9998154640197754,0.9406041502952576,0.5,0.8843492865562439,0.9306282997131348,0.9248763918876648,0.9410982131958008,0.9516770839691162,0.9725275039672852,0.9814077019691467,0.9372265338897705,0.9196258187294006,0.9286943078041077,0.9513208866119385,0.9260458946228027,0.936704158782959,0.9439218044281006,0.39918532967567444,0.48200109601020813,0.9499346017837524,0.9103326797485352,0.9608752131462097,0.9581166505813599,0.9392870664596558,0.9086171388626099,0.9149944186210632,0.9750651121139526,0.9504941701889038,0.5442603826522827,5.519068002700806,0.40794694423675537,0.8426470756530762

60,0.5557268857955933,0.31320735812187195,0.4676859974861145,0.4867480993270874,0.21985286474227905,0.8343750238418579,0.933988094329834,0.49474653601646423,0.49418067932128906,0.9902123808860779,0.499723345041275,0.9787862300872803,0.9741506576538086,0.49722737073898315,0.8707413673400879,0.9930888414382935,0.4796200692653656,0.9930785894393921,0.989112377166748,0.9915128946304321,0.4822218120098114,0.48673543334007263,0.9998156428337097,0.9373379945755005,0.5,0.8828753232955933,0.9285045862197876,0.9261999726295471,0.9497717022895813,0.9632450938224792,0.9752278327941895,0.9810426235198975,0.9379290342330933,0.916239321231842,0.9260422587394714,0.9484602212905884,0.9261521100997925,0.9368304014205933,0.9391078948974609,0.42116206884384155,0.4801660478115082,0.9475060701370239,0.9125789403915405,0.9616675972938538,0.959147572517395,0.9369888305664062,0.9070048332214355,0.9178412556648254,0.9724540710449219,0.9531452655792236,0.5437145829200745,5.4885687828063965,0.41500577330589294,0.8343750238418579

61,0.5428122878074646,0.309675008058548,0.4828597903251648,0.48467934131622314,0.2280791997909546,0.829963207244873,0.9340885877609253,0.49225521087646484,0.4937211573123932,0.98845374584198,0.49880072474479675,0.9762696027755737,0.9752447605133057,0.495379775762558,0.882156252861023,0.9932644367218018,0.48000368475914,0.9928992986679077,0.9879084229469299,0.9915238618850708,0.489016056060791,0.48746082186698914,1.0,0.9411764740943909,0.5,0.8834017515182495,0.9361183643341064,0.9299278259277344,0.9479483366012573,0.9678307175636292,0.9725337028503418,0.9786828756332397,0.9365124702453613,0.918991208076477,0.9257463216781616,0.9495201110839844,0.925301194190979,0.9306939840316772,0.9268314838409424,0.5395781397819519,0.4817444086074829,0.9524165391921997,0.9142298698425293,0.9616886377334595,0.9603159427642822,0.9385557770729065,0.9074349403381348,0.9157356023788452,0.9745447635650635,0.9524517059326172,0.5459364056587219,5.592244625091553,0.4077116549015045,0.829963207244873
62,0.519422709941864,0.3134945034980774,0.42581403255462646,0.47940993309020996,0.2280944287776947,0.8415440917015076,0.9344562292098999,0.49217021465301514,0.4908587336540222,0.9877442121505737,0.49030470848083496,0.9758079051971436,0.9728211164474487,0.49335792660713196,0.9522007703781128,0.9928940534591675,0.47999998927116394,0.9918744564056396,0.987463116645813,0.9912313222885132,0.47580793499946594,0.4853348135948181,0.9999077320098877,0.937615692615509,0.5,0.8836166858673096,0.9371962547302246,0.9339532852172852,0.9568324685096741,0.9648355841636658,0.9736791849136353,0.9798018336296082,0.9414114952087402,0.9219965934753418,0.9292604923248291,0.9503598213195801,0.9290615320205688,0.9375115633010864,0.9301402568817139,0.5556809902191162,0.4791243374347687,0.955020546913147,0.9151943325996399,0.9610087871551514,0.9596579074859619,0.9400297403335571,0.9088449478149414,0.9182121753692627,0.9752273559570312,0.9556915163993835,0.5420013070106506,5.540682315826416,0.4194225072860718,0.8415440917015076
63,0.521013617515564,0.3196614384651184,0.4335865378379822,0.4786342680454254,0.24034704267978668,0.8448529243469238,0.9338492155075073,0.4922480583190918,0.4918804168701172,0.989585280418396,0.48615726828575134,0.9747558832168579,0.9745621681213379,0.4949224591255188,0.9444137215614319,0.9939226508140564,0.5008924007415771,0.9927991032600403,0.9865288734436035,0.9924214482307434,0.4723966121673584,0.48377880454063416,0.9998154640197754,0.9419659376144409,0.5,0.8844785690307617,0.9378615617752075,0.9338333010673523,0.9568965435028076,0.9670590162277222,0.9710062742233276,0.9810599088668823,0.9427945613861084,0.9221506118774414,0.9346336722373962,0.9497784376144409,0.9289946556091309,0.9423147439956665,0.9322158694267273,0.5093346834182739,0.4784538447856903,0.9546306729316711,0.9148540496826172,0.9597134590148926,0.9580855369567871,0.9387432336807251,0.9037995934486389,0.9185894727706909,0.975933849811554,0.9561941623687744,0.5402011275291443,5.555489778518677,0.42464250326156616,0.8448529243469238
64,0.5001137256622314,0.2913926839828491,0.4673979878425598,0.47162455320358276,0.22576795518398285,0.8426470756530762,0.9358028173446655,0.4825645685195923,0.4913332164287567,0.9884665012359619,0.48496031761169434,0.97612464427948,0.9736405611038208,0.4948282241821289,0.8083425760269165,0.9935460090637207,0.48008114099502563,0.9912329316139221,0.9878160953521729,0.9845484495162964,0.46943673491477966,0.48653632402420044,1.0,0.9416389465332031,0.5,0.8822097778320312,0.9402915239334106,0.9279725551605225,0.9555555582046509,0.9691911339759827,0.9724797010421753,0.9808498620986938,0.9376896619796753,0.9215481281280518,0.9343904256820679,0.9544531106948853,0.9349796772003174,0.938123345375061,0.9355612993240356,0.4577658176422119,0.47303786873817444,0.9560747742652893,0.9235261678695679,0.9639739990234375,0.9660717248916626,0.9457731246948242,0.9109690189361572,0.9271934628486633,0.9772601127624512,0.9577988386154175,0.5411972403526306,5.501803159713745,0.41091474890708923,0.8426470756530762
65,0.4835401773452759,0.32867616415023804,0.4981915056705475,0.4800184369087219,0.23456712067127228,0.8459559082984924,0.9359738826751709,0.4740918278694153,0.4925331771373749,0.9891063570976257,0.4821000099182129,0.9763838052749634,0.9723144769668579,0.4945632219314575,0.9751472473144531,0.9940948486328125,0.5095545649528503,0.9920663833618164,0.9856773614883423,0.9799704551696777,0.4627099931240082,0.48062729835510254,0.9998157024383545,0.9396551847457886,0.5,0.8849458694458008,0.9436224102973938,0.9316020011901855,0.9581356048583984,0.9614944458007812,0.9770948886871338,0.9801828861236572,0.9407246112823486,0.9238800406455994,0.9340732097625732,0.9480662941932678,0.9336735010147095,0.9364625215530396,0.9335116147994995,0.5144526958465576,0.47096773982048035,0.9572840929031372,0.9236910343170166,0.9627838134765625,0.9615956544876099,0.9421579837799072,0.9082355499267578,0.9245072603225708,0.9750744104385376,0.9561827182769775,0.5412446856498718,5.550057888031006,0.4203021824359894,0.8459559082984924
66,0.47263699769973755,0.32008975744247437,0.4997503161430359,0.4802505671977997,0.2265443503856659,0.8525735139846802,0.9361491203308105,0.4746543765068054,0.4928966760635376,0.9874538779258728,0.47100645303726196,0.9764673709869385,0.9750368595123291,0.4950193762779236,0.7416673898696899,0.9941892623901367,0.4793700575828552,0.9927108287811279,0.986067533493042,0.9809927940368652,0.4640088677406311,0.4802437126636505,1.0,0.9426456689834595,0.5,0.8885879516601562,0.9457212686538696,0.9369070529937744,0.9580792784690857,0.9707669019699097,0.9729241728782654,0.9800876379013062,0.9436218738555908,0.9253036975860596,0.9331372976303101,0.9544196128845215,0.9297597408294678,0.9394470453262329,0.9338804483413696,0.7178530693054199,0.4701589047908783,0.9616103172302246,0.9218895435333252,0.9623326063156128,0.9634350538253784,0.945785403251648,0.9079657793045044,0.9221912622451782,0.9754555225372314,0.9556421637535095,0.5408708453178406,5.538634777069092,0.4376487135887146,0.8525735139846802
67,0.498598575592041,0.3102826476097107,0.4302496314048767,0.4776786267757416,0.22881948947906494,0.8459559082984924,0.9354928731918335,0.4704851508140564,0.4925331771373749,0.982506513595581,0.4693444073200226,0.9758703112602234,0.9734807014465332,0.4942772686481476,0.9767699241638184,0.9925276637077332,0.6942381858825684,0.989953875541687,0.9828507900238037,0.9796087741851807,0.46530085802078247,0.5734697580337524,0.9999077320098877,0.9433123469352722,0.5,0.8864188194274902,0.9422969222068787,0.9321775436401367,0.9576770067214966,0.9737945795059204,0.9713987112045288,0.9811177253723145,0.9450674653053284,0.924127459526062,0.9336115121841431,0.95185387134552,0.9320118427276611,0.9391505122184753,0.9262642860412598,0.6424055099487305,0.4676019847393036,0.9595402479171753,0.9140915870666504,0.9597882628440857,0.9634305238723755,0.9429898262023926,0.9069875478744507,0.9237067699432373,0.9758049249649048,0.954917311668396,0.5400183200836182,5.742588043212891,0.4484885036945343,0.8459559082984924
68,0.4698978066444397,0.33710914850234985,0.4736842215061188,0.4843038320541382,0.23115132749080658,0.8556985259056091,0.937267005443573,0.4712442457675934,0.49234458804130554,0.9688076972961426,0.4662112295627594,0.9759970903396606,0.9450182318687439,0.4937269389629364,0.9760280251502991,0.9933518171310425,0.9701272249221802,0.9917926788330078,0.9839779138565063,0.9807337522506714,0.46407461166381836,0.7147059440612793,1.0,0.9443516731262207,0.5,0.8913205862045288,0.9471027851104736,0.936192512512207,0.9586029648780823,0.9741690158843994,0.9713255167007446,0.9774371385574341,0.9459253549575806,0.9245408177375793,0.9333906769752502,0.9580722451210022,0.9318181872367859,0.942509651184082,0.9302840232849121,0.6356311440467834,0.46660515666007996,0.961114227771759,0.916278600692749,0.9609172344207764,0.9639472365379333,0.9476614594459534,0.9096150398254395,0.9250650405883789,0.9743709564208984,0.9576365947723389,0.5385034084320068,5.533368110656738,0.4463629126548767,0.8556985259056091

69,0.4783240854740143,0.3111148178577423,0.42673611640930176,0.48854029178619385,0.21786709129810333,0.8531249761581421,0.9391629695892334,0.47072944045066833,0.4905990660190582,0.9690959453582764,0.4663408398628235,0.9750000238418579,0.9746496677398682,0.49251940846443176,0.975957989692688,0.9923375248908997,0.9709087610244751,0.9909460544586182,0.9847589135169983,0.9787783622741699,0.4630928337574005,0.7581163644790649,1.0,0.9477002620697021,0.5,0.8898893594741821,0.9487850666046143,0.9357806444168091,0.9579047560691833,0.9731365442276001,0.9740136861801147,0.9782153367996216,0.9476479291915894,0.9271585941314697,0.9317188858985901,0.9516903758049011,0.9317845106124878,0.9448753595352173,0.9326267242431641,0.78082275390625,0.46764975786209106,0.9639933109283447,0.9165270924568176,0.9611380100250244,0.9648568630218506,0.9440728425979614,0.913027286529541,0.9241353273391724,0.974113941192627,0.9536092281341553,0.5497690439224243,5.592825174331665,0.4583277702331543,0.8531249761581421
70,0.4600547254085541,0.3415333032608032,0.4413381814956665,0.4847336411476135,0.24229492247104645,0.8523896932601929,0.941907525062561,0.474323570728302,0.49233752489089966,0.9769542813301086,0.4701162278652191,0.9770421981811523,0.9743400812149048,0.4946494400501251,0.9772769212722778,0.9949280619621277,0.9683871269226074,0.9924381971359253,0.9837548732757568,0.980701744556427,0.46143200993537903,0.7797954678535461,0.9998155832290649,0.9498426914215088,0.5,0.8887745141983032,0.9527279138565063,0.9438127279281616,0.9547537565231323,0.9757345914840698,0.9711957573890686,0.9811087846755981,0.9464523792266846,0.9273674488067627,0.9331039786338806,0.9527413845062256,0.9320415258407593,0.937903642654419,0.9341643452644348,0.7411919832229614,0.4719350039958954,0.963959813117981,0.9191272258758545,0.9649009108543396,0.9667037725448608,0.9483528733253479,0.9160312414169312,0.9280669093132019,0.981423020362854,0.9555081129074097,0.5421435832977295,5.566812753677368,0.452203631401062,0.8523896932601929

71,0.4602292776107788,0.30005374550819397,0.44133657217025757,0.4692177176475525,0.21575403213500977,0.8516544103622437,0.9398213624954224,0.4693444073200226,0.48947563767433167,0.9748154878616333,0.47112545371055603,0.977142870426178,0.9696494340896606,0.4934538006782532,0.9741061925888062,0.9940839409828186,0.9629663825035095,0.9910566210746765,0.9815566539764404,0.9807302355766296,0.46366655826568604,0.9715102314949036,1.0,0.9441465139389038,0.5,0.8897416591644287,0.9480507373809814,0.9376195669174194,0.9623196721076965,0.9731767773628235,0.9700114130973816,0.9825161695480347,0.9575275182723999,0.927788257598877,0.9363117814064026,0.9510709047317505,0.9322598576545715,0.9420664310455322,0.9275696277618408,0.6944239139556885,0.4715762138366699,0.9637640714645386,0.9188257455825806,0.961023211479187,0.9654660224914551,0.944061815738678,0.9139724969863892,0.9256681203842163,0.9757435321807861,0.956845223903656,0.5442008972167969,6.938551902770996,0.45141029357910156,0.8516544103622437
72,0.44605201482772827,0.2988477945327759,0.47957414388656616,0.4749404489994049,0.22807468473911285,0.8613970875740051,0.9411892890930176,0.46787890791893005,0.4886614978313446,0.9766561985015869,0.4709837734699249,0.977184534072876,0.9723864197731018,0.49446189403533936,0.9755580425262451,0.9938180446624756,0.9687384366989136,0.9922552108764648,0.9832871556282043,0.9814541339874268,0.46587973833084106,0.9024932980537415,0.9999078512191772,0.9457708597183228,0.5,0.8938260078430176,0.9508028030395508,0.935692548751831,0.9584837555885315,0.9753192663192749,0.9751611948013306,0.9808534979820251,0.9533712863922119,0.9276065826416016,0.9428054690361023,0.9583948254585266,0.9345491528511047,0.9439226388931274,0.9285318851470947,0.5544188022613525,0.47261664271354675,0.9643656611442566,0.9195583462715149,0.9627768397331238,0.9675227999687195,0.9483780860900879,0.9114476442337036,0.9320551156997681,0.9760223031044006,0.9623585939407349,0.5448146462440491,7.458456039428711,0.4673555791378021,0.8613970875740051
73,0.4423118233680725,0.34917423129081726,0.4594936966896057,0.4756454825401306,0.21370981633663177,0.8689337968826294,0.9413388967514038,0.4651355743408203,0.48930874466896057,0.9734365940093994,0.46980610489845276,0.9754748344421387,0.9741697311401367,0.4941013753414154,0.9744700193405151,0.9936323165893555,0.9654790163040161,0.9921630024909973,0.9795316457748413,0.9823898077011108,0.4661688804626465,0.7653493881225586,0.9999077320098877,0.9491400122642517,0.5,0.8872778415679932,0.9492347836494446,0.9405126571655273,0.9595134258270264,0.9766010046005249,0.9707108736038208,0.9809232950210571,0.9569505453109741,0.9243175983428955,0.9439491629600525,0.9559122323989868,0.9395706057548523,0.939760148525238,0.9211012125015259,0.8010371923446655,0.47308260202407837,0.9648481607437134,0.9250046014785767,0.9613311290740967,0.9668338894844055,0.9489587545394897,0.9173622727394104,0.9294883608818054,0.9778686761856079,0.9583333730697632,0.53692227602005,6.589247703552246,0.4967557489871979,0.8689337968826294

74,0.4386453628540039,0.31475991010665894,0.46507886052131653,0.46856674551963806,0.24572871625423431,0.864338219165802,0.9417557716369629,0.4686231017112732,0.4891144037246704,0.9726381897926331,0.6130600571632385,0.9773062467575073,0.9692974090576172,0.4950147569179535,0.976172924041748,0.9942846298217773,0.9669185280799866,0.992445170879364,0.980453610420227,0.9821889996528625,0.464483380317688,0.847207248210907,1.0,0.9438045620918274,0.5,0.8937184810638428,0.9561272263526917,0.9397385120391846,0.9610117673873901,0.9748662114143372,0.9750285148620605,0.9820102453231812,0.9595364332199097,0.9314730167388916,0.9440752267837524,0.9544699192047119,0.9411710500717163,0.950295090675354,0.9138693809509277,0.9005560874938965,0.47298043966293335,0.9635261297225952,0.9243127703666687,0.9598960280418396,0.9665489792823792,0.9473098516464233,0.9164963960647583,0.9303385019302368,0.9760000109672546,0.9606043696403503,0.5451934337615967,6.450288534164429,0.4947175979614258,0.864338219165802
75,0.42121240496635437,0.3230172395706177,0.46645569801330566,0.47883835434913635,0.24989955127239227,0.8678308725357056,0.944840133190155,0.4684676229953766,0.6493657827377319,0.9680694341659546,0.8816242218017578,0.9774110317230225,0.9742429852485657,0.49492713809013367,0.9774949550628662,0.9950239658355713,0.9630346298217773,0.9927108287811279,0.9822911024093628,0.9837638139724731,0.46072283387184143,0.9216351509094238,0.999723494052887,0.9493424892425537,0.5,0.8929104804992676,0.9563513994216919,0.9488399028778076,0.9621559381484985,0.9765343070030212,0.9716765284538269,0.9825261235237122,0.9587225914001465,0.9281120300292969,0.9418826103210449,0.9531192183494568,0.9365402460098267,0.9452130794525146,0.914341151714325,0.8931615948677063,0.46947619318962097,0.9635533094406128,0.9229910373687744,0.9614670276641846,0.9689123630523682,0.9440533518791199,0.9158148765563965,0.9313579797744751,0.9775813817977905,0.9583799839019775,0.5456796288490295,6.575780630111694,0.4932198226451874,0.8678308725357056
76,0.42341509461402893,0.3513857126235962,0.46753624081611633,0.4823639392852783,0.2461356371641159,0.8661764860153198,0.9452676177024841,0.468110591173172,0.9853456020355225,0.9666298031806946,0.5002765655517578,0.9781163334846497,0.9723966121673584,0.49410247802734375,0.9712728261947632,0.9955703020095825,0.9612826108932495,0.9916943311691284,0.9773943424224854,0.9791358709335327,0.4637787938117981,0.6843318939208984,0.9999077916145325,0.9499629735946655,0.5,0.8895022869110107,0.9547240734100342,0.941834032535553,0.958499550819397,0.9762628078460693,0.9701464176177979,0.9822512865066528,0.9585860371589661,0.9301772117614746,0.9472380876541138,0.9560236930847168,0.9397813677787781,0.9511250257492065,0.9082933068275452,0.901813805103302,0.47074565291404724,0.9625117182731628,0.9231055974960327,0.9605263471603394,0.9688022136688232,0.9483110904693604,0.9179076552391052,0.9335254430770874,0.9785076379776001,0.9575814008712769,0.5454036593437195,6.334940671920776,0.49177491664886475,0.8661764860153198
77,0.4272705912590027,0.3170994520187378,0.47879913449287415,0.47515225410461426,0.2338799685239792,0.8726102709770203,0.9428201913833618,0.4645560383796692,0.767514705657959,0.9654186964035034,0.4684734642505646,0.9742809534072876,0.9699852466583252,0.4936370253562927,0.9718024730682373,0.9956617951393127,0.961318850517273,0.9920635223388672,0.9784737825393677,0.9783893823623657,0.4621058404445648,0.8359239101409912,0.9997233152389526,0.9481481313705444,0.5,0.8939026594161987,0.9568109512329102,0.943947434425354,0.9609151482582092,0.9746763110160828,0.9731192588806152,0.982742190361023,0.9675819873809814,0.923714280128479,0.9487106800079346,0.9550904035568237,0.9426244497299194,0.9527276158332825,0.912778913974762,0.8983505964279175,0.4636598527431488,0.9629595279693604,0.9265526533126831,0.9620241522789001,0.970391035079956,0.9484038352966309,0.9161092638969421,0.9319828748703003,0.9781842231750488,0.959426760673523,0.5466542840003967,6.592339992523193,0.49903979897499084,0.8726102709770203
78,0.4235612750053406,0.33741337060928345,0.4734848439693451,0.470455139875412,0.20304051041603088,0.8672794103622437,0.9452013373374939,0.7243179678916931,0.6971523761749268,0.9638766050338745,0.8442297577857971,0.976089358329773,0.9695459604263306,0.49548304080963135,0.9715867042541504,0.9961283206939697,0.9610834121704102,0.9911586046218872,0.976089358329773,0.9786821603775024,0.4636531472206116,0.9680811762809753,1.0,0.9472366571426392,0.5,0.8899082541465759,0.9529433846473694,0.9436190128326416,0.9625166058540344,0.9757587313652039,0.9709855318069458,0.9837692975997925,0.9685839414596558,0.9272692799568176,0.9469696879386902,0.9543607234954834,0.93577641248703,0.9514042735099792,0.9130434989929199,0.9005739688873291,0.47130465507507324,0.9626991748809814,0.9231200218200684,0.9566227197647095,0.9681107997894287,0.9476279020309448,0.9142088890075684,0.9341422319412231,0.9759955406188965,0.9582481384277344,0.5456253886222839,6.589627981185913,0.5052412748336792,0.8672794103622437
79,0.3992064595222473,0.3582128882408142,0.42940548062324524,0.49110305309295654,0.2342604696750641,0.888786792755127,0.9478390216827393,0.8339477777481079,0.7741807699203491,0.9648783206939697,0.9455719590187073,0.980088472366333,0.9709957838058472,0.49483299255371094,0.9762080311775208,0.9958510398864746,0.9633247256278992,0.9914301633834839,0.9803541898727417,0.9820966720581055,0.4631200432777405,0.9631646871566772,0.9998155236244202,0.9470958113670349,0.5,0.9009734392166138,0.958465576171875,0.9432164430618286,0.9563189744949341,0.9783557653427124,0.9717749357223511,0.9838282465934753,0.965798020362854,0.9260711669921875,0.9495518207550049,0.9533592462539673,0.9356123805046082,0.9456020593643188,0.9332043528556824,0.8949463367462158,0.4690208435058594,0.9687908887863159,0.9169923663139343,0.9568050503730774,0.9651422500610352,0.9466344118118286,0.9178298711776733,0.933407723903656,0.9771162867546082,0.9579925537109375,0.5440600514411926,6.596618175506592,0.5241245031356812,0.888786792755127

80,0.4083048105239868,0.35931631922721863,0.45919278264045715,0.46336978673934937,0.2347775101661682,0.8819853067398071,0.9463469982147217,0.48574331402778625,0.9875484108924866,0.9655649662017822,0.9609346389770508,0.9759446978569031,0.9673009514808655,0.49418818950653076,0.9752027988433838,0.9953857660293579,0.9612331390380859,0.9916098117828369,0.979601263999939,0.9808153510093689,0.4611981511116028,0.9617581963539124,0.9998154640197754,0.9476906061172485,0.5,0.8943977355957031,0.9572761058807373,0.9456190466880798,0.9600304365158081,0.9765222072601318,0.9721376895904541,0.9855238199234009,0.9708112478256226,0.9291833639144897,0.9525076150894165,0.9549723863601685,0.9427459836006165,0.9444751739501953,0.9297711253166199,0.9021134376525879,0.47051236033439636,0.963965654373169,0.9257233142852783,0.9580543041229248,0.9690059423446655,0.9478721618652344,0.9147632122039795,0.9365713596343994,0.9753717184066772,0.9581477642059326,0.5446470379829407,6.612513303756714,0.5165458917617798,0.8819853067398071

81,0.39103174209594727,0.3629433810710907,0.5162948369979858,0.46721363067626953,0.22061091661453247,0.8786764740943909,0.9474307298660278,0.7535635232925415,0.988548219203949,0.9689286351203918,0.962241530418396,0.9790629148483276,0.9693726897239685,0.4948253631591797,0.9733394980430603,0.9973247051239014,0.9626452922821045,0.991981565952301,0.9792358875274658,0.9801660776138306,0.4614746570587158,0.9641470909118652,0.999815821647644,0.950323760509491,0.5,0.8993081450462341,0.9634695053100586,0.9454218745231628,0.9617147445678711,0.9777586460113525,0.9723489284515381,0.9850987195968628,0.9707785844802856,0.9283814430236816,0.9550037980079651,0.9607716798782349,0.9416821002960205,0.9460928440093994,0.9205383062362671,0.901186466217041,0.47049060463905334,0.9635581970214844,0.9317548871040344,0.9629732370376587,0.9719278812408447,0.9503724575042725,0.9198253154754639,0.9397400617599487,0.9794062972068787,0.9597551822662354,0.5468946695327759,6.745375633239746,0.5251044631004333,0.8786764740943909
82,0.3814784288406372,0.3787575364112854,0.43382394313812256,0.45830047130584717,0.23330074548721313,0.8972426652908325,0.9477705955505371,0.5161141753196716,0.9844961166381836,0.9669924378395081,0.9518805742263794,0.9737375974655151,0.9708325862884521,0.4936428964138031,0.9738785028457642,0.9959402084350586,0.9603832960128784,0.9928070902824402,0.9780523777008057,0.9802436828613281,0.45903459191322327,0.954880952835083,0.9999077320098877,0.95029616355896,0.5,0.892763614654541,0.9645595550537109,0.9503040313720703,0.9580816030502319,0.9783685803413391,0.972095251083374,0.9831514358520508,0.9783804416656494,0.934935450553894,0.9536948204040527,0.9562050104141235,0.9376739263534546,0.9438906908035278,0.9135608673095703,0.9052106142044067,0.47447946667671204,0.9628037214279175,0.922431468963623,0.9601712226867676,0.969423770904541,0.9441765546798706,0.9168057441711426,0.9350408315658569,0.9763143062591553,0.9607861042022705,0.5415969491004944,6.573079824447632,0.5306763648986816,0.8972426652908325
83,0.38938504457473755,0.34655851125717163,0.4379241168498993,0.4624180197715759,0.2588247060775757,0.8845587968826294,0.9471742510795593,0.46624863147735596,0.9835914373397827,0.9664144515991211,0.9548643231391907,0.97498619556427,0.9711360931396484,0.4928044378757477,0.9740151762962341,0.9950156807899475,0.9641474485397339,0.9933555126190186,0.978501558303833,0.9775912761688232,0.4529922306537628,0.9566580653190613,1.0,0.9528529047966003,0.5,0.8988428115844727,0.968522310256958,0.9472085237503052,0.9606261849403381,0.9767619371414185,0.9755703210830688,0.9820747375488281,0.9760228395462036,0.931060791015625,0.9551658630371094,0.9600220918655396,0.9445782899856567,0.9485049843788147,0.9214457273483276,0.9085941910743713,0.4701107144355774,0.9646992683410645,0.931725025177002,0.9629457592964172,0.9711341857910156,0.9493975639343262,0.9215267896652222,0.9372793436050415,0.9772769212722778,0.9622448682785034,0.5462857484817505,6.794376373291016,0.5238894820213318,0.8845587968826294
84,0.37548282742500305,0.33942750096321106,0.4140183925628662,0.47912901639938354,0.274323970079422,0.895588219165802,0.9471592903137207,0.4661439061164856,0.9866186380386353,0.9657142758369446,0.9593473672866821,0.9785372018814087,0.9727608561515808,0.49326443672180176,0.9729854464530945,0.9949299097061157,0.9603731632232666,0.9921441674232483,0.9768834114074707,0.9809927940368652,0.45001843571662903,0.9563052654266357,0.9999076724052429,0.9508606195449829,0.5,0.898499071598053,0.973649799823761,0.9500285983085632,0.9590226411819458,0.9767839908599854,0.9718095064163208,0.9827423095703125,0.9749097228050232,0.928909957408905,0.9545194506645203,0.9587181806564331,0.9394248723983765,0.9440044164657593,0.923176109790802,0.903742790222168,0.4643120765686035,0.965656042098999,0.922670841217041,0.9607533812522888,0.9699534773826599,0.9469528198242188,0.9188359975814819,0.9396616220474243,0.9790619611740112,0.9587215781211853,0.5438604354858398,6.586472272872925,0.535866379737854,0.895588219165802
85,0.40118807554244995,0.33576589822769165,0.42249932885169983,0.48287123441696167,0.24132157862186432,0.8957720398902893,0.946094810962677,0.46612516045570374,0.9814473390579224,0.9664392471313477,0.9624884724617004,0.9796823263168335,0.9694423675537109,0.49205029010772705,0.97498619556427,0.9952951669692993,0.9630142450332642,0.9909594058990479,0.9793510437011719,0.9805243015289307,0.45387452840805054,0.9578491449356079,0.999722957611084,0.950620710849762,0.5,0.9003375172615051,0.974435567855835,0.9481707215309143,0.9555302262306213,0.9774450063705444,0.9719325304031372,0.9847480058670044,0.9749144911766052,0.932308554649353,0.9534440040588379,0.9574409127235413,0.9358808398246765,0.951669454574585,0.9331610202789307,0.9007407426834106,0.4678162932395935,0.9659260511398315,0.9249023199081421,0.9583256244659424,0.9681107997894287,0.948858380317688,0.9217326641082764,0.9411982893943787,0.9751211404800415,0.9635280966758728,0.5489636063575745,6.578250169754028,0.5798729658126831,0.8957720398902893
86,0.37065503001213074,0.3353275954723358,0.4235612750053406,0.46167662739753723,0.2257949262857437,0.903124988079071,0.94858717918396,0.6278985738754272,0.9798929691314697,0.9684385061264038,0.9602178335189819,0.9764716625213623,0.9713810682296753,0.4913251996040344,0.9722273349761963,0.9948329925537109,0.9631510972976685,0.9889217019081116,0.9781324863433838,0.9808864593505859,0.4523765742778778,0.9620136022567749,0.9999077320098877,0.9532433748245239,0.5,0.8966417908668518,0.9728392362594604,0.9504632353782654,0.9588179588317871,0.9812630414962769,0.968969464302063,0.9843720197677612,0.9777966737747192,0.9346872568130493,0.9558599591255188,0.9586098790168762,0.9400665760040283,0.9467750787734985,0.917589545249939,0.9068236351013184,0.46477314829826355,0.9664046764373779,0.9292750954627991,0.9611524343490601,0.9733854532241821,0.9495993852615356,0.9240483045578003,0.936665415763855,0.978934645652771,0.960174560546875,0.5511906743049622,6.486466646194458,0.5872973799705505,0.903124988079071

87,0.38170668482780457,0.392405241727829,0.4613553285598755,0.4657013416290283,0.25907617807388306,0.901286780834198,0.948788046836853,0.6628849506378174,0.9817410707473755,0.9691073298454285,0.9545789957046509,0.9772853255271912,0.9703491926193237,0.4937373399734497,0.9739900827407837,0.995852530002594,0.9611694812774658,0.9887412190437317,0.9798632860183716,0.9802218079566956,0.45791804790496826,0.957087516784668,0.9999077916145325,0.9523589611053467,0.5,0.8986119031906128,0.9728696346282959,0.953536868095398,0.964272141456604,0.977164626121521,0.9703760147094727,0.9845714569091797,0.9771819710731506,0.9370391368865967,0.9593056440353394,0.9607011079788208,0.9456682801246643,0.9387567043304443,0.9120361804962158,0.9056656360626221,0.4610341787338257,0.966293215751648,0.9316955208778381,0.9605581760406494,0.9709485769271851,0.9489777088165283,0.9153188467025757,0.9396247863769531,0.9786839485168457,0.9629008173942566,0.5508994460105896,6.60533595085144,0.5874913930892944,0.901286780834198
88,0.3666721284389496,0.3907124400138855,0.4832550883293152,0.4662785232067108,0.2481224536895752,0.9047794342041016,0.9486405849456787,0.4671889543533325,0.9859804511070251,0.9698450565338135,0.9542182087898254,0.977373480796814,0.9691654443740845,0.4949299395084381,0.971168041229248,0.9964970350265503,0.9619575142860413,0.9892086386680603,0.9767355918884277,0.9790396690368652,0.4519940912723541,0.9527813792228699,0.9999078512191772,0.9528616666793823,0.5,0.8963073492050171,0.9720194339752197,0.9583333730697632,0.9608662724494934,0.9784966707229614,0.9716265201568604,0.9835049510002136,0.9764115214347839,0.9408245086669922,0.9562321901321411,0.9620639085769653,0.943375289440155,0.9445878267288208,0.9106614589691162,0.9053753614425659,0.45777246356010437,0.9636567831039429,0.931640625,0.9603749513626099,0.9734151363372803,0.9513914585113525,0.9206908941268921,0.9423577785491943,0.9794533252716064,0.9651270508766174,0.5479142069816589,6.482475280761719,0.5976226925849915,0.9047794342041016
89,0.35089007019996643,0.38452911376953125,0.4613012969493866,0.4712114930152893,0.25234612822532654,0.914338231086731,0.9473024606704712,0.4651869535446167,0.9811738729476929,0.9664020538330078,0.9537224769592285,0.9783370494842529,0.9703601002693176,0.4940003752708435,0.9724423885345459,0.9960331916809082,0.9588018655776978,0.9886552095413208,0.9773985147476196,0.9796935319900513,0.4488101899623871,0.9565818309783936,0.9999077320098877,0.9541497230529785,0.5,0.9006361961364746,0.9737975001335144,0.9558095335960388,0.96019047498703,0.9792657494544983,0.9682736396789551,0.984523355960846,0.9759185314178467,0.9345554709434509,0.95641028881073,0.9605384469032288,0.9437233209609985,0.9436554908752441,0.9128271341323853,0.9057248830795288,0.4583333432674408,0.963898241519928,0.9315093755722046,0.9593639373779297,0.971123456954956,0.947451651096344,0.9316453337669373,0.9424721002578735,0.9774205684661865,0.9615886211395264,0.5422703623771667,6.415102243423462,0.6232954263687134,0.914338231086731

90,0.3586377203464508,0.36738091707229614,0.45771506428718567,0.4738309979438782,0.24254176020622253,0.9148896932601929,0.947928786277771,0.4644637107849121,0.9794166088104248,0.9642989039421082,0.9492620229721069,0.977570652961731,0.9701107144355774,0.49319103360176086,0.9747278690338135,0.9958456754684448,0.9609057307243347,0.9892066717147827,0.9795974493026733,0.9805422425270081,0.45327189564704895,0.9565898180007935,0.9999077320098877,0.9542338252067566,0.5,0.9023138284683228,0.9747012853622437,0.9511263966560364,0.9570208787918091,0.977065920829773,0.9687321782112122,0.9849666953086853,0.9774843454360962,0.9375830888748169,0.9569410085678101,0.9587410092353821,0.938703715801239,0.9492994546890259,0.9183598160743713,0.9052426815032959,0.45426830649375916,0.9661998152732849,0.9270269870758057,0.9540807008743286,0.9700465202331543,0.9482501745223999,0.9289029240608215,0.9436920285224915,0.9769302606582642,0.961309552192688,0.5474791526794434,6.41750693321228,0.6220146417617798,0.9148896932601929

91,0.3546496629714966,0.38929474353790283,0.4703550934791565,0.469244122505188,0.28641343116760254,0.9132353067398071,0.9487324953079224,0.4674534499645233,0.9778516292572021,0.9681851863861084,0.9489192962646484,0.9769202470779419,0.9689979553222656,0.4947417080402374,0.9750876426696777,0.9961276054382324,0.9634686708450317,0.9885714054107666,0.9788784384727478,0.9798119068145752,0.45558422803878784,0.9531192183494568,0.9999077320098877,0.9518072605133057,0.5,0.9006913304328918,0.9756872653961182,0.9528909921646118,0.9623860120773315,0.9784302711486816,0.9730958938598633,0.9830249547958374,0.9771559238433838,0.9360995292663574,0.9601023197174072,0.964042067527771,0.9453486204147339,0.9468634724617004,0.9157137870788574,0.9111994504928589,0.5420902967453003,0.9675883054733276,0.932962954044342,0.9598811268806458,0.9728876352310181,0.9539119005203247,0.9304807782173157,0.9430909156799316,0.9800819158554077,0.9668523669242859,0.5458991527557373,6.525858163833618,0.6325832009315491,0.9132353067398071
92,0.35844579339027405,0.40595248341560364,0.4334661364555359,0.46218204498291016,0.2488327920436859,0.9115808606147766,0.9473046064376831,0.4677002727985382,0.9793243408203125,0.967724084854126,0.9487818479537964,0.9776036739349365,0.9700074195861816,0.49501660466194153,0.9760236144065857,0.9961297512054443,0.9631510972976685,0.9902411699295044,0.9790436029434204,0.9831211566925049,0.45329517126083374,0.9538334012031555,0.9999076724052429,0.9520192742347717,0.5,0.9048332571983337,0.9765552282333374,0.958871603012085,0.9616117477416992,0.9838709831237793,0.9732210636138916,0.9845655560493469,0.9770781993865967,0.9335418939590454,0.9626185894012451,0.9615100622177124,0.9438482522964478,0.9537070989608765,0.9194172620773315,0.9074624180793762,0.4508393406867981,0.9675883054733276,0.9327191114425659,0.9585963487625122,0.9714471697807312,0.9525004625320435,0.9261184334754944,0.9436907768249512,0.9781680107116699,0.9684650897979736,0.5408694744110107,6.614271402359009,0.6160776019096375,0.9115808606147766
93,0.33782684803009033,0.35405293107032776,0.47642403841018677,0.46777212619781494,0.2865312397480011,0.9158087968826294,0.9488136768341064,0.4653136432170868,0.9811634421348572,0.9672025442123413,0.9504520893096924,0.9764890670776367,0.9703226089477539,0.4946524202823639,0.9726988077163696,0.9963133335113525,0.9616165161132812,0.9913220405578613,0.9754340648651123,0.9808330535888672,0.4485877752304077,0.958033561706543,0.9998156428337097,0.9526588916778564,0.5,0.9023547172546387,0.9730286598205566,0.9514600038528442,0.9602056741714478,0.9783064126968384,0.9728755950927734,0.9844702482223511,0.9806561470031738,0.9370722770690918,0.9604637622833252,0.9632638096809387,0.9449490308761597,0.9558959007263184,0.9240553379058838,0.9060184955596924,0.4740191400051117,0.9650835394859314,0.9354689121246338,0.9601786136627197,0.9725989103317261,0.9536916613578796,0.929829478263855,0.9460766315460205,0.979093074798584,0.9708999395370483,0.5446184873580933,6.570850133895874,0.6383865475654602,0.9158087968826294
94,0.31927967071533203,0.3607933521270752,0.428153395652771,0.4764953851699829,0.29150718450546265,0.9251838326454163,0.9507246017456055,0.5345214009284973,0.9834132194519043,0.9635406732559204,0.9613116979598999,0.9779764413833618,0.9698673486709595,0.49326568841934204,0.9774866104125977,0.9960287809371948,0.9634078741073608,0.9895814061164856,0.979985237121582,0.9815225601196289,0.4513184726238251,0.9545118808746338,1.0,0.9509640336036682,0.5,0.9127635955810547,0.9755551815032959,0.9540494084358215,0.9605488777160645,0.9792301654815674,0.9738295078277588,0.9837914705276489,0.9793490767478943,0.9316929578781128,0.96262127161026,0.9609216451644897,0.942616879940033,0.9558117985725403,0.9355522394180298,0.9069444537162781,0.45345622301101685,0.9658582210540771,0.9356969594955444,0.9579387307167053,0.9714471697807312,0.9540454745292664,0.9320849776268005,0.9487441778182983,0.9779984951019287,0.9678107500076294,0.5481668710708618,6.480993747711182,0.658953845500946,0.9251838326454163

95,0.32217758893966675,0.3448657691478729,0.4336879849433899,0.4718378782272339,0.285908043384552,0.9235293865203857,0.9495874643325806,0.6182106733322144,0.9791243076324463,0.9638442993164062,0.9608078002929688,0.9773313999176025,0.9730875492095947,0.4932631850242615,0.973324716091156,0.9964002370834351,0.9598008394241333,0.9876360893249512,0.9768108129501343,0.9783250093460083,0.4490228593349457,0.9553934335708618,0.9998154640197754,0.9539899826049805,0.5,0.9087516069412231,0.9733982682228088,0.9570639729499817,0.9610921144485474,0.9801820516586304,0.9701009392738342,0.9856135845184326,0.981605052947998,0.9344651103019714,0.9627973437309265,0.9603394269943237,0.9431713223457336,0.9573429226875305,0.9284659624099731,0.9075032472610474,0.4544616639614105,0.9636772274971008,0.9336934089660645,0.9607952833175659,0.9740368127822876,0.9526198506355286,0.9256606101989746,0.945597767829895,0.9787490367889404,0.9731112718582153,0.549464762210846,6.4151389598846436,0.6706247329711914,0.9235293865203857
96,0.31540220975875854,0.34331056475639343,0.46152400970458984,0.47464320063591003,0.26258641481399536,0.925000011920929,0.9492839574813843,0.7414443492889404,0.9739948511123657,0.9658167362213135,0.9575958847999573,0.9761070013046265,0.9716632962226868,0.49307605624198914,0.9745809435844421,0.9960317611694336,0.9619284868240356,0.9868056774139404,0.9790436029434204,0.9804174900054932,0.45311057567596436,0.9504886865615845,1.0,0.9523589611053467,0.5,0.9097183346748352,0.9739154577255249,0.959109902381897,0.9611448049545288,0.9827094674110413,0.9743858575820923,0.9828310012817383,0.9843720197677612,0.9475783109664917,0.9650056958198547,0.963383138179779,0.946108341217041,0.9579955339431763,0.9249354600906372,0.9152652025222778,0.45736435055732727,0.9658071994781494,0.933320939540863,0.9603675603866577,0.972786545753479,0.9574270248413086,0.9175660610198975,0.9450743198394775,0.9804760217666626,0.9725683331489563,0.5491223931312561,6.530986309051514,0.6676296591758728,0.925000011920929
97,0.3163144886493683,0.3549298644065857,0.4635772407054901,0.47481828927993774,0.27920830249786377,0.9270220398902893,0.9520370364189148,0.6319547295570374,0.9826695919036865,0.966820240020752,0.9630482792854309,0.9794318675994873,0.9710545539855957,0.49280044436454773,0.9761948585510254,0.9968622922897339,0.9635137319564819,0.9888417720794678,0.9787018299102783,0.9803577661514282,0.453346848487854,0.9575880765914917,0.9999077320098877,0.9534323215484619,0.5,0.9130963087081909,0.9754389524459839,0.9658095240592957,0.9603837728500366,0.9821699857711792,0.971890926361084,0.9855058789253235,0.9858391880989075,0.9471536874771118,0.9647271633148193,0.9612689018249512,0.9451953172683716,0.9585410952568054,0.9254062175750732,0.9124606847763062,0.4558362662792206,0.9677963256835938,0.932223916053772,0.9571295380592346,0.9708449840545654,0.9575200080871582,0.9280282258987427,0.9489871859550476,0.9768630266189575,0.9734299182891846,0.545401930809021,6.526400804519653,0.7197612524032593,0.9270220398902893
98,0.3224042057991028,0.38180893659591675,0.41014301776885986,0.4794120192527771,0.28073230385780334,0.9341911673545837,0.9519344568252563,0.707747757434845,0.9762564897537231,0.9694480299949646,0.962382435798645,0.9792397022247314,0.9740535616874695,0.49058520793914795,0.9761158227920532,0.99631267786026,0.961240291595459,0.9900350570678711,0.9793510437011719,0.9797970056533813,0.45237216353416443,0.9530932903289795,0.9998152256011963,0.9544109106063843,0.5,0.9128526449203491,0.9759731888771057,0.9689812064170837,0.9575033187866211,0.9846503734588623,0.9750903248786926,0.984736442565918,0.98481684923172,0.9530534744262695,0.9676805734634399,0.9607861042022705,0.9436229467391968,0.9573271870613098,0.9243682026863098,0.9143784642219543,0.45122626423835754,0.9668973684310913,0.9330920577049255,0.9587053656578064,0.9729981422424316,0.9585039019584656,0.9343349933624268,0.9479902982711792,0.9793527126312256,0.9752925634384155,0.55195152759552,6.563214540481567,0.7430798411369324,0.9341911673545837
99,0.3237219452857971,0.3664737641811371,0.46698859333992004,0.4797040522098541,0.31091687083244324,0.9259191155433655,0.9496430158615112,0.6204830408096313,0.9773188233375549,0.9651548862457275,0.9640154838562012,0.9779112339019775,0.9713469743728638,0.4913316071033478,0.9729355573654175,0.9970441460609436,0.9604754447937012,0.9864366054534912,0.9772056341171265,0.9771260023117065,0.4476701319217682,0.9561774730682373,0.9999077320098877,0.9561306238174438,0.5,0.9080567359924316,0.975102961063385,0.9694808721542358,0.958794355392456,0.9835445284843445,0.9726406335830688,0.983099102973938,0.9890850782394409,0.9466768503189087,0.9616409540176392,0.9620136022567749,0.9423219561576843,0.9574487805366516,0.9232755303382874,0.9043518304824829,0.45035985112190247,0.9624812602996826,0.9337114095687866,0.9585347771644592,0.9735375642776489,0.955044686794281,0.938034176826477,0.9475880861282349,0.979275107383728,0.9728250503540039,0.5439563393592834,6.497546911239624,0.7366600036621094,0.9259191155433655
100,0.3177895247936249,0.3513966500759125,0.4442283511161804,0.47335517406463623,0.32550814747810364,0.9345588088035583,0.9521524310112,0.7059860229492188,0.9800701141357422,0.9684675931930542,0.9591177701950073,0.9787940382957458,0.9708540439605713,0.4902195930480957,0.9740774631500244,0.9966795444488525,0.9596714973449707,0.9885545372962952,0.9782367944717407,0.9799004197120667,0.4491712749004364,0.9552500247955322,0.9990774989128113,0.9502404928207397,0.5,0.9113746881484985,0.9775826930999756,0.9678550958633423,0.9622677564620972,0.9855486154556274,0.9729290008544922,0.9863481521606445,0.9862306118011475,0.9474682211875916,0.9638988971710205,0.958164393901825,0.9425819516181946,0.9573879241943359,0.9253138899803162,0.9069616794586182,0.6463527083396912,0.9637776017189026,0.933618426322937,0.9571322202682495,0.970746636390686,0.9568130970001221,0.9340219497680664,0.9505851864814758,0.9797951579093933,0.973068356513977,0.546632707118988,6.6027867794036865,0.7375363707542419,0.9345588088035583

101,0.31183740496635437,0.38112953305244446,0.4133042097091675,0.47039851546287537,0.3274640738964081,0.9380514621734619,0.9515774250030518,0.6763519048690796,0.9760059118270874,0.9656031131744385,0.9622763395309448,0.9776958227157593,0.972775936126709,0.4933665096759796,0.9734365940093994,0.9973257184028625,0.963178277015686,0.9871795177459717,0.9784411191940308,0.9792397022247314,0.4517827332019806,0.9520648717880249,0.9990769624710083,0.9547641277313232,0.5,0.9149571061134338,0.9770050048828125,0.967403769493103,0.9605714082717896,0.9858472347259521,0.9746534824371338,0.9876331686973572,0.9830701947212219,0.9442325830459595,0.9643669128417969,0.9607426524162292,0.9457954168319702,0.9577879905700684,0.9221750497817993,0.9099149107933044,0.6724169254302979,0.9664673805236816,0.9339150190353394,0.9567843675613403,0.9722532629966736,0.9577373266220093,0.9257499575614929,0.9477986097335815,0.9806727170944214,0.9771460294723511,0.5448528528213501,6.654649019241333,0.7552064657211304,0.9380514621734619

102,0.30374398827552795,0.35847973823547363,0.43682530522346497,0.4655708074569702,0.3184165060520172,0.9391543865203857,0.9528064727783203,0.8366730213165283,0.9736454486846924,0.9671089053153992,0.9614319801330566,0.9766432642936707,0.969049334526062,0.49281105399131775,0.9732176065444946,0.9971365332603455,0.9625970125198364,0.9868955612182617,0.9780604839324951,0.97750324010849,0.45152074098587036,0.9552252292633057,0.9987080097198486,0.9564814567565918,0.5,0.9129339456558228,0.9758697748184204,0.9675644636154175,0.9613627791404724,0.985714316368103,0.9707613587379456,0.9833459854125977,0.9849724173545837,0.947568416595459,0.9653502702713013,0.9614675641059875,0.946743369102478,0.9582565426826477,0.9210623502731323,0.9115036129951477,0.652775228023529,0.9664360284805298,0.9365123510360718,0.959492027759552,0.9749490022659302,0.9590681195259094,0.9286642074584961,0.9504655599594116,0.9821428656578064,0.9756097793579102,0.5435264706611633,6.515359401702881,0.7512813210487366,0.9391543865203857
103,0.3132478892803192,0.3597879111766815,0.39926114678382874,0.47481876611709595,0.3356080949306488,0.9382352828979492,0.9519493579864502,0.8640717267990112,0.9783409833908081,0.962285041809082,0.954100489616394,0.9766604900360107,0.9745246171951294,0.49243682622909546,0.9712070822715759,0.9954797029495239,0.9585334062576294,0.9875161647796631,0.9760805368423462,0.9779357314109802,0.44852399826049805,0.9545706510543823,0.9974117279052734,0.95878005027771,0.5,0.9125841856002808,0.97124183177948,0.96867835521698,0.9588168263435364,0.9874148368835449,0.9699105024337769,0.9844046831130981,0.9835008382797241,0.945672869682312,0.9659155607223511,0.962693452835083,0.9490740299224854,0.9557791948318481,0.9197565317153931,0.9176840782165527,0.746494472026825,0.9648071527481079,0.9399628639221191,0.9636549949645996,0.9755257368087769,0.9635435938835144,0.9380449056625366,0.9492955207824707,0.9795728921890259,0.9762082099914551,0.556434690952301,6.485088109970093,0.7476394772529602,0.9382352828979492
104,0.31653454899787903,0.3492274880409241,0.5048931241035461,0.4723738729953766,0.3679843246936798,0.9327206015586853,0.953400731086731,0.9283241033554077,0.9830352067947388,0.9679026007652283,0.9550738334655762,0.9786782264709473,0.9725295305252075,0.4963133633136749,0.9750738143920898,0.9963106513023376,0.962241530418396,0.9880051612854004,0.9805314540863037,0.9801697134971619,0.4539170563220978,0.9492620229721069,0.9977900981903076,0.9541242122650146,0.5,0.915595293045044,0.9769374132156372,0.9712982177734375,0.9622319340705872,0.9863455295562744,0.9723331332206726,0.9852913618087769,0.9881516695022583,0.9538213610649109,0.9659760594367981,0.9575880765914917,0.9405049085617065,0.9543944001197815,0.9220743179321289,0.9090656042098999,0.7115069031715393,0.9656104445457458,0.9297181367874146,0.9538690447807312,0.9692680239677429,0.9579534530639648,0.9358711838722229,0.9456541538238525,0.9766685366630554,0.972000002861023,0.546030580997467,6.588488817214966,0.7549048662185669,0.9327206015586853
105,0.3036431074142456,0.3540579080581665,0.45421963930130005,0.47993215918540955,0.3644276559352875,0.9420955777168274,0.9535439610481262,0.9623984098434448,0.9851640462875366,0.9661376476287842,0.9598156809806824,0.9809927940368652,0.9721299409866333,0.495198518037796,0.9746403694152832,0.9964996576309204,0.9592872858047485,0.9892046451568604,0.9782086610794067,0.981724202632904,0.4494744539260864,0.9549732208251953,0.9974164962768555,0.9575830698013306,0.5,0.9213472604751587,0.9753028750419617,0.9725033044815063,0.9626044034957886,0.9840909242630005,0.9704649448394775,0.985435962677002,0.9922901391983032,0.9531546831130981,0.9735845327377319,0.966187596321106,0.9496209621429443,0.9569108486175537,0.9244883060455322,0.9138600826263428,0.5833920836448669,0.9657111167907715,0.940717339515686,0.962104320526123,0.9737037420272827,0.9602230787277222,0.9366171360015869,0.9496463537216187,0.9782891273498535,0.9735081195831299,0.5495538711547852,6.642872333526611,0.7577714323997498,0.9420955777168274
106,0.3012431561946869,0.3484274744987488,0.48260679841041565,0.46314606070518494,0.37277525663375854,0.9373161792755127,0.9544481039047241,0.964022159576416,0.9856114983558655,0.9680516719818115,0.9610701203346252,0.9774907827377319,0.9705719947814941,0.49372345209121704,0.9755354523658752,0.9973217248916626,0.9628708362579346,0.9881083965301514,0.9804608225822449,0.9794431924819946,0.4556518495082855,0.9553752541542053,0.9981573820114136,0.9577386379241943,0.5,0.9202775955200195,0.9763948917388916,0.9683520197868347,0.9605462551116943,0.984764814376831,0.9762582778930664,0.9858391880989075,0.9938095211982727,0.9549686908721924,0.9733180999755859,0.9657812118530273,0.9476463794708252,0.9545286893844604,0.9298487901687622,0.9139177203178406,0.6212086081504822,0.9676937460899353,0.938034176826477,0.9600520133972168,0.9779576063156128,0.9641927480697632,0.9424326419830322,0.9499165415763855,0.980270504951477,0.9767658114433289,0.5455184578895569,6.657467365264893,0.754466712474823,0.9373161792755127
107,0.30934736132621765,0.3693495988845825,0.4871930181980133,0.4794503450393677,0.39858439564704895,0.9404411911964417,0.9536252021789551,0.9611192941665649,0.9846835136413574,0.9635474681854248,0.9595418572425842,0.9795467257499695,0.9709141254425049,0.4923403561115265,0.9694706201553345,0.996585488319397,0.9619364738464355,0.9848847985267639,0.97637939453125,0.9774277210235596,0.45422664284706116,0.955828070640564,0.9976041316986084,0.9603822231292725,0.5,0.911814272403717,0.9764230251312256,0.9702857136726379,0.9617792367935181,0.9837120771408081,0.9744636416435242,0.983323872089386,0.9926624298095703,0.9529232978820801,0.9725233316421509,0.9662299156188965,0.946008563041687,0.9545538425445557,0.9281498193740845,0.9148975610733032,0.7143561840057373,0.9646464586257935,0.9380695819854736,0.9617668986320496,0.9759517312049866,0.9627669453620911,0.942658007144928,0.9540454745292664,0.9811478853225708,0.9733755588531494,0.5485091209411621,6.582463026046753,0.7529996037483215,0.9404411911964417
108,0.2874230444431305,0.3540056645870209,0.44638141989707947,0.4792838990688324,0.37540918588638306,0.940073549747467,0.954798698425293,0.5897459387779236,0.9838590621948242,0.966211199760437,0.9586563110351562,0.9811059832572937,0.9687327146530151,0.488090842962265,0.9726735353469849,0.996489942073822,0.9617940187454224,0.9879017472267151,0.9773985147476196,0.9789861440658569,0.4506366550922394,0.9571586847305298,0.9981542825698853,0.9588508009910583,0.5,0.9199401140213013,0.974313497543335,0.9687737226486206,0.9582698345184326,0.9862350225448608,0.9723275303840637,0.9852440357208252,0.9936153888702393,0.9497991800308228,0.9712414741516113,0.9638776183128357,0.9465345144271851,0.9602911472320557,0.930996298789978,0.9184752702713013,0.9465077519416809,0.9681528806686401,0.9390697479248047,0.9621676802635193,0.9754235744476318,0.9625394940376282,0.9412913918495178,0.9531337022781372,0.979275107383728,0.9757570028305054,0.5518839359283447,6.576197862625122,0.7567658424377441,0.940073549747467
109,0.28041982650756836,0.35415488481521606,0.45153796672821045,0.47016674280166626,0.39084526896476746,0.940073549747467,0.9543219804763794,0.5386531352996826,0.978581964969635,0.9644899368286133,0.9618362784385681,0.9808012247085571,0.9699538946151733,0.4889339804649353,0.9745481014251709,0.9966759085655212,0.9633966684341431,0.9874538779258728,0.979505181312561,0.9779723882675171,0.4533149302005768,0.9534711837768555,0.9975087642669678,0.9571666717529297,0.5,0.9204609394073486,0.9770050048828125,0.970162034034729,0.9617283940315247,0.9861401319503784,0.9760228395462036,0.9851824045181274,0.9932752847671509,0.9492202401161194,0.9747771620750427,0.9641144275665283,0.9487107992172241,0.960324764251709,0.9349308609962463,0.9144919514656067,0.9474557638168335,0.9649515151977539,0.937325656414032,0.959502100944519,0.9751628041267395,0.9629319906234741,0.9379881024360657,0.9504739046096802,0.9803647994995117,0.9762390851974487,0.5501616597175598,6.473006248474121,0.7530779838562012,0.940073549747467
110,0.3071630001068115,0.3552365005016327,0.4279314875602722,0.46813908219337463,0.39040467143058777,0.934374988079071,0.9524324536323547,0.5737131834030151,0.9705556631088257,0.9661626815795898,0.9611766934394836,0.9791512489318848,0.9704038500785828,0.48974502086639404,0.9735772609710693,0.9950138330459595,0.9620988368988037,0.9870705604553223,0.9773985147476196,0.97765052318573,0.450821191072464,0.9526840448379517,0.9979708194732666,0.9620510935783386,0.5,0.9177274703979492,0.9756348133087158,0.9686371088027954,0.9644287824630737,0.9847735166549683,0.9727774858474731,0.9836502075195312,0.9930647611618042,0.951231062412262,0.973504900932312,0.963383138179779,0.9486846923828125,0.9567422866821289,0.9309835433959961,0.9150176048278809,0.9265578985214233,0.9665049314498901,0.9372442960739136,0.9601449370384216,0.9739477038383484,0.9610583186149597,0.9364651441574097,0.9484392404556274,0.981574535369873,0.9746646881103516,0.5543336272239685,6.547942399978638,0.7501453161239624,0.934374988079071

111,0.2679111957550049,0.38087624311447144,0.42923930287361145,0.47128283977508545,0.39777666330337524,0.9433823823928833,0.9547815322875977,0.6539454460144043,0.9739948511123657,0.9671089053153992,0.9651957154273987,0.9804644584655762,0.973077654838562,0.47823280096054077,0.9723502397537231,0.9964088201522827,0.9609706401824951,0.9876383543014526,0.9756502509117126,0.9809716939926147,0.45118123292922974,0.9541597366333008,0.9982462525367737,0.9639548063278198,0.5,0.918876051902771,0.9783990979194641,0.9727929830551147,0.9594569206237793,0.9885308146476746,0.9715238213539124,0.9878396391868591,0.9944919347763062,0.9545714259147644,0.9723120927810669,0.9640679955482483,0.9465112090110779,0.9606015682220459,0.931801438331604,0.9228063821792603,0.9452130794525146,0.9670535326004028,0.9369771480560303,0.9593465328216553,0.9760000109672546,0.9587215781211853,0.9404362440109253,0.9502691030502319,0.9802191257476807,0.9760134220123291,0.5489218235015869,6.567493200302124,0.762051522731781,0.9433823823928833
112,0.2703815996646881,0.39858296513557434,0.41839393973350525,0.47417521476745605,0.3741541802883148,0.9472426176071167,0.9561153650283813,0.6763075590133667,0.9744511842727661,0.9671525955200195,0.967483401298523,0.9828476905822754,0.9721145033836365,0.48885202407836914,0.9739851951599121,0.9963092803955078,0.9586105346679688,0.9880073666572571,0.9763880968093872,0.9788823127746582,0.4485049843788147,0.9566623568534851,0.9980605840682983,0.9714285731315613,0.5,0.9238967895507812,0.9766355156898499,0.9709622263908386,0.9565093517303467,0.9845350980758667,0.9727689623832703,0.9867774844169617,0.9941064715385437,0.953279972076416,0.9703027009963989,0.962809145450592,0.9494725465774536,0.9620778560638428,0.9354570508003235,0.9162812232971191,0.9423218965530396,0.9640052318572998,0.9422218203544617,0.9615027904510498,0.9775980710983276,0.9582791328430176,0.9435049295425415,0.9555245637893677,0.981808066368103,0.9757390022277832,0.5548853874206543,6.50299596786499,0.784094512462616,0.9472426176071167
113,0.27859920263290405,0.3598516285419464,0.4745384156703949,0.4684869647026062,0.3958146274089813,0.9428308606147766,0.9536123275756836,0.6624538898468018,0.9745481014251709,0.9654790163040161,0.9695571660995483,0.9784212112426758,0.9730677008628845,0.4928927421569824,0.9735190868377686,0.9953882694244385,0.9624538421630859,0.9857828617095947,0.9759314060211182,0.9766647815704346,0.451032817363739,0.9482917785644531,0.9979730844497681,0.9684492945671082,0.5,0.9183006286621094,0.9776651859283447,0.9705491065979004,0.961845874786377,0.9868146181106567,0.9768439531326294,0.9848456382751465,0.9946043491363525,0.951747715473175,0.9718952178955078,0.9621631503105164,0.9478703737258911,0.9601476192474365,0.9295722842216492,0.9272778034210205,0.8024064302444458,0.9639992713928223,0.9387925863265991,0.9600964784622192,0.9732874035835266,0.9632244110107422,0.9406180381774902,0.9493305683135986,0.979828953742981,0.9760974645614624,0.548836350440979,6.486238479614258,0.7678969502449036,0.9428308606147766
114,0.2884167432785034,0.3813071548938751,0.4196946620941162,0.47546136379241943,0.4181487560272217,0.9373161792755127,0.9546597003936768,0.6690024137496948,0.9738544225692749,0.9655713438987732,0.9698450565338135,0.980563759803772,0.9707510471343994,0.49086716771125793,0.9740679264068604,0.9964919090270996,0.9638842940330505,0.9879106283187866,0.9785174131393433,0.9793624877929688,0.4539826214313507,0.9495201110839844,0.9982485175132751,0.9703162908554077,0.5,0.920609712600708,0.9774765968322754,0.9725662469863892,0.9625118970870972,0.9877306222915649,0.9768720269203186,0.9852104783058167,0.9958953857421875,0.9538388252258301,0.9798785448074341,0.966093897819519,0.9493330717086792,0.9598560333251953,0.9320657253265381,0.9286242723464966,0.6754086017608643,0.9681724905967712,0.938452959060669,0.9622676372528076,0.9731943607330322,0.9674034118652344,0.9383970499038696,0.9524340629577637,0.9806331396102905,0.9778563380241394,0.5524376034736633,6.662689924240112,0.7771633267402649,0.9373161792755127
115,0.2640327215194702,0.3617044687271118,0.39236313104629517,0.46679890155792236,0.402914434671402,0.9439338445663452,0.9563098549842834,0.6361597776412964,0.9715207815170288,0.9693031311035156,0.9700018167495728,0.9799630641937256,0.9691130518913269,0.4900350570678711,0.9716423749923706,0.9943705797195435,0.9632909297943115,0.9872599840164185,0.9771175384521484,0.9788823127746582,0.45136329531669617,0.9534562230110168,0.9975060224533081,0.9702667593955994,0.5,0.9225812554359436,0.977463960647583,0.9739024043083191,0.9616334438323975,0.985537588596344,0.975152313709259,0.9836595058441162,0.9946666955947876,0.958823561668396,0.9789173603057861,0.9641209840774536,0.9507120251655579,0.9600332379341125,0.9337083101272583,0.9227062463760376,0.7375030517578125,0.965018630027771,0.9391401410102844,0.9596203565597534,0.9738750457763672,0.963807225227356,0.9443103671073914,0.9531162977218628,0.9795348644256592,0.9753246307373047,0.5547532439231873,6.481326341629028,0.7793678045272827,0.9439338445663452
116,0.24748891592025757,0.3757323622703552,0.4475739002227783,0.4620091915130615,0.41419607400894165,0.9527573585510254,0.9552987813949585,0.6360167264938354,0.9723042845726013,0.9714232683181763,0.9657812118530273,0.9778679609298706,0.9731796979904175,0.4929902255535126,0.9738200902938843,0.9958555698394775,0.9604827165603638,0.9890079498291016,0.9750784635543823,0.9823670387268066,0.44937291741371155,0.954654335975647,0.9976954460144043,0.9704629182815552,0.5,0.9210920333862305,0.9791977405548096,0.975146472454071,0.9597020745277405,0.9876776933670044,0.9763674736022949,0.988074779510498,0.995814323425293,0.9544588327407837,0.9717358350753784,0.9622902870178223,0.9497958421707153,0.9621840715408325,0.9356774091720581,0.9236817359924316,0.7066185474395752,0.9662502408027649,0.9385589361190796,0.9604456424713135,0.976456344127655,0.9589129686355591,0.9441964626312256,0.9508166313171387,0.9810479283332825,0.9761772155761719,0.5550004839897156,6.5700390338897705,0.7918973565101624,0.9527573585510254

117,0.25741565227508545,0.39034324884414673,0.4260091483592987,0.46024560928344727,0.42626240849494934,0.9465073347091675,0.9570409059524536,0.9396786689758301,0.9730875492095947,0.963027834892273,0.9700074195861816,0.9790358543395996,0.9709248542785645,0.4893166422843933,0.9731024503707886,0.9955621361732483,0.96168053150177,0.9868955612182617,0.9727239608764648,0.9800147414207458,0.45014771819114685,0.9538830518722534,0.99852454662323,0.9709582328796387,0.5,0.9233999252319336,0.9782038927078247,0.9693175554275513,0.9632800817489624,0.9867719411849976,0.9780450463294983,0.9847531914710999,0.9959985017776489,0.951270341873169,0.9766337275505066,0.9674714207649231,0.9553868770599365,0.9652278423309326,0.9362310767173767,0.9286110401153564,0.5777572989463806,0.9654463529586792,0.9432789087295532,0.9661017060279846,0.9799219369888306,0.966926097869873,0.9486632347106934,0.9517446160316467,0.9819243550300598,0.9805725812911987,0.5526494383811951,6.5310094356536865,0.7847288250923157,0.9465073347091675
118,0.2583618760108948,0.39378276467323303,0.4087948799133301,0.46918293833732605,0.4101806879043579,0.9474264979362488,0.9562414288520813,0.8802929520606995,0.9733296632766724,0.9663532376289368,0.9661314487457275,0.9787018299102783,0.9755580425262451,0.49410247802734375,0.9735678434371948,0.9966795444488525,0.9610689878463745,0.9870848655700684,0.9748340845108032,0.9825838804244995,0.4531278908252716,0.9530442953109741,0.9981539249420166,0.9718114733695984,0.5,0.9197901487350464,0.9790104627609253,0.9752945899963379,0.9621729254722595,0.9879016876220703,0.9736591577529907,0.9862648248672485,0.9960052967071533,0.9583966732025146,0.9772856831550598,0.9657306671142578,0.9510113000869751,0.9617728590965271,0.9345501661300659,0.9271026253700256,0.6975821256637573,0.9668347835540771,0.9395349025726318,0.9632284641265869,0.9785035848617554,0.9650622606277466,0.9454376101493835,0.953119158744812,0.9818215370178223,0.9759248495101929,0.5534238815307617,6.7169108390808105,0.7924287915229797,0.9474264979362488
119,0.27470138669013977,0.3859608769416809,0.4417766034603119,0.4709051847457886,0.41269516944885254,0.9435662031173706,0.9568506479263306,0.7625115513801575,0.9694783687591553,0.9667835235595703,0.9675540924072266,0.979804515838623,0.9713311195373535,0.49483203887939453,0.9728431701660156,0.9964938163757324,0.9614817500114441,0.9880095720291138,0.9752904176712036,0.9822976589202881,0.44941025972366333,0.9552830457687378,0.997969388961792,0.9721810221672058,0.5,0.9195574522018433,0.9754297733306885,0.9741199016571045,0.9620808362960815,0.9859715700149536,0.9751853942871094,0.9856327176094055,0.9960982203483582,0.9545281529426575,0.97748863697052,0.9666298031806946,0.9525526762008667,0.9622693657875061,0.9380645155906677,0.9232907295227051,0.7345945239067078,0.9680651426315308,0.9420007467269897,0.963616132736206,0.9790814518928528,0.9693308472633362,0.9442998170852661,0.9576444625854492,0.9818604588508606,0.9771714806556702,0.558051347732544,6.69667911529541,0.7914779782295227,0.9435662031173706
120,0.25702062249183655,0.38321948051452637,0.3562297821044922,0.4696428179740906,0.4082539975643158,0.9503676295280457,0.9583618640899658,0.9605093002319336,0.9674234390258789,0.9653136730194092,0.9644768238067627,0.9792435169219971,0.9743589758872986,0.4946534037590027,0.9715102314949036,0.9962184429168701,0.9595167636871338,0.9879195690155029,0.9717608094215393,0.9823768138885498,0.45333826541900635,0.9566260576248169,0.9975974559783936,0.9726634621620178,0.5,0.9216675758361816,0.9764441847801208,0.9741904735565186,0.9572674036026001,0.9902443885803223,0.9726666808128357,0.9857088327407837,0.994789719581604,0.9543726444244385,0.9802254438400269,0.9654122591018677,0.9493706226348877,0.9628229141235352,0.9410029649734497,0.923703670501709,0.9432970285415649,0.9650552868843079,0.9365359544754028,0.9627282619476318,0.9775855541229248,0.9682037830352783,0.9465577602386475,0.9553720951080322,0.9816709756851196,0.9774967432022095,0.5588916540145874,6.564069509506226,0.7931191921234131,0.9503676295280457

121,0.24767868220806122,0.40548622608184814,0.41786429286003113,0.47477492690086365,0.4025163948535919,0.951286792755127,0.9590394496917725,0.9620428085327148,0.9717451333999634,0.9661813378334045,0.9680066108703613,0.9779601693153381,0.9720221757888794,0.4953012764453888,0.9730875492095947,0.9966795444488525,0.9597934484481812,0.9882819652557373,0.9742030501365662,0.9830383062362671,0.4507003426551819,0.9532951712608337,0.9973257184028625,0.9738205671310425,0.5,0.9200336933135986,0.978683590888977,0.9759633541107178,0.962699294090271,0.987113893032074,0.9729858636856079,0.9850447773933411,0.9955246448516846,0.9545196294784546,0.9780042171478271,0.9659782648086548,0.9514248371124268,0.9629356861114502,0.9419676065444946,0.9255141615867615,0.9150838851928711,0.9653233289718628,0.9396616220474243,0.9624605178833008,0.9786324501037598,0.9654210805892944,0.9460137486457825,0.9593865871429443,0.9841018915176392,0.9754829406738281,0.5528682470321655,6.496303558349609,0.7976703643798828,0.951286792755127
122,0.25347664952278137,0.4058205485343933,0.41140973567962646,0.4630676805973053,0.40037399530410767,0.9488970637321472,0.9569104909896851,0.9599852561950684,0.8852658867835999,0.9642462134361267,0.9659405946731567,0.9795089960098267,0.9711307883262634,0.49539339542388916,0.971006453037262,0.9964002370834351,0.9645096063613892,0.9863443374633789,0.9731351137161255,0.9802728891372681,0.45554324984550476,0.9518450498580933,0.9960287809371948,0.974083662033081,0.5,0.922531247138977,0.9792760610580444,0.9709069728851318,0.9595720767974854,0.9884761571884155,0.9743589758872986,0.9855320453643799,0.9947718381881714,0.9576528668403625,0.980622410774231,0.9635157585144043,0.9492121934890747,0.962476909160614,0.9451208114624023,0.9207746386528015,0.8272524476051331,0.9650858640670776,0.9386274814605713,0.9611380100250244,0.9801676273345947,0.9700671434402466,0.9473488330841064,0.9646905660629272,0.9808940887451172,0.9752088785171509,0.554311215877533,6.752678871154785,0.811898946762085,0.9488970637321472
123,0.2511104941368103,0.3931681513786316,0.4511869549751282,0.46377912163734436,0.3946146070957184,0.9533088207244873,0.9571627378463745,0.7654411792755127,0.6649156212806702,0.9662536978721619,0.9697893857955933,0.9809216260910034,0.970012903213501,0.49732768535614014,0.9734995365142822,0.9971402287483215,0.9620276689529419,0.987557590007782,0.9714576005935669,0.9838441610336304,0.45301827788352966,0.9570636749267578,0.9952064752578735,0.976821780204773,0.5,0.9267610907554626,0.975732684135437,0.9715183973312378,0.9626088738441467,0.9878095388412476,0.9766908884048462,0.9866970777511597,0.9955348968505859,0.9567161202430725,0.9806194305419922,0.9665805101394653,0.9536197185516357,0.9632393717765808,0.9414805173873901,0.9229271411895752,0.9468733072280884,0.9642523527145386,0.943264365196228,0.9645508527755737,0.979332685470581,0.9670881032943726,0.950120747089386,0.9673305749893188,0.9840297102928162,0.9752135276794434,0.5629597902297974,6.5005784034729,0.8428272008895874,0.9533088207244873
124,0.23390913009643555,0.402945876121521,0.4115400016307831,0.4617203176021576,0.41492635011672974,0.9564338326454163,0.9570708274841309,0.8081631660461426,0.4708755612373352,0.9700405597686768,0.967551589012146,0.9797933101654053,0.9693257212638855,0.4976041316986084,0.972232460975647,0.9966795444488525,0.9642198085784912,0.9885672330856323,0.9706099033355713,0.9826664328575134,0.4526840150356293,0.9535977840423584,0.9961240291595459,0.9726852178573608,0.5,0.928491473197937,0.9813363552093506,0.9725326895713806,0.9617877006530762,0.9893068671226501,0.9771733283996582,0.9856327176094055,0.995531439781189,0.9587216973304749,0.9781285524368286,0.9639431834220886,0.9518909454345703,0.9631443023681641,0.9417144060134888,0.9211453199386597,0.9444546699523926,0.9692867994308472,0.9384515285491943,0.9611307382583618,0.9789923429489136,0.9694124460220337,0.9455187916755676,0.9637141823768616,0.9823223352432251,0.9752880334854126,0.5506989359855652,6.532446384429932,0.8457160592079163,0.9564338326454163
125,0.2380424290895462,0.3844228684902191,0.3940960168838501,0.46883150935173035,0.41676145792007446,0.9615808725357056,0.9550551176071167,0.8782547116279602,0.4703819751739502,0.9659845232963562,0.9669802188873291,0.9780483245849609,0.9713205099105835,0.4969540238380432,0.9705936908721924,0.9958463907241821,0.9649317264556885,0.9858725666999817,0.9719454050064087,0.9806839227676392,0.4753630459308624,0.9493823051452637,0.9954797029495239,0.9727053642272949,0.5,0.9236149787902832,0.9797866344451904,0.9694265127182007,0.9616186618804932,0.9878164529800415,0.9783102869987488,0.9830217361450195,0.9959110021591187,0.9578877091407776,0.9833048582077026,0.9653264284133911,0.9567717909812927,0.9624538421630859,0.9384686350822449,0.9328771829605103,0.9504429697990417,0.969781756401062,0.9439791440963745,0.9624004364013672,0.979220986366272,0.9696829319000244,0.944216787815094,0.9642524719238281,0.9835807085037231,0.9787946343421936,0.5592073798179626,6.5192646980285645,0.8643414974212646,0.9615808725357056
126,0.23162855207920074,0.38122284412384033,0.44270625710487366,0.468227744102478,0.41663917899131775,0.9617646932601929,0.9558545351028442,0.5598995089530945,0.46684521436691284,0.9681499004364014,0.9674053192138672,0.9807976484298706,0.9701437950134277,0.49686750769615173,0.9716789722442627,0.9962155818939209,0.9632393717765808,0.9865288734436035,0.9702951908111572,0.979520320892334,0.5801399946212769,0.9556190967559814,0.9941892623901367,0.9753475189208984,0.5,0.9279700517654419,0.9803407192230225,0.9723902940750122,0.9610857963562012,0.9879047870635986,0.9788786172866821,0.9833048582077026,0.9964681267738342,0.9573112726211548,0.9786545038223267,0.9648847579956055,0.9520192742347717,0.9612124562263489,0.9403466582298279,0.9264814853668213,0.9482471942901611,0.9704015254974365,0.9398363828659058,0.9628045558929443,0.9774289131164551,0.9710575342178345,0.9473879933357239,0.9678471684455872,0.9820931553840637,0.977137565612793,0.5586426854133606,6.5321266651153564,0.8556203246116638,0.9617646932601929
127,0.24377384781837463,0.39749783277511597,0.3905179798603058,0.473287969827652,0.41531386971473694,0.9545955657958984,0.9562756419181824,0.6828455924987793,0.46885940432548523,0.9639756083488464,0.9654186964035034,0.9813549518585205,0.9728832244873047,0.49806272983551025,0.9719867706298828,0.9967741966247559,0.962573766708374,0.9881875514984131,0.9710385799407959,0.9809893369674683,0.45225805044174194,0.9549566507339478,0.9926103949546814,0.9732556343078613,0.5,0.9276353120803833,0.9804782271385193,0.9751671552658081,0.962492823600769,0.9902295470237732,0.9762266874313354,0.9864506721496582,0.9964808821678162,0.951968789100647,0.9793129563331604,0.965688943862915,0.954587459564209,0.9590345621109009,0.9391953945159912,0.9318645000457764,0.943993330001831,0.9703081250190735,0.9408261775970459,0.96059250831604,0.9781191945075989,0.9691392183303833,0.9481350779533386,0.9660401940345764,0.9799069762229919,0.9741731882095337,0.5579901933670044,6.470026254653931,0.8332561254501343,0.9545955657958984
128,0.24221819639205933,0.4222053587436676,0.3872682452201843,0.45933887362480164,0.3945058584213257,0.9571691155433655,0.9541253447532654,0.4643120765686035,0.4701974391937256,0.9658253192901611,0.9694311022758484,0.9775198101997375,0.971832275390625,0.49815431237220764,0.9706261157989502,0.9977892637252808,0.9575411081314087,0.9878228902816772,0.9654726982116699,0.9813549518585205,0.44901347160339355,0.9547215104103088,0.9888231754302979,0.9730755090713501,0.5,0.922660231590271,0.9796147346496582,0.9763127565383911,0.9627305269241333,0.9889733791351318,0.9746702313423157,0.9870986342430115,0.9953598380088806,0.9536190032958984,0.9819060564041138,0.9647731781005859,0.9559068083763123,0.9617728590965271,0.9409594535827637,0.9335858225822449,0.9444546699523926,0.9646199941635132,0.9421857595443726,0.9612873196601868,0.9778375625610352,0.9698660373687744,0.9459534883499146,0.9699702262878418,0.9822556972503662,0.9767614603042603,0.5575165748596191,6.611785173416138,0.85321044921875,0.9571691155433655
129,0.25325116515159607,0.40350818634033203,0.43158429861068726,0.4743691384792328,0.4263279139995575,0.9523897171020508,0.954882025718689,0.463890939950943,0.46749770641326904,0.968212902545929,0.9676079750061035,0.9801477193832397,0.9707672595977783,0.4924382269382477,0.9744370579719543,0.9974126815795898,0.9611766934394836,0.9872740507125854,0.9728410840034485,0.9805243015289307,0.45794910192489624,0.9526752829551697,0.9916098117828369,0.9751248359680176,0.5,0.9287315607070923,0.9809737205505371,0.9771993160247803,0.9617792367935181,0.9888045787811279,0.9779622554779053,0.9847045540809631,0.9957159161567688,0.9596544504165649,0.9802744388580322,0.964042067527771,0.9526500701904297,0.9613825082778931,0.9444957375526428,0.9327279329299927,0.9437268972396851,0.9667164087295532,0.9392280578613281,0.9619747400283813,0.9788719415664673,0.9680594205856323,0.9462125301361084,0.9666171073913574,0.9822490811347961,0.9761152267456055,0.5584322810173035,6.72886061668396,0.8448294401168823,0.9523897171020508
130,0.22538694739341736,0.3728486895561218,0.3661283850669861,0.4586980938911438,0.4177604019641876,0.9619485139846802,0.9547944068908691,0.5810481905937195,0.46650055050849915,0.9639032483100891,0.9659782648086548,0.9786860942840576,0.9706153869628906,0.49344897270202637,0.9706696271896362,0.9955686926841736,0.959763765335083,0.9864190816879272,0.9742951989173889,0.9795013666152954,0.4623180329799652,0.9534883499145508,0.9902939796447754,0.9756007194519043,0.5,0.926074743270874,0.9787731170654297,0.9704593420028687,0.9601401090621948,0.9895237684249878,0.9752711057662964,0.9861031770706177,0.9951777458190918,0.9575076103210449,0.9825547933578491,0.9627100229263306,0.9534258842468262,0.9603613615036011,0.9414746761322021,0.9358476400375366,0.9463297724723816,0.9677630662918091,0.9386731386184692,0.9627254009246826,0.979282796382904,0.9686628580093384,0.9495532512664795,0.9682037830352783,0.9837692379951477,0.97685706615448,0.5640918612480164,6.624195575714111,0.849030613899231,0.9619485139846802

131,0.24727396667003632,0.38209041953086853,0.4072084426879883,0.46748751401901245,0.4055931568145752,0.9588235020637512,0.9551855325698853,0.8001108169555664,0.4678281843662262,0.9643186330795288,0.9685540199279785,0.9810816049575806,0.9667589664459229,0.4899316430091858,0.9701754450798035,0.9954713582992554,0.95774906873703,0.9860624074935913,0.9765812158584595,0.9785134792327881,0.6621728539466858,0.9538646340370178,0.9892909526824951,0.9742592573165894,0.5,0.9266492128372192,0.9792290329933167,0.9748003482818604,0.9640015363693237,0.9859973192214966,0.9742415547370911,0.9867373704910278,0.9961085915565491,0.9604439735412598,0.9831183552742004,0.9620568752288818,0.9554629325866699,0.9626314640045166,0.9403026103973389,0.9363787770271301,0.9468398690223694,0.9643858671188354,0.9420748949050903,0.9617025256156921,0.9808372259140015,0.9679486751556396,0.9504001140594482,0.9709215760231018,0.9831940531730652,0.9751535654067993,0.5640179514884949,6.631649732589722,0.8729298710823059,0.9588235020637512
132,0.2306336760520935,0.41145244240760803,0.43087390065193176,0.4647839367389679,0.4080997705459595,0.9639706015586853,0.9577376842498779,0.8146781921386719,0.4669741690158844,0.9677866101264954,0.9670724868774414,0.9791666269302368,0.9676258563995361,0.4930824637413025,0.9719963073730469,0.9952073693275452,0.9599778652191162,0.9883806705474854,0.9795316457748413,0.9809823036193848,0.9518272280693054,0.9548220634460449,0.9899409413337708,0.9744065403938293,0.5,0.9242964386940002,0.9790927767753601,0.9772554636001587,0.964340090751648,0.9885931611061096,0.9743150472640991,0.9881904721260071,0.9959992170333862,0.9606560468673706,0.9826276898384094,0.9638442993164062,0.9565458297729492,0.9604170322418213,0.9415236711502075,0.9312835931777954,0.9466986656188965,0.9659005999565125,0.9426259994506836,0.9631969928741455,0.9774289131164551,0.9684827327728271,0.9471582174301147,0.9729654788970947,0.9825949668884277,0.9772769212722778,0.5562174320220947,6.392916202545166,0.8832431435585022,0.9639706015586853

133,0.22131666541099548,0.39294034242630005,0.4142816364765167,0.46991944313049316,0.43236222863197327,0.9650735259056091,0.9596550464630127,0.9609562158584595,0.4675755202770233,0.9664701223373413,0.9695909023284912,0.9783130288124084,0.9671101570129395,0.49077150225639343,0.9705991148948669,0.9960339069366455,0.962737500667572,0.9879106283187866,0.972858190536499,0.9789706468582153,0.9536234140396118,0.950341522693634,0.9899464845657349,0.9730305671691895,0.5,0.9224428534507751,0.9792562127113342,0.9787901639938354,0.9611512422561646,0.9870870113372803,0.9768500924110413,0.9855017066001892,0.9953563213348389,0.9609225988388062,0.9841995239257812,0.9688076972961426,0.9592797756195068,0.9616165161132812,0.9405465126037598,0.9354599714279175,0.947528600692749,0.966119110584259,0.9448775053024292,0.9633172750473022,0.9785276055335999,0.9704246520996094,0.9458123445510864,0.9713435173034668,0.9825981855392456,0.976482629776001,0.5605714321136475,6.664407968521118,0.8890360593795776,0.9650735259056091
134,0.21958941221237183,0.40834638476371765,0.45034223794937134,0.45941582322120667,0.40047335624694824,0.9654411673545837,0.959528923034668,0.9621771574020386,0.47175559401512146,0.9676883220672607,0.9698395133018494,0.9806982278823853,0.9661813378334045,0.4882005751132965,0.970490574836731,0.9952046871185303,0.960502028465271,0.9864466190338135,0.9683929085731506,0.9800553917884827,0.953194260597229,0.9581412076950073,0.9899501800537109,0.9743518829345703,0.5,0.9260917901992798,0.9808952808380127,0.9775184988975525,0.9628468155860901,0.9894043207168579,0.9761814475059509,0.9879529476165771,0.9953386783599854,0.9582302570343018,0.9827127456665039,0.96517413854599,0.9606189727783203,0.9638376235961914,0.9423218965530396,0.9329020380973816,0.9481262564659119,0.9677690267562866,0.943226158618927,0.9654852151870728,0.9811373353004456,0.97025465965271,0.9497674703598022,0.9709808826446533,0.9840959906578064,0.9785647392272949,0.5598260760307312,5.916741847991943,0.8863003849983215,0.9654411673545837
135,0.2296644151210785,0.36712637543678284,0.4153968095779419,0.4743286669254303,0.4266659617424011,0.9623161554336548,0.9585584402084351,0.9607861042022705,0.4695684313774109,0.9653611779212952,0.9706642031669617,0.9772475957870483,0.9688192009925842,0.4922523498535156,0.970647931098938,0.9935400485992432,0.9551317691802979,0.9888211488723755,0.9698005318641663,0.9808153510093689,0.9464746713638306,0.9536558389663696,0.9871629476547241,0.9738355875015259,0.5,0.9283046722412109,0.9758575558662415,0.9791785478591919,0.9651892781257629,0.9869169592857361,0.9752002954483032,0.9869747161865234,0.9959117770195007,0.9635160565376282,0.9832476377487183,0.9662672877311707,0.9590665102005005,0.9631268382072449,0.9415836334228516,0.9314142465591431,0.9431314468383789,0.9676603078842163,0.9439806938171387,0.9630111455917358,0.9773743152618408,0.967050313949585,0.9456218481063843,0.9709821343421936,0.9816709756851196,0.9766250848770142,0.564481258392334,5.554373025894165,0.887492299079895,0.9623161554336548
136,0.22257710993289948,0.41760748624801636,0.41606175899505615,0.4636658728122711,0.40022313594818115,0.9647058844566345,0.9598815441131592,0.9619284868240356,0.46476665139198303,0.9669002294540405,0.9693726897239685,0.9776670336723328,0.9731796979904175,0.49410030245780945,0.9715604782104492,0.9952056407928467,0.9621771574020386,0.9864391088485718,0.9654186964035034,0.9788589477539062,0.9533874988555908,0.9551317691802979,0.9908688068389893,0.9760407209396362,0.5,0.9282902479171753,0.9812734127044678,0.9838709831237793,0.9629523754119873,0.9907882213592529,0.9793333411216736,0.98772132396698,0.9956165552139282,0.9582380056381226,0.9846416711807251,0.9655967950820923,0.9609837532043457,0.962440013885498,0.9413500428199768,0.9396264553070068,0.9453471302986145,0.9645984768867493,0.9488276839256287,0.9641268253326416,0.9798808097839355,0.9706264734268188,0.9489966630935669,0.9714365601539612,0.9837872982025146,0.9757615327835083,0.5534358024597168,6.034143447875977,0.8832825422286987,0.9647058844566345
137,0.22019606828689575,0.40000975131988525,0.4052914083003998,0.46131300926208496,0.4192850887775421,0.9599264860153198,0.9583960175514221,0.7307196259498596,0.4683007597923279,0.965736985206604,0.9685017466545105,0.9793510437011719,0.9679534435272217,0.4929850399494171,0.9721710681915283,0.9953874349594116,0.9612903594970703,0.9879151582717896,0.9684152603149414,0.9816386699676514,0.9527936577796936,0.896446943283081,0.9897544384002686,0.9763801097869873,0.5,0.9280892610549927,0.9802054166793823,0.9845861196517944,0.9651339650154114,0.9881088137626648,0.9771650433540344,0.9885002970695496,0.9949456453323364,0.9593672752380371,0.98234623670578,0.9653072357177734,0.9588888883590698,0.962809145450592,0.9457042813301086,0.9338697791099548,0.9485334753990173,0.9699515104293823,0.9470260143280029,0.9643654823303223,0.9791163802146912,0.9708557724952698,0.9497767686843872,0.9722377061843872,0.9831877946853638,0.9770736694335938,0.5590152144432068,6.251323699951172,0.8760724067687988,0.9599264860153198
138,0.21391217410564423,0.40279245376586914,0.4380212426185608,0.4770697355270386,0.4193163812160492,0.9652573466300964,0.9594476819038391,0.8306137323379517,0.47576484084129333,0.96470046043396,0.9680929183959961,0.979047417640686,0.9681910276412964,0.4940147399902344,0.9722784757614136,0.9964964389801025,0.9606793522834778,0.9877283573150635,0.9649640321731567,0.9806201457977295,0.9520472288131714,0.8384487628936768,0.99085533618927,0.976155161857605,0.5,0.9291338920593262,0.9819626212120056,0.9834064245223999,0.96278315782547,0.9892911314964294,0.9768439531326294,0.9878350496292114,0.9950485229492188,0.9604364633560181,0.9812094569206238,0.9671089053153992,0.9569045305252075,0.9644173979759216,0.9457042813301086,0.930581271648407,0.9425064325332642,0.9663372039794922,0.945290744304657,0.9620535373687744,0.979282796382904,0.9758812189102173,0.9476863145828247,0.9758363962173462,0.9816641807556152,0.9772347211837769,0.5566885471343994,6.248208284378052,0.8865281939506531,0.9652573466300964
139,0.2187153697013855,0.43404921889305115,0.4565563201904297,0.46657606959342957,0.4156678020954132,0.9628676176071167,0.9590095281600952,0.8571033477783203,0.47167372703552246,0.969741702079773,0.9706858396530151,0.9783250093460083,0.9678044319152832,0.495387464761734,0.973077654838562,0.9953917264938354,0.9638309478759766,0.9883849620819092,0.9623337984085083,0.9807159900665283,0.961531400680542,0.9552417993545532,0.9891284704208374,0.9760007858276367,0.5,0.9282637238502502,0.9808554649353027,0.9808494448661804,0.9608795046806335,0.990302324295044,0.975965142250061,0.9892504215240479,0.9954066872596741,0.9571483135223389,0.9831557273864746,0.9668635725975037,0.9565337896347046,0.9653008580207825,0.9453572034835815,0.9304629564285278,0.9479608535766602,0.9712149500846863,0.9475686550140381,0.9632284641265869,0.9788954854011536,0.974158763885498,0.9456117153167725,0.9731462597846985,0.9815847873687744,0.9757390022277832,0.5544130802154541,6.151960611343384,0.8860572576522827,0.9628676176071167
140,0.21783624589443207,0.4269516170024872,0.41579777002334595,0.4565865695476532,0.4140332341194153,0.9621323347091675,0.9604372978210449,0.9483979940414429,0.4702622890472412,0.9708379507064819,0.9707947969436646,0.9770879745483398,0.9688249826431274,0.49640750885009766,0.9714391231536865,0.9953908920288086,0.9572957158088684,0.9884814023971558,0.9650562405586243,0.9820735454559326,0.9027470350265503,0.9552830457687378,0.9887536764144897,0.9782729148864746,0.5,0.9260261058807373,0.9802312850952148,0.9828436374664307,0.9647860527038574,0.9904689192771912,0.9760816097259521,0.987140417098999,0.9956198930740356,0.9640076160430908,0.9884206652641296,0.9686635732650757,0.9598519802093506,0.9676437973976135,0.9473247528076172,0.937847375869751,0.9471837282180786,0.9688085317611694,0.9556009769439697,0.9670073986053467,0.9802154898643494,0.9760311841964722,0.9507815837860107,0.9753017425537109,0.9839369058609009,0.9764159917831421,0.5618932247161865,6.013976335525513,0.8838662505149841,0.9621323347091675

141,0.21709690988063812,0.4371878504753113,0.4718840718269348,0.47772637009620667,0.41697603464126587,0.9610294103622437,0.9592317938804626,0.9630005359649658,0.470012903213501,0.9684443473815918,0.9722222089767456,0.9794470071792603,0.9687211513519287,0.49695515632629395,0.9714075326919556,0.9977843761444092,0.9598486423492432,0.9870094060897827,0.9614604711532593,0.9808224439620972,0.9637320041656494,0.9565417766571045,0.9882992506027222,0.9751759767532349,0.5,0.9273169040679932,0.9798802137374878,0.985871434211731,0.9587531089782715,0.988916277885437,0.9750142097473145,0.9885996580123901,0.996009111404419,0.9610761404037476,0.9842497110366821,0.9659719467163086,0.9561827182769775,0.9674534797668457,0.9469165802001953,0.9295748472213745,0.9441371560096741,0.9693590402603149,0.9449498653411865,0.962883710861206,0.9784024953842163,0.9712878465652466,0.9470653533935547,0.97265625,0.9818503260612488,0.9759383201599121,0.5547950267791748,6.021514892578125,0.8836846351623535,0.9610294103622437
142,0.2033286988735199,0.4390009343624115,0.44056782126426697,0.46098530292510986,0.39262259006500244,0.9680147171020508,0.9602171778678894,0.9622050523757935,0.46576860547065735,0.967373251914978,0.9706425666809082,0.9782127141952515,0.970012903213501,0.4971418082714081,0.9688655138015747,0.9966832399368286,0.9636531472206116,0.9873546361923218,0.9642857313156128,0.9784172773361206,0.9673672914505005,0.9568265676498413,0.9883806705474854,0.9776934385299683,0.5,0.9274088144302368,0.9776217341423035,0.9853973388671875,0.9654942750930786,0.9913382530212402,0.9763749837875366,0.9879277944564819,0.9960174560546875,0.9622319340705872,0.9858687520027161,0.967220664024353,0.9619796276092529,0.9683182835578918,0.9442087411880493,0.9415355920791626,0.9508393406867981,0.9689958691596985,0.9545961618423462,0.9642724990844727,0.9799181818962097,0.9743399024009705,0.9520840644836426,0.9752088785171509,0.9838470220565796,0.9782810211181641,0.5597774982452393,6.100351333618164,0.8885223269462585,0.9680147171020508
143,0.21808631718158722,0.4296107590198517,0.42538535594940186,0.46275854110717773,0.4256649315357208,0.9648897051811218,0.9599179029464722,0.9635272026062012,0.47031164169311523,0.9703006744384766,0.9693200588226318,0.979539155960083,0.9679830074310303,0.4955727756023407,0.9717503786087036,0.9960302710533142,0.9611766934394836,0.9870070219039917,0.9660516977310181,0.9816081523895264,0.9697360992431641,0.956145167350769,0.9885650873184204,0.9766579866409302,0.5,0.9307735562324524,0.9780824184417725,0.983156681060791,0.9655566215515137,0.9895178079605103,0.976488471031189,0.988632082939148,0.9956356883049011,0.9654517769813538,0.9873862266540527,0.9639365673065186,0.9628841280937195,0.968865156173706,0.9457964897155762,0.942318320274353,0.948228120803833,0.9708083868026733,0.950909435749054,0.9634350538253784,0.9787471890449524,0.9763984680175781,0.9502885937690735,0.9726816415786743,0.9803229570388794,0.9781798124313354,0.5556715130805969,6.0862367153167725,0.883080244064331,0.9648897051811218
144,0.21632210910320282,0.3896077871322632,0.4453169107437134,0.4628329575061798,0.40853700041770935,0.9634191393852234,0.9589175581932068,0.955578088760376,0.4659782350063324,0.9630005359649658,0.9709463119506836,0.9768535494804382,0.9666298031806946,0.49566739797592163,0.966291069984436,0.9957541227340698,0.9597711563110352,0.9846863746643066,0.9587876796722412,0.976621687412262,0.9658545255661011,0.95867919921875,0.9864441156387329,0.9769529700279236,0.5,0.9269431829452515,0.9746954441070557,0.9836065769195557,0.9623910188674927,0.9907742142677307,0.9743030667304993,0.9874357581138611,0.9975308775901794,0.9595574140548706,0.9890130758285522,0.9671404957771301,0.9639748334884644,0.9698617458343506,0.9431419372558594,0.9449796080589294,0.951235294342041,0.9672607779502869,0.9558550119400024,0.9657254219055176,0.9799666404724121,0.978434681892395,0.9506505727767944,0.976716160774231,0.984803318977356,0.9788837432861328,0.5607566237449646,6.0719077587127686,0.8851243853569031,0.9634191393852234
145,0.20732226967811584,0.3806091248989105,0.4118252694606781,0.46427667140960693,0.4233209192752838,0.9626837968826294,0.9599179029464722,0.9641408920288086,0.46790260076522827,0.9684792757034302,0.9691130518913269,0.9777675271034241,0.9693896770477295,0.48936957120895386,0.9700405597686768,0.9957517385482788,0.9591102004051208,0.9873592853546143,0.9634551405906677,0.9797746539115906,0.9656826257705688,0.9565619230270386,0.988000750541687,0.978534460067749,0.5,0.9332082271575928,0.9789139628410339,0.9844756126403809,0.9641293883323669,0.9911596775054932,0.9764761924743652,0.9868946075439453,0.9981017112731934,0.96531081199646,0.9883168935775757,0.9691824913024902,0.9635387659072876,0.9676823616027832,0.943993330001831,0.9413620233535767,0.9448644518852234,0.9689958691596985,0.959614634513855,0.9677689075469971,0.9812581539154053,0.9787411689758301,0.9518587589263916,0.9778686761856079,0.984747052192688,0.9780424237251282,0.5634727478027344,6.1009862422943115,0.8869450688362122,0.9626837968826294
146,0.19826099276542664,0.4281628131866455,0.3853277862071991,0.4695645570755005,0.4214188754558563,0.9665440917015076,0.960894763469696,0.9632976651191711,0.4682773947715759,0.9677300453186035,0.9705936908721924,0.9777593612670898,0.970588207244873,0.4783170223236084,0.972514271736145,0.9974160194396973,0.9637386798858643,0.9873709678649902,0.9625461101531982,0.9808970093727112,0.9680752754211426,0.9530845880508423,0.990221381187439,0.9777264595031738,0.5,0.9369141459465027,0.9819726943969727,0.9865275025367737,0.9635258316993713,0.9907777309417725,0.976655900478363,0.988478422164917,0.9967736005783081,0.9599389433860779,0.9869219064712524,0.9645625352859497,0.9622589349746704,0.9684675931930542,0.9484317302703857,0.9402888417243958,0.9491509795188904,0.9712579250335693,0.9560378789901733,0.9648096561431885,0.9795310497283936,0.975623369216919,0.948176383972168,0.9768415093421936,0.9840841293334961,0.9761816263198853,0.5612380504608154,6.295758008956909,0.8880723714828491,0.9665440917015076
147,0.20108342170715332,0.4205201268196106,0.3833984136581421,0.46606481075286865,0.40707331895828247,0.9634191393852234,0.961446225643158,0.9643186330795288,0.4695627987384796,0.9683754444122314,0.9721453189849854,0.9792281985282898,0.9703819751739502,0.48690277338027954,0.972713828086853,0.9962190985679626,0.9620848894119263,0.9884750247001648,0.9651355743408203,0.9809216260910034,0.9664516448974609,0.9568139910697937,0.9893931150436401,0.9792708158493042,0.5,0.9389626979827881,0.9821462035179138,0.9913613200187683,0.9617798328399658,0.9910714626312256,0.9762221574783325,0.9879392385482788,0.9976267218589783,0.9649924039840698,0.9872478246688843,0.9656157493591309,0.9598073959350586,0.9705610871315002,0.9506457448005676,0.9376621246337891,0.9452966451644897,0.9704673290252686,0.9561011791229248,0.9636871814727783,0.9787095785140991,0.9711788892745972,0.9491462707519531,0.9758678674697876,0.9821627736091614,0.9765886068344116,0.5557811856269836,5.908294916152954,0.8842673301696777,0.9634191393852234
148,0.19977986812591553,0.3928892910480499,0.3872678875923157,0.4493984282016754,0.40363359451293945,0.9623161554336548,0.9609460830688477,0.9644501805305481,0.4696158170700073,0.968847930431366,0.9716842174530029,0.9755580425262451,0.9670299291610718,0.4912377893924713,0.9719454050064087,0.9953866004943848,0.9605311751365662,0.9890140295028687,0.9671465158462524,0.9811599254608154,0.9674113988876343,0.9579413533210754,0.9891043305397034,0.9817073345184326,0.5,0.9365079402923584,0.9798920154571533,0.986627459526062,0.9659992456436157,0.9903662800788879,0.9781119227409363,0.9883454442024231,0.9982038140296936,0.9667046070098877,0.9901496171951294,0.9654726982116699,0.9626133441925049,0.9701162576675415,0.9507757425308228,0.9451851844787598,0.9498432874679565,0.9696091413497925,0.959824800491333,0.9657865762710571,0.9782649278640747,0.9729955196380615,0.9488108158111572,0.9774205684661865,0.9842761754989624,0.978155791759491,0.563327431678772,5.821061611175537,0.8839229345321655,0.9623161554336548
149,0.19963888823986053,0.4182504415512085,0.45825526118278503,0.45410794019699097,0.3895738422870636,0.966176450252533,0.9611918926239014,0.9642989039421082,0.4700184464454651,0.969124436378479,0.9742857217788696,0.9778679609298706,0.9681105613708496,0.48781612515449524,0.9734415411949158,0.9964041709899902,0.9653200507164001,0.9876565933227539,0.970420241355896,0.982011079788208,0.9707510471343994,0.9583563804626465,0.9899594783782959,0.986393928527832,0.5,0.938846230506897,0.9826037883758545,0.9875593185424805,0.9630157947540283,0.9911191463470459,0.9766824245452881,0.9897044897079468,0.9980087280273438,0.9629735350608826,0.9890725612640381,0.9651892781257629,0.960769772529602,0.9714075326919556,0.9498247504234314,0.943375289440155,0.9484602212905884,0.9697139263153076,0.957945704460144,0.9656552076339722,0.9802680611610413,0.9770061373710632,0.9498327970504761,0.977158784866333,0.9816462993621826,0.9787687659263611,0.5477482676506042,6.092496871948242,0.8854644298553467,0.966176450252533
150,0.1853383630514145,0.43603670597076416,0.4213634729385376,0.45626407861709595,0.4201153516769409,0.9694852828979492,0.9628270268440247,0.9641276597976685,0.4710492491722107,0.9683007597923279,0.9715312719345093,0.9786056876182556,0.9679262638092041,0.4868324100971222,0.9726937413215637,0.9965879917144775,0.9589256048202515,0.9881018400192261,0.9684327244758606,0.9811807870864868,0.9662050008773804,0.9576020836830139,0.9901291131973267,0.9840829372406006,0.5,0.9404140114784241,0.9818758964538574,0.9872913360595703,0.9626168012619019,0.9914946556091309,0.9788127541542053,0.9893536567687988,0.9979115128517151,0.961809515953064,0.9877399802207947,0.9681968688964844,0.9627846479415894,0.9699262380599976,0.9484412670135498,0.9480170607566833,0.9428861141204834,0.966977596282959,0.9585732817649841,0.9667600393295288,0.9763319492340088,0.9749443531036377,0.9512763023376465,0.9783336520195007,0.9824414849281311,0.9792712330818176,0.5549511313438416,5.832854747772217,0.8957818150520325,0.9694852828979492

151,0.19880761206150055,0.42010611295700073,0.40257346630096436,0.4651249945163727,0.42086368799209595,0.9641544222831726,0.9618608951568604,0.9638776183128357,0.4712993800640106,0.9668819308280945,0.9731796979904175,0.9772894978523254,0.9708433151245117,0.4915989637374878,0.972176194190979,0.9969545602798462,0.961992621421814,0.9883806705474854,0.9699538946151733,0.9815566539764404,0.9695459604263306,0.9550572037696838,0.990031361579895,0.9860366582870483,0.5,0.9441543817520142,0.9824561476707458,0.9886731505393982,0.9609732627868652,0.9909661412239075,0.978846549987793,0.9886580109596252,0.9971466660499573,0.961773157119751,0.9880884289741516,0.9661189317703247,0.9624074101448059,0.9696214199066162,0.9506183862686157,0.950212836265564,0.9438285231590271,0.9723467826843262,0.9600816965103149,0.9674661159515381,0.9807513356208801,0.9783658385276794,0.9514030814170837,0.9769173860549927,0.9837812781333923,0.979546308517456,0.5590178966522217,5.773648500442505,0.8865200877189636,0.9641544222831726
152,0.1777075082063675,0.44519323110580444,0.43926599621772766,0.46991246938705444,0.40471211075782776,0.9693014621734619,0.9622734785079956,0.9644173979759216,0.467619925737381,0.9688307046890259,0.9702897071838379,0.9787666201591492,0.9706481695175171,0.4913251996040344,0.9725092649459839,0.9976041316986084,0.961531400680542,0.9891284704208374,0.9694818258285522,0.9824690818786621,0.9642659425735474,0.9617511630058289,0.9896697998046875,0.9859024286270142,0.5,0.9512401223182678,0.9827425479888916,0.9914335012435913,0.9633448123931885,0.9892147779464722,0.97801673412323,0.9906755685806274,0.9979992508888245,0.9601442813873291,0.9858967065811157,0.9671767950057983,0.9606533050537109,0.9680066108703613,0.9481741189956665,0.9507015943527222,0.9420557022094727,0.9705442190170288,0.9604945182800293,0.9672176837921143,0.9815638065338135,0.9766103625297546,0.9526374340057373,0.9769188165664673,0.9849498271942139,0.9815917015075684,0.5586051940917969,5.792384386062622,0.8904687762260437,0.9693014621734619
153,0.19285379350185394,0.4213886857032776,0.4555325508117676,0.47461000084877014,0.40562042593955994,0.965624988079071,0.9606083035469055,0.9617940187454224,0.47271889448165894,0.9661189317703247,0.9738104343414307,0.9801843166351318,0.9668941497802734,0.4797821342945099,0.9740870594978333,0.9944567680358887,0.9598338007926941,0.9883871078491211,0.9705501794815063,0.9845046997070312,0.948199450969696,0.9556950330734253,0.9888458847999573,0.9816292524337769,0.5,0.9491589069366455,0.980704665184021,0.9856842756271362,0.9651074409484863,0.9907811880111694,0.9787173271179199,0.9900417327880859,0.9978116154670715,0.9605138301849365,0.9887417554855347,0.9653995037078857,0.963306188583374,0.9697360992431641,0.9516040086746216,0.9561142921447754,0.9467613697052002,0.9691416025161743,0.9623395800590515,0.963523268699646,0.9788104295730591,0.9776992797851562,0.9493470191955566,0.9743947982788086,0.9819109439849854,0.9753991961479187,0.5597228407859802,6.048040866851807,0.8854836225509644,0.965624988079071
154,0.1897657960653305,0.38542014360427856,0.37875431776046753,0.458010196685791,0.4025311768054962,0.963786780834198,0.9594135284423828,0.9622398614883423,0.46840938925743103,0.9654377698898315,0.9717556238174438,0.9769628047943115,0.9706912040710449,0.47321757674217224,0.9706912040710449,0.994741678237915,0.960324764251709,0.9882754683494568,0.9632570147514343,0.9803686738014221,0.9654441475868225,0.9590951204299927,0.9886447191238403,0.9853866100311279,0.5,0.9481308460235596,0.9803628325462341,0.988018274307251,0.9624337553977966,0.9921994209289551,0.9795316457748413,0.9895157814025879,0.997617244720459,0.963079571723938,0.9888867735862732,0.965997040271759,0.9619947671890259,0.9708325862884521,0.9495108127593994,0.9528616666793823,0.9480147361755371,0.9672775268554688,0.9611596465110779,0.967045247554779,0.9798514246940613,0.9790002107620239,0.9535595178604126,0.9760445356369019,0.9836825132369995,0.9778933525085449,0.5583045482635498,5.988680124282837,0.8846694827079773,0.963786780834198
155,0.18000119924545288,0.3913697302341461,0.3956253230571747,0.46331217885017395,0.4048665761947632,0.9663602709770203,0.9611170291900635,0.9642724990844727,0.47030067443847656,0.9682070016860962,0.9714681506156921,0.9794394373893738,0.9699262380599976,0.4697949290275574,0.9743636846542358,0.9946464896202087,0.962737500667572,0.9883720874786377,0.9653456211090088,0.9822152853012085,0.9703006744384766,0.957825779914856,0.9909577369689941,0.9860391616821289,0.5,0.9532037973403931,0.9828197956085205,0.9864403605461121,0.9623665809631348,0.991733193397522,0.9789373874664307,0.9881314039230347,0.9980974197387695,0.9606516361236572,0.9870648384094238,0.9633561372756958,0.961951494216919,0.9700074195861816,0.9528597593307495,0.9547981023788452,0.9458563327789307,0.9717403650283813,0.9606438279151917,0.9649953842163086,0.9787946343421936,0.9753625988960266,0.9553903341293335,0.9764071702957153,0.9843199253082275,0.9771205186843872,0.5606188178062439,6.008749961853027,0.8926935195922852,0.9663602709770203
156,0.17795155942440033,0.42965760827064514,0.43271663784980774,0.4716264307498932,0.42410922050476074,0.9698529243469238,0.9615359902381897,0.9618722200393677,0.47134169936180115,0.9670785665512085,0.9716129302978516,0.9769202470779419,0.9684035778045654,0.463335782289505,0.9742429852485657,0.9947407245635986,0.9607300758361816,0.9892006516456604,0.9732669591903687,0.9824787974357605,0.9677062034606934,0.9541935920715332,0.9901382923126221,0.982340931892395,0.5,0.9532797336578369,0.981357216835022,0.9903662800788879,0.9638577103614807,0.9930700659751892,0.9792143106460571,0.9881724119186401,0.998668909072876,0.9582380056381226,0.988796055316925,0.9653931260108948,0.9631725549697876,0.9710385799407959,0.9520169496536255,0.952147364616394,0.9461452960968018,0.9707858562469482,0.9589676856994629,0.9655172824859619,0.9772093296051025,0.9783698320388794,0.9488942623138428,0.9781273603439331,0.9827714562416077,0.9795615077018738,0.5567307472229004,5.864341974258423,0.8973532915115356,0.9698529243469238
157,0.1825198084115982,0.42845335602760315,0.43922320008277893,0.4599422812461853,0.41421908140182495,0.965624988079071,0.9608626961708069,0.9596490859985352,0.46903225779533386,0.9659405946731567,0.9691130518913269,0.9769500494003296,0.9679889678955078,0.4649916887283325,0.9720066785812378,0.9953840374946594,0.9602911472320557,0.9854404926300049,0.9712177515029907,0.98033607006073,0.9667220115661621,0.955836296081543,0.990319013595581,0.9834166765213013,0.5,0.9520829319953918,0.981821596622467,0.990779459476471,0.9620518684387207,0.993048906326294,0.9823135733604431,0.9889291524887085,0.9977290034294128,0.9600532650947571,0.9874429106712341,0.9654314517974854,0.9618158340454102,0.9690380096435547,0.9541597366333008,0.9527690410614014,0.9420877695083618,0.9701659679412842,0.9626255035400391,0.9642724990844727,0.9787293672561646,0.9760668277740479,0.951964259147644,0.9747531414031982,0.9840415716171265,0.9795670509338379,0.555917501449585,6.307627439498901,0.8852992057800293,0.965624988079071
158,0.19606174528598785,0.4411444664001465,0.40355825424194336,0.4680974781513214,0.4080694615840912,0.9634191393852234,0.960817813873291,0.9605602622032166,0.4661126434803009,0.9652021527290344,0.9661000967025757,0.9793510437011719,0.9673672914505005,0.46640828251838684,0.9681675434112549,0.9929006099700928,0.960502028465271,0.9867935180664062,0.9662610292434692,0.978581964969635,0.9673250913619995,0.9595791697502136,0.9893774390220642,0.9835001826286316,0.5,0.9498412013053894,0.9792212247848511,0.9897338151931763,0.9642993211746216,0.9921057224273682,0.9771217107772827,0.987980306148529,0.9970448017120361,0.9627518057823181,0.9884206652641296,0.9664701223373413,0.9648408889770508,0.9669619798660278,0.9475917816162109,0.9546462297439575,0.9469361305236816,0.9713912010192871,0.9615885019302368,0.9638946056365967,0.9781882166862488,0.9775176644325256,0.9562662839889526,0.9739534854888916,0.9844679832458496,0.9796717762947083,0.5623708963394165,6.3633270263671875,0.8862979412078857,0.9634191393852234
159,0.18552836775779724,0.41380444169044495,0.4594706594944,0.46170201897621155,0.40088337659835815,0.9650735259056091,0.9625897407531738,0.9617581963539124,0.468179315328598,0.9665005207061768,0.9699262380599976,0.9765552878379822,0.9681968688964844,0.46978071331977844,0.9699039459228516,0.9959372282028198,0.9620486497879028,0.9869830012321472,0.9687154293060303,0.979424238204956,0.9673552513122559,0.9579257965087891,0.9879240393638611,0.9846011400222778,0.5,0.9525942802429199,0.9780619740486145,0.9904083609580994,0.9613696932792664,0.991074800491333,0.9779969453811646,0.9884761571884155,0.9982919096946716,0.9623000621795654,0.9889376163482666,0.9668018817901611,0.961844801902771,0.9706642031669617,0.9496402740478516,0.9525750279426575,0.9447824358940125,0.9701478481292725,0.9614384174346924,0.9657572507858276,0.9811513423919678,0.9784466624259949,0.9536933898925781,0.9769644737243652,0.9838320016860962,0.9792981743812561,0.5526914596557617,6.288630723953247,0.883441686630249,0.9650735259056091
160,0.17142003774642944,0.41960883140563965,0.4145738482475281,0.4699373245239258,0.40294700860977173,0.9698529243469238,0.9634447693824768,0.9589407444000244,0.4716894030570984,0.9636732339859009,0.9721607565879822,0.9801660776138306,0.9687154293060303,0.4859985113143921,0.9727859497070312,0.9923347234725952,0.9605675339698792,0.9879062175750732,0.9655777215957642,0.9813721776008606,0.9601476192474365,0.9595493078231812,0.9903154373168945,0.9836141467094421,0.5,0.958379864692688,0.9811461567878723,0.9886189699172974,0.9638314247131348,0.9934360980987549,0.9786055088043213,0.9895833730697632,0.9984842538833618,0.9567115902900696,0.99030601978302,0.9668635725975037,0.9634394645690918,0.9736308455467224,0.9542941451072693,0.9529455304145813,0.9444034695625305,0.964279055595398,0.9617598056793213,0.9650083780288696,0.9805798530578613,0.9779534935951233,0.95565265417099,0.9774415493011475,0.9836522340774536,0.9788419008255005,0.5587444305419922,5.933783531188965,0.892898440361023,0.9698529243469238

161,0.17521284520626068,0.4270637333393097,0.4381943941116333,0.4501490890979767,0.41469308733940125,0.9689338207244873,0.9629189372062683,0.9620416164398193,0.4713258445262909,0.9659153819084167,0.9720582962036133,0.9780280590057373,0.9692407250404358,0.4929966926574707,0.9723247289657593,0.99345862865448,0.9620639085769653,0.9882971048355103,0.9641011357307434,0.9814848899841309,0.9576724767684937,0.9545035362243652,0.9887474775314331,0.9873054027557373,0.5,0.9571908116340637,0.9812768697738647,0.9898951053619385,0.9634655714035034,0.9952380657196045,0.979186475276947,0.9908379316329956,0.9981071352958679,0.9595623016357422,0.9895516633987427,0.9654569029808044,0.964457631111145,0.9718530774116516,0.9555842280387878,0.9537721872329712,0.946540892124176,0.9666167497634888,0.9628045558929443,0.966579794883728,0.9793641567230225,0.9757002592086792,0.953455924987793,0.9770616292953491,0.9818418025970459,0.9767528772354126,0.5517644286155701,5.925248146057129,0.8962246775627136,0.9689338207244873
162,0.1771898716688156,0.4359639286994934,0.46221375465393066,0.47261905670166016,0.4045248031616211,0.966176450252533,0.9624059200286865,0.9619996547698975,0.4711645245552063,0.9665622711181641,0.9725446701049805,0.9799778461456299,0.9671949744224548,0.49409812688827515,0.973912239074707,0.9968588352203369,0.96528160572052,0.9875460863113403,0.9690208435058594,0.9831055998802185,0.9689286351203918,0.9554181098937988,0.9907834529876709,0.9852641224861145,0.5,0.9563224911689758,0.9819130897521973,0.990751326084137,0.9648607969284058,0.9942092299461365,0.9803605079650879,0.9902406930923462,0.998007595539093,0.9617138504981995,0.990594744682312,0.9643714427947998,0.962592601776123,0.9725914001464844,0.9562891721725464,0.954284131526947,0.9465043544769287,0.9710820913314819,0.9573657512664795,0.9637141823768616,0.9784024953842163,0.979240357875824,0.9526511430740356,0.9748930931091309,0.9813196659088135,0.9772389531135559,0.5548195838928223,5.885133266448975,0.8851379156112671,0.966176450252533
163,0.17917504906654358,0.4038509130477905,0.45640668272972107,0.4670913517475128,0.3804338872432709,0.965624988079071,0.9611170291900635,0.9605797529220581,0.46635860204696655,0.9650239944458008,0.9740822315216064,0.9774068593978882,0.9681675434112549,0.4842105209827423,0.9696158170700073,0.9945582151412964,0.965634822845459,0.9875208139419556,0.9665067195892334,0.97826087474823,0.9689343571662903,0.9565738439559937,0.9892145991325378,0.9860081672668457,0.5,0.9579360485076904,0.9792290329933167,0.9882968664169312,0.9652910232543945,0.9951456189155579,0.9836502075195312,0.9909661412239075,0.9988586902618408,0.9555977582931519,0.9905983209609985,0.9672569632530212,0.9642196893692017,0.9731302261352539,0.9532865285873413,0.9532727599143982,0.9452952146530151,0.9694335460662842,0.9626141786575317,0.9633444547653198,0.9773486852645874,0.9782406687736511,0.9543510675430298,0.9758543968200684,0.9831846952438354,0.9807763695716858,0.559701144695282,6.218461990356445,0.8863729238510132,0.965624988079071
164,0.1720753163099289,0.403380811214447,0.4497542083263397,0.46644127368927,0.4111410677433014,0.9722426533699036,0.9623525142669678,0.9616165161132812,0.47003504633903503,0.9666420221328735,0.9749493598937988,0.9778679609298706,0.9679652452468872,0.48903024196624756,0.9694008827209473,0.9971423149108887,0.961240291595459,0.9872623085975647,0.9650711417198181,0.9806272983551025,0.9668880701065063,0.9553258419036865,0.9874608516693115,0.9847922921180725,0.5,0.9596006870269775,0.9782853126525879,0.9905983209609985,0.9629136323928833,0.9949572086334229,0.9784261584281921,0.9902034997940063,0.9974305629730225,0.9638988971710205,0.9890496730804443,0.9656031131744385,0.9649463891983032,0.9719911217689514,0.9503598213195801,0.9538475871086121,0.943838894367218,0.9661858081817627,0.9622378945350647,0.9660040736198425,0.980178713798523,0.97663813829422,0.9551210403442383,0.9728724956512451,0.9823452830314636,0.9762613773345947,0.5597054958343506,5.9420998096466064,0.922257125377655,0.9722426533699036
165,0.16363227367401123,0.40535062551498413,0.405988872051239,0.46661272644996643,0.42169687151908875,0.9709559082984924,0.9652295708656311,0.9646679162979126,0.4701162278652191,0.9671525955200195,0.9719297885894775,0.9781566858291626,0.9696969985961914,0.4930005669593811,0.9728832244873047,0.9977835416793823,0.9616307020187378,0.9881128072738647,0.9653867483139038,0.9828540086746216,0.9650304317474365,0.952271044254303,0.9887433052062988,0.9849241971969604,0.5,0.9568836688995361,0.9805788993835449,0.991828203201294,0.9639322757720947,0.9947828054428101,0.9817922115325928,0.9885255098342896,0.9983822107315063,0.9698898196220398,0.9897377490997314,0.9680184125900269,0.9682525396347046,0.967908501625061,0.9540929198265076,0.9577856063842773,0.9427304267883301,0.9678264260292053,0.9653189778327942,0.9673227071762085,0.9812953472137451,0.9781922698020935,0.9506963491439819,0.9751535654067993,0.9840238094329834,0.9768285751342773,0.5584059953689575,6.108933925628662,0.9011477828025818,0.9709559082984924
166,0.16041673719882965,0.39394447207450867,0.4057706892490387,0.4695790708065033,0.4150358736515045,0.971323549747467,0.9639769792556763,0.9627649784088135,0.46938398480415344,0.9651869535446167,0.9696718454360962,0.9812799692153931,0.9689744114875793,0.49198007583618164,0.9701437950134277,0.9951089024543762,0.9661064147949219,0.9870824813842773,0.9648264646530151,0.9815566539764404,0.9684560298919678,0.9576568603515625,0.9878318309783936,0.9844386577606201,0.5,0.9572417736053467,0.9804563522338867,0.99256432056427,0.9624572992324829,0.9949724674224854,0.9793912172317505,0.9880478382110596,0.9984819889068604,0.9697718620300293,0.9892401695251465,0.966093897819519,0.9647613763809204,0.971233606338501,0.9519940614700317,0.9532407522201538,0.9473344087600708,0.9710511565208435,0.960624098777771,0.9645853042602539,0.9787135124206543,0.9786165952682495,0.9540294408798218,0.9758453965187073,0.9820564985275269,0.9787986278533936,0.5524019598960876,6.112837076187134,0.9013722538948059,0.971323549747467
167,0.16811786592006683,0.4062812328338623,0.413413405418396,0.4642044007778168,0.41597867012023926,0.9693014621734619,0.9630686044692993,0.9656826257705688,0.4673672616481781,0.9687269330024719,0.9683066010475159,0.9789434671401978,0.9679144620895386,0.4893008768558502,0.9700074195861816,0.9951125383377075,0.9629014730453491,0.9867256879806519,0.963916540145874,0.9796898365020752,0.9664887189865112,0.9570823311805725,0.9889278411865234,0.9858437776565552,0.5,0.9576476812362671,0.9802545309066772,0.9913825988769531,0.9625546336174011,0.9951502084732056,0.9824928641319275,0.9852436780929565,0.9981973171234131,0.9659695625305176,0.9904689192771912,0.9685598611831665,0.9668084383010864,0.9720221757888794,0.9485877752304077,0.9541751146316528,0.9426833391189575,0.9682940244674683,0.9668837189674377,0.9659112095832825,0.9792284965515137,0.9779629707336426,0.9531772136688232,0.9762611389160156,0.9848061203956604,0.9813023209571838,0.5542618036270142,6.2249932289123535,0.9036744236946106,0.9693014621734619
168,0.15812259912490845,0.4304417371749878,0.3847370445728302,0.46139681339263916,0.40680554509162903,0.9766544103622437,0.9635623693466187,0.9655172824859619,0.47172948718070984,0.9666174650192261,0.9720582962036133,0.9793624877929688,0.9672448635101318,0.48450183868408203,0.9741840362548828,0.9933542609214783,0.9655236005783081,0.9881918430328369,0.9670785665512085,0.9828444719314575,0.9674113988876343,0.9581489562988281,0.9904981851577759,0.988531231880188,0.5,0.9619119167327881,0.9821861982345581,0.9908553957939148,0.9636000394821167,0.9958914518356323,0.9810223579406738,0.9854700565338135,0.9988595247268677,0.9629665017127991,0.988791823387146,0.9681105613708496,0.9681658744812012,0.972273588180542,0.9546293020248413,0.9585497379302979,0.94481360912323,0.9717350602149963,0.9697138667106628,0.9679451584815979,0.9796770811080933,0.9795842170715332,0.95839524269104,0.9773107767105103,0.9867149591445923,0.9778686761856079,0.5570313334465027,6.185483932495117,0.9317351579666138,0.9766544103622437

169,0.1596871018409729,0.4443333148956299,0.4195252060890198,0.4720017910003662,0.40287840366363525,0.9755514860153198,0.9615167379379272,0.9664758443832397,0.4694085121154785,0.9668819308280945,0.973800778388977,0.9828571081161499,0.9674414396286011,0.48275861144065857,0.9700018167495728,0.9952934980392456,0.963810920715332,0.9873499870300293,0.9650368690490723,0.9801551103591919,0.9539072513580322,0.9582641124725342,0.988552451133728,0.986844539642334,0.5,0.9618896842002869,0.9785981178283691,0.9902295470237732,0.9631248712539673,0.9946656227111816,0.9773721098899841,0.9874148368835449,0.9981929063796997,0.9679266810417175,0.9895576238632202,0.9653264284133911,0.9653767943382263,0.9730726480484009,0.9544196128845215,0.9583333730697632,0.9470772743225098,0.9702135324478149,0.962883710861206,0.9640868902206421,0.9787630438804626,0.9778686761856079,0.9602494835853577,0.9745305776596069,0.982921838760376,0.9804832935333252,0.5593972206115723,5.835067272186279,0.933146059513092,0.9755514860153198
170,0.1543496996164322,0.42775100469589233,0.45995765924453735,0.4696963429450989,0.41181302070617676,0.9724264740943909,0.9638893604278564,0.9635406732559204,0.4692109227180481,0.9664577841758728,0.9738737344741821,0.9844095706939697,0.9664819836616516,0.4915238618850708,0.9710171818733215,0.9959349632263184,0.9627953767776489,0.9875530004501343,0.9668697118759155,0.9811269044876099,0.9525258541107178,0.957619309425354,0.9871039390563965,0.9880289435386658,0.5,0.963077187538147,0.980168342590332,0.9919078350067139,0.9636120796203613,0.9947688579559326,0.9772253036499023,0.9872792959213257,0.9978153705596924,0.9659134149551392,0.9909747242927551,0.9683637619018555,0.9680674076080322,0.970962405204773,0.9531105756759644,0.955269455909729,0.9463824033737183,0.9689202308654785,0.9651486873626709,0.9642923474311829,0.9784426689147949,0.9812407493591309,0.9565136432647705,0.9774632453918457,0.9825083613395691,0.9798812866210938,0.5565061569213867,5.848199367523193,0.9176630973815918,0.9724264740943909

171,0.16745810210704803,0.4464845061302185,0.4594564735889435,0.47499018907546997,0.40198683738708496,0.9735293984413147,0.9631454944610596,0.9637975692749023,0.46941784024238586,0.9661563634872437,0.9718114733695984,0.9831118583679199,0.969780683517456,0.49087220430374146,0.9713258743286133,0.9967730045318604,0.959225058555603,0.987456202507019,0.964925229549408,0.9814678430557251,0.9429970383644104,0.9611408710479736,0.9881062507629395,0.9882057905197144,0.5,0.9637789726257324,0.9809024333953857,0.9929577112197876,0.9634239077568054,0.9962071180343628,0.9791586995124817,0.9883567094802856,0.9979122877120972,0.9649523496627808,0.9899449944496155,0.9628877639770508,0.9663639664649963,0.9714075326919556,0.9547465443611145,0.9562314748764038,0.9447110891342163,0.966566801071167,0.9648910760879517,0.9639472365379333,0.9789611101150513,0.9771332740783691,0.959762692451477,0.9765712022781372,0.9805798530578613,0.9784266352653503,0.5612322688102722,5.819299697875977,0.9375375509262085,0.9735293984413147
172,0.17352209985256195,0.440141886472702,0.4604668915271759,0.4668247699737549,0.4094003736972809,0.9720588326454163,0.9618715643882751,0.9631986618041992,0.46651291847229004,0.9679262638092041,0.9676942825317383,0.982943058013916,0.9692336320877075,0.48459693789482117,0.9693670272827148,0.9944639205932617,0.9612045288085938,0.9874376058578491,0.9671089053153992,0.9802364110946655,0.9390581846237183,0.9582257270812988,0.9893107414245605,0.9869613647460938,0.5,0.960089921951294,0.9809452295303345,0.9914399981498718,0.9630439281463623,0.9959008693695068,0.9769554138183594,0.988629937171936,0.9982860088348389,0.9647887349128723,0.9915382862091064,0.9676258563995361,0.9684035778045654,0.9712495803833008,0.9513028860092163,0.9564292430877686,0.9444034695625305,0.9702358245849609,0.9683555960655212,0.9682273864746094,0.9772262573242188,0.980858564376831,0.965648889541626,0.9767441749572754,0.9839189052581787,0.9774331450462341,0.5511601567268372,5.563551902770996,0.9297788143157959,0.9720588326454163
173,0.15541930496692657,0.4080788791179657,0.40442246198654175,0.4659109115600586,0.40025946497917175,0.9726102948188782,0.9628954529762268,0.9718024730682373,0.468951553106308,0.9679498672485352,0.9684045314788818,0.9801660776138306,0.9718582630157471,0.47644123435020447,0.9709463119506836,0.9940025806427002,0.9623755216598511,0.9862470030784607,0.9727088212966919,0.9808828830718994,0.9484061002731323,0.959324836730957,0.9899464845657349,0.9882581233978271,0.5,0.9605386257171631,0.9814572334289551,0.9930647611618042,0.965917706489563,0.9956348538398743,0.9792859554290771,0.9873573780059814,0.9980007410049438,0.9627629518508911,0.9908762574195862,0.9641408920288086,0.9670370817184448,0.971418023109436,0.9514464735984802,0.9554629325866699,0.9441159963607788,0.9708683490753174,0.9653345346450806,0.967168927192688,0.9789962768554688,0.9778646230697632,0.9596174955368042,0.9767074584960938,0.9831565618515015,0.9786818027496338,0.5489752888679504,5.9235758781433105,0.9193847179412842,0.9726102948188782
174,0.1609157770872116,0.44955816864967346,0.4270475506782532,0.475070059299469,0.4069727063179016,0.9693014621734619,0.9634511470794678,0.9797970056533813,0.4687557518482208,0.967551589012146,0.9717556238174438,0.9843144416809082,0.9727038145065308,0.6182901859283447,0.9684501886367798,0.9929966926574707,0.9591629505157471,0.9880996346473694,0.9716076850891113,0.9809041023254395,0.9396121501922607,0.9616660475730896,0.9867256879806519,0.9878905415534973,0.5,0.9627968072891235,0.9786021709442139,0.9927522540092468,0.9641293883323669,0.995924174785614,0.9771510362625122,0.9870314598083496,0.9982051849365234,0.9614726305007935,0.9886126518249512,0.9630928039550781,0.9646502137184143,0.972775936126709,0.9509134292602539,0.9598338007926941,0.9422119855880737,0.9676508903503418,0.9643056392669678,0.9663873314857483,0.9786404371261597,0.9785196185112,0.9641264081001282,0.9782527685165405,0.9833704829216003,0.9776396751403809,0.5459409952163696,5.693087577819824,0.9150203466415405,0.9693014621734619
175,0.15672026574611664,0.3988700807094574,0.4141520857810974,0.46643373370170593,0.418098509311676,0.9738970398902893,0.9633934497833252,0.9788823127746582,0.4697893559932709,0.9660578966140747,0.970365583896637,0.9841532707214355,0.9717972278594971,0.5762609243392944,0.9745434522628784,0.9920649528503418,0.9645822048187256,0.9887619614601135,0.9732620716094971,0.9818500280380249,0.9465634822845459,0.9613825082778931,0.9912329316139221,0.9894444346427917,0.5,0.9636703729629517,0.9845967292785645,0.9918816089630127,0.9639047384262085,0.996209979057312,0.9808421730995178,0.9901961088180542,0.998473584651947,0.9582778811454773,0.9892421960830688,0.9663710594177246,0.9669076800346375,0.9728682041168213,0.9578635692596436,0.9593669176101685,0.9464318752288818,0.9707417488098145,0.9653795957565308,0.9679034948348999,0.9826976656913757,0.9804049134254456,0.9595950245857239,0.9771169424057007,0.9841977953910828,0.9812268018722534,0.5539177060127258,5.647319316864014,0.927056610584259,0.9738970398902893
176,0.1615137755870819,0.4406048655509949,0.4540250599384308,0.4625880718231201,0.39576464891433716,0.971875011920929,0.9638936519622803,0.9807302355766296,0.46763187646865845,0.9702414274215698,0.9691301584243774,0.9820210337638855,0.9705177545547485,0.46383097767829895,0.9713863730430603,0.9938248991966248,0.9624677300453186,0.9880996346473694,0.9774152040481567,0.9813446998596191,0.9450904130935669,0.9603438377380371,0.9898636341094971,0.9900926351547241,0.5,0.9595608711242676,0.981052815914154,0.9935398101806641,0.9636484384536743,0.9963816404342651,0.9788812398910522,0.988696813583374,0.9982916116714478,0.9663187861442566,0.990587592124939,0.9621337652206421,0.965753436088562,0.9711360931396484,0.9528737664222717,0.96175217628479,0.9477226734161377,0.9685046672821045,0.9660338759422302,0.9674034118652344,0.9794265627861023,0.9788680076599121,0.960716962814331,0.9756866693496704,0.9828321933746338,0.9782244563102722,0.5495367646217346,5.620205640792847,0.919490396976471,0.971875011920929
177,0.16504599153995514,0.42800766229629517,0.4578891098499298,0.4693398177623749,0.4151270389556885,0.9715073704719543,0.9629296064376831,0.9808224439620972,0.4705773890018463,0.9662299156188965,0.9725092649459839,0.9774990677833557,0.973281741142273,0.48343491554260254,0.9750922918319702,0.9956642389297485,0.9644964933395386,0.9881018400192261,0.9745293855667114,0.9833825826644897,0.946128249168396,0.9543778896331787,0.9908739328384399,0.9902633428573608,0.5,0.9622147083282471,0.9824594259262085,0.9916952848434448,0.9612829685211182,0.9961218237876892,0.982149600982666,0.9858230352401733,0.9979143142700195,0.9707502126693726,0.9892884492874146,0.9684784412384033,0.9652237892150879,0.9715447425842285,0.9570744037628174,0.957638144493103,0.9448956847190857,0.9688955545425415,0.9694748520851135,0.9725468158721924,0.980208158493042,0.9819936752319336,0.956505537033081,0.9762481451034546,0.9842183589935303,0.9812372326850891,0.5516334772109985,5.832228183746338,0.920113742351532,0.9715073704719543
178,0.16782747209072113,0.4033583104610443,0.3916495442390442,0.46483927965164185,0.40584415197372437,0.9693014621734619,0.9643596410751343,0.9794356226921082,0.4690731167793274,0.968963623046875,0.9739851951599121,0.9831305742263794,0.9718478918075562,0.49099019169807434,0.9726786017417908,0.9976903200149536,0.9681400060653687,0.9882971048355103,0.9734415411949158,0.9821758270263672,0.9412959218025208,0.9586563110351562,0.9892006516456604,0.988247275352478,0.5,0.9651880860328674,0.9813432693481445,0.9913743734359741,0.9621745347976685,0.99524986743927,0.9818613529205322,0.9869871139526367,0.9977186322212219,0.969344973564148,0.9900076389312744,0.9680694341659546,0.9673510789871216,0.973077654838562,0.9563653469085693,0.9580011367797852,0.9463198781013489,0.9753409624099731,0.9687151908874512,0.967918872833252,0.9796695113182068,0.980654776096344,0.9595047235488892,0.9762258529663086,0.9843924045562744,0.9808834791183472,0.5602500438690186,5.642414093017578,0.9191877245903015,0.9693014621734619
179,0.16131876409053802,0.4287317395210266,0.4185744822025299,0.46971452236175537,0.3956684470176697,0.9720588326454163,0.9630899429321289,0.9810431003570557,0.46809884905815125,0.9687211513519287,0.9715657234191895,0.9815566539764404,0.9698339700698853,0.5331885814666748,0.973057746887207,0.9981563091278076,0.9696662425994873,0.988020658493042,0.9783010482788086,0.9818097949028015,0.9432258009910583,0.9602251648902893,0.989389181137085,0.9874050617218018,0.5,0.9618334770202637,0.9823463559150696,0.9934473037719727,0.9618015885353088,0.9961977005004883,0.9845497608184814,0.9868171215057373,0.9984747171401978,0.9705208539962769,0.9898327589035034,0.9643120765686035,0.9668457508087158,0.9725862741470337,0.956080436706543,0.956195592880249,0.9486162662506104,0.9749859571456909,0.9674986004829407,0.9660780429840088,0.9795424938201904,0.9793871641159058,0.9591760635375977,0.9774205684661865,0.982803463935852,0.9817776083946228,0.5612694621086121,5.6622350215911865,0.9388383030891418,0.9720588326454163
180,0.1586412787437439,0.39062368869781494,0.4186423122882843,0.4642868638038635,0.389631450176239,0.9753676652908325,0.9640090465545654,0.9774068593978882,0.4668819308280945,0.9676258563995361,0.9702194333076477,0.9815396070480347,0.9679534435272217,0.8947196006774902,0.970420241355896,0.9963072538375854,0.9662548303604126,0.9878995418548584,0.972893238067627,0.979424238204956,0.9463099241256714,0.9573564529418945,0.9901200532913208,0.9876806139945984,0.5,0.9597302675247192,0.9818623661994934,0.9919477105140686,0.9644486904144287,0.9942813515663147,0.9807875156402588,0.9850930571556091,0.9988640546798706,0.9745150208473206,0.9904083609580994,0.9638576507568359,0.9638755321502686,0.9721145033836365,0.9534626007080078,0.95871901512146,0.9462474584579468,0.9718230962753296,0.9661885499954224,0.9661647081375122,0.9785355925559998,0.9803465008735657,0.9656999111175537,0.975965142250061,0.9828677773475647,0.9785515069961548,0.5646152496337891,6.507391691207886,0.943852961063385,0.9753676652908325

181,0.14907719194889069,0.3821430802345276,0.4315860867500305,0.46280574798583984,0.4012208580970764,0.979411780834198,0.9659113883972168,0.9809075593948364,0.4691130518913269,0.9687211513519287,0.9699206352233887,0.9793128967285156,0.9698562026023865,0.9627237319946289,0.9741792678833008,0.9966771602630615,0.964483380317688,0.9903064966201782,0.9841299057006836,0.9812765121459961,0.946013331413269,0.953228771686554,0.9914286136627197,0.9872151613235474,0.5,0.9617112874984741,0.9816539287567139,0.991633415222168,0.9646109938621521,0.9962878227233887,0.9810692667961121,0.9862595796585083,0.9980956315994263,0.9752757549285889,0.9910832643508911,0.9643646478652954,0.9664628505706787,0.9701589345932007,0.9546041488647461,0.9584877490997314,0.9482822418212891,0.9701937437057495,0.9664560556411743,0.9675227999687195,0.9753763675689697,0.9814608097076416,0.9664804339408875,0.9748375415802002,0.9824087619781494,0.9773276448249817,0.5625730156898499,6.106731176376343,0.9545001983642578,0.979411780834198
182,0.1442740112543106,0.37778112292289734,0.4308730363845825,0.46428269147872925,0.41622650623321533,0.9786764979362488,0.965787410736084,0.9803577661514282,0.4678044319152832,0.9666482210159302,0.9708701968193054,0.9865089654922485,0.9675695896148682,0.9638832807540894,0.970588207244873,0.993635892868042,0.9654250144958496,0.9891023635864258,0.9788511395454407,0.9798119068145752,0.9466986656188965,0.9584870934486389,0.9882819652557373,0.9864488840103149,0.5,0.9636703729629517,0.979977548122406,0.99221271276474,0.9649222493171692,0.9961919188499451,0.9832513332366943,0.987573504447937,0.9986684322357178,0.9735941886901855,0.9903134107589722,0.9678729772567749,0.9687905311584473,0.9705936908721924,0.9512711763381958,0.9575314521789551,0.9480531215667725,0.9700654745101929,0.9684885740280151,0.9670268297195435,0.9772262573242188,0.9815467596054077,0.959195077419281,0.9769602417945862,0.9813710451126099,0.9823649525642395,0.5651739835739136,6.081607103347778,0.9495763182640076,0.9786764979362488
183,0.15488000214099884,0.41076937317848206,0.41011059284210205,0.4699535369873047,0.4180023670196533,0.9770220518112183,0.9660525321960449,0.9797784090042114,0.4708487093448639,0.9692463874816895,0.9715102314949036,0.9833056926727295,0.9699150919914246,0.9629800319671631,0.9734365940093994,0.9967652559280396,0.9641735553741455,0.9898580312728882,0.9793510437011719,0.9830195903778076,0.9539922475814819,0.9574409127235413,0.9890282154083252,0.9856561422348022,0.5,0.9629629850387573,0.9803282022476196,0.9908745288848877,0.9639939069747925,0.9950598478317261,0.9799429774284363,0.9876683950424194,0.9980056881904602,0.9757437705993652,0.9897142648696899,0.9673612117767334,0.9675745964050293,0.9714996814727783,0.95400071144104,0.9574902653694153,0.9436152577400208,0.9702358245849609,0.9697082042694092,0.9679880738258362,0.976672887802124,0.9818148016929626,0.9617318511009216,0.9760885834693909,0.9828358292579651,0.9805978536605835,0.560274600982666,5.602445602416992,0.9458547234535217,0.9770220518112183
184,0.14565733075141907,0.397632896900177,0.3738937973976135,0.465112566947937,0.4051358699798584,0.9784926176071167,0.9657105207443237,0.9811842441558838,0.4682539701461792,0.9698283672332764,0.9707186222076416,0.9839276075363159,0.9729654788970947,0.9661189317703247,0.9719350337982178,0.994837760925293,0.9644243121147156,0.9906654357910156,0.9780604839324951,0.9807231426239014,0.9528249502182007,0.9578723907470703,0.9906774759292603,0.9878838062286377,0.5,0.960919976234436,0.9807118773460388,0.9917488694190979,0.9600417613983154,0.995826244354248,0.9797912836074829,0.9879070520401001,0.9983828067779541,0.9766977429389954,0.9897549152374268,0.9651613235473633,0.9632339477539062,0.9726786017417908,0.9546209573745728,0.9571189880371094,0.944977879524231,0.9707858562469482,0.9688719511032104,0.9702657461166382,0.9801933765411377,0.9804578423500061,0.9664435386657715,0.9755939245223999,0.9839189052581787,0.9766320586204529,0.5616708993911743,5.872842073440552,0.9437152743339539,0.9784926176071167
185,0.14710485935211182,0.40146881341934204,0.41958317160606384,0.46825236082077026,0.4003238081932068,0.9790441393852234,0.9654539823532104,0.9807444214820862,0.4708809554576874,0.9697584509849548,0.9679262638092041,0.9854377508163452,0.9706534147262573,0.964569091796875,0.9709796905517578,0.9968611598014832,0.9580717086791992,0.9897695779800415,0.9787979125976562,0.9823572635650635,0.943387508392334,0.9621771574020386,0.9880974292755127,0.9882364273071289,0.5,0.9620122909545898,0.9790151119232178,0.9932612180709839,0.9654680490493774,0.9950644969940186,0.9770956039428711,0.9888321161270142,0.9983922839164734,0.9762943387031555,0.9900227785110474,0.9648523926734924,0.9661362171173096,0.9723966121673584,0.9531365633010864,0.9608405828475952,0.9453572034835815,0.9686973094940186,0.9689943790435791,0.968361496925354,0.9792442321777344,0.9786245226860046,0.9688719511032104,0.976513147354126,0.9831721782684326,0.9787788391113281,0.5557608604431152,6.022709369659424,0.9545285105705261,0.9790441393852234
186,0.16445735096931458,0.3857894241809845,0.4013124108314514,0.46780404448509216,0.4029085040092468,0.9759191274642944,0.9661871194839478,0.9805458188056946,0.47121238708496094,0.9685883522033691,0.9733542203903198,0.9874515533447266,0.9707456827163696,0.9621926546096802,0.9728832244873047,0.9958456754684448,0.9642000198364258,0.9905869364738464,0.9837818145751953,0.9822747707366943,0.944792628288269,0.9609202146530151,0.9905921220779419,0.9895409345626831,0.5,0.9645456075668335,0.9810055494308472,0.9908676147460938,0.9628571271896362,0.9948639869689941,0.981776773929596,0.9885221123695374,0.9970464706420898,0.9739652872085571,0.9913711547851562,0.9678044319152832,0.9701257944107056,0.975115180015564,0.9583102464675903,0.9632135033607483,0.9469752907752991,0.9713459014892578,0.9687268137931824,0.9725581407546997,0.9825440645217896,0.9810479283332825,0.9687674045562744,0.9793173670768738,0.983116865158081,0.9807549715042114,0.5631890892982483,5.660455226898193,0.9533807039260864,0.9759191274642944
187,0.13987579941749573,0.4004739820957184,0.38176536560058594,0.46477216482162476,0.40726518630981445,0.9805147051811218,0.9668347835540771,0.9816657304763794,0.4699372947216034,0.9675456285476685,0.9738929867744446,0.9875530004501343,0.972945511341095,0.9641011357307434,0.9738688468933105,0.9953882694244385,0.964786171913147,0.9899483919143677,0.9828286170959473,0.9816420674324036,0.9408453702926636,0.9541098475456238,0.9897639155387878,0.9892711639404297,0.5,0.9653335809707642,0.981042206287384,0.9927660226821899,0.9611502885818481,0.9961115121841431,0.9820137023925781,0.9872283935546875,0.9982895851135254,0.9719412326812744,0.9914351105690002,0.9682714939117432,0.9675480723381042,0.9751890897750854,0.9560044407844543,0.9624491333961487,0.9445469379425049,0.9684466123580933,0.9704461097717285,0.9689590930938721,0.9789532423019409,0.9832931160926819,0.9682258367538452,0.9770275354385376,0.9808657169342041,0.9818418025970459,0.5525513887405396,5.648486614227295,0.9457139372825623,0.9805147051811218
188,0.1451812982559204,0.38506874442100525,0.3902158737182617,0.45505356788635254,0.39669346809387207,0.9770220518112183,0.9650607109069824,0.9798929691314697,0.47114142775535583,0.9672328233718872,0.9745621681213379,0.9862672686576843,0.9712283611297607,0.7588174343109131,0.9712283611297607,0.9950120449066162,0.9652342200279236,0.9899427890777588,0.9740965962409973,0.9804356098175049,0.9450600147247314,0.9551495313644409,0.9904788732528687,0.9900074005126953,0.5,0.9637141823768616,0.9816197156906128,0.990329921245575,0.9660470485687256,0.9948581457138062,0.9811338782310486,0.9859813451766968,0.9981918334960938,0.9733092784881592,0.9898481965065002,0.9674774408340454,0.9682407379150391,0.9769415259361267,0.9577178955078125,0.9639022350311279,0.9498984813690186,0.9700503945350647,0.9693365693092346,0.9736010432243347,0.9796581864356995,0.982235848903656,0.9684416055679321,0.9755394458770752,0.9835898280143738,0.9830083847045898,0.5623359680175781,5.847525119781494,0.9525088667869568,0.9770220518112183
189,0.14394338428974152,0.4218500852584839,0.40222468972206116,0.4648539423942566,0.43107184767723083,0.9781249761581421,0.9652808904647827,0.9820802211761475,0.4847448170185089,0.9681968688964844,0.9700941443443298,0.9874422550201416,0.9720531702041626,0.6979702711105347,0.9732422828674316,0.9959431886672974,0.9627443552017212,0.9897658228874207,0.9815599918365479,0.981013834476471,0.9416052103042603,0.9556273221969604,0.9904059171676636,0.9887120723724365,0.5,0.9653335809707642,0.9827940464019775,0.9933485388755798,0.9641972780227661,0.9967693090438843,0.9828604459762573,0.9873598217964172,0.9981064200401306,0.9738543033599854,0.9880523681640625,0.9683345556259155,0.9715266227722168,0.9716076850891113,0.9560206532478333,0.9624722003936768,0.9455500245094299,0.9698525667190552,0.9674195051193237,0.9712270498275757,0.9805690050125122,0.9839577078819275,0.9636279344558716,0.9775480031967163,0.9831846952438354,0.9821627736091614,0.5581868290901184,5.928169250488281,0.9463862180709839,0.9781249761581421
190,0.13498203456401825,0.38538026809692383,0.4245252013206482,0.4607386291027069,0.3979783058166504,0.9814338088035583,0.9668091535568237,0.9801770448684692,0.4694930911064148,0.9676437973976135,0.9708486795425415,0.9877442121505737,0.9725092649459839,0.9481443166732788,0.9718530774116516,0.9952943325042725,0.9632841348648071,0.989016056060791,0.9799630641937256,0.9814609885215759,0.9391729831695557,0.9593323469161987,0.9880139827728271,0.9898185729980469,0.5,0.963631272315979,0.9795135259628296,0.9927784204483032,0.9626052379608154,0.9962962865829468,0.9782938361167908,0.9869722127914429,0.9987640380859375,0.9726718664169312,0.9906755685806274,0.966974139213562,0.9684327244758606,0.9751753807067871,0.9532977342605591,0.9617875814437866,0.9452850818634033,0.9689196348190308,0.9681640863418579,0.974428117275238,0.9815950989723206,0.9814918041229248,0.9690693020820618,0.9765523672103882,0.9803866744041443,0.9822160005569458,0.5585669875144958,6.074295282363892,0.9518474340438843,0.9814338088035583

191,0.12667174637317657,0.4245356321334839,0.43119895458221436,0.46470698714256287,0.4051787853240967,0.9838235378265381,0.9663795232772827,0.9812661409378052,0.4712017774581909,0.9699262380599976,0.9713363647460938,0.9880162477493286,0.9729082584381104,0.8274519443511963,0.9745340347290039,0.993164598941803,0.9658859968185425,0.990221381187439,0.9829398393630981,0.9830289483070374,0.9452029466629028,0.95774906873703,0.9902231693267822,0.9878681302070618,0.5,0.9667165279388428,0.9814296364784241,0.9924141764640808,0.9664065837860107,0.994981050491333,0.981432318687439,0.9871697425842285,0.9982880353927612,0.9776785373687744,0.989585280418396,0.9651548862457275,0.9663025140762329,0.9738688468933105,0.9562972784042358,0.9614672064781189,0.9495751857757568,0.9707585573196411,0.9673123359680176,0.9671015739440918,0.9751858711242676,0.9821561574935913,0.9654532074928284,0.9764212369918823,0.9793488383293152,0.983098030090332,0.5628754496574402,6.2329041957855225,0.9591317772865295,0.9838235378265381
192,0.13972534239292145,0.3735002875328064,0.44054386019706726,0.46932709217071533,0.4071007966995239,0.9788603186607361,0.9657191038131714,0.9803867340087891,0.46773597598075867,0.9683871269226074,0.9707834124565125,0.9889196753501892,0.9699206352233887,0.7260125875473022,0.9706587791442871,0.9940059185028076,0.9648120999336243,0.9896392226219177,0.9830289483070374,0.9789861440658569,0.9413557052612305,0.9585176706314087,0.989395022392273,0.9869420528411865,0.5,0.9627242088317871,0.9806469678878784,0.9917205572128296,0.9634053707122803,0.9955390691757202,0.9810836315155029,0.9869895577430725,0.9989583492279053,0.9790003895759583,0.9915302991867065,0.9646939635276794,0.966740608215332,0.9740679264068604,0.9544028043746948,0.9596848487854004,0.9459409713745117,0.9701157808303833,0.9679546356201172,0.9696518182754517,0.9794418811798096,0.9814677238464355,0.9668338894844055,0.9760668277740479,0.9787590503692627,0.9793795347213745,0.5648723244667053,6.825268983840942,0.9563642144203186,0.9788603186607361
193,0.15034165978431702,0.4136301279067993,0.4437582492828369,0.45755916833877563,0.40277424454689026,0.9797794222831726,0.9659520387649536,0.9780158996582031,0.46679580211639404,0.9689922332763672,0.9698283672332764,0.9857723712921143,0.9702194333076477,0.7846611738204956,0.9706642031669617,0.9949252605438232,0.9666604995727539,0.9877192974090576,0.9821956157684326,0.9793128967285156,0.9433474540710449,0.9551495313644409,0.9892265200614929,0.9888025522232056,0.5,0.9617685675621033,0.9809818267822266,0.9921207427978516,0.9654910564422607,0.9963809251785278,0.9828143119812012,0.9838986396789551,0.99819016456604,0.9752746820449829,0.9908814430236816,0.968034029006958,0.9691312313079834,0.9701974391937256,0.9517794847488403,0.9627501964569092,0.948005199432373,0.9703904390335083,0.9711788892745972,0.9729453325271606,0.9790895581245422,0.9802118539810181,0.9693668484687805,0.9779411554336548,0.9829123020172119,0.9802680611610413,0.5596063137054443,6.3392653465271,0.9593098759651184,0.9797794222831726
194,0.13894638419151306,0.40695512294769287,0.4514859914779663,0.46259206533432007,0.3975219428539276,0.982536792755127,0.9668369293212891,0.98372483253479,0.4729854464530945,0.9694930911064148,0.9698673486709595,0.9888375997543335,0.9704851508140564,0.677241861820221,0.9751982688903809,0.9964964389801025,0.9672811031341553,0.9909744262695312,0.9821823835372925,0.9834070801734924,0.9445570111274719,0.9582641124725342,0.987838625907898,0.9902831315994263,0.5,0.9681248664855957,0.9821960926055908,0.9943616390228271,0.9667298793792725,0.996572732925415,0.9840637445449829,0.9860318899154663,0.9981918334960938,0.9761452078819275,0.9902572631835938,0.9650239944458008,0.9685528874397278,0.9734995365142822,0.955258309841156,0.9619444608688354,0.9492433071136475,0.9751169681549072,0.9680237770080566,0.9707852602005005,0.9789962768554688,0.982421875,0.968744158744812,0.9768801927566528,0.9814091920852661,0.9819769859313965,0.5516461133956909,6.411597013473511,0.9568572640419006,0.982536792755127
195,0.1324082612991333,0.41816994547843933,0.40870872139930725,0.4631415903568268,0.4171273410320282,0.9819852709770203,0.9659264087677002,0.9811129570007324,0.4710492491722107,0.9689229130744934,0.9725914001464844,0.9907732009887695,0.9685825109481812,0.4793510437011719,0.973159909248352,0.9959424734115601,0.9664881825447083,0.9896736145019531,0.9782247543334961,0.9806594252586365,0.9463824033737183,0.9564656019210815,0.9895718097686768,0.9900833964347839,0.5,0.9687033891677856,0.9833426475524902,0.9927825331687927,0.9659935235977173,0.9966583847999573,0.9840587973594666,0.9878419637680054,0.9987647533416748,0.9730165004730225,0.9900190234184265,0.9637854695320129,0.9641929864883423,0.9754657745361328,0.9556436538696289,0.9592990875244141,0.9428887367248535,0.9701924920082092,0.965578019618988,0.9684937000274658,0.9770061373710632,0.982342004776001,0.9685171246528625,0.9766641855239868,0.9769816398620605,0.9807941913604736,0.5569191575050354,6.450984716415405,0.9575976133346558,0.9819852709770203
196,0.14937731623649597,0.39889609813690186,0.3883166015148163,0.4609539210796356,0.40290334820747375,0.9779411554336548,0.9641287326812744,0.981631875038147,0.5104628205299377,0.9683007597923279,0.9692336320877075,0.9881875514984131,0.9708540439605713,0.5061067938804626,0.9737133383750916,0.9928057193756104,0.9662299156188965,0.9894833564758301,0.9815430045127869,0.9807302355766296,0.9474847912788391,0.9564334154129028,0.9894658923149109,0.9898242354393005,0.5,0.9672161936759949,0.9824233055114746,0.9935532808303833,0.9648154973983765,0.996473491191864,0.9829027652740479,0.9858176708221436,0.9979984760284424,0.9744781851768494,0.9894686937332153,0.9664454460144043,0.9656672477722168,0.974261999130249,0.9543110132217407,0.9618518352508545,0.9449269771575928,0.9676003456115723,0.9681107997894287,0.969663143157959,0.9777591228485107,0.9828836917877197,0.9709161520004272,0.9757002592086792,0.9801188707351685,0.9811757802963257,0.5590479969978333,6.383087635040283,0.9538586735725403,0.9779411554336548
197,0.1328420490026474,0.4046819508075714,0.39165347814559937,0.4685158133506775,0.40549954771995544,0.9781249761581421,0.9670379161834717,0.9809181690216064,0.46758151054382324,0.9677806496620178,0.9675276875495911,0.9901182055473328,0.9731550216674805,0.6341260671615601,0.973912239074707,0.9922523498535156,0.9653264284133911,0.9902195930480957,0.9844095706939697,0.9802728891372681,0.95500648021698,0.9562050104141235,0.9903935194015503,0.9911987781524658,0.5,0.9665855169296265,0.9852391481399536,0.9923925399780273,0.9616847038269043,0.9967730045318604,0.9841269850730896,0.9855403304100037,0.998379111289978,0.9755889177322388,0.9929335117340088,0.966093897819519,0.9638955593109131,0.9710332155227661,0.9561727046966553,0.9594669342041016,0.9398599863052368,0.9676426649093628,0.9699479341506958,0.9750651121139526,0.9787569642066956,0.9818012714385986,0.9703264236450195,0.9776244759559631,0.9813647270202637,0.9804085493087769,0.5541505813598633,6.407842636108398,0.9392579197883606,0.9781249761581421
198,0.1524449735879898,0.4283173978328705,0.4010908603668213,0.46108341217041016,0.4149249792098999,0.9766544103622437,0.9663816690444946,0.9826791882514954,0.47076722979545593,0.9697918891906738,0.9716842174530029,0.9903136491775513,0.9699963331222534,0.7184152603149414,0.9750092029571533,0.9908806085586548,0.9671028256416321,0.9899371862411499,0.9862545728683472,0.9810920357704163,0.951208233833313,0.9548726081848145,0.9905869364738464,0.9901036024093628,0.5,0.9674379825592041,0.9835790395736694,0.9935398101806641,0.9625805616378784,0.9965635538101196,0.9836832284927368,0.9859919548034668,0.9979067444801331,0.9775537252426147,0.9905750155448914,0.9615455865859985,0.9659491777420044,0.9749124050140381,0.9584178924560547,0.9603042006492615,0.948514461517334,0.9702591896057129,0.9672176837921143,0.972686767578125,0.980350136756897,0.9818705916404724,0.9708170890808105,0.9759910702705383,0.9811618328094482,0.9803156852722168,0.5544537305831909,6.393569231033325,0.9505988359451294,0.9766544103622437
199,0.12447267770767212,0.3879490792751312,0.3970533013343811,0.4670593738555908,0.3965475559234619,0.984375,0.9673969745635986,0.9824334383010864,0.46909594535827637,0.9685656428337097,0.9685999155044556,0.9911471605300903,0.9721710681915283,0.9644505977630615,0.9735435247421265,0.9951115846633911,0.9660516977310181,0.9909577369689941,0.9842193126678467,0.9802946448326111,0.9435944557189941,0.9563052654266357,0.9889175891876221,0.9896296262741089,0.5,0.9660130739212036,0.9827296733856201,0.9934347867965698,0.9662687182426453,0.9956348538398743,0.9836408495903015,0.9868271350860596,0.9992386698722839,0.9746859669685364,0.9924299716949463,0.9608078002929688,0.9666111469268799,0.9725092649459839,0.9569554328918457,0.9647036790847778,0.951823890209198,0.9703571796417236,0.9698268175125122,0.9720103740692139,0.9795310497283936,0.9773402810096741,0.9713939428329468,0.9744518995285034,0.9800593852996826,0.9806475639343262,0.560361385345459,5.9423441886901855,0.9611461162567139,0.984375
200,0.123738594353199,0.4083259105682373,0.4137563407421112,0.4693577289581299,0.4021066725254059,0.9834558963775635,0.9675936102867126,0.9809787273406982,0.4931038022041321,0.9709516763687134,0.9703983664512634,0.990311861038208,0.9701809883117676,0.9656157493591309,0.9753735065460205,0.993904709815979,0.9689458608627319,0.9901400804519653,0.9870848655700684,0.9822943210601807,0.9426486492156982,0.9552004337310791,0.9901328086853027,0.9872080087661743,0.5,0.9686681628227234,0.9828197956085205,0.9930844902992249,0.964108943939209,0.9956323504447937,0.9852689504623413,0.9884936809539795,0.9984813928604126,0.9736291170120239,0.9936383962631226,0.9637453556060791,0.9656001329421997,0.9743542671203613,0.9567422866821289,0.9617162942886353,0.9491603374481201,0.9706047177314758,0.9682790637016296,0.971327543258667,0.9766858816146851,0.9819501638412476,0.9719226360321045,0.9769216775894165,0.9792557954788208,0.9815261363983154,0.5579787492752075,6.2281389236450195,0.9607592821121216,0.9834558963775635

201,0.1280776560306549,0.4111189544200897,0.38014617562294006,0.463766872882843,0.394178569316864,0.9823529124259949,0.9674910306930542,0.9798818826675415,0.4704093039035797,0.9699039459228516,0.9735821485519409,0.9909543991088867,0.9708648324012756,0.9649640321731567,0.9719142913818359,0.9937269687652588,0.9674774408340454,0.9895871877670288,0.9846891760826111,0.9800848364830017,0.9370499849319458,0.9584255218505859,0.9888231754302979,0.9880511164665222,0.5,0.9680811166763306,0.983635663986206,0.9923033118247986,0.9637088775634766,0.9952534437179565,0.9836314916610718,0.9883942604064941,0.9985787272453308,0.9740296602249146,0.9919232130050659,0.9594569206237793,0.9657597541809082,0.9775912761688232,0.9568583965301514,0.9626271724700928,0.9478878378868103,0.9688377380371094,0.9695190191268921,0.970790684223175,0.9778933525085449,0.9805411100387573,0.9719539284706116,0.9784866571426392,0.9802790880203247,0.9820036888122559,0.557257354259491,8.992870330810547,0.9609575271606445,0.9823529124259949
202,0.13142362236976624,0.4280659556388855,0.42868557572364807,0.46387991309165955,0.405642032623291,0.9808823466300964,0.9673093557357788,0.9799630641937256,0.5743647813796997,0.9656319618225098,0.9691130518913269,0.9888396859169006,0.972473680973053,0.9405750632286072,0.9717764258384705,0.9944629073143005,0.9672629833221436,0.9898449182510376,0.986987829208374,0.9813618659973145,0.94036865234375,0.9591479301452637,0.9891183972358704,0.9897241592407227,0.5,0.9645264148712158,0.9800112247467041,0.9914252758026123,0.9630681872367859,0.9961122274398804,0.9878188371658325,0.9879254698753357,0.998483419418335,0.9768791198730469,0.991543173789978,0.9632841348648071,0.9688888788223267,0.9737085103988647,0.9534046649932861,0.9640674591064453,0.9495294094085693,0.9680254459381104,0.9686048626899719,0.9725417494773865,0.9814091920852661,0.9818941354751587,0.9752925634384155,0.9763625860214233,0.9816948175430298,0.9812849164009094,0.5621628761291504,6.561837911605835,0.9566100835800171,0.9808823466300964
203,0.13340669870376587,0.3633054792881012,0.4280630648136139,0.47304028272628784,0.41572779417037964,0.9799632430076599,0.9656741619110107,0.980570912361145,0.4708540737628937,0.9681617021560669,0.9691016674041748,0.9890261888504028,0.9710705876350403,0.8768328428268433,0.9721710681915283,0.9959364533424377,0.9652149677276611,0.9906843900680542,0.985310435295105,0.9818466901779175,0.9431021809577942,0.953924298286438,0.9873546361923218,0.9878545999526978,0.5,0.9670155048370361,0.9818029403686523,0.9916619062423706,0.9625663757324219,0.9961130023002625,0.9858993887901306,0.9861931204795837,0.9981949329376221,0.9763899445533752,0.9928612112998962,0.9602251648902893,0.9666296243667603,0.9746169447898865,0.9550654888153076,0.9613244533538818,0.951264500617981,0.9689726233482361,0.9671308994293213,0.9702380895614624,0.977293848991394,0.9814952611923218,0.968342661857605,0.9752650260925293,0.978212296962738,0.9795690774917603,0.5631850957870483,6.543065547943115,0.9594098925590515,0.9799632430076599
204,0.12568198144435883,0.39257293939590454,0.3713846802711487,0.46869122982025146,0.4098436236381531,0.9823529124259949,0.9679291844367981,0.9785253405570984,0.6814807057380676,0.963178277015686,0.9716894030570984,0.9888396859169006,0.9719142913818359,0.9631986618041992,0.9706534147262573,0.9920620322227478,0.9702029228210449,0.9878116250038147,0.9781163334846497,0.9785661697387695,0.94898521900177,0.9567946791648865,0.9890962839126587,0.9895409345626831,0.5,0.9662805795669556,0.9815577268600464,0.991707980632782,0.9659870862960815,0.9960166811943054,0.9869441986083984,0.9864068031311035,0.9986714720726013,0.972975492477417,0.9924976229667664,0.9611121416091919,0.9682525396347046,0.9753780961036682,0.954285740852356,0.9658753871917725,0.948663592338562,0.9704673290252686,0.970303475856781,0.9724957942962646,0.9778211116790771,0.9815467596054077,0.971184253692627,0.9784306287765503,0.9821627736091614,0.9845782518386841,0.5644478797912598,7.285888910293579,0.9577390551567078,0.9823529124259949
205,0.12879355251789093,0.4129907488822937,0.4192536771297455,0.4677170217037201,0.4102190136909485,0.9819852709770203,0.966789960861206,0.9809998273849487,0.5210332274436951,0.9680988788604736,0.9684501886367798,0.9894009232521057,0.9707294702529907,0.9638442993164062,0.9749169945716858,0.9939114451408386,0.96651291847229,0.9890322685241699,0.9819087982177734,0.9805243015289307,0.9426199197769165,0.9546209573745728,0.9901236891746521,0.9891526103019714,0.5,0.9656587839126587,0.985137403011322,0.9935213327407837,0.9643197059631348,0.9964889287948608,0.9870893955230713,0.986316978931427,0.9986686706542969,0.9744199514389038,0.9918375015258789,0.958724856376648,0.9682348966598511,0.9741697311401367,0.958602249622345,0.9636902809143066,0.9497603178024292,0.9687849283218384,0.9675204157829285,0.9734349250793457,0.9771503210067749,0.9806331396102905,0.9710874557495117,0.9749674201011658,0.979758620262146,0.9801305532455444,0.5531030297279358,6.77967381477356,0.9599707722663879,0.9819852709770203
206,0.12451674789190292,0.39589178562164307,0.3996068239212036,0.47711485624313354,0.42036888003349304,0.9810661673545837,0.9679527282714844,0.9804500341415405,0.7909272909164429,0.9703006744384766,0.9691414833068848,0.9912409782409668,0.9738055467605591,0.9447417259216309,0.972713828086853,0.993820309638977,0.9672388434410095,0.9892165660858154,0.9793167114257812,0.9796351194381714,0.9400922060012817,0.9576177597045898,0.9885545372962952,0.9889753460884094,0.5,0.9703183174133301,0.9851095676422119,0.9935349225997925,0.9621688723564148,0.9965015053749084,0.9869318008422852,0.987571120262146,0.9980934262275696,0.9740259647369385,0.9891819953918457,0.9625530242919922,0.9705663919448853,0.9746450185775757,0.9542604088783264,0.9618518352508545,0.9512442350387573,0.968761682510376,0.9678796529769897,0.9714258909225464,0.9785966873168945,0.9841431379318237,0.9727171659469604,0.9768415093421936,0.9789150953292847,0.9828354120254517,0.5529656410217285,6.267457723617554,0.9574491381645203,0.9810661673545837
207,0.12712539732456207,0.41915422677993774,0.42347943782806396,0.4670364260673523,0.40188613533973694,0.9790441393852234,0.9670336246490479,0.9810850620269775,0.5130477547645569,0.9720221757888794,0.9715709686279297,0.9922566413879395,0.9718582630157471,0.9704038500785828,0.9749953746795654,0.9947397708892822,0.9656319618225098,0.9905921220779419,0.9872928261756897,0.9834009408950806,0.9422402381896973,0.9581872224807739,0.9906809329986572,0.9907475709915161,0.5,0.968767523765564,0.9872273206710815,0.9922186136245728,0.962471604347229,0.9950551986694336,0.9852465391159058,0.986824631690979,0.9986639022827148,0.9834222793579102,0.991339921951294,0.9631850719451904,0.9658522605895996,0.9762124419212341,0.9588180780410767,0.9651787281036377,0.9493904709815979,0.9730209112167358,0.9679844379425049,0.975325882434845,0.9799517393112183,0.9825851917266846,0.9777591228485107,0.9788222312927246,0.9810760617256165,0.9790235757827759,0.5632321238517761,6.430152416229248,0.9605637788772583,0.9790441393852234
208,0.1330508440732956,0.3910267949104309,0.39944663643836975,0.45890527963638306,0.38164791464805603,0.9808823466300964,0.9681557416915894,0.9808012247085571,0.629713773727417,0.9693217277526855,0.9693726897239685,0.9898467659950256,0.9715207815170288,0.9687211513519287,0.974926233291626,0.9935317039489746,0.9693557024002075,0.9905086755752563,0.9876406192779541,0.9823768138885498,0.9463297724723816,0.9571112394332886,0.9892046451568604,0.9901978969573975,0.5,0.9670411944389343,0.9853599071502686,0.9911680817604065,0.9629454016685486,0.9950429201126099,0.985939621925354,0.9869598150253296,0.9979047775268555,0.9796539545059204,0.9921087622642517,0.9641867876052856,0.9663648009300232,0.9745575189590454,0.9552170038223267,0.9676045775413513,0.9507471323013306,0.9760702848434448,0.9686219692230225,0.9736939668655396,0.9782285094261169,0.98269122838974,0.9760445356369019,0.9777200222015381,0.9807050228118896,0.9808834791183472,0.5591667294502258,6.613726377487183,0.956905722618103,0.9808823466300964
209,0.12226426601409912,0.42018499970436096,0.43306466937065125,0.4652869999408722,0.40441322326660156,0.9797794222831726,0.9690727591514587,0.9833056926727295,0.9708217978477478,0.9698395133018494,0.9708486795425415,0.9912296533584595,0.9721914529800415,0.9386531114578247,0.9745340347290039,0.9946514368057251,0.9678162932395935,0.9916113615036011,0.9882841110229492,0.9829398393630981,0.942130446434021,0.9582871794700623,0.9881853461265564,0.9910051822662354,0.5,0.9689075946807861,0.9842615127563477,0.9930382966995239,0.9651029706001282,0.9958286285400391,0.9872381091117859,0.9865095615386963,0.9986722469329834,0.9780793190002441,0.9921162724494934,0.9631200432777405,0.9680280685424805,0.9752027988433838,0.9578491449356079,0.9673832654953003,0.9498893022537231,0.9723679423332214,0.9724856019020081,0.9757884740829468,0.9801152348518372,0.9799144268035889,0.9750510454177856,0.979282796382904,0.9829027652740479,0.9794762134552002,0.559407114982605,6.640866756439209,0.944442629814148,0.9797794222831726
210,0.12464600801467896,0.4225689470767975,0.42104431986808777,0.4620211124420166,0.4066121578216553,0.981801450252533,0.9678736329078674,0.9816454648971558,0.9699373245239258,0.9712495803833008,0.9706804752349854,0.9900332093238831,0.9699317216873169,0.8550296425819397,0.9750138521194458,0.9940003752708435,0.9681968688964844,0.9888582229614258,0.9854216575622559,0.9829398393630981,0.9480627179145813,0.9539327621459961,0.9892066717147827,0.9892592430114746,0.5,0.9686039686203003,0.9868001937866211,0.9933661818504333,0.9640342593193054,0.995522141456604,0.986380934715271,0.9855127334594727,0.9983818531036377,0.9771733283996582,0.9889775514602661,0.9617940187454224,0.9659428596496582,0.9754476547241211,0.9575802087783813,0.9654948711395264,0.9463527202606201,0.9693973064422607,0.9675831198692322,0.9732639789581299,0.9803794026374817,0.9799962639808655,0.9770146608352661,0.9756821990013123,0.9807763695716858,0.980096697807312,0.554304838180542,6.436633586883545,0.9604556560516357,0.981801450252533

211,0.11745207011699677,0.39688190817832947,0.38342908024787903,0.4652101993560791,0.4068150222301483,0.9830882549285889,0.9681493639945984,0.9789745807647705,0.9692747592926025,0.9696550369262695,0.9724423885345459,0.9902286529541016,0.9708540439605713,0.9639822244644165,0.9720273017883301,0.9904876351356506,0.9683403968811035,0.9884728789329529,0.9870046377182007,0.9804319739341736,0.9403729438781738,0.9570953845977783,0.9879062175750732,0.9865164756774902,0.5,0.969719648361206,0.9834331274032593,0.9932470917701721,0.9682146906852722,0.9955348968505859,0.9864658713340759,0.9856545925140381,0.9993336200714111,0.9762718677520752,0.9923469424247742,0.9632502198219299,0.9683098793029785,0.9777756929397583,0.9543025493621826,0.9698482751846313,0.9531134963035583,0.9671286344528198,0.9692150354385376,0.969528079032898,0.9755712747573853,0.9810303449630737,0.9746741056442261,0.9783457517623901,0.9815402030944824,0.9830020666122437,0.558242678642273,6.658214807510376,0.9601325988769531,0.9830882549285889
212,0.1325692981481552,0.37903735041618347,0.391071617603302,0.47099676728248596,0.4117860198020935,0.9810661673545837,0.9683908820152283,0.9789434671401978,0.965768575668335,0.9676704406738281,0.9699150919914246,0.9905782341957092,0.9706696271896362,0.961992621421814,0.9727038145065308,0.9918714165687561,0.9707834124565125,0.9891927242279053,0.9880118370056152,0.9771386384963989,0.9394610524177551,0.9573643207550049,0.9889237880706787,0.9888066649436951,0.5,0.9672914743423462,0.9855031967163086,0.9904852509498596,0.9606763124465942,0.9949600696563721,0.9870845079421997,0.9855760335922241,0.998284101486206,0.9770861268043518,0.9934260845184326,0.9626892805099487,0.9670796990394592,0.9740774631500244,0.9548559784889221,0.967598557472229,0.953941285610199,0.9681427478790283,0.9709053635597229,0.9732937812805176,0.977141797542572,0.9823551177978516,0.9750232100486755,0.9778316020965576,0.9827970862388611,0.9818249344825745,0.5603161454200745,6.435210704803467,0.9601724147796631,0.9810661673545837
213,0.11757795512676239,0.4376593828201294,0.43177318572998047,0.467374712228775,0.40531668066978455,0.9841911792755127,0.9686987400054932,0.9795126914978027,0.9682890772819519,0.9673491716384888,0.9682422876358032,0.9890180826187134,0.9706642031669617,0.9659782648086548,0.9721299409866333,0.9962162971496582,0.9676883220672607,0.9890221357345581,0.9871865510940552,0.9798929691314697,0.9384572505950928,0.9563250541687012,0.986987829208374,0.9887692928314209,0.5,0.9658327102661133,0.9835267663002014,0.9931415319442749,0.9663242101669312,0.9964855909347534,0.9860846400260925,0.9867669343948364,0.9983778595924377,0.9752945899963379,0.9942224025726318,0.9653200507164001,0.9696464538574219,0.9748706817626953,0.9533038139343262,0.9687210917472839,0.9491509795188904,0.9661048650741577,0.9704570770263672,0.975242018699646,0.9790158271789551,0.9830949306488037,0.9757118821144104,0.9768716096878052,0.9789033532142639,0.9813162088394165,0.555253267288208,6.184500694274902,0.9620130062103271,0.9841911792755127
214,0.1162712574005127,0.42565226554870605,0.45670121908187866,0.46032410860061646,0.3935052752494812,0.981249988079071,0.9690043926239014,0.9805744886398315,0.9696270227432251,0.9680125713348389,0.9674113988876343,0.9904911518096924,0.9734219312667847,0.9744465351104736,0.9731302261352539,0.9959394931793213,0.9645756483078003,0.9895737171173096,0.9870824813842773,0.984432578086853,0.9391841888427734,0.9533960819244385,0.9862622022628784,0.9905555248260498,0.5,0.9646587371826172,0.9841819405555725,0.9927770495414734,0.9643737077713013,0.9961019158363342,0.987459659576416,0.9860106706619263,0.9986666440963745,0.976190447807312,0.9925061464309692,0.9615455865859985,0.9672585725784302,0.9728531837463379,0.9540929198265076,0.9687037467956543,0.9513094425201416,0.9657239317893982,0.9706265926361084,0.9731412529945374,0.9764913320541382,0.9782931208610535,0.9755303263664246,0.974609375,0.9808084964752197,0.9830287098884583,0.5585829019546509,6.153844118118286,0.9555781483650208,0.981249988079071
215,0.11829118430614471,0.4175429344177246,0.43145596981048584,0.4641651511192322,0.38536953926086426,0.9816176295280457,0.9693741798400879,0.9812765121459961,0.9695043563842773,0.9689750671386719,0.9677568674087524,0.9921499490737915,0.9698450565338135,0.9745575189590454,0.9732669591903687,0.9964931607246399,0.967908501625061,0.989953875541687,0.9881083965301514,0.9888561367988586,0.9403246641159058,0.9546797275543213,0.9870896339416504,0.9892512559890747,0.5,0.9682480096817017,0.9854069352149963,0.992581307888031,0.9621937274932861,0.9963850975036621,0.9853806495666504,0.9887640476226807,0.9990496039390564,0.9733982086181641,0.9897416830062866,0.9616660475730896,0.9663702249526978,0.9730252027511597,0.9556190967559814,0.9667531251907349,0.945921003818512,0.9716910123825073,0.9704951643943787,0.9722737073898315,0.9765175580978394,0.978937566280365,0.9759114980697632,0.9775813817977905,0.9822126626968384,0.9789727926254272,0.5566120743751526,6.105721950531006,0.9582239985466003,0.9816176295280457
216,0.12251975387334824,0.3940756022930145,0.4759213328361511,0.4595809578895569,0.40977004170417786,0.9777573347091675,0.9685853719711304,0.9819121360778809,0.9726836681365967,0.9715657234191895,0.9697695970535278,0.9889339804649353,0.9693500995635986,0.6894976496696472,0.975115180015564,0.9941035509109497,0.9689458608627319,0.9909477233886719,0.991140604019165,0.9867984056472778,0.9413990378379822,0.9577412605285645,0.9890443682670593,0.9896430969238281,0.5,0.9666417837142944,0.9838950037956238,0.9929697513580322,0.9638862609863281,0.9964600205421448,0.9877026081085205,0.9886234402656555,0.9987635612487793,0.9789643883705139,0.990594744682312,0.9659656882286072,0.9676372408866882,0.9746403694152832,0.9579180479049683,0.9692933559417725,0.9486895799636841,0.9676696062088013,0.9688022136688232,0.9726192951202393,0.9779576063156128,0.9810514450073242,0.9758678674697876,0.9747117757797241,0.9816156029701233,0.9824725389480591,0.5521477460861206,6.107356309890747,0.9521617889404297,0.9777573347091675
217,0.10436858981847763,0.3836720585823059,0.4114609360694885,0.46500247716903687,0.41774842143058777,0.9832720756530762,0.9702655076980591,0.982030987739563,0.9716129302978516,0.967275083065033,0.9716181755065918,0.9917987585067749,0.9721401929855347,0.9699852466583252,0.9746730327606201,0.9947397708892822,0.9677062034606934,0.9902975559234619,0.9890201091766357,0.9857116937637329,0.9439321160316467,0.9597234725952148,0.9899446368217468,0.9893597364425659,0.5,0.9706047177314758,0.986090362071991,0.992463231086731,0.9639058113098145,0.9962049722671509,0.9874357581138611,0.990026593208313,0.9986659288406372,0.9756074547767639,0.9906666278839111,0.9628945589065552,0.9654821157455444,0.9769669771194458,0.9582334756851196,0.9694198369979858,0.9476937055587769,0.9677178859710693,0.9700204133987427,0.9721137881278992,0.9788837432861328,0.9803156852722168,0.9759427905082703,0.9784547090530396,0.9813919067382812,0.9812268018722534,0.5580484867095947,6.199315071105957,0.9571601152420044,0.9832720756530762
218,0.12215563654899597,0.4106389284133911,0.3960101902484894,0.46280133724212646,0.403369665145874,0.982536792755127,0.9694660902023315,0.9839394092559814,0.9710492491722107,0.974344789981842,0.9693200588226318,0.990221381187439,0.9688364267349243,0.9665684700012207,0.9746450185775757,0.9946534037590027,0.9670846462249756,0.9908621311187744,0.988552451133728,0.9844383001327515,0.9430204629898071,0.9557465314865112,0.9879128932952881,0.9877890944480896,0.5,0.9704396724700928,0.9849756956100464,0.9936636686325073,0.9642653465270996,0.9958922863006592,0.9881156086921692,0.9877609014511108,0.9987616539001465,0.9773545265197754,0.9927577972412109,0.9609647989273071,0.9629321098327637,0.9738104343414307,0.9556599855422974,0.9665182828903198,0.9469263553619385,0.9696686267852783,0.9703302979469299,0.9695700407028198,0.9764913320541382,0.9764246940612793,0.9751304388046265,0.9761682748794556,0.978922963142395,0.9809514880180359,0.5540364980697632,6.040427207946777,0.9549758434295654,0.982536792755127
219,0.12449512630701065,0.38913100957870483,0.41879433393478394,0.469749391078949,0.41654443740844727,0.9803308844566345,0.9690941572189331,0.9806451797485352,0.9662424325942993,0.9700775742530823,0.9686404466629028,0.9900424480438232,0.9714628458023071,0.9715814590454102,0.9710492491722107,0.9954822063446045,0.9654377698898315,0.9887349605560303,0.9862672686576843,0.9859804511070251,0.9435632228851318,0.958202600479126,0.9880930185317993,0.9885121583938599,0.5,0.9691485166549683,0.984375,0.992591142654419,0.9646464586257935,0.9967747926712036,0.9880975484848022,0.9889901280403137,0.9981956481933594,0.9777251482009888,0.9909575581550598,0.9653264284133911,0.965925931930542,0.9738345146179199,0.9534969329833984,0.9657052755355835,0.9444239139556885,0.9696458578109741,0.9697082042694092,0.9744566082954407,0.9774457216262817,0.9794723987579346,0.9748328328132629,0.977686882019043,0.9814918041229248,0.9804723858833313,0.5572640895843506,6.23707389831543,0.9466743469238281,0.9803308844566345
220,0.12534162402153015,0.3746257722377777,0.39294975996017456,0.46252718567848206,0.41213157773017883,0.9795956015586853,0.970038890838623,0.9811912178993225,0.9700460433959961,0.971288800239563,0.9712283611297607,0.9906758069992065,0.9712017774581909,0.9665805101394653,0.9749216437339783,0.9943695664405823,0.9689579010009766,0.9904893636703491,0.9878116250038147,0.9843347072601318,0.9419033527374268,0.9606233835220337,0.989202618598938,0.9890761375427246,0.5,0.9694677591323853,0.9858983755111694,0.9935654401779175,0.9641909599304199,0.996196985244751,0.9858121871948242,0.9887139797210693,0.9983886480331421,0.9777566194534302,0.9919232130050659,0.9641802310943604,0.9684725999832153,0.977213978767395,0.9566340446472168,0.9655683040618896,0.948116660118103,0.9663434624671936,0.9693063497543335,0.9749767780303955,0.9794571399688721,0.9822523593902588,0.976323127746582,0.9771926403045654,0.9798214435577393,0.9812407493591309,0.5622013807296753,6.496521234512329,0.9536429643630981,0.9795956015586853

221,0.1225157156586647,0.4172312021255493,0.4151935577392578,0.45686355233192444,0.39052101969718933,0.9832720756530762,0.9696562886238098,0.9797672033309937,0.9689171314239502,0.9694818258285522,0.9707510471343994,0.9878363609313965,0.9728381633758545,0.9669002294540405,0.9735870361328125,0.9927175641059875,0.9662424325942993,0.9884622097015381,0.9859778881072998,0.9798669815063477,0.9436957836151123,0.9573721885681152,0.9872717261314392,0.9895428419113159,0.5,0.9689777493476868,0.9830777645111084,0.9942158460617065,0.9624857902526855,0.9969696998596191,0.987968921661377,0.9876260757446289,0.9983882904052734,0.9789013862609863,0.992759108543396,0.961929440498352,0.9644707441329956,0.9763750433921814,0.9552321434020996,0.9679747819900513,0.9495937824249268,0.967868447303772,0.9690990447998047,0.9733469486236572,0.9799107313156128,0.9818638563156128,0.9763538837432861,0.9767118096351624,0.9809443950653076,0.9817186594009399,0.5549336075782776,6.2265894412994385,0.9569575190544128,0.9832720756530762
222,0.11852207034826279,0.39779654145240784,0.42897477746009827,0.46688586473464966,0.3990086317062378,0.981801450252533,0.9687734842300415,0.9807976484298706,0.9699538946151733,0.9712728261947632,0.9699538946151733,0.9902195930480957,0.9721196889877319,0.9667097330093384,0.9734464287757874,0.9950175285339355,0.962580680847168,0.9885756373405457,0.9869949817657471,0.9777593612670898,0.9379265904426575,0.9583102464675903,0.9885609149932861,0.9912946820259094,0.5,0.971065878868103,0.9861449003219604,0.9941354393959045,0.9619699716567993,0.9960113763809204,0.9864890575408936,0.9881268739700317,0.9987630844116211,0.9726890325546265,0.9906790852546692,0.9571481347084045,0.9661347270011902,0.9755850434303284,0.957825779914856,0.9653575420379639,0.9464219808578491,0.9649729132652283,0.9682495594024658,0.974916398525238,0.9790814518928528,0.9802716970443726,0.9772642850875854,0.9776910543441772,0.9810620546340942,0.980383038520813,0.5550827383995056,6.055030584335327,0.9549952745437622,0.981801450252533
223,0.1184680387377739,0.40359699726104736,0.37223702669143677,0.4520419239997864,0.4213935136795044,0.981801450252533,0.9688590168952942,0.9823074340820312,0.9704688191413879,0.9673190116882324,0.9696718454360962,0.9898598790168762,0.9690959453582764,0.9601476192474365,0.9725345373153687,0.9921630024909973,0.966795802116394,0.9899576306343079,0.9868955612182617,0.9753553867340088,0.9422402381896973,0.9563250541687012,0.9868713021278381,0.9892632365226746,0.5,0.9715940952301025,0.9846986532211304,0.9942759275436401,0.9636675119400024,0.9968469142913818,0.9886277914047241,0.9882723093032837,0.9983882904052734,0.9763756990432739,0.9911378026008606,0.9613040685653687,0.9673771858215332,0.9759269952774048,0.9574565887451172,0.9657660722732544,0.9472129940986633,0.9702358245849609,0.9728624820709229,0.9750046730041504,0.9777034521102905,0.9821230173110962,0.9758453965187073,0.9774247407913208,0.9814057350158691,0.9835348725318909,0.5570681095123291,6.187623023986816,0.9613600969314575,0.981801450252533
224,0.11478345841169357,0.4084932208061218,0.4158352017402649,0.45834362506866455,0.40737929940223694,0.9834558963775635,0.9696841239929199,0.9821165204048157,0.9676942825317383,0.9690322875976562,0.9700239896774292,0.9889318943023682,0.9699095487594604,0.9616946578025818,0.9729405641555786,0.9895794987678528,0.9664819836616516,0.9902195930480957,0.9891284704208374,0.9777511358261108,0.9422615766525269,0.9590088129043579,0.9863468408584595,0.9886132478713989,0.5,0.9709465503692627,0.9841447472572327,0.9931375980377197,0.9622713327407837,0.9964748620986938,0.9868221282958984,0.9867845773696899,0.9987713098526001,0.9771559238433838,0.9904616475105286,0.9622275829315186,0.967018723487854,0.9751753807067871,0.9527413845062256,0.966228723526001,0.9469655156135559,0.9708528518676758,0.9732441902160645,0.9757615327835083,0.9784018993377686,0.9836643934249878,0.978329598903656,0.9781075716018677,0.9824087619781494,0.9826240539550781,0.5544723868370056,6.16412878036499,0.9610722661018372,0.9834558963775635
225,0.12966950237751007,0.4287652373313904,0.44149404764175415,0.4551225006580353,0.39493194222450256,0.9786764979362488,0.9688611030578613,0.9815599918365479,0.9687038660049438,0.9720479846000671,0.9681968688964844,0.9892909526824951,0.9707402586936951,0.9705069065093994,0.9756232500076294,0.9911439418792725,0.9700405597686768,0.9898542761802673,0.9888417720794678,0.9817410707473755,0.9425987005233765,0.9575645923614502,0.9875484108924866,0.989612340927124,0.5,0.9705055952072144,0.986453652381897,0.9942092299461365,0.9662846326828003,0.9962913990020752,0.9879574775695801,0.9884030818939209,0.9991443157196045,0.9770529270172119,0.9895695447921753,0.9601843357086182,0.9669820070266724,0.973247230052948,0.954218864440918,0.9703319072723389,0.9498984813690186,0.9708737730979919,0.9712740182876587,0.9725519418716431,0.9787253737449646,0.9805339574813843,0.9750929474830627,0.9777839779853821,0.9811618328094482,0.9843604564666748,0.5522931218147278,6.671526670455933,0.9511595964431763,0.9786764979362488
226,0.11869364231824875,0.42742669582366943,0.44654834270477295,0.4551883935928345,0.3942089080810547,0.9829044342041016,0.9705283641815186,0.9825013875961304,0.9685656428337097,0.9733493328094482,0.9718530774116516,0.9901236891746521,0.9721299409866333,0.9726988077163696,0.9746450185775757,0.9951106905937195,0.9687904119491577,0.9891223907470703,0.9888540506362915,0.9800701141357422,0.9422188997268677,0.9581180810928345,0.9882005453109741,0.9892652034759521,0.5,0.9714446067810059,0.9856875538825989,0.9942201972007751,0.9638508558273315,0.9959210753440857,0.9864839315414429,0.988852858543396,0.9979047775268555,0.976158857345581,0.9903974533081055,0.9645096063613892,0.966549277305603,0.9761948585510254,0.9565818309783936,0.9680081605911255,0.9476304650306702,0.9727833867073059,0.9722273945808411,0.9750975370407104,0.9764509201049805,0.983544111251831,0.9788719415664673,0.9789425134658813,0.981519341468811,0.9807763695716858,0.5553446412086487,6.791487693786621,0.9609363079071045,0.9829044342041016
227,0.11836444586515427,0.4223976731300354,0.397037148475647,0.4582763910293579,0.40056636929512024,0.981801450252533,0.9692437648773193,0.9838799238204956,0.9675337076187134,0.9721556305885315,0.966291069984436,0.9893872141838074,0.9720427989959717,0.9673250913619995,0.9733444452285767,0.9955751895904541,0.9660391211509705,0.9903154373168945,0.9898542761802673,0.9829367399215698,0.9398080110549927,0.9566580653190613,0.9864391088485718,0.9887225031852722,0.5,0.969489336013794,0.9833800196647644,0.9945899844169617,0.9629489183425903,0.9959187507629395,0.9862481355667114,0.9870117902755737,0.9985765814781189,0.9791945219039917,0.9935398101806641,0.9593496322631836,0.9674134254455566,0.9719350337982178,0.95209139585495,0.9661409854888916,0.9529693722724915,0.9688730239868164,0.9671003818511963,0.9723048210144043,0.9788404107093811,0.9828518033027649,0.9737086296081543,0.9749210476875305,0.9795539379119873,0.98046875,0.5554698705673218,6.93449854850769,0.9564765095710754,0.981801450252533
228,0.12505650520324707,0.413563072681427,0.388563871383667,0.45806747674942017,0.4045221507549286,0.9810661673545837,0.9693036079406738,0.9813515543937683,0.9683066010475159,0.9681558012962341,0.969361424446106,0.9915160536766052,0.9694592952728271,0.96110600233078,0.9726266860961914,0.9905921220779419,0.9671647548675537,0.9888335466384888,0.9877328872680664,0.9784331917762756,0.9385722279548645,0.9623546600341797,0.9877215623855591,0.9896353483200073,0.5,0.9693572521209717,0.9852004051208496,0.9935201406478882,0.9652856588363647,0.9961810111999512,0.9894527196884155,0.9896936416625977,0.9983865022659302,0.975386381149292,0.9950804114341736,0.9641209840774536,0.9696577191352844,0.9752676486968994,0.9553340673446655,0.9681936502456665,0.9528162479400635,0.969527006149292,0.9714658856391907,0.9728220701217651,0.9756821990013123,0.9793173670768738,0.9767744541168213,0.9775509834289551,0.9808264970779419,0.981574535369873,0.5537150502204895,5.714616537094116,0.9559037089347839,0.9810661673545837
229,0.10790851712226868,0.4077606201171875,0.3992692232131958,0.4565478563308716,0.407321959733963,0.9830882549285889,0.9695900678634644,0.9801880121231079,0.9658316373825073,0.96861732006073,0.9695876836776733,0.9905921220779419,0.9706642031669617,0.9688364267349243,0.9718842506408691,0.9921543598175049,0.966150164604187,0.988000750541687,0.9871865510940552,0.9808118343353271,0.9395898580551147,0.9600000381469727,0.9879940748214722,0.9889712333679199,0.5,0.9707257747650146,0.985476016998291,0.9943852424621582,0.9626694917678833,0.9962835907936096,0.988796055316925,0.9878511428833008,0.998576283454895,0.9727722406387329,0.9920060634613037,0.9689343571662903,0.9683215618133545,0.9750368595123291,0.9555104374885559,0.9682583808898926,0.9456541538238525,0.9660557508468628,0.9726816415786743,0.9739922285079956,0.9765973091125488,0.9840445518493652,0.9758453965187073,0.9775301814079285,0.980301022529602,0.9824643135070801,0.5513615012168884,5.482511043548584,0.9565281867980957,0.9830882549285889
230,0.12637045979499817,0.4084557890892029,0.4346432685852051,0.46325722336769104,0.40689563751220703,0.9801470637321472,0.9691582918167114,0.9814370274543762,0.9679948091506958,0.9694423675537109,0.9654186964035034,0.9892066717147827,0.9719557166099548,0.967724084854126,0.9731550216674805,0.9938271641731262,0.9631132483482361,0.9885587692260742,0.9880051612854004,0.982106626033783,0.9364508390426636,0.9559149742126465,0.9882819652557373,0.9888025522232056,0.5,0.9675761461257935,0.986699104309082,0.9941064715385437,0.9639195203781128,0.9967759847640991,0.9870104789733887,0.9873573780059814,0.9985733032226562,0.9793096780776978,0.9930766224861145,0.9624330997467041,0.9685360193252563,0.9729604721069336,0.9543273448944092,0.9715845584869385,0.950414776802063,0.9643722772598267,0.9715666174888611,0.9751068353652954,0.9747821092605591,0.9791898727416992,0.9744471311569214,0.9768742918968201,0.9828836917877197,0.9782973527908325,0.5542978048324585,6.317807674407959,0.9561806917190552,0.9801470637321472

231,0.1272515505552292,0.4230894148349762,0.43615609407424927,0.4564051628112793,0.4056331217288971,0.9799632430076599,0.9686794281005859,0.9811842441558838,0.9675036668777466,0.9743353128433228,0.9692350625991821,0.9886447191238403,0.9704742431640625,0.9717259407043457,0.9740822315216064,0.9943716526031494,0.9693952798843384,0.9888479709625244,0.9888561367988586,0.986526370048523,0.945192813873291,0.9579335451126099,0.9891164302825928,0.9896258115768433,0.5,0.9688843488693237,0.9894313812255859,0.994412899017334,0.9660406112670898,0.9966615438461304,0.9877469539642334,0.9873909950256348,0.9975181221961975,0.9797578454017639,0.9939093589782715,0.963916540145874,0.9688946604728699,0.9743589758872986,0.9565257430076599,0.9710506796836853,0.9562972784042358,0.9699515104293823,0.9701949954032898,0.9742755889892578,0.9758139848709106,0.9822458028793335,0.9749210476875305,0.975831925868988,0.9803084135055542,0.9816948175430298,0.5500829815864563,6.558907747268677,0.9533903002738953,0.9799632430076599
232,0.1182815358042717,0.41165390610694885,0.41831904649734497,0.4641243815422058,0.4074890911579132,0.981249988079071,0.9698208570480347,0.9821791648864746,0.9700018167495728,0.9692577123641968,0.9694480299949646,0.9908688068389893,0.9708486795425415,0.9730229377746582,0.9751707315444946,0.9897525906562805,0.9682773947715759,0.990221381187439,0.9902051687240601,0.983468770980835,0.9392290711402893,0.9582103490829468,0.9865363240242004,0.9888004064559937,0.5,0.9709508419036865,0.9863052368164062,0.9936190843582153,0.9633288979530334,0.9957151412963867,0.9891283512115479,0.9873154163360596,0.9987602233886719,0.9784597754478455,0.9944930076599121,0.9646809101104736,0.9679629802703857,0.9747185707092285,0.9578568935394287,0.9708441495895386,0.9543694257736206,0.9694563746452332,0.9711896181106567,0.9729855060577393,0.9739583730697632,0.9818705916404724,0.9747766256332397,0.9754372835159302,0.9812023043632507,0.9809408783912659,0.5553572177886963,6.147148847579956,0.957112193107605,0.981249988079071
233,0.10664799809455872,0.3862302601337433,0.40958794951438904,0.4548289179801941,0.4097403585910797,0.9836397171020508,0.970434308052063,0.9822053909301758,0.9681499004364014,0.9723506569862366,0.9693670272827148,0.9888396859169006,0.9695740342140198,0.9636011719703674,0.9756592512130737,0.9920576214790344,0.9690093994140625,0.9905955791473389,0.9904041290283203,0.9855085611343384,0.9433161020278931,0.9580645561218262,0.9883699417114258,0.99008709192276,0.5,0.9720351696014404,0.9903039336204529,0.9930858016014099,0.9631069898605347,0.9961810111999512,0.9882901906967163,0.9869895577430725,0.998669445514679,0.9783352613449097,0.9933308362960815,0.9665499329566956,0.967266321182251,0.9751982688903809,0.9574723243713379,0.9693461656570435,0.9527587890625,0.97069251537323,0.9704461097717285,0.9746376872062683,0.9754555225372314,0.982159435749054,0.974990725517273,0.9782527685165405,0.9812407493591309,0.981330156326294,0.555419921875,6.425907850265503,0.9565131068229675,0.9836397171020508
234,0.13362719118595123,0.4309542179107666,0.44395139813423157,0.4572540521621704,0.39864224195480347,0.9783087968826294,0.9685212969779968,0.9838590621948242,0.9676079750061035,0.9704092741012573,0.9682773947715759,0.9891244173049927,0.9695234298706055,0.9689629673957825,0.9738055467605591,0.9924409985542297,0.9680280685424805,0.9894911646842957,0.9900350570678711,0.9837548732757568,0.9423538446426392,0.953029990196228,0.9869099855422974,0.9886932373046875,0.5,0.9700112342834473,0.9886151552200317,0.9952408075332642,0.9641844630241394,0.9965753555297852,0.9863325357437134,0.9888507723808289,0.9990514516830444,0.9826765656471252,0.9935398101806641,0.964002251625061,0.9662099480628967,0.9756816625595093,0.9562649726867676,0.971528947353363,0.9563733339309692,0.9711053371429443,0.969123125076294,0.9700371026992798,0.9703745245933533,0.9804651141166687,0.9722222089767456,0.9757598638534546,0.9791125059127808,0.9818671941757202,0.5477941036224365,6.572192668914795,0.9514966607093811,0.9783087968826294
235,0.11906643956899643,0.4101380705833435,0.401385635137558,0.46057307720184326,0.4152407646179199,0.9821690917015076,0.9706844091415405,0.9842308759689331,0.9656319618225098,0.9763880968093872,0.9687442779541016,0.9910632371902466,0.972975492477417,0.8713093996047974,0.9765293002128601,0.9946475028991699,0.9685308337211609,0.9911455512046814,0.9904999136924744,0.9879285097122192,0.9375115633010864,0.9599113464355469,0.9865214228630066,0.9898110628128052,0.5,0.971832275390625,0.9904904365539551,0.9938377141952515,0.9651228785514832,0.9959125518798828,0.9877464771270752,0.9882352948188782,0.9979055523872375,0.9834474921226501,0.9943116903305054,0.970935583114624,0.9713016152381897,0.9749907851219177,0.957619309425354,0.9719799757003784,0.9521482586860657,0.9735464453697205,0.9722222089767456,0.9766147136688232,0.976543664932251,0.9847498536109924,0.9766554832458496,0.978329598903656,0.9818012714385986,0.9819601774215698,0.5585198998451233,6.532110691070557,0.9582465887069702,0.9821690917015076
236,0.1027916967868805,0.3808736801147461,0.4247640073299408,0.46283870935440063,0.405076801776886,0.9852941036224365,0.9690877199172974,0.9819388389587402,0.9618010520935059,0.9711148142814636,0.9695684313774109,0.9898598790168762,0.9752813577651978,0.9732373952865601,0.9731994867324829,0.993905782699585,0.9678432941436768,0.9896640777587891,0.9890180826187134,0.9852534532546997,0.9407311677932739,0.956958532333374,0.9879195690155029,0.9902706146240234,0.5,0.9724196195602417,0.9901814460754395,0.9940011501312256,0.9624431133270264,0.9960265159606934,0.9883875846862793,0.9862856864929199,0.998765230178833,0.9745714664459229,0.9933270215988159,0.9632976651191711,0.9682407379150391,0.9756412506103516,0.9558470249176025,0.9685010313987732,0.9486162662506104,0.9712923169136047,0.9715719223022461,0.9746658802032471,0.9754281044006348,0.9833859205245972,0.975589394569397,0.9776064157485962,0.9801262617111206,0.9833581447601318,0.5586015582084656,6.564293384552002,0.9602080583572388,0.9852941036224365
237,0.10911791026592255,0.4038495421409607,0.43127456307411194,0.45890605449676514,0.4085601568222046,0.9814338088035583,0.9701714515686035,0.9827713370323181,0.9640353918075562,0.9779601693153381,0.9725964069366455,0.9907715320587158,0.9711467623710632,0.9633628726005554,0.9736259579658508,0.9952038526535034,0.967637836933136,0.9890342950820923,0.9896717071533203,0.9870657920837402,0.9407482147216797,0.9593721032142639,0.9875530004501343,0.9889835119247437,0.5,0.9706265926361084,0.9917818307876587,0.9953262209892273,0.9635168313980103,0.9957208037376404,0.9879977107048035,0.9886709451675415,0.9988614916801453,0.9834380149841309,0.992024302482605,0.9662424325942993,0.9688078165054321,0.9759491682052612,0.9577178955078125,0.9685184955596924,0.9495387077331543,0.9745699167251587,0.9687790274620056,0.9732973575592041,0.9747672080993652,0.982607901096344,0.9751851558685303,0.9790970087051392,0.9802238941192627,0.9820531606674194,0.5533558130264282,6.463537931442261,0.959421694278717,0.9814338088035583

