epoch,loss,A13_balanced_accuracy,A14_balanced_accuracy,A15b_balanced_accuracy,A16_balanced_accuracy,A17a_balanced_accuracy,A19a_balanced_accuracy,A1a_balanced_accuracy,A1b_balanced_accuracy,A1c_balanced_accuracy,A32_balanced_accuracy,A33_balanced_accuracy,A34_balanced_accuracy,A4b2_balanced_accuracy,A7a_balanced_accuracy,A9_balanced_accuracy,B1_balanced_accuracy,B2a_balanced_accuracy,B3_balanced_accuracy,C13aa_balanced_accuracy,C13bb_balanced_accuracy,C14_100_balanced_accuracy,C14_120_balanced_accuracy,C14_20_balanced_accuracy,C14_30_balanced_accuracy,C14_50_balanced_accuracy,C14_60_balanced_accuracy,C14_70_balanced_accuracy,C14_80_balanced_accuracy,C17a_balanced_accuracy,C17b_80_balanced_accuracy,C17c_balanced_accuracy,C17d_balanced_accuracy,C1a_balanced_accuracy,C2_balanced_accuracy,C3e3_balanced_accuracy,D1a1_balanced_accuracy,D1a4_balanced_accuracy,D1a5_balanced_accuracy,D1a6_balanced_accuracy,D1a7_balanced_accuracy,D2a1_balanced_accuracy,D2a2_balanced_accuracy,D3_balanced_accuracy,accuracy,balanced_accuracy,epoch_elapsed,f1,recall
0,2.115525007247925,0.4701382517814636,0.48134467005729675,0.4836715757846832,0.4960361421108246,0.5130205750465393,0.48616746068000793,0.5275830030441284,0.4718076288700104,0.44025447964668274,0.5931844115257263,0.5223268866539001,0.4975110590457916,0.49889156222343445,0.49861598014831543,0.39617183804512024,0.46898651123046875,0.5761126279830933,0.6583297252655029,0.5654466152191162,0.5475121736526489,0.5326604247093201,0.6575508117675781,0.5195446014404297,0.5291089415550232,0.5463035702705383,0.4995245337486267,0.4915318787097931,0.48984795808792114,0.4961254596710205,0.46598827838897705,0.525738000869751,0.6402941942214966,0.5708453059196472,0.48008114099502563,0.45816200971603394,0.4872986376285553,0.4727342128753662,0.606081485748291,0.5073726177215576,0.49776577949523926,0.49990740418434143,0.4703255891799927,0.6110594868659973,0.5126838088035583,0.7013787031173706,5.005578517913818,0.16690443456172943,0.5126838088035583
1,1.5132516622543335,0.5,0.5,0.5,0.5,0.5,0.5,0.5,0.5,0.5,0.5,0.5,0.5,0.5,0.5,0.5,0.5,0.5,0.5,0.511809766292572,0.5045709609985352,0.6894655823707581,0.656303346157074,0.5,0.7522286176681519,0.6911068558692932,0.5762349963188171,0.4989837408065796,0.5040979981422424,0.5,0.5,0.5,0.5,0.5,0.5,0.4999066889286041,0.5,0.5,0.5,0.5,0.5,0.5,0.5,0.5,0.6891543865203857,0.8098345994949341,4.8119401931762695,0.29783180356025696,0.6891543865203857

2,1.3590818643569946,0.5,0.5,0.5,0.5,0.5,0.5,0.5,0.5,0.5,0.5,0.5,0.5,0.5,0.5,0.5,0.5,0.5,0.5,0.5,0.5,0.7828803658485413,0.772180438041687,0.5,0.8115071058273315,0.7251714468002319,0.8227925300598145,0.672065019607544,0.6390435695648193,0.5,0.5,0.5,0.5,0.5,0.5,0.5,0.5,0.5,0.5,0.5,0.5,0.5,0.5,0.5,0.6990808844566345,0.7856847047805786,4.856365919113159,0.31497976183891296,0.6990808844566345
3,1.2829362154006958,0.5,0.5,0.5,0.5,0.5,0.5,0.5,0.5,0.5,0.5,0.5,0.5,0.5,0.5,0.5,0.5,0.5,0.5,0.5,0.5,0.7906821966171265,0.8133112192153931,0.5,0.816447377204895,0.7593847513198853,0.8615461587905884,0.8274775147438049,0.8064414262771606,0.5,0.5,0.5,0.5,0.5,0.5,0.5,0.5,0.5,0.5,0.5,0.5061305165290833,0.5,0.5,0.5,0.731801450252533,0.786994457244873,4.838021993637085,0.46784406900405884,0.731801450252533

4,1.2188810110092163,0.5,0.5,0.5,0.5,0.5,0.5,0.5,0.5,0.5,0.5,0.5,0.5,0.5,0.5,0.5,0.5,0.5,0.5,0.5,0.5056818127632141,0.7808288335800171,0.788552463054657,0.5,0.8147000074386597,0.7799712419509888,0.8403974771499634,0.869458794593811,0.7999159097671509,0.5,0.5,0.5,0.5,0.5,0.5,0.5049450397491455,0.5,0.5,0.5,0.5,0.5630285739898682,0.5,0.5,0.5,0.7522059082984924,0.8107306957244873,4.887129545211792,0.5423510670661926,0.7522059082984924

5,1.202303171157837,0.5,0.5,0.5,0.5,0.5,0.5,0.5,0.5,0.5,0.5,0.5,0.5,0.5,0.5,0.5,0.5,0.5,0.5,0.5503262281417847,0.5364583134651184,0.7841686010360718,0.8111533522605896,0.5,0.8284388184547424,0.8056886196136475,0.8338710069656372,0.8287253379821777,0.7837541699409485,0.5,0.5,0.5,0.5,0.5,0.5,0.5309693217277527,0.5,0.5,0.5096153616905212,0.5,0.5895163416862488,0.5,0.5,0.5,0.7740808725357056,0.8332720398902893,4.849590301513672,0.5938717722892761,0.7740808725357056

6,1.1569949388504028,0.5,0.5,0.5,0.5,0.5,0.5,0.5,0.5,0.5,0.5,0.5,0.5,0.5,0.5,0.5,0.5,0.5,0.5,0.6849631667137146,0.5910823941230774,0.7938379645347595,0.8170777559280396,0.5,0.8280764818191528,0.8168798685073853,0.821394681930542,0.7880030870437622,0.7979044318199158,0.5,0.5,0.5,0.5,0.5,0.5,0.5645171403884888,0.5,0.4999068081378937,0.5,0.5,0.6295229196548462,0.5,0.5,0.5087719559669495,0.7797794342041016,0.8508502244949341,4.9053425788879395,0.6056697964668274,0.7797794342041016
7,1.1526527404785156,0.5,0.5,0.5,0.5,0.5,0.5,0.5,0.5,0.5,0.5,0.5,0.5,0.5,0.5,0.5,0.5,0.5394736528396606,0.5,0.8140627145767212,0.7227568626403809,0.7894359827041626,0.8106002807617188,0.5,0.8287189602851868,0.7793300747871399,0.8427702784538269,0.7818406820297241,0.8432637453079224,0.5,0.5,0.5,0.5,0.5,0.5,0.5732116103172302,0.5,0.5163004994392395,0.5,0.5,0.5961467027664185,0.5,0.5,0.5646588206291199,0.7761029601097107,0.8552849292755127,4.950406312942505,0.608449399471283,0.7761029601097107
8,1.1190472841262817,0.5,0.5,0.5,0.5,0.5,0.5,0.5,0.5,0.5,0.5,0.5,0.5,0.5,0.5,0.5,0.5,0.6428571343421936,0.5,0.6462236642837524,0.777039647102356,0.8162684440612793,0.8151228427886963,0.5,0.8091064691543579,0.8185141086578369,0.8263009786605835,0.8574684262275696,0.8247677087783813,0.5,0.5,0.5,0.5,0.512499988079071,0.5,0.6388609409332275,0.5,0.5,0.542553186416626,0.5314918160438538,0.6497557759284973,0.5,0.4999069571495056,0.6676493883132935,0.778124988079071,0.8619714975357056,5.105046987533569,0.6224056482315063,0.778124988079071
9,1.108823299407959,0.5,0.5,0.5,0.5,0.5,0.5,0.5,0.5,0.5,0.5,0.5,0.5,0.5,0.5,0.5,0.5,0.7973411679267883,0.5,0.6917804479598999,0.8647003769874573,0.8340702056884766,0.83945631980896,0.5,0.8283007144927979,0.8228645324707031,0.8077653646469116,0.8489652872085571,0.8333649635314941,0.5,0.5,0.5,0.5,0.5,0.5,0.6021246910095215,0.5161290168762207,0.5338053703308105,0.5499070882797241,0.6278855204582214,0.7286121845245361,0.5186712741851807,0.583855152130127,0.6746905446052551,0.7873162031173706,0.8663603067398071,4.978972434997559,0.6452914476394653,0.7873162031173706

10,1.0709415674209595,0.5,0.5,0.5,0.5,0.5,0.5,0.5,0.5,0.5,0.5,0.5,0.5,0.5,0.5,0.5,0.5,0.896510124206543,0.5,0.7771910429000854,0.8513097167015076,0.8259015083312988,0.7989867329597473,0.5,0.8187875747680664,0.806612491607666,0.8273175954818726,0.857056200504303,0.8075588941574097,0.5,0.5,0.5,0.5,0.5,0.5,0.6929738521575928,0.6359914541244507,0.538876473903656,0.5958754420280457,0.561565637588501,0.7492251396179199,0.5585786700248718,0.5480918288230896,0.6888955235481262,0.7981617450714111,0.883708655834198,4.8531293869018555,0.6505858302116394,0.7981617450714111

11,1.0677391290664673,0.5,0.5,0.5,0.5,0.5,0.5,0.5,0.5,0.5,0.5,0.5,0.5,0.5,0.5,0.5,0.5,0.9025002121925354,0.5,0.8542795181274414,0.8676210641860962,0.8183600902557373,0.819566011428833,0.5,0.8327462673187256,0.7945941686630249,0.8501819372177124,0.8853472471237183,0.8200872540473938,0.5,0.511904776096344,0.5,0.5,0.5394736528396606,0.5,0.7483987212181091,0.6294439435005188,0.5759928822517395,0.6088123321533203,0.5673888921737671,0.8105018138885498,0.6217746138572693,0.5644434690475464,0.7426580190658569,0.7933823466300964,0.8785616159439087,4.96800684928894,0.694679856300354,0.7933823466300964
12,1.0512702465057373,0.5,0.5,0.5,0.5,0.5,0.5,0.5,0.5,0.5,0.5,0.5,0.5,0.5,0.5,0.5,0.5,0.9750789403915405,0.5,0.9105648398399353,0.8977634310722351,0.8370242118835449,0.8065930008888245,0.5,0.8438811302185059,0.8097166419029236,0.8416539430618286,0.8488614559173584,0.8317801356315613,0.5,0.5487805008888245,0.5,0.5,0.5,0.5,0.8215699195861816,0.5896289348602295,0.6281955242156982,0.6850782632827759,0.6446419358253479,0.7283374071121216,0.5987918376922607,0.6352494359016418,0.7615188956260681,0.7928308844566345,0.8773667216300964,4.9591968059539795,0.7221078872680664,0.7928308844566345
13,1.0478321313858032,0.5,0.5,0.5,0.5,0.5,0.5,0.5,0.5,0.5,0.5,0.5,0.5,0.5,0.5,0.5,0.5,0.998611330986023,0.5,0.906413197517395,0.9246914982795715,0.8340002298355103,0.8166508078575134,0.5,0.8545971512794495,0.8265615701675415,0.8502749800682068,0.8579425811767578,0.8464387655258179,0.5,0.5301181077957153,0.5,0.5,0.511904776096344,0.5,0.8143717646598816,0.6715959906578064,0.6157923936843872,0.7435699701309204,0.6900437474250793,0.7831940650939941,0.6272343397140503,0.640718400478363,0.732452392578125,0.7992647290229797,0.8824908137321472,4.816853284835815,0.7324041128158569,0.7992647290229797

14,1.0215402841567993,0.5,0.5,0.5,0.5,0.5,0.5,0.5,0.5,0.5,0.5,0.5,0.5,0.5,0.5,0.5,0.5,0.9982404112815857,0.5,0.947907567024231,0.9355243444442749,0.8416650891304016,0.8185104131698608,0.5,0.8675018548965454,0.8343305587768555,0.8720405101776123,0.8369876146316528,0.8510335683822632,0.5,0.6549994945526123,0.5,0.5,0.5256410241127014,0.5,0.8202610611915588,0.6804254055023193,0.6506839990615845,0.7787609696388245,0.7733086943626404,0.8069614171981812,0.6033624410629272,0.7875983715057373,0.7943068742752075,0.8014705777168274,0.8859834671020508,4.980879306793213,0.7356764674186707,0.8014705777168274
15,1.006850004196167,0.5,0.5,0.5,0.5,0.5,0.5,0.5,0.5165742635726929,0.5,0.5,0.5,0.5,0.5,0.5,0.5,0.5,0.9977753162384033,0.5,0.9279728531837463,0.9318351745605469,0.8466222286224365,0.8496197462081909,0.5,0.8627970218658447,0.8447309732437134,0.8874857425689697,0.8728476762771606,0.8403441905975342,0.5,0.7018698453903198,0.5,0.5,0.566573977470398,0.5,0.8539148569107056,0.7528741359710693,0.7203553915023804,0.852299690246582,0.6799545288085938,0.8267804384231567,0.6642777323722839,0.7547053694725037,0.8143161535263062,0.8060661554336548,0.8903262615203857,4.907807350158691,0.7463915348052979,0.8060661554336548
16,0.9826763272285461,0.5,0.5,0.5,0.5,0.5,0.5,0.5,0.5,0.5,0.5,0.5,0.5,0.5,0.5,0.5,0.5,0.9985193014144897,0.5,0.952462911605835,0.9537471532821655,0.8313264846801758,0.8376963138580322,0.5,0.8480702638626099,0.8330472707748413,0.8730728030204773,0.8983901739120483,0.8162777423858643,0.5,0.6887264847755432,0.5,0.5,0.6000000238418579,0.5,0.864025890827179,0.8123148679733276,0.684989869594574,0.8218441605567932,0.771413266658783,0.8244571089744568,0.7517777681350708,0.8138134479522705,0.8394854068756104,0.8064337968826294,0.8881663084030151,5.140843391418457,0.7571733593940735,0.8064337968826294
17,0.9863966703414917,0.5,0.5,0.5,0.5,0.5,0.5,0.5,0.5237172842025757,0.5,0.5,0.5,0.5,0.5,0.5,0.5,0.5,0.9978715181350708,0.5,0.9735885858535767,0.9272102117538452,0.8291332721710205,0.8516951203346252,0.5,0.8617182970046997,0.8317493796348572,0.8541826009750366,0.88134765625,0.8226912021636963,0.5,0.6746577024459839,0.5,0.5,0.6903835535049438,0.5,0.8493540287017822,0.8080360889434814,0.7108466625213623,0.8716875314712524,0.7535214424133301,0.8291324377059937,0.7657492160797119,0.869385838508606,0.8084508180618286,0.8121323585510254,0.8914982080459595,4.86186408996582,0.7404173612594604,0.8121323585510254

18,0.9737120866775513,0.5,0.5,0.5,0.5,0.5,0.5,0.5,0.5,0.5,0.5,0.5,0.5,0.5,0.5,0.5,0.5,0.9981471300125122,0.5,0.9478466510772705,0.9463295936584473,0.8227912783622742,0.8453949689865112,0.5,0.8757822513580322,0.8335129618644714,0.8502535820007324,0.9006270170211792,0.859431266784668,0.5,0.8060259819030762,0.5,0.5,0.6888190507888794,0.5,0.8623985648155212,0.9194585084915161,0.7488479614257812,0.7867363691329956,0.7681146860122681,0.8576676845550537,0.7232193350791931,0.9174127578735352,0.7780957221984863,0.8023896813392639,0.8866498470306396,4.836311101913452,0.7469511032104492,0.8023896813392639
19,0.968851625919342,0.5,0.5,0.5,0.5,0.5,0.5,0.5,0.5,0.5,0.5,0.5,0.5,0.5,0.5,0.5,0.5,0.9986106157302856,0.5,0.9733333587646484,0.9527195692062378,0.8239113688468933,0.866287112236023,0.5,0.8668879270553589,0.8586481809616089,0.8728829622268677,0.8816328644752502,0.8798893690109253,0.5,0.8519411087036133,0.5,0.5,0.8225806355476379,0.5,0.8770522475242615,0.9197760820388794,0.8041270971298218,0.7895482778549194,0.7666260600090027,0.865242600440979,0.7898530960083008,0.8086914420127869,0.8513104915618896,0.8091911673545837,0.8890625238418579,4.8507773876190186,0.7702110409736633,0.8091911673545837
20,0.9377862215042114,0.5,0.5,0.5,0.5,0.5,0.5,0.5,0.5,0.5,0.5,0.523809552192688,0.5,0.5,0.5,0.5,0.5,0.9979606866836548,0.5,0.9508240222930908,0.9399895668029785,0.8470745086669922,0.8628439903259277,0.5,0.8769274950027466,0.8632218837738037,0.8731478452682495,0.8835816383361816,0.8661477565765381,0.5,0.9212962985038757,0.5,0.5,0.7894736528396606,0.5,0.9045019149780273,0.9302515983581543,0.8001549243927002,0.888123631477356,0.845136284828186,0.8552569150924683,0.7717522978782654,0.9133830070495605,0.762328028678894,0.8115808963775635,0.8935202360153198,4.974465370178223,0.7794057726860046,0.8115808963775635

21,0.9269858002662659,0.5,0.5,0.5,0.5,0.5,0.5333333611488342,0.5,0.5249999761581421,0.5,0.5,0.5,0.5,0.5,0.5,0.5,0.5,0.9977765083312988,0.5,0.9656476974487305,0.9551441073417664,0.8701198697090149,0.8775819540023804,0.5,0.8684747219085693,0.8624160289764404,0.8946022987365723,0.9016132354736328,0.8716602325439453,0.5,0.9269471168518066,0.5,0.5,0.7364718914031982,0.5,0.940603494644165,0.8738948106765747,0.7683480381965637,0.8424973487854004,0.8039153814315796,0.8967627882957458,0.7806323766708374,0.8954851627349854,0.8483929634094238,0.8108456134796143,0.8941176533699036,4.780094385147095,0.7655321359634399,0.8108456134796143
22,0.9200099110603333,0.5,0.5,0.5,0.5,0.5,0.5,0.5,0.5571428537368774,0.5,0.5,0.4999077022075653,0.5,0.5,0.5,0.5,0.5,0.9981491565704346,0.5,0.9516360759735107,0.9529997110366821,0.8611153960227966,0.8742350935935974,0.5,0.8725787997245789,0.8631519079208374,0.9019209742546082,0.8991574048995972,0.8790507316589355,0.5,0.8840452432632446,0.5,0.5,0.780600905418396,0.5,0.9269424676895142,0.9426670670509338,0.7467219829559326,0.9099767208099365,0.8034806251525879,0.8549898266792297,0.8475741147994995,0.8911349773406982,0.9148065447807312,0.8113970756530762,0.8925321698188782,4.811314582824707,0.7640509605407715,0.8113970756530762
23,0.9272913932800293,0.5,0.5,0.5,0.5,0.5,0.5,0.5,0.5357142686843872,0.5,0.5,0.5333333611488342,0.5,0.5,0.5,0.5,0.5,0.9986141920089722,0.5,0.9476844668388367,0.9372447729110718,0.8633567094802856,0.8751422166824341,0.5,0.8842935562133789,0.8706490993499756,0.8882877826690674,0.8954271078109741,0.876435399055481,0.5,0.9441811442375183,0.5,0.5,0.8717224597930908,0.5,0.9202945828437805,0.932654619216919,0.7894610166549683,0.8622865676879883,0.7560086250305176,0.8163219690322876,0.7711269855499268,0.8669289350509644,0.9329133033752441,0.8023896813392639,0.8883042335510254,5.022356033325195,0.7599526643753052,0.8023896813392639
24,0.8921311497688293,0.5,0.5,0.5,0.5,0.5,0.5,0.5,0.557692289352417,0.5,0.5,0.5454545617103577,0.5,0.5,0.5,0.5,0.5,0.9980584383010864,0.5,0.9692846536636353,0.9760982990264893,0.8794906139373779,0.884220540523529,0.5,0.8792119026184082,0.8614871501922607,0.902202844619751,0.8981516361236572,0.9068018198013306,0.5,0.9666497707366943,0.5,0.5,0.8477450609207153,0.5,0.9452728033065796,0.8925483226776123,0.8060204982757568,0.8712515830993652,0.8327585458755493,0.8746106028556824,0.8470462560653687,0.9044040441513062,0.9387614130973816,0.8007352948188782,0.8900735378265381,4.9863669872283936,0.7409505844116211,0.8007352948188782
25,0.8895038366317749,0.5,0.5,0.5,0.5,0.5,0.49990779161453247,0.5,0.5432936549186707,0.5,0.5,0.5433859825134277,0.4999076724052429,0.5,0.5,0.5,0.5,0.9982442855834961,0.5,0.9621982574462891,0.9494569301605225,0.8750327825546265,0.8845933675765991,0.5,0.8938558101654053,0.8656333088874817,0.8960018157958984,0.8898627758026123,0.9007172584533691,0.5,0.95088791847229,0.5,0.5,0.8777306079864502,0.5,0.9610581398010254,0.9507089853286743,0.8956815004348755,0.9132975339889526,0.8457143306732178,0.8973654508590698,0.8831784725189209,0.8897387981414795,0.9192646145820618,0.814338207244873,0.8968290090560913,4.914071321487427,0.7684809565544128,0.814338207244873
26,0.8883803486824036,0.5,0.5,0.5,0.5,0.5,0.5,0.5,0.5588235259056091,0.5,0.5,0.5235327482223511,0.5,0.5,0.5,0.5,0.529411792755127,0.997962236404419,0.5,0.9727191925048828,0.9586409330368042,0.8992792367935181,0.8753330707550049,0.5,0.8907028436660767,0.8876372575759888,0.8776731491088867,0.8998112678527832,0.9092341661453247,0.5,0.8948148488998413,0.5,0.5,0.8830724358558655,0.5,0.9346405267715454,0.9074772000312805,0.8430227041244507,0.9087611436843872,0.8113555908203125,0.7836024165153503,0.8697100281715393,0.8710228204727173,0.8917100429534912,0.8001838326454163,0.8877987265586853,4.914595365524292,0.7593391537666321,0.8001838326454163
27,0.8730697631835938,0.5,0.5,0.5208333134651184,0.5,0.5,0.5,0.5,0.525946855545044,0.5714285969734192,0.5,0.5454545617103577,0.529411792755127,0.5,0.5,0.5,0.5249999761581421,0.9974074363708496,0.5,0.971831202507019,0.9639265537261963,0.899894654750824,0.878692626953125,0.5,0.8954130411148071,0.8900114297866821,0.898483395576477,0.9145274758338928,0.9086347222328186,0.5,0.9551507234573364,0.5333333611488342,0.5263158082962036,0.9771485328674316,0.4999077022075653,0.9584013819694519,0.9471454620361328,0.884443998336792,0.9400444030761719,0.9006993770599365,0.9280598163604736,0.8594911098480225,0.8686933517456055,0.8936439752578735,0.809926450252533,0.8954503536224365,5.017523765563965,0.753912627696991,0.809926450252533
28,0.8610701560974121,0.5,0.5,0.52173912525177,0.5,0.5,0.5454545617103577,0.5,0.59375,0.5,0.5,0.5276855826377869,0.5208333134651184,0.5,0.5,0.5,0.5,0.9977794289588928,0.5,0.9751920700073242,0.9414307475090027,0.8965826034545898,0.8815422058105469,0.5,0.8983901739120483,0.8863350749015808,0.9174591302871704,0.9036904573440552,0.8936450481414795,0.5,0.949723482131958,0.5208333134651184,0.5,0.8961338996887207,0.5,0.9748702049255371,0.959479570388794,0.9508134126663208,0.9092597365379333,0.9029713273048401,0.9032244682312012,0.8797042369842529,0.9431015849113464,0.8730432987213135,0.8163602948188782,0.8963465094566345,4.836560249328613,0.7777962684631348,0.8163602948188782
29,0.8559887409210205,0.5,0.5,0.515625,0.5,0.5,0.550000011920929,0.5,0.6211196184158325,0.5,0.5,0.5398153066635132,0.5525393486022949,0.4999077320098877,0.5,0.5,0.5,0.9977773427963257,0.5,0.9784926176071167,0.9466173648834229,0.8952028155326843,0.8901811242103577,0.5,0.9114563465118408,0.8948465585708618,0.9218305945396423,0.9183945655822754,0.9027698636054993,0.5,0.9774590730667114,0.5476190447807312,0.53125,0.9647971391677856,0.5,0.9753514528274536,0.9173523187637329,0.9181869029998779,0.942096471786499,0.8870681524276733,0.8813287615776062,0.9154020547866821,0.9517995119094849,0.9182736873626709,0.8132352828979492,0.8957490921020508,4.894933223724365,0.7648946642875671,0.8132352828979492
30,0.8390284776687622,0.5,0.5,0.5651251077651978,0.5,0.5344827771186829,0.5249999761581421,0.5,0.6951906681060791,0.5,0.5,0.6246306896209717,0.4999077618122101,0.5,0.5,0.5,0.5,0.9973118305206299,0.5,0.9712668657302856,0.9729292392730713,0.8953466415405273,0.8907642364501953,0.5,0.8964367508888245,0.8945054411888123,0.9165177345275879,0.9141529202461243,0.9026641249656677,0.5,0.9763710498809814,0.5263158082962036,0.5227272510528564,0.9693858623504639,0.5,0.9640823602676392,0.957200288772583,0.8988689184188843,0.9406180381774902,0.8577967882156372,0.902550220489502,0.8660234212875366,0.9467408061027527,0.9290076494216919,0.8102940917015076,0.8988970518112183,4.883890628814697,0.7890085577964783,0.8102940917015076

31,0.8376679420471191,0.5,0.5,0.6362713575363159,0.54347825050354,0.550000011920929,0.5227272510528564,0.5,0.7082409858703613,0.5,0.5333333611488342,0.6172782778739929,0.5383691787719727,0.5,0.5208333134651184,0.5,0.5,0.9964801669120789,0.5,0.9681147336959839,0.9628987312316895,0.8981728553771973,0.8978944420814514,0.5,0.894866943359375,0.8947819471359253,0.9143263697624207,0.9149971008300781,0.8946967124938965,0.5,0.9629179239273071,0.5475267767906189,0.6052631735801697,0.9780588150024414,0.5,0.9657483100891113,0.9512975215911865,0.8589555621147156,0.9126408100128174,0.8779487013816833,0.9171807765960693,0.9033510088920593,0.9070032835006714,0.8776971697807312,0.8121323585510254,0.8943474292755127,7.105325937271118,0.7794697880744934,0.8121323585510254
32,0.8415225148200989,0.5,0.5,0.5625,0.4999077618122101,0.5652173757553101,0.5227272510528564,0.5,0.6782028675079346,0.5,0.5,0.6132672429084778,0.6458333134651184,0.54347825050354,0.5789473652839661,0.5,0.5263158082962036,0.997403085231781,0.5,0.9690979719161987,0.9667140245437622,0.8994116187095642,0.9007604122161865,0.5,0.9112673401832581,0.8867346048355103,0.9103673696517944,0.9250426292419434,0.8934566974639893,0.5,0.9678503274917603,0.5832411050796509,0.5249999761581421,0.9613360166549683,0.5,0.9499679803848267,0.9499255418777466,0.9226343631744385,0.927092432975769,0.9254189729690552,0.9228118658065796,0.8397857546806335,0.9543092250823975,0.9367775917053223,0.8108456134796143,0.8927849531173706,5.201000928878784,0.7903347611427307,0.8108456134796143
33,0.8224592208862305,0.5,0.5,0.5651251077651978,0.5263158082962036,0.5357142686843872,0.5952380895614624,0.5,0.6577102541923523,0.5,0.5,0.5906322002410889,0.5833333134651184,0.5,0.574999988079071,0.5,0.5384615659713745,0.9966654181480408,0.5,0.9631369113922119,0.9708431959152222,0.8999809622764587,0.9092974662780762,0.5,0.9078266620635986,0.8876597285270691,0.9072625637054443,0.9285308122634888,0.8971428871154785,0.5,0.9885057210922241,0.5625,0.5833333134651184,0.9413770437240601,0.49981552362442017,0.9707615971565247,0.9586130380630493,0.8832188844680786,0.9238384962081909,0.9117610454559326,0.8757281303405762,0.8975521326065063,0.9161359667778015,0.9303480386734009,0.8136029243469238,0.8928079009056091,5.194345474243164,0.7980684638023376,0.8136029243469238
34,0.8191916346549988,0.5,0.5,0.6296296119689941,0.5249999761581421,0.4999077618122101,0.5293195843696594,0.5,0.5949612855911255,0.4999077022075653,0.5,0.6425803303718567,0.5833333134651184,0.5475267767906189,0.5,0.5,0.5,0.9960259199142456,0.5,0.976534903049469,0.964540958404541,0.900726318359375,0.9259540438652039,0.5,0.9067603349685669,0.892020583152771,0.9167299270629883,0.926030695438385,0.898772120475769,0.53125,0.9867543578147888,0.6153846383094788,0.5769230723381042,0.9521411657333374,0.5,0.9748269319534302,0.9479371905326843,0.9019691944122314,0.9248586297035217,0.8787569999694824,0.9493443965911865,0.915829598903656,0.9507181644439697,0.9330733418464661,0.8117647171020508,0.8955193161964417,4.820764780044556,0.766466498374939,0.8117647171020508
35,0.7865853905677795,0.5,0.5,0.6387966871261597,0.5789473652839661,0.5499077439308167,0.6110188961029053,0.5,0.6195383071899414,0.5249999761581421,0.5,0.7493542432785034,0.5999078154563904,0.53125,0.5,0.5,0.5,0.9977765083312988,0.5,0.9643081426620483,0.9537312984466553,0.9065526723861694,0.9055195450782776,0.5,0.9141663312911987,0.8994278907775879,0.9177418947219849,0.9223236441612244,0.9109445810317993,0.5216468572616577,0.9634778499603271,0.5909091234207153,0.6109266877174377,0.9990747570991516,0.4997234642505646,0.9641314744949341,0.9477918148040771,0.8960199356079102,0.9471811652183533,0.9095573425292969,0.9481126070022583,0.8658193349838257,0.9516728520393372,0.9428591728210449,0.8211396932601929,0.8975642919540405,4.939759731292725,0.7984215617179871,0.8211396932601929
36,0.8149763941764832,0.5,0.5,0.5624078512191772,0.6666666865348816,0.53125,0.529411792755127,0.5,0.8153282999992371,0.5415743589401245,0.52173912525177,0.6662061214447021,0.5311578512191772,0.5357142686843872,0.5526315569877625,0.5,0.5,0.9963929057121277,0.5,0.9717086553573608,0.9510706663131714,0.911125898361206,0.9046893119812012,0.5,0.9083328247070312,0.9101443886756897,0.9208728671073914,0.9219076633453369,0.912999153137207,0.5652173757553101,0.9740885496139526,0.6666666865348816,0.6427649855613708,0.9688868522644043,0.4997231960296631,0.9401991367340088,0.9216852188110352,0.8838355541229248,0.9062788486480713,0.9193638563156128,0.951351523399353,0.8692414164543152,0.9640212059020996,0.9565373659133911,0.8060661554336548,0.8899126648902893,4.961306095123291,0.7626259326934814,0.8060661554336548
37,0.7903771996498108,0.523809552192688,0.5,0.6134517788887024,0.625,0.5,0.5999076962471008,0.5,0.5352535247802734,0.6590908765792847,0.53125,0.6517124176025391,0.4998157024383545,0.5625,0.5,0.5,0.5588235259056091,0.9971306920051575,0.5,0.9607306718826294,0.9616929888725281,0.9210028648376465,0.9071428775787354,0.5,0.9163505434989929,0.9111911058425903,0.9325426816940308,0.9278635382652283,0.9189959764480591,0.6479634046554565,0.9650413990020752,0.6578024625778198,0.533149003982544,0.9892377853393555,0.4998156428337097,0.9471616744995117,0.9494498372077942,0.9316818118095398,0.941114604473114,0.9219790101051331,0.9362530708312988,0.9590697884559631,0.949514627456665,0.9047619104385376,0.8119485378265381,0.896208643913269,4.899564027786255,0.7864802479743958,0.8119485378265381
38,0.7773289680480957,0.523809552192688,0.5,0.6783871650695801,0.5769230723381042,0.5,0.625,0.5,0.740556001663208,0.6190476417541504,0.5262235403060913,0.5989862084388733,0.5799999833106995,0.5249077677726746,0.5249999761581421,0.5,0.5185185074806213,0.9972237348556519,0.5,0.9654973745346069,0.9681880474090576,0.911214292049408,0.908402681350708,0.5,0.9198212027549744,0.9166983366012573,0.9168611168861389,0.9179813861846924,0.9161443710327148,0.7630656957626343,0.9735429883003235,0.7141014337539673,0.6739130616188049,0.9985188245773315,0.5,0.962203860282898,0.957217276096344,0.9183368682861328,0.9399980306625366,0.8849435448646545,0.9332281947135925,0.9467632174491882,0.9487569332122803,0.9329105615615845,0.8180146813392639,0.8990119695663452,4.898766994476318,0.7960614562034607,0.8180146813392639
39,0.7764491438865662,0.5,0.4999077618122101,0.7591668963432312,0.5357142686843872,0.5226349830627441,0.5332409143447876,0.5,0.7377261519432068,0.721945583820343,0.5625,0.7243542671203613,0.6665744185447693,0.5749077796936035,0.49990779161453247,0.5,0.5454545617103577,0.9974020719528198,0.5,0.97124183177948,0.9598886966705322,0.91649329662323,0.919731616973877,0.5,0.9157211780548096,0.9119377136230469,0.9142335653305054,0.9224110841751099,0.9155225157737732,0.6663901805877686,0.9593969583511353,0.5934734344482422,0.6578024625778198,0.9850008487701416,0.4998154938220978,0.9596571922302246,0.9591270089149475,0.9442425966262817,0.9073463678359985,0.9242331981658936,0.9439332485198975,0.929020881652832,0.9258639812469482,0.9759784936904907,0.8123161792755127,0.8969209790229797,4.90559196472168,0.8051967620849609,0.8123161792755127
40,0.7725249528884888,0.5,0.5,0.7746310234069824,0.6111111044883728,0.5625,0.5587313175201416,0.5,0.7348331212997437,0.625,0.5,0.6994464993476868,0.5714285969734192,0.5711521506309509,0.5,0.5,0.5263158082962036,0.9955489635467529,0.5,0.9601910710334778,0.9678947329521179,0.9236917495727539,0.9262978434562683,0.5,0.918796181678772,0.91004878282547,0.9194254279136658,0.9272658824920654,0.910248339176178,0.5663901567459106,0.9862759709358215,0.675000011920929,0.7140089273452759,0.9985171556472778,0.5330568552017212,0.9528185129165649,0.9653757810592651,0.9322296380996704,0.9767118096351624,0.9369419813156128,0.9521148204803467,0.9399253726005554,0.9554414749145508,0.9033397436141968,0.8095588088035583,0.896208643913269,4.959563732147217,0.7842376232147217,0.8095588088035583

41,0.7701729536056519,0.5,0.5,0.7722658514976501,0.6000000238418579,0.5311578512191772,0.5710600018501282,0.5,0.7689543962478638,0.7083333134651184,0.6428571343421936,0.7301227450370789,0.695652186870575,0.6315789222717285,0.5249999761581421,0.5,0.5,0.9953780770301819,0.5357142686843872,0.9659624695777893,0.9670900106430054,0.9211424589157104,0.9287068843841553,0.5,0.9313986301422119,0.9031898975372314,0.926741361618042,0.9349856376647949,0.9136613607406616,0.7237683534622192,0.9851878881454468,0.7776854038238525,0.7628811597824097,0.9985188245773315,0.520648717880249,0.9756112694740295,0.9645864963531494,0.9578667283058167,0.9281526803970337,0.9456444978713989,0.9079675674438477,0.9201885461807251,0.9356535077095032,0.9576806426048279,0.8104779124259949,0.8970817923545837,5.002131462097168,0.7665271759033203,0.8104779124259949
42,0.7713341116905212,0.5625,0.5,0.7606849670410156,0.6050786972045898,0.5952380895614624,0.800000011920929,0.5,0.6470588445663452,0.7221300005912781,0.5,0.7584302425384521,0.6363636255264282,0.5906322002410889,0.5625,0.53125,0.53125,0.9961045980453491,0.5,0.9693934917449951,0.9618409276008606,0.9173051118850708,0.9252523183822632,0.5,0.9234208464622498,0.8946514129638672,0.9141412377357483,0.9145989418029785,0.9084414839744568,0.839630663394928,0.976709246635437,0.8498154878616333,0.7774089574813843,0.9987037181854248,0.5,0.9583384990692139,0.9322613477706909,0.9476608037948608,0.9681481719017029,0.8931988477706909,0.932141900062561,0.9301325082778931,0.936461329460144,0.9444341063499451,0.8023896813392639,0.8931295871734619,4.918500661849976,0.7778727412223816,0.8023896813392639
43,0.7700303196907043,0.5277777910232544,0.52173912525177,0.7494460940361023,0.7185651063919067,0.6296296119689941,0.625,0.5,0.7026876211166382,0.6249077320098877,0.5625,0.8584368228912354,0.6249076128005981,0.6186785697937012,0.5588235259056091,0.568965494632721,0.6000000238418579,0.996202290058136,0.5,0.975261390209198,0.9802165031433105,0.9141192436218262,0.9219582080841064,0.5,0.9103395938873291,0.9062061309814453,0.9288913607597351,0.9313092827796936,0.9154313802719116,0.8633600473403931,0.9864864945411682,0.8210599422454834,0.7993530631065369,0.9978668093681335,0.545177698135376,0.9844709038734436,0.9497544765472412,0.9647878408432007,0.9307107925415039,0.952114462852478,0.9667721390724182,0.9651089310646057,0.9640753269195557,0.9605962038040161,0.8084558844566345,0.8948758840560913,4.948508977890015,0.8002191781997681,0.8084558844566345
44,0.7452031970024109,0.5749077796936035,0.49990779161453247,0.8325955867767334,0.7849761247634888,0.6000000238418579,0.5787628889083862,0.5,0.8466261625289917,0.6728922128677368,0.6000000238418579,0.8038034439086914,0.6663901805877686,0.6747232675552368,0.6152922511100769,0.5555555820465088,0.5357142686843872,0.9960192441940308,0.5,0.9523782730102539,0.9685491919517517,0.9151785373687744,0.9199657440185547,0.5,0.9058800935745239,0.9163284301757812,0.9267045259475708,0.9399242997169495,0.9172767400741577,0.7893814444541931,0.984244704246521,0.8040709495544434,0.842551589012146,0.9982433319091797,0.5311578512191772,0.968595027923584,0.9580335021018982,0.9583498239517212,0.9689093232154846,0.9204999208450317,0.9343020915985107,0.9297358393669128,0.9296754598617554,0.9564164876937866,0.8137867450714111,0.8980928063392639,4.940263271331787,0.7878718376159668,0.8137867450714111
45,0.7452349662780762,0.5,0.5,0.8258148431777954,0.6658371686935425,0.6132672429084778,0.6550799608230591,0.5,0.7718967199325562,0.7197229862213135,0.5,0.7602439522743225,0.6663901805877686,0.6398153305053711,0.7287973761558533,0.5586391687393188,0.5277777910232544,0.9968512654304504,0.5,0.974655270576477,0.9788483381271362,0.91275954246521,0.9217590093612671,0.5,0.9175904989242554,0.9191468954086304,0.9415215849876404,0.9431955814361572,0.9245517253875732,0.8682365417480469,0.9707369804382324,0.8207818269729614,0.7613511681556702,0.9983342885971069,0.5714285969734192,0.9672237038612366,0.9531524181365967,0.9317500591278076,0.9409910440444946,0.9601359367370605,0.9251519441604614,0.9426896572113037,0.962589681148529,0.9409661889076233,0.8121323585510254,0.900114893913269,4.9038379192352295,0.7855161428451538,0.8121323585510254
46,0.7303218841552734,0.517241358757019,0.5416666865348816,0.8589843511581421,0.8093392848968506,0.5951458215713501,0.7081490755081177,0.5,0.8325955867767334,0.8264613151550293,0.5357142686843872,0.7937011122703552,0.7498154640197754,0.6734515428543091,0.7499078512191772,0.5,0.5476190447807312,0.9953763484954834,0.5,0.9689075946807861,0.9786420464515686,0.9115778207778931,0.9228652715682983,0.5,0.9241302013397217,0.9227773547172546,0.9301707744598389,0.9327765703201294,0.9211554527282715,0.7184734344482422,0.9569922685623169,0.8241697549819946,0.8557588458061218,0.9968553781509399,0.5621306896209717,0.9592616558074951,0.9738258719444275,0.9679355621337891,0.951427698135376,0.9320915937423706,0.9462864398956299,0.9370614290237427,0.958147406578064,0.951314389705658,0.8163602948188782,0.9015165567398071,4.9185709953308105,0.7887142896652222,0.8163602948188782
47,0.7333584427833557,0.625,0.5,0.8735218048095703,0.8325955867767334,0.709492564201355,0.5999077558517456,0.5,0.8020932674407959,0.7619588375091553,0.7141014337539673,0.8728781938552856,0.6736361384391785,0.7806968688964844,0.7195383310317993,0.49990779161453247,0.5789473652839661,0.9959304332733154,0.5,0.9694540500640869,0.9691665172576904,0.9233536720275879,0.9265209436416626,0.5,0.918723464012146,0.9176434874534607,0.935312032699585,0.9383420944213867,0.9229162931442261,0.946815013885498,0.9767532348632812,0.841275155544281,0.8488007187843323,0.997406005859375,0.5874977111816406,0.9608973264694214,0.9486223459243774,0.9483736157417297,0.9351119995117188,0.9304748773574829,0.958260178565979,0.954891562461853,0.9602289199829102,0.9709161520004272,0.8193014860153198,0.900390625,4.946837902069092,0.7991452217102051,0.8193014860153198
48,0.723413348197937,0.6469666361808777,0.5588235259056091,0.8944485187530518,0.7366576194763184,0.6782028675079346,0.6999078392982483,0.52173912525177,0.8105641603469849,0.782778799533844,0.7271804213523865,0.7235239744186401,0.7816857099533081,0.7498154640197754,0.8887044191360474,0.4999077618122101,0.699999988079071,0.9964853525161743,0.5,0.9684963226318359,0.9655419588088989,0.921080470085144,0.9247239828109741,0.5,0.9227020740509033,0.9223383665084839,0.927554190158844,0.9384426474571228,0.9251301884651184,0.9196306467056274,0.9732704162597656,0.943336009979248,0.9493542313575745,0.9981487989425659,0.6357176303863525,0.976162314414978,0.9523676633834839,0.9481742978096008,0.9550738334655762,0.9307146072387695,0.9597610235214233,0.9561645984649658,0.9648608565330505,0.9510904550552368,0.8176470398902893,0.902780294418335,5.003099679946899,0.7910221219062805,0.8176470398902893
49,0.7157776355743408,0.6855292916297913,0.52173912525177,0.9140845537185669,0.9515505433082581,0.736380934715271,0.6498154997825623,0.5499075651168823,0.8244255185127258,0.8776916265487671,0.7855299711227417,0.8387865424156189,0.7637839317321777,0.7075024843215942,0.6948214769363403,0.5249999761581421,0.5,0.996764063835144,0.5454545617103577,0.975405216217041,0.9741959571838379,0.9224163889884949,0.9230842590332031,0.5,0.9265627861022949,0.9222792983055115,0.9308958649635315,0.939893364906311,0.9270882606506348,0.9345057010650635,0.9698219895362854,0.9152834415435791,0.873613178730011,0.9972191452980042,0.5275933146476746,0.9812953472137451,0.951135516166687,0.9628064632415771,0.9617955684661865,0.9561885595321655,0.9462481737136841,0.9549015760421753,0.948698878288269,0.9462481737136841,0.8244485259056091,0.902458667755127,4.9134438037872314,0.8039237260818481,0.8244485259056091

50,0.715567946434021,0.6747232675552368,0.5,0.8987084627151489,0.8691959977149963,0.6476863026618958,0.7499076724052429,0.6135440468788147,0.8164284229278564,0.9074331521987915,0.7100651264190674,0.8727859854698181,0.6573413610458374,0.7141011953353882,0.7351097464561462,0.5555555820465088,0.6000000238418579,0.9974074363708496,0.5,0.9630011320114136,0.9630879163742065,0.9291951656341553,0.9217473864555359,0.5,0.9295706748962402,0.9212706089019775,0.9261175394058228,0.9429874420166016,0.9299733638763428,0.9763498306274414,0.9909393787384033,0.8982488512992859,0.9680988788604736,0.9969489574432373,0.5449008345603943,0.98037189245224,0.9651597738265991,0.9277389645576477,0.9728977084159851,0.9448586702346802,0.9465091824531555,0.9786760807037354,0.9568812847137451,0.9631774425506592,0.809926450252533,0.8971277475357056,5.056563854217529,0.7893983125686646,0.809926450252533

51,0.7153221368789673,0.6387966871261597,0.5208333134651184,0.9038392305374146,0.8398939371109009,0.7170220613479614,0.6873153448104858,0.5869565010070801,0.8847947716712952,0.8794459700584412,0.6332411766052246,0.8667038679122925,0.7948085069656372,0.7603157758712769,0.7108919620513916,0.6086033582687378,0.5833333134651184,0.9973227381706238,0.5,0.9602972269058228,0.9578107595443726,0.9259923100471497,0.9221643209457397,0.5,0.9311575889587402,0.9252274036407471,0.9342193603515625,0.9413105249404907,0.9252808094024658,0.9198535680770874,0.9767916202545166,0.9123146533966064,0.936025083065033,0.997681736946106,0.689008355140686,0.973088800907135,0.9615978002548218,0.9481509923934937,0.9431635737419128,0.932255208492279,0.9689066410064697,0.9604724645614624,0.9604831337928772,0.9650344848632812,0.8158088326454163,0.9010109901428223,4.974403142929077,0.7996212244033813,0.8158088326454163
52,0.698160707950592,0.6384278535842896,0.5,0.8794760704040527,0.9121204614639282,0.8038862943649292,0.7041763067245483,0.5587313175201416,0.8321358561515808,0.749263346195221,0.7390381097793579,0.8302885293960571,0.8072305917739868,0.8450456261634827,0.8155127763748169,0.5998154878616333,0.6315789222717285,0.9976877570152283,0.6666666865348816,0.9703322649002075,0.9777343273162842,0.9323529005050659,0.921987771987915,0.5,0.9271786212921143,0.9229305386543274,0.937168300151825,0.9317448139190674,0.9270675182342529,0.9731308221817017,0.975679874420166,0.9328442811965942,0.9405310750007629,0.9965766072273254,0.7031611800193787,0.9589217901229858,0.966437816619873,0.9421255588531494,0.9473377466201782,0.9410575032234192,0.9636926651000977,0.9678261280059814,0.9636334180831909,0.9668651819229126,0.8248161673545837,0.9045956134796143,5.004542350769043,0.7886698246002197,0.8248161673545837
53,0.6982371211051941,0.5882353186607361,0.5892857313156128,0.9120281338691711,0.8852561712265015,0.7772235870361328,0.8324111700057983,0.533149003982544,0.7804203629493713,0.777501106262207,0.6747232675552368,0.9075220823287964,0.832780659198761,0.8627135157585144,0.7626967430114746,0.625,0.5925002098083496,0.9966654181480408,0.599815845489502,0.9707437753677368,0.9716407060623169,0.9288891553878784,0.9278115630149841,0.5,0.9285171031951904,0.9209866523742676,0.9404603242874146,0.9329279661178589,0.9347412586212158,0.9988927841186523,0.9756983518600464,0.880601167678833,0.9238007068634033,0.996202290058136,0.7340955138206482,0.9720117449760437,0.9672844409942627,0.9116058349609375,0.9746612310409546,0.9311186075210571,0.9538701772689819,0.9678769707679749,0.9711681604385376,0.954308271408081,0.8277573585510254,0.900827169418335,4.9748523235321045,0.8258357048034668,0.8277573585510254
54,0.6949254870414734,0.6951906681060791,0.590724527835846,0.8864872455596924,0.8873212337493896,0.8437187671661377,0.7496312856674194,0.6333333253860474,0.8318578600883484,0.7324116826057434,0.8259946703910828,0.909905195236206,0.7891047596931458,0.7906533479690552,0.774262011051178,0.6071428656578064,0.6800000071525574,0.9970391988754272,0.550000011920929,0.9516363143920898,0.9775658845901489,0.9280418157577515,0.9246212244033813,0.5,0.9172258377075195,0.9201792478561401,0.9371755123138428,0.9377261400222778,0.9299427270889282,0.9723007082939148,0.9824707508087158,0.9098285436630249,0.9233394861221313,0.995736837387085,0.6719686985015869,0.978443443775177,0.9536882638931274,0.9655524492263794,0.9573110342025757,0.9554775953292847,0.9549891948699951,0.9572811126708984,0.9740995168685913,0.9723408222198486,0.8161764740943909,0.9038373231887817,4.997829437255859,0.7902292609214783,0.8161764740943909
55,0.6961942315101624,0.7495388984680176,0.6176470518112183,0.9711016416549683,0.8735239505767822,0.8737084865570068,0.7743542194366455,0.5249999761581421,0.7933800220489502,0.8118537664413452,0.7887358069419861,0.8656539916992188,0.8491697311401367,0.7138243913650513,0.8998156785964966,0.5960614681243896,0.5833333134651184,0.9967628717422485,0.5714285969734192,0.9665769338607788,0.9710183143615723,0.9355860948562622,0.9329906702041626,0.5,0.9282269477844238,0.9220082759857178,0.938734769821167,0.9388821125030518,0.9243545532226562,0.9985237121582031,0.9692480564117432,0.9193001985549927,0.9440264701843262,0.9975032806396484,0.6570646166801453,0.9725927114486694,0.9617738723754883,0.9374332427978516,0.9566022157669067,0.9594413042068481,0.9543458819389343,0.950689435005188,0.9644759893417358,0.9571146368980408,0.8095588088035583,0.896920919418335,4.807959079742432,0.7879323363304138,0.8095588088035583
56,0.6649194359779358,0.7332411408424377,0.6922155618667603,0.8911063075065613,0.8111172914505005,0.8603733777999878,0.8566815257072449,0.5749077796936035,0.8073238134384155,0.8582655191421509,0.8701856136322021,0.8417220115661621,0.6782028675079346,0.8629903793334961,0.7220377922058105,0.5998156666755676,0.6932710409164429,0.9968541860580444,0.5,0.971994161605835,0.9705166816711426,0.9352099299430847,0.93304842710495,0.5,0.9329349398612976,0.9218181371688843,0.9317373037338257,0.9407757520675659,0.9325970411300659,0.915561318397522,0.9847080707550049,0.9984337687492371,0.9067884683609009,0.9975930452346802,0.7939870357513428,0.9665682911872864,0.9649646282196045,0.955450177192688,0.9647536277770996,0.953472912311554,0.9656644463539124,0.9648827314376831,0.9644759893417358,0.9704406261444092,0.8222426176071167,0.901723325252533,5.051087856292725,0.8037579655647278,0.8222426176071167
57,0.6917966604232788,0.7137314081192017,0.6248154640197754,0.9507201313972473,0.8226073980331421,0.7488002777099609,0.791020393371582,0.5665745139122009,0.8149593472480774,0.949428379535675,0.9222457408905029,0.7909828424453735,0.7933800220489502,0.82398521900177,0.8528741598129272,0.6477786302566528,0.6293525099754333,0.9968576431274414,0.625,0.9774590134620667,0.9694069623947144,0.9252567291259766,0.9307912588119507,0.5,0.9345306158065796,0.9216994047164917,0.9435697793960571,0.9329818487167358,0.9303122758865356,0.9536244869232178,0.9841461181640625,0.9051437973976135,0.8599122762680054,0.9956408739089966,0.8025017976760864,0.9811939001083374,0.9536263346672058,0.9595017433166504,0.9620143175125122,0.9520827531814575,0.9546216726303101,0.9701992869377136,0.9551685452461243,0.9501335620880127,0.8216911554336548,0.9001837968826294,5.01455020904541,0.8014147877693176,0.8216911554336548
58,0.684471070766449,0.7056979537010193,0.59375,0.8944264650344849,0.9038392305374146,0.831861138343811,0.8113937973976135,0.5651251077651978,0.8387995958328247,0.9519615173339844,0.8878744840621948,0.7873523235321045,0.8836019039154053,0.8323178291320801,0.8674064874649048,0.7375416159629822,0.7994464635848999,0.9970331788063049,0.6362715363502502,0.9754664301872253,0.9741218090057373,0.9329450130462646,0.935814619064331,0.5000951290130615,0.9373219013214111,0.922966480255127,0.9362891912460327,0.9436646699905396,0.9314024448394775,0.9758213758468628,0.980348527431488,0.998985230922699,0.7903770208358765,0.9966691732406616,0.6981549859046936,0.9737831354141235,0.9566919803619385,0.9605600237846375,0.9646314382553101,0.9543753862380981,0.9648423194885254,0.9690117239952087,0.9458696842193604,0.9687093496322632,0.814338207244873,0.8997242450714111,5.280964374542236,0.7802449464797974,0.814338207244873
59,0.6825905442237854,0.8330562114715576,0.6303424835205078,0.9650998115539551,0.8043566942214966,0.666482150554657,0.8152360916137695,0.6200000047683716,0.9194846153259277,0.9460771083831787,0.9682890772819519,0.9451547861099243,0.8179049491882324,0.9054203629493713,0.8564978241920471,0.7586126327514648,0.821058988571167,0.9975004196166992,0.625,0.9746246337890625,0.9612272381782532,0.9290076494216919,0.9315890073776245,0.5,0.9350748062133789,0.9162282943725586,0.9313215017318726,0.9425041675567627,0.9293467998504639,0.9713000059127808,0.97129225730896,0.8728798031806946,0.9026455879211426,0.996564507484436,0.7685253620147705,0.9720712304115295,0.9524543285369873,0.9641134738922119,0.9703861474990845,0.9566571712493896,0.9449925422668457,0.9502894878387451,0.9303393363952637,0.9565662145614624,0.8112132549285889,0.8978860378265381,4.9678122997283936,0.8058827519416809,0.8112132549285889
60,0.6698070168495178,0.8740774989128113,0.6070504784584045,0.9605613350868225,0.8597278594970703,0.8231606483459473,0.8325952291488647,0.5908167958259583,0.8680883646011353,0.8977880477905273,0.7995392084121704,0.8826806545257568,0.8677754402160645,0.8522036075592041,0.7991704940795898,0.6385200023651123,0.8475492000579834,0.9965696334838867,0.625,0.9742509126663208,0.9797082543373108,0.9370138645172119,0.9317618012428284,0.5,0.9368482828140259,0.9260208606719971,0.9348577260971069,0.9413187503814697,0.9241963028907776,0.9796340465545654,0.9853487014770508,0.9718395471572876,0.8985253572463989,0.9944331049919128,0.8233394622802734,0.9702191352844238,0.9744850397109985,0.9485130310058594,0.9529416561126709,0.9322566390037537,0.9553360939025879,0.9627699255943298,0.9554216861724854,0.9696716666221619,0.8279411792755127,0.9019761085510254,5.005692005157471,0.8166667819023132,0.8279411792755127

61,0.6739566326141357,0.8496309518814087,0.6817258596420288,0.9147300720214844,0.8849793672561646,0.792364239692688,0.8325024843215942,0.6782950162887573,0.8791069984436035,0.8215932250022888,0.8457844257354736,0.8312123417854309,0.7716198563575745,0.8407217264175415,0.7638760805130005,0.7387611865997314,0.8264613151550293,0.9953720569610596,0.75,0.9553505182266235,0.9692823886871338,0.9324761629104614,0.9308074116706848,0.5001900792121887,0.9371863603591919,0.9230816960334778,0.9400732517242432,0.9386627078056335,0.9370967149734497,0.9975115060806274,0.983521580696106,0.9545834064483643,0.8981567025184631,0.995648980140686,0.7834998369216919,0.9730309844017029,0.9747306108474731,0.9539493918418884,0.9552628993988037,0.9375049471855164,0.9521389007568359,0.9671444892883301,0.9457249045372009,0.9733805060386658,0.820036768913269,0.900666356086731,4.893202543258667,0.8027660250663757,0.820036768913269
62,0.6668082475662231,0.788090169429779,0.721945583820343,0.8972324728965759,0.9150067567825317,0.8519269824028015,0.8326878547668457,0.6536619067192078,0.8924310207366943,0.8569711446762085,0.9062989950180054,0.923247218132019,0.8637222647666931,0.8085088729858398,0.8152360916137695,0.8416441082954407,0.8245387077331543,0.9954637885093689,0.6362715363502502,0.9679738283157349,0.968655526638031,0.9347372055053711,0.9299848079681396,0.500095009803772,0.9309794902801514,0.9237431287765503,0.9351451396942139,0.9379929900169373,0.9335671663284302,0.9978798031806946,0.9857565760612488,0.9975124597549438,0.9478782415390015,0.9961910247802734,0.8111152052879333,0.9608776569366455,0.9622499942779541,0.9641225337982178,0.9715719223022461,0.9376882314682007,0.9656871557235718,0.9647834897041321,0.9524859189987183,0.9447624683380127,0.8139705657958984,0.9006433486938477,4.8711628913879395,0.7898579239845276,0.8139705657958984
63,0.6626536846160889,0.8695390224456787,0.8677754402160645,0.8820357322692871,0.7980645298957825,0.7748154997825623,0.8661136627197266,0.5714285969734192,0.845703125,0.9975110292434692,0.9574101567268372,0.8243331909179688,0.8910093903541565,0.8555743098258972,0.8738007545471191,0.8840625882148743,0.7588897943496704,0.9964821338653564,0.7777777910232544,0.9682531356811523,0.9691736698150635,0.9268589019775391,0.936323881149292,0.5000953674316406,0.9337647557258606,0.9319347143173218,0.9386459589004517,0.9421665668487549,0.927526593208313,0.9752424359321594,0.9823518395423889,0.9742528200149536,0.9575992822647095,0.9954713582992554,0.8680610656738281,0.970457136631012,0.9572227001190186,0.9557933211326599,0.9499887228012085,0.9605328440666199,0.9586949348449707,0.9595105648040771,0.9495061635971069,0.9674902558326721,0.8211396932601929,0.9017692804336548,4.907086372375488,0.8079485893249512,0.8211396932601929
64,0.6535586714744568,0.8940912485122681,0.7857142686843872,0.9648233652114868,0.8665763735771179,0.8939989805221558,0.7995392084121704,0.7690465450286865,0.9966734647750854,0.9685335159301758,0.8555763363838196,0.9131585359573364,0.9348227381706238,0.8851639032363892,0.7343721389770508,0.8742625713348389,0.874169111251831,0.9960207343101501,0.6249079704284668,0.973192572593689,0.9620648622512817,0.9338042736053467,0.9364882707595825,0.5,0.9356735944747925,0.9341232180595398,0.9378228187561035,0.9442094564437866,0.9325893521308899,0.9756585359573364,0.9798110723495483,0.9970463514328003,0.9969562888145447,0.9951851963996887,0.8235948085784912,0.9738813042640686,0.9688719511032104,0.950799822807312,0.9630925059318542,0.96870356798172,0.9620100259780884,0.9679999947547913,0.9460790157318115,0.9682097434997559,0.8097426295280457,0.9006433486938477,4.956571340560913,0.783862292766571,0.8097426295280457
65,0.6454452872276306,0.9333057403564453,0.6999077796936035,0.9509969353675842,0.9982475638389587,0.7679409384727478,0.8952794075012207,0.6084187626838684,0.9693634510040283,0.9541218876838684,0.9062989950180054,0.9490593075752258,0.8864912986755371,0.9570452570915222,0.8228840231895447,0.7265344262123108,0.7770400643348694,0.9956521987915039,0.749815821647644,0.9744212031364441,0.9739154577255249,0.9301947951316833,0.9357292652130127,0.5,0.9361422061920166,0.9337955713272095,0.9388148784637451,0.9427808523178101,0.936164140701294,0.9977867603302002,0.9844789505004883,0.9962170124053955,0.9336283206939697,0.9959244132041931,0.9229705333709717,0.9705551266670227,0.9721344709396362,0.936637818813324,0.966610848903656,0.9640644788742065,0.955100953578949,0.9589287042617798,0.9709323644638062,0.9599783420562744,0.824999988079071,0.9028722047805786,4.964423656463623,0.7942878603935242,0.824999988079071
66,0.647212564945221,0.8916592001914978,0.7497231364250183,0.944878101348877,0.8418141603469849,0.7627890110015869,0.7703717350959778,0.7249077558517456,0.9047535061836243,0.9098129272460938,0.9396090507507324,0.9202661514282227,0.9192079305648804,0.9316743612289429,0.8738007545471191,0.7600388526916504,0.8475492000579834,0.9957423210144043,0.6111111044883728,0.9779274463653564,0.9645355939865112,0.9351289868354797,0.9391840696334839,0.5000951886177063,0.9462223052978516,0.9301753044128418,0.9405169486999512,0.944280743598938,0.9325276017189026,0.9955719709396362,0.9573675394058228,0.946494460105896,0.969916820526123,0.9955456256866455,0.8228782415390015,0.9728037118911743,0.961309552192688,0.9378390908241272,0.9606257677078247,0.9671735763549805,0.9558908939361572,0.9583361148834229,0.9545162916183472,0.9704351425170898,0.8145220875740051,0.900275707244873,4.9786036014556885,0.7882136702537537,0.8145220875740051
67,0.6339419484138489,0.9101973176002502,0.7361964583396912,0.9561225771903992,0.9330288171768188,0.8402631282806396,0.851834774017334,0.699723482131958,0.9413090944290161,0.9669002294540405,0.845703125,0.9449261426925659,0.9481549263000488,0.9554714560508728,0.8621598482131958,0.7997232675552368,0.8432890772819519,0.9957320690155029,0.75,0.9514496326446533,0.9697896242141724,0.9381783604621887,0.9397109150886536,0.5,0.9372785091400146,0.9349230527877808,0.9459791779518127,0.9464962482452393,0.9318873882293701,0.9788169264793396,0.9846608638763428,0.9725919961929321,0.9964951276779175,0.995280385017395,0.8480627536773682,0.9618101119995117,0.9695110321044922,0.9606689214706421,0.9708124399185181,0.9609009027481079,0.9555189609527588,0.9622824192047119,0.9348676204681396,0.9517669677734375,0.8227941393852234,0.9025505781173706,4.918217658996582,0.8133285641670227,0.8227941393852234
68,0.6409734487533569,0.6870397329330444,0.6662063598632812,0.954952597618103,0.9509969353675842,0.6777421236038208,0.8742619752883911,0.7305845022201538,0.9135347604751587,0.9761379361152649,0.9563946723937988,0.970746636390686,0.8796791434288025,0.9350073933601379,0.9032856225967407,0.8629903793334961,0.8156049847602844,0.9965822696685791,0.549907922744751,0.9663835167884827,0.9673186540603638,0.9322376251220703,0.9339981079101562,0.5,0.9376660585403442,0.9292929172515869,0.9475252032279968,0.9353717565536499,0.9249004125595093,0.9948301315307617,0.9882385730743408,0.9958494901657104,0.9708249568939209,0.9943487048149109,0.932227373123169,0.974490761756897,0.9590578079223633,0.9541528820991516,0.9604082107543945,0.9667965173721313,0.9537484645843506,0.9620715379714966,0.9565662145614624,0.9689590930938721,0.8170955777168274,0.8996553421020508,5.0331010818481445,0.7910163998603821,0.8170955777168274
69,0.6514618992805481,0.7945317029953003,0.7662969827651978,0.9521509408950806,0.9537526965141296,0.7699101567268372,0.9178762435913086,0.6921234130859375,0.9034845232963562,0.9777082800865173,0.9045907258987427,0.928725004196167,0.9395370483398438,0.9179166555404663,0.9229705333709717,0.856404721736908,0.8908427953720093,0.9954646825790405,0.8124079704284668,0.9759552478790283,0.9673084616661072,0.9267724752426147,0.9398560523986816,0.5,0.9395406246185303,0.9292659759521484,0.9440702199935913,0.9363366365432739,0.9266520738601685,0.9932557344436646,0.9831418991088867,0.9605076313018799,0.9960302710533142,0.9943424463272095,0.8807855844497681,0.9715219736099243,0.9660040736198425,0.9655396938323975,0.9701132774353027,0.9654467701911926,0.9418891668319702,0.9598894119262695,0.9598970413208008,0.9442479610443115,0.8147059082984924,0.9016314148902893,4.904186010360718,0.7844829559326172,0.8147059082984924
70,0.648267924785614,0.8651920557022095,0.7912061214447021,0.9786180257797241,0.9708249568939209,0.8876900672912598,0.9076143503189087,0.7496306896209717,0.861790657043457,0.9956698417663574,0.9197613596916199,0.9405648708343506,0.9309370517730713,0.9452470541000366,0.9493361115455627,0.8875978589057922,0.8398939371109009,0.9966703653335571,0.7498157620429993,0.9703286290168762,0.9740138053894043,0.9324066638946533,0.9397945404052734,0.5,0.9386998414993286,0.92479008436203,0.9384250640869141,0.9379922151565552,0.9292193651199341,0.9933555126190186,0.9824870228767395,0.9964951276779175,0.9605076313018799,0.9943612813949585,0.8549284338951111,0.9717967510223389,0.9511160254478455,0.9548355340957642,0.9556361436843872,0.9597469568252563,0.9415056705474854,0.9618890881538391,0.9492021799087524,0.9646314382553101,0.8134191036224365,0.9021599292755127,4.838742017745972,0.7819146513938904,0.8134191036224365

71,0.6247472763061523,0.8560370802879333,0.7626044750213623,0.9976001381874084,0.9969483613967896,0.8488007187843323,0.8610525131225586,0.7139166593551636,0.8443186283111572,0.9399064779281616,0.9101051092147827,0.9443726539611816,0.963901698589325,0.9498897194862366,0.9375993013381958,0.80667644739151,0.8740781545639038,0.9961089491844177,0.7221301794052124,0.9727170467376709,0.9751865863800049,0.9308109283447266,0.9304194450378418,0.5,0.9342135190963745,0.9268571138381958,0.9479681253433228,0.9441494345664978,0.928267240524292,0.9941989183425903,0.9855529069900513,0.9697323441505432,0.9490593075752258,0.9955580234527588,0.9422312378883362,0.975229024887085,0.9603794813156128,0.966753363609314,0.9724387526512146,0.9677720069885254,0.9544188380241394,0.9685295224189758,0.9509647488594055,0.9674539566040039,0.8211396932601929,0.9044806957244873,4.936398983001709,0.7916788458824158,0.8211396932601929
72,0.6250317096710205,0.8785226345062256,0.7491709589958191,0.9377824068069458,0.9420188665390015,0.9037469625473022,0.9984334707260132,0.7852529287338257,0.9964022040367126,0.8441339731216431,0.9044063091278076,0.9078000783920288,0.9350110292434692,0.9481549263000488,0.9976032376289368,0.7931034564971924,0.8747232556343079,0.995928943157196,0.7270885109901428,0.9665289521217346,0.9741363525390625,0.9372609853744507,0.9341108798980713,0.5,0.9325997829437256,0.9308480024337769,0.943766713142395,0.9527462124824524,0.9293757677078247,0.9940015077590942,0.9827905297279358,0.9492852687835693,0.9947388172149658,0.9948129057884216,0.9027320146560669,0.9699627161026001,0.966982901096344,0.949599027633667,0.9701783657073975,0.9629836082458496,0.9575588703155518,0.9545688629150391,0.9620966911315918,0.9679844379425049,0.823161780834198,0.9028952121734619,5.021808385848999,0.7927678227424622,0.823161780834198
73,0.63126140832901,0.8323200941085815,0.7804203629493713,0.9965022206306458,0.9714944362640381,0.8817997574806213,0.8875056505203247,0.6662061214447021,0.934176504611969,0.9696259498596191,0.967275083065033,0.951407790184021,0.9397934675216675,0.9645468592643738,0.9484317302703857,0.8488007187843323,0.9071303009986877,0.9959213733673096,0.7727272510528564,0.9670653343200684,0.9736056327819824,0.9314693212509155,0.9272730946540833,0.5,0.9323092699050903,0.9312108755111694,0.9318482875823975,0.9494104385375977,0.935357928276062,0.9949252605438232,0.9838799238204956,0.9744583964347839,0.9963995218276978,0.9942677617073059,0.9103667140007019,0.9575849175453186,0.9617208242416382,0.950900673866272,0.9676519632339478,0.9454151391983032,0.9628767967224121,0.9552816152572632,0.9611021280288696,0.9674902558326721,0.8147059082984924,0.9028263092041016,4.997846364974976,0.8046579360961914,0.8147059082984924
74,0.6199538111686707,0.8037016987800598,0.8120384216308594,0.9702856540679932,0.9730275869369507,0.8489871025085449,0.8871368169784546,0.7993536591529846,0.8952952027320862,0.9637573957443237,0.7987108826637268,0.936766505241394,0.8660229444503784,0.9389636516571045,0.9452470541000366,0.8990775346755981,0.8658372163772583,0.995280385017395,0.7855302095413208,0.9699051380157471,0.9733982682228088,0.9296592473983765,0.9355630874633789,0.5,0.9377261400222778,0.9378090500831604,0.9379372596740723,0.9457865953445435,0.9305873513221741,0.994934618473053,0.9856640696525574,0.9959469437599182,0.9963140487670898,0.9942613840103149,0.9356563091278076,0.9666314125061035,0.9719903469085693,0.9620345830917358,0.971184253692627,0.9584658145904541,0.953050434589386,0.9583554267883301,0.9342658519744873,0.9606689214706421,0.8152573704719543,0.9034237265586853,4.967489719390869,0.7748033404350281,0.8152573704719543
75,0.6120633482933044,0.9103816747665405,0.949446439743042,0.9962177276611328,0.9952090978622437,0.7938857078552246,0.9045907258987427,0.9162977933883667,0.8995978832244873,0.9931709170341492,0.8562213778495789,0.9746460914611816,0.8543784022331238,0.9501665234565735,0.9475091695785522,0.7485256195068359,0.7993548512458801,0.9968553781509399,0.8843389749526978,0.9695296883583069,0.9707257747650146,0.939497709274292,0.9414671659469604,0.5,0.9297276735305786,0.9288429021835327,0.936616063117981,0.9444544315338135,0.9292973875999451,0.9956673979759216,0.9674636125564575,0.9947503805160522,0.9315915703773499,0.9948177337646484,0.9211421608924866,0.968744158744812,0.9594327807426453,0.9554251432418823,0.9467124342918396,0.9544030427932739,0.9438159465789795,0.9678199291229248,0.9671933054924011,0.949958324432373,0.8215073347091675,0.9103860259056091,5.093991279602051,0.7867010235786438,0.8215073347091675
76,0.6105043292045593,0.8738930225372314,0.7581508159637451,0.9964028596878052,0.9648783206939697,0.8737998604774475,0.9990786910057068,0.7054213285446167,0.9663470387458801,0.9938145875930786,0.9308030605316162,0.9942888617515564,0.8941715955734253,0.9427845478057861,0.9141768217086792,0.8393402099609375,0.955506443977356,0.9963024854660034,0.9372238516807556,0.967831015586853,0.9693572521209717,0.9317786693572998,0.9418516159057617,0.5,0.9330161809921265,0.9335177540779114,0.9376541972160339,0.9480925798416138,0.9340157508850098,0.9955719709396362,0.983320951461792,0.9432178735733032,0.9559428095817566,0.994351863861084,0.9320135116577148,0.9616435170173645,0.9719434976577759,0.9565163850784302,0.9683662056922913,0.9656871557235718,0.9648829698562622,0.9677808284759521,0.9603044390678406,0.9686456322669983,0.8261029124259949,0.9056985378265381,4.992495775222778,0.8112329840660095,0.8261029124259949
77,0.6079323291778564,0.9423234462738037,0.9119358062744141,0.9492438435554504,0.9726014733314514,0.9070606231689453,0.7983425855636597,0.873985230922699,0.9951070547103882,0.9943633079528809,0.8809699416160583,0.8805615901947021,0.8864912986755371,0.9321058392524719,0.9378572702407837,0.9583379626274109,0.8118547201156616,0.9961154460906982,0.944352388381958,0.9715781211853027,0.9738903045654297,0.935486912727356,0.9454235434532166,0.5,0.9359217882156372,0.9235143661499023,0.933417797088623,0.9463074207305908,0.9371421337127686,0.9935448169708252,0.9805411100387573,0.9728430509567261,0.9939114451408386,0.9949981570243835,0.8662996292114258,0.9705333709716797,0.9685002565383911,0.9668523669242859,0.9584873914718628,0.9639012813568115,0.9536760449409485,0.9674865007400513,0.9573785066604614,0.9612549543380737,0.8185662031173706,0.9032398462295532,4.898076772689819,0.7951902151107788,0.8185662031173706
78,0.6135521531105042,0.9402544498443604,0.8820394277572632,0.9805771112442017,0.9968646168708801,0.9400911927223206,0.9080736637115479,0.8327800035476685,0.9181939363479614,0.9603613615036011,0.9328442811965942,0.9731842279434204,0.9733301401138306,0.9958410263061523,0.9960346817970276,0.877739429473877,0.9281101226806641,0.9965727925300598,0.928295373916626,0.9715750217437744,0.9750560522079468,0.9396994113922119,0.9467034339904785,0.5000952482223511,0.9387816190719604,0.9302560091018677,0.9427191019058228,0.9427493810653687,0.9338025450706482,0.9937281012535095,0.9704629778862,0.9957627058029175,0.993723452091217,0.9942646026611328,0.8451493382453918,0.960929274559021,0.969220757484436,0.9698348045349121,0.9565867185592651,0.9577487111091614,0.9584075212478638,0.9652609825134277,0.9559835195541382,0.9680297374725342,0.8240808844566345,0.9043428301811218,4.996139764785767,0.8092373013496399,0.8240808844566345
79,0.6128966808319092,0.9488929510116577,0.9988925457000732,0.9718538522720337,0.8866757154464722,0.8780609369277954,0.904037594795227,0.8226996660232544,0.8718634843826294,0.9579749703407288,0.9378762245178223,0.8960405588150024,0.9983394742012024,0.9975110292434692,0.9316743612289429,0.9716550707817078,0.920038104057312,0.9972242712974548,0.9997241497039795,0.9753684997558594,0.9667600393295288,0.9382140040397644,0.9390734434127808,0.5000952482223511,0.9393101930618286,0.9349971413612366,0.9437661170959473,0.9473984241485596,0.9319055080413818,0.9932706356048584,0.9818484783172607,0.94643634557724,0.9929863214492798,0.9950934648513794,0.9224169850349426,0.9731625318527222,0.9665427207946777,0.9536210894584656,0.9634486436843872,0.9656453132629395,0.949174702167511,0.9558823108673096,0.9645047187805176,0.9687151908874512,0.8158088326454163,0.8980239033699036,4.917180776596069,0.7993611693382263,0.8158088326454163
80,0.6129035949707031,0.9688364267349243,0.952515184879303,0.9938157796859741,0.9969579577445984,0.7835921049118042,0.8874133825302124,0.9991707801818848,0.9509536027908325,0.9953004121780396,0.958153247833252,0.9160295724868774,0.9603766202926636,0.9665314555168152,0.9038532376289368,0.9477859735488892,0.8742609024047852,0.9971312284469604,0.7221301794052124,0.9677515029907227,0.9736448526382446,0.9306229948997498,0.9376670122146606,0.5,0.9372739791870117,0.9345090389251709,0.9417089223861694,0.9486569166183472,0.940373420715332,0.9638576507568359,0.983527660369873,0.9932706356048584,0.9678044319152832,0.993329644203186,0.9705482721328735,0.9614686965942383,0.9670073986053467,0.9573501348495483,0.9417154788970947,0.965879499912262,0.9551365375518799,0.9672298431396484,0.9635484218597412,0.9606398344039917,0.8189338445663452,0.9047334790229797,5.058061838150024,0.8010669946670532,0.8189338445663452

81,0.6115081906318665,0.8423672914505005,0.891567051410675,0.9948387145996094,0.9267284870147705,0.9662610292434692,0.9631799459457397,0.8939067125320435,0.9588665962219238,0.9722229242324829,0.8925232291221619,0.9191152453422546,0.9428489208221436,0.9714705944061279,0.9773222208023071,0.9597879648208618,0.8227918148040771,0.9951940774917603,1.0,0.9699473977088928,0.9617564678192139,0.9344141483306885,0.9339316487312317,0.5,0.9400759935379028,0.9331433773040771,0.9433414340019226,0.9516927003860474,0.9387778639793396,0.9934489727020264,0.9708166122436523,0.9929837584495544,0.9939114451408386,0.9942613840103149,0.961023211479187,0.9630531668663025,0.95947265625,0.9612084627151489,0.9515634775161743,0.9505271911621094,0.9472429752349854,0.9491257667541504,0.9643919467926025,0.9580128192901611,0.8137867450714111,0.9016543626785278,4.899167776107788,0.7725211977958679,0.8137867450714111
82,0.5959760546684265,0.9267261028289795,0.8988929986953735,0.9705719351768494,0.9352843761444092,0.9975137710571289,0.9193001985549927,0.8922120928764343,0.9591373205184937,0.9518746137619019,0.9632071256637573,0.863625168800354,0.9251619577407837,0.9080767035484314,0.9727765321731567,0.939885675907135,0.8326878547668457,0.9959297180175781,0.8330572843551636,0.970527708530426,0.9713084101676941,0.938281774520874,0.9354099035263062,0.5,0.9433567523956299,0.9343961477279663,0.9445024728775024,0.9505798816680908,0.9361458420753479,0.9930785894393921,0.9814814925193787,0.973196268081665,0.9105870723724365,0.9939748048782349,0.9971428513526917,0.9678906202316284,0.9695336818695068,0.9608025550842285,0.9613953828811646,0.9598064422607422,0.9482554197311401,0.9514611959457397,0.9563477039337158,0.9666543006896973,0.8193014860153198,0.9046875238418579,4.93164587020874,0.790048360824585,0.8193014860153198
83,0.6074011921882629,0.9565792679786682,0.8726015090942383,0.9702715873718262,0.9690868258476257,0.8453339338302612,0.9039454460144043,0.9462616443634033,0.9956625699996948,0.996307909488678,0.9688102006912231,0.9669924378395081,0.8964945077896118,0.9755662083625793,0.971946120262146,0.8898274898529053,0.9199458360671997,0.9967538118362427,0.8567747473716736,0.9709280729293823,0.9719059467315674,0.9385952353477478,0.9333405494689941,0.5,0.9414137601852417,0.930038571357727,0.9509890079498291,0.9444160461425781,0.9399833679199219,0.9634616374969482,0.9793719053268433,0.9920649528503418,0.9956681728363037,0.9937882423400879,0.972232460975647,0.9744621515274048,0.9670931100845337,0.9516955018043518,0.9591552019119263,0.9503034353256226,0.9537776112556458,0.9545679092407227,0.9575576782226562,0.9561384320259094,0.8119485378265381,0.9013786911964417,5.147068977355957,0.7957726120948792,0.8119485378265381
84,0.587629497051239,0.9607750177383423,0.9296956062316895,0.9941892623901367,0.9691647291183472,0.9978790283203125,0.9074298143386841,0.9157444834709167,0.8952029943466187,0.9717615842819214,0.9964931607246399,0.9477675557136536,0.9199444055557251,0.8849235773086548,0.9719557166099548,0.9979715943336487,0.8525972366333008,0.995452880859375,0.9998159408569336,0.9724512696266174,0.9670970439910889,0.9352907538414001,0.9362980127334595,0.5000950694084167,0.9441282749176025,0.9321550726890564,0.9428272247314453,0.94243985414505,0.94112628698349,0.9911553263664246,0.98066246509552,0.9918879270553589,0.994556188583374,0.9911061525344849,0.9568605422973633,0.9677174687385559,0.9744850397109985,0.9674155116081238,0.9644915461540222,0.958480715751648,0.9448063969612122,0.9689648747444153,0.9621661901473999,0.9671187400817871,0.8246323466300964,0.9046415090560913,4.950107097625732,0.8053699731826782,0.8246323466300964
85,0.5932872295379639,0.995753288269043,0.8548391461372375,0.9752280712127686,0.9709409475326538,0.8779075145721436,0.9483394622802734,0.7849770784378052,0.9741814136505127,0.9343675374984741,0.96506267786026,0.923865795135498,0.9693492650985718,0.8956682085990906,0.9970523118972778,0.9535681009292603,0.9154665470123291,0.995732843875885,0.777317464351654,0.9723571538925171,0.956841230392456,0.9382975101470947,0.9423625469207764,0.5000947117805481,0.9360477924346924,0.9300493597984314,0.9412213563919067,0.9430367946624756,0.9379770755767822,0.9928966760635376,0.9800074100494385,0.9938169121742249,0.9952038526535034,0.991760790348053,0.9965885877609253,0.9662569761276245,0.9633363485336304,0.9661347270011902,0.9644584655761719,0.9515640735626221,0.9354089498519897,0.9689936637878418,0.9675770998001099,0.9604105949401855,0.8204044103622437,0.9036075472831726,4.785864353179932,0.8025705218315125,0.8204044103622437
86,0.5842834711074829,0.9342736005783081,0.9426923394203186,0.9711818695068359,0.9525527954101562,0.977137565612793,0.9751501679420471,0.9041160345077515,0.953266978263855,0.953266978263855,0.9746887683868408,0.9461254477500916,0.9486902356147766,0.9513155221939087,0.9672690629959106,0.9730627536773682,0.9383379220962524,0.9945268630981445,0.9994475841522217,0.9644998908042908,0.9710443019866943,0.9432355761528015,0.9335655570030212,0.5,0.9419430494308472,0.9373689293861389,0.945083498954773,0.9475630521774292,0.9363584518432617,0.9909493923187256,0.9829787015914917,0.9935448169708252,0.9936405420303345,0.9915740489959717,0.976860523223877,0.9722585678100586,0.9653760194778442,0.9672558307647705,0.9545534253120422,0.9627531170845032,0.9394503831863403,0.9655429124832153,0.967915415763855,0.9670196771621704,0.8314338326454163,0.9042509198188782,4.9237987995147705,0.8280214667320251,0.8314338326454163
87,0.5979723930358887,0.9642330408096313,0.9313056468963623,0.9952020645141602,0.9698339700698853,0.8913241624832153,0.9794320464134216,0.7986162900924683,0.9737380743026733,0.9956601858139038,0.9954788684844971,0.9522402882575989,0.9956634044647217,0.9088143110275269,0.9666298031806946,0.9973261952400208,0.7840555906295776,0.9950880408287048,0.9997240304946899,0.9689138531684875,0.9647401571273804,0.9310095310211182,0.9398703575134277,0.5001903176307678,0.9437476396560669,0.9306451082229614,0.9453862905502319,0.9494959115982056,0.9400759935379028,0.9685499668121338,0.9702468514442444,0.9660288095474243,0.9714305400848389,0.9912004470825195,0.9971407651901245,0.9659569263458252,0.9631833434104919,0.9360119104385376,0.954771876335144,0.9541568756103516,0.9563964605331421,0.9545890688896179,0.966158390045166,0.9661772847175598,0.8139705657958984,0.9031939506530762,4.958057880401611,0.7975761294364929,0.8139705657958984
88,0.5935733914375305,0.8432977795600891,0.8231332898139954,0.9934477806091309,0.9742751121520996,0.9535681009292603,0.9488720297813416,0.8671298027038574,0.9739044904708862,0.9443726539611816,0.9967688322067261,0.9653981924057007,0.96506267786026,0.9952056407928467,0.9613293409347534,0.9972314834594727,0.9206757545471191,0.9943487048149109,0.9997239112854004,0.9731443524360657,0.9762572050094604,0.9419490098953247,0.9386298656463623,0.5002855062484741,0.9377706050872803,0.9399697780609131,0.9478480815887451,0.940557062625885,0.9438105821609497,0.9892909526824951,0.9550503492355347,0.9915097951889038,0.9932644367218018,0.9920355677604675,0.9954738616943359,0.9667165279388428,0.9678107500076294,0.9656580686569214,0.9652416706085205,0.9636093378067017,0.959014892578125,0.9627629518508911,0.9604902863502502,0.9657419919967651,0.8154411911964417,0.9049402475357056,4.823468923568726,0.7909721732139587,0.8154411911964417
89,0.5834386348724365,0.9500742554664612,0.9479705095291138,0.9942804574966431,0.9693726897239685,0.9661830067634583,0.9684268832206726,0.915561318397522,0.9691882133483887,0.9963153600692749,0.8862277269363403,0.9942846298217773,0.9964068531990051,0.9762124419212341,0.9662548303604126,0.9447858333587646,0.8231549263000488,0.9939770102500916,0.8886127471923828,0.964216411113739,0.97124183177948,0.9388384222984314,0.9326562881469727,0.5001903176307678,0.9404287338256836,0.9391031861305237,0.948981523513794,0.9518060684204102,0.9392498731613159,0.9854055047035217,0.9783293008804321,0.9907578229904175,0.9918744564056396,0.9896993637084961,0.9685335159301758,0.9650093913078308,0.965507984161377,0.9695983529090881,0.9649480581283569,0.9541929960250854,0.9584962129592896,0.9627323150634766,0.9684827327728271,0.9641335010528564,0.8189338445663452,0.9057904481887817,4.936570644378662,0.7904448509216309,0.8189338445663452
90,0.5737612247467041,0.9964951276779175,0.9785526990890503,0.9678734540939331,0.9732582569122314,0.9316838979721069,0.9955654144287109,0.9464460611343384,0.993820309638977,0.9672690629959106,0.9621505737304688,0.9384503364562988,0.9403868913650513,0.960313081741333,0.9963995218276978,0.9094597101211548,0.9685598611831665,0.994351863861084,0.9498158693313599,0.9713726043701172,0.9672552347183228,0.9410101771354675,0.9383196830749512,0.5001910924911499,0.9482102394104004,0.9308969974517822,0.943101167678833,0.9429314136505127,0.9412602186203003,0.9848456978797913,0.9804918766021729,0.9916113615036011,0.9662132859230042,0.9893558025360107,0.96506267786026,0.965046763420105,0.9663380980491638,0.9568852782249451,0.9561418294906616,0.9554922580718994,0.9589614868164062,0.9465748071670532,0.9535062313079834,0.9613265991210938,0.8207720518112183,0.9049402475357056,4.93669581413269,0.8063730597496033,0.8207720518112183

91,0.584548830986023,0.8842703700065613,0.9443247318267822,0.9435424208641052,0.9943654537200928,0.9568397402763367,0.994744598865509,0.8316715955734253,0.9954847097396851,0.9960266351699829,0.972868800163269,0.9737198352813721,0.9688364267349243,0.9932619333267212,0.9744764566421509,0.944118857383728,0.935099720954895,0.994534969329834,0.9373159408569336,0.9750140309333801,0.9632119536399841,0.9430984258651733,0.9356132745742798,0.5,0.9371461868286133,0.9304231405258179,0.9462078809738159,0.9490257501602173,0.9395092129707336,0.9828413724899292,0.9827746152877808,0.9901291131973267,0.9926213026046753,0.9902087450027466,0.9958494901657104,0.9674075841903687,0.9648568630218506,0.9612301588058472,0.9571037292480469,0.9651551842689514,0.9526286125183105,0.9570842981338501,0.9600260853767395,0.9646445512771606,0.8273897171020508,0.9062040448188782,4.832890748977661,0.7983989119529724,0.8273897171020508
92,0.5751888751983643,0.9962190985679626,0.9720479249954224,0.9952064752578735,0.9934501647949219,0.9541789889335632,0.9949177503585815,0.9756115674972534,0.9117791652679443,0.9944649338722229,0.9646939635276794,0.994276225566864,0.9290496110916138,0.9542751312255859,0.9716693162918091,0.9702856540679932,0.9150067567825317,0.9936040043830872,0.9090908765792847,0.9723312854766846,0.9608360528945923,0.9389617443084717,0.9407745003700256,0.5000951886177063,0.940728485584259,0.9327834844589233,0.9438948631286621,0.9536316990852356,0.9381581544876099,0.9809787273406982,0.9830492734909058,0.990581750869751,0.9913347959518433,0.9922351837158203,0.9971412420272827,0.9688435792922974,0.968047559261322,0.9633692502975464,0.9635348916053772,0.9570798873901367,0.9615671038627625,0.9518487453460693,0.9611101150512695,0.965985119342804,0.829963207244873,0.9059972763061523,5.059082508087158,0.8073397874832153,0.829963207244873
93,0.5704063773155212,0.9297388792037964,0.946494460105896,0.9953908920288086,0.9937350153923035,0.9950156807899475,0.9678879976272583,0.8450483083724976,0.9776031970977783,0.9717355966567993,0.974568784236908,0.9619284868240356,0.9657016396522522,0.9686113595962524,0.9952002763748169,0.9754918217658997,0.968467652797699,0.9942646026611328,0.928295373916626,0.9693458080291748,0.9669104814529419,0.9414398670196533,0.9394946694374084,0.5000953674316406,0.939773678779602,0.9340053796768188,0.9523088932037354,0.9454188346862793,0.9375356435775757,0.9809823036193848,0.9822320938110352,0.9890180826187134,0.9921499490737915,0.9901072382926941,0.99631267786026,0.9673264026641846,0.9641857743263245,0.9627323150634766,0.9617887735366821,0.9612590670585632,0.9490673542022705,0.9643652439117432,0.9633965492248535,0.9565819501876831,0.8198529481887817,0.9060661792755127,4.849537134170532,0.8082863092422485,0.8198529481887817
94,0.5786086916923523,0.921771228313446,0.9971407651901245,0.9950156807899475,0.9762163758277893,0.9115947484970093,0.9700871109962463,0.8875056505203247,0.9680811762809753,0.9654903411865234,0.9336283206939697,0.9195572137832642,0.9677035808563232,0.9356445074081421,0.9713382124900818,0.9341814517974854,0.9582456350326538,0.9939848184585571,0.9997236728668213,0.9694540500640869,0.9672255516052246,0.9323248863220215,0.9429415464401245,0.5001898407936096,0.9443811774253845,0.9445184469223022,0.949761688709259,0.9501421451568604,0.9313982129096985,0.9836004972457886,0.9821494817733765,0.9902921915054321,0.9918804168701172,0.9922323226928711,0.9964028596878052,0.9675337076187134,0.9630042314529419,0.9653539061546326,0.9612317085266113,0.9495663046836853,0.9567075371742249,0.964065670967102,0.9634237289428711,0.9498987197875977,0.8222426176071167,0.9021139740943909,4.849303245544434,0.7963228225708008,0.8222426176071167
95,0.5628923177719116,0.9694414734840393,0.9261724948883057,0.9747384786605835,0.9725381135940552,0.9964068531990051,0.994450569152832,0.9987103939056396,0.9673200845718384,0.9712079763412476,0.9610521793365479,0.994009256362915,0.9486902356147766,0.9614132046699524,0.9762903451919556,0.9971407651901245,0.9972350597381592,0.9944331049919128,0.9998158812522888,0.9630542993545532,0.9711915254592896,0.9403791427612305,0.9343326687812805,0.5,0.9392963647842407,0.9379756450653076,0.9497822523117065,0.9511014223098755,0.940858006477356,0.9876452088356018,0.948792040348053,0.9890342950820923,0.9907715320587158,0.9926062822341919,0.9970463514328003,0.9697139263153076,0.9630284905433655,0.9633444547653198,0.9626671671867371,0.9581940174102783,0.9573657512664795,0.9538172483444214,0.966107964515686,0.9643518924713135,0.8264706134796143,0.9078124761581421,4.924239635467529,0.808527946472168,0.8264706134796143
96,0.5567340850830078,0.9718538522720337,0.9957548975944519,0.9927135109901428,0.993820309638977,0.9481366276741028,0.9637721180915833,0.8991705179214478,0.9236048460006714,0.9696394205093384,0.9947329759597778,0.9510759115219116,0.9948396682739258,0.9597882032394409,0.9919800758361816,0.9219557046890259,0.9982472658157349,0.9947104454040527,0.899631679058075,0.9729225039482117,0.9691473245620728,0.9390182495117188,0.9357537031173706,0.5006660223007202,0.9427595138549805,0.936947762966156,0.9438834190368652,0.9493775367736816,0.9289087057113647,0.9863468408584595,0.9819344282150269,0.9904077053070068,0.9629082679748535,0.9934234619140625,0.9961197376251221,0.9672085046768188,0.9654819369316101,0.9676158428192139,0.9649220705032349,0.9633035659790039,0.9598032236099243,0.959301233291626,0.9619747400283813,0.9706594944000244,0.8297793865203857,0.9076976180076599,4.974694728851318,0.823234498500824,0.8297793865203857
97,0.5784536004066467,0.9665314555168152,0.9561219215393066,0.9946523904800415,0.9941914081573486,0.9242404699325562,0.9732582569122314,0.935930609703064,0.993635892868042,0.9946454763412476,0.9949299097061157,0.9701007604598999,0.9954822063446045,0.9940015077590942,0.9690036773681641,0.9967712163925171,0.9711016416549683,0.9947202801704407,0.9999079704284668,0.9689006209373474,0.9643852710723877,0.941703200340271,0.9315332174301147,0.5,0.9325127005577087,0.9371553659439087,0.9387385845184326,0.9507884979248047,0.9400681257247925,0.986538827419281,0.9830681085586548,0.9892969131469727,0.9902268052101135,0.9911143779754639,0.9730275869369507,0.9632041454315186,0.9643455743789673,0.9597584009170532,0.954993486404419,0.9618675708770752,0.9582558870315552,0.953194260597229,0.9646971225738525,0.9562067985534668,0.8141543865203857,0.8997242450714111,4.962366819381714,0.7976096272468567,0.8141543865203857
98,0.5610087513923645,0.9969540238380432,0.9339048862457275,0.9708127975463867,0.9933567047119141,0.9721306562423706,0.996129035949707,0.9625349044799805,0.963212251663208,0.9732605218887329,0.995758056640625,0.9547207355499268,0.9333517551422119,0.9941838979721069,0.9612288475036621,0.9964925050735474,0.9704700708389282,0.9938820600509644,0.9440761804580688,0.9764441847801208,0.965442955493927,0.935275137424469,0.9437915086746216,0.5,0.9342978000640869,0.9355635643005371,0.943193793296814,0.9500536918640137,0.9352376461029053,0.9867208003997803,0.9810675978660583,0.9900369048118591,0.9911455512046814,0.9922207593917847,0.9707564115524292,0.9519947171211243,0.9570822715759277,0.9529332518577576,0.9535681009292603,0.9572728872299194,0.9482146501541138,0.9507543444633484,0.9631041288375854,0.9589758515357971,0.8198529481887817,0.9052389860153198,4.884734153747559,0.8036912083625793,0.8198529481887817
99,0.5696136355400085,0.9625191688537598,0.9964061975479126,0.993823766708374,0.9939970374107361,0.9950175285339355,0.9795775413513184,0.9046828746795654,0.9938191771507263,0.9910549521446228,0.9691647291183472,0.9415576457977295,0.9952899813652039,0.9930812120437622,0.9646017551422119,0.9713099598884583,0.942415714263916,0.9941644668579102,0.9996316432952881,0.9736548066139221,0.9659303426742554,0.9336510896682739,0.9366440773010254,0.5,0.9349756836891174,0.9328716993331909,0.9453830718994141,0.947098970413208,0.9399276375770569,0.9883699417114258,0.9837067127227783,0.9900350570678711,0.9902069568634033,0.9892512559890747,0.9953857660293579,0.9623082876205444,0.9685757160186768,0.9687210321426392,0.9553332328796387,0.9620100259780884,0.9593238830566406,0.9623326063156128,0.9556142091751099,0.9525267481803894,0.815625011920929,0.903860330581665,5.010389804840088,0.8026812672615051,0.815625011920929
100,0.5598072409629822,0.9951133728027344,0.9714705944061279,0.9358289241790771,0.9933555126190186,0.96270352602005,0.9936299920082092,0.8487108945846558,0.994837760925293,0.9928992986679077,0.9954813718795776,0.9939148426055908,0.9675967693328857,0.9657016396522522,0.9957572221755981,0.9967706203460693,0.9983394742012024,0.9940751791000366,0.9995394945144653,0.9762126803398132,0.972076952457428,0.9377024173736572,0.9451230764389038,0.5002853870391846,0.9422377943992615,0.9334280490875244,0.9462487697601318,0.9475730061531067,0.9327523708343506,0.9844989776611328,0.9855608940124512,0.9905051589012146,0.9899557828903198,0.9900926351547241,0.9964068531990051,0.9664109349250793,0.9616244435310364,0.953211784362793,0.9514057636260986,0.9426153302192688,0.9445271492004395,0.9594569206237793,0.9619686603546143,0.9539811611175537,0.8187500238418579,0.9028033018112183,5.04084849357605,0.7965646386146545,0.8187500238418579

101,0.5616181492805481,0.9689803123474121,0.9604350328445435,0.9612288475036621,0.9934501647949219,0.9746429920196533,0.9924270510673523,0.972116231918335,0.9710425734519958,0.9924256801605225,0.994741678237915,0.967689037322998,0.9655172824859619,0.9696394205093384,0.9944690465927124,0.946955680847168,0.9964964389801025,0.9944403171539307,0.9997235536575317,0.967864990234375,0.9585145711898804,0.9376665353775024,0.9325018525123596,0.5002854466438293,0.9430140256881714,0.9331052899360657,0.949289083480835,0.9482383728027344,0.9355621337890625,0.9846750497817993,0.9838888645172119,0.9916897416114807,0.990952730178833,0.9920458793640137,0.9951125383377075,0.958186149597168,0.9621099233627319,0.9547145962715149,0.9606730937957764,0.9509494304656982,0.9538361430168152,0.9603455066680908,0.9616744518280029,0.963866651058197,0.8238970637321472,0.9021139740943909,4.957285404205322,0.8226343393325806,0.8238970637321472
102,0.5642296671867371,0.9955751895904541,0.9359210729598999,0.964871883392334,0.9926213026046753,0.8613210916519165,0.9183579683303833,0.923524022102356,0.9698898792266846,0.9714131355285645,0.9702029228210449,0.9917851090431213,0.9955654144287109,0.9935400485992432,0.9627957344055176,0.9964041709899902,0.9972319602966309,0.9936099052429199,0.9997239708900452,0.9684890508651733,0.9661254286766052,0.9386380910873413,0.9355520009994507,0.5000951886177063,0.9370046854019165,0.9389036893844604,0.9389688968658447,0.9524848461151123,0.9383397102355957,0.9822021722793579,0.9835184812545776,0.9879106283187866,0.9663283824920654,0.9902849793434143,0.9962106943130493,0.9702804088592529,0.955700159072876,0.9617598056793213,0.9599591493606567,0.9491701126098633,0.9582560062408447,0.9585815668106079,0.9589676856994629,0.9614453315734863,0.8134191036224365,0.9066635966300964,5.017828941345215,0.7890979647636414,0.8134191036224365
103,0.5682571530342102,0.9961276054382324,0.9729353189468384,0.9673200845718384,0.9935483932495117,0.9952917098999023,0.9702852964401245,0.9978805780410767,0.9706920981407166,0.9922537803649902,0.9940927028656006,0.920820951461792,0.9935495853424072,0.97365802526474,0.9761515855789185,0.9954771995544434,0.8885352611541748,0.9937025308609009,0.9701272249221802,0.9685499668121338,0.9615418910980225,0.9420125484466553,0.9440958499908447,0.5001896619796753,0.9388527870178223,0.9337170124053955,0.9466007947921753,0.9441840052604675,0.9337843060493469,0.9823041558265686,0.9783573746681213,0.9887412190437317,0.9903172254562378,0.9906464219093323,0.9940059185028076,0.9653271436691284,0.9552373290061951,0.9529047012329102,0.9623115658760071,0.9622606039047241,0.9583333730697632,0.9524503350257874,0.9614956378936768,0.9576758742332458,0.8198529481887817,0.9031939506530762,4.921845197677612,0.8110557794570923,0.8198529481887817
104,0.5615060925483704,0.9959387183189392,0.9663470387458801,0.9685190916061401,0.974276602268219,0.936105489730835,0.9923446178436279,0.9483394622802734,0.9682554006576538,0.9617370367050171,0.9946514368057251,0.9933664798736572,0.9727507829666138,0.9921499490737915,0.9449261426925659,0.9953908920288086,0.9972355365753174,0.9932382106781006,0.9991706609725952,0.972076952457428,0.956612229347229,0.9401687383651733,0.9389645457267761,0.5001895427703857,0.9423844814300537,0.9285974502563477,0.9514627456665039,0.9509972333908081,0.9357641935348511,0.9854270219802856,0.9840415716171265,0.9893911480903625,0.9899446368217468,0.9910135269165039,0.995852530002594,0.9624067544937134,0.9659281373023987,0.9583256244659424,0.960766077041626,0.9618738293647766,0.9572967290878296,0.9591628313064575,0.9627976417541504,0.9657444953918457,0.8165441155433655,0.902780294418335,5.049131155014038,0.803122341632843,0.8165441155433655
105,0.5502315759658813,0.9359210729598999,0.9953874349594116,0.9732582569122314,0.9685424566268921,0.9501157999038696,0.9959447383880615,0.9425078630447388,0.9908638000488281,0.9924409985542297,0.993635892868042,0.9684501886367798,0.9661358594894409,0.9917926788330078,0.9938180446624756,0.9698103666305542,0.9775992631912231,0.9938877820968628,0.9995396137237549,0.9693858623504639,0.9672284722328186,0.9316971302032471,0.9408951997756958,0.5,0.944105863571167,0.9324452877044678,0.9486936330795288,0.9513441920280457,0.9455511569976807,0.9559920430183411,0.9821560382843018,0.9638152122497559,0.990027666091919,0.9908350706100464,0.9945501685142517,0.9565186500549316,0.9631696343421936,0.9599851369857788,0.9630591869354248,0.9634941220283508,0.9596579074859619,0.9598811268806458,0.9630903601646423,0.9632899761199951,0.8238970637321472,0.9063878655433655,5.0083348751068115,0.8169134259223938,0.8238970637321472
106,0.5606594085693359,0.995292603969574,0.9956650137901306,0.9928979873657227,0.9925180077552795,0.9663203358650208,0.9939948320388794,0.9645468592643738,0.9614604711532593,0.9457376599311829,0.9729353189468384,0.9918789267539978,0.9671586751937866,0.9673432111740112,0.96970534324646,0.9960324764251709,0.9753072261810303,0.9948215484619141,0.9996318221092224,0.9719007015228271,0.9679139256477356,0.9406570196151733,0.938626766204834,0.5000949501991272,0.9408367872238159,0.9326464533805847,0.9407778382301331,0.9494020938873291,0.9419206380844116,0.9843231439590454,0.9807478785514832,0.9892890453338623,0.9887557625770569,0.9899111390113831,0.9696494340896606,0.9627557992935181,0.9660528302192688,0.9606970548629761,0.9603278040885925,0.9493803977966309,0.9568419456481934,0.9610377550125122,0.9596953988075256,0.9571949243545532,0.8202205896377563,0.9058364033699036,4.91276741027832,0.8044965863227844,0.8202205896377563
107,0.5432357788085938,0.9937199950218201,0.972381591796875,0.9932582378387451,0.9912377595901489,0.936105489730835,0.9924396276473999,0.9351032376289368,0.9638576507568359,0.9920678734779358,0.9510759115219116,0.9916974306106567,0.9494144916534424,0.9914988279342651,0.9941849708557129,0.9780638217926025,0.9958510398864746,0.9946266412734985,0.9994480609893799,0.9714312553405762,0.9666293859481812,0.9403722286224365,0.9432617425918579,0.5,0.9501045346260071,0.935692548751831,0.9443872570991516,0.9485064744949341,0.9378933906555176,0.9847617149353027,0.9815877079963684,0.9562519192695618,0.9910615682601929,0.989345908164978,0.9958540201187134,0.9637179374694824,0.9666048288345337,0.9628767967224121,0.95941162109375,0.9498045444488525,0.9583642482757568,0.9650816917419434,0.9663943648338318,0.9631627798080444,0.824999988079071,0.9089384078979492,5.069355487823486,0.8069379925727844,0.824999988079071
108,0.5536133050918579,0.9942804574966431,0.9952908754348755,0.9915160536766052,0.9716888070106506,0.9438191652297974,0.9944700598716736,0.9264520406723022,0.9672509431838989,0.9937292337417603,0.9940937757492065,0.9923516511917114,0.9628503322601318,0.9449995160102844,0.9938215017318726,0.9955678582191467,0.973145604133606,0.9944444298744202,0.9542691707611084,0.9661998152732849,0.9583394527435303,0.9439675807952881,0.9438619613647461,0.500190019607544,0.9469726085662842,0.9315629005432129,0.9448045492172241,0.9469337463378906,0.9418888092041016,0.9832258224487305,0.9846381545066833,0.9894795417785645,0.9907783269882202,0.9913809299468994,0.9954838752746582,0.9634511470794678,0.9674358367919922,0.9507632255554199,0.958069920539856,0.9594017267227173,0.95058274269104,0.950996458530426,0.9640668630599976,0.9598064422607422,0.8198529481887817,0.904457688331604,4.978998422622681,0.8184013366699219,0.8198529481887817
109,0.5590176582336426,0.9732582569122314,0.9594018459320068,0.9705075025558472,0.9914143085479736,0.9563122987747192,0.9953004121780396,0.8932610750198364,0.9909610748291016,0.9913203716278076,0.9483623504638672,0.9904752969741821,0.9925332069396973,0.9919608235359192,0.9611909985542297,0.9687269330024719,0.9640486836433411,0.9941580295562744,0.9993551969528198,0.9556357264518738,0.9670904874801636,0.9422124624252319,0.9325190782546997,0.500095009803772,0.9382280707359314,0.9291270971298218,0.9523583650588989,0.9502606391906738,0.9397487044334412,0.9812799692153931,0.9829503297805786,0.988460123538971,0.9911389946937561,0.9899073839187622,0.9956666231155396,0.9635717868804932,0.9616029858589172,0.94871985912323,0.9487988352775574,0.9489157199859619,0.95274418592453,0.9589934349060059,0.9616672992706299,0.9634169340133667,0.8211396932601929,0.9048713445663452,4.9095072746276855,0.8211318850517273,0.8211396932601929
110,0.5492138862609863,0.9925249218940735,0.9952951669692993,0.9916020631790161,0.9913315773010254,0.9925317764282227,0.9770486354827881,0.9082198143005371,0.9924396276473999,0.9921630024909973,0.9936299920082092,0.9894853234291077,0.9937281012535095,0.9908739328384399,0.993635892868042,0.9655172824859619,0.9491515755653381,0.9934234619140625,0.9996318817138672,0.9643657207489014,0.966330885887146,0.9397597312927246,0.9339264631271362,0.5001909732818604,0.9392380714416504,0.9364277124404907,0.9454771280288696,0.952728271484375,0.9373488426208496,0.9805206656455994,0.9785383939743042,0.9893931150436401,0.9892106056213379,0.9893656373023987,0.995576024055481,0.9665670394897461,0.950680136680603,0.9646314382553101,0.9629250764846802,0.9595423936843872,0.9553124308586121,0.9579543471336365,0.9623395800590515,0.9572380781173706,0.8257352709770203,0.9040900468826294,5.09718918800354,0.8167018890380859,0.8257352709770203

111,0.5488813519477844,0.9928927421569824,0.9698339700698853,0.9687825441360474,0.9915160536766052,0.9940927028656006,0.9927108287811279,0.9575992822647095,0.9674354195594788,0.9914175271987915,0.9928017854690552,0.9884516000747681,0.9459221959114075,0.9928901195526123,0.992434024810791,0.9942846298217773,0.9956657886505127,0.9934283494949341,0.9990789890289307,0.9735810160636902,0.9703294634819031,0.9438116550445557,0.9387156963348389,0.5,0.9442393183708191,0.9382001161575317,0.9451717138290405,0.9566496014595032,0.9406715035438538,0.9835975170135498,0.9826022386550903,0.991150438785553,0.9899501800537109,0.989345908164978,0.9960273504257202,0.9626098275184631,0.9642524719238281,0.9584723711013794,0.9599851369857788,0.9576979875564575,0.9572147727012634,0.9529805183410645,0.9636279344558716,0.966320276260376,0.8259190917015076,0.9060202240943909,5.030266284942627,0.8084636926651001,0.8259190917015076
112,0.5598013401031494,0.9924354553222656,0.9945582151412964,0.9900258779525757,0.9920693635940552,0.9929966926574707,0.9428044557571411,0.9752892255783081,0.9686902165412903,0.9930760860443115,0.9931683540344238,0.9894814491271973,0.9761244058609009,0.9914301633834839,0.9753203392028809,0.995389997959137,0.9759354591369629,0.9950898885726929,0.9992637634277344,0.9546549320220947,0.9692999124526978,0.9387423992156982,0.9404744505882263,0.5,0.9378446340560913,0.9357806444168091,0.9511107206344604,0.9461353421211243,0.9331885576248169,0.9821197986602783,0.9827841520309448,0.9889175891876221,0.9886593818664551,0.9885333776473999,0.9739044904708862,0.9647465944290161,0.9578393697738647,0.9635958671569824,0.9615956544876099,0.9591381549835205,0.9566468596458435,0.9612669944763184,0.9542070031166077,0.9696716666221619,0.8082720637321472,0.9036535024642944,4.969294309616089,0.794957160949707,0.8082720637321472
113,0.5415971875190735,0.9915097951889038,0.9568397402763367,0.9909610748291016,0.9941935539245605,0.9941924810409546,0.9946504235267639,0.9976937174797058,0.9928070902824402,0.993265688419342,0.9739351272583008,0.9895775318145752,0.9916958808898926,0.9944618940353394,0.9651986956596375,0.9951125383377075,0.9952882528305054,0.9940773248672485,0.9994477033615112,0.9683757424354553,0.9650381803512573,0.9411429762840271,0.9425182342529297,0.500095009803772,0.9387279748916626,0.9354439973831177,0.9483503103256226,0.9494588375091553,0.9383209943771362,0.9825613498687744,0.9772642850875854,0.9873709678649902,0.9881722331047058,0.9881481528282166,0.9931759834289551,0.9575444459915161,0.9689533710479736,0.9642524719238281,0.9599069356918335,0.9561745524406433,0.9446954727172852,0.9556031227111816,0.9524062871932983,0.968744158744812,0.823161780834198,0.9056066274642944,4.9988603591918945,0.7913693785667419,0.823161780834198
114,0.5467884540557861,0.9912394285202026,0.9734611511230469,0.9705809950828552,0.9924396276473999,0.9940015077590942,0.934445858001709,0.9963045120239258,0.9696130752563477,0.9907783269882202,0.9921499490737915,0.9913251996040344,0.9918879270553589,0.9924354553222656,0.9693626165390015,0.9955703020095825,0.9952002763748169,0.9937928915023804,0.9990780353546143,0.9658167362213135,0.9689017534255981,0.935096800327301,0.935954213142395,0.5003795027732849,0.9372146129608154,0.9336249828338623,0.9473081231117249,0.9520407915115356,0.9390872716903687,0.9830195903778076,0.9794748425483704,0.9901200532913208,0.9901309609413147,0.989812970161438,0.9944649338722229,0.9659578800201416,0.968936026096344,0.9615956544876099,0.9615241289138794,0.9423025846481323,0.9555927515029907,0.9586976766586304,0.959286093711853,0.9684308171272278,0.8211396932601929,0.9053078889846802,4.886605501174927,0.8092046976089478,0.8211396932601929
115,0.5395154356956482,0.9626659154891968,0.9956650137901306,0.9913315773010254,0.9612288475036621,0.9941967725753784,0.9945632219314575,0.9510385990142822,0.9928017854690552,0.993905782699585,0.9719667434692383,0.9908722043037415,0.9923403263092041,0.9949290156364441,0.9935472011566162,0.9727765321731567,0.9684268832206726,0.9931430816650391,0.999171257019043,0.9742943048477173,0.9686098694801331,0.9361783266067505,0.9333055019378662,0.5001900792121887,0.9460616111755371,0.9375710487365723,0.9498194456100464,0.9554182291030884,0.9360328912734985,0.9796237945556641,0.9793135523796082,0.9887329339981079,0.9892185926437378,0.9900999069213867,0.994459867477417,0.9649943709373474,0.9549458622932434,0.9616313576698303,0.9517495632171631,0.9418479204177856,0.9546641707420349,0.9580543041229248,0.9606877565383911,0.9643988609313965,0.8222426176071167,0.9041590094566345,4.838646173477173,0.8193327784538269,0.8222426176071167
116,0.5323377251625061,0.9923247694969177,0.9623348712921143,0.9913251996040344,0.9742121696472168,0.962573766708374,0.9606758952140808,0.9749199748039246,0.9907646775245667,0.9896583557128906,0.9898542761802673,0.9899576306343079,0.991600513458252,0.9927095174789429,0.9586482048034668,0.9947407245635986,0.9938215017318726,0.9938855171203613,0.9995397329330444,0.9623715877532959,0.967820405960083,0.9405791759490967,0.9429440498352051,0.5000948309898376,0.9469726085662842,0.942865252494812,0.948249340057373,0.9522541761398315,0.9333666563034058,0.9833241105079651,0.97864830493927,0.9871063232421875,0.9902105331420898,0.9882624745368958,0.9955703020095825,0.9674258232116699,0.9643986225128174,0.9633512496948242,0.9591609239578247,0.9418701529502869,0.9421292543411255,0.9599776268005371,0.9629629850387573,0.9633488655090332,0.8191176652908325,0.9073988795280457,4.97554874420166,0.8099282383918762,0.8191176652908325
117,0.53156977891922,0.9918774366378784,0.9938111901283264,0.9709502458572388,0.9922580718994141,0.9940969944000244,0.9740891456604004,0.9737198352813721,0.9882884621620178,0.9901309609413147,0.9913315773010254,0.9918849468231201,0.9889217019081116,0.9916020631790161,0.9936347007751465,0.9615054130554199,0.9653328657150269,0.9946256875991821,0.9983416199684143,0.969374418258667,0.9663935899734497,0.9350826740264893,0.9367772340774536,0.5002841949462891,0.942949652671814,0.9377971887588501,0.9475631713867188,0.9524487257003784,0.9399847984313965,0.9837638139724731,0.9670728445053101,0.9887371063232422,0.986985445022583,0.9893320798873901,0.9941871166229248,0.9630287885665894,0.9698348045349121,0.9532650709152222,0.9543874859809875,0.9599069356918335,0.9577229619026184,0.9601187109947205,0.9653061628341675,0.9602346420288086,0.8279411792755127,0.9066406488418579,5.107302904129028,0.8142194151878357,0.8279411792755127
118,0.5268294215202332,0.9901455044746399,0.994744598865509,0.9915300607681274,0.9671356081962585,0.9941796064376831,0.9944618940353394,0.9677957892417908,0.9704152345657349,0.9927095174789429,0.9926294088363647,0.9931784868240356,0.9905886650085449,0.9930773377418518,0.9690858125686646,0.9568397402763367,0.9703874588012695,0.9927563071250916,0.9989873170852661,0.9748369455337524,0.969123125076294,0.9364593029022217,0.9342884421348572,0.5000952482223511,0.9450674653053284,0.9394922256469727,0.9480000138282776,0.9514636993408203,0.9388393759727478,0.9809857606887817,0.9786641597747803,0.9893008470535278,0.9882884621620178,0.9853811860084534,0.994842529296875,0.9625723361968994,0.9702325463294983,0.9656389355659485,0.9587284326553345,0.9595622420310974,0.9574744701385498,0.9619393348693848,0.9663693904876709,0.960780680179596,0.8272058963775635,0.9064568281173706,4.862019777297974,0.8215660452842712,0.8272058963775635
119,0.5356655120849609,0.9920722842216492,0.922313392162323,0.9655676484107971,0.9916789531707764,0.992250919342041,0.993353009223938,0.9931721687316895,0.9534764289855957,0.9905016422271729,0.9940025806427002,0.9483991861343384,0.9900442361831665,0.9910401105880737,0.9927977919578552,0.9717615842819214,0.9939159154891968,0.992693305015564,0.9991706609725952,0.9717651605606079,0.9659367799758911,0.9335298538208008,0.9404356479644775,0.500095546245575,0.9430824518203735,0.9334914684295654,0.9448052048683167,0.9492767453193665,0.9389429092407227,0.9777634143829346,0.9757272601127625,0.9854135513305664,0.9842250943183899,0.9876223802566528,0.9955711364746094,0.9640847444534302,0.9565025568008423,0.9623745679855347,0.9504702687263489,0.9545116424560547,0.9545623064041138,0.9641063809394836,0.9633828997612,0.9528555274009705,0.826286792755127,0.9076746702194214,4.905694484710693,0.8177238702774048,0.826286792755127
120,0.5328039526939392,0.9917865991592407,0.9932619333267212,0.9913188219070435,0.962078332901001,0.9706733226776123,0.9925276637077332,0.964042067527771,0.9882819652557373,0.9924409985542297,0.9919711947441101,0.9896678924560547,0.9909594058990479,0.9901291131973267,0.9909694194793701,0.9940991997718811,0.9927951097488403,0.9931405186653137,0.9988029599189758,0.9593910574913025,0.9636672735214233,0.9431495070457458,0.9396933317184448,0.500095009803772,0.9432488679885864,0.9349919557571411,0.9431241154670715,0.9521501064300537,0.9358320236206055,0.9819188117980957,0.9783413410186768,0.9879240393638611,0.9877306222915649,0.989168643951416,0.99364173412323,0.9629008173942566,0.9670697450637817,0.9626297950744629,0.9578447937965393,0.9574744701385498,0.9587206840515137,0.950491726398468,0.9640073776245117,0.9647310972213745,0.8163602948188782,0.9033317565917969,4.90827751159668,0.799300491809845,0.8163602948188782

121,0.5087562799453735,0.9933518171310425,0.9945582151412964,0.9602692127227783,0.9906671643257141,0.9921673536300659,0.9411887526512146,0.9950239658355713,0.988537609577179,0.9934489727020264,0.9305862784385681,0.9673432111740112,0.9924270510673523,0.9917957186698914,0.993820309638977,0.9422032833099365,0.9652406573295593,0.9913777112960815,0.998525857925415,0.9708791971206665,0.9705772399902344,0.9367189407348633,0.9359337091445923,0.5,0.9376311302185059,0.9356652498245239,0.948051393032074,0.9458988308906555,0.9335877895355225,0.9789900779724121,0.9690741300582886,0.9896659851074219,0.9885566234588623,0.9893754720687866,0.9946504235267639,0.9655526876449585,0.9567923545837402,0.9616168737411499,0.959168553352356,0.9612101316452026,0.9575278759002686,0.959409236907959,0.962216854095459,0.9629284739494324,0.8332720398902893,0.9094898700714111,4.820030450820923,0.8231491446495056,0.8332720398902893
122,0.5355959534645081,0.9692152738571167,0.9933628439903259,0.9906792044639587,0.9891204237937927,0.991789698600769,0.9904005527496338,0.9941860437393188,0.9875438213348389,0.9596239328384399,0.9769785404205322,0.9530144929885864,0.9879017472267151,0.9696577787399292,0.9715338945388794,0.9950175285339355,0.9518710374832153,0.9920296669006348,0.9979746341705322,0.9728189706802368,0.9710482358932495,0.9313801527023315,0.9382656812667847,0.5001893639564514,0.9329893589019775,0.9348353147506714,0.9452123641967773,0.9471582770347595,0.9333873391151428,0.9795542359352112,0.952372133731842,0.9881983995437622,0.9897714853286743,0.9886132478713989,0.9951170086860657,0.9636108875274658,0.9689239263534546,0.966109573841095,0.9602968692779541,0.9647887349128723,0.9389053583145142,0.9605238437652588,0.9640268087387085,0.9627392292022705,0.8211396932601929,0.9052159786224365,5.033734560012817,0.8088681101799011,0.8211396932601929
123,0.5241676568984985,0.9922523498535156,0.9951125383377075,0.9928057193756104,0.9930888414382935,0.9703775644302368,0.9923388957977295,0.9949280619621277,0.957634449005127,0.9925249218940735,0.9916175603866577,0.9915144443511963,0.9904981851577759,0.9934550523757935,0.9910334348678589,0.9930850267410278,0.9712458848953247,0.991669774055481,0.9994475841522217,0.9723257422447205,0.9618972539901733,0.9376190900802612,0.9408407807350159,0.5001898407936096,0.9366189241409302,0.9332386255264282,0.9505337476730347,0.9454816579818726,0.938278079032898,0.9810640811920166,0.9784018993377686,0.9879128932952881,0.9875460863113403,0.9901961088180542,0.9942772388458252,0.9635854363441467,0.9667469263076782,0.9617739915847778,0.9570552110671997,0.9611668586730957,0.9570181965827942,0.9593639373779297,0.9601192474365234,0.9624046087265015,0.826286792755127,0.9072610139846802,5.0068511962890625,0.8063932657241821,0.826286792755127
124,0.5219402313232422,0.9425082802772522,0.9953882694244385,0.9716888070106506,0.9922480583190918,0.9925304651260376,0.9904770851135254,0.9528985619544983,0.9906860589981079,0.9650292992591858,0.9916036128997803,0.989383339881897,0.9909560680389404,0.9916067123413086,0.9894775748252869,0.9962198138237,0.9924298524856567,0.9924101829528809,0.9985272884368896,0.9726321697235107,0.9609344601631165,0.9361540079116821,0.940304160118103,0.5,0.9385215044021606,0.9357007741928101,0.943562388420105,0.9485349655151367,0.9359291791915894,0.9765293002128601,0.9654611349105835,0.9872599840164185,0.9882819652557373,0.9891023635864258,0.9930785894393921,0.9595847129821777,0.9710037112236023,0.9622325897216797,0.9586437940597534,0.9504711627960205,0.9581862092018127,0.9599183797836304,0.9621086120605469,0.9619595408439636,0.829963207244873,0.9089614152908325,4.863068342208862,0.8225213289260864,0.829963207244873
125,0.5308452248573303,0.9918017387390137,0.9656748175621033,0.9887371063232422,0.9925249218940735,0.9691230058670044,0.991140604019165,0.9947320222854614,0.9897431135177612,0.9919726848602295,0.9936347007751465,0.9870824813842773,0.9884686470031738,0.9919800758361816,0.9908604025840759,0.9937281012535095,0.9919726848602295,0.9914783239364624,0.9985272884368896,0.9657378196716309,0.966785192489624,0.9382236003875732,0.9324135780334473,0.500190019607544,0.9407133460044861,0.9383574724197388,0.949496865272522,0.9500502347946167,0.9423003792762756,0.9758302569389343,0.9789541959762573,0.985709011554718,0.9862571358680725,0.9870202541351318,0.9949280619621277,0.9579745531082153,0.9623045325279236,0.9564894437789917,0.9493023157119751,0.9539092779159546,0.9423864483833313,0.9551711082458496,0.9563034772872925,0.9588837623596191,0.824999988079071,0.9055147171020508,5.041001558303833,0.8121644258499146,0.824999988079071
126,0.5203714370727539,0.9917820692062378,0.969823956489563,0.9675172567367554,0.9691230058670044,0.9667896628379822,0.9639074206352234,0.9594018459320068,0.9901309609413147,0.9907732009887695,0.9931608438491821,0.9895737171173096,0.9900460839271545,0.9938135147094727,0.9902231693267822,0.9954805374145508,0.9931809902191162,0.9919399619102478,0.9987106323242188,0.9597565531730652,0.9618114829063416,0.9387561678886414,0.9420413970947266,0.5002848505973816,0.9441142678260803,0.9322679042816162,0.9486837387084961,0.9513770341873169,0.9433516263961792,0.9724990725517273,0.9770710468292236,0.9872740507125854,0.9631918668746948,0.9871320128440857,0.9946464896202087,0.9616103172302246,0.9674478769302368,0.9523513913154602,0.9543260335922241,0.9549088478088379,0.9442312717437744,0.9582172632217407,0.9606167674064636,0.964438259601593,0.8318014740943909,0.9078584909439087,4.909198760986328,0.8057104349136353,0.8318014740943909
127,0.5149280428886414,0.9914222359657288,0.9933615922927856,0.9901382923126221,0.9905921220779419,0.9906758069992065,0.9913268089294434,0.9951133728027344,0.9892106056213379,0.9306740760803223,0.9915082454681396,0.9877306222915649,0.9917865991592407,0.9911324977874756,0.9902231693267822,0.972150444984436,0.9692438840866089,0.993141770362854,0.9978817701339722,0.9689254760742188,0.967309832572937,0.9469252824783325,0.9436125755310059,0.5000946521759033,0.9424160718917847,0.9347206354141235,0.9457638263702393,0.9543734788894653,0.942227303981781,0.9745528697967529,0.9783493280410767,0.9877328872680664,0.98691725730896,0.9869420528411865,0.9929824471473694,0.9585589170455933,0.9677120447158813,0.9631657004356384,0.9415867328643799,0.9561175107955933,0.9585892558097839,0.9530735015869141,0.9610884189605713,0.9625951051712036,0.8316176533699036,0.9093290567398071,4.844729900360107,0.8162862062454224,0.8316176533699036
128,0.5246201157569885,0.9924368262290955,0.995296061038971,0.9609144926071167,0.9658671617507935,0.9618362784385681,0.9915896654129028,0.995758056640625,0.9894756078720093,0.9907732009887695,0.9934538006782532,0.9894717335700989,0.949213981628418,0.9907765984535217,0.9920722842216492,0.9942751526832581,0.9924325942993164,0.9937130212783813,0.9982514381408691,0.9688959121704102,0.9635105133056641,0.941226601600647,0.9338160753250122,0.5,0.9400877952575684,0.9315938949584961,0.9459459781646729,0.9524262547492981,0.9383561611175537,0.9746403694152832,0.9783052206039429,0.9854162931442261,0.986703634262085,0.9879652261734009,0.9941056966781616,0.9568352103233337,0.9687093496322632,0.9621450901031494,0.9554151892662048,0.9545876979827881,0.9557020664215088,0.9611101150512695,0.9566511511802673,0.964059591293335,0.8181985020637512,0.9051240682601929,4.985843181610107,0.787176251411438,0.8181985020637512
129,0.5262392163276672,0.9720590710639954,0.9461989998817444,0.9922423362731934,0.9683476686477661,0.9667667150497437,0.9901309609413147,0.9961318969726562,0.9905086755752563,0.96770179271698,0.9907629489898682,0.9905139207839966,0.941512942314148,0.991148829460144,0.9908671379089355,0.9471216797828674,0.964844822883606,0.9947241544723511,0.9976046085357666,0.9668533802032471,0.9625163674354553,0.9454198479652405,0.930794358253479,0.5000948905944824,0.9414002895355225,0.9301177263259888,0.945868968963623,0.9432119727134705,0.9412379264831543,0.9745246171951294,0.979567289352417,0.9861495494842529,0.9862317442893982,0.9851659536361694,0.9943768382072449,0.958838939666748,0.9648568630218506,0.9632147550582886,0.9532527923583984,0.9528722763061523,0.9522613286972046,0.9582403302192688,0.9551653265953064,0.9600743055343628,0.826286792755127,0.9088695049285889,4.915113925933838,0.8004895448684692,0.826286792755127
130,0.5267950892448425,0.9902304410934448,0.9708579778671265,0.9915082454681396,0.9909560680389404,0.9914190769195557,0.9884622097015381,0.9949215054512024,0.9913347959518433,0.9886510372161865,0.9892909526824951,0.9884665012359619,0.9904981851577759,0.9888355731964111,0.9912313222885132,0.9912264347076416,0.9921600818634033,0.9937199950218201,0.998526930809021,0.9701269865036011,0.9652336835861206,0.933655858039856,0.9320358037948608,0.5000949501991272,0.9367165565490723,0.9296015501022339,0.9489885568618774,0.9434180855751038,0.9312368631362915,0.9765193462371826,0.983215868473053,0.9845912456512451,0.9860804080963135,0.9850027561187744,0.993723452091217,0.9648714065551758,0.9631490707397461,0.9573657512664795,0.9538190364837646,0.9555081129074097,0.9442778825759888,0.9596278667449951,0.9530320167541504,0.9612165093421936,0.8158088326454163,0.905353844165802,4.848516941070557,0.7954303622245789,0.8158088326454163

131,0.5340465903282166,0.9571735858917236,0.9924396276473999,0.953154444694519,0.9909710884094238,0.9601770043373108,0.9917020201683044,0.9948368072509766,0.9928044080734253,0.9905834197998047,0.9911422729492188,0.9903154373168945,0.9905034303665161,0.990941047668457,0.9890221357345581,0.9744613170623779,0.9910417795181274,0.9937986135482788,0.9976966977119446,0.9689481258392334,0.9586280584335327,0.9346089959144592,0.934870719909668,0.5,0.9389640092849731,0.9319779872894287,0.9483628869056702,0.9403244256973267,0.9429466724395752,0.9774824380874634,0.9805483818054199,0.9845161437988281,0.9866211414337158,0.9854549169540405,0.9920591115951538,0.9563838243484497,0.9485223293304443,0.9511690735816956,0.9556750655174255,0.9549767374992371,0.951135516166687,0.9563802480697632,0.955342173576355,0.9505671262741089,0.8159926533699036,0.9024816751480103,4.967165946960449,0.8006407022476196,0.8159926533699036
132,0.5194870829582214,0.9931796789169312,0.9939192533493042,0.970166802406311,0.9936440587043762,0.9930926561355591,0.9926308393478394,0.9945652484893799,0.9915082454681396,0.9741649627685547,0.961552619934082,0.9914127588272095,0.9494903087615967,0.9898561239242554,0.9916051626205444,0.992624044418335,0.9919623136520386,0.9940773248672485,0.9985261559486389,0.9649921655654907,0.9676575064659119,0.9346380233764648,0.9333164095878601,0.5001900792121887,0.9352381229400635,0.9322807788848877,0.943689227104187,0.9438022971153259,0.9389804601669312,0.97826087474823,0.9808120131492615,0.9870022535324097,0.9884707927703857,0.9849721789360046,0.9918849468231201,0.9617542624473572,0.9653631448745728,0.9628422260284424,0.958341121673584,0.9569493532180786,0.9571110010147095,0.9529906511306763,0.9583024382591248,0.9640334844589233,0.8180146813392639,0.9048713445663452,4.967523574829102,0.802958607673645,0.8180146813392639
133,0.5169733762741089,0.9932694435119629,0.9927202463150024,0.9894911646842957,0.9907664060592651,0.9912248253822327,0.9706733226776123,0.9649640321731567,0.9879151582717896,0.9643528461456299,0.9911259412765503,0.9879240393638611,0.9905051589012146,0.9899427890777588,0.9898467659950256,0.9920591115951538,0.9893028736114502,0.9943476915359497,0.9974231719970703,0.9704612493515015,0.9574259519577026,0.9339398145675659,0.941143274307251,0.5,0.9433048367500305,0.9333586692810059,0.9394224882125854,0.9457452893257141,0.942227303981781,0.9816488027572632,0.977386474609375,0.9886593818664551,0.9877442121505737,0.9845883846282959,0.9937326908111572,0.9616894125938416,0.965398907661438,0.9592482447624207,0.9520719051361084,0.9493371248245239,0.9554151892662048,0.95921790599823,0.9576287269592285,0.9563551545143127,0.8165441155433655,0.9037684202194214,4.88659930229187,0.7953998446464539,0.8165441155433655
134,0.5331733822822571,0.949932336807251,0.9732886552810669,0.9910582304000854,0.9914190769195557,0.9908705353736877,0.9918849468231201,0.9940025806427002,0.9535042643547058,0.9866161942481995,0.9894872903823853,0.9874283671379089,0.9907748699188232,0.9878995418548584,0.9581412076950073,0.9917926788330078,0.9895756244659424,0.9936861991882324,0.9984349012374878,0.9630140662193298,0.9667538404464722,0.9334665536880493,0.9361519813537598,0.5,0.9451195597648621,0.9340680241584778,0.9487148523330688,0.9444320201873779,0.933629035949707,0.9791666269302368,0.9765119552612305,0.985519289970398,0.9867959022521973,0.9848007559776306,0.9924284219741821,0.959876537322998,0.9621747136116028,0.957360029220581,0.956161618232727,0.9586040377616882,0.9566549062728882,0.9497036933898926,0.9615955352783203,0.958480715751648,0.8163602948188782,0.9041360020637512,5.043544054031372,0.8130796551704407,0.8163602948188782
135,0.511773407459259,0.9906878471374512,0.9932669401168823,0.9698898792266846,0.9916051626205444,0.9921600818634033,0.9905016422271729,0.9615975618362427,0.9622902870178223,0.9893008470535278,0.9902195930480957,0.9876406192779541,0.9907834529876709,0.9886531233787537,0.991234540939331,0.9931683540344238,0.9893931150436401,0.9937025308609009,0.9976072311401367,0.9732910394668579,0.965539813041687,0.9403835535049438,0.935434877872467,0.5000952482223511,0.944973349571228,0.9332383871078491,0.9489446878433228,0.9448710680007935,0.9376894235610962,0.9778679609298706,0.9796258211135864,0.9873592853546143,0.9864290952682495,0.9839992523193359,0.9928914308547974,0.9551752805709839,0.9659048318862915,0.9574428796768188,0.9566673040390015,0.9592158794403076,0.9539105892181396,0.9554896354675293,0.963364839553833,0.9588607549667358,0.8251838088035583,0.9068244695663452,4.920849561691284,0.8130273818969727,0.8251838088035583
136,0.5119960308074951,0.990391731262207,0.9912409782409668,0.9909427165985107,0.9902195930480957,0.9720388650894165,0.9885545372962952,0.9948368072509766,0.9898524284362793,0.9886573553085327,0.9903082847595215,0.9847561120986938,0.9917851090431213,0.9877374172210693,0.9897639155387878,0.9902286529541016,0.9894853234291077,0.9929538369178772,0.9970544576644897,0.9639648199081421,0.9668601751327515,0.9400379657745361,0.9381922483444214,0.5000947713851929,0.9374703168869019,0.9339175224304199,0.9524399638175964,0.9496588110923767,0.9393019676208496,0.9814848899841309,0.9799110889434814,0.9850387573242188,0.9879307150840759,0.983527660369873,0.9924368262290955,0.9517022967338562,0.9656516909599304,0.9596624374389648,0.9566746950149536,0.9578839540481567,0.9446125030517578,0.959970235824585,0.9622886776924133,0.9595198631286621,0.8218749761581421,0.9087316393852234,4.887880563735962,0.8033477663993835,0.8218749761581421
137,0.5154433846473694,0.9544258117675781,0.9687167406082153,0.9896736145019531,0.990136444568634,0.988661527633667,0.9697976112365723,0.9616897106170654,0.9902250170707703,0.9913380146026611,0.9249462485313416,0.9882005453109741,0.9901218414306641,0.9916129112243652,0.9912199974060059,0.9923375248908997,0.9889360070228577,0.9912004470825195,0.99779212474823,0.9617099165916443,0.9679582715034485,0.9315118193626404,0.9357550144195557,0.5000947713851929,0.9405931234359741,0.9303761720657349,0.9482135772705078,0.945598840713501,0.9403853416442871,0.9784172773361206,0.9791280031204224,0.9841152429580688,0.9863519072532654,0.9823747873306274,0.9715964794158936,0.9591665267944336,0.9655685424804688,0.9605066776275635,0.9538018107414246,0.9555493593215942,0.9496369361877441,0.9555844664573669,0.9592537879943848,0.9583643078804016,0.8251838088035583,0.9060661792755127,4.976837158203125,0.8146361708641052,0.8251838088035583
138,0.50542151927948,0.933800458908081,0.9931709170341492,0.9922580718994141,0.991794228553772,0.9915943145751953,0.9911422729492188,0.9641408920288086,0.9919874668121338,0.9929006099700928,0.9907901883125305,0.9890282154083252,0.9913364052772522,0.992434024810791,0.9904217720031738,0.9917987585067749,0.9913203716278076,0.9917744994163513,0.9972350597381592,0.9642507433891296,0.9622949361801147,0.9373321533203125,0.9343292117118835,0.5,0.9402557611465454,0.9349308609962463,0.9443576335906982,0.950445294380188,0.9409246444702148,0.978585958480835,0.9770412445068359,0.9854297637939453,0.9870967864990234,0.9822156429290771,0.990136444568634,0.9557245969772339,0.9664373397827148,0.9590909481048584,0.960901141166687,0.9549081325531006,0.953415036201477,0.9585963487625122,0.9631003141403198,0.9617171287536621,0.8259190917015076,0.9057215452194214,4.926140546798706,0.8014978766441345,0.8259190917015076
139,0.5236519575119019,0.9899446368217468,0.991883397102356,0.9906740188598633,0.9914270043373108,0.9892126321792603,0.9885672330856323,0.9943747520446777,0.9554394483566284,0.9923459887504578,0.9925386905670166,0.9648414850234985,0.990027666091919,0.989495038986206,0.9913427829742432,0.9924423694610596,0.9878206253051758,0.9926905632019043,0.9972365498542786,0.9696998000144958,0.9597500562667847,0.9310378432273865,0.9366787672042847,0.5,0.9351798295974731,0.9308217763900757,0.9365346431732178,0.9515426754951477,0.933273196220398,0.9764142036437988,0.9776934385299683,0.9845883846282959,0.9865988492965698,0.9829756021499634,0.9915207624435425,0.9538692235946655,0.9563802480697632,0.9513384103775024,0.9574349522590637,0.9453648328781128,0.9542331695556641,0.9585892558097839,0.9589614868164062,0.9605312347412109,0.8102940917015076,0.9059972763061523,4.798494338989258,0.794728696346283,0.8102940917015076
140,0.505012035369873,0.9914127588272095,0.9916113615036011,0.9897658228874207,0.9686614274978638,0.9884622097015381,0.9901255369186401,0.994009256362915,0.9936487674713135,0.9924396276473999,0.9929006099700928,0.9881809949874878,0.9658293724060059,0.9901273250579834,0.9654754400253296,0.9915097951889038,0.9898449182510376,0.99251389503479,0.9971454739570618,0.9654636383056641,0.9652271270751953,0.9398969411849976,0.9320480823516846,0.5,0.936722993850708,0.930389404296875,0.9468731880187988,0.9591933488845825,0.936477780342102,0.9750922918319702,0.9769487380981445,0.9849658608436584,0.9843317866325378,0.9820436835289001,0.9931683540344238,0.960690975189209,0.9447805881500244,0.9548500776290894,0.95151686668396,0.9482694864273071,0.944639265537262,0.9517927169799805,0.9545624256134033,0.9420733451843262,0.8270220756530762,0.9057214856147766,4.99339747428894,0.8079056143760681,0.8270220756530762

141,0.5230700969696045,0.9881722331047058,0.9919741749763489,0.9729637503623962,0.9892066717147827,0.9875484108924866,0.9907715320587158,0.9938248991966248,0.9930862784385681,0.9920707941055298,0.9684399366378784,0.9852153062820435,0.9884665012359619,0.9917004704475403,0.9909627437591553,0.9595317244529724,0.9897695779800415,0.9934247136116028,0.9973281621932983,0.9720977544784546,0.9634169340133667,0.9391801357269287,0.9318785667419434,0.5001904964447021,0.9439712166786194,0.9321253299713135,0.9361960887908936,0.9503223299980164,0.9378213882446289,0.9782167673110962,0.9789698123931885,0.9853456020355225,0.9862622022628784,0.9837872982025146,0.9922394752502441,0.9586445093154907,0.958310067653656,0.9492303133010864,0.9544863700866699,0.9496737718582153,0.9523010849952698,0.9539620876312256,0.9469219446182251,0.9599591493606567,0.8128676414489746,0.9051470756530762,4.87564492225647,0.8161598443984985,0.8128676414489746

