epoch,loss,accuracy,balanced_accuracy,balanced_accuracy_A13,balanced_accuracy_A14,balanced_accuracy_A15b,balanced_accuracy_A16,balanced_accuracy_A17a,balanced_accuracy_A19a,balanced_accuracy_A1a,balanced_accuracy_A1b,balanced_accuracy_A1c,balanced_accuracy_A32,balanced_accuracy_A33,balanced_accuracy_A34,balanced_accuracy_A4b2,balanced_accuracy_A7a,balanced_accuracy_A9,balanced_accuracy_B1,balanced_accuracy_B2a,balanced_accuracy_B3,balanced_accuracy_C13aa,balanced_accuracy_C13bb,balanced_accuracy_C14_100,balanced_accuracy_C14_120,balanced_accuracy_C14_20,balanced_accuracy_C14_30,balanced_accuracy_C14_50,balanced_accuracy_C14_60,balanced_accuracy_C14_70,balanced_accuracy_C14_80,balanced_accuracy_C17a,balanced_accuracy_C17b_80,balanced_accuracy_C17c,balanced_accuracy_C17d,balanced_accuracy_C1a,balanced_accuracy_C2,balanced_accuracy_C3e3,balanced_accuracy_D1a1,balanced_accuracy_D1a4,balanced_accuracy_D1a5,balanced_accuracy_D1a6,balanced_accuracy_D1a7,balanced_accuracy_D2a1,balanced_accuracy_D2a2,balanced_accuracy_D3,balanced_accuracy_invalid,epoch_elapsed,f1,recall
0,3.4458889961242676,0.20110294222831726,0.6348986625671387,0.36826324462890625,0.499538391828537,0.49963125586509705,0.4995390772819519,0.4322330951690674,0.4998154640197754,0.5,0.49584564566612244,0.5,0.49963098764419556,0.44768407940864563,0.5,0.48459693789482117,0.5,0.5,0.5,0.44180238246917725,0.5,0.5,0.5,0.4452480971813202,0.5352657437324524,0.5,0.5,0.4490591287612915,0.5,0.4529590308666229,0.5,0.5,0.46962401270866394,0.5,0.4806380271911621,0.5,0.5,0.5,0.49925705790519714,0.5,0.5,0.5,0.5228213667869568,0.4656999409198761,0.5,0.5,0.6401034593582153,6.209147214889526,0.01280567329376936,0.20110294222831726
1,2.574265480041504,0.5056985020637512,0.7381882667541504,0.3537822961807251,0.5,0.5,0.5,0.39490681886672974,0.5,0.5,0.5,0.5,0.5,0.38033241033554077,0.5,0.4998154938220978,0.5,0.5,0.5,0.3771539628505707,0.5,0.5,0.5,0.4968690574169159,0.6899669170379639,0.5,0.5,0.37402549386024475,0.4998093545436859,0.498384028673172,0.5,0.5,0.48851001262664795,0.5,0.48891761898994446,0.5,0.5,0.5,0.5,0.5,0.5,0.5,0.4945289194583893,0.4945187568664551,0.5,0.5,0.500372052192688,5.316598892211914,0.015516690909862518,0.5056985020637512

2,2.216531276702881,0.49283087253570557,0.7331993579864502,0.4718790352344513,0.5,0.5,0.5,0.4964938163757324,0.5,0.5,0.5,0.5,0.5,0.47326695919036865,0.5,0.5,0.5,0.5,0.5,0.43992212414741516,0.5,0.5,0.5,0.5,0.5,0.49799808859825134,0.4941849410533905,0.39090391993522644,0.41327500343322754,0.5,0.5,0.5,0.5,0.5,0.5,0.5,0.5,0.5,0.5,0.5,0.5,0.5,0.5,0.5,0.5,0.5,0.5,5.1399383544921875,0.015005989000201225,0.49283087253570557
3,2.099762439727783,0.49650734663009644,0.7406485080718994,0.5,0.5,0.5,0.5,0.5,0.5,0.5,0.5,0.5,0.5,0.5,0.5,0.5,0.5,0.5,0.5,0.5,0.5,0.5,0.5,0.5311120748519897,0.6566507816314697,0.39478692412376404,0.3883986175060272,0.3781949579715729,0.3649801015853882,0.5594921112060547,0.5,0.5,0.5,0.5,0.5,0.5,0.5,0.5,0.5,0.5,0.5,0.5,0.5,0.5,0.5,0.5,0.5,5.208096265792847,0.015080790966749191,0.49650734663009644
4,2.004127264022827,0.5128676295280457,0.7825239300727844,0.5,0.5,0.5,0.5,0.5,0.5,0.5,0.5,0.5,0.5,0.5,0.5,0.5,0.5,0.5,0.5,0.5,0.5,0.5,0.5,0.7805147171020508,0.9210699796676636,0.3466931879520416,0.5355271100997925,0.44406792521476746,0.35749518871307373,0.807533860206604,0.5,0.5,0.5,0.5,0.5,0.5,0.5,0.5,0.5,0.5,0.5,0.5,0.5,0.5,0.5,0.5,0.5,5.122185945510864,0.0154092563316226,0.5128676295280457
5,1.9721693992614746,0.5011029243469238,0.7923884391784668,0.5,0.5,0.5,0.5,0.5,0.5,0.5,0.5,0.5,0.5,0.5,0.5,0.5,0.5,0.5,0.5,0.5,0.5,0.5,0.5,0.8034594058990479,0.9602876901626587,0.3763153553009033,0.6053815484046936,0.5491249561309814,0.4231563210487366,0.7549076080322266,0.5025699138641357,0.5,0.5,0.5,0.5,0.5,0.5,0.5,0.5,0.5,0.5,0.5,0.5,0.5,0.5,0.5,0.5,5.13945198059082,0.015173780731856823,0.5011029243469238
6,1.8702670335769653,0.5193014740943909,0.81538987159729,0.5,0.5,0.5,0.5,0.5,0.5,0.5,0.5,0.5,0.5,0.5,0.5,0.5,0.5,0.5,0.5,0.5,0.5,0.5,0.5,0.8305871486663818,0.9524714946746826,0.5243521928787231,0.6700603365898132,0.6729282140731812,0.4747006893157959,0.784233570098877,0.6575651168823242,0.5,0.5,0.5,0.5,0.5,0.5,0.5,0.5,0.5,0.5,0.5,0.5,0.5,0.5,0.5,0.5,6.306207895278931,0.015536491759121418,0.5193014740943909

7,1.8429101705551147,0.513051450252533,0.8228967189788818,0.5,0.5,0.5,0.5,0.5,0.5,0.5,0.5,0.5,0.5,0.5,0.5,0.5,0.5,0.5,0.5,0.5,0.5,0.5,0.49962538480758667,0.8469058275222778,0.9458174705505371,0.657166063785553,0.7299454212188721,0.6883503794670105,0.4794507622718811,0.7861079573631287,0.6223567724227905,0.5,0.5,0.5,0.5,0.5,0.5,0.5,0.5,0.5,0.5,0.5,0.5,0.5,0.5,0.5,0.5,5.218692302703857,0.015412907116115093,0.513051450252533
8,1.7891231775283813,0.5117647051811218,0.8271781206130981,0.5,0.5,0.5,0.5,0.5,0.5,0.5,0.5,0.5,0.5,0.5,0.5,0.5,0.5,0.5,0.5,0.5,0.5,0.5,0.49747520685195923,0.8187273740768433,0.9361095428466797,0.6269023418426514,0.7253881096839905,0.6600846648216248,0.5325348377227783,0.802920401096344,0.707042932510376,0.5,0.5,0.5,0.5,0.5,0.5,0.5,0.5,0.5,0.5,0.5,0.5,0.5,0.5,0.5,0.5,5.124643564224243,0.024631962180137634,0.5117647051811218
9,1.770315408706665,0.5235294103622437,0.830514669418335,0.5,0.5,0.5,0.5,0.5,0.5,0.5,0.5,0.5,0.5,0.5,0.5,0.5,0.5,0.5,0.5,0.5,0.5,0.5,0.4977561831474304,0.82443767786026,0.9159073829650879,0.6594523787498474,0.8125355243682861,0.6787209510803223,0.6076410412788391,0.8219243288040161,0.7901998162269592,0.5,0.5,0.5,0.5,0.5,0.5,0.49616536498069763,0.5,0.5,0.5,0.5,0.5,0.5787783861160278,0.5,0.5,0.5,5.16797399520874,0.03214264661073685,0.5235294103622437
10,1.730668544769287,0.5193014740943909,0.8383378982543945,0.5,0.5,0.5,0.5,0.5,0.5,0.5,0.5,0.5,0.5,0.5,0.5,0.5,0.5,0.5,0.5,0.5,0.5,0.5,0.49681708216667175,0.8474093675613403,0.9337968826293945,0.6752113103866577,0.8053021430969238,0.7353951930999756,0.6373976469039917,0.8428245782852173,0.8027042150497437,0.5,0.5,0.5,0.5,0.5,0.5,0.49486270546913147,0.5,0.5,0.5,0.5,0.49962812662124634,0.7361414432525635,0.5087719559669495,0.5,0.5,5.399980306625366,0.030908146873116493,0.5193014740943909

11,1.6538493633270264,0.5249999761581421,0.8459964990615845,0.5,0.5,0.5,0.5,0.5,0.5,0.5,0.5,0.5,0.5,0.5,0.5,0.5,0.5,0.5,0.5,0.5,0.5,0.5,0.49420344829559326,0.8671029806137085,0.9316361546516418,0.6878282427787781,0.8044639825820923,0.8022593259811401,0.6250457763671875,0.8542180061340332,0.8136173486709595,0.5,0.5,0.5,0.5,0.5,0.5,0.49720150232315063,0.5,0.5,0.4986051619052887,0.49990686774253845,0.560647189617157,0.7858033180236816,0.64453125,0.5074195861816406,0.5,6.07098650932312,0.032204531133174896,0.5249999761581421
12,1.6438571214675903,0.5191176533699036,0.8474884629249573,0.5,0.5,0.5,0.5,0.5,0.5,0.5,0.5,0.5,0.5,0.5,0.5,0.5,0.5,0.5,0.5,0.5,0.5,0.5,0.49402204155921936,0.8732407689094543,0.9240349531173706,0.7323943376541138,0.8027119636535645,0.8358379602432251,0.6713253259658813,0.855879008769989,0.8042221665382385,0.5,0.4998147189617157,0.5,0.5,0.5,0.5,0.48803290724754333,0.5,0.5,0.5166618824005127,0.5160829424858093,0.7535723447799683,0.8114688396453857,0.7794138193130493,0.635985255241394,0.4998105466365814,5.161620855331421,0.0344538651406765,0.5191176533699036
13,1.5500849485397339,0.5632352828979492,0.8604651093482971,0.5,0.5,0.5,0.5,0.5,0.5,0.5,0.5,0.5,0.5,0.5,0.5,0.5,0.5,0.5,0.5,0.5,0.5,0.5,0.5020213723182678,0.8888362646102905,0.9375473260879517,0.7496193647384644,0.8229701519012451,0.8566933870315552,0.6938488483428955,0.8715883493423462,0.8298032283782959,0.5,0.4969455897808075,0.5,0.5,0.5,0.5,0.485401451587677,0.5438998937606812,0.49888330698013306,0.5836062431335449,0.7150912284851074,0.8068684339523315,0.9028980731964111,0.7948468327522278,0.7792563438415527,0.506729781627655,5.312400579452515,0.061478376388549805,0.5632352828979492

14,1.5113788843154907,0.5744485259056091,0.8659734129905701,0.5,0.5,0.5,0.5,0.5,0.5,0.5,0.5,0.5,0.5,0.5,0.5,0.5,0.5,0.5,0.5,0.5,0.5,0.5,0.5423119068145752,0.9002659320831299,0.9402503967285156,0.7684903144836426,0.8301904797554016,0.8728219270706177,0.6975234150886536,0.8741715550422668,0.830005407333374,0.5,0.5637908577919006,0.5,0.5,0.5,0.5,0.48226287961006165,0.5709693431854248,0.48986610770225525,0.6597409248352051,0.7217776775360107,0.8114931583404541,0.9539341926574707,0.7845098972320557,0.7984133958816528,0.5115095376968384,5.2250800132751465,0.07086724787950516,0.5744485259056091

15,1.4500882625579834,0.6045956015586853,0.8704835176467896,0.5,0.5,0.5,0.5,0.5,0.5,0.5,0.5,0.5,0.5,0.5,0.5,0.5,0.5,0.5,0.5,0.49981507658958435,0.5,0.5,0.5226934552192688,0.8909817337989807,0.9204826354980469,0.8210216760635376,0.8447293043136597,0.8779114484786987,0.7104963064193726,0.8815364241600037,0.8308429718017578,0.5,0.6308333277702332,0.5,0.5,0.5,0.5,0.5126049518585205,0.554248571395874,0.47469019889831543,0.874649167060852,0.6567196846008301,0.8125417232513428,0.963514506816864,0.8266822099685669,0.8288418054580688,0.51384437084198,6.324476718902588,0.08629537373781204,0.6045956015586853

16,1.411584496498108,0.6321691274642944,0.8790270090103149,0.5,0.5,0.5,0.5,0.5,0.5,0.5,0.5,0.5,0.5,0.5,0.5,0.5,0.5,0.5,0.5,0.49851879477500916,0.5,0.5,0.5693113803863525,0.896486222743988,0.921303391456604,0.8233721256256104,0.8487530946731567,0.8699256777763367,0.7725977897644043,0.8813736438751221,0.8360327482223511,0.5,0.7782741189002991,0.5,0.5,0.5,0.5,0.6594730615615845,0.571697473526001,0.5376611351966858,0.9829894304275513,0.6832513213157654,0.8636382818222046,0.9592461585998535,0.8581449389457703,0.8748375177383423,0.5276889204978943,5.048090934753418,0.1138635128736496,0.6321691274642944

17,1.3685780763626099,0.6525735259056091,0.8785973787307739,0.5,0.5,0.5,0.5,0.5,0.5,0.5,0.5,0.5,0.5,0.5,0.5,0.5,0.5,0.5,0.5,0.47733184695243835,0.5,0.5,0.6223450899124146,0.9097063541412354,0.9270932078361511,0.824843168258667,0.8491821885108948,0.896212100982666,0.7975873947143555,0.8889627456665039,0.8536306619644165,0.5,0.6588050127029419,0.5,0.5,0.5,0.5,0.6302480101585388,0.6599491834640503,0.5499526262283325,0.974227786064148,0.6587635278701782,0.8067348003387451,0.9569013118743896,0.9642525911331177,0.9612549543380737,0.5381723642349243,5.108840227127075,0.1289605349302292,0.6525735259056091

18,1.3332303762435913,0.6566176414489746,0.8781613111495972,0.5,0.5,0.5,0.5,0.5,0.49963077902793884,0.5,0.5,0.5,0.49990788102149963,0.5,0.5,0.5,0.5,0.5,0.5,0.4331605136394501,0.5,0.5,0.5731021761894226,0.9089523553848267,0.9246484041213989,0.8454459309577942,0.8636622428894043,0.8946918249130249,0.7771072387695312,0.8967772722244263,0.8330321907997131,0.5,0.7547163963317871,0.5,0.5,0.5,0.5,0.730315089225769,0.7028530240058899,0.5011292099952698,0.9714949131011963,0.7133846282958984,0.8174090385437012,0.9568038582801819,0.960200846195221,0.9674276113510132,0.5437819361686707,5.1284403800964355,0.13058729469776154,0.6566176414489746
19,1.3019869327545166,0.6715073585510254,0.8839026093482971,0.5,0.5,0.5,0.5,0.5,0.5,0.5,0.5,0.5,0.5,0.5,0.5,0.5,0.5,0.5,0.5,0.4254727363586426,0.5,0.5,0.5623160600662231,0.908814013004303,0.9319908618927002,0.8401334285736084,0.8630228042602539,0.9003992080688477,0.7773882150650024,0.8987811803817749,0.8151821494102478,0.5,0.8228516578674316,0.5,0.5,0.5,0.5,0.744227945804596,0.8338031768798828,0.6321073174476624,0.9680059552192688,0.7176098227500916,0.9270569682121277,0.9546639323234558,0.9524693489074707,0.9642658233642578,0.5483265519142151,5.367859601974487,0.13575272262096405,0.6715073585510254

20,1.249581217765808,0.6788603067398071,0.8835798501968384,0.5,0.5,0.5,0.5,0.5,0.4997231960296631,0.5,0.5,0.4999076724052429,0.5,0.5,0.5,0.5,0.5,0.5,0.5,0.5268899202346802,0.5,0.5,0.5408030152320862,0.9185227155685425,0.9307326078414917,0.8472565412521362,0.8663743734359741,0.9081593751907349,0.8089045286178589,0.9017434120178223,0.851714015007019,0.5,0.8214010000228882,0.5,0.5,0.5,0.5,0.6814668774604797,0.7945456504821777,0.6581581234931946,0.9624067544937134,0.7516173720359802,0.9563964605331421,0.9507434964179993,0.9541488885879517,0.9583178758621216,0.5521441698074341,6.410869121551514,0.13734841346740723,0.6788603067398071

21,1.200064778327942,0.6838235259056091,0.8867604732513428,0.5,0.5,0.5,0.5,0.5,0.49944669008255005,0.5,0.5,0.4999077618122101,0.49990782141685486,0.5,0.5,0.5,0.5,0.5,0.5,0.5094444751739502,0.5,0.49953287839889526,0.5610367655754089,0.9241071343421936,0.9288020133972168,0.8568311333656311,0.8726996779441833,0.9048071503639221,0.8237416744232178,0.9085725545883179,0.82668536901474,0.5,0.7751572132110596,0.5,0.5,0.5,0.5,0.8167557120323181,0.8224191665649414,0.6719138622283936,0.963523268699646,0.725368082523346,0.953412652015686,0.9524031281471252,0.9502695798873901,0.9611821174621582,0.5608370900154114,5.099944353103638,0.13949377834796906,0.6838235259056091

22,1.2049790620803833,0.6683823466300964,0.8878462314605713,0.5,0.5,0.5,0.5,0.4999077618122101,0.49944689869880676,0.5,0.5,0.49990779161453247,0.49981531500816345,0.5,0.5,0.5,0.5,0.5,0.5,0.6170425415039062,0.5,0.49897101521492004,0.555756688117981,0.9218040704727173,0.9325019121170044,0.8618209362030029,0.8827932476997375,0.9048938751220703,0.8306833505630493,0.9137474298477173,0.8607667684555054,0.5,0.7773147821426392,0.5,0.5,0.5,0.5,0.9682524800300598,0.8178751468658447,0.7099114060401917,0.9639146327972412,0.7725387811660767,0.953903317451477,0.9529160261154175,0.9511333703994751,0.9632039070129395,0.5611145496368408,5.075426340103149,0.13817261159420013,0.6683823466300964
23,1.1316510438919067,0.6854779124259949,0.8941026926040649,0.5,0.5,0.5,0.5,0.5,0.5,0.5,0.5,0.49990779161453247,0.4998156726360321,0.5,0.5,0.5,0.5,0.5,0.5,0.6998705267906189,0.5,0.49850717186927795,0.5408619046211243,0.930560827255249,0.937940239906311,0.8581081032752991,0.8826704621315002,0.902323842048645,0.820884108543396,0.9099656939506531,0.8451471328735352,0.5,0.8266503810882568,0.5,0.49990779161453247,0.5,0.5,0.9519572854042053,0.800967276096344,0.6704798936843872,0.962574303150177,0.7941285371780396,0.9498144388198853,0.948920726776123,0.9487465620040894,0.9568084478378296,0.5807355642318726,5.145820617675781,0.14406009018421173,0.6854779124259949
24,1.1283493041992188,0.6845588088035583,0.8896225690841675,0.5,0.5,0.5,0.5,0.4999077320098877,0.4996306598186493,0.5,0.5,0.49990764260292053,0.4997229278087616,0.4999076724052429,0.5,0.5,0.5,0.5,0.5,0.9011843204498291,0.5,0.4986010193824768,0.5853407979011536,0.9287751913070679,0.9315159320831299,0.868945837020874,0.8825209140777588,0.9049649238586426,0.8167110681533813,0.9096614718437195,0.8483039736747742,0.5,0.8356914520263672,0.5,0.5,0.5,0.5,0.9478991627693176,0.7705094218254089,0.7321953773498535,0.9622553586959839,0.7440961599349976,0.9511404037475586,0.9482086896896362,0.9496750235557556,0.95457923412323,0.5748598575592041,5.209592819213867,0.14516456425189972,0.6845588088035583
25,1.0744624137878418,0.6983456015586853,0.8953659534454346,0.5,0.5,0.5,0.4999076724052429,0.49990782141685486,0.49963125586509705,0.4999077022075653,0.5,0.4996306002140045,0.4996315538883209,0.49990758299827576,0.5,0.5,0.5,0.5,0.5,0.9066370725631714,0.5,0.4990657567977905,0.6249572038650513,0.9293591976165771,0.9372981190681458,0.8657724857330322,0.8857930898666382,0.9102491140365601,0.8331437110900879,0.9161118268966675,0.8548418283462524,0.5,0.7982921600341797,0.5,0.4997231364250183,0.5,0.5,0.9585826396942139,0.8271082639694214,0.6917791366577148,0.9603942036628723,0.7914344072341919,0.9537346363067627,0.950407862663269,0.9499534964561462,0.955203115940094,0.5963221192359924,5.433179140090942,0.15780366957187653,0.6983456015586853

26,1.0777331590652466,0.6943014860153198,0.8967381715774536,0.5,0.5,0.5,0.5,0.499815434217453,0.4995386600494385,0.4999076724052429,0.5,0.49898505210876465,0.49953892827033997,0.4995390772819519,0.5,0.5,0.5,0.5,0.5,0.917220950126648,0.5,0.4976713955402374,0.7361950874328613,0.9280534386634827,0.9356586337089539,0.8809749484062195,0.8817194104194641,0.902457594871521,0.8288596868515015,0.9207514524459839,0.8449952602386475,0.5,0.859623908996582,0.5,0.4984314441680908,0.5,0.5,0.9522162079811096,0.7743446230888367,0.6191362738609314,0.9586046934127808,0.797061026096344,0.9498137831687927,0.9525222778320312,0.9492470622062683,0.9564288258552551,0.6055194139480591,5.385214328765869,0.16450171172618866,0.6943014860153198
27,1.0473493337631226,0.695588231086731,0.892848014831543,0.5,0.5,0.5,0.5,0.49953925609588623,0.4994468092918396,0.49990779161453247,0.5,0.49963125586509705,0.49907833337783813,0.49953874945640564,0.5,0.5,0.5,0.5,0.5,0.9125485420227051,0.5,0.4985973536968231,0.685354471206665,0.9336560368537903,0.9385548830032349,0.8864284753799438,0.8981832265853882,0.9089347124099731,0.8443154096603394,0.9312440752983093,0.8502749800682068,0.5,0.9221115112304688,0.5,0.49686288833618164,0.49981433153152466,0.5,0.9589232206344604,0.7495136260986328,0.6754467487335205,0.9546552896499634,0.785342276096344,0.9425939321517944,0.950352668762207,0.9462956190109253,0.9515799283981323,0.6039808392524719,5.295618295669556,0.16684721410274506,0.695588231086731
28,1.01824951171875,0.7060661911964417,0.8943463563919067,0.5,0.5,0.5,0.49990764260292053,0.4996315538883209,0.4993542432785034,0.5,0.5,0.5649405121803284,0.4996310770511627,0.499446302652359,0.5,0.5,0.5,0.5,0.5,0.9070305228233337,0.5,0.497856080532074,0.6730217933654785,0.9341033697128296,0.9445185661315918,0.8854721784591675,0.9051053524017334,0.9167771339416504,0.8441187739372253,0.9436619281768799,0.8600010275840759,0.5,0.9199777245521545,0.5,0.4926131069660187,0.49972233176231384,0.5,0.9641126394271851,0.8226160407066345,0.6255202293395996,0.9560245275497437,0.7872380018234253,0.9455528259277344,0.950778603553772,0.9490706324577332,0.9503993988037109,0.6032357811927795,5.138363599777222,0.18149776756763458,0.7060661911964417
29,0.9957824945449829,0.7259191274642944,0.8974777460098267,0.4999077022075653,0.5,0.5,0.499815434217453,0.49963119626045227,0.4988935887813568,0.49953925609588623,0.4995388388633728,0.5607485175132751,0.4981556534767151,0.4984329044818878,0.5,0.5,0.4999077618122101,0.4999076724052429,0.499631404876709,0.9040385484695435,0.5,0.49625396728515625,0.70506352186203,0.931238055229187,0.9442121386528015,0.8797709941864014,0.9068841338157654,0.9185494184494019,0.8455547094345093,0.936344563961029,0.8493528366088867,0.5,0.9152165651321411,0.5,0.49234598875045776,0.4996296167373657,0.5,0.9592238664627075,0.8494768142700195,0.6393553018569946,0.9539546966552734,0.7919306755065918,0.9407992362976074,0.9545285105705261,0.9480676651000977,0.9517536163330078,0.6369170546531677,6.157376766204834,0.20173637568950653,0.7259191274642944

30,0.967377245426178,0.7345588207244873,0.9007096290588379,0.4998154938220978,0.5,0.5,0.5,0.49926185607910156,0.6034184694290161,0.4996310770511627,0.4996313452720642,0.6089901328086853,0.4982491731643677,0.49815496802330017,0.5,0.5,0.5,0.4999077022075653,0.49981561303138733,0.8957832455635071,0.5,0.4957983195781708,0.8347467184066772,0.9328514337539673,0.9455286264419556,0.8910598754882812,0.9131383895874023,0.9237995743751526,0.8505517244338989,0.942150354385376,0.8577251434326172,0.5,0.9188113212585449,0.5,0.48919668793678284,0.49823877215385437,0.5,0.9541541934013367,0.8697245121002197,0.6519785523414612,0.9546808004379272,0.7800111770629883,0.9413241147994995,0.9478973150253296,0.9464584589004517,0.954283595085144,0.6419280767440796,5.136808395385742,0.2149301916360855,0.7345588207244873

31,0.9400832056999207,0.7494485378265381,0.9044481515884399,0.4993540048599243,0.5,0.5,0.5,0.49926361441612244,0.7828576564788818,0.49880051612854004,0.4993542432785034,0.7916708588600159,0.6706581115722656,0.49787744879722595,0.5,0.5,0.5,0.4998154938220978,0.4995390772819519,0.8979062438011169,0.5,0.49692392349243164,0.8748134970664978,0.9296875,0.9473533630371094,0.9033573865890503,0.9138978719711304,0.9191400408744812,0.849666953086853,0.9429115056991577,0.8637911081314087,0.5,0.9224281311035156,0.5,0.48488757014274597,0.4920281767845154,0.5,0.9497939348220825,0.8700053691864014,0.6631127595901489,0.9559836387634277,0.782394528388977,0.94395911693573,0.9496001601219177,0.947353720664978,0.952655017375946,0.6472616791725159,5.218665361404419,0.22810524702072144,0.7494485378265381

32,0.9140499234199524,0.7487132549285889,0.9040013551712036,0.4995386600494385,0.5,0.5,0.5,0.49953898787498474,0.8501752018928528,0.4984314441680908,0.4997236132621765,0.9548128247261047,0.8659307360649109,0.49741506576538086,0.5,0.5,0.5,0.4999077320098877,0.4998154938220978,0.8906365633010864,0.5,0.4963490068912506,0.8827553987503052,0.9341055750846863,0.9480334520339966,0.9026851654052734,0.9201712608337402,0.9186844825744629,0.861548662185669,0.9490723609924316,0.8767136335372925,0.5,0.9285317659378052,0.4993544816970825,0.48559555411338806,0.4858228266239166,0.5,0.9562943577766418,0.8745744228363037,0.6271726489067078,0.9553555250167847,0.7845067977905273,0.9492565393447876,0.9545285701751709,0.9537432789802551,0.9565904140472412,0.65825355052948,5.205922603607178,0.2280118316411972,0.7487132549285889
33,0.906190037727356,0.7522059082984924,0.9057263135910034,0.4990759491920471,0.5,0.5,0.544808566570282,0.49907833337783813,0.9488747715950012,0.5799175500869751,0.4993537664413452,0.956497073173523,0.99704909324646,0.4962233006954193,0.4999076724052429,0.5,0.7102496027946472,0.49953874945640564,0.4995388388633728,0.8913809061050415,0.5,0.49288254976272583,0.937516987323761,0.9322114586830139,0.9571020007133484,0.906684398651123,0.9234277009963989,0.924314558506012,0.863791823387146,0.9554436206817627,0.8730776309967041,0.5,0.9207361936569214,0.4983403980731964,0.47387370467185974,0.49371767044067383,0.5,0.9575084447860718,0.8771878480911255,0.6428306102752686,0.95351642370224,0.7799590826034546,0.9480000138282776,0.9543765187263489,0.9524340629577637,0.9526237845420837,0.6562246084213257,6.279908180236816,0.2385926991701126,0.7522059082984924
34,0.8752709627151489,0.7766544222831726,0.9075111150741577,0.49787625670433044,0.5,0.5,0.5864834785461426,0.4989861845970154,0.9928992986679077,0.681139349937439,0.4982488453388214,0.9921528697013855,0.9969545602798462,0.4953806400299072,0.4998156428337097,0.49990779161453247,0.8676831722259521,0.49953916668891907,0.4979701042175293,0.8898053765296936,0.5,0.4941110610961914,0.8798466324806213,0.9341380000114441,0.9548380970954895,0.9187749624252319,0.9256898164749146,0.9295640587806702,0.866749107837677,0.9490396976470947,0.8662092685699463,0.49981561303138733,0.9293639063835144,0.49445778131484985,0.47336405515670776,0.4898868203163147,0.5,0.9604894518852234,0.8582462072372437,0.6726545095443726,0.9557949304580688,0.7858202457427979,0.9467747807502747,0.955988883972168,0.9521996974945068,0.9547561407089233,0.6514159440994263,6.5885162353515625,0.26038363575935364,0.7766544222831726

35,0.8270472884178162,0.7823529243469238,0.9150500297546387,0.4978798031806946,0.5,0.5,0.6646389961242676,0.4993547201156616,0.9934526085853577,0.9937223196029663,0.49880096316337585,0.9889401197433472,0.9947456121444702,0.49456220865249634,0.49935460090637207,0.49990758299827576,0.9986164569854736,0.49972349405288696,0.4970507025718689,0.885320246219635,0.5,0.49421101808547974,0.899868905544281,0.9352203607559204,0.9594312906265259,0.9213932156562805,0.9286121726036072,0.9302524328231812,0.8665585517883301,0.9492202401161194,0.8747392296791077,0.4994473159313202,0.9303445816040039,0.4833795130252838,0.472268283367157,0.481107622385025,0.4999077022075653,0.9570385217666626,0.8744256496429443,0.760521411895752,0.9568933248519897,0.7753111720085144,0.9449498653411865,0.9569862484931946,0.952067494392395,0.9548578858375549,0.6694325804710388,6.010729074478149,0.2601139545440674,0.7823529243469238
36,0.8437047004699707,0.7696691155433655,0.9139620065689087,0.49695852398872375,0.5,0.5,0.5291298031806946,0.49852561950683594,0.9908604025840759,0.9895737171173096,0.49788135290145874,0.9882711172103882,0.9911471605300903,0.4928940534591675,0.4992620050907135,0.4997229278087616,0.9964983463287354,0.499262273311615,0.49668264389038086,0.8834969401359558,0.5,0.49290117621421814,0.9483919143676758,0.9336493015289307,0.9577731490135193,0.9212328791618347,0.927021861076355,0.9309028387069702,0.8666857481002808,0.9568160176277161,0.8821855783462524,0.4981536269187927,0.9254394173622131,0.6650102138519287,0.47522562742233276,0.48224523663520813,0.5,0.9568386077880859,0.9232431650161743,0.7669196724891663,0.9518800973892212,0.7801523804664612,0.945652186870575,0.9533803462982178,0.950697660446167,0.9566914439201355,0.6609688401222229,6.359986305236816,0.2564539313316345,0.7696691155433655
37,0.8027485609054565,0.7849264740943909,0.9158643484115601,0.4960295557975769,0.5,0.5,0.7733513712882996,0.498247891664505,0.9869076013565063,0.9879128932952881,0.4978789985179901,0.984046459197998,0.9888437986373901,0.4904911518096924,0.4982462525367737,0.4998156428337097,0.9956594109535217,0.49953874945640564,0.49659112095832825,0.9029422998428345,0.5,0.494675874710083,0.9527367949485779,0.9341151714324951,0.9581589698791504,0.9265096783638,0.9340732097625732,0.9276902675628662,0.8685611486434937,0.950437605381012,0.879330039024353,0.6017582416534424,0.9238466024398804,0.8514660000801086,0.47453874349594116,0.4795483946800232,0.49889299273490906,0.9530870914459229,0.945354700088501,0.7431124448776245,0.9509310722351074,0.7766728401184082,0.948515772819519,0.9541403651237488,0.9508729577064514,0.9551031589508057,0.6678018569946289,7.320058107376099,0.2592809200286865,0.7849264740943909
38,0.8098655939102173,0.7939338088035583,0.9179826378822327,0.551313579082489,0.4998156428337097,0.4999077022075653,0.8020588159561157,0.4978798031806946,0.9892106056213379,0.9870729446411133,0.5420399904251099,0.9853348135948181,0.9883849620819092,0.6319695115089417,0.6444772481918335,0.49944639205932617,0.9928123950958252,0.49889320135116577,0.4952056109905243,0.8920496702194214,0.5,0.49589553475379944,0.9520829319953918,0.9332191944122314,0.959962010383606,0.934700071811676,0.9318526983261108,0.929645836353302,0.8674961924552917,0.9560303688049316,0.871782660484314,0.6874247193336487,0.9216957092285156,0.9630382657051086,0.5050287246704102,0.4798334836959839,0.49953943490982056,0.9505432844161987,0.942729651927948,0.8190856575965881,0.9503532648086548,0.7774990797042847,0.948058009147644,0.955991804599762,0.9518498182296753,0.9529039859771729,0.659888744354248,5.791871547698975,0.2827778458595276,0.7939338088035583

39,0.7652344703674316,0.7981617450714111,0.9202398061752319,0.7324149012565613,0.49990779161453247,0.4999077618122101,0.9021835327148438,0.49667835235595703,0.983644425868988,0.98207688331604,0.6261444091796875,0.9837788343429565,0.9880272746086121,0.685437798500061,0.7532594203948975,0.49917036294937134,0.9911471605300903,0.4980616569519043,0.4914206564426422,0.8905237913131714,0.5,0.4946788549423218,0.952946662902832,0.9392212629318237,0.9608646035194397,0.9340481758117676,0.9338882565498352,0.9310377836227417,0.8691020011901855,0.956497073173523,0.8782832026481628,0.8513374924659729,0.9178399443626404,0.9364172220230103,0.6104533672332764,0.4803812801837921,0.4984320104122162,0.9436461925506592,0.9453632831573486,0.8300853967666626,0.9510678052902222,0.7728965282440186,0.9480000138282776,0.9540464878082275,0.9556750655174255,0.9530669450759888,0.6719932556152344,5.605546236038208,0.27679088711738586,0.7981617450714111
40,0.7742888331413269,0.8016543984413147,0.9218087196350098,0.8075221180915833,0.49990764260292053,0.49972328543663025,0.9190959930419922,0.4945572018623352,0.9779479503631592,0.9759314060211182,0.7915207147598267,0.9859856367111206,0.9878251552581787,0.7756244540214539,0.9877980947494507,0.4968605637550354,0.9910533428192139,0.49038460850715637,0.578830897808075,0.8935776352882385,0.5,0.4965440034866333,0.9504950642585754,0.9390127658843994,0.9615238904953003,0.937974214553833,0.9355728626251221,0.9365139603614807,0.8731300830841064,0.957042396068573,0.8728086948394775,0.6691868305206299,0.9166512489318848,0.9432446956634521,0.7046293020248413,0.47893181443214417,0.499355673789978,0.9452438354492188,0.9464019536972046,0.8371359705924988,0.9535661339759827,0.7754969596862793,0.9492201805114746,0.9545877575874329,0.9561419486999512,0.9534710645675659,0.671897292137146,5.729843854904175,0.2955973148345947,0.8016543984413147

41,0.7651533484458923,0.8036764860153198,0.9226059913635254,0.7437223196029663,0.497970849275589,0.49972355365753174,0.9079060554504395,0.4918002486228943,0.975452184677124,0.9785977602005005,0.7839756608009338,0.9843202233314514,0.9821033477783203,0.9738737344741821,0.9847673177719116,0.4913251996040344,0.9891846776008606,0.48550859093666077,0.48866358399391174,0.906862735748291,0.5,0.4936448633670807,0.9561927914619446,0.9436311721801758,0.9609538316726685,0.9411596059799194,0.9377613067626953,0.9328018426895142,0.8807670474052429,0.9607712626457214,0.8713985681533813,0.7666051387786865,0.917222261428833,0.9223819971084595,0.7170113325119019,0.4803885221481323,0.49981576204299927,0.9432730078697205,0.9446202516555786,0.8418604731559753,0.9539632797241211,0.7731507420539856,0.9516099095344543,0.9548746347427368,0.9556421637535095,0.9515799283981323,0.6736673712730408,6.0273706912994385,0.2965756952762604,0.8036764860153198
42,0.7429680824279785,0.8088235259056091,0.9199234843254089,0.9354994297027588,0.49723806977272034,0.49990779161453247,0.7832841873168945,0.48966026306152344,0.9761070013046265,0.9786782264709473,0.7392145991325378,0.9840317964553833,0.9825581312179565,0.971868634223938,0.9845855236053467,0.4890221357345581,0.9848736524581909,0.48415330052375793,0.7919793128967285,0.9176840782165527,0.5,0.4925960600376129,0.9556595087051392,0.9441807270050049,0.9611659646034241,0.9507403373718262,0.9388993978500366,0.9354838728904724,0.8796842098236084,0.959832489490509,0.8883190751075745,0.7682522535324097,0.924292802810669,0.929520308971405,0.6957966089248657,0.47579747438430786,0.49870777130126953,0.9429693222045898,0.9460638761520386,0.8308877944946289,0.955406904220581,0.774577260017395,0.9499165415763855,0.9567843675613403,0.9591323733329773,0.9557949304580688,0.6709772944450378,5.794544696807861,0.30209922790527344,0.8088235259056091

43,0.7260472774505615,0.8084558844566345,0.9247028827667236,0.9884771108627319,0.4992625415325165,0.49548137187957764,0.8157846331596375,0.5576806664466858,0.9788784384727478,0.9820144176483154,0.8309365510940552,0.9836956262588501,0.9824658632278442,0.9771554470062256,0.984663724899292,0.49023762345314026,0.9854323863983154,0.48802506923675537,0.9879106283187866,0.9223372936248779,0.5,0.48999813199043274,0.9546135067939758,0.9470318555831909,0.9594569206237793,0.9507431387901306,0.9387716054916382,0.9358828067779541,0.8747859001159668,0.9550219178199768,0.8869001865386963,0.9303973913192749,0.9271817803382874,0.9091328382492065,0.7313942909240723,0.46968576312065125,0.49491870403289795,0.9395583868026733,0.9457249045372009,0.8332403302192688,0.9533630609512329,0.7764869928359985,0.9490629434585571,0.9536675810813904,0.9553654193878174,0.955146074295044,0.6794018149375916,5.602521896362305,0.2983859181404114,0.8084558844566345
44,0.706989586353302,0.807536780834198,0.9248225688934326,0.9891144037246704,0.4925166368484497,0.4914127290248871,0.9905939102172852,0.791900634765625,0.9750876426696777,0.9788628816604614,0.9869998097419739,0.9854297637939453,0.9815702438354492,0.9779601693153381,0.9810675978660583,0.4907868206501007,0.9860700964927673,0.486154705286026,0.9871960282325745,0.9212182760238647,0.5,0.4929945766925812,0.9552252888679504,0.9526206254959106,0.9629735350608826,0.9528391361236572,0.9412604570388794,0.9374405741691589,0.8811195492744446,0.9608272910118103,0.8854998350143433,0.9797047972679138,0.9240459203720093,0.9086050987243652,0.7136900424957275,0.46694445610046387,0.4938271641731262,0.9413408041000366,0.9507800936698914,0.8297040462493896,0.9516459107398987,0.77308189868927,0.9518083333969116,0.955759584903717,0.954892098903656,0.9521908760070801,0.6797282695770264,5.87619948387146,0.3015679121017456,0.807536780834198
45,0.7170049548149109,0.8090073466300964,0.9241984486579895,0.9855085611343384,0.48632919788360596,0.4853266775608063,0.9893008470535278,0.9345196485519409,0.9716528058052063,0.9729555249214172,0.98275226354599,0.9791551232337952,0.9795240759849548,0.9755128622055054,0.9763750433921814,0.4915066361427307,0.9835823774337769,0.4837608337402344,0.985767126083374,0.9178704023361206,0.5,0.49298539757728577,0.9499439001083374,0.9525575637817383,0.9621601104736328,0.9571999311447144,0.9420552253723145,0.9391403198242188,0.8842415809631348,0.960095226764679,0.8913333415985107,0.9770252704620361,0.9206231832504272,0.9057074189186096,0.8188018798828125,0.4654885232448578,0.4934538006782532,0.938385546207428,0.9524739980697632,0.8423247933387756,0.9541566371917725,0.779594898223877,0.9476614594459534,0.958518922328949,0.9575060606002808,0.9561989307403564,0.6830228567123413,5.695758104324341,0.3197830617427826,0.8090073466300964
46,0.7086155414581299,0.8119485378265381,0.9235892295837402,0.9813549518585205,0.4843057692050934,0.4871889352798462,0.9898505210876465,0.9817444086074829,0.9729032516479492,0.9771217703819275,0.9827268123626709,0.983308732509613,0.9813446998596191,0.9717868566513062,0.9803469181060791,0.4865313768386841,0.9842134714126587,0.4850470721721649,0.985511302947998,0.9159095287322998,0.5,0.4927157163619995,0.9559537172317505,0.9549172520637512,0.9638931155204773,0.9647472500801086,0.9420303702354431,0.9443706274032593,0.8813543319702148,0.9592205286026001,0.8937239646911621,0.9706912040710449,0.9209892749786377,0.8723227381706238,0.7156717777252197,0.4664752781391144,0.49188491702079773,0.9402173757553101,0.9506780505180359,0.8460752964019775,0.9488393664360046,0.7769302129745483,0.943719744682312,0.9541659355163574,0.9573318362236023,0.9525934457778931,0.6738591194152832,6.686112880706787,0.3279934525489807,0.8119485378265381
47,0.6841418743133545,0.8216911554336548,0.9223388433456421,0.9797858595848083,0.48253878951072693,0.48790398240089417,0.9894756078720093,0.9785938262939453,0.9733444452285767,0.9765639305114746,0.9810032844543457,0.9812799692153931,0.9785054922103882,0.9700554609298706,0.9814848899841309,0.4848652780056,0.9849714040756226,0.48221853375434875,0.9868178367614746,0.919963002204895,0.5,0.49083083868026733,0.9571802616119385,0.9545282125473022,0.9678951501846313,0.9689812064170837,0.9439270496368408,0.9429415464401245,0.8813318014144897,0.960106372833252,0.9009844660758972,0.9705773591995239,0.9178690314292908,0.8690476417541504,0.6984672546386719,0.46624746918678284,0.49270814657211304,0.9370204210281372,0.9505014419555664,0.8518827557563782,0.9494141340255737,0.769159197807312,0.9451876878738403,0.9562709331512451,0.958279013633728,0.9558031558990479,0.6781253814697266,5.666067838668823,0.33503594994544983,0.8216911554336548

48,0.6589552760124207,0.8327205777168274,0.9242240786552429,0.9808153510093689,0.7090405821800232,0.4857037365436554,0.9900479316711426,0.9810920357704163,0.9810312986373901,0.9801623821258545,0.9835762977600098,0.9845075607299805,0.9814609885215759,0.9689286351203918,0.9855326414108276,0.4874700605869293,0.9873639345169067,0.48251619935035706,0.9881106019020081,0.927552342414856,0.5,0.49160289764404297,0.9638059735298157,0.9561035633087158,0.9679855108261108,0.9627578258514404,0.9409142732620239,0.9407246112823486,0.8782625198364258,0.9581828117370605,0.9018212556838989,0.9686578512191772,0.9261763691902161,0.8657501339912415,0.6651308536529541,0.4619866907596588,0.4864441156387329,0.932447612285614,0.9524693489074707,0.8566251993179321,0.9442275762557983,0.7765601873397827,0.9417566061019897,0.9533606767654419,0.9553837776184082,0.9531598091125488,0.6749669313430786,5.923047304153442,0.3421883285045624,0.8327205777168274

49,0.6707722544670105,0.8270220756530762,0.9256604909896851,0.9773229956626892,0.8071650266647339,0.48303207755088806,0.9861546754837036,0.9784976243972778,0.9809075593948364,0.9785134792327881,0.9809893369674683,0.9811738729476929,0.9800000190734863,0.9656826257705688,0.9850249290466309,0.48450756072998047,0.9840376377105713,0.8802198171615601,0.985890805721283,0.9238969087600708,0.5,0.49411216378211975,0.9664924144744873,0.9528481960296631,0.9670224785804749,0.9664065837860107,0.9462549686431885,0.9430932998657227,0.8795157670974731,0.9572405815124512,0.8946869373321533,0.9685250520706177,0.9201111793518066,0.8615980744361877,0.7788536548614502,0.46296295523643494,0.4868251383304596,0.9364335536956787,0.9521908760070801,0.8576730489730835,0.9444341659545898,0.7770144939422607,0.9432597756385803,0.9513463377952576,0.9555700421333313,0.9530025720596313,0.684973955154419,5.700637578964233,0.34251877665519714,0.8270220756530762
50,0.6552915573120117,0.826286792755127,0.9266351461410522,0.9755625128746033,0.7902511358261108,0.483686625957489,0.9849824905395508,0.9746403694152832,0.9768279194831848,0.9765898585319519,0.9778393507003784,0.9773693084716797,0.976999819278717,0.9633561372756958,0.9781966209411621,0.48156681656837463,0.981549859046936,0.9659531116485596,0.9832010269165039,0.9244863986968994,0.5,0.4904494285583496,0.9591760635375977,0.9587619304656982,0.968654990196228,0.9705938100814819,0.9469220638275146,0.9447092413902283,0.8852084875106812,0.9603490829467773,0.8947017192840576,0.9678221940994263,0.9240236878395081,0.8676633834838867,0.9147151112556458,0.4651787281036377,0.48644912242889404,0.9346892833709717,0.9567557573318481,0.8623793721199036,0.9493953585624695,0.778274655342102,0.9502228498458862,0.9573521614074707,0.9607733488082886,0.9523809552192688,0.6931359767913818,6.570733070373535,0.347435861825943,0.826286792755127

51,0.6396428346633911,0.8226103186607361,0.9276397824287415,0.9766476154327393,0.8907431364059448,0.4852425754070282,0.9884686470031738,0.9723144769668579,0.9774068593978882,0.9795089960098267,0.9791320562362671,0.9779682755470276,0.9766820669174194,0.9602178335189819,0.9796087741851807,0.48340708017349243,0.9845912456512451,0.970674991607666,0.9860649704933167,0.9321376085281372,0.5,0.49129214882850647,0.9618055820465088,0.9577304124832153,0.9679012298583984,0.9728468060493469,0.9496759176254272,0.947333574295044,0.8858095407485962,0.9590676426887512,0.9040586948394775,0.967637836933136,0.9304629564285278,0.8661932945251465,0.9062961339950562,0.46431219577789307,0.4867232143878937,0.9356167316436768,0.9582405090332031,0.8592178821563721,0.9518836140632629,0.7751765251159668,0.9475492238998413,0.9601408839225769,0.9590057134628296,0.9546805620193481,0.7049683928489685,5.7726311683654785,0.3436970114707947,0.8226103186607361
52,0.6249497532844543,0.836213231086731,0.9296618700027466,0.9749953746795654,0.9159529805183411,0.48552462458610535,0.9866310358047485,0.9740535616874695,0.9779357314109802,0.9803577661514282,0.9796237945556641,0.980453610420227,0.9789861440658569,0.9655904173851013,0.9818400144577026,0.48675253987312317,0.9845883846282959,0.8935202360153198,0.9867208003997803,0.9357857704162598,0.5,0.49279969930648804,0.9624369144439697,0.9590132832527161,0.968845009803772,0.9741837382316589,0.9479681253433228,0.9441468715667725,0.8878247737884521,0.9613118171691895,0.8992388248443604,0.9659468531608582,0.9320244789123535,0.8721166253089905,0.907591700553894,0.46581435203552246,0.4870022237300873,0.9393740892410278,0.9550092816352844,0.8456169366836548,0.9472510814666748,0.7745627164840698,0.9469528198242188,0.957543671131134,0.9577373266220093,0.953282356262207,0.6878119707107544,5.77596378326416,0.3594473898410797,0.836213231086731
53,0.6439122557640076,0.8261029124259949,0.9247605800628662,0.9750784635543823,0.9784013032913208,0.48041027784347534,0.9845770597457886,0.9710438847541809,0.9728982448577881,0.9793319702148438,0.9795316457748413,0.9789628982543945,0.9790513515472412,0.9671028256416321,0.9817039370536804,0.4882005751132965,0.9817444086074829,0.47767940163612366,0.9862368106842041,0.9351971745491028,0.5,0.4927929639816284,0.9641389846801758,0.9597481489181519,0.9729626774787903,0.9728726148605347,0.9518975019454956,0.9445497989654541,0.8862167596817017,0.9577878713607788,0.900419294834137,0.9660516977310181,0.9257609844207764,0.8732680678367615,0.9130796194076538,0.4617810845375061,0.4826759994029999,0.9353843331336975,0.9538447260856628,0.8519724607467651,0.9471635222434998,0.7766610980033875,0.9442172050476074,0.9574211835861206,0.9589996337890625,0.9517119526863098,0.6975054144859314,5.700352668762207,0.3723159432411194,0.8261029124259949
54,0.6128520965576172,0.8343750238418579,0.9270370006561279,0.9732768535614014,0.9802510142326355,0.47832903265953064,0.9853537082672119,0.9723144769668579,0.9791551232337952,0.9803505539894104,0.9794470071792603,0.9812557697296143,0.9790513515472412,0.9665989875793457,0.9819221496582031,0.4854377806186676,0.985511302947998,0.4752904176712036,0.9852398633956909,0.9354270696640015,0.5,0.4925205707550049,0.9680651426315308,0.9632366895675659,0.9760189652442932,0.9734834432601929,0.9486594200134277,0.9520821571350098,0.8907651305198669,0.9616993069648743,0.900894045829773,0.9622641801834106,0.9272105097770691,0.8609216213226318,0.8935757875442505,0.4655236303806305,0.4851585626602173,0.9371033906936646,0.9561663866043091,0.8544186353683472,0.9499627947807312,0.7708566188812256,0.9457371234893799,0.9563683271408081,0.9583101272583008,0.95151686668396,0.6974732279777527,6.648942470550537,0.3745444715023041,0.8343750238418579
55,0.6087367534637451,0.8413602709770203,0.9255343675613403,0.9741601943969727,0.9790590405464172,0.478874534368515,0.9872764348983765,0.9714022278785706,0.9789706468582153,0.9798818826675415,0.9786096215248108,0.978581964969635,0.9774907827377319,0.9662724137306213,0.9812523126602173,0.4826536178588867,0.9848819971084595,0.4772056043148041,0.9850773811340332,0.9435304999351501,0.5,0.49420344829559326,0.9723411798477173,0.9657949209213257,0.9776318073272705,0.972105860710144,0.9497243762016296,0.9502835273742676,0.8882867097854614,0.9610984325408936,0.9091514348983765,0.9581639766693115,0.9332531094551086,0.874538779258728,0.8966629505157471,0.46369698643684387,0.4853348135948181,0.9381886124610901,0.9586976766586304,0.8590410947799683,0.9455693960189819,0.7712132930755615,0.9378137588500977,0.954866886138916,0.9590849876403809,0.9508638381958008,0.6936491131782532,5.97393274307251,0.3908831477165222,0.8413602709770203
56,0.5936673283576965,0.8448529243469238,0.9265240430831909,0.9723864197731018,0.9786056876182556,0.47851741313934326,0.985709011554718,0.970674991607666,0.9774026870727539,0.978762686252594,0.9786860942840576,0.9777839183807373,0.9767313003540039,0.9650239944458008,0.979601263999939,0.482587069272995,0.9843028783798218,0.476383775472641,0.9848763942718506,0.9387527704238892,0.5,0.494010865688324,0.9708801507949829,0.9628891348838806,0.9778052568435669,0.9752606749534607,0.9502946138381958,0.9493249654769897,0.8879703283309937,0.9605088233947754,0.9042980074882507,0.9580180644989014,0.9305040836334229,0.8745850324630737,0.9013460874557495,0.4630897343158722,0.483945369720459,0.9349494576454163,0.9557291269302368,0.86094069480896,0.9501209855079651,0.7803521752357483,0.9391239881515503,0.956558108329773,0.9590681195259094,0.9530494213104248,0.6961126327514648,5.872397422790527,0.3832433521747589,0.8448529243469238

57,0.5855725407600403,0.8422794342041016,0.9282040596008301,0.9732852578163147,0.9359961748123169,0.4814099073410034,0.9843173027038574,0.9719763994216919,0.9778188467025757,0.9778720140457153,0.9790629148483276,0.9798744320869446,0.9779682755470276,0.9644239544868469,0.9802656173706055,0.48341014981269836,0.9829975962638855,0.47741103172302246,0.9849852323532104,0.9363080859184265,0.5,0.4945855140686035,0.9688025712966919,0.9633867144584656,0.9771130084991455,0.9758141040802002,0.9496300220489502,0.949924111366272,0.8877512216567993,0.9602630138397217,0.9035938382148743,0.9557980298995972,0.9261384606361389,0.8742161989212036,0.89466392993927,0.46301090717315674,0.481099009513855,0.9359910488128662,0.9533395171165466,0.8584326505661011,0.9467729926109314,0.7727357149124146,0.9359403848648071,0.9521949291229248,0.9595198631286621,0.9514211416244507,0.6993494629859924,5.712828636169434,0.3892860412597656,0.8422794342041016
58,0.5905150175094604,0.8380514979362488,0.925230860710144,0.9666359424591064,0.9776464104652405,0.4810815751552582,0.9827268123626709,0.9687788486480713,0.972643256187439,0.9802583456039429,0.9786056876182556,0.978348970413208,0.9775830507278442,0.9650562405586243,0.9825161695480347,0.4816149175167084,0.9804391860961914,0.47739851474761963,0.98634934425354,0.9449999928474426,0.5,0.49354538321495056,0.9679379463195801,0.9643198251724243,0.9780626893043518,0.9749144911766052,0.9561487436294556,0.9473733901977539,0.8915685415267944,0.9575275182723999,0.9096109867095947,0.958918035030365,0.9383105039596558,0.8774473667144775,0.9028750658035278,0.46265751123428345,0.4812523126602173,0.9350831508636475,0.9568532705307007,0.8662952780723572,0.9535077810287476,0.7832155227661133,0.9390989542007446,0.9590285420417786,0.9638878703117371,0.9578067064285278,0.7007746696472168,6.269706726074219,0.39033639430999756,0.8380514979362488
59,0.5667734146118164,0.8454043865203857,0.925194501876831,0.9681851863861084,0.9784132838249207,0.47929760813713074,0.9841357469558716,0.9708540439605713,0.9752721786499023,0.9812799692153931,0.9797933101654053,0.9834932088851929,0.9800590872764587,0.9670846462249756,0.9814575910568237,0.4793205261230469,0.9847785830497742,0.5171929597854614,0.9866161942481995,0.9475873708724976,0.5,0.49531835317611694,0.973713755607605,0.9649554491043091,0.9765580296516418,0.9767001271247864,0.9554146528244019,0.9478276968002319,0.8941723704338074,0.9669005870819092,0.9123555421829224,0.9565578699111938,0.9293931722640991,0.8765226602554321,0.8992619514465332,0.46535754203796387,0.4844846725463867,0.939170241355896,0.9590452909469604,0.8791627883911133,0.9504830837249756,0.7791496515274048,0.9379773139953613,0.9568485617637634,0.9613741636276245,0.9523676633834839,0.6892446279525757,5.861909866333008,0.4026837944984436,0.8454043865203857
60,0.5595018267631531,0.8604779243469238,0.9285589456558228,0.9683812856674194,0.9610979557037354,0.6470949649810791,0.9836745858192444,0.9713916778564453,0.9747875928878784,0.9797122478485107,0.9776381254196167,0.9829681515693665,0.9776381254196167,0.9667774438858032,0.9804391860961914,0.4779682755470276,0.9840346574783325,0.7098469734191895,0.9869027733802795,0.9485375881195068,0.5,0.49449625611305237,0.9721807241439819,0.9683640599250793,0.9767552614212036,0.9780011177062988,0.9550744295120239,0.9501522183418274,0.8939249515533447,0.9633448123931885,0.9073296785354614,0.9582871794700623,0.9328771829605103,0.8822119832038879,0.9030029773712158,0.46506673097610474,0.4831087291240692,0.9378262758255005,0.9596984386444092,0.8769302368164062,0.9531075954437256,0.7810699939727783,0.933574914932251,0.9578313231468201,0.9629836082458496,0.9538789987564087,0.6997567415237427,5.779234886169434,0.42726796865463257,0.8604779243469238

61,0.5410741567611694,0.8555147051811218,0.9285973310470581,0.9667097330093384,0.9800921678543091,0.9259225130081177,0.9842250943183899,0.9704960584640503,0.9774949550628662,0.9802546501159668,0.9769159555435181,0.984501838684082,0.9765596389770508,0.9656445980072021,0.9804356098175049,0.4777757227420807,0.9838471412658691,0.4769585132598877,0.9870753288269043,0.9524602293968201,0.5,0.49690431356430054,0.9744020700454712,0.9618009328842163,0.974366307258606,0.9778391122817993,0.9517626762390137,0.9466793537139893,0.8912297487258911,0.967665433883667,0.90395587682724,0.9599409103393555,0.9345127940177917,0.8958371877670288,0.9072774648666382,0.454284131526947,0.48450183868408203,0.9362359642982483,0.960736870765686,0.8791983723640442,0.9503065347671509,0.781679630279541,0.9361761808395386,0.9603822231292725,0.9627294540405273,0.9567199945449829,0.701006293296814,5.604016542434692,0.4196564555168152,0.8555147051811218

62,0.5455114841461182,0.8630514740943909,0.9264748096466064,0.9630005359649658,0.9822714328765869,0.4776036739349365,0.9841415882110596,0.9698673486709595,0.9791281819343567,0.982745885848999,0.9778883457183838,0.9859804511070251,0.978762686252594,0.9648847579956055,0.9823106527328491,0.4802655875682831,0.9854270219802856,0.5212758779525757,0.9865412712097168,0.9497315287590027,0.5,0.49392181634902954,0.9767246246337891,0.9695965051651001,0.9756515026092529,0.9758049249649048,0.9523357152938843,0.9526565074920654,0.8943701982498169,0.9727342128753662,0.9102612733840942,0.9548900127410889,0.9308176040649414,0.9028571844100952,0.8969177007675171,0.46091145277023315,0.4846835136413574,0.9354026913642883,0.9570072889328003,0.8814126253128052,0.9481158256530762,0.778924822807312,0.9267929792404175,0.9580152630805969,0.9614309668540955,0.9480326771736145,0.6925104260444641,5.704838991165161,0.42301928997039795,0.8630514740943909
63,0.5378981232643127,0.8602941036224365,0.9272700548171997,0.9581335186958313,0.9803469181060791,0.4787057638168335,0.9841269850730896,0.9752210378646851,0.9798744320869446,0.9829304218292236,0.9785253405570984,0.9858856201171875,0.9794280529022217,0.9677597284317017,0.9830508232116699,0.4802437126636505,0.9860649704933167,0.8268450498580933,0.9864416122436523,0.9498240947723389,0.5,0.49522829055786133,0.975229024887085,0.9696595072746277,0.976814866065979,0.9785497188568115,0.9551573991775513,0.9489176273345947,0.8932316303253174,0.974028468132019,0.9143588542938232,0.951985239982605,0.9296585321426392,0.9064575433731079,0.9014955759048462,0.4580400288105011,0.4824593663215637,0.9363247156143188,0.9566388130187988,0.8774656057357788,0.9503440856933594,0.7735393047332764,0.9295814037322998,0.9551115036010742,0.9583333730697632,0.9512557983398438,0.6894790530204773,6.166651964187622,0.43553638458251953,0.8602941036224365
64,0.5369793176651001,0.8591911792755127,0.9323208332061768,0.9521875381469727,0.9775540232658386,0.478549063205719,0.9826568365097046,0.9692974090576172,0.9768748879432678,0.9789474010467529,0.9759881496429443,0.9830007553100586,0.9760937690734863,0.9654790163040161,0.9809752702713013,0.4757693111896515,0.9837728142738342,0.9139082431793213,0.984501838684082,0.9514904618263245,0.5,0.4960813522338867,0.9725295305252075,0.9616190195083618,0.9756864905357361,0.9768060445785522,0.9531842470169067,0.9453095197677612,0.8897547721862793,0.9633913040161133,0.909584641456604,0.9529172778129578,0.9299888610839844,0.9127745628356934,0.8953982591629028,0.45077720284461975,0.48211321234703064,0.9327785968780518,0.9580003619194031,0.8875232934951782,0.9476668834686279,0.7857275605201721,0.9240789413452148,0.9576650857925415,0.95839524269104,0.9515979290008545,0.7020537853240967,5.788678407669067,0.439473420381546,0.8591911792755127
65,0.5341045260429382,0.8617647290229797,0.9274495840072632,0.9493087530136108,0.9732422828674316,0.47812846302986145,0.981224536895752,0.9679594039916992,0.9775581955909729,0.9783933162689209,0.9734317064285278,0.9812799692153931,0.9752264618873596,0.9599113464355469,0.9796823263168335,0.47518908977508545,0.984043538570404,0.9629937410354614,0.9840317964553833,0.9465245604515076,0.5,0.498691588640213,0.975946307182312,0.9694111347198486,0.9749716520309448,0.9808312654495239,0.9542787075042725,0.9515088200569153,0.8935360908508301,0.9671177864074707,0.9141232371330261,0.9487534761428833,0.9266481399536133,0.8955334424972534,0.8881093263626099,0.46159541606903076,0.48192882537841797,0.937126874923706,0.9584029912948608,0.8849869966506958,0.9502051472663879,0.7749999761581421,0.9229624271392822,0.9517356157302856,0.9587523341178894,0.9482149481773376,0.6950661540031433,5.689759254455566,0.4679672122001648,0.8617647290229797
66,0.4805000424385071,0.882536768913269,0.930392861366272,0.9508574604988098,0.9806594252586365,0.48135843873023987,0.9849658608436584,0.9719204902648926,0.9819944500923157,0.9822779893875122,0.9775198101997375,0.9850691556930542,0.9785293340682983,0.9670603275299072,0.9834009408950806,0.4795089662075043,0.9880118370056152,0.9723349213600159,0.9873709678649902,0.9532493948936462,0.5,0.49747946858406067,0.9818062782287598,0.964910626411438,0.9770169854164124,0.9799429774284363,0.9560083746910095,0.9500285387039185,0.8900588154792786,0.9642993211746216,0.9154488444328308,0.9557522535324097,0.929246187210083,0.8984130024909973,0.8882526755332947,0.4560704231262207,0.48255491256713867,0.935171365737915,0.9654883742332458,0.8893214464187622,0.9476863145828247,0.780744194984436,0.9237209558486938,0.9572570323944092,0.9616313576698303,0.9488922357559204,0.7059890031814575,5.774267673492432,0.4874803423881531,0.882536768913269

67,0.5014075040817261,0.8665441274642944,0.9304719567298889,0.9487273693084717,0.9826728105545044,0.49743545055389404,0.9866137504577637,0.973800778388977,0.9820243120193481,0.9827649593353271,0.9796050190925598,0.9872764348983765,0.9802619218826294,0.9672509431838989,0.9846863746643066,0.47923970222473145,0.9890363216400146,0.9753780961036682,0.9894969463348389,0.9538888931274414,0.5,0.4995327889919281,0.9818589687347412,0.9679098725318909,0.9760501384735107,0.9797335863113403,0.9566951990127563,0.9490784406661987,0.8946018218994141,0.9704203605651855,0.9168245792388916,0.9567422866821289,0.936008870601654,0.8997229933738708,0.8921785354614258,0.45638081431388855,0.4842309057712555,0.9357609748840332,0.963523268699646,0.8972831964492798,0.9521990418434143,0.7823420166969299,0.926888108253479,0.9626212120056152,0.9659724831581116,0.9522086381912231,0.6954367756843567,6.490225315093994,0.4582322835922241,0.8665441274642944
68,0.49598515033721924,0.8693014979362488,0.9314957857131958,0.9465903043746948,0.9820010662078857,0.5225221514701843,0.9826600551605225,0.972406804561615,0.9803251028060913,0.9833179712295532,0.9743353128433228,0.9855139255523682,0.9779682755470276,0.965634822845459,0.9823800325393677,0.4778883457183838,0.9860726594924927,0.9713758230209351,0.9872411489486694,0.9537962675094604,0.5,0.49906453490257263,0.9758607745170593,0.9650941491127014,0.9735394716262817,0.9815974235534668,0.9563318490982056,0.9481382966041565,0.8895769715309143,0.9688331484794617,0.9189112186431885,0.9550820589065552,0.9371645450592041,0.9036122560501099,0.9035589098930359,0.45894211530685425,0.48255491256713867,0.9328022599220276,0.9686456322669983,0.8911792039871216,0.9511922597885132,0.785528302192688,0.9240200519561768,0.9588301181793213,0.9645639657974243,0.9520407915115356,0.6990726590156555,5.789097785949707,0.47219318151474,0.8693014979362488
69,0.469830721616745,0.8773897290229797,0.9328402876853943,0.944844126701355,0.9810885190963745,0.8847767114639282,0.9850691556930542,0.9743636846542358,0.9809252023696899,0.985511302947998,0.9763880968093872,0.985153079032898,0.9811947345733643,0.9689979553222656,0.9842134714126587,0.4810955226421356,0.9877419471740723,0.5869903564453125,0.9863393306732178,0.9616096019744873,0.5,0.49953341484069824,0.9802730083465576,0.9609835147857666,0.9759771227836609,0.9794403314590454,0.9565507173538208,0.9486936330795288,0.8897645473480225,0.9659286141395569,0.9128623008728027,0.9560611248016357,0.9380096197128296,0.9054428339004517,0.9063767194747925,0.4481639564037323,0.4836745858192444,0.9332708120346069,0.9657063484191895,0.8930835127830505,0.9517780542373657,0.7819228172302246,0.9201899766921997,0.9592235088348389,0.9636482000350952,0.9492672681808472,0.7044382691383362,6.268150806427002,0.499257355928421,0.8773897290229797
70,0.4704689085483551,0.8869485259056091,0.9307925701141357,0.9453556537628174,0.9794394373893738,0.9741363525390625,0.984311580657959,0.969948410987854,0.9814541339874268,0.9844989776611328,0.974884569644928,0.9846082925796509,0.9807053208351135,0.965768575668335,0.9829524755477905,0.47848567366600037,0.9879039525985718,0.47426673769950867,0.9856984615325928,0.9545117616653442,0.5,0.49971967935562134,0.9820264577865601,0.9675275087356567,0.9781374335289001,0.9823629856109619,0.9592282772064209,0.9492395520210266,0.8979630470275879,0.9707841873168945,0.9186311960220337,0.9628434181213379,0.9383081197738647,0.9017164707183838,0.9031780958175659,0.44931429624557495,0.48290202021598816,0.9374065399169922,0.9678915739059448,0.8924710750579834,0.9557514190673828,0.7806122303009033,0.9262796640396118,0.9630317687988281,0.9709497094154358,0.9540048241615295,0.7050479650497437,5.871212959289551,0.5344849824905396,0.8869485259056091

71,0.481851726770401,0.8849264979362488,0.9324256181716919,0.9414480924606323,0.9771971702575684,0.917332649230957,0.9813480973243713,0.9691073298454285,0.9801183938980103,0.9833886623382568,0.9729555249214172,0.983945369720459,0.9794280529022217,0.9617652893066406,0.9813584089279175,0.47652798891067505,0.9851475954055786,0.47253456711769104,0.9851284027099609,0.9558143615722656,0.5,0.49944040179252625,0.9807620048522949,0.9665716886520386,0.9753802418708801,0.9817490577697754,0.9641098380088806,0.9489446878433228,0.8977402448654175,0.9735444784164429,0.9217358231544495,0.9583717584609985,0.9396408200263977,0.9098118543624878,0.9049419164657593,0.4542090594768524,0.482571005821228,0.9356343150138855,0.967918872833252,0.8894776105880737,0.9538159966468811,0.7848772406578064,0.922259509563446,0.9572063684463501,0.9638152122497559,0.9510970711708069,0.6901454925537109,6.844385147094727,0.518622875213623,0.8849264979362488
72,0.46117642521858215,0.8943014740943909,0.9300209283828735,0.943448543548584,0.9787940382957458,0.7141978144645691,0.9832258224487305,0.9712123870849609,0.9810780882835388,0.9849519729614258,0.9738544225692749,0.9846026301383972,0.9807337522506714,0.9680302143096924,0.9821033477783203,0.47993004322052,0.9857802391052246,0.47511062026023865,0.9859623312950134,0.9617308974266052,0.5,0.4992506504058838,0.9814504384994507,0.9629735350608826,0.9757466316223145,0.9810548424720764,0.9602046608924866,0.9475038051605225,0.8948367834091187,0.9726377725601196,0.9210875034332275,0.9567582607269287,0.9333704710006714,0.9111193418502808,0.9067281484603882,0.45809435844421387,0.48179635405540466,0.935181736946106,0.9671322107315063,0.9002777338027954,0.9528494477272034,0.7847854495048523,0.9209596514701843,0.9616957902908325,0.9651551842689514,0.9497865438461304,0.6965065598487854,5.767355680465698,0.5314696431159973,0.8943014740943909

73,0.4535669982433319,0.8930147290229797,0.9324256181716919,0.9476937055587769,0.9791281819343567,0.6327148675918579,0.9836685657501221,0.9695740342140198,0.9841387271881104,0.9846863746643066,0.9750138521194458,0.9847004413604736,0.9817276000976562,0.9688712358474731,0.9837428331375122,0.48155662417411804,0.9870022535324097,0.6391708254814148,0.9858803749084473,0.9557325839996338,0.5,0.5,0.9834517240524292,0.9624332189559937,0.9770398139953613,0.9834977388381958,0.9574225544929504,0.9494863152503967,0.8905832767486572,0.9708802700042725,0.9230330586433411,0.9534046649932861,0.9323148131370544,0.9150838851928711,0.9106944799423218,0.45618748664855957,0.4805314540863037,0.933632493019104,0.968292236328125,0.9047441482543945,0.9527266025543213,0.785515308380127,0.9201453924179077,0.9579074382781982,0.9666355848312378,0.9485772848129272,0.7058842182159424,6.135116815567017,0.5252693295478821,0.8930147290229797
74,0.44485732913017273,0.8985294103622437,0.9318869709968567,0.9445366859436035,0.9779398441314697,0.736162006855011,0.985144853591919,0.9681617021560669,0.9835083484649658,0.9839542508125305,0.9745481014251709,0.9848708510398865,0.9808012247085571,0.9647471308708191,0.9825549125671387,0.47940143942832947,0.9869124293327332,0.6053149104118347,0.9864215850830078,0.959944486618042,0.5,0.4998132288455963,0.9842696189880371,0.9678245782852173,0.9785171151161194,0.9807400703430176,0.9603008031845093,0.9515122771263123,0.8966108560562134,0.9735788106918335,0.9222285747528076,0.9562050104141235,0.9268270134925842,0.9128228425979614,0.9019933938980103,0.45755502581596375,0.48350533843040466,0.938235878944397,0.9683367609977722,0.895054817199707,0.9559451341629028,0.7806283831596375,0.9178171753883362,0.9613382816314697,0.966946005821228,0.9481990337371826,0.6996749639511108,5.962102651596069,0.5554757118225098,0.8985294103622437
75,0.452603816986084,0.8946691155433655,0.9285118579864502,0.9472129940986633,0.9797821044921875,0.47748661041259766,0.9842163324356079,0.9716946482658386,0.9859675168991089,0.9857063889503479,0.9753358960151672,0.9860700964927673,0.9814609885215759,0.9668080806732178,0.9844846725463867,0.4797895848751068,0.9874654412269592,0.5214149355888367,0.98634934425354,0.964451014995575,0.5,0.4998130202293396,0.9842409491539001,0.9692774415016174,0.9792574644088745,0.9798524379730225,0.9590537548065186,0.9541380405426025,0.8986666798591614,0.9741560220718384,0.9227402210235596,0.9528475999832153,0.9331357479095459,0.9164055585861206,0.904243528842926,0.4493964612483978,0.48410937190055847,0.9380943775177002,0.9674622416496277,0.9003350138664246,0.95652174949646,0.780033528804779,0.913988471031189,0.9593639373779297,0.9633215665817261,0.9479418992996216,0.7014451622962952,6.450603008270264,0.5571613311767578,0.8946691155433655
76,0.4193871319293976,0.9064338207244873,0.9310297966003418,0.9415620565414429,0.9783250093460083,0.5073760151863098,0.9843894243240356,0.9687211513519287,0.9838917255401611,0.985511302947998,0.9749815464019775,0.986152172088623,0.9817208051681519,0.963752031326294,0.9830257892608643,0.4779682755470276,0.9870848655700684,0.47428572177886963,0.986067533493042,0.9615384340286255,0.5,0.5,0.9842526912689209,0.9660240411758423,0.9776616096496582,0.984253466129303,0.9638851881027222,0.9479818344116211,0.897122859954834,0.9731346368789673,0.9283542633056641,0.953162431716919,0.937326192855835,0.918756902217865,0.9044456481933594,0.4441976547241211,0.48090052604675293,0.9373835325241089,0.9698604345321655,0.9028810262680054,0.9579699039459229,0.779843807220459,0.9197208881378174,0.9625256061553955,0.968987226486206,0.9493305683135986,0.710492730140686,5.799122095108032,0.5701749920845032,0.9064338207244873

77,0.4242137670516968,0.8977941274642944,0.9321669936180115,0.9460431337356567,0.9775115251541138,0.5148681998252869,0.9819878339767456,0.9706642031669617,0.9835853576660156,0.9842221736907959,0.9745246171951294,0.9851256608963013,0.982350766658783,0.9678162932395935,0.9819254875183105,0.47925883531570435,0.9857749938964844,0.47463569045066833,0.9848792552947998,0.9610317349433899,0.5,0.49990662932395935,0.9830999374389648,0.9638910293579102,0.9778643250465393,0.9848340749740601,0.9593287706375122,0.9495055079460144,0.896902322769165,0.9739989042282104,0.9293882250785828,0.9550904035568237,0.9321672916412354,0.9224870800971985,0.917281448841095,0.44236472249031067,0.4819154739379883,0.9350709915161133,0.9696096777915955,0.9076480269432068,0.957334041595459,0.7936052083969116,0.9161080121994019,0.9624535441398621,0.967729926109314,0.9543676376342773,0.7125529050827026,5.889432191848755,0.5362186431884766,0.8977941274642944
78,0.42321810126304626,0.8988970518112183,0.9333425760269165,0.9465339183807373,0.9782488346099854,0.9767184257507324,0.9833025932312012,0.9679830074310303,0.9841299057006836,0.9837788343429565,0.9745340347290039,0.9844182133674622,0.9815361499786377,0.9670045971870422,0.9837307929992676,0.4788823425769806,0.9857010841369629,0.6918326020240784,0.9863418340682983,0.9587886333465576,0.5,0.49915745854377747,0.9845062494277954,0.9641430377960205,0.9788424968719482,0.982244610786438,0.960171103477478,0.9514989852905273,0.901311993598938,0.9743150472640991,0.9273366332054138,0.9536900520324707,0.9328939914703369,0.9152073860168457,0.9191257953643799,0.4470566511154175,0.4824528992176056,0.9367880821228027,0.9686744809150696,0.9026589393615723,0.9604383707046509,0.7953869104385376,0.9177942276000977,0.9632805585861206,0.9686977863311768,0.9498699903488159,0.7026510238647461,5.897806406021118,0.5401021242141724,0.8988970518112183
79,0.4175223410129547,0.9029411673545837,0.9335627555847168,0.9425276517868042,0.9775871634483337,0.9745762348175049,0.9829083681106567,0.9669924378395081,0.9848512411117554,0.9843202233314514,0.9735967516899109,0.9845046997070312,0.980776309967041,0.9654250144958496,0.9830101728439331,0.47869396209716797,0.9855352640151978,0.505162239074707,0.9862571358680725,0.961168646812439,0.5,0.4996264576911926,0.9833458065986633,0.9627588987350464,0.9780868887901306,0.983984112739563,0.9595006704330444,0.9489912390708923,0.894951581954956,0.9752418994903564,0.930121898651123,0.9507107138633728,0.9306866526603699,0.922261118888855,0.9186346530914307,0.4478414058685303,0.48275861144065857,0.9365049600601196,0.9722996950149536,0.9052397012710571,0.9558441638946533,0.7873510122299194,0.9134239554405212,0.9608663320541382,0.9688488245010376,0.9491824507713318,0.7013051509857178,6.310089111328125,0.5871235132217407,0.9029411673545837
80,0.4213176965713501,0.9018382430076599,0.9335135817527771,0.946662962436676,0.9790629148483276,0.672668993473053,0.9835611581802368,0.9700074195861816,0.9854162931442261,0.9846196174621582,0.9727038145065308,0.9854323863983154,0.9817410707473755,0.9653931260108948,0.9824658632278442,0.47803211212158203,0.9874446392059326,0.8822827339172363,0.988000750541687,0.9668947458267212,0.5,0.49972003698349,0.9843020439147949,0.9628539085388184,0.9779832363128662,0.9836236238479614,0.9585398435592651,0.9495526552200317,0.8965648412704468,0.9775537252426147,0.9289529323577881,0.954361081123352,0.9371882677078247,0.9303634166717529,0.9218778610229492,0.44102373719215393,0.4826600253582001,0.9332213997840881,0.9714524745941162,0.9084991216659546,0.9577909708023071,0.7983826398849487,0.9109104871749878,0.9631588459014893,0.9702116250991821,0.9502233266830444,0.7026923894882202,5.8982532024383545,0.5895946025848389,0.9018382430076599

81,0.38725218176841736,0.9145220518112183,0.9345502853393555,0.9495024085044861,0.98033607006073,0.5285977721214294,0.9856035709381104,0.9679026007652283,0.9864416122436523,0.9863594770431519,0.9776078462600708,0.9864566326141357,0.9839335083961487,0.9682539701461792,0.9851585626602173,0.4796050190925598,0.9887474775314331,0.9732521772384644,0.9893028736114502,0.9637627601623535,0.5,0.49962469935417175,0.9869402647018433,0.9662792682647705,0.9807074069976807,0.9864094257354736,0.9583808183670044,0.9538872241973877,0.9006258249282837,0.9731920957565308,0.9287757873535156,0.9537156820297241,0.9399220943450928,0.9244325160980225,0.9218778610229492,0.44657406210899353,0.48192882537841797,0.9392523765563965,0.9719799757003784,0.9061394929885864,0.9606679081916809,0.79347825050354,0.9128133654594421,0.9631941914558411,0.9682155847549438,0.9500836730003357,0.7189338207244873,5.898135662078857,0.5681053400039673,0.9145220518112183
82,0.4112994074821472,0.8983455896377563,0.933205783367157,0.9492900371551514,0.9772182106971741,0.4771302044391632,0.983308732509613,0.9656636714935303,0.9835823774337769,0.9837758541107178,0.9733394980430603,0.984579861164093,0.981290340423584,0.965736985206604,0.982943058013916,0.4765812158584595,0.9857776165008545,0.9720324873924255,0.9867812991142273,0.9658167362213135,0.5,0.4995326101779938,0.9836204051971436,0.9656155109405518,0.9810606241226196,0.9845772981643677,0.9584126472473145,0.9530386924743652,0.9014432430267334,0.9744150638580322,0.9264090061187744,0.9505078792572021,0.931586742401123,0.9285318851470947,0.9194797873497009,0.44383689761161804,0.4824884831905365,0.9399775266647339,0.9714073538780212,0.9099944233894348,0.9590209722518921,0.7950408458709717,0.9150120615959167,0.9632147550582886,0.9692093133926392,0.9495915174484253,0.7112484574317932,5.721736431121826,0.5642368197441101,0.8983455896377563
83,0.3994709253311157,0.9034926295280457,0.9310084581375122,0.9441474676132202,0.9785054922103882,0.4780442714691162,0.9844961166381836,0.9655680656433105,0.9836776256561279,0.9843144416809082,0.9691711664199829,0.9846750497817993,0.9821922779083252,0.9652944803237915,0.9832289218902588,0.477956086397171,0.9855085611343384,0.972247838973999,0.9861751198768616,0.9647157192230225,0.5,0.49953219294548035,0.9842607975006104,0.9660129547119141,0.9781119227409363,0.9827881455421448,0.9589041471481323,0.9481446146965027,0.9018095135688782,0.9755078554153442,0.9306610822677612,0.949870765209198,0.9306637048721313,0.9215142726898193,0.9228286743164062,0.4474366009235382,0.4823703169822693,0.9350467324256897,0.9693006873130798,0.9120766520500183,0.9596879482269287,0.7989019155502319,0.9121245741844177,0.9628183841705322,0.9715697169303894,0.9518998861312866,0.697259783744812,6.28203821182251,0.5814303755760193,0.9034926295280457
84,0.37785249948501587,0.9056985378265381,0.9362623691558838,0.9507288932800293,0.9806272983551025,0.639409065246582,0.9857828617095947,0.9720891714096069,0.9857063889503479,0.9854458570480347,0.9736939668655396,0.986082911491394,0.9840641021728516,0.9665928483009338,0.9859778881072998,0.4795202910900116,0.9871723651885986,0.9726381897926331,0.9890241622924805,0.9655873775482178,0.5,0.4999064803123474,0.9854123592376709,0.9612749814987183,0.9803735017776489,0.9860026836395264,0.9589367508888245,0.9486007690429688,0.8960556387901306,0.9732482433319092,0.9349145889282227,0.9436749815940857,0.9329944849014282,0.9278730750083923,0.9215234518051147,0.4539327919483185,0.48257744312286377,0.9324906468391418,0.9756686687469482,0.9150102138519287,0.9567441940307617,0.8016936779022217,0.910468578338623,0.9650167226791382,0.9726141691207886,0.9519569873809814,0.701789140701294,5.9613423347473145,0.5835331678390503,0.9056985378265381
85,0.37465590238571167,0.9233455657958984,0.9359118342399597,0.9496030807495117,0.9791589975357056,0.9784936308860779,0.9854297637939453,0.9707402586936951,0.9851475954055786,0.9854243397712708,0.9692279100418091,0.9856141805648804,0.9831979274749756,0.963752031326294,0.9847869873046875,0.47637939453125,0.9868032336235046,0.9709891080856323,0.9874608516693115,0.9640474319458008,0.5,0.499346524477005,0.9856929183006287,0.963486909866333,0.9784138202667236,0.9828734397888184,0.9598180055618286,0.9481446146965027,0.9006849527359009,0.9715075492858887,0.9303099513053894,0.9469320178031921,0.9390628337860107,0.9296098947525024,0.915896475315094,0.4555720090866089,0.4792937636375427,0.9337506890296936,0.9737087488174438,0.9154903292655945,0.9614813327789307,0.7998512983322144,0.9068189859390259,0.9668898582458496,0.9689412117004395,0.9532936215400696,0.7089866399765015,5.826672792434692,0.6375242471694946,0.9233455657958984

86,0.3724493980407715,0.9226102828979492,0.9340500831604004,0.9468340277671814,0.9800848364830017,0.978032112121582,0.9869027733802795,0.9708433151245117,0.985703706741333,0.9856168031692505,0.9718738794326782,0.986164927482605,0.9829461574554443,0.9667835235595703,0.9849603176116943,0.47767114639282227,0.9872623085975647,0.9749907851219177,0.9883849620819092,0.9660922288894653,0.5,0.4996250569820404,0.985541045665741,0.9643534421920776,0.9778921604156494,0.9850322008132935,0.9626979827880859,0.9513282775878906,0.8999811410903931,0.9765164852142334,0.9314340353012085,0.9434605836868286,0.9293790459632874,0.9340354800224304,0.9133960008621216,0.44749537110328674,0.4823204278945923,0.9405940771102905,0.9706101417541504,0.9121747016906738,0.9577831625938416,0.7949720621109009,0.9029378890991211,0.9637224078178406,0.9690922498703003,0.950251579284668,0.704542338848114,5.739070653915405,0.6510494351387024,0.9226102828979492
87,0.3781126141548157,0.9161764979362488,0.9357151985168457,0.9502212405204773,0.9787430763244629,0.9761025905609131,0.984043538570404,0.9653200507164001,0.9848819971084595,0.9865914583206177,0.9718738794326782,0.9856114983558655,0.9837518334388733,0.9664577841758728,0.9842280149459839,0.4765812158584595,0.9847925901412964,0.9717659950256348,0.9875415563583374,0.9651119709014893,0.5,0.4993460476398468,0.9849532842636108,0.9632633924484253,0.9795899391174316,0.9852070808410645,0.959436297416687,0.9497047066688538,0.9013082981109619,0.9713689684867859,0.9311883449554443,0.9470577239990234,0.9347059726715088,0.9350314140319824,0.9201843738555908,0.440337210893631,0.4806201457977295,0.9362001419067383,0.9716700315475464,0.9217528700828552,0.9588748216629028,0.8032437562942505,0.9041210412979126,0.967504620552063,0.9692079424858093,0.9538347125053406,0.707931399345398,6.152075529098511,0.643790602684021,0.9161764979362488
88,0.3546825349330902,0.9259191155433655,0.9385601878166199,0.9492151737213135,0.9806344509124756,0.9795937538146973,0.9872857928276062,0.969199538230896,0.985714316368103,0.9855432510375977,0.9697304964065552,0.9872599840164185,0.983474850654602,0.9699373245239258,0.9841328859329224,0.4755670428276062,0.9868979454040527,0.9753131866455078,0.9886573553085327,0.9683039784431458,0.5,0.5,0.9870190620422363,0.9610538482666016,0.9800227880477905,0.985009491443634,0.9599581956863403,0.9474085569381714,0.8985728025436401,0.9708969593048096,0.9324042797088623,0.9462672472000122,0.9344520568847656,0.935239851474762,0.92098468542099,0.4425244927406311,0.4801843464374542,0.9342969655990601,0.9718348979949951,0.9176579713821411,0.9592386484146118,0.8032162189483643,0.9033637046813965,0.9684600830078125,0.9723772406578064,0.9538447260856628,0.6992093324661255,6.2153542041778564,0.6524065136909485,0.9259191155433655
89,0.3729187846183777,0.9154411554336548,0.9356061816215515,0.9476111531257629,0.9778842926025391,0.9759491682052612,0.9854055047035217,0.9632638096809387,0.9857854843139648,0.9857063889503479,0.965558648109436,0.9860700964927673,0.9834840297698975,0.9664825201034546,0.9845969676971436,0.476186066865921,0.9856826066970825,0.9701147079467773,0.9873592853546143,0.9645041823387146,0.5,0.49971988797187805,0.9838739633560181,0.9657365083694458,0.9810692667961121,0.9829361438751221,0.9607843160629272,0.9507015943527222,0.9083143472671509,0.9761089086532593,0.9301024675369263,0.9443725347518921,0.9295631647109985,0.9309677481651306,0.914942741394043,0.4562036991119385,0.4817996919155121,0.9380836486816406,0.9728220701217651,0.9180938005447388,0.9607533812522888,0.803890585899353,0.9013915061950684,0.9689123630523682,0.9721964001655579,0.9554151892662048,0.7070605754852295,6.39835262298584,0.6537092328071594,0.9154411554336548
90,0.34187155961990356,0.9257352948188782,0.935623288154602,0.9472616910934448,0.9784172773361206,0.862185001373291,0.9844932556152344,0.964569091796875,0.9844903945922852,0.9846750497817993,0.9659468531608582,0.984963059425354,0.9825484752655029,0.9677419662475586,0.9839423894882202,0.4745246469974518,0.9847869873046875,0.9655713438987732,0.9867158532142639,0.9678075909614563,0.5,0.4997193217277527,0.9853216409683228,0.9638851881027222,0.9798018336296082,0.9854452013969421,0.9622981548309326,0.9508259296417236,0.9086593389511108,0.9753661751747131,0.9362326860427856,0.9382032752037048,0.9372222423553467,0.9348828792572021,0.910213828086853,0.45292267203330994,0.4795316159725189,0.9357874989509583,0.973312258720398,0.9151452779769897,0.9602864980697632,0.8007253408432007,0.8980348110198975,0.9683908224105835,0.9738993048667908,0.9565985202789307,0.7086862325668335,6.0079309940338135,0.6487185955047607,0.9257352948188782

91,0.3693039119243622,0.9161764979362488,0.9321819543838501,0.9473053216934204,0.9772434234619141,0.9749124050140381,0.9830164313316345,0.9623686075210571,0.9809145927429199,0.9818987846374512,0.9620346426963806,0.9814746379852295,0.98033607006073,0.9660687446594238,0.981905460357666,0.4707348644733429,0.9848512411117554,0.964404284954071,0.9864190816879272,0.9635976552963257,0.5,0.4995325207710266,0.9840186834335327,0.9600037932395935,0.9809523820877075,0.9865095615386963,0.9594799876213074,0.9502767324447632,0.9052871465682983,0.9753039479255676,0.9333206415176392,0.9375345706939697,0.9345569014549255,0.9342688322067261,0.9085961580276489,0.44586578011512756,0.4818265736103058,0.9362478852272034,0.9725315570831299,0.9162790775299072,0.9584415555000305,0.805027961730957,0.9039531946182251,0.9674539566040039,0.9736353158950806,0.9545961618423462,0.7016453742980957,6.290576934814453,0.6286075711250305,0.9161764979362488
92,0.34854352474212646,0.9319853186607361,0.9331245422363281,0.9498339891433716,0.9801770448684692,0.9774068593978882,0.9838590621948242,0.9654122591018677,0.9844903945922852,0.9842308759689331,0.9661626815795898,0.9848653078079224,0.982736349105835,0.964404284954071,0.9833825826644897,0.4743778705596924,0.9849603176116943,0.9730875492095947,0.9871652722358704,0.9670614004135132,0.5,0.49971914291381836,0.9854041934013367,0.9623144268989563,0.9788143634796143,0.9854258298873901,0.957809567451477,0.9519339799880981,0.9050114154815674,0.9734790921211243,0.9327396750450134,0.9366936683654785,0.928690493106842,0.9352126121520996,0.9170048236846924,0.44242873787879944,0.47716769576072693,0.934587299823761,0.9697505235671997,0.917518138885498,0.9619747400283813,0.8090639114379883,0.8947417736053467,0.965514063835144,0.974027156829834,0.9497309923171997,0.7075870037078857,5.99235463142395,0.6710811853408813,0.9319853186607361
93,0.3351208567619324,0.9284926652908325,0.934729814529419,0.9490211009979248,0.9813618659973145,0.8774193525314331,0.9859804511070251,0.9657496213912964,0.9855272769927979,0.9861623644828796,0.9649187326431274,0.9861700534820557,0.9844095706939697,0.9670603275299072,0.9846835136413574,0.47452935576438904,0.9867085218429565,0.9728381633758545,0.9882027506828308,0.9689986705780029,0.49981555342674255,0.49971920251846313,0.9869427680969238,0.960808515548706,0.9777185320854187,0.9871721863746643,0.9619866609573364,0.9481149911880493,0.9064993858337402,0.9768483638763428,0.9370138645172119,0.9417296648025513,0.9407249689102173,0.9361034035682678,0.9160213470458984,0.4395146369934082,0.4756547510623932,0.9369990825653076,0.9765756130218506,0.9263285398483276,0.9623045325279236,0.8183423280715942,0.8924580812454224,0.968262791633606,0.976513147354126,0.9559614658355713,0.7106354236602783,5.7476890087127686,0.6867864727973938,0.9284926652908325
94,0.3373256325721741,0.9314337968826294,0.9342724084854126,0.9517438411712646,0.9797784090042114,0.5030442476272583,0.9867231845855713,0.9658671617507935,0.9849575757980347,0.9851421117782593,0.9658419489860535,0.985788106918335,0.9837608337402344,0.9678966999053955,0.9833241105079651,0.4741156995296478,0.9860597848892212,0.9711360931396484,0.9876452088356018,0.9697166085243225,0.4998159408569336,0.4998129904270172,0.9872153997421265,0.9663817882537842,0.9796131253242493,0.9852244853973389,0.958436131477356,0.9541484713554382,0.907145619392395,0.9759185314178467,0.9366908073425293,0.937246561050415,0.9336479902267456,0.9364375472068787,0.9109121561050415,0.4438171088695526,0.4760584235191345,0.9332150220870972,0.9733904004096985,0.9235206842422485,0.9614090919494629,0.8189159035682678,0.8846583366394043,0.9648175835609436,0.9737476706504822,0.9516159296035767,0.701655924320221,5.548981428146362,0.6844578981399536,0.9314337968826294
95,0.3412231504917145,0.932536780834198,0.9355270862579346,0.9510618448257446,0.9767699241638184,0.6596763134002686,0.9855902194976807,0.9621142148971558,0.9828507900238037,0.983745813369751,0.9616377353668213,0.9835762977600098,0.9821988344192505,0.9634349346160889,0.9833056926727295,0.473674476146698,0.985418975353241,0.9700681567192078,0.9875277280807495,0.966382622718811,0.5,0.5,0.9857917428016663,0.9666666984558105,0.9784384369850159,0.9859368801116943,0.959387481212616,0.9533841609954834,0.9109992384910583,0.9771210551261902,0.9336812496185303,0.9405136108398438,0.9380203485488892,0.9370274543762207,0.909250020980835,0.44409477710723877,0.4746028780937195,0.936730146408081,0.9748977422714233,0.9216105937957764,0.9610147476196289,0.818283200263977,0.8879613876342773,0.964657723903656,0.973517894744873,0.9504379034042358,0.7061837911605835,5.7141642570495605,0.7139025926589966,0.932536780834198
96,0.3371061384677887,0.9279412031173706,0.9356745481491089,0.9433788061141968,0.9789395928382874,0.9760147333145142,0.9851585626602173,0.9606720805168152,0.9846750497817993,0.9843260049819946,0.9553852081298828,0.9848708510398865,0.9853158593177795,0.9654377698898315,0.9843922853469849,0.47194018959999084,0.9841357469558716,0.970588207244873,0.986264705657959,0.9659870266914368,0.4997238218784332,0.49953287839889526,0.9876980781555176,0.9624003171920776,0.9811591506004333,0.9863783717155457,0.962464451789856,0.9482431411743164,0.9136389493942261,0.9754379391670227,0.9365983009338379,0.9329953789710999,0.9364681839942932,0.9395169019699097,0.9118297100067139,0.4428095519542694,0.4767034947872162,0.9329713582992554,0.973987340927124,0.9234921932220459,0.9616957902908325,0.8182833790779114,0.8840445280075073,0.9692664742469788,0.9758812189102173,0.9556503891944885,0.6867802143096924,6.195875883102417,0.6820489168167114,0.9279412031173706
97,0.33240923285484314,0.9384191036224365,0.9376752972602844,0.9504154920578003,0.979804515838623,0.9787704944610596,0.9892145991325378,0.9648329019546509,0.9864441156387329,0.9867256879806519,0.9638643264770508,0.9873685836791992,0.9858725666999817,0.9689171314239502,0.9846891760826111,0.4749031066894531,0.9870117902755737,0.9733197689056396,0.9895775318145752,0.970059335231781,0.5,0.49943873286247253,0.9900261163711548,0.9625166058540344,0.9785469174385071,0.9837785959243774,0.9606965780258179,0.951659083366394,0.9111936092376709,0.9762763381004333,0.9324091672897339,0.9346182346343994,0.9356454014778137,0.9421091079711914,0.9062384366989136,0.4496675431728363,0.4793548285961151,0.9347582459449768,0.975893497467041,0.9265884160995483,0.961746096611023,0.8195530772209167,0.8876163959503174,0.9653795957565308,0.9753109216690063,0.9520624279975891,0.693558931350708,5.8370044231414795,0.726151168346405,0.9384191036224365

98,0.3199516534805298,0.9378676414489746,0.936525285243988,0.9500460624694824,0.9787744283676147,0.9178498983383179,0.989304780960083,0.9633086919784546,0.9849797487258911,0.9857010841369629,0.9628534317016602,0.9857959747314453,0.9864366054534912,0.9691197872161865,0.9844989776611328,0.4730776250362396,0.9865214228630066,0.9697026014328003,0.9884898662567139,0.9687442183494568,0.5,0.5,0.9894530773162842,0.9629489183425903,0.9769830703735352,0.9858068227767944,0.959570050239563,0.9478434324264526,0.9094803333282471,0.9771772623062134,0.9354285597801208,0.9337515830993652,0.9346617460250854,0.943941593170166,0.9038177728652954,0.45452865958213806,0.47852930426597595,0.9339499473571777,0.9768630266189575,0.926224946975708,0.9604846239089966,0.8262364864349365,0.8799329996109009,0.96382737159729,0.9747352600097656,0.9487274885177612,0.7039262056350708,5.7362282276153564,0.7382295727729797,0.9378676414489746
99,0.31973424553871155,0.9409926533699036,0.9347319602966309,0.9510709047317505,0.9814473390579224,0.8034298419952393,0.9881918430328369,0.9617723226547241,0.9858064651489258,0.986526370048523,0.962785542011261,0.9868906736373901,0.9864466190338135,0.9657812118530273,0.9836835861206055,0.47719720005989075,0.9872717261314392,0.9712495803833008,0.9885630011558533,0.9713994860649109,0.5,0.4994390308856964,0.9881441593170166,0.9657235145568848,0.9788224101066589,0.9861375093460083,0.9618604183197021,0.9520782232284546,0.9161289930343628,0.9782484769821167,0.9378552436828613,0.9369460940361023,0.9335864782333374,0.9437476992607117,0.8974903225898743,0.4570688307285309,0.4799630641937256,0.9397871494293213,0.9781354665756226,0.9266840219497681,0.9636482000350952,0.817631721496582,0.8766741156578064,0.9671796560287476,0.975060224533081,0.9515196681022644,0.6824154257774353,5.806976079940796,0.7439361214637756,0.9409926533699036
100,0.31885603070259094,0.9351102709770203,0.9365231990814209,0.9485429525375366,0.9778434038162231,0.9338154792785645,0.9873616099357605,0.9608150720596313,0.9843202233314514,0.9848568439483643,0.9655172824859619,0.9850525856018066,0.9848708510398865,0.9634888172149658,0.9837608337402344,0.4736551344394684,0.9858882427215576,0.967890739440918,0.9862723350524902,0.9671357274055481,0.4981573522090912,0.49972057342529297,0.9879686832427979,0.9603008031845093,0.9819965362548828,0.9872865676879883,0.9596850872039795,0.9510735273361206,0.9145274758338928,0.9777039885520935,0.9439491629600525,0.9367030262947083,0.9373843669891357,0.9476550817489624,0.8875253796577454,0.44057565927505493,0.47692450881004333,0.9340875148773193,0.977627158164978,0.9315691590309143,0.9612669944763184,0.8231900334358215,0.8779264092445374,0.9691334962844849,0.977627158164978,0.9536159038543701,0.6797049641609192,6.3652989864349365,0.7336934208869934,0.9351102709770203

101,0.31176507472991943,0.9487132430076599,0.934607982635498,0.9547553062438965,0.9808828830718994,0.9781324863433838,0.9871818423271179,0.965088427066803,0.9866236448287964,0.9870777130126953,0.9664392471313477,0.986810564994812,0.9862698316574097,0.9694987535476685,0.9839601516723633,0.4763575792312622,0.986992597579956,0.9718842506408691,0.9888314604759216,0.9694727063179016,0.49871110916137695,0.49981293082237244,0.9875770807266235,0.9611290693283081,0.9792101383209229,0.9850248098373413,0.9632687568664551,0.9528770446777344,0.9167927503585815,0.9780250787734985,0.940365195274353,0.9353798031806946,0.9394303560256958,0.9454394578933716,0.8875045776367188,0.4362708628177643,0.476186066865921,0.9384356141090393,0.9784876108169556,0.9280275106430054,0.9644788503646851,0.8341712951660156,0.8837727308273315,0.967460036277771,0.9753109216690063,0.9507251977920532,0.6909282803535461,5.887821912765503,0.7811688780784607,0.9487132430076599

102,0.3166221082210541,0.940625011920929,0.9343450665473938,0.9539170265197754,0.9776078462600708,0.9763090014457703,0.988086462020874,0.9660265445709229,0.9852343797683716,0.985418975353241,0.9645030498504639,0.9858700037002563,0.9867208003997803,0.968461811542511,0.9836835861206055,0.47427624464035034,0.9864215850830078,0.9730627536773682,0.98691725730896,0.9673711657524109,0.49815836548805237,0.4998128116130829,0.9863551259040833,0.9629029035568237,0.9795182943344116,0.9860504865646362,0.9593310356140137,0.9502177238464355,0.9119939208030701,0.9792815446853638,0.941635012626648,0.9351511001586914,0.940359354019165,0.9464746713638306,0.8774718046188354,0.4393068850040436,0.4745575189590454,0.9358328580856323,0.9790853261947632,0.9306175708770752,0.9621254205703735,0.8350629806518555,0.8751164674758911,0.964684009552002,0.975297212600708,0.9486320614814758,0.6879481077194214,5.696105480194092,0.7283930778503418,0.940625011920929
103,0.2872300446033478,0.9446691274642944,0.9378270506858826,0.9526004791259766,0.979601263999939,0.9783250093460083,0.9878273606300354,0.9618503451347351,0.9845969676971436,0.9855875968933105,0.9674032926559448,0.9845218658447266,0.9844009876251221,0.9661064147949219,0.983124315738678,0.4759446978569031,0.9863594770431519,0.9701547622680664,0.9880974292755127,0.9671052694320679,0.49769967794418335,0.4998130798339844,0.9888722896575928,0.958134651184082,0.9795510768890381,0.9852885007858276,0.9586730003356934,0.9497895836830139,0.917793869972229,0.9783599376678467,0.9432725310325623,0.9351476430892944,0.9391754865646362,0.9424035549163818,0.8648873567581177,0.4311460256576538,0.4767741858959198,0.9324374794960022,0.9771290421485901,0.9301265478134155,0.9642191529273987,0.8373538255691528,0.8685237169265747,0.9654053449630737,0.9768156409263611,0.9493387937545776,0.6792279481887817,5.814025402069092,0.7350854873657227,0.9446691274642944
104,0.28176531195640564,0.9408088326454163,0.9384533166885376,0.9561808109283447,0.982485294342041,0.9812799692153931,0.9899520874023438,0.9676676392555237,0.9869220852851868,0.9878251552581787,0.9689114093780518,0.987838625907898,0.9873732328414917,0.9699705243110657,0.9862545728683472,0.47699981927871704,0.9875507354736328,0.9749216437339783,0.9896717071533203,0.9724175930023193,0.4983449876308441,0.4997197389602661,0.9900093078613281,0.9647204279899597,0.9815834760665894,0.9858337640762329,0.959436297416687,0.9513981342315674,0.9143672585487366,0.9785322546958923,0.9450455904006958,0.9372458457946777,0.9371528625488281,0.9468144178390503,0.8572878241539001,0.4381835162639618,0.47890177369117737,0.9371134042739868,0.9787569642066956,0.9308550357818604,0.962773859500885,0.8445519208908081,0.8704634308815002,0.9654724597930908,0.9794188737869263,0.9524781703948975,0.6833025217056274,6.370725870132446,0.7036855220794678,0.9408088326454163
105,0.3008792996406555,0.9446691274642944,0.9363607168197632,0.9556273221969604,0.9813412427902222,0.978581964969635,0.9875552654266357,0.9627168774604797,0.9863669872283936,0.986990213394165,0.9658127427101135,0.9874446392059326,0.9874769449234009,0.9679262638092041,0.9853321313858032,0.47471392154693604,0.9872646331787109,0.9700571298599243,0.9887391328811646,0.9707461595535278,0.49880272150039673,0.49943989515304565,0.9883155822753906,0.9644491076469421,0.9796422719955444,0.9860079884529114,0.9588325023651123,0.9495726823806763,0.9176660776138306,0.9789013862609863,0.9442015290260315,0.9353916645050049,0.9389340877532959,0.9487084746360779,0.8630238175392151,0.43410566449165344,0.4765639305114746,0.9331156611442566,0.9794456958770752,0.9316533803939819,0.9641660451889038,0.8511293530464172,0.8680245876312256,0.9667471647262573,0.979438066482544,0.9503993988037109,0.6896655559539795,5.909902572631836,0.7382203340530396,0.9446691274642944
106,0.2920033037662506,0.9476103186607361,0.935546338558197,0.955258309841156,0.9784498810768127,0.9751662015914917,0.9875460863113403,0.9612617492675781,0.9839719533920288,0.9846082925796509,0.9654122591018677,0.9861393570899963,0.986985445022583,0.9680694341659546,0.9832902550697327,0.4707074463367462,0.9863266944885254,0.9711520671844482,0.9869245290756226,0.965833306312561,0.49760544300079346,0.4995325207710266,0.9883199334144592,0.9636589288711548,0.9814709424972534,0.9857251644134521,0.9609982967376709,0.9491912126541138,0.9206106662750244,0.9770737886428833,0.9467984437942505,0.9388376474380493,0.9437650442123413,0.9486825466156006,0.8566020727157593,0.43304896354675293,0.4758302569389343,0.9328162670135498,0.9798439741134644,0.9345359802246094,0.9660465121269226,0.8471834659576416,0.8677563071250916,0.9666666984558105,0.9800930023193359,0.9532701969146729,0.688300371170044,5.781098127365112,0.7431621551513672,0.9476103186607361
107,0.29694804549217224,0.942463219165802,0.9372969269752502,0.9558444023132324,0.9753416776657104,0.9725295305252075,0.9849575757980347,0.9611480236053467,0.9828413724899292,0.9829398393630981,0.9646874666213989,0.9842767715454102,0.9843347072601318,0.9652085304260254,0.9821692705154419,0.47206857800483704,0.984305739402771,0.9696550369262695,0.986329197883606,0.9663452506065369,0.4976036846637726,0.49990659952163696,0.985877275466919,0.9629523754119873,0.9812677502632141,0.9870253801345825,0.9571374654769897,0.951802670955658,0.9194072484970093,0.9775750637054443,0.9456747770309448,0.938617467880249,0.9396775364875793,0.9515414237976074,0.8535707592964172,0.4376387894153595,0.4769585132598877,0.9361443519592285,0.9789268374443054,0.9313871264457703,0.9668585062026978,0.8541589379310608,0.8730025887489319,0.9683955907821655,0.977505087852478,0.951396644115448,0.6892192363739014,5.941823482513428,0.7335767149925232,0.942463219165802
108,0.2860479950904846,0.9446691274642944,0.9344947338104248,0.9556704759597778,0.9798082113265991,0.9793472290039062,0.9892205595970154,0.9635608792304993,0.985443115234375,0.9862520694732666,0.9660891890525818,0.9853537082672119,0.9855166077613831,0.9669619798660278,0.9837728142738342,0.4751753509044647,0.9871771335601807,0.9709194898605347,0.9892870187759399,0.9700759649276733,0.4956730008125305,0.4999065399169922,0.990472674369812,0.9609552621841431,0.9809523820877075,0.9836688041687012,0.962273120880127,0.9529613256454468,0.9183323383331299,0.9822074174880981,0.9437583088874817,0.9373615980148315,0.938265860080719,0.9481453895568848,0.8513937592506409,0.4347382187843323,0.4783090353012085,0.9370681643486023,0.9794265627861023,0.9337742328643799,0.9646239280700684,0.8580741286277771,0.8681860566139221,0.9693650007247925,0.9782810211181641,0.9519034624099731,0.6874657869338989,6.434953212738037,0.750400722026825,0.9446691274642944
109,0.2847735285758972,0.9507352709770203,0.9373289942741394,0.9535654783248901,0.9778311252593994,0.9752493500709534,0.9869974255561829,0.9599778652191162,0.984579861164093,0.9844095706939697,0.9698085784912109,0.9843347072601318,0.9854297637939453,0.9648653268814087,0.9852235317230225,0.4759446978569031,0.9866236448287964,0.9624261856079102,0.986449122428894,0.9660122394561768,0.4960441589355469,0.49953246116638184,0.9920856952667236,0.9642925262451172,0.9793286323547363,0.9835956692695618,0.9631819725036621,0.9524170756340027,0.9193547964096069,0.9796539545059204,0.9432833194732666,0.9387359023094177,0.9354958534240723,0.946955680847168,0.8459978103637695,0.4379163682460785,0.4726836383342743,0.9400298595428467,0.9782406687736511,0.9340853691101074,0.9647233486175537,0.8632136583328247,0.8630098700523376,0.967056393623352,0.9778851270675659,0.9548326730728149,0.6887130737304688,5.733020782470703,0.7947114109992981,0.9507352709770203
110,0.27850592136383057,0.9509190917015076,0.9383549690246582,0.9516128897666931,0.9780645370483398,0.9769542813301086,0.9866236448287964,0.9643251895904541,0.9834040403366089,0.9842999577522278,0.9663345813751221,0.9840376377105713,0.9849464297294617,0.9655840396881104,0.9834504127502441,0.47289323806762695,0.9836095571517944,0.9644436240196228,0.9866112470626831,0.9692649841308594,0.49631473422050476,0.4995332360267639,0.9912346005439758,0.9609181880950928,0.9807838797569275,0.9852020740509033,0.9652140736579895,0.9523583054542542,0.9207085967063904,0.9790794849395752,0.9441909193992615,0.9365299344062805,0.9416666626930237,0.9520029425621033,0.8443910479545593,0.43702608346939087,0.47466370463371277,0.9390677213668823,0.9809691905975342,0.9368606805801392,0.9626532793045044,0.8677563071250916,0.8568907976150513,0.9695054292678833,0.9800000190734863,0.9565016031265259,0.6848772764205933,6.429347276687622,0.8063281774520874,0.9509190917015076

111,0.27126190066337585,0.9534926414489746,0.9362730979919434,0.9590405821800232,0.9800994992256165,0.9785213470458984,0.9893008470535278,0.9688421487808228,0.9851667881011963,0.9859804511070251,0.9655236005783081,0.9859856367111206,0.9870920181274414,0.9690036773681641,0.9853348135948181,0.4744134545326233,0.9874446392059326,0.9698562026023865,0.9882841110229492,0.9709528088569641,0.49520912766456604,0.4996265172958374,0.9907355308532715,0.9610835313796997,0.9809189438819885,0.9855595827102661,0.96007239818573,0.9509004354476929,0.9206652641296387,0.9765937328338623,0.9485530853271484,0.9363803863525391,0.9461011290550232,0.9534648060798645,0.8385368585586548,0.43611112236976624,0.4684959352016449,0.9323238134384155,0.9818671941757202,0.9402749538421631,0.9652764797210693,0.8828110694885254,0.8613898158073425,0.9688835144042969,0.9800260066986084,0.9565176963806152,0.6896252036094666,5.583106756210327,0.800346314907074,0.9534926414489746
112,0.2612214684486389,0.9577205777168274,0.940353512763977,0.9512825012207031,0.9794014692306519,0.9769628047943115,0.9878363609313965,0.9665437936782837,0.9856958389282227,0.9856114983558655,0.967483401298523,0.986067533493042,0.9857776165008545,0.9688019156455994,0.984305739402771,0.7552872896194458,0.9863669872283936,0.9684443473815918,0.9879262447357178,0.970059335231781,0.49318599700927734,0.4998133182525635,0.9923292398452759,0.9635258316993713,0.9808351993560791,0.9849402904510498,0.964625358581543,0.9503336548805237,0.9244905710220337,0.9803921580314636,0.9454562664031982,0.9350672960281372,0.941575288772583,0.9509514570236206,0.8358842134475708,0.4403550922870636,0.47065338492393494,0.9363449811935425,0.9787095785140991,0.9366171360015869,0.9663819074630737,0.8843367099761963,0.869762659072876,0.9726598262786865,0.9780067205429077,0.9567155838012695,0.6927953958511353,5.779597520828247,0.8347384333610535,0.9577205777168274
113,0.2627803683280945,0.9588235020637512,0.9385259747505188,0.9559528231620789,0.9786978960037231,0.9781405925750732,0.9884665012359619,0.967602014541626,0.9868858456611633,0.9867158532142639,0.972176194190979,0.9861827492713928,0.9871842265129089,0.9696550369262695,0.986810564994812,0.5032480955123901,0.9874608516693115,0.964925229549408,0.9892006516456604,0.9693915247917175,0.49447309970855713,0.4997193515300751,0.9915714263916016,0.9572430849075317,0.980608344078064,0.9842647314071655,0.9616695046424866,0.9531071186065674,0.9217739105224609,0.9777820110321045,0.9491509199142456,0.9364156723022461,0.9446706175804138,0.9557359218597412,0.8384984731674194,0.4416666626930237,0.46789076924324036,0.9369259476661682,0.9824153184890747,0.9435768723487854,0.9635552167892456,0.8888682723045349,0.8689347505569458,0.9710643887519836,0.9786760807037354,0.9567602872848511,0.6976959705352783,6.106891870498657,0.8478453755378723,0.9588235020637512

114,0.29042521119117737,0.9593750238418579,0.9362773895263672,0.9593496322631836,0.9778638482093811,0.9759926199913025,0.9873685836791992,0.9657205939292908,0.9844961166381836,0.9848708510398865,0.9672690629959106,0.9853266477584839,0.9842308759689331,0.9694649577140808,0.9838411808013916,0.4725092351436615,0.985709011554718,0.9635725021362305,0.9871723651885986,0.9690683484077454,0.4931897521018982,0.49962595105171204,0.9903756380081177,0.9643265008926392,0.9826442003250122,0.985714316368103,0.9622857570648193,0.9529882073402405,0.921622633934021,0.9797335863113403,0.9453214406967163,0.9358052015304565,0.942033052444458,0.9535055160522461,0.8395494818687439,0.4350685477256775,0.4689229130744934,0.9373595714569092,0.9821727275848389,0.9403856992721558,0.9653152227401733,0.8874233961105347,0.8581936359405518,0.9669390916824341,0.97835373878479,0.9503440856933594,0.6928653717041016,6.2084197998046875,0.8543469309806824,0.9593750238418579
115,0.25937652587890625,0.9632353186607361,0.9355698823928833,0.9560611248016357,0.9803541898727417,0.9774824380874634,0.9890180826187134,0.9687211513519287,0.986812949180603,0.9870094060897827,0.9678221940994263,0.9870141744613647,0.9875415563583374,0.9707995653152466,0.9878003597259521,0.47443705797195435,0.9870022535324097,0.964404284954071,0.9892046451568604,0.9712036848068237,0.4932793080806732,0.4997192621231079,0.9938490390777588,0.9638634920120239,0.9791824817657471,0.9843720197677612,0.9586824178695679,0.9509692192077637,0.9220471382141113,0.9846138954162598,0.9442973136901855,0.932459831237793,0.939149022102356,0.9497969746589661,0.8295202851295471,0.43469008803367615,0.4694705903530121,0.9358998537063599,0.9782770276069641,0.9400968551635742,0.964259147644043,0.889816403388977,0.849981427192688,0.9665241241455078,0.9757299423217773,0.9487800598144531,0.6809524893760681,5.415626287460327,0.8562270402908325,0.9632353186607361
116,0.27503374218940735,0.9533088207244873,0.9369571208953857,0.9584485292434692,0.9803758859634399,0.9768450260162354,0.98973548412323,0.9686404466629028,0.9856221079826355,0.9864466190338135,0.9660032987594604,0.9868858456611633,0.9881940484046936,0.9740870594978333,0.9847869873046875,0.47566819190979004,0.9882862567901611,0.9676318764686584,0.9889421463012695,0.9702777862548828,0.4934622347354889,0.4999064803123474,0.9924411773681641,0.9664963483810425,0.9792219996452332,0.9823059439659119,0.9589367508888245,0.9556902050971985,0.9254127740859985,0.9858230352401733,0.9428924322128296,0.9344534873962402,0.9381939172744751,0.9549723863601685,0.828194260597229,0.4448454678058624,0.47070780396461487,0.9402803778648376,0.9783134460449219,0.9411764740943909,0.9646445512771606,0.896154522895813,0.8472273945808411,0.9668277502059937,0.9777135252952576,0.9516009092330933,0.6977180242538452,5.4204466342926025,0.8082744479179382,0.9533088207244873
117,0.2625190317630768,0.9586396813392639,0.9380600452423096,0.9597786068916321,0.9808899164199829,0.9778760671615601,0.988640546798706,0.9663221836090088,0.9870967864990234,0.9885587692260742,0.9657559394836426,0.9865313768386841,0.9873778820037842,0.9729182124137878,0.98728346824646,0.4746263027191162,0.987281084060669,0.9640287756919861,0.9902178049087524,0.9713387489318848,0.4932817816734314,0.49971941113471985,0.9906750917434692,0.9637418985366821,0.9780334830284119,0.9837698936462402,0.9615604877471924,0.9496855735778809,0.9265096783638,0.9882241487503052,0.9462549686431885,0.9334502220153809,0.9404034614562988,0.9554756879806519,0.8317360877990723,0.44096964597702026,0.46742942929267883,0.9355713129043579,0.9805834293365479,0.939241886138916,0.964265763759613,0.8956586122512817,0.8463894128799438,0.9698179960250854,0.9795272350311279,0.9527302980422974,0.6925567388534546,5.637120485305786,0.8361489176750183,0.9586396813392639
118,0.2745460271835327,0.9577205777168274,0.9362645149230957,0.9540759921073914,0.9793319702148438,0.976348876953125,0.9879218339920044,0.9667589664459229,0.9851421117782593,0.9855139255523682,0.9602324962615967,0.9838560819625854,0.9865363240242004,0.972713828086853,0.9863367676734924,0.47308260202407837,0.9862368106842041,0.9678103923797607,0.9869124293327332,0.970048189163208,0.4934682548046112,0.4996269941329956,0.9926223754882812,0.9654452204704285,0.9784761667251587,0.9836471080780029,0.9602466821670532,0.9487568736076355,0.9301772117614746,0.9950692057609558,0.9497249126434326,0.9354689717292786,0.9439918398857117,0.9562649726867676,0.8283816576004028,0.4354838728904724,0.4711538553237915,0.9359596967697144,0.982049822807312,0.9424253702163696,0.9635552167892456,0.8962316513061523,0.8468894958496094,0.9699870347976685,0.9777591228485107,0.9547481536865234,0.6852078437805176,5.453680038452148,0.8452510833740234,0.9577205777168274
119,0.27445968985557556,0.9584558606147766,0.9355335235595703,0.9600700736045837,0.9791628122329712,0.9763532280921936,0.9878183603286743,0.9671028256416321,0.9845883846282959,0.9846026301383972,0.9635608792304993,0.9841328859329224,0.9867085218429565,0.9731649160385132,0.985144853591919,0.4727960228919983,0.9852316379547119,0.9695909023284912,0.9868056774139404,0.9707298874855042,0.49373388290405273,0.4997194707393646,0.9931775331497192,0.9604460597038269,0.9814320802688599,0.9845890402793884,0.9590771198272705,0.9499140977859497,0.927359402179718,0.9974206686019897,0.9455511569976807,0.9335116147994995,0.9430509209632874,0.9541512727737427,0.8326568603515625,0.4326477646827698,0.4668819308280945,0.9347460865974426,0.9798957705497742,0.9440423250198364,0.9647573232650757,0.9010416269302368,0.8603227734565735,0.9691104888916016,0.9745951890945435,0.9514807462692261,0.6864029169082642,5.656906604766846,0.8515063524246216,0.9584558606147766
120,0.24742379784584045,0.961213231086731,0.9378762245178223,0.9606524109840393,0.9796351194381714,0.9744417667388916,0.988745391368866,0.9676644802093506,0.9844182133674622,0.9848708510398865,0.9650368690490723,0.9831118583679199,0.9869949817657471,0.9727709293365479,0.9865238666534424,0.4723196029663086,0.9860495328903198,0.9692918062210083,0.9871842265129089,0.9702017307281494,0.4934634566307068,0.4997195303440094,0.9930957555770874,0.9636294841766357,0.9828011989593506,0.9861137866973877,0.9620277285575867,0.9527297019958496,0.9282178282737732,0.9911208748817444,0.9514655470848083,0.9342129230499268,0.9392367601394653,0.9554263353347778,0.8266150951385498,0.4372222125530243,0.47076186537742615,0.938491702079773,0.9806086421012878,0.9466642141342163,0.9643056392669678,0.9017094373703003,0.8532041311264038,0.9685236811637878,0.9811092615127563,0.9517536163330078,0.694585382938385,5.883031368255615,0.8446922302246094,0.961213231086731

121,0.24635864794254303,0.9630514979362488,0.9410696029663086,0.9612689018249512,0.980616569519043,0.975258469581604,0.9870777130126953,0.9669246673583984,0.984043538570404,0.9844067096710205,0.9634888172149658,0.982736349105835,0.9858751893043518,0.9731796979904175,0.985228955745697,0.47328174114227295,0.9851366281509399,0.9684501886367798,0.9866186380386353,0.9717644453048706,0.4900534152984619,0.49990659952163696,0.9930024147033691,0.9676408767700195,0.9808676242828369,0.983794093132019,0.9640690088272095,0.9545108079910278,0.9346795678138733,0.9917190074920654,0.9512473940849304,0.9372693300247192,0.9435603618621826,0.9577724933624268,0.8283210396766663,0.4386792480945587,0.4695627987384796,0.9399999976158142,0.9814126491546631,0.9468065500259399,0.9667536020278931,0.908221960067749,0.8433432579040527,0.9688080549240112,0.9812058210372925,0.9554730653762817,0.7008507251739502,6.3142571449279785,0.8600041270256042,0.9630514979362488
122,0.22639676928520203,0.9680147171020508,0.9409541487693787,0.9612760543823242,0.9799556732177734,0.9762784242630005,0.9883806705474854,0.96651291847229,0.9857959747314453,0.9865363240242004,0.9662237167358398,0.9852398633956909,0.9867134094238281,0.9746309518814087,0.9860700964927673,0.4750092327594757,0.9870848655700684,0.967602014541626,0.9885714054107666,0.9710560441017151,0.4885798394680023,0.49981364607810974,0.99458247423172,0.963442325592041,0.9827127456665039,0.9832508563995361,0.9612970352172852,0.9565051794052124,0.9251331686973572,0.9916477203369141,0.9459794163703918,0.9367392063140869,0.942015528678894,0.9565057158470154,0.8257380127906799,0.4416666626930237,0.47169986367225647,0.9438937902450562,0.9832183122634888,0.9449089765548706,0.9634101390838623,0.910528302192688,0.8417768478393555,0.9682391881942749,0.9765653610229492,0.9542739391326904,0.694490373134613,5.533078193664551,0.8820235133171082,0.9680147171020508
123,0.25911617279052734,0.9639706015586853,0.938006579875946,0.9598338007926941,0.9805243015289307,0.9765509366989136,0.9882798194885254,0.9687327146530151,0.9868955612182617,0.9870777130126953,0.9619645476341248,0.985228955745697,0.9869974255561829,0.9736259579658508,0.9852588772773743,0.4732324182987213,0.9859907627105713,0.9680184125900269,0.9886635541915894,0.9695314168930054,0.4882027506828308,0.4996264576911926,0.9938201904296875,0.9650588631629944,0.9809632301330566,0.98468416929245,0.9625546336174011,0.9513375163078308,0.9291682243347168,0.99229896068573,0.9505494832992554,0.9355732202529907,0.9436619281768799,0.9563733339309692,0.8241423964500427,0.4428122639656067,0.4674113690853119,0.9362717866897583,0.9821561574935913,0.9466605186462402,0.9632216095924377,0.9129505753517151,0.8463754653930664,0.970840334892273,0.9782891273498535,0.9538275599479675,0.6908236145973206,5.25226616859436,0.871658205986023,0.9639706015586853
124,0.2561473548412323,0.9579043984413147,0.9398469924926758,0.9609144926071167,0.9788862466812134,0.9756547212600708,0.9889094233512878,0.9685366153717041,0.9862444400787354,0.9862596988677979,0.9637000560760498,0.982943058013916,0.9890120029449463,0.9745669364929199,0.9860777854919434,0.4755535125732422,0.9866260886192322,0.9666051864624023,0.9876497983932495,0.9702612161636353,0.48765885829925537,0.5,0.9937394857406616,0.9680730104446411,0.9828702211380005,0.9833428859710693,0.9601104259490967,0.9514139294624329,0.9308834671974182,0.9936323761940002,0.9465546607971191,0.9366002082824707,0.9423575401306152,0.9573721885681152,0.8257898092269897,0.4495370388031006,0.4685482382774353,0.9368922710418701,0.9810161590576172,0.9491809606552124,0.9619454145431519,0.9145933985710144,0.8536630868911743,0.9724292159080505,0.9787451028823853,0.9537776112556458,0.6951019167900085,5.2467663288116455,0.8592961430549622,0.9579043984413147
125,0.23850706219673157,0.9674632549285889,0.9402338266372681,0.9607716798782349,0.9801403880119324,0.9764846563339233,0.9871063232421875,0.9664454460144043,0.9852398633956909,0.9856958389282227,0.9656031131744385,0.984557032585144,0.9885630011558533,0.9763925075531006,0.9847089052200317,0.7091719508171082,0.9859700798988342,0.9647601842880249,0.9874584674835205,0.9690511226654053,0.488498330116272,0.49981313943862915,0.992611289024353,0.9667361974716187,0.9814462661743164,0.984128475189209,0.9583333730697632,0.9521094560623169,0.9321775436401367,0.9960989952087402,0.9498286247253418,0.9363133907318115,0.9482502937316895,0.9582409858703613,0.8212049007415771,0.4440637230873108,0.4683579206466675,0.9363534450531006,0.9814677238464355,0.9480326771736145,0.9644448757171631,0.9208813905715942,0.8499349355697632,0.9706319570541382,0.980636715888977,0.9541488885879517,0.6952521800994873,5.784424066543579,0.8737502098083496,0.9674632549285889
126,0.24806594848632812,0.9636029601097107,0.936604380607605,0.9554510116577148,0.9755715131759644,0.9733493328094482,0.987629234790802,0.9627168774604797,0.9841445684432983,0.9843922853469849,0.9637067317962646,0.9816182851791382,0.9867182970046997,0.9699352383613586,0.9831274151802063,0.4715919494628906,0.9861751198768616,0.9602954387664795,0.9878206253051758,0.9686285257339478,0.4864616096019745,0.4998132884502411,0.9928037524223328,0.9610291719436646,0.9826501607894897,0.9865095615386963,0.9609300494194031,0.9541030526161194,0.9309460520744324,0.995052695274353,0.9505587816238403,0.9389052391052246,0.9482790231704712,0.955803632736206,0.8204323053359985,0.432918906211853,0.4691540598869324,0.939056396484375,0.9829534888267517,0.9532874822616577,0.9625162482261658,0.9200148582458496,0.8479716777801514,0.9710037112236023,0.9807621240615845,0.9561338424682617,0.6921695470809937,5.420661687850952,0.8891133666038513,0.9636029601097107
127,0.25124597549438477,0.965624988079071,0.9392869472503662,0.9604170322418213,0.9782528877258301,0.9754703044891357,0.9873639345169067,0.96651291847229,0.9863443374633789,0.9846026301383972,0.9683403968811035,0.9818265438079834,0.9894872903823853,0.9716946482658386,0.9850387573242188,0.7522991895675659,0.9844961166381836,0.9625970125198364,0.9871557950973511,0.9718466401100159,0.48645660281181335,0.49972003698349,0.992699384689331,0.9667296409606934,0.9807180762290955,0.9827553033828735,0.963208794593811,0.9527783393859863,0.9377604722976685,0.9985733032226562,0.9498106241226196,0.9386062026023865,0.9470610022544861,0.955828070640564,0.8153377771377563,0.438009649515152,0.4725092351436615,0.9425190687179565,0.9792596697807312,0.9482020139694214,0.965398907661438,0.9191627502441406,0.8460468053817749,0.9704790115356445,0.977649450302124,0.9566958546638489,0.6953554153442383,5.264575004577637,0.8961753249168396,0.965624988079071
128,0.23393882811069489,0.9672794342041016,0.939996600151062,0.9591629505157471,0.9810745716094971,0.9801697134971619,0.9890261888504028,0.9678400158882141,0.9874538779258728,0.9882754683494568,0.966248631477356,0.9843144416809082,0.9904999136924744,0.9737327098846436,0.9869781732559204,0.9082919359207153,0.9859804511070251,0.9654314517974854,0.98728346824646,0.9731132984161377,0.48664578795433044,0.49953359365463257,0.9942207336425781,0.9613191485404968,0.981277346611023,0.9844343066215515,0.960533857345581,0.95050448179245,0.9323035478591919,0.9978162050247192,0.9479681253433228,0.9360582828521729,0.9479243755340576,0.9577568769454956,0.8157894611358643,0.4335249364376068,0.47055020928382874,0.9361940622329712,0.9826046228408813,0.9475051164627075,0.9633376598358154,0.920484185218811,0.8468552231788635,0.9695644378662109,0.9785315990447998,0.9503993988037109,0.6884835958480835,5.186602592468262,0.8850848078727722,0.9672794342041016
129,0.2345445305109024,0.9663602709770203,0.939064621925354,0.9584947824478149,0.9787901043891907,0.9785938262939453,0.9913235902786255,0.9693726897239685,0.9870046377182007,0.9869806170463562,0.9631986618041992,0.9837728142738342,0.9886573553085327,0.9742287397384644,0.9850525856018066,0.47334930300712585,0.9877306222915649,0.9638175964355469,0.988487720489502,0.9727356433868408,0.4878564774990082,0.49981337785720825,0.9948664903640747,0.9616336822509766,0.9841904640197754,0.9840273857116699,0.9614800810813904,0.9503324031829834,0.9373689293861389,0.9962835907936096,0.9514535665512085,0.9381338357925415,0.9485920667648315,0.9573879241943359,0.8073656558990479,0.42841246724128723,0.46750369668006897,0.9343971610069275,0.9812232851982117,0.9535468220710754,0.9635822772979736,0.9218837022781372,0.8466691374778748,0.9720156192779541,0.9800482988357544,0.9545539021492004,0.6917880773544312,5.286105632781982,0.8865889310836792,0.9663602709770203
130,0.2240384966135025,0.9709559082984924,0.9398384094238281,0.9627443552017212,0.9793281555175781,0.9786900281906128,0.9899520874023438,0.9653583765029907,0.9870872497558594,0.9861674308776855,0.9647015333175659,0.9845883846282959,0.9906008243560791,0.9725914001464844,0.9841210842132568,0.5001213550567627,0.9856061935424805,0.9614745378494263,0.9884622097015381,0.9745825529098511,0.49005889892578125,0.49981293082237244,0.9934640526771545,0.964026689529419,0.983466386795044,0.9850504398345947,0.9638577103614807,0.9532966613769531,0.940578043460846,0.9970588088035583,0.953728199005127,0.9441366195678711,0.9529139995574951,0.9592175483703613,0.8043678998947144,0.4354510009288788,0.46643924713134766,0.9379432201385498,0.9830083847045898,0.9508638381958008,0.9666975736618042,0.929821252822876,0.8484764099121094,0.9740163087844849,0.9818840622901917,0.955767810344696,0.6962516903877258,5.711439847946167,0.8981695175170898,0.9709559082984924

131,0.2202138751745224,0.9647058844566345,0.9377094507217407,0.9619144201278687,0.9805458188056946,0.9797896146774292,0.9911553263664246,0.9681910276412964,0.9870920181274414,0.9871723651885986,0.963178277015686,0.9848763942718506,0.9898598790168762,0.9745246171951294,0.9846778512001038,0.5180029273033142,0.9867256879806519,0.9622623920440674,0.9889360070228577,0.9739371538162231,0.4873686134815216,0.5,0.99477219581604,0.9634541869163513,0.9822512865066528,0.9843036532402039,0.9626425504684448,0.9543392062187195,0.9362828731536865,0.997435450553894,0.9507389068603516,0.9380645155906677,0.9468321800231934,0.9567023515701294,0.8031924962997437,0.4393518567085266,0.46603912115097046,0.9395697116851807,0.9804977774620056,0.9469724893569946,0.9669636487960815,0.9257950782775879,0.8400408029556274,0.9706922173500061,0.9790307283401489,0.9564489126205444,0.6937313079833984,5.2096381187438965,0.887475848197937,0.9647058844566345
132,0.22007758915424347,0.971875011920929,0.9410375356674194,0.9579413533210754,0.9777429103851318,0.9765812158584595,0.9883806705474854,0.9653803110122681,0.9837488532066345,0.9850305318832397,0.9579180479049683,0.9799004197120667,0.9894833564758301,0.9701589345932007,0.9810208082199097,0.769521176815033,0.9855031967163086,0.9601476192474365,0.9871723651885986,0.9755219221115112,0.48249492049217224,0.4998133182525635,0.9933470487594604,0.9626666307449341,0.9810656309127808,0.9840182662010193,0.9632730484008789,0.9503809213638306,0.9385581016540527,0.9976099729537964,0.9522727131843567,0.9389073848724365,0.9486016035079956,0.9568185806274414,0.8023427724838257,0.4419163763523102,0.4677925407886505,0.9360530376434326,0.9829798936843872,0.9545285701751709,0.9634033441543579,0.9294227361679077,0.8510599136352539,0.9712002873420715,0.9799368381500244,0.9520713090896606,0.6932006478309631,6.12920618057251,0.9073575735092163,0.971875011920929

133,0.22682611644268036,0.9658088088035583,0.9351979494094849,0.9565337896347046,0.9786978960037231,0.9773355722427368,0.9888499975204468,0.9667896628379822,0.9822714328765869,0.9852426052093506,0.9592326283454895,0.9825420379638672,0.9900295734405518,0.9704851508140564,0.9814609885215759,0.47223758697509766,0.9845190048217773,0.9652405977249146,0.987345278263092,0.9766623377799988,0.4794507920742035,0.4998124837875366,0.9933793544769287,0.963149905204773,0.9806920289993286,0.9873260855674744,0.9647204279899597,0.9495622515678406,0.9372984170913696,0.9981883764266968,0.956529974937439,0.9363250732421875,0.950546383857727,0.9579793214797974,0.7994459867477417,0.4353432357311249,0.4659782350063324,0.9348759055137634,0.9826915860176086,0.9543931484222412,0.9622764587402344,0.9366288781166077,0.8482425212860107,0.9721293449401855,0.9808049201965332,0.9547145366668701,0.6963328719139099,5.258007049560547,0.9044503569602966,0.9658088088035583
134,0.2285642772912979,0.96875,0.9384725093841553,0.9628366231918335,0.9803650379180908,0.9827491044998169,0.991705060005188,0.9680870771408081,0.9847757816314697,0.9878363609313965,0.9650111198425293,0.983862042427063,0.9900516271591187,0.9735967516899109,0.9849408864974976,0.4744700491428375,0.986812949180603,0.9665067195892334,0.9886656999588013,0.9758511781692505,0.4825998842716217,0.4996263086795807,0.9946768879890442,0.9663625955581665,0.9814709424972534,0.983441174030304,0.9608795046806335,0.9527348875999451,0.9355145692825317,0.9980041980743408,0.9541999101638794,0.9375921487808228,0.9439200162887573,0.9570716619491577,0.798229455947876,0.4267433285713196,0.46814993023872375,0.9354174137115479,0.9815950989723206,0.9521058797836304,0.9643988609313965,0.9362197518348694,0.8476482629776001,0.9703421592712402,0.9784946441650391,0.9527757167816162,0.6916404962539673,5.229835271835327,0.9073941111564636,0.96875
135,0.23014894127845764,0.966911792755127,0.9363350868225098,0.9605384469032288,0.9797160625457764,0.980563759803772,0.9900424480438232,0.9676557183265686,0.9838709831237793,0.9870896339416504,0.9647796154022217,0.9826440215110779,0.9906843900680542,0.9734268188476562,0.9826632142066956,0.47331979870796204,0.9866186380386353,0.9644108414649963,0.9882733225822449,0.976049542427063,0.47917434573173523,0.49953269958496094,0.9928985238075256,0.9664320945739746,0.979360818862915,0.9858821630477905,0.9648007154464722,0.9503254294395447,0.9379631280899048,0.9986679553985596,0.9576222896575928,0.9396822452545166,0.9502409100532532,0.9585951566696167,0.7930206656455994,0.42847877740859985,0.46693146228790283,0.9369990825653076,0.982109785079956,0.95493483543396,0.9656587839126587,0.9361069798469543,0.8523950576782227,0.972686767578125,0.9806410074234009,0.9534646272659302,0.6890537738800049,5.447700500488281,0.904687225818634,0.966911792755127
136,0.21351966261863708,0.971323549747467,0.9431365728378296,0.960900068283081,0.9798632860183716,0.979985237121582,0.9903029203414917,0.969280481338501,0.9853266477584839,0.9887557625770569,0.9659531116485596,0.9816555976867676,0.9911455512046814,0.9732718467712402,0.9836835861206055,0.9224947690963745,0.9875346422195435,0.9656031131744385,0.9886593818664551,0.9731232523918152,0.4801916480064392,0.4996272921562195,0.9940999746322632,0.9662148952484131,0.9801753759384155,0.9848513603210449,0.9664391279220581,0.9496094584465027,0.9424351453781128,0.999047040939331,0.958776593208313,0.9422402381896973,0.951598048210144,0.9605724811553955,0.7865324020385742,0.43670183420181274,0.46594056487083435,0.9391199350357056,0.9846682548522949,0.9565096497535706,0.9652093052864075,0.9395991563796997,0.848921537399292,0.9737281799316406,0.9830178022384644,0.96002596616745,0.7036254405975342,5.225811243057251,0.9109938740730286,0.971323549747467
137,0.2168133705854416,0.9709559082984924,0.9393253922462463,0.9601107835769653,0.9815191030502319,0.9793319702148438,0.9896678924560547,0.9704960584640503,0.985519289970398,0.9891164302825928,0.9655777215957642,0.983308732509613,0.9913315773010254,0.9744606018066406,0.9848792552947998,0.974252462387085,0.9870967864990234,0.9682890772819519,0.9894853234291077,0.9733185172080994,0.4753917157649994,0.49971941113471985,0.9946818351745605,0.9658379554748535,0.9817887544631958,0.9840939044952393,0.9604712724685669,0.9521912336349487,0.9403538703918457,0.9989559650421143,0.9545800685882568,0.935632586479187,0.947822093963623,0.9570716619491577,0.7845145463943481,0.43724510073661804,0.4685366451740265,0.9363093376159668,0.9808621406555176,0.9537846446037292,0.9643787145614624,0.9396728277206421,0.8450455665588379,0.9719017744064331,0.9802753925323486,0.9548746347427368,0.6955096125602722,5.1645896434783936,0.9242732524871826,0.9709559082984924
138,0.21028633415699005,0.9707720875740051,0.9404176473617554,0.9618792533874512,0.9779520034790039,0.9769372940063477,0.9904946088790894,0.965322732925415,0.982399582862854,0.9876383543014526,0.9651635885238647,0.9823800325393677,0.9897506833076477,0.9701051712036133,0.9822119474411011,0.9025638103485107,0.9856984615325928,0.9649511575698853,0.9882798194885254,0.9763932228088379,0.4761422276496887,0.4998128414154053,0.9935586452484131,0.9677969217300415,0.9845890402793884,0.9852155447006226,0.9659047722816467,0.9541991949081421,0.9405122995376587,0.9994301795959473,0.9556359052658081,0.9417833089828491,0.952147364616394,0.9560966491699219,0.7860439419746399,0.4372570812702179,0.46992063522338867,0.9417539238929749,0.9836643934249878,0.9554400444030762,0.966320276260376,0.9389903545379639,0.8496275544166565,0.9727272987365723,0.981423020362854,0.9579543471336365,0.6999006271362305,5.25809121131897,0.9118329882621765,0.9707720875740051
139,0.20080618560314178,0.9720588326454163,0.941800594329834,0.961410641670227,0.9800517559051514,0.9789783954620361,0.9891364574432373,0.9684501886367798,0.984043538570404,0.9874422550201416,0.9654726982116699,0.9832994937896729,0.9890241622924805,0.9733296632766724,0.9815599918365479,0.8592872619628906,0.9854270219802856,0.9677419662475586,0.9880908727645874,0.9795483946800232,0.475957989692688,0.49981358647346497,0.9938098192214966,0.9681274890899658,0.9824994802474976,0.9840576648712158,0.9644694328308105,0.9556466937065125,0.9406618475914001,0.9992388486862183,0.9562238454818726,0.9394834041595459,0.9503611922264099,0.9588333368301392,0.7889789938926697,0.44043421745300293,0.4695347249507904,0.9388421773910522,0.982159435749054,0.9561778903007507,0.9634826183319092,0.942589521408081,0.8413407802581787,0.9737918376922607,0.9818046689033508,0.9587504863739014,0.7019808888435364,6.104316473007202,0.9093993902206421,0.9720588326454163
140,0.21774154901504517,0.9707720875740051,0.9407618045806885,0.9590497016906738,0.9789512157440186,0.9776753187179565,0.989383339881897,0.9645030498504639,0.9842854738235474,0.9867158532142639,0.9610269665718079,0.9805386066436768,0.9893989562988281,0.9699852466583252,0.9816454648971558,0.47187384963035583,0.985511302947998,0.9630995988845825,0.9873709678649902,0.9720422029495239,0.4735727310180664,0.49990662932395935,0.9942077398300171,0.9650123715400696,0.9801715612411499,0.9834562540054321,0.9617512226104736,0.9490221738815308,0.9367052316665649,0.9873365163803101,0.9506679773330688,0.9358052015304565,0.9512307643890381,0.9580722451210022,0.7865707874298096,0.4349270761013031,0.4695964753627777,0.9352283477783203,0.9815710783004761,0.9518766403198242,0.9620901346206665,0.9430651664733887,0.8413819074630737,0.9721653461456299,0.9804868698120117,0.9540635943412781,0.6863148212432861,5.219841003417969,0.9186312556266785,0.9707720875740051

141,0.20700600743293762,0.9696691036224365,0.9404069781303406,0.9634034037590027,0.9788589477539062,0.9788901209831238,0.9899297952651978,0.9688364267349243,0.9846948385238647,0.9883828163146973,0.9675157070159912,0.9828634262084961,0.9911471605300903,0.9727809429168701,0.9845075607299805,0.9571561813354492,0.9878318309783936,0.9681910276412964,0.9901145696640015,0.9748241305351257,0.47688767313957214,0.4996251165866852,0.9943746328353882,0.9670099020004272,0.9824411869049072,0.9856681823730469,0.9654942750930786,0.9528930187225342,0.9412487745285034,0.9904309511184692,0.9549180269241333,0.9416328072547913,0.9494631290435791,0.962191104888916,0.7970854043960571,0.43962159752845764,0.4690265357494354,0.9403738379478455,0.9823518395423889,0.9568004608154297,0.9648959636688232,0.9449294209480286,0.8598625659942627,0.9728826284408569,0.9822523593902588,0.9618029594421387,0.7015588283538818,5.460733413696289,0.9033805727958679,0.9696691036224365
142,0.20030952990055084,0.9746323823928833,0.9399281740188599,0.9611489772796631,0.9789706468582153,0.9808365702629089,0.9907851219177246,0.9661799669265747,0.9835853576660156,0.9889217019081116,0.9646949768066406,0.9854216575622559,0.9914238452911377,0.9710705876350403,0.9831979274749756,0.9726115465164185,0.9862622022628784,0.9660453796386719,0.9882027506828308,0.9767204523086548,0.4781848192214966,0.49971914291381836,0.9947526454925537,0.9639665484428406,0.9845861196517944,0.9844821095466614,0.9634308815002441,0.9511064887046814,0.942851722240448,0.9601876735687256,0.955195426940918,0.9403026103973389,0.9533592462539673,0.9588952660560608,0.7872301340103149,0.4304267168045044,0.4706425368785858,0.9392549991607666,0.9831534028053284,0.9531713724136353,0.9654117226600647,0.9449822902679443,0.8582977056503296,0.9747306108474731,0.9804796576499939,0.954072117805481,0.6987910270690918,5.221526384353638,0.9282928109169006,0.9746323823928833
143,0.2157277911901474,0.9693014621734619,0.9428715109825134,0.9630587100982666,0.9795316457748413,0.8900266289710999,0.9895775318145752,0.9700239896774292,0.9843173027038574,0.9878228902816772,0.9647731781005859,0.9838590621948242,0.9904147386550903,0.9735288619995117,0.9808330535888672,0.9531301856040955,0.9881083965301514,0.9684045314788818,0.9893774390220642,0.975487470626831,0.4777163863182068,0.4998134672641754,0.9937418699264526,0.9684240818023682,0.9840516448020935,0.9840607643127441,0.9632687568664551,0.9559383392333984,0.9403635263442993,0.9792918562889099,0.9548301696777344,0.9370720386505127,0.9479340314865112,0.9590103626251221,0.7848182916641235,0.4320999085903168,0.47085946798324585,0.943156361579895,0.9808514714241028,0.9555761814117432,0.9633376598358154,0.9476225972175598,0.8548866510391235,0.9714896082878113,0.979515790939331,0.956153392791748,0.6897295713424683,5.530033349990845,0.8964241743087769,0.9693014621734619
144,0.20623554289340973,0.9715073704719543,0.9413410425186157,0.9570189714431763,0.9774068593978882,0.9540461301803589,0.9890180826187134,0.9664020538330078,0.9829146862030029,0.986526370048523,0.9640353918075562,0.9817997217178345,0.9909543991088867,0.9721607565879822,0.9791666269302368,0.9703061580657959,0.9870681762695312,0.966291069984436,0.9857959747314453,0.9736306667327881,0.47531774640083313,0.49981337785720825,0.9925401210784912,0.9648207426071167,0.9793657064437866,0.9872574806213379,0.9627548456192017,0.9494863152503967,0.9384527206420898,0.9884481430053711,0.957270622253418,0.9369809627532959,0.9511181116104126,0.9616165161132812,0.7854766845703125,0.4241666793823242,0.47004055976867676,0.9363075494766235,0.9840593338012695,0.9579925537109375,0.9640268087387085,0.9507709741592407,0.8582853078842163,0.973894476890564,0.9834572076797485,0.9551615715026855,0.68646240234375,5.278194904327393,0.9144498705863953,0.9715073704719543
145,0.19202223420143127,0.9753676652908325,0.9430468082427979,0.9655616879463196,0.983686625957489,0.9823106527328491,0.9913332462310791,0.9709570407867432,0.9862545728683472,0.9892185926437378,0.972037672996521,0.9845075607299805,0.9936382174491882,0.9766027927398682,0.9836776256561279,0.9762784242630005,0.9887349605560303,0.9690788388252258,0.9892006516456604,0.980455756187439,0.4788408577442169,0.4999065697193146,0.9936400651931763,0.966400146484375,0.9825880527496338,0.9867724776268005,0.9611586332321167,0.9516742825508118,0.9392585754394531,0.9968320727348328,0.9564681053161621,0.9361741542816162,0.9493893384933472,0.9598782658576965,0.7821507453918457,0.43077918887138367,0.4695627987384796,0.9380134344100952,0.9830241203308105,0.955246090888977,0.9636616706848145,0.9509294033050537,0.8526678085327148,0.9727137088775635,0.9805690050125122,0.9521860480308533,0.6885402798652649,5.286016225814819,0.9298440217971802,0.9753676652908325
146,0.20241887867450714,0.976286768913269,0.9418540596961975,0.9651957154273987,0.9817376732826233,0.9777305126190186,0.9908756017684937,0.9678789377212524,0.9831149578094482,0.987281084060669,0.9673432111740112,0.9838590621948242,0.9898524284362793,0.9715762138366699,0.9803577661514282,0.9715102314949036,0.9889278411865234,0.9663408398628235,0.9879285097122192,0.9779548048973083,0.47624310851097107,0.4998130202293396,0.9942120909690857,0.9710641503334045,0.9821765422821045,0.9844017624855042,0.9624999761581421,0.9557622671127319,0.9430041909217834,0.9915083050727844,0.9585388898849487,0.9444341659545898,0.9533333778381348,0.9574644565582275,0.7820583581924438,0.4442589581012726,0.4685424268245697,0.9409013986587524,0.9832620620727539,0.9557374119758606,0.9697026014328003,0.9448577165603638,0.8666419982910156,0.9745778441429138,0.981632649898529,0.9533258676528931,0.688094437122345,5.28019380569458,0.928494930267334,0.976286768913269
147,0.20530101656913757,0.9729779362678528,0.9389748573303223,0.9616023302078247,0.9793357849121094,0.9758347272872925,0.9903136491775513,0.9679889678955078,0.9830289483070374,0.9868931174278259,0.9664881825447083,0.9826600551605225,0.9894737005233765,0.9727608561515808,0.9796935319900513,0.8180536031723022,0.986990213394165,0.967042088508606,0.9875507354736328,0.975801944732666,0.472258061170578,0.49981290102005005,0.9943054914474487,0.9691252112388611,0.9826343059539795,0.984523355960846,0.9633845686912537,0.9519047737121582,0.9448766708374023,0.9940457940101624,0.9552366733551025,0.9427332878112793,0.9498147964477539,0.9584794044494629,0.7809268832206726,0.4355674982070923,0.46786704659461975,0.9417648315429688,0.9829831123352051,0.9560133218765259,0.9670248031616211,0.9492093324661255,0.8661959171295166,0.9741827249526978,0.9795804619789124,0.9537830352783203,0.6857818365097046,5.231218338012695,0.9306254386901855,0.9729779362678528
148,0.2082880586385727,0.9738970398902893,0.9393810033798218,0.9620206356048584,0.978693962097168,0.9789823293685913,0.9900258779525757,0.9668635725975037,0.9828540086746216,0.9868007898330688,0.9684103727340698,0.9818298816680908,0.9899409413337708,0.9722068309783936,0.9817309379577637,0.7950981855392456,0.9877374172210693,0.9669619798660278,0.9874584674835205,0.9789044857025146,0.4691471755504608,0.4997193217277527,0.9942336082458496,0.9670079946517944,0.9813199043273926,0.9854975938796997,0.9627234935760498,0.9550390243530273,0.9389849901199341,0.9988576173782349,0.9543642997741699,0.938504159450531,0.9494631290435791,0.9599926471710205,0.7770494818687439,0.44207993149757385,0.4676942825317383,0.9404561519622803,0.9829704165458679,0.9568119049072266,0.9656296968460083,0.951201319694519,0.8562140464782715,0.9716595411300659,0.9802570343017578,0.9467570781707764,0.6761568188667297,5.773823499679565,0.9259548187255859,0.9738970398902893
149,0.19656677544116974,0.9751838445663452,0.9422986507415771,0.962737500667572,0.979981541633606,0.9799741506576538,0.991018533706665,0.969741702079773,0.986249566078186,0.9889401197433472,0.9696382284164429,0.983410120010376,0.9918774366378784,0.9745528697967529,0.9821165204048157,0.9747782945632935,0.9892969131469727,0.9652149677276611,0.9886635541915894,0.9775166511535645,0.47136807441711426,0.49981287121772766,0.9948789477348328,0.9668565988540649,0.9822823405265808,0.9859288930892944,0.9629982709884644,0.9517694115638733,0.9387385845184326,0.9994297623634338,0.9543635845184326,0.9378118515014648,0.9543434381484985,0.9622623920440674,0.7779520153999329,0.44388890266418457,0.46725091338157654,0.9385768175125122,0.9843633770942688,0.957777738571167,0.9639539122581482,0.9527968764305115,0.8646336793899536,0.9742565155029297,0.9816914796829224,0.954284131526947,0.6913084387779236,5.316018342971802,0.9291756749153137,0.9751838445663452
150,0.18944206833839417,0.9738970398902893,0.9410289525985718,0.9623180627822876,0.9811877608299255,0.9780361652374268,0.9901273250579834,0.9716789722442627,0.9840406179428101,0.9885566234588623,0.9691187143325806,0.985519289970398,0.9918789267539978,0.9772056341171265,0.9820375442504883,0.9741554260253906,0.9889360070228577,0.9667712450027466,0.9895794987678528,0.9783253073692322,0.4681910276412964,0.49953269958496094,0.9949654936790466,0.970879316329956,0.9824211597442627,0.9845702648162842,0.9637901782989502,0.9535612463951111,0.9447940587997437,0.9994295835494995,0.9578507542610168,0.9421517848968506,0.9539815187454224,0.9619936943054199,0.7789454460144043,0.4278694689273834,0.4705773890018463,0.9385604858398438,0.9843662977218628,0.9591856002807617,0.9669390916824341,0.9543349742889404,0.8581408262252808,0.9765493869781494,0.9812893867492676,0.9553555250167847,0.6866980791091919,5.3893303871154785,0.9292870759963989,0.9738970398902893

151,0.1971856951713562,0.976286768913269,0.9344562292098999,0.9599704742431641,0.9786782264709473,0.9765639305114746,0.9885672330856323,0.9691768288612366,0.981631875038147,0.9863468408584595,0.9616307020187378,0.9835641384124756,0.9906758069992065,0.9739948511123657,0.9794356226921082,0.9711307883262634,0.9869806170463562,0.9667097330093384,0.9868007898330688,0.9768303632736206,0.46232497692108154,0.49962475895881653,0.9928037524223328,0.966407299041748,0.981658399105072,0.9848571419715881,0.9603461027145386,0.9511893391609192,0.9420400261878967,0.8857895731925964,0.9562618732452393,0.9393324851989746,0.9514132738113403,0.9627816677093506,0.7849888801574707,0.435415118932724,0.4720427989959717,0.936112642288208,0.9824610352516174,0.9615955352783203,0.9647848010063171,0.9571137428283691,0.8556318283081055,0.9700965881347656,0.9818334579467773,0.953648567199707,0.6888777017593384,5.18472146987915,0.9328781962394714,0.976286768913269
152,0.1889623999595642,0.9784926176071167,0.9408087730407715,0.9654314517974854,0.9791705012321472,0.9799778461456299,0.9911373853683472,0.9700018167495728,0.9847673177719116,0.9888417720794678,0.9690845012664795,0.9848037958145142,0.9917911887168884,0.9744747877120972,0.98275226354599,0.9739564061164856,0.9887536764144897,0.9705501794815063,0.9892086386680603,0.9799000024795532,0.46575215458869934,0.49953219294548035,0.994847297668457,0.9683772325515747,0.9827749729156494,0.9844406247138977,0.9603159427642822,0.9578816890716553,0.9407265782356262,0.9425015449523926,0.9554436206817627,0.9435840845108032,0.951921284198761,0.9600627422332764,0.7814746499061584,0.43945565819740295,0.4710758924484253,0.9409891366958618,0.9809727072715759,0.9582403302192688,0.9674661159515381,0.9595649838447571,0.8611576557159424,0.9725009202957153,0.9805545210838318,0.9478276968002319,0.6911047697067261,5.636829614639282,0.9317710399627686,0.9784926176071167
153,0.18181848526000977,0.9766544103622437,0.9405801296234131,0.9622554779052734,0.9799226522445679,0.978385329246521,0.9903011322021484,0.9684734344482422,0.9842912554740906,0.9869974255561829,0.9685883522033691,0.9841387271881104,0.9908621311187744,0.9717868566513062,0.9794318675994873,0.9718635082244873,0.9875460863113403,0.9685482382774353,0.9884686470031738,0.9754583835601807,0.4614817500114441,0.49972015619277954,0.9941176176071167,0.9674680233001709,0.9819631576538086,0.9856463670730591,0.9644209146499634,0.9517385959625244,0.9450455904006958,0.960050106048584,0.9585467576980591,0.9395675659179688,0.9503618478775024,0.9587866067886353,0.7799815535545349,0.42933976650238037,0.4702029526233673,0.9398243427276611,0.980858564376831,0.9573794603347778,0.9645910859107971,0.9561827182769775,0.8654525279998779,0.9733271598815918,0.9802790880203247,0.9560052156448364,0.6888953447341919,5.363748788833618,0.9321883320808411,0.9766544103622437
154,0.19342200458049774,0.9751838445663452,0.9401077032089233,0.9631132483482361,0.9812730550765991,0.9770210385322571,0.9908705353736877,0.9707402586936951,0.9831274151802063,0.9885566234588623,0.9667035341262817,0.9847954511642456,0.9903100728988647,0.9756187796592712,0.9810208082199097,0.9729032516479492,0.989016056060791,0.9669498205184937,0.9893931150436401,0.9811320900917053,0.464548796415329,0.4998134672641754,0.9943872690200806,0.9662804007530212,0.9828962087631226,0.984104335308075,0.961845874786377,0.9538271427154541,0.9433549046516418,0.9283335208892822,0.9550807476043701,0.9420169591903687,0.9536865949630737,0.9610269665718079,0.7827891111373901,0.42588475346565247,0.4689171612262726,0.938144326210022,0.9821362495422363,0.9563161134719849,0.9675977230072021,0.9582792520523071,0.8675951957702637,0.9724438786506653,0.9816334247589111,0.959717869758606,0.6799628138542175,5.246469020843506,0.932081401348114,0.9751838445663452
155,0.18365980684757233,0.9748162031173706,0.9413324594497681,0.961403489112854,0.9780483245849609,0.9764716625213623,0.9889175891876221,0.9664144515991211,0.9814404249191284,0.9853321313858032,0.9681047201156616,0.9821791648864746,0.9899390935897827,0.9716476202011108,0.9785938262939453,0.9707294702529907,0.9866211414337158,0.96651291847229,0.9869806170463562,0.979567289352417,0.4613824784755707,0.4997197389602661,0.9929919242858887,0.9671040177345276,0.9825227856636047,0.9835070967674255,0.9621312618255615,0.9534928202629089,0.9427459239959717,0.9562805891036987,0.9556207656860352,0.9425911903381348,0.9530903100967407,0.9589483737945557,0.781307578086853,0.4394051432609558,0.4703929126262665,0.9403403997421265,0.9809514880180359,0.9581089019775391,0.9678019285202026,0.9567396640777588,0.8647670745849609,0.9710252285003662,0.9819962978363037,0.9552891254425049,0.6830582618713379,5.249947547912598,0.9317383766174316,0.9748162031173706
156,0.18148739635944366,0.9761029481887817,0.9410696029663086,0.962440013885498,0.9802619218826294,0.9791052937507629,0.9886531233787537,0.9676318764686584,0.9835519790649414,0.9876269698143005,0.9689171314239502,0.9841299057006836,0.9902286529541016,0.9737668633460999,0.9799152612686157,0.9727809429168701,0.9884686470031738,0.966691255569458,0.9882884621620178,0.9767764806747437,0.45249494910240173,0.49981269240379333,0.9947565793991089,0.9690701961517334,0.9808971881866455,0.9831267595291138,0.9657560586929321,0.953559160232544,0.9462966322898865,0.9727376103401184,0.9568571448326111,0.9438295364379883,0.9546970129013062,0.9595391750335693,0.7774085998535156,0.4434782564640045,0.4713863730430603,0.9416806697845459,0.9815847873687744,0.9583256244659424,0.964804470539093,0.9578918218612671,0.8637123703956604,0.9739534854888916,0.9808692336082458,0.9566307663917542,0.6805945634841919,5.235751628875732,0.9305676817893982,0.9761029481887817
157,0.19548580050468445,0.9757353067398071,0.9415761828422546,0.9632638096809387,0.9783090353012085,0.9791512489318848,0.9891043305397034,0.9676764011383057,0.9815531969070435,0.9869124293327332,0.966654360294342,0.9847532510757446,0.9914238452911377,0.9726115465164185,0.9800701141357422,0.9714470505714417,0.9865412712097168,0.9671889543533325,0.989564061164856,0.9817693829536438,0.4550313353538513,0.49981337785720825,0.9937359690666199,0.9681335687637329,0.9825681447982788,0.9856573343276978,0.9650189876556396,0.9527603983879089,0.9442015290260315,0.9621924161911011,0.9566044807434082,0.9420450329780579,0.9535250663757324,0.9616377353668213,0.7760148048400879,0.4440029561519623,0.46896934509277344,0.9401717185974121,0.9831815958023071,0.9591212272644043,0.9641197323799133,0.958907961845398,0.8610024452209473,0.9724489450454712,0.982073187828064,0.9567763805389404,0.6873716711997986,5.726527452468872,0.9312101006507874,0.9757353067398071
158,0.18793362379074097,0.9773896932601929,0.9415205717086792,0.9632054567337036,0.9800000190734863,0.9809927940368652,0.990581750869751,0.9687557220458984,0.9835944771766663,0.9879918694496155,0.9631404280662537,0.9838560819625854,0.9904077053070068,0.973077654838562,0.9807940721511841,0.9730826020240784,0.987529993057251,0.968847930431366,0.9888335466384888,0.9798073768615723,0.4467047154903412,0.4999067783355713,0.9937581419944763,0.9696252942085266,0.9822512865066528,0.9834437370300293,0.9627649784088135,0.9557396173477173,0.9434195756912231,0.9459736943244934,0.9530507326126099,0.943236231803894,0.9552197456359863,0.9606451988220215,0.7742382287979126,0.44682231545448303,0.4708809554576874,0.9419409036636353,0.9810232520103455,0.9564045667648315,0.9696687459945679,0.9592558145523071,0.8624628782272339,0.9718871712684631,0.98175048828125,0.9558550119400024,0.6723980903625488,5.388436317443848,0.9350070953369141,0.9773896932601929
159,0.18001167476177216,0.9746323823928833,0.9415313005447388,0.9658734798431396,0.9808082580566406,0.9801843166351318,0.9903082847595215,0.9689114093780518,0.9842193126678467,0.9879307150840759,0.9721299409866333,0.9846778512001038,0.9918849468231201,0.9736064672470093,0.9818433523178101,0.9743589758872986,0.9889421463012695,0.968063473701477,0.9897582530975342,0.9779384136199951,0.45682990550994873,0.49962693452835083,0.9954197406768799,0.9708516001701355,0.9839901924133301,0.9831844568252563,0.9662471413612366,0.9560189247131348,0.9447707533836365,0.9117992520332336,0.9549781084060669,0.9476937055587769,0.9547054767608643,0.9606088399887085,0.7791298031806946,0.44133976101875305,0.4702359139919281,0.9422717094421387,0.9817911386489868,0.9589232206344604,0.9689821600914001,0.9587676525115967,0.8666356801986694,0.9753854870796204,0.9834818243980408,0.958743691444397,0.6778137683868408,5.242326498031616,0.9329652190208435,0.9746323823928833
160,0.17492498457431793,0.9753676652908325,0.9387739300727844,0.9616165161132812,0.978866696357727,0.9816691279411316,0.9904005527496338,0.9700239896774292,0.9824658632278442,0.9865437746047974,0.9660578966140747,0.98275226354599,0.9899446368217468,0.9747046232223511,0.9801403880119324,0.9713810682296753,0.9879896640777588,0.9699594974517822,0.9874492287635803,0.9784339070320129,0.4582872986793518,0.49990662932395935,0.994675874710083,0.9696738719940186,0.9820512533187866,0.9857360124588013,0.9629454016685486,0.9539473652839661,0.9447613954544067,0.8909372091293335,0.9583967924118042,0.9435944557189941,0.9556256532669067,0.961992621421814,0.7801254987716675,0.436180055141449,0.47055020928382874,0.938154935836792,0.9828577041625977,0.9633444547653198,0.9668713808059692,0.9592612981796265,0.8676525354385376,0.9733953475952148,0.982921838760376,0.9566065669059753,0.6785663962364197,5.276421785354614,0.9323009252548218,0.9753676652908325

161,0.17203395068645477,0.9753676652908325,0.9389748573303223,0.9618433117866516,0.9776793718338013,0.9813824892044067,0.9909326434135437,0.9695459604263306,0.9829367399215698,0.9875460863113403,0.9681793451309204,0.9822087287902832,0.9909510612487793,0.9756232500076294,0.9806272983551025,0.9727909564971924,0.9882646799087524,0.9697695970535278,0.9872717261314392,0.9778375625610352,0.4546794295310974,0.5,0.9942110180854797,0.9670727252960205,0.9836221933364868,0.9839017391204834,0.9664697647094727,0.9502667784690857,0.9472737312316895,0.9277014136314392,0.9562737941741943,0.9455317258834839,0.9536283016204834,0.962091863155365,0.7759129405021667,0.44175925850868225,0.47234004735946655,0.941851794719696,0.9825408458709717,0.96390700340271,0.9652133584022522,0.960638701915741,0.8689302206039429,0.9746658802032471,0.9854278564453125,0.9594569206237793,0.686592161655426,5.624451398849487,0.9322688579559326,0.9753676652908325
162,0.17351719737052917,0.9770220518112183,0.9396225214004517,0.9593098163604736,0.9790513515472412,0.9814575910568237,0.9894068241119385,0.9671465158462524,0.9816454648971558,0.9866211414337158,0.9668018817901611,0.9839364886283875,0.9908570051193237,0.9727088212966919,0.9818198680877686,0.9729555249214172,0.9868323802947998,0.9663470387458801,0.9882798194885254,0.981745719909668,0.43677419424057007,0.4996262490749359,0.9953218698501587,0.9672551155090332,0.9821904897689819,0.9856436252593994,0.9637142419815063,0.9535925388336182,0.9429275989532471,0.9126816987991333,0.9568589925765991,0.9418604373931885,0.953391432762146,0.9604170322418213,0.7740118503570557,0.4377773702144623,0.4732718765735626,0.9409235715866089,0.9828258752822876,0.960396945476532,0.9634690284729004,0.9600148797035217,0.8677263259887695,0.9723411798477173,0.9842790365219116,0.9541062712669373,0.6746658086776733,5.381649017333984,0.9341411590576172,0.9770220518112183
163,0.1660149246454239,0.9753676652908325,0.9396353960037231,0.9644964933395386,0.9797896146774292,0.9811947345733643,0.9905939102172852,0.9698283672332764,0.9838590621948242,0.9893715381622314,0.9676464796066284,0.9845161437988281,0.9904059171676636,0.9752073287963867,0.9807195663452148,0.9728782176971436,0.987456202507019,0.9680576324462891,0.9892165660858154,0.9785184860229492,0.4411981701850891,0.4999065697193146,0.9955240488052368,0.9699312448501587,0.9843215942382812,0.983441174030304,0.9612028002738953,0.9542502164840698,0.9481643438339233,0.8855339288711548,0.9592339992523193,0.9447213411331177,0.9533765316009521,0.9608783721923828,0.779664158821106,0.44204777479171753,0.4758569896221161,0.9383753538131714,0.9813370704650879,0.9603351950645447,0.9679784774780273,0.9621676802635193,0.8732616305351257,0.9747860431671143,0.9863933324813843,0.9571958780288696,0.674652099609375,5.311477184295654,0.9337052702903748,0.9753676652908325
164,0.17245301604270935,0.9764705896377563,0.9410353899002075,0.9614533185958862,0.9802510142326355,0.9809682369232178,0.9907817244529724,0.9677181243896484,0.9838560819625854,0.9893813133239746,0.9679026007652283,0.9854270219802856,0.9906843900680542,0.9748984575271606,0.9830352067947388,0.9741601943969727,0.9895756244659424,0.9671223163604736,0.9904253482818604,0.9825129508972168,0.44406622648239136,0.4998133182525635,0.9954988956451416,0.9676716327667236,0.9834253787994385,0.9835383296012878,0.9590381979942322,0.9533536434173584,0.9443067312240601,0.9168537855148315,0.9552907943725586,0.940025806427002,0.9503427743911743,0.9572404623031616,0.7746634483337402,0.44236817955970764,0.4730527997016907,0.940179705619812,0.9818367958068848,0.9574428796768188,0.9649823904037476,0.9599478244781494,0.8690033555030823,0.9730712175369263,0.9834449291229248,0.9536744356155396,0.6748576164245605,5.180403709411621,0.9337540864944458,0.9764705896377563
165,0.1705455332994461,0.9772058725357056,0.9392036199569702,0.9617581963539124,0.9809005260467529,0.9817612171173096,0.9906929731369019,0.969436764717102,0.9825677871704102,0.9880051612854004,0.9655967950820923,0.985144853591919,0.9910483360290527,0.9750968217849731,0.9832010269165039,0.9738785028457642,0.9883699417114258,0.9667035341262817,0.9895871877670288,0.982812762260437,0.4502304196357727,0.4997198283672333,0.9951501488685608,0.9675275087356567,0.9832413196563721,0.9819151163101196,0.9606261849403381,0.952725887298584,0.947888970375061,0.904754102230072,0.9572187662124634,0.9442495703697205,0.9524778127670288,0.957619309425354,0.7759956121444702,0.43802112340927124,0.47474655508995056,0.9394166469573975,0.9803940057754517,0.9591875076293945,0.9662827253341675,0.9609302282333374,0.8701057434082031,0.9739534854888916,0.9847384691238403,0.9581625461578369,0.6748306155204773,5.277849912643433,0.9315827488899231,0.9772058725357056
166,0.17785947024822235,0.9731617569923401,0.9404604434967041,0.9638643264770508,0.9799004197120667,0.9811842441558838,0.9888499975204468,0.9682656526565552,0.9822813272476196,0.986354410648346,0.9692918062210083,0.9848400950431824,0.9910697937011719,0.9757424592971802,0.9820802211761475,0.9724888801574707,0.9871676564216614,0.9688421487808228,0.9890099763870239,0.9826086759567261,0.44293078780174255,0.4998132884502411,0.9941099882125854,0.9683940410614014,0.9829685688018799,0.9827520847320557,0.9610722064971924,0.953279972076416,0.9484663605690002,0.9181353449821472,0.9576045274734497,0.941871166229248,0.9517055749893188,0.9600332379341125,0.7830780744552612,0.4398704767227173,0.4740918278694153,0.9398952722549438,0.9798588752746582,0.9591019153594971,0.9659977555274963,0.9627699255943298,0.869929313659668,0.9729403257369995,0.9827041029930115,0.9524385929107666,0.673516035079956,5.683439016342163,0.928512454032898,0.9731617569923401
167,0.17128372192382812,0.9751838445663452,0.9401590824127197,0.9628229141235352,0.9809927940368652,0.9797160625457764,0.9889258146286011,0.9685945510864258,0.9824464321136475,0.9848875999450684,0.9684675931930542,0.9823540449142456,0.9899483919143677,0.9767313003540039,0.981631875038147,0.9718790054321289,0.987647533416748,0.9698395133018494,0.9883720874786377,0.9788888692855835,0.4462345838546753,0.4999065697193146,0.9903221726417542,0.968267560005188,0.9835519790649414,0.9842737317085266,0.9644958972930908,0.9539824724197388,0.9506560564041138,0.8898550868034363,0.959962010383606,0.9481549859046936,0.960407018661499,0.9631714820861816,0.7701308131217957,0.44579094648361206,0.474382609128952,0.93901526927948,0.9845667481422424,0.964046835899353,0.9674094915390015,0.9639873504638672,0.8785436153411865,0.9775260090827942,0.9865416884422302,0.9570871591567993,0.6734451055526733,5.428599834442139,0.9282715916633606,0.9751838445663452
168,0.17472906410694122,0.9777573347091675,0.9405480623245239,0.9656221270561218,0.9825484752655029,0.9822779893875122,0.9905886650085449,0.97171550989151,0.9834253787994385,0.98846435546875,0.9696494340896606,0.9838560819625854,0.9906878471374512,0.9782207012176514,0.9833856821060181,0.9740583896636963,0.9878048896789551,0.9710278511047363,0.9904981851577759,0.9831481575965881,0.4474847912788391,0.499813050031662,0.9947683215141296,0.9674121141433716,0.9833048582077026,0.9842005968093872,0.9641573429107666,0.9515053033828735,0.9499236941337585,0.8696286678314209,0.9607224464416504,0.9455217123031616,0.957050085067749,0.9595018625259399,0.7806791067123413,0.4383561611175537,0.46865782141685486,0.9368312358856201,0.9818046689033508,0.9618604779243469,0.9690865278244019,0.9645581245422363,0.878765344619751,0.9754220247268677,0.9848766326904297,0.9545707702636719,0.6801216006278992,5.31191349029541,0.9331181645393372,0.9777573347091675
169,0.16722360253334045,0.9781249761581421,0.9376859664916992,0.9656157493591309,0.9821791648864746,0.980563759803772,0.9898467659950256,0.9727659225463867,0.9846835136413574,0.989130437374115,0.9713311195373535,0.9856932163238525,0.9934598207473755,0.9782528877258301,0.985903799533844,0.976190447807312,0.9904059171676636,0.9703006744384766,0.9916927814483643,0.9818418025970459,0.4415285587310791,0.4997202157974243,0.9946639537811279,0.9690584540367126,0.9833555221557617,0.9833523631095886,0.9645087718963623,0.9536455273628235,0.9510045051574707,0.7761236429214478,0.9611153602600098,0.944198489189148,0.9538134336471558,0.9564216136932373,0.7732558250427246,0.44160178303718567,0.4767441749572754,0.9425984621047974,0.9800667762756348,0.9578830003738403,0.9676252603530884,0.9615169763565063,0.8752782344818115,0.974382758140564,0.9857488870620728,0.9581862092018127,0.682321310043335,5.48553729057312,0.9336509704589844,0.9781249761581421
170,0.18423056602478027,0.9748162031173706,0.9314530491828918,0.9631132483482361,0.9790319204330444,0.9800738096237183,0.9904876351356506,0.9673932790756226,0.9816555976867676,0.9878206253051758,0.9651033878326416,0.982761800289154,0.9904859066009521,0.9742714762687683,0.9821791648864746,0.9723247289657593,0.986992597579956,0.965447187423706,0.9893931150436401,0.9795332551002502,0.4367053508758545,0.49990636110305786,0.9961588978767395,0.9703647494316101,0.9825227856636047,0.985064685344696,0.9649669528007507,0.9529366493225098,0.9510250687599182,0.6686856746673584,0.9628609418869019,0.9431419372558594,0.9557653069496155,0.9617158770561218,0.7744971513748169,0.44043654203414917,0.47730207443237305,0.9413522481918335,0.9841977953910828,0.9607606530189514,0.9665551781654358,0.9661632776260376,0.8853585720062256,0.9759955406188965,0.9860672354698181,0.9606897830963135,0.6751562356948853,5.575748443603516,0.9356067180633545,0.9748162031173706

171,0.16923871636390686,0.9757353067398071,0.9361918568611145,0.9638242721557617,0.9802510142326355,0.9801623821258545,0.9885630011558533,0.9700294733047485,0.9820144176483154,0.986985445022583,0.9653931260108948,0.9839246273040771,0.9907748699188232,0.9781486392021179,0.981928825378418,0.9724423885345459,0.9866334795951843,0.9699262380599976,0.9893754720687866,0.9827777743339539,0.43842047452926636,0.49971941113471985,0.9935441613197327,0.9694844484329224,0.9832763075828552,0.9844195246696472,0.9600988030433655,0.9538695812225342,0.9467353820800781,0.8030704259872437,0.9573391675949097,0.9411438703536987,0.9528878331184387,0.9606430530548096,0.7763935327529907,0.4465641677379608,0.48016971349716187,0.9399887919425964,0.9833550453186035,0.9618738293647766,0.9646502137184143,0.9671308994293213,0.8800521492958069,0.9731893539428711,0.9838259816169739,0.953497052192688,0.6680386662483215,5.448955535888672,0.9315487742424011,0.9757353067398071
172,0.15330994129180908,0.9775735139846802,0.9389000535011292,0.9585253596305847,0.9819321632385254,0.9822152853012085,0.9902250170707703,0.9711414575576782,0.9842163324356079,0.9872787594795227,0.9606793522834778,0.9848568439483643,0.9918863773345947,0.9783250093460083,0.9838441610336304,0.9751198291778564,0.9879218339920044,0.9696606397628784,0.9895756244659424,0.9835337400436401,0.44071072340011597,0.5,0.9952407479286194,0.9674057364463806,0.9818356037139893,0.982952356338501,0.9613485336303711,0.9505327343940735,0.9472931623458862,0.8468875885009766,0.9584445357322693,0.9422402381896973,0.9567627906799316,0.9605797529220581,0.7688905000686646,0.43862247467041016,0.47788017988204956,0.9370570778846741,0.9834387898445129,0.9632831811904907,0.9623885154724121,0.9678831100463867,0.8756042718887329,0.9731312990188599,0.9854937791824341,0.9578839540481567,0.6729364395141602,5.231290340423584,0.9338139295578003,0.9775735139846802
173,0.16205838322639465,0.9781249761581421,0.939889669418335,0.9627168774604797,0.9819254875183105,0.9820867776870728,0.9916020631790161,0.9715919494628906,0.982758641242981,0.9880073666572571,0.9673371315002441,0.984412431716919,0.9896583557128906,0.9766346216201782,0.9819188117980957,0.9722684621810913,0.988548219203949,0.969199538230896,0.9899613261222839,0.986219048500061,0.4399852752685547,0.5,0.9951374530792236,0.9695214629173279,0.9827651381492615,0.9868295192718506,0.9612159729003906,0.9551573991775513,0.943988561630249,0.8493777513504028,0.9565175771713257,0.9454478025436401,0.9579473733901978,0.9591328501701355,0.7759416103363037,0.4416712820529938,0.4799889326095581,0.939853847026825,0.9845025539398193,0.964961051940918,0.9681742191314697,0.9690635204315186,0.8787455558776855,0.9713305234909058,0.9843053817749023,0.9557398557662964,0.6741055250167847,5.2314558029174805,0.946354866027832,0.9781249761581421
174,0.15035012364387512,0.9823529124259949,0.9368886947631836,0.966537594795227,0.9819221496582031,0.9829273223876953,0.9905939102172852,0.9709463119506836,0.9831180572509766,0.9878160953521729,0.9693783521652222,0.983862042427063,0.9904963970184326,0.9761025905609131,0.9839335083961487,0.9740679264068604,0.9882071018218994,0.970702052116394,0.989585280418396,0.9807870388031006,0.44513991475105286,0.5,0.9970104694366455,0.970079779624939,0.9856114983558655,0.9847248792648315,0.9654058218002319,0.9589850902557373,0.9471629858016968,0.7443711757659912,0.960356593132019,0.949004054069519,0.9567352533340454,0.9559609293937683,0.7722498178482056,0.4435185194015503,0.4741792678833008,0.9422932863235474,0.9835624098777771,0.9641197323799133,0.9684944152832031,0.9676908850669861,0.8786805868148804,0.9756505489349365,0.9849017858505249,0.9540389776229858,0.6674202084541321,5.246825218200684,0.9542560577392578,0.9823529124259949

175,0.16720417141914368,0.9775735139846802,0.9357216358184814,0.9624815583229065,0.9834779500961304,0.9832134246826172,0.9907834529876709,0.9728631973266602,0.9838709831237793,0.9894891977310181,0.960431694984436,0.985890805721283,0.9922566413879395,0.9780846834182739,0.9849658608436584,0.97508305311203,0.9887349605560303,0.9722375869750977,0.9907732009887695,0.983132541179657,0.4414041042327881,0.4998128116130829,0.9954162836074829,0.965648889541626,0.9837383031845093,0.9870820641517639,0.9616407155990601,0.9467058181762695,0.9493043422698975,0.7796822786331177,0.9582309722900391,0.9420276880264282,0.9576066732406616,0.9558551907539368,0.7745206356048584,0.43484288454055786,0.47953540086746216,0.9336076378822327,0.9808905124664307,0.9611451625823975,0.964093029499054,0.9669890403747559,0.8757435083389282,0.9718610644340515,0.9835348725318909,0.9588531255722046,0.6682674288749695,5.628616094589233,0.948008120059967,0.9775735139846802
176,0.14422500133514404,0.981801450252533,0.9383422136306763,0.9630928039550781,0.9822021722793579,0.9824690818786621,0.9908756017684937,0.9721453189849854,0.9834932088851929,0.9879151582717896,0.9625693559646606,0.9850636124610901,0.991234540939331,0.9793243408203125,0.9812799692153931,0.9735190868377686,0.9872623085975647,0.9716946482658386,0.9907664060592651,0.9818418025970459,0.4311901330947876,0.5,0.9954171180725098,0.9682615399360657,0.9836003184318542,0.9875640869140625,0.9647080898284912,0.9503241777420044,0.9511292576789856,0.862572193145752,0.9560836553573608,0.9443521499633789,0.9563440084457397,0.9562050104141235,0.7800554037094116,0.43770888447761536,0.47906675934791565,0.9391223192214966,0.9820036888122559,0.9644981622695923,0.9648618698120117,0.9706864356994629,0.8840215802192688,0.9742708206176758,0.9836522340774536,0.9584494829177856,0.6842489838600159,5.3139119148254395,0.9621341228485107,0.981801450252533
177,0.16424648463726044,0.9792279601097107,0.9405736923217773,0.9621840715408325,0.9820966720581055,0.9833917617797852,0.9908705353736877,0.9703171253204346,0.9844875335693359,0.9880118370056152,0.9652214050292969,0.9859985113143921,0.9906826615333557,0.9778311252593994,0.9828571081161499,0.975304126739502,0.9896831512451172,0.9701382517814636,0.9908739328384399,0.9812754988670349,0.4296630322933197,0.49990665912628174,0.9973841905593872,0.9708904027938843,0.9818578958511353,0.9862961769104004,0.9617434740066528,0.953125,0.9487619400024414,0.8970624208450317,0.9568817615509033,0.9449058771133423,0.9538718461990356,0.9548559784889221,0.7706642150878906,0.434098482131958,0.479635089635849,0.9379206895828247,0.9831815958023071,0.9622886776924133,0.9666046500205994,0.969167947769165,0.883466362953186,0.9736059904098511,0.9840118885040283,0.9592785835266113,0.6716536283493042,5.319106817245483,0.9561625719070435,0.9792279601097107
178,0.15397511422634125,0.9810661673545837,0.9411957263946533,0.96550452709198,0.9838471412658691,0.9837488532066345,0.9907952547073364,0.9738055467605591,0.9846778512001038,0.9889360070228577,0.9654314517974854,0.987463116645813,0.9907799959182739,0.9787901043891907,0.9829335808753967,0.9739660024642944,0.9899260997772217,0.9725345373153687,0.9906946420669556,0.9800371527671814,0.42858460545539856,0.4999067485332489,0.9953113198280334,0.9696248769760132,0.984813928604126,0.9842857122421265,0.9661226272583008,0.9525485038757324,0.9519212245941162,0.8928737044334412,0.9581356048583984,0.9459534287452698,0.9558932781219482,0.9542604088783264,0.7779213190078735,0.4406215250492096,0.49688130617141724,0.943580150604248,0.9817538261413574,0.9654819369316101,0.9672176837921143,0.971542477607727,0.8920876979827881,0.9739041328430176,0.9839189052581787,0.9621747136116028,0.6762398481369019,5.438046932220459,0.9553409218788147,0.9810661673545837
179,0.15382184088230133,0.9805147051811218,0.9401547908782959,0.9642528295516968,0.9809927940368652,0.982745885848999,0.9906723499298096,0.9696438312530518,0.9825742244720459,0.9879195690155029,0.9692521095275879,0.9856247901916504,0.9907851219177246,0.9778434038162231,0.9838352203369141,0.9748938083648682,0.9882027506828308,0.9701162576675415,0.9911357164382935,0.9817761182785034,0.4148857891559601,0.4999063014984131,0.9968259930610657,0.9688388109207153,0.9830830693244934,0.9860584139823914,0.96075439453125,0.9562321901321411,0.9474937915802002,0.925728440284729,0.9543635845184326,0.9427754878997803,0.9565701484680176,0.954361081123352,0.777255117893219,0.4449889063835144,0.5863199830055237,0.9401684999465942,0.98157799243927,0.9619817733764648,0.9671871662139893,0.9710306525230408,0.8901873826980591,0.9729604125022888,0.9820531606674194,0.9579143524169922,0.6790666580200195,5.188957214355469,0.9582180976867676,0.9805147051811218
180,0.1650010645389557,0.9777573347091675,0.9379424452781677,0.9678103923797607,0.9840406179428101,0.9852480292320251,0.9920620322227478,0.972775936126709,0.985811710357666,0.9904165267944336,0.9674414396286011,0.9898505210876465,0.9925345182418823,0.9790055155754089,0.9862545728683472,0.9768065214157104,0.9899464845657349,0.9713099598884583,0.9916144609451294,0.9858123064041138,0.4047180116176605,0.49971961975097656,0.9918071031570435,0.970806360244751,0.9825559258460999,0.985187292098999,0.9619183540344238,0.9561119675636292,0.9504179358482361,0.8207628726959229,0.9559605121612549,0.9450701475143433,0.9550000429153442,0.9560966491699219,0.7763206362724304,0.44239673018455505,0.475957989692688,0.9411214590072632,0.9823354482650757,0.9616527557373047,0.9681167602539062,0.972025990486145,0.8968976736068726,0.9724856019020081,0.9833519458770752,0.9583333730697632,0.6755303144454956,5.363597393035889,0.9547771215438843,0.9777573347091675

181,0.14788982272148132,0.982536792755127,0.938825249671936,0.9640945196151733,0.9811704158782959,0.9831180572509766,0.9905921220779419,0.9703929424285889,0.983573317527771,0.9882049560546875,0.9627953767776489,0.9867158532142639,0.9910516738891602,0.9774152040481567,0.9823768138885498,0.9718114733695984,0.9886342287063599,0.9669619798660278,0.990319013595581,0.9819811582565308,0.4195359945297241,0.4998129904270172,0.9956977367401123,0.9690164923667908,0.9829718470573425,0.9846416711807251,0.9635515809059143,0.9525262117385864,0.9503802061080933,0.8562334775924683,0.958357036113739,0.9447110891342163,0.9576255679130554,0.9553160071372986,0.7707411646842957,0.43937429785728455,0.48349621891975403,0.9406319856643677,0.9844419956207275,0.9642059803009033,0.9673184156417847,0.9684308171272278,0.8938999176025391,0.9729804992675781,0.9850426912307739,0.9601786136627197,0.6676390171051025,5.39582371711731,0.9573850035667419,0.982536792755127
182,0.15338049829006195,0.9814338088035583,0.9405972361564636,0.9669314622879028,0.9825356006622314,0.9833948612213135,0.989760160446167,0.9710224866867065,0.9836806058883667,0.9885798692703247,0.9651484489440918,0.9874422550201416,0.9917035102844238,0.9777040481567383,0.9838650226593018,0.9738737344741821,0.9892046451568604,0.9666051864624023,0.9912296533584595,0.985098123550415,0.41553059220314026,0.49990665912628174,0.995415449142456,0.9680547714233398,0.9847161769866943,0.9866869449615479,0.9625357389450073,0.9544673562049866,0.9487326145172119,0.7986248731613159,0.9574609994888306,0.9459509253501892,0.9600555896759033,0.9564495086669922,0.7773473262786865,0.442193865776062,0.4814644157886505,0.9385061860084534,0.9835654497146606,0.9623745679855347,0.9664373397827148,0.9706210494041443,0.8925320506095886,0.974475622177124,0.9834787845611572,0.9557044506072998,0.6782705783843994,5.238229036331177,0.9587082862854004,0.9814338088035583
183,0.15766477584838867,0.9823529124259949,0.9372050166130066,0.9642857313156128,0.9823735952377319,0.9844989776611328,0.9908604025840759,0.9704470038414001,0.9835762977600098,0.9889237880706787,0.9604655504226685,0.985916793346405,0.9905921220779419,0.9763880968093872,0.9811530113220215,0.971903920173645,0.9881569147109985,0.9673491716384888,0.9903208017349243,0.9864964485168457,0.4131995439529419,0.5,0.9959850311279297,0.969740092754364,0.9841934442520142,0.9853612184524536,0.9630157947540283,0.9520106315612793,0.9535039067268372,0.7879383563995361,0.9600876569747925,0.9468006491661072,0.957730770111084,0.954988956451416,0.7786492109298706,0.4435707628726959,0.4834992587566376,0.9380828142166138,0.9837300181388855,0.9630697965621948,0.966610848903656,0.970517098903656,0.893208384513855,0.9767571687698364,0.9843431711196899,0.9547141790390015,0.6762146949768066,5.392947196960449,0.9606460332870483,0.9823529124259949
184,0.16086788475513458,0.9814338088035583,0.9318035840988159,0.9639365673065186,0.9822779893875122,0.9824658632278442,0.9904200434684753,0.9675900340080261,0.9821197986602783,0.9870944023132324,0.9626892805099487,0.9861444234848022,0.9915050864219666,0.9754612445831299,0.9830101728439331,0.9726368188858032,0.986264705657959,0.963027834892273,0.989395022392273,0.9828640222549438,0.4167587459087372,0.4999064803123474,0.9973885416984558,0.9719741344451904,0.9838310480117798,0.9837452173233032,0.9641170501708984,0.9536297917366028,0.9579768180847168,0.6322834491729736,0.9621442556381226,0.9435424208641052,0.9555308818817139,0.9510889649391174,0.7659593820571899,0.4435707628726959,0.484599769115448,0.9403806924819946,0.9815813899040222,0.9607076644897461,0.9660654664039612,0.9696065783500671,0.8888888955116272,0.9743303656578064,0.9850344061851501,0.9597028493881226,0.6646806597709656,5.7297446727752686,0.9599831700325012,0.9814338088035583
185,0.16671636700630188,0.9781249761581421,0.9262034296989441,0.9606575965881348,0.9818298816680908,0.9832196235656738,0.9896812438964844,0.9703280925750732,0.9834840297698975,0.9870022535324097,0.9597234725952148,0.9857985973358154,0.9905034303665161,0.9772894978523254,0.9824820160865784,0.9746952056884766,0.9888499975204468,0.9657622575759888,0.9906688928604126,0.9862139225006104,0.4185553789138794,0.4995326101779938,0.9980392456054688,0.9672068357467651,0.9853308200836182,0.986884593963623,0.9651405811309814,0.9515209197998047,0.9543470144271851,0.5395587086677551,0.9599200487136841,0.9415620565414429,0.9592969417572021,0.9562292695045471,0.7736667394638062,0.4347060024738312,0.48312118649482727,0.9362120628356934,0.9832713603973389,0.9632448554039001,0.9633761048316956,0.9727239012718201,0.8942432403564453,0.9746376872062683,0.985775351524353,0.9605531692504883,0.6605719327926636,5.275667905807495,0.9562686085700989,0.9781249761581421
186,0.1322033554315567,0.9852941036224365,0.9313782453536987,0.9636330008506775,0.98264080286026,0.9827713370323181,0.9900405406951904,0.9743684530258179,0.984046459197998,0.9893794059753418,0.9644108414649963,0.9868081212043762,0.9912409782409668,0.9787783622741699,0.983410120010376,0.9749953746795654,0.989202618598938,0.9653675556182861,0.9909610748291016,0.9844444394111633,0.41356775164604187,0.4999066889286041,0.997758686542511,0.9681358337402344,0.985714316368103,0.9874857664108276,0.9608048796653748,0.9512264728546143,0.9538344144821167,0.573930561542511,0.9562773704528809,0.9440140128135681,0.9583024382591248,0.9518982768058777,0.7736074924468994,0.43729159235954285,0.48358237743377686,0.9363670349121094,0.980512261390686,0.9619029760360718,0.9660482406616211,0.970992922782898,0.8897674083709717,0.9741202592849731,0.9852721691131592,0.9551864862442017,0.6710847616195679,5.234825134277344,0.965847373008728,0.9852941036224365
187,0.15004028379917145,0.9819852709770203,0.9318356513977051,0.9640480279922485,0.9806272983551025,0.9838680028915405,0.9902141690254211,0.9719401597976685,0.9824060201644897,0.9889155626296997,0.9625693559646606,0.9862723350524902,0.9900369048118591,0.9763880968093872,0.9810173511505127,0.9718530774116516,0.9870896339416504,0.9612689018249512,0.99122154712677,0.9835898280143738,0.4123227000236511,0.4999068081378937,0.99812912940979,0.9697229862213135,0.9820512533187866,0.9851710796356201,0.9635328054428101,0.950712263584137,0.9538038372993469,0.604598879814148,0.9599733352661133,0.9471499919891357,0.955578088760376,0.9555268287658691,0.7776957154273987,0.4368976950645447,0.482847660779953,0.9391361474990845,0.982803463935852,0.9642923474311829,0.9669021964073181,0.9688719511032104,0.8917862176895142,0.9729201793670654,0.9867759346961975,0.9586815237998962,0.6689256429672241,5.340811491012573,0.9609295725822449,0.9819852709770203
188,0.1477331817150116,0.9816176295280457,0.9341591000556946,0.9649057984352112,0.9819221496582031,0.9833056926727295,0.9897582530975342,0.9714787006378174,0.9822747707366943,0.9874422550201416,0.963587760925293,0.9863367676734924,0.9893872141838074,0.97612464427948,0.98264080286026,0.9726836681365967,0.987838625907898,0.9621631503105164,0.9886635541915894,0.9858385920524597,0.4066298305988312,0.5,0.9984064102172852,0.9717626571655273,0.9845116138458252,0.9843271970748901,0.9651694297790527,0.9567690491676331,0.9549164772033691,0.6009045243263245,0.9585467576980591,0.9472472667694092,0.9608043432235718,0.9528597593307495,0.7760148048400879,0.44208672642707825,0.4802400767803192,0.9414734840393066,0.9809373617172241,0.9656552076339722,0.9690405130386353,0.971959114074707,0.8957521915435791,0.9775772094726562,0.9850372076034546,0.959522008895874,0.6711339354515076,5.347574234008789,0.9590508341789246,0.9816176295280457
189,0.15186923742294312,0.9823529124259949,0.9351807832717896,0.9605311751365662,0.9824787974357605,0.9832103252410889,0.9907732009887695,0.9723144769668579,0.9828222990036011,0.9871818423271179,0.9652021527290344,0.9857907295227051,0.9905834197998047,0.9750000238418579,0.9821889996528625,0.9725244045257568,0.9880095720291138,0.96550452709198,0.9892165660858154,0.9831262826919556,0.41115817427635193,0.49990686774253845,0.9979504346847534,0.9702584743499756,0.9821904897689819,0.9874477386474609,0.9636572599411011,0.9528607130050659,0.9554539918899536,0.6713861227035522,0.9563522338867188,0.9444546699523926,0.9621661901473999,0.9483299255371094,0.7703150510787964,0.4369794428348541,0.4831055998802185,0.9388515949249268,0.9831846952438354,0.9618667364120483,0.9662639498710632,0.9716945886611938,0.898124098777771,0.9753063917160034,0.9853105545043945,0.960040807723999,0.6650664806365967,5.659391403198242,0.9614821672439575,0.9823529124259949
190,0.14128291606903076,0.9830882549285889,0.934810996055603,0.963027834892273,0.9821922779083252,0.9833025932312012,0.9891063570976257,0.9723144769668579,0.9811842441558838,0.9859907627105713,0.9650691151618958,0.9852180480957031,0.9917851090431213,0.9788979291915894,0.9839276075363159,0.9736356735229492,0.9867256879806519,0.9634034037590027,0.9892751574516296,0.9832500219345093,0.4124631881713867,0.5,0.9975646734237671,0.9698658585548401,0.9831428527832031,0.9841512441635132,0.9671227931976318,0.9568687081336975,0.9538213610649109,0.6926456093788147,0.9577370882034302,0.9462573528289795,0.9609534740447998,0.9491884708404541,0.7791920304298401,0.44474267959594727,0.5326568484306335,0.9437897205352783,0.9835103750228882,0.9621958136558533,0.9676011800765991,0.9718401432037354,0.9033668041229248,0.976716160774231,0.9823943376541138,0.9661521315574646,0.6744070053100586,5.393025875091553,0.9616992473602295,0.9830882549285889

191,0.1624641865491867,0.9797794222831726,0.9342852830886841,0.9631200432777405,0.9831211566925049,0.9836715459823608,0.9912329316139221,0.9725396633148193,0.9825677871704102,0.9869003295898438,0.967908501625061,0.9865363240242004,0.9899353981018066,0.978762686252594,0.9822714328765869,0.9739851951599121,0.9878138899803162,0.9642791152000427,0.9891244173049927,0.9868372678756714,0.4213772714138031,0.49981313943862915,0.9972907304763794,0.9710351228713989,0.9826012849807739,0.9859127998352051,0.9598976373672485,0.9540796875953674,0.950133204460144,0.6275336742401123,0.9588011503219604,0.9437061548233032,0.9598593711853027,0.9497877359390259,0.7759512662887573,0.441535621881485,0.502461850643158,0.9398840665817261,0.9850037097930908,0.9637426137924194,0.9658921957015991,0.9718191623687744,0.8990697860717773,0.9724549055099487,0.9824447631835938,0.961351752281189,0.6525150537490845,5.969205379486084,0.9581340551376343,0.9797794222831726
192,0.13603217899799347,0.9851102828979492,0.9351551532745361,0.9615171551704407,0.9831948280334473,0.9833856821060181,0.9890120029449463,0.9719815254211426,0.9819121360778809,0.9873359203338623,0.9654726982116699,0.9859933853149414,0.9892929792404175,0.9778760671615601,0.9803215265274048,0.9719911217689514,0.9861546754837036,0.966248631477356,0.9883699417114258,0.985106348991394,0.4192895293235779,0.4998132884502411,0.9975678324699402,0.968066930770874,0.983146071434021,0.9874237775802612,0.964970588684082,0.9514939785003662,0.9503693580627441,0.6897174715995789,0.9599159955978394,0.9448237419128418,0.9600000381469727,0.9506183862686157,0.7770407199859619,0.4388095736503601,0.5512014031410217,0.9398355484008789,0.9843837022781372,0.9659132957458496,0.9647245407104492,0.9746376872062683,0.8984752893447876,0.9733072519302368,0.9849358797073364,0.9605947732925415,0.6755202412605286,5.272270917892456,0.9629943370819092,0.9851102828979492
193,0.13688229024410248,0.9829044342041016,0.9332185983657837,0.9661251306533813,0.9827171564102173,0.9837428331375122,0.9896659851074219,0.9714839458465576,0.9819121360778809,0.9879128932952881,0.9695627689361572,0.987463116645813,0.9900332093238831,0.9774318337440491,0.982723593711853,0.9726988077163696,0.9880095720291138,0.9644702672958374,0.9896659851074219,0.9846324920654297,0.4253222942352295,0.49971941113471985,0.9981350302696228,0.97265625,0.9837576150894165,0.9861242771148682,0.9627134799957275,0.9535503387451172,0.9550892114639282,0.6670629978179932,0.9582380056381226,0.9462802410125732,0.9583795666694641,0.9434502124786377,0.7870182991027832,0.4390515089035034,0.48359447717666626,0.9404473304748535,0.9815158843994141,0.9654146432876587,0.9672619104385376,0.9754418730735779,0.9015814065933228,0.9722325801849365,0.984904944896698,0.9623326063156128,0.6686056852340698,5.708582401275635,0.9604910612106323,0.9829044342041016
194,0.16596269607543945,0.9783087968826294,0.9334772825241089,0.9642989039421082,0.9815667867660522,0.9821165204048157,0.9894872903823853,0.9737813472747803,0.98264080286026,0.986538827419281,0.9635474681854248,0.9873592853546143,0.9907799959182739,0.979701042175293,0.9800000190734863,0.9715814590454102,0.9874353408813477,0.9665191173553467,0.9900203347206116,0.9873101115226746,0.4174802005290985,0.4998132288455963,0.9966273307800293,0.9685420989990234,0.9849437475204468,0.9871575236320496,0.9609034061431885,0.9525895118713379,0.9519779682159424,0.689581036567688,0.9582302570343018,0.9460955858230591,0.9619082808494568,0.9469850659370422,0.7775415778160095,0.4428412914276123,0.48155322670936584,0.9390197992324829,0.9846011400222778,0.9678345918655396,0.9654660224914551,0.9753338098526001,0.9017260670661926,0.9738064408302307,0.982803463935852,0.962658703327179,0.6620730757713318,5.361546993255615,0.9528917074203491,0.9783087968826294
195,0.14776717126369476,0.9810661673545837,0.9324363470077515,0.9660203456878662,0.9838262796401978,0.9854297637939453,0.9902231693267822,0.9732718467712402,0.9824917316436768,0.987652063369751,0.9698673486709595,0.9867182970046997,0.9909510612487793,0.9811842441558838,0.9831118583679199,0.9738833904266357,0.9884707927703857,0.965768575668335,0.9904946088790894,0.9863787889480591,0.41660523414611816,0.4999067187309265,0.9828464984893799,0.973060131072998,0.9851936101913452,0.9873018860816956,0.9639596939086914,0.956005334854126,0.9498190879821777,0.679852306842804,0.9618233442306519,0.9460158944129944,0.962599515914917,0.9446902275085449,0.7786069512367249,0.44441357254981995,0.48400813341140747,0.9400374293327332,0.9838799238204956,0.9702325463294983,0.9653539061546326,0.974387526512146,0.9037890434265137,0.9761772155761719,0.9863686561584473,0.9607315063476562,0.664910078048706,5.270535230636597,0.9598511457443237,0.9810661673545837
196,0.15276873111724854,0.981249988079071,0.9336503744125366,0.9646809101104736,0.9833917617797852,0.9868154525756836,0.9903154373168945,0.9748108386993408,0.9832165241241455,0.9881983995437622,0.9689400792121887,0.9881853461265564,0.9918863773345947,0.9804319739341736,0.9843231439590454,0.9755399227142334,0.9889278411865234,0.9657748937606812,0.990319013595581,0.98656165599823,0.40531837940216064,0.4997190535068512,0.971700131893158,0.9711996912956238,0.9836314916610718,0.9864403605461121,0.9634169340133667,0.9508911371231079,0.957159161567688,0.6859885454177856,0.9621096849441528,0.9470718502998352,0.9596296548843384,0.9442087411880493,0.7813825011253357,0.44111666083335876,0.48154640197753906,0.9388805627822876,0.9830918312072754,0.9646173715591431,0.966382622718811,0.9752880334854126,0.9050456285476685,0.9761595726013184,0.9842095375061035,0.9626046419143677,0.6597990393638611,8.894029140472412,0.9575251340866089,0.981249988079071
197,0.13822448253631592,0.9829044342041016,0.9390902519226074,0.9674534797668457,0.984501838684082,0.9865363240242004,0.9912313222885132,0.9745434522628784,0.9840523600578308,0.9890241622924805,0.9682890772819519,0.9884792566299438,0.9916989803314209,0.9795316457748413,0.9840494394302368,0.9759269952774048,0.9894853234291077,0.9629356861114502,0.9910516738891602,0.9879763126373291,0.42381301522254944,0.49981245398521423,0.966317355632782,0.9724282026290894,0.9825922250747681,0.9838403463363647,0.9631209373474121,0.9563115835189819,0.952698826789856,0.8243675231933594,0.9631878137588501,0.944977879524231,0.9583024382591248,0.9425881505012512,0.7813940644264221,0.4433944821357727,0.8782488107681274,0.9400822520256042,0.981660783290863,0.9642058610916138,0.9690414071083069,0.973156213760376,0.9023255705833435,0.9739583730697632,0.9845839738845825,0.9559969902038574,0.658019483089447,5.885709762573242,0.9584277868270874,0.9829044342041016
198,0.13857528567314148,0.9819852709770203,0.9355998039245605,0.965520441532135,0.9824885129928589,0.9827076196670532,0.9900442361831665,0.9743258357048035,0.9827395677566528,0.987529993057251,0.962476909160614,0.9869757890701294,0.9898467659950256,0.9790783524513245,0.9800775051116943,0.971006453037262,0.9864215850830078,0.9662672877311707,0.9883849620819092,0.9897298216819763,0.4088479280471802,0.4998123049736023,0.9911214113235474,0.9705715179443359,0.9852521419525146,0.9869821071624756,0.9649022817611694,0.9536895751953125,0.9555977582931519,0.7321615219116211,0.9616777896881104,0.9486352205276489,0.9612324237823486,0.9430811405181885,0.7774080038070679,0.44391053915023804,0.4849797189235687,0.9424045085906982,0.9838410019874573,0.9656325578689575,0.9668277502059937,0.974475622177124,0.9068946242332458,0.974632978439331,0.9849470257759094,0.9606804251670837,0.6632774472236633,5.318746328353882,0.9589942693710327,0.9819852709770203
199,0.1592680662870407,0.9788603186607361,0.9238778352737427,0.963666558265686,0.9826600551605225,0.9829461574554443,0.9919652938842773,0.972893238067627,0.9837518334388733,0.9876360893249512,0.9637654423713684,0.987281084060669,0.9898542761802673,0.9797634482383728,0.9823800325393677,0.9733924865722656,0.9893872141838074,0.9675720930099487,0.989953875541687,0.9876760244369507,0.40525346994400024,0.5,0.8793826699256897,0.9744539260864258,0.9843423366546631,0.9865995049476624,0.9635931253433228,0.956052303314209,0.9563809633255005,0.5338402390480042,0.9602597951889038,0.94868004322052,0.9612036943435669,0.9368187785148621,0.7831214666366577,0.4457608163356781,0.48404353857040405,0.9399439096450806,0.9828805327415466,0.9634372591972351,0.9675710797309875,0.972902774810791,0.9081954956054688,0.9756641387939453,0.9865216612815857,0.9605043530464172,0.6630399823188782,5.261337041854858,0.9579800367355347,0.9788603186607361
200,0.13343723118305206,0.9832720756530762,0.9264385104179382,0.9675216674804688,0.9833179712295532,0.9848010540008545,0.9896717071533203,0.9729405641555786,0.9848456978797913,0.9892791509628296,0.9661314487457275,0.9879240393638611,0.9915223121643066,0.9786175489425659,0.9812972545623779,0.9741061925888062,0.9888273477554321,0.9608150720596313,0.9898542761802673,0.9845696091651917,0.39254143834114075,0.5,0.9466623663902283,0.9726495742797852,0.9862455129623413,0.9850362539291382,0.9626355171203613,0.9549695253372192,0.9576416611671448,0.4994284510612488,0.9601250290870667,0.9500092267990112,0.9614886045455933,0.9341886639595032,0.7850553393363953,0.4484994411468506,0.48356112837791443,0.9412369132041931,0.9826782941818237,0.9645179510116577,0.9694578647613525,0.9758890271186829,0.9119888544082642,0.9764028191566467,0.9853926301002502,0.9605189561843872,0.6591519117355347,5.22173810005188,0.9618648290634155,0.9832720756530762

201,0.1419636607170105,0.9819852709770203,0.9275606870651245,0.9663035869598389,0.9816555976867676,0.9846835136413574,0.990402340888977,0.9721248149871826,0.982761800289154,0.9886363744735718,0.9645030498504639,0.9878296256065369,0.9908688068389893,0.9796426296234131,0.9827554225921631,0.9744511842727661,0.9873616099357605,0.9582332372665405,0.990203320980072,0.9825732707977295,0.3942520320415497,0.4998130202293396,0.9696675539016724,0.9692498445510864,0.9818922877311707,0.9842115640640259,0.9602283239364624,0.9558073282241821,0.9536347985267639,0.5023484230041504,0.9600456953048706,0.949713945388794,0.9592894315719604,0.9356536269187927,0.7834718227386475,0.4423183500766754,0.48230087757110596,0.9378272294998169,0.9812918901443481,0.9635465145111084,0.9689071178436279,0.9760311841964722,0.9064587950706482,0.9760797023773193,0.9844564199447632,0.9626255035400391,0.6499499678611755,5.502000093460083,0.9567615389823914,0.9819852709770203
202,0.14443950355052948,0.9803308844566345,0.9269814491271973,0.9629561305046082,0.9825613498687744,0.9852398633956909,0.9908688068389893,0.9703116416931152,0.9827426671981812,0.986992597579956,0.9632502198219299,0.9874492287635803,0.9903243780136108,0.9783933162689209,0.9830132722854614,0.9737181663513184,0.9876588582992554,0.95819491147995,0.9900295734405518,0.983963668346405,0.38837721943855286,0.4999067485332489,0.9568396806716919,0.9681377410888672,0.9860633611679077,0.9848859310150146,0.9677205681800842,0.9544167518615723,0.9571618437767029,0.5333278179168701,0.9670205116271973,0.9452244639396667,0.9620018601417542,0.9290989637374878,0.7718554139137268,0.4424786865711212,0.485049843788147,0.9389491081237793,0.9831659197807312,0.9627462029457092,0.9645113348960876,0.9738117456436157,0.905832052230835,0.9778892993927002,0.98591548204422,0.9626297950744629,0.6515239477157593,5.328736066818237,0.9576559066772461,0.9803308844566345
203,0.15855595469474792,0.9784926176071167,0.9302176237106323,0.9649381637573242,0.983468770980835,0.9885756373405457,0.9929940700531006,0.9726937413215637,0.982943058013916,0.9877464771270752,0.9646017551422119,0.9876406192779541,0.9902993440628052,0.9785938262939453,0.9830352067947388,0.973912239074707,0.9895775318145752,0.9622972011566162,0.9904183149337769,0.9857354164123535,0.39541521668434143,0.49990665912628174,0.9589616060256958,0.9678986072540283,0.9838495254516602,0.9863731861114502,0.9644491076469421,0.9533218741416931,0.9489293098449707,0.5693203806877136,0.9632297158241272,0.9466162919998169,0.9618738293647766,0.9259088039398193,0.7762451171875,0.4413614571094513,0.4804680347442627,0.9403600692749023,0.9817084074020386,0.9628528952598572,0.9673548936843872,0.9708449840545654,0.9089810252189636,0.973987340927124,0.9846796989440918,0.9622255563735962,0.6317157745361328,5.297577381134033,0.9550535082817078,0.9784926176071167
204,0.12156762182712555,0.9847426414489746,0.9283002614974976,0.9665499329566956,0.9842308759689331,0.9875438213348389,0.9925345182418823,0.9757469892501831,0.9845941066741943,0.9887495040893555,0.9692860841751099,0.9890180826187134,0.9929863214492798,0.9806451797485352,0.9844239950180054,0.9766260385513306,0.9891284704208374,0.9637587666511536,0.9904077053070068,0.9853649139404297,0.4005524814128876,0.49981260299682617,0.9461802244186401,0.9698202610015869,0.9837883710861206,0.9875166416168213,0.9603554010391235,0.9567701816558838,0.951154351234436,0.5121382474899292,0.9562737941741943,0.9489306807518005,0.9616167545318604,0.9302968978881836,0.7770407199859619,0.4465012848377228,0.48283815383911133,0.9411158561706543,0.9830114841461182,0.9649220705032349,0.9693953394889832,0.976850152015686,0.9104824066162109,0.9747306108474731,0.9851900339126587,0.9633351564407349,0.6572697162628174,5.230291843414307,0.9645460844039917,0.9847426414489746
205,0.1437990367412567,0.9819852709770203,0.9267911911010742,0.9644108414649963,0.982761800289154,0.985049843788147,0.9920605421066284,0.9741840362548828,0.9842912554740906,0.9870872497558594,0.9654790163040161,0.9879173636436462,0.9913268089294434,0.98033607006073,0.9832871556282043,0.9760059118270874,0.9883871078491211,0.9644505977630615,0.9890322685241699,0.9865939617156982,0.412067711353302,0.499906450510025,0.9449890851974487,0.9671741127967834,0.9833301305770874,0.9883764982223511,0.9599735140800476,0.9517877101898193,0.9515728950500488,0.4990510642528534,0.9627134799957275,0.9465965628623962,0.9622361660003662,0.935585081577301,0.774718165397644,0.438529908657074,0.4842280149459839,0.9364811778068542,0.984340250492096,0.9677180051803589,0.965514063835144,0.9778686761856079,0.9092516899108887,0.9735863208770752,0.9853214025497437,0.9634600877761841,0.6377312541007996,5.376856327056885,0.9605754613876343,0.9819852709770203
206,0.13734568655490875,0.9840073585510254,0.9273148775100708,0.9664825201034546,0.9837398529052734,0.9856088161468506,0.9913123846054077,0.9767398834228516,0.9841328859329224,0.9883956909179688,0.9662786722183228,0.9880095720291138,0.9934453368186951,0.981928825378418,0.9832196235656738,0.9743400812149048,0.9880886077880859,0.9627031087875366,0.9908638000488281,0.9877034425735474,0.4263623058795929,0.4999065101146698,0.9815680980682373,0.96753990650177,0.9870278835296631,0.9844643473625183,0.9628891348838806,0.9550892114639282,0.9499144554138184,0.49895378947257996,0.9655172824859619,0.9464746713638306,0.9593918323516846,0.9258951544761658,0.7831981182098389,0.4420517683029175,0.481241911649704,0.9397861957550049,0.9803794026374817,0.9659959077835083,0.9656325578689575,0.9749443531036377,0.9091753363609314,0.975269615650177,0.9844593405723572,0.9644184112548828,0.6604301929473877,5.676223516464233,0.9611123204231262,0.9840073585510254
207,0.15432988107204437,0.9784926176071167,0.9287619590759277,0.9636262655258179,0.9821889996528625,0.9860624074935913,0.9909493923187256,0.9719454050064087,0.9809005260467529,0.9854458570480347,0.9701107144355774,0.9867134094238281,0.9899390935897827,0.978032112121582,0.9811634421348572,0.9720531702041626,0.9871771335601807,0.9589786529541016,0.9891946911811829,0.9867371320724487,0.4117538630962372,0.49962708353996277,0.8906166553497314,0.9677419662475586,0.9839938879013062,0.984652042388916,0.9629313945770264,0.9533954858779907,0.9516159296035767,0.5793498754501343,0.9596896171569824,0.9472227096557617,0.9592517018318176,0.9260556697845459,0.7842649221420288,0.44195517897605896,0.5699604153633118,0.9376053810119629,0.9815608263015747,0.9644915461540222,0.9673166275024414,0.9748556613922119,0.9119725227355957,0.9768716096878052,0.9845466613769531,0.9634826183319092,0.650206446647644,5.284030199050903,0.9545304179191589,0.9784926176071167
208,0.12033579498529434,0.9816176295280457,0.9352855682373047,0.9687269330024719,0.9832320213317871,0.9870872497558594,0.9933567047119141,0.9740822315216064,0.9840582609176636,0.988548219203949,0.9710652828216553,0.9886489510536194,0.9918729066848755,0.9792665243148804,0.9841415882110596,0.9768193960189819,0.9882798194885254,0.9626176953315735,0.9896697998046875,0.9900221824645996,0.40437108278274536,0.5,0.9923794269561768,0.9720585346221924,0.985586941242218,0.9868921041488647,0.9631568789482117,0.9593542218208313,0.9517945647239685,0.7661982774734497,0.9597908854484558,0.950295090675354,0.963948130607605,0.9231763482093811,0.7855032682418823,0.4469837248325348,0.7111228704452515,0.940714418888092,0.9831846952438354,0.964431643486023,0.969150722026825,0.976070761680603,0.914699912071228,0.9779616594314575,0.9854251742362976,0.9640935659408569,0.6529852151870728,5.281236171722412,0.9594456553459167,0.9816176295280457
209,0.1302778273820877,0.9829044342041016,0.9290227293968201,0.9644702672958374,0.9819021224975586,0.985788106918335,0.9910433888435364,0.9705448150634766,0.9811129570007324,0.9865462779998779,0.9698283672332764,0.987267017364502,0.9915050864219666,0.979339599609375,0.9836595058441162,0.972109317779541,0.9869003295898438,0.9588180780410767,0.990384578704834,0.9901273250579834,0.37928175926208496,0.4997194707393646,0.9794942140579224,0.9672834873199463,0.9823607802391052,0.9833110570907593,0.9650634527206421,0.9538549184799194,0.9599581956863403,0.5672256946563721,0.9619771838188171,0.9507561922073364,0.9600703716278076,0.9231123924255371,0.7844239473342896,0.44225430488586426,0.5475883483886719,0.9377217292785645,0.98175048828125,0.9624557495117188,0.968047559261322,0.9728270769119263,0.9085342884063721,0.9788379669189453,0.9849498271942139,0.9699164628982544,0.660284161567688,5.227649688720703,0.9634473323822021,0.9829044342041016
210,0.11847866326570511,0.9841911792755127,0.9251902103424072,0.9661750793457031,0.9833056926727295,0.9850471019744873,0.9918879270553589,0.9741601943969727,0.983745813369751,0.988365650177002,0.9695515632629395,0.9876543283462524,0.9917911887168884,0.9803795218467712,0.9832072257995605,0.9750092029571533,0.987834095954895,0.9628366231918335,0.9899334907531738,0.988247275352478,0.3929097652435303,0.499906450510025,0.8878301382064819,0.9696106314659119,0.9849666953086853,0.9860610961914062,0.9630439281463623,0.9564470052719116,0.9555724263191223,0.5282647013664246,0.9642245769500732,0.9485973119735718,0.9582637548446655,0.9195901155471802,0.7904147505760193,0.44489720463752747,0.5524933934211731,0.9411435127258301,0.9816982746124268,0.9628252983093262,0.9664186239242554,0.9771544933319092,0.9123883843421936,0.9746235609054565,0.9847612380981445,0.9651574492454529,0.6473036408424377,5.5981104373931885,0.9642271995544434,0.9841911792755127

211,0.1326131671667099,0.9808823466300964,0.9300850629806519,0.9643911123275757,0.9842512607574463,0.9867182970046997,0.9934526085853577,0.972775936126709,0.9846778512001038,0.9880974292755127,0.9707726240158081,0.9893028736114502,0.9906878471374512,0.9791666269302368,0.9831118583679199,0.9751753807067871,0.9899390935897827,0.9620988368988037,0.9903100728988647,0.9836916327476501,0.3913643956184387,0.4999065697193146,0.9796223640441895,0.9699505567550659,0.9857468605041504,0.9854645729064941,0.9633657932281494,0.9575052261352539,0.9538373947143555,0.49952760338783264,0.9623072147369385,0.9496402740478516,0.9581481218338013,0.919539213180542,0.7883480787277222,0.4435185194015503,0.4831087291240692,0.9399887919425964,0.983079195022583,0.96523517370224,0.967708945274353,0.977763295173645,0.9119508266448975,0.9729804992675781,0.983568549156189,0.9626935124397278,0.6430718302726746,5.371650457382202,0.9580071568489075,0.9808823466300964
212,0.1318688839673996,0.981249988079071,0.927727460861206,0.9634956121444702,0.984890341758728,0.9864341020584106,0.9938225746154785,0.9754884243011475,0.9852316379547119,0.9889196753501892,0.9695515632629395,0.9887557625770569,0.9909710884094238,0.9816488027572632,0.9819121360778809,0.9748061895370483,0.9888149499893188,0.9639564752578735,0.990402340888977,0.9823115468025208,0.3841193914413452,0.4997197389602661,0.9546206593513489,0.9692439436912537,0.9854202270507812,0.9852577447891235,0.9644284248352051,0.9548221826553345,0.9560836553573608,0.5251445174217224,0.9683712124824524,0.9501661062240601,0.960136890411377,0.9217655658721924,0.7823160886764526,0.438334584236145,0.5658121109008789,0.9377570152282715,0.982716977596283,0.9699031114578247,0.9668652415275574,0.9772642850875854,0.9090064764022827,0.9774037599563599,0.9872865676879883,0.9654788374900818,0.6454496383666992,5.304818391799927,0.9607772827148438,0.981249988079071
213,0.13465122878551483,0.9838235378265381,0.927573561668396,0.9660829305648804,0.98247230052948,0.9836595058441162,0.991966724395752,0.9741315841674805,0.9833825826644897,0.9885545372962952,0.9716024398803711,0.9873639345169067,0.9922423362731934,0.978901743888855,0.9846139550209045,0.9749953746795654,0.989585280418396,0.9597488641738892,0.9895833730697632,0.9802777767181396,0.38432490825653076,0.49990659952163696,0.9981284141540527,0.9722222089767456,0.9883875846862793,0.9869945049285889,0.9625403881072998,0.956811249256134,0.9572405815124512,0.5172787308692932,0.9638013243675232,0.9496495723724365,0.9589829444885254,0.9220335483551025,0.7888868451118469,0.4464384913444519,0.4851475954055786,0.9428784847259521,0.9818840622901917,0.9616384506225586,0.9664193391799927,0.9756596088409424,0.9104422330856323,0.9759248495101929,0.9848146438598633,0.9638543128967285,0.6532183885574341,5.323730945587158,0.958162248134613,0.9838235378265381
214,0.1385756880044937,0.981249988079071,0.9302539229393005,0.9663035869598389,0.984308660030365,0.9861470460891724,0.992445170879364,0.9728211164474487,0.9836625456809998,0.9878160953521729,0.9699095487594604,0.9874492287635803,0.9898598790168762,0.9799926280975342,0.9844038486480713,0.9738785028457642,0.9880029559135437,0.9624815583229065,0.9892969131469727,0.9859519004821777,0.3820876181125641,0.49990683794021606,0.997477114200592,0.9702143669128418,0.9863247871398926,0.9864684343338013,0.9651917219161987,0.9569963812828064,0.9556673765182495,0.4996194839477539,0.9631708860397339,0.954176664352417,0.9650388360023499,0.9147737622261047,0.7858330011367798,0.4456682801246643,0.7883460521697998,0.9427288174629211,0.9831262826919556,0.9648959636688232,0.9694521427154541,0.9764519929885864,0.9193099737167358,0.9780750274658203,0.9884779453277588,0.9664933681488037,0.6528422832489014,5.236877679824829,0.9540848731994629,0.981249988079071
215,0.12766388058662415,0.9814338088035583,0.9288837909698486,0.9666420817375183,0.9848875999450684,0.9865462779998779,0.9948406219482422,0.9759269952774048,0.9854351282119751,0.9892165660858154,0.9736259579658508,0.9894931316375732,0.9923375248908997,0.9818198680877686,0.9859089851379395,0.9772937297821045,0.9915144443511963,0.9619424939155579,0.9922523498535156,0.9851824045181274,0.3739170432090759,0.499906450510025,0.9872835874557495,0.9703647494316101,0.9866920113563538,0.9850122928619385,0.9646406769752502,0.9554539918899536,0.9579751491546631,0.5189027786254883,0.9705603122711182,0.9558877944946289,0.9644707441329956,0.9136531352996826,0.784579873085022,0.445082426071167,0.788679838180542,0.939626157283783,0.9826433658599854,0.9665735960006714,0.9684425592422485,0.9761018753051758,0.9204946756362915,0.9795804619789124,0.9880334138870239,0.968935489654541,0.6424793004989624,5.660077095031738,0.9603225588798523,0.9814338088035583
216,0.14021643996238708,0.9830882549285889,0.9286273121833801,0.9659531116485596,0.982011079788208,0.9842825531959534,0.9922580718994141,0.9735581278800964,0.9834626913070679,0.9859933853149414,0.972135066986084,0.9871605634689331,0.9917865991592407,0.9800921678543091,0.9849714040756226,0.9738350510597229,0.9897752404212952,0.9592797756195068,0.989186704158783,0.9809294939041138,0.3787069320678711,0.4998127818107605,0.9776263236999512,0.9722802639007568,0.9882857203483582,0.9858687520027161,0.9637502431869507,0.9552876353263855,0.9604214429855347,0.5441516041755676,0.9664065837860107,0.9524686932563782,0.9598222970962524,0.9062903523445129,0.7838834524154663,0.44607117772102356,0.6168215274810791,0.9427587389945984,0.9822490811347961,0.9662388563156128,0.96708083152771,0.9756278991699219,0.9122186899185181,0.9778522253036499,0.9863204956054688,0.9645113348960876,0.6487693786621094,5.331760406494141,0.9611983895301819,0.9830882549285889
217,0.1348748654127121,0.9829044342041016,0.9261798858642578,0.964569091796875,0.9835611581802368,0.9853266477584839,0.9932631850242615,0.9762740135192871,0.9832103252410889,0.9881106019020081,0.9754838943481445,0.9883742332458496,0.9919697046279907,0.9811059832572937,0.9845046997070312,0.9745434522628784,0.9920737743377686,0.9621771574020386,0.9901309609413147,0.9826948046684265,0.38273194432258606,0.4999062120914459,0.8334822654724121,0.9714637994766235,0.9850760698318481,0.9854258298873901,0.9642857313156128,0.9588146209716797,0.9580718874931335,0.5284270644187927,0.9720053672790527,0.9547803401947021,0.9619936943054199,0.9069252014160156,0.7787911891937256,0.4434991776943207,0.5432417392730713,0.9416604042053223,0.981653094291687,0.9674743413925171,0.9676908850669861,0.9758768081665039,0.9128252863883972,0.9771332740783691,0.988201379776001,0.9657635688781738,0.6471309661865234,5.224892616271973,0.9587424993515015,0.9829044342041016
218,0.1311764121055603,0.9819852709770203,0.9279134273529053,0.9653803110122681,0.9854952096939087,0.9870920181274414,0.9933567047119141,0.9716894030570984,0.9843288660049438,0.9891204237937927,0.9728531837463379,0.9888499975204468,0.9904129505157471,0.9805386066436768,0.9838352203369141,0.974713921546936,0.9900387525558472,0.9626383781433105,0.9914190769195557,0.9839785099029541,0.38562753796577454,0.49981290102005005,0.9188253879547119,0.9691709280014038,0.9862193465232849,0.9867223501205444,0.9658119678497314,0.9593487977981567,0.9584439992904663,0.5276785492897034,0.9689099788665771,0.9535720944404602,0.962622880935669,0.8993914127349854,0.7812961339950562,0.44407469034194946,0.4858934283256531,0.9417166709899902,0.9821362495422363,0.9646567702293396,0.9676278829574585,0.9766250848770142,0.9150260090827942,0.9776951670646667,0.9857780337333679,0.9641134738922119,0.6291546821594238,5.2532734870910645,0.9621391296386719,0.9819852709770203
219,0.13196015357971191,0.9808823466300964,0.9290206432342529,0.9658064842224121,0.9826823472976685,0.988766074180603,0.994281530380249,0.9734611511230469,0.9831087589263916,0.9867158532142639,0.9730328917503357,0.9882841110229492,0.9905886650085449,0.9799593687057495,0.9815361499786377,0.9737910628318787,0.9893813133239746,0.9630482792854309,0.9893970489501953,0.9834351539611816,0.3838430345058441,0.4998129904270172,0.9862067699432373,0.9706664085388184,0.9855003356933594,0.9859529137611389,0.9637227058410645,0.9616988897323608,0.9554520845413208,0.5852705836296082,0.9635862112045288,0.9539340734481812,0.9606679081916809,0.9026010036468506,0.781890332698822,0.445410817861557,0.6373149156570435,0.9424049854278564,0.9800186157226562,0.9691736698150635,0.9693022966384888,0.9759383201599121,0.9149925708770752,0.9757435321807861,0.9841107726097107,0.9613881707191467,0.6378178000450134,5.223012924194336,0.958380401134491,0.9808823466300964
220,0.11970119178295135,0.9852941036224365,0.9312329292297363,0.9676258563995361,0.9844903945922852,0.9864140748977661,0.9937211275100708,0.977373480796814,0.9849797487258911,0.9910516738891602,0.9724118709564209,0.9894872903823853,0.9921716451644897,0.9822911024093628,0.9853564500808716,0.9774235486984253,0.991794228553772,0.9644309282302856,0.9928110837936401,0.9873194694519043,0.37990784645080566,0.4999062716960907,0.9843294024467468,0.971281886100769,0.9875475168228149,0.9872913360595703,0.9633452892303467,0.95703125,0.960862934589386,0.6057411432266235,0.9645167589187622,0.9552087187767029,0.9640407562255859,0.9004244804382324,0.7817409038543701,0.4445883333683014,0.8524731397628784,0.9391904473304749,0.9809479713439941,0.9682804346084595,0.9695394039154053,0.9789689183235168,0.91705322265625,0.9788497090339661,0.9861498475074768,0.9665800333023071,0.6502541303634644,5.491082668304443,0.9645202159881592,0.9852941036224365

221,0.12739641964435577,0.982536792755127,0.9284627437591553,0.9669619798660278,0.9829493165016174,0.9874584674835205,0.9941860437393188,0.9751753807067871,0.9843144416809082,0.9884707927703857,0.9724990725517273,0.9880095720291138,0.9918744564056396,0.9821922779083252,0.9859193563461304,0.9755444526672363,0.991150438785553,0.9606306552886963,0.9906878471374512,0.9858280420303345,0.3756214380264282,0.49971914291381836,0.9979419708251953,0.9720745086669922,0.9859582185745239,0.9839506149291992,0.9631458520889282,0.9569227695465088,0.9574528932571411,0.5279066562652588,0.9628998637199402,0.9538078308105469,0.9590225219726562,0.8964912295341492,0.7870712280273438,0.44595596194267273,0.6726366281509399,0.9410279989242554,0.977692723274231,0.965042769908905,0.9668585062026978,0.9743375778198242,0.9123624563217163,0.976456344127655,0.9833024144172668,0.959409236907959,0.6396698951721191,5.26552414894104,0.9549330472946167,0.982536792755127
222,0.12442586570978165,0.9830882549285889,0.9280908107757568,0.963619589805603,0.9826664328575134,0.9880886077880859,0.9947388172149658,0.9734121561050415,0.9833025932312012,0.9882949590682983,0.9695571660995483,0.9889258146286011,0.9911324977874756,0.9791551232337952,0.9866260886192322,0.9736064672470093,0.9910417795181274,0.9616875648498535,0.990136444568634,0.9858437776565552,0.3827262818813324,0.4999065697193146,0.9837859869003296,0.9673789739608765,0.9873805046081543,0.9857630729675293,0.9653068780899048,0.9530507326126099,0.958380937576294,0.4994300901889801,0.9703696966171265,0.9555678367614746,0.9660797119140625,0.8984490633010864,0.7800110578536987,0.44313979148864746,0.5747741460800171,0.9392270445823669,0.9812232851982117,0.9669697284698486,0.9655941724777222,0.9765581488609314,0.9141451716423035,0.9777406454086304,0.986190915107727,0.9663755893707275,0.6345105171203613,5.319120407104492,0.9618426561355591,0.9830882549285889
223,0.12851817905902863,0.9834558963775635,0.9251559972763062,0.9688192009925842,0.9843144416809082,0.9870753288269043,0.99363112449646,0.9727960228919983,0.9845770597457886,0.9894891977310181,0.9740870594978333,0.9877396821975708,0.9916191101074219,0.9809787273406982,0.9866310358047485,0.9742857217788696,0.9909393787384033,0.9612903594970703,0.9913188219070435,0.984817624092102,0.3923968970775604,0.4998132586479187,0.8379085063934326,0.9714912176132202,0.9869095087051392,0.9876730442047119,0.9618160724639893,0.9537407159805298,0.954502284526825,0.4991452991962433,0.9690701961517334,0.9566740393638611,0.9610474109649658,0.8935757875442505,0.7872438430786133,0.44425925612449646,0.48432889580726624,0.9406589269638062,0.9824512600898743,0.9676191806793213,0.968326210975647,0.9786540269851685,0.9170844554901123,0.9767311811447144,0.9861550331115723,0.9638800621032715,0.6274510025978088,5.322885990142822,0.958785355091095,0.9834558963775635
224,0.14005999267101288,0.9808823466300964,0.9221293926239014,0.9627031087875366,0.9822976589202881,0.9862444400787354,0.9469371438026428,0.9707402586936951,0.982745885848999,0.9886489510536194,0.9715762138366699,0.9877351522445679,0.9896602630615234,0.9777551889419556,0.9842163324356079,0.9729604721069336,0.9898430109024048,0.9566783905029297,0.9896697998046875,0.983330249786377,0.3867907226085663,0.49981313943862915,0.7540545463562012,0.9677876234054565,0.9866818785667419,0.9845057129859924,0.964340090751648,0.9579919576644897,0.9541832804679871,0.49933499097824097,0.9670016765594482,0.95530104637146,0.9619233012199402,0.8971076011657715,0.7858725786209106,0.44410455226898193,0.48691001534461975,0.9458825588226318,0.979739785194397,0.9675917625427246,0.9660608172416687,0.9760574102401733,0.9193278551101685,0.9779576063156128,0.9854856729507446,0.9629526138305664,0.6274814605712891,5.776181221008301,0.9601903557777405,0.9808823466300964

