epoch,loss,A13_balanced_accuracy,A14_balanced_accuracy,A15b_balanced_accuracy,A16_balanced_accuracy,A17a_balanced_accuracy,A19a_balanced_accuracy,A1a_balanced_accuracy,A1b_balanced_accuracy,A1c_balanced_accuracy,A32_balanced_accuracy,A33_balanced_accuracy,A34_balanced_accuracy,A4b2_balanced_accuracy,A7a_balanced_accuracy,A9_balanced_accuracy,B1_balanced_accuracy,B2a_balanced_accuracy,B3_balanced_accuracy,C13aa_balanced_accuracy,C13bb_balanced_accuracy,C14_100_balanced_accuracy,C14_120_balanced_accuracy,C14_20_balanced_accuracy,C14_30_balanced_accuracy,C14_50_balanced_accuracy,C14_60_balanced_accuracy,C14_70_balanced_accuracy,C14_80_balanced_accuracy,C17a_balanced_accuracy,C17b_80_balanced_accuracy,C17c_balanced_accuracy,C17d_balanced_accuracy,C1a_balanced_accuracy,C2_balanced_accuracy,C3e3_balanced_accuracy,D1a1_balanced_accuracy,D1a4_balanced_accuracy,D1a5_balanced_accuracy,D1a6_balanced_accuracy,D1a7_balanced_accuracy,D2a1_balanced_accuracy,D2a2_balanced_accuracy,D3_balanced_accuracy,accuracy,balanced_accuracy,balanced_accuracy_SignClass_A,balanced_accuracy_SignClass_B,balanced_accuracy_SignClass_C,balanced_accuracy_SignClass_D,balanced_accuracy_invalid,epoch_elapsed,f1,recall
0,1.1887866258621216,0.5,0.5,0.3824267089366913,0.5,0.3741176426410675,0.5,0.5,0.5,0.5,0.5,0.5,0.5,0.5,0.5,0.40123942494392395,0.5003921985626221,0.5,0.5,0.5,0.5,0.5,0.5,0.3741534948348999,0.5,0.5,0.36936867237091064,0.5055772662162781,0.5,0.5015698671340942,0.5,0.5,0.5099545121192932,0.38991186022758484,0.5,0.37802356481552124,0.4973101317882538,0.3405119776725769,0.5,0.5,0.5,0.4052974581718445,0.5,0.5,0.4854779541492462,0.6997472047805786,0.5,0.5,0.496197909116745,0.5,0.504928708076477,10.797802448272705,0.15114717185497284,0.4854779541492462
1,0.8446225523948669,0.46648040413856506,0.5,0.3222082555294037,0.5,0.34537050127983093,0.4998432695865631,0.40321820974349976,0.5,0.5,0.26349401473999023,0.5,0.5,0.5,0.5,0.4024966359138489,0.39578431844711304,0.5,0.5,0.5,0.37547770142555237,0.5169820189476013,0.5038691163063049,0.3118782043457031,0.5,0.5,0.31267476081848145,0.5064165592193604,0.4852769672870636,0.5252770781517029,0.5,0.4904193580150604,0.4831504821777344,0.4843916893005371,0.5,0.35749444365501404,0.3720158040523529,0.3985244035720825,0.3481558561325073,0.5,0.388950377702713,0.49360692501068115,0.5,0.5,0.6689338088035583,0.7913373708724976,0.5,0.5,0.5965386033058167,0.4850323498249054,0.5602027773857117,11.410946130752563,0.2863486409187317,0.6689338088035583

2,0.673274576663971,0.3238162398338318,0.5,0.1736437827348709,0.5,0.3257017433643341,0.47057437896728516,0.35808271169662476,0.364869087934494,0.5,0.09389292448759079,0.4968637228012085,0.6035239100456238,0.5,0.38909804821014404,0.6801595687866211,0.12823529541492462,0.5,0.5,0.5,0.3674622178077698,0.5592749714851379,0.5501190423965454,0.37643879652023315,0.5,0.5015039443969727,0.30541691184043884,0.5348842740058899,0.5245454907417297,0.48415687680244446,0.5,0.44258183240890503,0.4844900369644165,0.6083805561065674,0.4945141077041626,0.3474900424480438,0.29857707023620605,0.46872198581695557,0.30446258187294006,0.5,0.1751514971256256,0.5691529512405396,0.4246903657913208,0.5,0.7167279124259949,0.8018841743469238,0.5,0.5,0.8076916337013245,0.4036126434803009,0.5880531668663025,9.503743886947632,0.3092992901802063,0.7167279124259949

3,0.5980786085128784,0.22136959433555603,0.5,0.15134881436824799,0.5,0.33142542839050293,0.45619121193885803,0.24491149187088013,0.33712536096572876,0.5,0.0932309627532959,0.4457491636276245,0.7594767808914185,0.4999217391014099,0.38948196172714233,0.7622963786125183,0.1090025082230568,0.5,0.5,0.5,0.3881213366985321,0.5583415627479553,0.5557992458343506,0.33607637882232666,0.5,0.4728606939315796,0.3198496699333191,0.5362232327461243,0.5218464732170105,0.5700805187225342,0.5,0.42682352662086487,0.49553292989730835,0.6139907836914062,0.4929356276988983,0.34789156913757324,0.2988632917404175,0.5093002319335938,0.3002687394618988,0.5,0.2119022011756897,0.594194769859314,0.48504412174224854,0.5,0.7488970756530762,0.8255054950714111,0.7440358996391296,0.5,0.8339780569076538,0.5644848346710205,0.5452988147735596,9.386551856994629,0.44926315546035767,0.7488970756530762

4,0.5408857464790344,0.18235889077186584,0.5,0.10393478721380234,0.4902745187282562,0.33416926860809326,0.4752902388572693,0.39859315752983093,0.29377156496047974,0.754037618637085,0.08587517589330673,0.27825677394866943,0.7876958847045898,0.4997645914554596,0.5280635952949524,0.7413333654403687,0.09766238182783127,0.5,0.5,0.5,0.3815162181854248,0.5450471043586731,0.5476344227790833,0.3264405429363251,0.5,0.4893351197242737,0.29173001646995544,0.5258537530899048,0.5190397500991821,0.5651940107345581,0.5,0.4231733977794647,0.5040752291679382,0.6339792013168335,0.4799341559410095,0.2946074604988098,0.25462451577186584,0.5378919839859009,0.3020537197589874,0.5,0.28435343503952026,0.6395561099052429,0.4526107609272003,0.5,0.7768382430076599,0.8398897051811218,0.9346200227737427,0.5,0.8491484522819519,0.6877766251564026,0.5523483753204346,9.803141593933105,0.5419041514396667,0.7768382430076599

5,0.489124059677124,0.1833699345588684,0.5,0.06928985565900803,0.4030892252922058,0.4776632785797119,0.4478594958782196,0.4765312075614929,0.16400012373924255,0.7747451066970825,0.07874509692192078,0.17855463922023773,0.8032156825065613,0.497881680727005,0.6108306646347046,0.8207458257675171,0.055799372494220734,0.5,0.5,0.5,0.3357641100883484,0.5334142446517944,0.5410405397415161,0.32782939076423645,0.5,0.5327352285385132,0.2986518442630768,0.5301145911216736,0.5269110798835754,0.5524705648422241,0.5,0.46042072772979736,0.5045076608657837,0.5886474847793579,0.4416418671607971,0.2824900448322296,0.14507198333740234,0.6441857218742371,0.3020044267177582,0.5,0.49333158135414124,0.7093784213066101,0.3776898682117462,0.5,0.804963231086731,0.8424402475357056,0.9691423177719116,0.4992559552192688,0.8364169001579285,0.745180606842041,0.5213137865066528,10.105291604995728,0.620411217212677,0.804963231086731

6,0.46164727210998535,0.15850752592086792,0.5,0.09752273559570312,0.4147450923919678,0.37645137310028076,0.4609779119491577,0.4288463294506073,0.1594078093767166,0.7757998704910278,0.08474443107843399,0.29395604133605957,0.8130782842636108,0.49576669931411743,0.5361285209655762,0.8352415561676025,0.08945386111736298,0.5,0.5,0.5,0.32468312978744507,0.5399030447006226,0.5461351275444031,0.3293069005012512,0.5,0.48655176162719727,0.2963297963142395,0.526448130607605,0.5028753876686096,0.5088443160057068,0.5,0.40963950753211975,0.5086274743080139,0.6559842824935913,0.4633343815803528,0.2929309010505676,0.1667197197675705,0.6414788961410522,0.2996355891227722,0.5,0.40571802854537964,0.692891001701355,0.3434554934501648,0.5,0.8104779124259949,0.8603171110153198,0.9658928513526917,0.5472998023033142,0.8212602138519287,0.8886631727218628,0.515509843826294,9.404247760772705,0.6439686417579651,0.8104779124259949
7,0.437420129776001,0.13378581404685974,0.5,0.07444304972887039,0.4200439751148224,0.3723769187927246,0.4443747103214264,0.41885149478912354,0.12886032462120056,0.7950055599212646,0.07747804373502731,0.20811107754707336,0.8508664965629578,0.48259642720222473,0.4564102590084076,0.8067569732666016,0.08379056304693222,0.4999212920665741,0.5,0.5,0.3084648549556732,0.5363371968269348,0.54459547996521,0.35120975971221924,0.5,0.4943787455558777,0.30481359362602234,0.5243107080459595,0.5093808770179749,0.5519297122955322,0.5,0.4301614761352539,0.5050196051597595,0.6193472146987915,0.4669803977012634,0.29680705070495605,0.14102911949157715,0.6588292121887207,0.27909034490585327,0.5,0.5256011486053467,0.6649429798126221,0.362041711807251,0.5,0.8176470398902893,0.8647058606147766,0.9741925597190857,0.6353912353515625,0.8134994506835938,0.9356495141983032,0.5154760479927063,10.181536436080933,0.6490810513496399,0.8176470398902893

8,0.417205810546875,0.07191752642393112,0.5,0.09217745810747147,0.4061371982097626,0.4916752278804779,0.4484971761703491,0.43825364112854004,0.16912226378917694,0.7830899953842163,0.07540366798639297,0.2959423363208771,0.8368388414382935,0.4847986102104187,0.5748738646507263,0.8178223371505737,0.1057254895567894,0.49992144107818604,0.5,0.5,0.31402716040611267,0.5337542295455933,0.5482669472694397,0.34642869234085083,0.5,0.514634370803833,0.29354220628738403,0.5124176740646362,0.5172314643859863,0.5601285696029663,0.5,0.466069757938385,0.5252794027328491,0.7021427154541016,0.48400500416755676,0.3060564398765564,0.1545083224773407,0.6811795830726624,0.3086421489715576,0.5,0.5306427478790283,0.7119928002357483,0.3328065872192383,0.5,0.8305147290229797,0.8567325472831726,0.9780997037887573,0.7025834918022156,0.8167155981063843,0.9401525259017944,0.5196172595024109,9.953626871109009,0.6589567065238953,0.8305147290229797

9,0.4200940430164337,0.14954516291618347,0.5,0.09325490891933441,0.406391978263855,0.41092419624328613,0.45122143626213074,0.4142720699310303,0.14028212428092957,0.8225224018096924,0.06174486130475998,0.19338661432266235,0.8155522346496582,0.47372961044311523,0.4864667057991028,0.7135840654373169,0.07760515064001083,0.4999212324619293,0.5,0.5,0.30698978900909424,0.5340872406959534,0.5480257868766785,0.32384347915649414,0.5,0.49927806854248047,0.302132248878479,0.5135427713394165,0.5209062695503235,0.5502744913101196,0.5,0.48376521468162537,0.4450470507144928,0.6125069856643677,0.45544397830963135,0.30544063448905945,0.14213496446609497,0.6728326678276062,0.2761274576187134,0.5,0.5365480780601501,0.6994132399559021,0.3765987753868103,0.5,0.8257352709770203,0.8601102828979492,0.970391571521759,0.8021553754806519,0.8127124309539795,0.9440860152244568,0.514413058757782,10.046950817108154,0.6529651880264282,0.8257352709770203
10,0.4154624044895172,0.14982768893241882,0.5,0.09069801867008209,0.41658833622932434,0.46282052993774414,0.43887147307395935,0.502655029296875,0.14028221368789673,0.8044058084487915,0.06326434761285782,0.2764955163002014,0.8435294032096863,0.4680200517177582,0.5550588369369507,0.7546285390853882,0.10795988887548447,0.5,0.5,0.5,0.28870558738708496,0.5328245162963867,0.5503393411636353,0.35381433367729187,0.5,0.4988723695278168,0.2892839312553406,0.5118247866630554,0.5279513597488403,0.5505882501602173,0.5,0.4590780735015869,0.5844050645828247,0.5847801566123962,0.4877704679965973,0.29383742809295654,0.16633304953575134,0.6989554166793823,0.2827548682689667,0.5,0.5434457659721375,0.6807346343994141,0.35205933451652527,0.5,0.8244485259056091,0.8559513092041016,0.9785603284835815,0.7942954301834106,0.8173128366470337,0.9446572661399841,0.5117590427398682,9.7783043384552,0.6567365527153015,0.8244485259056091

11,0.42110782861709595,0.2017393857240677,0.5,0.07548676431179047,0.42352294921875,0.398666650056839,0.4329001009464264,0.4872336983680725,0.20994585752487183,0.8612852692604065,0.08846254646778107,0.19860436022281647,0.8217254877090454,0.4413749873638153,0.356706827878952,0.7907354831695557,0.11548123508691788,0.4993705749511719,0.5,0.5,0.3120488226413727,0.5247254967689514,0.542363703250885,0.35990607738494873,0.5,0.5083848237991333,0.2939181327819824,0.5180973410606384,0.5132795572280884,0.5198661684989929,0.5,0.4792941212654114,0.511607825756073,0.6258053183555603,0.481905072927475,0.2802112400531769,0.12318038195371628,0.7369291186332703,0.25670263171195984,0.5,0.5292646288871765,0.6615284085273743,0.39085009694099426,0.5,0.8213235139846802,0.8545956015586853,0.9700800776481628,0.75300133228302,0.8129264116287231,0.9489071369171143,0.510330855846405,9.085166931152344,0.652794599533081,0.8213235139846802
12,0.39903560280799866,0.17318692803382874,0.5,0.06726246327161789,0.41299906373023987,0.38185110688209534,0.45086976885795593,0.35361525416374207,0.16288867592811584,0.8345369100570679,0.0782204121351242,0.2603954076766968,0.9030084609985352,0.4825882315635681,0.4423981010913849,0.665779173374176,0.16358217597007751,0.5,0.5,0.5,0.3041526675224304,0.5297101736068726,0.5479331016540527,0.3513312339782715,0.5,0.5017349720001221,0.2877604067325592,0.5252085328102112,0.5130783915519714,0.5455116033554077,0.5,0.4785781502723694,0.5875294208526611,0.6540431976318359,0.4843162000179291,0.2971982955932617,0.12151835858821869,0.7057619094848633,0.27839118242263794,0.5,0.5283308625221252,0.6872102618217468,0.3666192293167114,0.5,0.8343750238418579,0.8588235378265381,0.9792669415473938,0.7385905385017395,0.8229175806045532,0.9503833651542664,0.509168803691864,9.487794399261475,0.665097713470459,0.8343750238418579
13,0.3841125965118408,0.10422147810459137,0.5,0.09271471202373505,0.41375529766082764,0.46234098076820374,0.47011294960975647,0.3561244606971741,0.15138104557991028,0.8223477602005005,0.07347866892814636,0.35870078206062317,0.8475269675254822,0.4881754219532013,0.616928219795227,0.809860110282898,0.17947310209274292,0.5,0.5,0.5,0.31638216972351074,0.5333399176597595,0.5469995141029358,0.3411964774131775,0.5,0.500444233417511,0.29602712392807007,0.46619972586631775,0.5132240056991577,0.5600596070289612,0.5,0.4799937307834625,0.5861371755599976,0.6715236902236938,0.4934138357639313,0.301708459854126,0.13851208984851837,0.6984683871269226,0.2721545398235321,0.5,0.5508853197097778,0.6970255374908447,0.3476235568523407,0.5,0.8413602709770203,0.8571231365203857,0.9720085859298706,0.7455052137374878,0.8316813111305237,0.9438779950141907,0.510651171207428,8.836414337158203,0.6676282286643982,0.8413602709770203

14,0.4042001962661743,0.1402108073234558,0.5,0.09450981020927429,0.4174894094467163,0.4249282479286194,0.47818922996520996,0.4624372720718384,0.19711065292358398,0.8438850045204163,0.07150697708129883,0.28617337346076965,0.7539529800415039,0.48174554109573364,0.6065946221351624,0.8233870267868042,0.18253843486309052,0.5,0.5,0.5,0.2968972325325012,0.5267353653907776,0.549205482006073,0.3403587341308594,0.5,0.5022836327552795,0.30220741033554077,0.49619120359420776,0.5254656076431274,0.5486753582954407,0.5,0.4880150258541107,0.5227488279342651,0.6614977121353149,0.49106863141059875,0.29777777194976807,0.11149013042449951,0.6834385395050049,0.264998197555542,0.5,0.5576561093330383,0.6229333877563477,0.378929078578949,0.5,0.829963207244873,0.8546185493469238,0.975648045539856,0.7915478944778442,0.8210008144378662,0.9473958015441895,0.5096847414970398,8.885979890823364,0.655143678188324,0.829963207244873
15,0.4063999354839325,0.1493251770734787,0.5,0.0836731493473053,0.4114232063293457,0.4082481563091278,0.47685185074806213,0.4679580330848694,0.1308814287185669,0.814547061920166,0.07926158607006073,0.2881329357624054,0.8383251428604126,0.48276132345199585,0.534156084060669,0.7385579943656921,0.21623529493808746,0.5,0.5,0.5,0.3010583519935608,0.5322320461273193,0.5496163964271545,0.3025755286216736,0.5,0.5039989352226257,0.30757665634155273,0.4836850166320801,0.5140380263328552,0.5553464889526367,0.5,0.4808507263660431,0.46926936507225037,0.6884802579879761,0.49145230650901794,0.29472607374191284,0.1394394040107727,0.671198844909668,0.30154046416282654,0.5,0.5677751302719116,0.6613017320632935,0.3729417324066162,0.5,0.8268382549285889,0.854296863079071,0.9805729389190674,0.755264163017273,0.8260024189949036,0.9459705352783203,0.5099086761474609,8.983405828475952,0.6622042655944824,0.8268382549285889
16,0.3950420618057251,0.2748904228210449,0.5,0.11250030249357224,0.40205779671669006,0.38334864377975464,0.46135151386260986,0.43954581022262573,0.1448730081319809,0.8405860662460327,0.07848061621189117,0.3027285635471344,0.8607087135314941,0.4840834140777588,0.3898356854915619,0.7639999985694885,0.20989975333213806,0.5,0.5,0.5,0.29899856448173523,0.5313510298728943,0.551274299621582,0.31681591272354126,0.5,0.5230709314346313,0.3166203200817108,0.5283901691436768,0.4989853501319885,0.5325563549995422,0.5,0.4779849648475647,0.48526182770729065,0.6167836785316467,0.4906696081161499,0.30329880118370056,0.13447289168834686,0.7032526731491089,0.26510757207870483,0.5,0.5370855927467346,0.668534517288208,0.37389591336250305,0.5,0.8365808725357056,0.8570542335510254,0.9792112708091736,0.7422747611999512,0.8278871774673462,0.9502550363540649,0.5061391592025757,8.978133201599121,0.6664007306098938,0.8365808725357056
17,0.39181286096572876,0.0951002761721611,0.5,0.1050940454006195,0.3951372504234314,0.48117971420288086,0.45432427525520325,0.42038682103157043,0.16929352283477783,0.8466958999633789,0.07203323394060135,0.3148729205131531,0.8670016527175903,0.4923149347305298,0.64259934425354,0.7956398725509644,0.2298949658870697,0.5,0.5,0.5,0.30523809790611267,0.5294922590255737,0.5372085571289062,0.3292401432991028,0.5,0.5066419839859009,0.3080814480781555,0.4918506443500519,0.49100202322006226,0.556932270526886,0.5,0.48705679178237915,0.4837647080421448,0.6699912548065186,0.482053279876709,0.30466604232788086,0.12888145446777344,0.6886045336723328,0.29401522874832153,0.5,0.547468364238739,0.6337414979934692,0.3527315855026245,0.5,0.8389706015586853,0.8563648462295532,0.9792090654373169,0.7690711617469788,0.8380501866340637,0.9402818083763123,0.5068110227584839,9.104101181030273,0.6618602871894836,0.8389706015586853
18,0.3923860788345337,0.14350466430187225,0.5,0.1355520784854889,0.37746942043304443,0.398666650056839,0.461399644613266,0.3284512460231781,0.1822385936975479,0.8484563827514648,0.07657939940690994,0.2860727608203888,0.8609811067581177,0.48249056935310364,0.5822358131408691,0.773727536201477,0.2533385753631592,0.4999212622642517,0.5,0.5,0.31268811225891113,0.5365074276924133,0.5504065752029419,0.30500754714012146,0.5,0.5086303353309631,0.3245316445827484,0.47797927260398865,0.4602803885936737,0.5646957159042358,0.5,0.48942336440086365,0.49483081698417664,0.6705499887466431,0.4847795367240906,0.3105338513851166,0.1708105206489563,0.677238941192627,0.27483639121055603,0.5,0.5575475692749023,0.6658247709274292,0.36265993118286133,0.5,0.8332720398902893,0.8557214736938477,0.9760051965713501,0.7347276210784912,0.835516095161438,0.9474190473556519,0.5051659941673279,8.961507797241211,0.6595826148986816,0.8332720398902893
19,0.3806842565536499,0.10368627309799194,0.5,0.10560615360736847,0.3964436650276184,0.4072997272014618,0.43522870540618896,0.4238232672214508,0.16883023083209991,0.87256920337677,0.07811030745506287,0.32609719038009644,0.8283324837684631,0.4697302281856537,0.6074645519256592,0.7155454158782959,0.2830721139907837,0.5,0.5,0.5,0.30714285373687744,0.5353559851646423,0.5456749200820923,0.3043542802333832,0.5,0.5070112347602844,0.31858623027801514,0.4958607256412506,0.4617927074432373,0.5531063675880432,0.5,0.4727058708667755,0.4941951632499695,0.6687107086181641,0.49278318881988525,0.3029860556125641,0.1500471830368042,0.6867817044258118,0.3034314215183258,0.5,0.525884747505188,0.6303656101226807,0.36852937936782837,0.5,0.8384191393852234,0.8591222763061523,0.9738914966583252,0.7324087619781494,0.8425447940826416,0.9469926357269287,0.5109615921974182,9.048245429992676,0.6611315011978149,0.8384191393852234
20,0.36970433592796326,0.2839301824569702,0.5,0.09063088148832321,0.37081828713417053,0.4027429521083832,0.4517241418361664,0.4949970245361328,0.14963160455226898,0.8623529672622681,0.06411866098642349,0.22849968075752258,0.8659863471984863,0.503807008266449,0.43528255820274353,0.820899248123169,0.2621587812900543,0.5,0.5,0.5,0.3127206861972809,0.530268669128418,0.5501968264579773,0.3175913691520691,0.5,0.5067774653434753,0.3133526146411896,0.47915178537368774,0.5069513916969299,0.5222848653793335,0.5,0.48214566707611084,0.4923149347305298,0.6385453939437866,0.47021475434303284,0.29468411207199097,0.1344059258699417,0.7291006445884705,0.2764838635921478,0.5,0.5593579411506653,0.647476315498352,0.3768173158168793,0.5,0.84375,0.8568474054336548,0.983212947845459,0.7607936859130859,0.8415654301643372,0.9460114240646362,0.5049211382865906,9.899461030960083,0.673122227191925,0.84375

21,0.3652752637863159,0.2635294198989868,0.5,0.1039215698838234,0.3701726794242859,0.4111994504928589,0.44178566336631775,0.40622711181640625,0.14753840863704681,0.8289101719856262,0.08138825744390488,0.2699010968208313,0.8584535717964172,0.6066979765892029,0.6166144609451294,0.7780776023864746,0.27871808409690857,0.5,0.5,0.5,0.3021439015865326,0.5333495140075684,0.5479902029037476,0.309282124042511,0.5,0.5022318959236145,0.29396215081214905,0.45653703808784485,0.456569105386734,0.5531681180000305,0.5,0.4885472357273102,0.5266886353492737,0.6938524842262268,0.4842352867126465,0.28658923506736755,0.1180555522441864,0.7151954174041748,0.2899344861507416,0.5,0.5584088563919067,0.6644562482833862,0.34625712037086487,0.5,0.8431985378265381,0.8581571578979492,0.981124758720398,0.7708178758621216,0.8380471467971802,0.9498165249824524,0.504478931427002,9.239566564559937,0.6732079982757568,0.8431985378265381
22,0.3704971969127655,0.292477011680603,0.5,0.12347924709320068,0.37799906730651855,0.42635291814804077,0.43849891424179077,0.4121937155723572,0.14540995657444,0.8645555973052979,0.06927900016307831,0.24203921854496002,0.8668601512908936,0.5599266290664673,0.41997551918029785,0.8143820762634277,0.3062695860862732,0.5,0.5,0.5,0.3041441738605499,0.5299742817878723,0.5500198006629944,0.30312156677246094,0.5,0.5103155970573425,0.30061399936676025,0.47134435176849365,0.46730923652648926,0.519938051700592,0.5,0.48876670002937317,0.4836811423301697,0.6256304979324341,0.47185197472572327,0.29967743158340454,0.1252714991569519,0.7180600166320801,0.29761216044425964,0.5,0.5502240061759949,0.6506564021110535,0.36059361696243286,0.5,0.8408088088035583,0.8593980073928833,0.9781582355499268,0.7808308601379395,0.8482656478881836,0.9472123384475708,0.5036119818687439,9.17752981185913,0.6890785694122314,0.8408088088035583
23,0.3568139970302582,0.22014106810092926,0.5,0.09717868268489838,0.34235718846321106,0.5116078853607178,0.46306461095809937,0.4691518247127533,0.15890195965766907,0.8186261653900146,0.06964705884456635,0.24203921854496002,0.844105064868927,0.6631390452384949,0.7007514238357544,0.7991085648536682,0.2933981418609619,0.5,0.5,0.5,0.2973068952560425,0.5311543941497803,0.551713764667511,0.33544522523880005,0.5,0.5117997527122498,0.28860217332839966,0.48127853870391846,0.49789154529571533,0.5517484545707703,0.5,0.4975697696208954,0.513163149356842,0.6534439921379089,0.47962701320648193,0.2925907373428345,0.11835405230522156,0.6907064914703369,0.2908336818218231,0.5,0.5505839586257935,0.6873595714569092,0.35289934277534485,0.5,0.8477941155433655,0.8621553182601929,0.9801640510559082,0.8017430305480957,0.8498377799987793,0.949447751045227,0.5070321559906006,9.25520396232605,0.7094287872314453,0.8477941155433655
24,0.3512672185897827,0.2062113881111145,0.5,0.12145473808050156,0.352539986371994,0.35901254415512085,0.4408307373523712,0.35866668820381165,0.14731723070144653,0.8516949415206909,0.0683385580778122,0.15926216542720795,0.8380094170570374,0.7283137440681458,0.5128852128982544,0.6948884129524231,0.30390465259552,0.5,0.5,0.5,0.3122614622116089,0.5295494794845581,0.554864227771759,0.2957054078578949,0.5,0.5039519667625427,0.3109597861766815,0.5101892352104187,0.4418453574180603,0.5527429580688477,0.5,0.4890092611312866,0.4864271283149719,0.6221013069152832,0.44999998807907104,0.3084983825683594,0.13964080810546875,0.7006393671035767,0.278898686170578,0.5,0.5460858345031738,0.6541739702224731,0.3956686556339264,0.5,0.8584558963775635,0.861328125,0.97796231508255,0.7949488162994385,0.8419815301895142,0.9507876634597778,0.5064617991447449,9.091646194458008,0.7694536447525024,0.8584558963775635

25,0.3574288785457611,0.2655075192451477,0.5,0.10971640795469284,0.3642285466194153,0.5323534607887268,0.4022916257381439,0.5163665413856506,0.1746518313884735,0.8974318504333496,0.07043137401342392,0.19435293972492218,0.8501442074775696,0.6753725409507751,0.48117971420288086,0.8417336940765381,0.3210311830043793,0.5,0.5,0.5,0.31305480003356934,0.5275080800056458,0.5436831116676331,0.3267819285392761,0.5,0.5131943225860596,0.31615856289863586,0.4877912104129791,0.448142409324646,0.5460670590400696,0.5,0.4974886178970337,0.5031836032867432,0.6444852352142334,0.46437540650367737,0.2911965548992157,0.09244029968976974,0.7021746635437012,0.2923916280269623,0.5,0.5562223792076111,0.6346297264099121,0.38546428084373474,0.5,0.854411780834198,0.8635110855102539,0.9838593006134033,0.786737322807312,0.8347923755645752,0.9534302949905396,0.5046336054801941,9.282838344573975,0.7827034592628479,0.854411780834198
26,0.3480641841888428,0.32678714394569397,0.5,0.11587376147508621,0.3530842959880829,0.4749581813812256,0.45006051659584045,0.4414447844028473,0.23814523220062256,0.8317383527755737,0.08261415362358093,0.2525094151496887,0.852853536605835,0.907058835029602,0.5255301594734192,0.8401607275009155,0.3002510666847229,0.5,0.5,0.5,0.3116033971309662,0.534739077091217,0.5232645273208618,0.28768086433410645,0.5,0.504023551940918,0.29450371861457825,0.477796345949173,0.40826740860939026,0.5406938791275024,0.5,0.4994511604309082,0.49623942375183105,0.6336389183998108,0.4812578558921814,0.29487481713294983,0.10673092305660248,0.6901463866233826,0.3108102083206177,0.5,0.5755905508995056,0.6816035509109497,0.35129377245903015,0.5,0.8547794222831726,0.8638097047805786,0.9840956926345825,0.8036925196647644,0.8441814184188843,0.9445867538452148,0.5086143016815186,9.249076128005981,0.7813264727592468,0.8547794222831726
27,0.34613487124443054,0.1802574098110199,0.5,0.12983034551143646,0.33769798278808594,0.46869492530822754,0.5015703439712524,0.36888715624809265,0.19056272506713867,0.8898903131484985,0.09483029693365097,0.18783317506313324,0.788785994052887,0.7730724811553955,0.5036020278930664,0.6803785562515259,0.3225427269935608,0.5,0.5,0.5,0.3018312156200409,0.5362213850021362,0.5556560158729553,0.2837372124195099,0.5,0.5030397176742554,0.3220621645450592,0.4753824770450592,0.41756120324134827,0.5361528396606445,0.5,0.4956856071949005,0.4968607723712921,0.6302468180656433,0.44064608216285706,0.2989165186882019,0.13103722035884857,0.7047785520553589,0.3045596480369568,0.5,0.563132107257843,0.5768103003501892,0.38287073373794556,0.5,0.8599264621734619,0.8629825115203857,0.9814652800559998,0.7598879337310791,0.8469405174255371,0.9498461484909058,0.5094178318977356,9.144888877868652,0.7916839718818665,0.8599264621734619
28,0.34107962250709534,0.2966125011444092,0.5,0.09874411672353745,0.3678593933582306,0.5592888593673706,0.5321779847145081,0.4518696069717407,0.15556426346302032,0.8742740154266357,0.07922342419624329,0.2200690358877182,0.8106963634490967,0.7940596342086792,0.4084831476211548,0.70469069480896,0.3117259740829468,0.5,0.5,0.5,0.3001054525375366,0.5369621515274048,0.5289527177810669,0.31948405504226685,0.5,0.5262986421585083,0.3085082173347473,0.5239068269729614,0.4619622230529785,0.5527799725532532,0.5,0.4903559684753418,0.4979614317417145,0.6008737087249756,0.45896631479263306,0.306318461894989,0.15047791600227356,0.710680365562439,0.284853994846344,0.5,0.5501702427864075,0.5914211273193359,0.3881080150604248,0.5,0.8573529124259949,0.8662453889846802,0.9761897325515747,0.8318926692008972,0.8423422574996948,0.9435973167419434,0.5061726570129395,9.144081115722656,0.8024870753288269,0.8573529124259949
29,0.34604108333587646,0.3681284189224243,0.5,0.14075586199760437,0.3367651700973511,0.40840381383895874,0.4324168264865875,0.485568642616272,0.18050314486026764,0.9347076416015625,0.08924933522939682,0.18420639634132385,0.6739966869354248,0.566234290599823,0.5463398098945618,0.825857400894165,0.3517414629459381,0.5,0.5,0.5,0.30283811688423157,0.5393573641777039,0.5408079624176025,0.35063987970352173,0.5,0.5419909954071045,0.3082081079483032,0.49614042043685913,0.48582765460014343,0.5505803227424622,0.5,0.4770520031452179,0.4989815056324005,0.6332229375839233,0.464033305644989,0.30019089579582214,0.10215669870376587,0.6747549176216125,0.28756892681121826,0.5,0.552173912525177,0.6049220561981201,0.38404422998428345,0.5,0.8571690917015076,0.8685661554336548,0.9842243194580078,0.8096662163734436,0.8501977920532227,0.953486442565918,0.506830632686615,9.239683866500854,0.7979641556739807,0.8571690917015076
30,0.34675851464271545,0.2697678208351135,0.5,0.15216368436813354,0.36649420857429504,0.548235297203064,0.45363834500312805,0.5063519477844238,0.16162407398223877,0.884657621383667,0.13135592639446259,0.2968994677066803,0.8069019317626953,0.5592807531356812,0.5404119491577148,0.7441915273666382,0.36290955543518066,0.5,0.5,0.5,0.29852405190467834,0.5453811287879944,0.5396344661712646,0.29709601402282715,0.5,0.4999229609966278,0.3251226842403412,0.46050381660461426,0.3902398347854614,0.5448487401008606,0.5,0.4934127926826477,0.49929389357566833,0.6810210943222046,0.48585572838783264,0.3107743561267853,0.12968528270721436,0.7232266068458557,0.2929907739162445,0.5,0.5624288320541382,0.5976192355155945,0.3745468854904175,0.5,0.8534926176071167,0.8729090094566345,0.9795845746994019,0.8272614479064941,0.8556666374206543,0.9521833658218384,0.505134642124176,9.214858055114746,0.8114892244338989,0.8534926176071167

31,0.34877872467041016,0.22117647528648376,0.5,0.14422473311424255,0.3684210479259491,0.4943128228187561,0.43867480754852295,0.49298495054244995,0.16507214307785034,0.9088050127029419,0.11675286293029785,0.25062814354896545,0.7603052854537964,0.6275011301040649,0.4996083974838257,0.5870424509048462,0.38027286529541016,0.5,0.5,0.5,0.3079606592655182,0.5465247631072998,0.5481022000312805,0.3043835759162903,0.5,0.5032108426094055,0.33048248291015625,0.4708862006664276,0.41233864426612854,0.5442009568214417,0.5,0.4960784316062927,0.49945157766342163,0.6691604852676392,0.4764631986618042,0.3140292465686798,0.14393801987171173,0.7189078330993652,0.29197055101394653,0.5,0.5669198036193848,0.6332465410232544,0.39693570137023926,0.5,0.8551470637321472,0.8748391270637512,0.9840295910835266,0.8823628425598145,0.851722002029419,0.9430443644523621,0.5042772889137268,9.356735467910767,0.8122110366821289,0.8551470637321472
32,0.3305549919605255,0.2547076344490051,0.5,0.12570533156394958,0.3804705739021301,0.5141549110412598,0.4828471541404724,0.4901290535926819,0.23733621835708618,0.8813962936401367,0.10387268662452698,0.26208412647247314,0.7958371639251709,0.6887273192405701,0.41687172651290894,0.5980684161186218,0.37976470589637756,0.5,0.5,0.5,0.29565122723579407,0.5409491658210754,0.5415024757385254,0.3110693693161011,0.5,0.5110363364219666,0.3254557251930237,0.4649866819381714,0.44758427143096924,0.5130487680435181,0.5,0.49396079778671265,0.49890196323394775,0.6653868556022644,0.4769628643989563,0.30654382705688477,0.1261272132396698,0.7276479005813599,0.2861122786998749,0.5,0.5571921467781067,0.5994054079055786,0.39233317971229553,0.5,0.8617647290229797,0.8782398700714111,0.983616292476654,0.885076105594635,0.8540915846824646,0.9523442983627319,0.5050808787345886,9.19789719581604,0.8311335444450378,0.8617647290229797
33,0.3296675384044647,0.26857948303222656,0.5,0.18262438476085663,0.3256269693374634,0.4912543296813965,0.4439742863178253,0.5123578906059265,0.18316598236560822,0.922147274017334,0.1314881592988968,0.28477340936660767,0.816525936126709,0.6067444682121277,0.45791536569595337,0.7213166356086731,0.3780200779438019,0.5,0.5,0.5,0.3079790472984314,0.5413224101066589,0.5330424308776855,0.319099098443985,0.5,0.5108813047409058,0.3244594931602478,0.442872017621994,0.3746025860309601,0.5252509117126465,0.5,0.4962370693683624,0.49984341859817505,0.6767194867134094,0.46164706349372864,0.31085193157196045,0.16496168076992035,0.676446795463562,0.3054807484149933,0.5,0.5661019086837769,0.6121789813041687,0.3838791251182556,0.5,0.871874988079071,0.8810431957244873,0.9772745370864868,0.8736498951911926,0.8597545623779297,0.9482420682907104,0.5064775943756104,9.178690671920776,0.8358278274536133,0.871874988079071

34,0.3497721254825592,0.2417302131652832,0.5,0.20425298810005188,0.3348221182823181,0.42704856395721436,0.46932661533355713,0.4508761763572693,0.2189321666955948,0.8897689580917358,0.1376391351222992,0.2849968671798706,0.7046476602554321,0.516771137714386,0.4630175530910492,0.6942964792251587,0.3919491469860077,0.5,0.5,0.5,0.31814566254615784,0.5346682071685791,0.5318089723587036,0.29662027955055237,0.5,0.49951425194740295,0.33685731887817383,0.3970918357372284,0.34150704741477966,0.5159302353858948,0.5,0.49984320998191833,0.499843031167984,0.6761693358421326,0.45958247780799866,0.3116367757320404,0.1706179827451706,0.6908413171768188,0.3087395131587982,0.5,0.5841569900512695,0.6117879748344421,0.40649762749671936,0.5,0.8577206134796143,0.8835937976837158,0.9837896823883057,0.9268071055412292,0.851119339466095,0.9458624124526978,0.5058778524398804,9.144753694534302,0.8527188301086426,0.8577206134796143
35,0.3463633060455322,0.1862437129020691,0.5,0.198729008436203,0.3629019558429718,0.5188244581222534,0.44913792610168457,0.5106488466262817,0.20282351970672607,0.9037407636642456,0.16347812116146088,0.32706472277641296,0.823310375213623,0.5392442941665649,0.4540092647075653,0.7601568698883057,0.391092985868454,0.5,0.5,0.5,0.3193838596343994,0.530167818069458,0.5198045372962952,0.29689088463783264,0.5,0.501205563545227,0.32748016715049744,0.3870384097099304,0.38490360975265503,0.5529067516326904,0.5,0.49694550037384033,0.4997648298740387,0.679086446762085,0.4818766713142395,0.31328460574150085,0.14470355212688446,0.7340220212936401,0.3103775084018707,0.5,0.5883936285972595,0.6112124919891357,0.39908257126808167,0.5,0.8551470637321472,0.8855698108673096,0.9823950529098511,0.9120787382125854,0.8522093296051025,0.9497696757316589,0.5077663064002991,9.206127166748047,0.8378257751464844,0.8551470637321472
36,0.3370554447174072,0.3087031841278076,0.5,0.2029019594192505,0.383299320936203,0.48760122060775757,0.4601898193359375,0.4774123430252075,0.21483542025089264,0.9254468679428101,0.16222362220287323,0.33798620104789734,0.8189678192138672,0.5160863995552063,0.5354203581809998,0.631560206413269,0.41412004828453064,0.5,0.5,0.5,0.31549644470214844,0.5428004264831543,0.5317129492759705,0.3454012870788574,0.5,0.5010544061660767,0.3319909870624542,0.41122186183929443,0.33967894315719604,0.5630728006362915,0.5,0.4964733421802521,0.4987449049949646,0.6771620512008667,0.4804460406303406,0.31660598516464233,0.1297348439693451,0.6970096826553345,0.31133654713630676,0.5,0.5659783482551575,0.6145524978637695,0.4035488963127136,0.5,0.8615809082984924,0.8903952240943909,0.9803004264831543,0.9327598810195923,0.8521565198898315,0.9493143558502197,0.5106861591339111,9.05812406539917,0.8358377814292908,0.8615809082984924
37,0.3362150192260742,0.4151420295238495,0.5,0.15323086082935333,0.3954181671142578,0.42734307050704956,0.446238249540329,0.45823749899864197,0.22213509678840637,0.9138849973678589,0.13870158791542053,0.33375099301338196,0.7332942485809326,0.49356862902641296,0.4548235237598419,0.6766402721405029,0.40719547867774963,0.5,0.5,0.5,0.30167824029922485,0.544904887676239,0.550527036190033,0.3306809663772583,0.5,0.5007851719856262,0.31791719794273376,0.43560171127319336,0.4104924201965332,0.5592359900474548,0.5,0.4942772090435028,0.49819493293762207,0.6483479142189026,0.47372961044311523,0.3086811602115631,0.11125164479017258,0.6953125,0.2826843857765198,0.5,0.5609668493270874,0.5492684245109558,0.410683274269104,0.5,0.8601102828979492,0.894806981086731,0.9830530285835266,0.9413489103317261,0.8643687963485718,0.954483151435852,0.5105920433998108,8.941675186157227,0.8182636499404907,0.8601102828979492
38,0.33592379093170166,0.21450980007648468,0.5,0.17756350338459015,0.3650980293750763,0.5137879848480225,0.45140305161476135,0.5122915506362915,0.18510104715824127,0.8453027606010437,0.1952941119670868,0.32867899537086487,0.8338038921356201,0.5108373165130615,0.5217366218566895,0.8133687376976013,0.39355698227882385,0.5,0.5,0.5,0.3113628625869751,0.5470844507217407,0.5433375835418701,0.30017590522766113,0.5,0.5014445781707764,0.31555914878845215,0.4376726746559143,0.35192248225212097,0.490601509809494,0.5,0.49874332547187805,0.499529629945755,0.6934899091720581,0.47811079025268555,0.3008093535900116,0.1402759850025177,0.6763831973075867,0.31436464190483093,0.5,0.5749143362045288,0.5794894099235535,0.40368205308914185,0.5,0.8595588207244873,0.892302393913269,0.9849575757980347,0.935918927192688,0.8534038662910461,0.9452663660049438,0.510317862033844,9.043605089187622,0.8309541940689087,0.8595588207244873
39,0.32461249828338623,0.19406358897686005,0.5,0.22728696465492249,0.40603920817375183,0.4243501126766205,0.48441383242607117,0.4384933114051819,0.22274908423423767,0.8432663679122925,0.19741378724575043,0.3998902440071106,0.774519145488739,0.6071372628211975,0.4014117419719696,0.5879724025726318,0.424042671918869,0.5,0.5,0.5,0.31533026695251465,0.540561854839325,0.523759663105011,0.27459678053855896,0.5,0.4997583031654358,0.32919707894325256,0.38572025299072266,0.27460214495658875,0.5262122750282288,0.5,0.4938909709453583,0.4992940127849579,0.6877537965774536,0.493330180644989,0.3141719698905945,0.14826224744319916,0.690788745880127,0.2945552468299866,0.5,0.5901199579238892,0.6600525379180908,0.4172985851764679,0.5,0.8659926652908325,0.8991727828979492,0.9794504046440125,0.983320951461792,0.8612159490585327,0.9511173367500305,0.5113592743873596,9.057924747467041,0.8538803458213806,0.8659926652908325
40,0.3276026248931885,0.32738637924194336,0.5,0.18426825106143951,0.4040483236312866,0.5637732744216919,0.4867117404937744,0.48441416025161743,0.2112254500389099,0.8778533935546875,0.2137254923582077,0.4186539053916931,0.7254025340080261,0.613814115524292,0.34539473056793213,0.6378092765808105,0.4770980477333069,0.5,0.5,0.5,0.31068822741508484,0.5393373966217041,0.5349032878875732,0.3299762010574341,0.5,0.5157395005226135,0.31538087129592896,0.4306543469429016,0.3275841772556305,0.5363892912864685,0.5,0.4716123044490814,0.49858933687210083,0.7329155206680298,0.4957640469074249,0.30195578932762146,0.1150893121957779,0.6590110659599304,0.2942938208580017,0.5,0.5830920338630676,0.5592508316040039,0.3889944553375244,0.5,0.8650735020637512,0.8968290090560913,0.9810962677001953,0.9681903123855591,0.8600890636444092,0.955025315284729,0.5098510384559631,9.093119621276855,0.8481424450874329,0.8650735020637512

41,0.32890287041664124,0.30052852630615234,0.5,0.24224284291267395,0.40003132820129395,0.5572720766067505,0.50019770860672,0.4244704842567444,0.3654448688030243,0.8612462282180786,0.24043887853622437,0.38899341225624084,0.7254055738449097,0.5567215085029602,0.3999154567718506,0.6490939259529114,0.4292090833187103,0.5,0.5,0.5,0.31421026587486267,0.5443519949913025,0.5334315896034241,0.30861425399780273,0.5,0.49951574206352234,0.3230409622192383,0.4034833014011383,0.3492037057876587,0.5056532621383667,0.5,0.4947516918182373,0.4990585148334503,0.674721896648407,0.49670588970184326,0.30827248096466064,0.1504611372947693,0.6657449007034302,0.3218201696872711,0.5,0.5900945067405701,0.5891088843345642,0.41689029335975647,0.5,0.8626838326454163,0.899494469165802,0.9834069013595581,0.9642553329467773,0.860292375087738,0.9516483545303345,0.514136016368866,8.990478754043579,0.8282789587974548,0.8626838326454163
42,0.31990155577659607,0.2994661331176758,0.5,0.23224087059497833,0.39401066303253174,0.5263438820838928,0.45293378829956055,0.5298508405685425,0.25405165553092957,0.818416953086853,0.27182260155677795,0.37631291151046753,0.8083987236022949,0.4940429627895355,0.4509909451007843,0.6506145596504211,0.43972688913345337,0.5,0.5,0.5,0.3131641447544098,0.5377693176269531,0.5470165014266968,0.28590694069862366,0.5,0.4998382329940796,0.3295583128929138,0.39126676321029663,0.33286887407302856,0.47996196150779724,0.5,0.4834613502025604,0.5,0.6701734066009521,0.4895817041397095,0.30583837628364563,0.15365159511566162,0.6786518096923828,0.3126682639122009,0.5,0.5976321697235107,0.6367433071136475,0.41619184613227844,0.5,0.8709558844566345,0.9008042216300964,0.9786235094070435,0.9653921127319336,0.8641328811645508,0.9513393640518188,0.5139586925506592,8.993654012680054,0.8308988809585571,0.8709558844566345
43,0.3124898374080658,0.2567843198776245,0.5,0.19374313950538635,0.40500783920288086,0.37300217151641846,0.4499373137950897,0.4226576089859009,0.20556452870368958,0.8785363435745239,0.2530970573425293,0.3314518630504608,0.7505437135696411,0.5381960868835449,0.363415390253067,0.5200821161270142,0.39597368240356445,0.5,0.5,0.5,0.3123709559440613,0.5434218049049377,0.5507212281227112,0.2961074113845825,0.5,0.5,0.31918519735336304,0.3648582696914673,0.34782928228378296,0.49472561478614807,0.5,0.4757053256034851,0.49968641996383667,0.6896902322769165,0.4941047132015228,0.3005395233631134,0.14211206138134003,0.7114130258560181,0.300411194562912,0.5,0.5747157335281372,0.6300395727157593,0.43909952044487,0.5,0.8722426295280457,0.8992877006530762,0.981981098651886,0.9678860902786255,0.8578104376792908,0.9498124122619629,0.5108357667922974,9.104804039001465,0.8433579802513123,0.8722426295280457
44,0.32011109590530396,0.34577488899230957,0.5,0.2145545780658722,0.39292436838150024,0.36670130491256714,0.4691319465637207,0.48794984817504883,0.20915497839450836,0.8477635383605957,0.28654420375823975,0.3639429211616516,0.7353249788284302,0.5202038884162903,0.3829365074634552,0.5378105044364929,0.39049261808395386,0.5,0.5,0.5,0.311992347240448,0.5463523864746094,0.5287388563156128,0.2815570533275604,0.5,0.5,0.31670159101486206,0.4002942144870758,0.3460196256637573,0.5072858333587646,0.5,0.49898087978363037,0.4998433291912079,0.6211738586425781,0.49364805221557617,0.3020833432674408,0.162637397646904,0.7001907229423523,0.31949716806411743,0.5,0.5973297357559204,0.6136459112167358,0.4115372598171234,0.5,0.8687499761581421,0.9015165567398071,0.984375,0.9809926748275757,0.8669817447662354,0.9558904767036438,0.5150650143623352,8.907043933868408,0.867285430431366,0.8687499761581421
45,0.31470203399658203,0.2975991666316986,0.5,0.2205674797296524,0.390666663646698,0.3697885274887085,0.46870097517967224,0.49811509251594543,0.18288668990135193,0.8127349615097046,0.2885158360004425,0.328205943107605,0.7688989639282227,0.4836181104183197,0.41006726026535034,0.5650469064712524,0.3989970088005066,0.5,0.5,0.5,0.31349459290504456,0.5336979627609253,0.5398250818252563,0.29389458894729614,0.5,0.5,0.32728299498558044,0.3643711805343628,0.3441498279571533,0.5084950923919678,0.5,0.4992934465408325,0.5,0.7030307054519653,0.4832810163497925,0.30715498328208923,0.1722695678472519,0.6931794881820679,0.31569400429725647,0.5,0.5875070691108704,0.5876861810684204,0.41555872559547424,0.5,0.8746323585510254,0.9007352590560913,0.9843922853469849,0.9742729663848877,0.8680429458618164,0.9466625452041626,0.5140331387519836,8.967745304107666,0.8608705401420593,0.8746323585510254
46,0.32470789551734924,0.3065688908100128,0.5,0.21957339346408844,0.40653911232948303,0.39592882990837097,0.45025891065597534,0.5341498851776123,0.21190811693668365,0.8346166014671326,0.25921568274497986,0.3711574673652649,0.7593472003936768,0.5077412128448486,0.4588143825531006,0.6385400295257568,0.42721718549728394,0.5,0.5,0.5,0.3181818127632141,0.5336819887161255,0.5424612164497375,0.2826957702636719,0.4997578263282776,0.5,0.33587661385536194,0.37230804562568665,0.3812682032585144,0.5413268804550171,0.5,0.4916875660419464,0.5,0.6665791273117065,0.4878412187099457,0.31544211506843567,0.1484375,0.7166351675987244,0.29473018646240234,0.5,0.5952794551849365,0.5542311668395996,0.4192350208759308,0.5,0.8681985139846802,0.8994255065917969,0.9816979169845581,0.9869723320007324,0.8603989481925964,0.9427288174629211,0.5150766968727112,9.09334397315979,0.8523492217063904,0.8681985139846802
47,0.30899107456207275,0.2636706531047821,0.5,0.19380392134189606,0.41521570086479187,0.48009541630744934,0.46424177289009094,0.5042293071746826,0.2721271514892578,0.8329150676727295,0.24384699761867523,0.35999685525894165,0.5945714116096497,0.5820329785346985,0.4306541383266449,0.5215775370597839,0.4473189115524292,0.5,0.5,0.5,0.3102378845214844,0.5463747382164001,0.5444983839988708,0.32139259576797485,0.4999191462993622,0.4999191164970398,0.31861555576324463,0.3739975094795227,0.3383951485157013,0.5225555896759033,0.5,0.48596739768981934,0.5,0.6932975053787231,0.4896519184112549,0.30212631821632385,0.1223047524690628,0.7086814641952515,0.2926463484764099,0.5,0.5506628751754761,0.5981597900390625,0.4400506317615509,0.5,0.8735294342041016,0.9029871225357056,0.9844356775283813,0.9937604665756226,0.8703941106796265,0.9581446647644043,0.5122491121292114,9.38868761062622,0.8554826974868774,0.8735294342041016
48,0.3051201403141022,0.2568356990814209,0.5,0.2808627486228943,0.3997963070869446,0.39783775806427,0.44936510920524597,0.5026476383209229,0.20490902662277222,0.851970911026001,0.2862182557582855,0.3662799894809723,0.6955317854881287,0.5518098473548889,0.42768529057502747,0.5815083980560303,0.45956745743751526,0.5,0.5,0.5,0.317117840051651,0.5270353555679321,0.5277398228645325,0.2971867322921753,0.5,0.4998382031917572,0.3420584797859192,0.3618885278701782,0.3082258105278015,0.3638431429862976,0.5,0.48456111550331116,0.5,0.6817284822463989,0.4846394956111908,0.3123507797718048,0.19036374986171722,0.7089898586273193,0.3024798631668091,0.5,0.6001353859901428,0.5552747845649719,0.4334913194179535,0.5,0.8772059082984924,0.9027343988418579,0.9878952503204346,0.971808671951294,0.8685626983642578,0.9538663625717163,0.5099025368690491,9.241365909576416,0.8679470419883728,0.8772059082984924
49,0.307000070810318,0.31060463190078735,0.5,0.24850863218307495,0.4087774157524109,0.5129411816596985,0.48181581497192383,0.4725229740142822,0.25334957242012024,0.8579153418540955,0.29250314831733704,0.4082561731338501,0.7353094816207886,0.5206896662712097,0.46550580859184265,0.7992139458656311,0.4751177430152893,0.5,0.5,0.5,0.3031771183013916,0.5257093906402588,0.5034810900688171,0.28950008749961853,0.5,0.5080603361129761,0.32914450764656067,0.31767380237579346,0.299526572227478,0.5381935238838196,0.5,0.48385268449783325,0.4999215602874756,0.73301100730896,0.49623411893844604,0.3033645451068878,0.1524525284767151,0.7235366106033325,0.32117414474487305,0.5,0.5901827216148376,0.6207586526870728,0.4042787551879883,0.5,0.8727940917015076,0.9032628536224365,0.9827628135681152,0.9883062839508057,0.8691208362579346,0.9558424949645996,0.5127785205841064,9.102831602096558,0.8681163191795349,0.8727940917015076
50,0.3124120235443115,0.3768467903137207,0.5,0.20540201663970947,0.39813363552093506,0.4975762367248535,0.48408591747283936,0.5351349115371704,0.20438364148139954,0.8064519762992859,0.3015512526035309,0.36798369884490967,0.727100133895874,0.4981188178062439,0.40549346804618835,0.6050956845283508,0.45684921741485596,0.5,0.5,0.5,0.3059879243373871,0.5312268733978271,0.5349516272544861,0.29177212715148926,0.5,0.5,0.30427074432373047,0.37959516048431396,0.3511231541633606,0.5345097780227661,0.5,0.4810166358947754,0.5,0.6758392453193665,0.4954502582550049,0.29493430256843567,0.14859431982040405,0.7062464952468872,0.33387115597724915,0.5,0.5622502565383911,0.5318690538406372,0.41490036249160767,0.5,0.8742647171020508,0.9025505781173706,0.979906439781189,0.9703000783920288,0.8666864633560181,0.9538087248802185,0.5139126777648926,8.991150379180908,0.8625068664550781,0.8742647171020508

51,0.30984681844711304,0.28981727361679077,0.5,0.26445531845092773,0.41698023676872253,0.5617863535881042,0.4847484230995178,0.5058823227882385,0.20897340774536133,0.8599435091018677,0.3376215994358063,0.4265904128551483,0.7348666191101074,0.5285683274269104,0.37591490149497986,0.7465610504150391,0.4808867275714874,0.5,0.5,0.5,0.30232980847358704,0.503533124923706,0.5186154842376709,0.29853683710098267,0.5,0.5,0.3292171061038971,0.3037427067756653,0.3110327124595642,0.4604376554489136,0.5,0.4798494577407837,0.5,0.5556693077087402,0.4992162883281708,0.3063698410987854,0.15771542489528656,0.7090581655502319,0.3273085951805115,0.5,0.6098101139068604,0.6103283166885376,0.4003162086009979,0.5,0.8740808963775635,0.9031479954719543,0.9841348528862,0.9710409641265869,0.8717500567436218,0.9548343420028687,0.5160552859306335,9.231915473937988,0.8740476965904236,0.8740808963775635
52,0.3148289918899536,0.2619782090187073,0.5,0.2665882408618927,0.41495370864868164,0.5433663725852966,0.48409339785575867,0.4489284157752991,0.2655300796031952,0.7690988779067993,0.368986040353775,0.3944104313850403,0.7427030801773071,0.5059401392936707,0.44281721115112305,0.7224688529968262,0.4929456114768982,0.5,0.5,0.5,0.3071758449077606,0.5212122201919556,0.5035838484764099,0.3256124258041382,0.5,0.5,0.3391213119029999,0.2656174302101135,0.3168858289718628,0.33176690340042114,0.5,0.48518577218055725,0.5,0.6328097581863403,0.49866604804992676,0.3107914924621582,0.15725359320640564,0.7299593687057495,0.3325170874595642,0.5,0.606360673904419,0.5698482990264893,0.41608723998069763,0.5,0.8709558844566345,0.9020220637321472,0.986743152141571,0.9767380952835083,0.8641456365585327,0.9563373327255249,0.5143316984176636,9.037063598632812,0.860191285610199,0.8709558844566345
53,0.30249232053756714,0.17255961894989014,0.5,0.2848864495754242,0.4201785922050476,0.37379759550094604,0.46847057342529297,0.49509358406066895,0.19363436102867126,0.8327884078025818,0.3427406847476959,0.40562185645103455,0.5702301263809204,0.47931358218193054,0.3728853464126587,0.5307819843292236,0.49709850549697876,0.5,0.5,0.5,0.31523293256759644,0.48343098163604736,0.546098530292511,0.28836706280708313,0.5,0.5,0.34447672963142395,0.28480297327041626,0.27225807309150696,0.49121567606925964,0.5,0.4719083607196808,0.5,0.6971151828765869,0.4974142014980316,0.3168969452381134,0.1922813057899475,0.6884570121765137,0.2986561357975006,0.5,0.5940448045730591,0.5661598443984985,0.43186482787132263,0.5,0.873161792755127,0.9049862623214722,0.9801182746887207,0.9822022318840027,0.8759604692459106,0.9537674188613892,0.5194939374923706,9.326811790466309,0.855418860912323,0.873161792755127
54,0.30844563245773315,0.23670588433742523,0.5,0.2525870203971863,0.4195798635482788,0.40570351481437683,0.48033222556114197,0.43745431303977966,0.1687813252210617,0.8394268751144409,0.3435933589935303,0.3968166708946228,0.7780392169952393,0.51457679271698,0.40231597423553467,0.5694901943206787,0.49201253056526184,0.5,0.5,0.5,0.30360546708106995,0.5398358106613159,0.48970434069633484,0.2863275408744812,0.5,0.5,0.33190351724624634,0.29488956928253174,0.2853226065635681,0.47741174697875977,0.5,0.5173635482788086,0.5,0.6040083765983582,0.4980376660823822,0.3142291307449341,0.15258920192718506,0.716062068939209,0.31332066655158997,0.5,0.5868313908576965,0.578926682472229,0.4480990767478943,0.5,0.8716911673545837,0.9056755304336548,0.9808681011199951,0.9964650869369507,0.8752247095108032,0.9485102891921997,0.5191895961761475,9.0934157371521,0.8603273630142212,0.8716911673545837
55,0.2958669662475586,0.3191666901111603,0.5,0.22712315618991852,0.4047805666923523,0.568608283996582,0.4829697012901306,0.5400097966194153,0.3019460141658783,0.8244091272354126,0.3366018235683441,0.35385337471961975,0.6838207840919495,0.4911400377750397,0.43317002058029175,0.5082736015319824,0.4743649959564209,0.5,0.5,0.5,0.31885388493537903,0.5246038436889648,0.5228068828582764,0.28728199005126953,0.5,0.5,0.31887465715408325,0.339388370513916,0.34248217940330505,0.5602388381958008,0.5,0.5073978304862976,0.5,0.6880670785903931,0.4944366216659546,0.3030759394168854,0.15673288702964783,0.724204421043396,0.31746283173561096,0.5,0.5806129574775696,0.5729406476020813,0.44971537590026855,0.5,0.883088231086731,0.9051240682601929,0.9863683581352234,0.9829354286193848,0.8763824701309204,0.9497004151344299,0.522907555103302,8.978098630905151,0.8809999823570251,0.883088231086731

56,0.3062794804573059,0.24095796048641205,0.5,0.24313963949680328,0.41241562366485596,0.4623306691646576,0.4866771101951599,0.4944711923599243,0.1984313726425171,0.7563247084617615,0.3270317018032074,0.3624960780143738,0.813172459602356,0.4934210479259491,0.46967586874961853,0.5541889071464539,0.4917711615562439,0.5,0.5,0.5,0.3163994252681732,0.5426921844482422,0.5212246179580688,0.28680309653282166,0.5,0.5,0.3260623812675476,0.3268190622329712,0.3255319595336914,0.5472866892814636,0.5,0.475787490606308,0.5,0.7136399745941162,0.4925455152988434,0.304351270198822,0.15311267971992493,0.7265537977218628,0.32297760248184204,0.5,0.5831625461578369,0.5348044633865356,0.45161035656929016,0.5,0.8713235259056091,0.9061120748519897,0.9830595850944519,0.9752413034439087,0.8753464221954346,0.9532350301742554,0.5164007544517517,9.172271013259888,0.8604168891906738,0.8713235259056091
57,0.29558464884757996,0.27848097681999207,0.5,0.25301581621170044,0.4272855222225189,0.5070577263832092,0.4789316952228546,0.5710325241088867,0.25866666436195374,0.7249627113342285,0.35327792167663574,0.435822993516922,0.724764883518219,0.49065640568733215,0.38200801610946655,0.6267451047897339,0.49694404006004333,0.5,0.5,0.5,0.3089955449104309,0.4901129901409149,0.4506533741950989,0.3028746247291565,0.4999191164970398,0.5,0.3305344879627228,0.25081107020378113,0.3106592893600464,0.39184314012527466,0.5,0.512992799282074,0.5,0.5977234840393066,0.4988239109516144,0.31166771054267883,0.12968824803829193,0.7038373947143555,0.31911370158195496,0.5,0.5672200322151184,0.5860528349876404,0.43080320954322815,0.5,0.882536768913269,0.9064568281173706,0.9778350591659546,0.9664269685745239,0.877455472946167,0.9599915742874146,0.5259503722190857,9.010808944702148,0.8669365048408508,0.882536768913269
58,0.31179875135421753,0.2767973840236664,0.5,0.23479624092578888,0.4255252480506897,0.40861040353775024,0.47883015871047974,0.5312695503234863,0.3501957654953003,0.812706708908081,0.3594386875629425,0.4113130569458008,0.7479825019836426,0.4874509871006012,0.37047484517097473,0.5942108631134033,0.48330196738243103,0.5,0.5,0.5,0.29809027910232544,0.49172359704971313,0.46449342370033264,0.3226671516895294,0.5,0.5,0.33295783400535583,0.30443549156188965,0.2780289649963379,0.41470617055892944,0.5,0.5179233551025391,0.5,0.5890854597091675,0.497332900762558,0.307251900434494,0.12114746123552322,0.6706959009170532,0.31087714433670044,0.5,0.6046038866043091,0.5675866603851318,0.4486165940761566,0.5,0.873161792755127,0.906525731086731,0.9881917238235474,0.9886428117752075,0.8750838041305542,0.9499346017837524,0.5312119126319885,8.922593355178833,0.8663115501403809,0.873161792755127
59,0.2983211278915405,0.19828101992607117,0.5,0.2509019672870636,0.4288627505302429,0.396968275308609,0.4650816023349762,0.4915868639945984,0.31032097339630127,0.7214947938919067,0.3536202311515808,0.4293997883796692,0.6594123840332031,0.48973676562309265,0.37276574969291687,0.5287324786186218,0.4887058734893799,0.5,0.5,0.5,0.2949104309082031,0.5274193286895752,0.4650464653968811,0.2844468951225281,0.5,0.5,0.331282377243042,0.2805078625679016,0.2668440341949463,0.45587775111198425,0.5,0.48815128207206726,0.5,0.513623833656311,0.49811676144599915,0.3090807795524597,0.1592845916748047,0.6979124546051025,0.3227898180484772,0.5,0.5937102437019348,0.5739918947219849,0.44689077138900757,0.5,0.877573549747467,0.9083869457244873,0.9795272350311279,0.9897955060005188,0.880663275718689,0.9615346193313599,0.5178680419921875,9.444645881652832,0.8700464367866516,0.877573549747467
60,0.2851278781890869,0.09889855980873108,0.5,0.2868697941303253,0.4308694303035736,0.46800100803375244,0.46702176332473755,0.39251017570495605,0.2190268188714981,0.7955875992774963,0.3872510492801666,0.44495052099227905,0.683555006980896,0.5117520093917847,0.3771764636039734,0.578580379486084,0.498823344707489,0.5,0.5,0.5,0.29641592502593994,0.4504270851612091,0.4756186306476593,0.2843960225582123,0.4992753565311432,0.5,0.3429471552371979,0.25869977474212646,0.28083258867263794,0.31749019026756287,0.5,0.4954488277435303,0.5,0.47916775941848755,0.4995298683643341,0.32207420468330383,0.17278340458869934,0.6681838035583496,0.3335701823234558,0.5,0.623508870601654,0.5709354281425476,0.44333964586257935,0.5,0.8871323466300964,0.9093290567398071,0.9789309501647949,0.973028302192688,0.8889408111572266,0.9614473581314087,0.5355455875396729,9.196281433105469,0.8793485760688782,0.8871323466300964

61,0.3055715560913086,0.15356478095054626,0.5,0.29663944244384766,0.4281117618083954,0.3967495262622833,0.47693032026290894,0.538507342338562,0.28355157375335693,0.7706657648086548,0.41798651218414307,0.43654781579971313,0.8075283765792847,0.49717822670936584,0.4534713625907898,0.6132109761238098,0.4993722438812256,0.5,0.5,0.5,0.30363377928733826,0.48670071363449097,0.4392986595630646,0.29250210523605347,0.5,0.5,0.3413843512535095,0.2570185363292694,0.26904386281967163,0.353281170129776,0.5,0.4956064522266388,0.5,0.5606697201728821,0.4969416558742523,0.31800827383995056,0.19369114935398102,0.6807154417037964,0.34378454089164734,0.5,0.6379033923149109,0.5655233263969421,0.43732282519340515,0.5,0.8742647171020508,0.9076286554336548,0.9834809303283691,0.980452299118042,0.8816211223602295,0.9451905488967896,0.5321133732795715,9.200932502746582,0.8611919283866882,0.8742647171020508
62,0.30301252007484436,0.10572565346956253,0.5,0.27708104252815247,0.4213905334472656,0.44468164443969727,0.4796958267688751,0.46867167949676514,0.22554661333560944,0.820917010307312,0.40239888429641724,0.4403885304927826,0.8332662582397461,0.5221635103225708,0.3954545557498932,0.5532416105270386,0.4997645616531372,0.5,0.5,0.5,0.30399566888809204,0.5034677386283875,0.46629276871681213,0.2906149625778198,0.5,0.5,0.33908045291900635,0.27953726053237915,0.25839316844940186,0.37070995569229126,0.5,0.4947475790977478,0.5,0.5103469491004944,0.4969411790370941,0.3135216534137726,0.1562807261943817,0.6923096776008606,0.33515265583992004,0.5,0.6144921183586121,0.5860351324081421,0.43140509724617004,0.5,0.8779411911964417,0.9079043865203857,0.9827871918678284,0.9698004722595215,0.8848893642425537,0.9592737555503845,0.5277676582336426,9.070730209350586,0.8641912341117859,0.8779411911964417
63,0.2939034700393677,0.07838624715805054,0.5,0.29060834646224976,0.4268694221973419,0.47679460048675537,0.4700392186641693,0.518484890460968,0.24146905541419983,0.867559552192688,0.4006752371788025,0.4452194273471832,0.771664023399353,0.5476950407028198,0.389854371547699,0.524132251739502,0.49921557307243347,0.5,0.5,0.5,0.2975756525993347,0.4561271071434021,0.41634857654571533,0.27264150977134705,0.5,0.5,0.3375241756439209,0.24247154593467712,0.26159438490867615,0.2814837396144867,0.5,0.49003610014915466,0.5,0.4774702787399292,0.49843111634254456,0.31627464294433594,0.16615524888038635,0.6961430311203003,0.329590380191803,0.5,0.603815495967865,0.5806537866592407,0.4179316759109497,0.5,0.8841911554336548,0.908363938331604,0.9857696294784546,0.9780783653259277,0.8777668476104736,0.9567540884017944,0.5269769430160522,9.183218002319336,0.874748170375824,0.8841911554336548
64,0.3059384524822235,0.24511873722076416,0.5,0.28835606575012207,0.42693814635276794,0.4853094816207886,0.4788268506526947,0.46146607398986816,0.2648758292198181,0.7991624474525452,0.4197017252445221,0.4367654025554657,0.7238408327102661,0.5306645631790161,0.37768375873565674,0.6550588011741638,0.4996078312397003,0.5,0.5,0.5,0.3005395233631134,0.48211491107940674,0.43522465229034424,0.27761414647102356,0.5,0.5,0.3386887311935425,0.2765050530433655,0.29033905267715454,0.41061216592788696,0.5,0.4989017844200134,0.5,0.5072156190872192,0.4960728883743286,0.3178860545158386,0.162194162607193,0.663915753364563,0.34250038862228394,0.5,0.6082084774971008,0.6147241592407227,0.4208241105079651,0.5,0.8738970756530762,0.9077435731887817,0.9842451214790344,0.9900764226913452,0.8821566104888916,0.9574170112609863,0.5239637494087219,9.314491510391235,0.8585140109062195,0.8738970756530762
65,0.3067168593406677,0.3952156901359558,0.5,0.2596048414707184,0.4348815381526947,0.4496907591819763,0.4745922088623047,0.5052549242973328,0.31382250785827637,0.8483136892318726,0.3843681514263153,0.42308294773101807,0.6695705652236938,0.4937254786491394,0.4211761951446533,0.6101639270782471,0.49796172976493835,0.5,0.5,0.5,0.2954581677913666,0.49989262223243713,0.4814531207084656,0.29142898321151733,0.5,0.5,0.3328228294849396,0.30298617482185364,0.2877243161201477,0.34565097093582153,0.5,0.48972710967063904,0.5,0.6052631139755249,0.49764594435691833,0.31462639570236206,0.14049193263053894,0.7193676233291626,0.32086431980133057,0.5,0.6008568406105042,0.5692561864852905,0.4402053654193878,0.5,0.8729779124259949,0.9065027236938477,0.9795898199081421,0.9732962250709534,0.881234884262085,0.9545497894287109,0.528727114200592,9.029927730560303,0.8564203381538391,0.8729779124259949
66,0.29355862736701965,0.382815957069397,0.5,0.27104562520980835,0.42022860050201416,0.4507898688316345,0.4768061339855194,0.5395556688308716,0.286504328250885,0.8360889554023743,0.3937637209892273,0.4058971107006073,0.710512638092041,0.49529707431793213,0.39565011858940125,0.5121902823448181,0.48547881841659546,0.5,0.5,0.5,0.3028976321220398,0.4965021312236786,0.4970235526561737,0.2848590016365051,0.5,0.5,0.33123284578323364,0.2708635926246643,0.281198650598526,0.3876175284385681,0.5,0.4891798794269562,0.5,0.5750821828842163,0.4920709729194641,0.30574512481689453,0.16137941181659698,0.6697225570678711,0.3229347765445709,0.5,0.583476185798645,0.571338415145874,0.4317284822463989,0.5,0.8735294342041016,0.9098345041275024,0.9851226210594177,0.983269214630127,0.8886934518814087,0.9542338848114014,0.5277162194252014,9.096191644668579,0.8639537692070007,0.8735294342041016
67,0.3085695803165436,0.3305681347846985,0.5,0.2780304253101349,0.42927786707878113,0.442187637090683,0.4830614924430847,0.5359718203544617,0.2996147871017456,0.8279551267623901,0.41546425223350525,0.43439409136772156,0.6942221522331238,0.49717867374420166,0.3683631718158722,0.6349448561668396,0.481835275888443,0.5,0.5,0.5,0.29815638065338135,0.45786547660827637,0.455241858959198,0.2862607538700104,0.5,0.5,0.3342456817626953,0.27486908435821533,0.26681551337242126,0.3684912323951721,0.5,0.496310830116272,0.5,0.44055116176605225,0.4992162883281708,0.31559720635414124,0.15453827381134033,0.6905795335769653,0.3281151056289673,0.5,0.5974358320236206,0.5754290819168091,0.4378955662250519,0.5,0.8726102709770203,0.9061121344566345,0.9776495695114136,0.9890252947807312,0.8778078556060791,0.95912766456604,0.5231298208236694,9.143295288085938,0.855494499206543,0.8726102709770203
68,0.2918393611907959,0.15580546855926514,0.5,0.28564706444740295,0.4319285750389099,0.36888715624809265,0.4648614823818207,0.43801847100257874,0.22192052006721497,0.8410980701446533,0.3774310052394867,0.43842172622680664,0.7970067262649536,0.49278995394706726,0.38510972261428833,0.6522740721702576,0.49631717801094055,0.5,0.5,0.5,0.30381256341934204,0.4822249412536621,0.4340958893299103,0.2678028345108032,0.5,0.5,0.34074732661247253,0.29155299067497253,0.2693180441856384,0.34382563829421997,0.5,0.49168628454208374,0.5,0.5000262260437012,0.4986681342124939,0.31314659118652344,0.1507335603237152,0.6837819218635559,0.31280517578125,0.5,0.6010887622833252,0.5338563323020935,0.4255487024784088,0.5,0.8821691274642944,0.9063878655433655,0.9808887839317322,0.9752194881439209,0.8799694776535034,0.9520916938781738,0.5274624228477478,9.056547164916992,0.8674944043159485,0.8821691274642944
69,0.3044000566005707,0.3849545121192932,0.5,0.27478042244911194,0.42112278938293457,0.5158208012580872,0.49278318881988525,0.5821176767349243,0.2785143256187439,0.8245916962623596,0.45599308609962463,0.43785223364830017,0.8162760734558105,0.499843031167984,0.405329167842865,0.7105799317359924,0.49584507942199707,0.5,0.5,0.5,0.2997145652770996,0.4871717691421509,0.45032697916030884,0.2894696891307831,0.5,0.5,0.3251657783985138,0.2859145998954773,0.2840982675552368,0.39799684286117554,0.5,0.49968621134757996,0.5,0.48617011308670044,0.499372661113739,0.3034806251525879,0.18125024437904358,0.7119476795196533,0.36944136023521423,0.5,0.6104224324226379,0.6261737942695618,0.414792537689209,0.5,0.8715073466300964,0.9073529243469238,0.9815595746040344,0.9888598918914795,0.8824049234390259,0.9524965286254883,0.5315672159194946,9.15369439125061,0.8656522631645203,0.8715073466300964
70,0.2908986806869507,0.16826118528842926,0.5,0.30678072571754456,0.4318181872367859,0.39224252104759216,0.4674236476421356,0.3367256820201874,0.20210261642932892,0.7996553778648376,0.4204634428024292,0.44624078273773193,0.5130035281181335,0.542813241481781,0.37631291151046753,0.5052926540374756,0.49655064940452576,0.5,0.5,0.5,0.31399741768836975,0.41447439789772034,0.4416293501853943,0.2875901460647583,0.5,0.5,0.35044389963150024,0.24877126514911652,0.2667989134788513,0.39808136224746704,0.5,0.48698854446411133,0.5,0.5085525512695312,0.4994504749774933,0.32510319352149963,0.18011049926280975,0.6564706563949585,0.3115208148956299,0.5,0.6440801620483398,0.5841479301452637,0.4358364939689636,0.5,0.8795955777168274,0.9097425937652588,0.9846680164337158,0.9833115935325623,0.8872694969177246,0.9611191749572754,0.5315763354301453,9.010403156280518,0.8676150441169739,0.8795955777168274

71,0.3049233555793762,0.30366477370262146,0.5,0.2638431489467621,0.44189146161079407,0.5192385315895081,0.46340125799179077,0.5143687129020691,0.3238953649997711,0.7810148000717163,0.40865612030029297,0.44538605213165283,0.6355512142181396,0.6311817169189453,0.438895583152771,0.5578370094299316,0.4897480010986328,0.5,0.5,0.5,0.29436126351356506,0.4613448977470398,0.4242321848869324,0.295101523399353,0.5,0.5,0.3410268723964691,0.28406867384910583,0.2627120316028595,0.369817852973938,0.5,0.4824368953704834,0.5,0.48900726437568665,0.49952998757362366,0.3201461732387543,0.13262490928173065,0.7371450662612915,0.3083536922931671,0.5,0.597075879573822,0.6229125261306763,0.4339384436607361,0.5,0.8784926533699036,0.9075137376785278,0.987866997718811,0.9963734149932861,0.8811109066009521,0.958246111869812,0.5190287828445435,9.159804105758667,0.8722335696220398,0.8784926533699036
72,0.29047447443008423,0.30258139967918396,0.5,0.2832080125808716,0.4255835711956024,0.4660392105579376,0.4814930856227875,0.5204742550849915,0.25789645314216614,0.8490502238273621,0.4372846782207489,0.43793103098869324,0.6690438985824585,0.5296835899353027,0.39737752079963684,0.5949673652648926,0.47857141494750977,0.5,0.5,0.5,0.30157092213630676,0.43895643949508667,0.4532572627067566,0.29414159059524536,0.5,0.5,0.3379838764667511,0.26537418365478516,0.23348647356033325,0.31900307536125183,0.5,0.4899623692035675,0.5,0.4418652653694153,0.49960798025131226,0.316093772649765,0.15643395483493805,0.6405063271522522,0.33323734998703003,0.5,0.5929451584815979,0.5518909096717834,0.42637068033218384,0.5,0.8836396932601929,0.9088464975357056,0.9865822792053223,0.9907482266426086,0.8824353814125061,0.9617043733596802,0.5244402885437012,9.06234097480774,0.8815836310386658,0.8836396932601929
73,0.2786264419555664,0.2915419638156891,0.5,0.29377156496047974,0.41618362069129944,0.44706466794013977,0.480530709028244,0.5839089155197144,0.243288055062294,0.8186701536178589,0.43520841002464294,0.41588273644447327,0.6836415529251099,0.5956147313117981,0.4060794711112976,0.5798419713973999,0.47694841027259827,0.5,0.5,0.5,0.31460586190223694,0.43705177307128906,0.44797974824905396,0.28633081912994385,0.5,0.5,0.34526127576828003,0.2612365782260895,0.2655832767486572,0.3159749507904053,0.5,0.49419334530830383,0.5,0.44603389501571655,0.4974878430366516,0.3193696439266205,0.18947036564350128,0.6998285055160522,0.3241237699985504,0.5,0.5737112164497375,0.5911898016929626,0.44174450635910034,0.5,0.8851103186607361,0.9102022051811218,0.9860761165618896,0.9897956252098083,0.8894665241241455,0.95867520570755,0.5297276377677917,9.166465520858765,0.8733707666397095,0.8851103186607361
74,0.2891353964805603,0.35325491428375244,0.5,0.2576518654823303,0.4310128688812256,0.4184153974056244,0.47882020473480225,0.486626535654068,0.21003922820091248,0.7667266130447388,0.4134494662284851,0.408328115940094,0.7156499624252319,0.4905172288417816,0.45809394121170044,0.5611879825592041,0.48894116282463074,0.5,0.5,0.5,0.307087242603302,0.4280790388584137,0.4825325906276703,0.2807499170303345,0.5,0.5,0.33122363686561584,0.311470627784729,0.27153247594833374,0.28865963220596313,0.5,0.4862723648548126,0.5,0.49286985397338867,0.49827614426612854,0.30764341354370117,0.14559659361839294,0.6934581995010376,0.30729085206985474,0.5,0.5752979516983032,0.6298599243164062,0.46425753831863403,0.5,0.8810662031173706,0.9087315797805786,0.9803370237350464,0.9559186697006226,0.892318844795227,0.9609133005142212,0.5250443816184998,9.413619756698608,0.8663576245307922,0.8810662031173706
75,0.30384358763694763,0.29250672459602356,0.5,0.28846755623817444,0.4251764714717865,0.4841090440750122,0.488631010055542,0.6319085359573364,0.2973748445510864,0.8116530179977417,0.4780564308166504,0.43645066022872925,0.7448830604553223,0.4985114336013794,0.39673829078674316,0.5211191773414612,0.49858778715133667,0.5,0.5,0.5,0.3120634853839874,0.3963129222393036,0.44208747148513794,0.2836765944957733,0.5,0.5,0.3431435823440552,0.30244290828704834,0.2480792999267578,0.2295878380537033,0.5,0.49827370047569275,0.5,0.48016121983528137,0.49898168444633484,0.3195149004459381,0.18874552845954895,0.6440310478210449,0.34284132719039917,0.5,0.6261494159698486,0.631723165512085,0.45666614174842834,0.5,0.875,0.909880518913269,0.9856939315795898,0.9698624610900879,0.8925902247428894,0.9551677107810974,0.5303050875663757,9.09496021270752,0.8532449007034302,0.875
76,0.27966979146003723,0.2843998372554779,0.5,0.24455073475837708,0.4391372501850128,0.48040926456451416,0.48072099685668945,0.5617419481277466,0.23781171441078186,0.790040135383606,0.4557071328163147,0.4452904164791107,0.6514829397201538,0.49882370233535767,0.38779187202453613,0.4852433204650879,0.4998428523540497,0.5,0.5,0.5,0.29399141669273376,0.4262463450431824,0.4614822268486023,0.3178923726081848,0.5,0.5,0.3310098946094513,0.35571742057800293,0.2837156653404236,0.3269592523574829,0.5,0.4882426857948303,0.5,0.4436700642108917,0.4995291233062744,0.310531347990036,0.14176392555236816,0.677070140838623,0.33314934372901917,0.5,0.5797752141952515,0.6317079067230225,0.4547250270843506,0.5,0.8854779601097107,0.9120863676071167,0.9816280603408813,0.9507781267166138,0.8982397317886353,0.9664539098739624,0.5355851650238037,9.24213695526123,0.8753179907798767,0.8854779601097107
77,0.27477890253067017,0.23428712785243988,0.5,0.30628231167793274,0.42587071657180786,0.4256836473941803,0.4840100407600403,0.5264160633087158,0.2725563943386078,0.7977275848388672,0.48246437311172485,0.4412180185317993,0.6291725635528564,0.4974154233932495,0.4037938416004181,0.4822773039340973,0.4993729293346405,0.5,0.5,0.5,0.3130367398262024,0.37977761030197144,0.4267943501472473,0.2772851586341858,0.5,0.5,0.3479173481464386,0.27747979760169983,0.2508234977722168,0.278394877910614,0.5,0.512565553188324,0.5,0.47953832149505615,0.4999215304851532,0.3188807964324951,0.19765600562095642,0.6721090078353882,0.3367008566856384,0.5,0.6496179699897766,0.6331340670585632,0.4562984108924866,0.5,0.8911764621734619,0.9125919342041016,0.9842710494995117,0.9903260469436646,0.9000685214996338,0.9640294313430786,0.5326524972915649,9.219884395599365,0.8773096203804016,0.8911764621734619
78,0.2888909578323364,0.38642266392707825,0.5,0.28329411149024963,0.42487454414367676,0.5345525741577148,0.4877685308456421,0.5229909420013428,0.32104745507240295,0.8432181477546692,0.47269731760025024,0.43420639634132385,0.7248852252960205,0.4985109865665436,0.353402316570282,0.6041363477706909,0.48698651790618896,0.5,0.5,0.5,0.2968254089355469,0.35902291536331177,0.4514598250389099,0.2738015949726105,0.5,0.5,0.3355167508125305,0.32674989104270935,0.2999778091907501,0.3184337615966797,0.5,0.5069301724433899,0.5,0.4757349491119385,0.4995298683643341,0.30778396129608154,0.1537306308746338,0.6698561906814575,0.3695412278175354,0.5,0.6015610694885254,0.6181291341781616,0.4362775981426239,0.5,0.8797793984413147,0.9111672639846802,0.981133759021759,0.9890146255493164,0.8903207182884216,0.9619975090026855,0.5325790047645569,9.392470836639404,0.8627769351005554,0.8797793984413147
79,0.2843109667301178,0.15825751423835754,0.5,0.2954118251800537,0.42685794830322266,0.4582287669181824,0.4925903379917145,0.5715405344963074,0.23317992687225342,0.7682999968528748,0.4661601185798645,0.41543886065483093,0.5984848737716675,0.490601509809494,0.3902381658554077,0.5359717607498169,0.4993727505207062,0.5,0.5,0.5,0.314238041639328,0.38034993410110474,0.44932931661605835,0.2910575568675995,0.5,0.5,0.35151955485343933,0.2884480357170105,0.2694908082485199,0.2881900668144226,0.5,0.4847058951854706,0.5,0.433427631855011,0.4994508922100067,0.31759655475616455,0.17234580218791962,0.6603223085403442,0.32149621844291687,0.5,0.5890151262283325,0.6756177544593811,0.4595617353916168,0.5,0.8786764740943909,0.9099035263061523,0.9832658171653748,0.9835962057113647,0.8923702239990234,0.9598501920700073,0.5265046954154968,9.316856384277344,0.8589868545532227,0.8786764740943909
80,0.28853633999824524,0.1556817591190338,0.5,0.3014429211616516,0.43034201860427856,0.5669563412666321,0.48385581374168396,0.5010547637939453,0.2793862223625183,0.8674992322921753,0.48376214504241943,0.4485570788383484,0.7902795076370239,0.5675051808357239,0.4110492169857025,0.692784309387207,0.4992150664329529,0.5,0.5,0.5,0.29656434059143066,0.3547998368740082,0.431044340133667,0.2861487567424774,0.5,0.5,0.34186795353889465,0.2974132299423218,0.24173396825790405,0.3210999667644501,0.5,0.4917672872543335,0.5,0.462507039308548,0.49984315037727356,0.31720685958862305,0.15522953867912292,0.6825158596038818,0.3631555736064911,0.5,0.6525410413742065,0.6181761026382446,0.4391785264015198,0.5,0.8808823823928833,0.9099035263061523,0.9844189286231995,0.989862322807312,0.8882986307144165,0.9597913026809692,0.5313104391098022,9.25229525566101,0.8820176124572754,0.8808823823928833

81,0.27709391713142395,0.16907379031181335,0.5,0.28410160541534424,0.43430542945861816,0.4354088008403778,0.4614660143852234,0.511579692363739,0.3058323860168457,0.8324781060218811,0.474423348903656,0.43641209602355957,0.6801568269729614,0.6144918203353882,0.41307753324508667,0.5218473672866821,0.49858778715133667,0.5,0.5,0.5,0.3134717643260956,0.3549532890319824,0.40848585963249207,0.26675450801849365,0.5,0.5,0.3399612009525299,0.2590031027793884,0.2575227916240692,0.39505118131637573,0.5,0.5175094604492188,0.5,0.5033327341079712,0.49968650937080383,0.3141635060310364,0.16250532865524292,0.6881853342056274,0.33091023564338684,0.5,0.6196218132972717,0.6021442413330078,0.46192651987075806,0.5,0.887499988079071,0.9126378893852234,0.9864155054092407,0.9971098303794861,0.8932304382324219,0.9611395597457886,0.53509920835495,9.018941402435303,0.8874903917312622,0.887499988079071
82,0.27368950843811035,0.31507065892219543,0.5,0.29669123888015747,0.43417543172836304,0.4813898205757141,0.45025891065597534,0.5498874187469482,0.26461753249168396,0.7152037620544434,0.4734034240245819,0.43976470828056335,0.6111372709274292,0.5355768203735352,0.41567397117614746,0.4920075237751007,0.4977269172668457,0.5,0.5,0.5,0.30418524146080017,0.3433748483657837,0.4102736711502075,0.2883029580116272,0.5,0.5,0.3521788418292999,0.28075194358825684,0.2560129463672638,0.292424738407135,0.5,0.4913477599620819,0.5,0.4728969633579254,0.49866625666618347,0.3213435113430023,0.16277632117271423,0.6737595796585083,0.31733354926109314,0.5,0.5946807861328125,0.5855886936187744,0.4698166847229004,0.5,0.887499988079071,0.9147747755050659,0.9850097894668579,0.9885286092758179,0.896332323551178,0.9676472544670105,0.5494953393936157,9.169190168380737,0.8814194798469543,0.887499988079071
83,0.2841161787509918,0.3724949359893799,0.5,0.28775423765182495,0.4368140399456024,0.49600788950920105,0.4325913190841675,0.5465031862258911,0.3037341833114624,0.8069707155227661,0.4478594958782196,0.40378275513648987,0.5691990852355957,0.4755447506904602,0.4474427402019501,0.4968627393245697,0.5,0.5,0.5,0.5,0.3049594759941101,0.41643625497817993,0.4179437756538391,0.2792370915412903,0.5,0.5,0.34820422530174255,0.35338109731674194,0.28436535596847534,0.42348700761795044,0.5,0.540961742401123,0.5,0.48198527097702026,0.4974150061607361,0.3149912655353546,0.13156649470329285,0.6954904794692993,0.29230526089668274,0.5,0.5633500814437866,0.5863083004951477,0.4800252616405487,0.5,0.8832720518112183,0.9115579128265381,0.9851880669593811,0.989237904548645,0.8944447636604309,0.9627008438110352,0.5349893569946289,9.010988712310791,0.8713881373405457,0.8832720518112183
84,0.27513018250465393,0.28428611159324646,0.5,0.2975984811782837,0.43172910809516907,0.4219207465648651,0.46320992708206177,0.5637617111206055,0.2728199362754822,0.8278913497924805,0.47835972905158997,0.4533239006996155,0.7612138986587524,0.5142475962638855,0.3788021206855774,0.5910568237304688,0.49984312057495117,0.5,0.5,0.5,0.30068373680114746,0.34044021368026733,0.4104883670806885,0.2672847509384155,0.5,0.5,0.3412303328514099,0.2968975901603699,0.24835042655467987,0.3290766477584839,0.5,0.5081701874732971,0.5,0.4435794949531555,0.4994503855705261,0.30780231952667236,0.18004964292049408,0.6579904556274414,0.343873530626297,0.5,0.6134200692176819,0.6271270513534546,0.4532260596752167,0.5,0.8851103186607361,0.9139705896377563,0.9867846965789795,0.9901912808418274,0.8937549591064453,0.9620792865753174,0.5387653708457947,9.12629508972168,0.8854433298110962,0.8851103186607361
85,0.27729669213294983,0.3741517961025238,0.5,0.264788955450058,0.43578484654426575,0.4189803898334503,0.4688136577606201,0.6102564334869385,0.29279208183288574,0.7109804153442383,0.4796831011772156,0.4351474344730377,0.6574306488037109,0.5258962512016296,0.41053786873817444,0.5974050760269165,0.49992161989212036,0.5,0.5,0.5,0.30855390429496765,0.38044536113739014,0.4056451618671417,0.27484607696533203,0.5,0.5,0.3359728455543518,0.2929275929927826,0.2945694923400879,0.3051830232143402,0.5,0.5025734305381775,0.5,0.44338294863700867,0.49984338879585266,0.30896562337875366,0.15248876810073853,0.6737068295478821,0.3215528130531311,0.5,0.6113113760948181,0.5759485363960266,0.4662247598171234,0.5,0.8904411792755127,0.9135340452194214,0.989332914352417,0.9972056746482849,0.8949828147888184,0.9629150629043579,0.5369555950164795,9.042491436004639,0.888741672039032,0.8904411792755127
86,0.290996789932251,0.32112687826156616,0.5,0.29750511050224304,0.43140482902526855,0.4307209849357605,0.4780529737472534,0.5450659990310669,0.29482758045196533,0.7143267393112183,0.48910659551620483,0.43942007422447205,0.6425080299377441,0.49670329689979553,0.3976328670978546,0.4930969476699829,0.4998428523540497,0.5,0.5,0.5,0.31900668144226074,0.3980104923248291,0.45393192768096924,0.2847360074520111,0.5,0.5,0.3443939685821533,0.2722166180610657,0.2661571204662323,0.2613600790500641,0.5,0.49191269278526306,0.5,0.45613208413124084,0.49984318017959595,0.31559327244758606,0.18731899559497833,0.6750139594078064,0.3328864276409149,0.5,0.614425539970398,0.5937610268592834,0.46729856729507446,0.5,0.8788602948188782,0.9125459790229797,0.9829983711242676,0.9722297191619873,0.8932398557662964,0.9636300206184387,0.5415358543395996,9.065982341766357,0.8653203845024109,0.8788602948188782
87,0.28419700264930725,0.18774157762527466,0.5,0.2891311049461365,0.4331504702568054,0.5433598160743713,0.48942336440086365,0.5293950438499451,0.2995956838130951,0.7836940288543701,0.4976488947868347,0.45042359828948975,0.7682061195373535,0.49858978390693665,0.37402069568634033,0.5750938653945923,0.49937304854393005,0.5,0.5,0.5,0.31390121579170227,0.3600182831287384,0.41416704654693604,0.28510919213294983,0.5,0.5,0.33658653497695923,0.2905324101448059,0.23459550738334656,0.27734294533729553,0.5,0.49850910902023315,0.5,0.4299171268939972,0.5,0.30575424432754517,0.1770833283662796,0.638518214225769,0.3606686592102051,0.5,0.651423454284668,0.5775541067123413,0.4550846219062805,0.5,0.8860294222831726,0.9135799407958984,0.9871903657913208,0.9887856245040894,0.8898328542709351,0.9584512710571289,0.5494991540908813,9.147659540176392,0.8725700378417969,0.8860294222831726
88,0.2750868797302246,0.2668812870979309,0.5,0.2906940281391144,0.4392273724079132,0.4806475043296814,0.49911126494407654,0.6033196449279785,0.3449059724807739,0.7809561491012573,0.4944427013397217,0.455122172832489,0.7228047847747803,0.5639485120773315,0.3929952085018158,0.6163384914398193,0.5,0.5,0.5,0.5,0.29468676447868347,0.37725630402565,0.41545355319976807,0.26880839467048645,0.5,0.5,0.33706507086753845,0.28457504510879517,0.2714420258998871,0.3154306709766388,0.5,0.4912101626396179,0.5,0.489432156085968,0.4999217092990875,0.3062489926815033,0.1678185909986496,0.6814203858375549,0.35682570934295654,0.5,0.6657711863517761,0.6191628575325012,0.4539567232131958,0.5,0.8843749761581421,0.9161994457244873,0.9815499782562256,0.9902570247650146,0.8998342752456665,0.9571772813796997,0.5620859265327454,8.994585275650024,0.878849446773529,0.8843749761581421
89,0.2844550907611847,0.3277917206287384,0.5,0.27535322308540344,0.43835294246673584,0.5609118342399597,0.47373783588409424,0.5215116739273071,0.33137255907058716,0.8431455492973328,0.4940410852432251,0.44090908765792847,0.7057561874389648,0.5165987014770508,0.39879366755485535,0.4902052879333496,0.5,0.5,0.5,0.5,0.30228137969970703,0.38982176780700684,0.42137646675109863,0.28192877769470215,0.5,0.5,0.3401995599269867,0.29444044828414917,0.2524377405643463,0.34619608521461487,0.5,0.4872176945209503,0.5,0.40999314188957214,0.49945002794265747,0.3068867027759552,0.1651463508605957,0.6657140254974365,0.3246958553791046,0.5,0.5849357843399048,0.5994413495063782,0.47098708152770996,0.5,0.8814338445663452,0.9138097763061523,0.9816012382507324,0.9972087740898132,0.8951294422149658,0.9607322216033936,0.5484524369239807,9.162273406982422,0.8598012328147888,0.8814338445663452
90,0.2840588688850403,0.2586313784122467,0.5,0.29337093234062195,0.4324599802494049,0.5783944725990295,0.47914379835128784,0.47502967715263367,0.37506937980651855,0.8465882539749146,0.4971773624420166,0.45875802636146545,0.7425098419189453,0.5514562129974365,0.4242052435874939,0.6493442058563232,0.499921590089798,0.5,0.5,0.5,0.3113400340080261,0.336238294839859,0.4071619510650635,0.29123371839523315,0.5,0.5,0.34398770332336426,0.2533276677131653,0.25618818402290344,0.28170472383499146,0.5,0.5270318388938904,0.5,0.4308086931705475,0.49984318017959595,0.3133065402507782,0.16724683344364166,0.6658772826194763,0.3397912383079529,0.5,0.5779258608818054,0.6314263343811035,0.46071144938468933,0.5,0.8865808844566345,0.914682924747467,0.9825586080551147,0.9808239936828613,0.8920029401779175,0.9626730680465698,0.5635902881622314,9.107805013656616,0.8806118965148926,0.8865808844566345

91,0.2903963327407837,0.22873982787132263,0.5,0.32461225986480713,0.4301632046699524,0.45023003220558167,0.47742947936058044,0.6205387711524963,0.30024605989456177,0.8250448703765869,0.4985891282558441,0.4516938626766205,0.6990237236022949,0.5390004515647888,0.42104849219322205,0.5211955308914185,0.5,0.5,0.5,0.5,0.3132147490978241,0.3429693579673767,0.39338207244873047,0.28197741508483887,0.5,0.5,0.3565772473812103,0.2655831277370453,0.25727006793022156,0.37330812215805054,0.5,0.4899528920650482,0.5,0.46398288011550903,0.49937373399734497,0.32189932465553284,0.20695102214813232,0.599221408367157,0.3265726566314697,0.5,0.6053357124328613,0.6439904570579529,0.47061610221862793,0.5,0.8834558725357056,0.9146828651428223,0.9823646545410156,0.9745904803276062,0.8962835073471069,0.9651409387588501,0.5589241981506348,9.376568794250488,0.8742977380752563,0.8834558725357056
92,0.25787803530693054,0.12313847243785858,0.5,0.3046238124370575,0.43690234422683716,0.41027477383613586,0.4828965961933136,0.5082463622093201,0.321622759103775,0.7490595579147339,0.49858978390693665,0.44698870182037354,0.6813617944717407,0.4951364994049072,0.3964112102985382,0.5280217528343201,0.4999215602874756,0.5,0.5,0.5,0.3035062551498413,0.3349378705024719,0.40870898962020874,0.2748067080974579,0.5,0.5,0.34424105286598206,0.2581016719341278,0.2551875412464142,0.43397387862205505,0.5,0.486594557762146,0.5,0.4831297695636749,0.4998432397842407,0.3135311007499695,0.1899445801973343,0.645522952079773,0.32697463035583496,0.5,0.6479752063751221,0.5811657309532166,0.4699462056159973,0.5,0.8972426652908325,0.915854811668396,0.9835497140884399,0.9975823163986206,0.9034197330474854,0.9542954564094543,0.5580087900161743,9.383472919464111,0.8915726542472839,0.8972426652908325

93,0.27367132902145386,0.11157622933387756,0.5,0.31869423389434814,0.4269706904888153,0.4214129149913788,0.48292338848114014,0.617678165435791,0.24694357812404633,0.8301995992660522,0.4992942214012146,0.45299747586250305,0.7022417783737183,0.49874430894851685,0.395656943321228,0.5762931704521179,0.49968621134757996,0.5,0.5,0.5,0.3175825774669647,0.3413315415382385,0.40933549404144287,0.2868369221687317,0.5,0.5,0.3529791831970215,0.26778480410575867,0.2568912208080292,0.3850782513618469,0.5,0.5076995491981506,0.5,0.4639929533004761,0.499529629945755,0.31709253787994385,0.20872865617275238,0.6565214991569519,0.3391503393650055,0.5,0.6211187839508057,0.6481062769889832,0.46274077892303467,0.5,0.8867647051811218,0.9150505661964417,0.9772512912750244,0.9913403987884521,0.90389484167099,0.9639112949371338,0.5562981367111206,9.088291645050049,0.875203549861908,0.8867647051811218
94,0.28318244218826294,0.25383996963500977,0.5,0.31266698241233826,0.429973304271698,0.487859308719635,0.4883994460105896,0.648479163646698,0.36672720313072205,0.8630432486534119,0.4997645318508148,0.45153701305389404,0.6607568860054016,0.5200141668319702,0.4150388240814209,0.6257705092430115,0.499921590089798,0.5,0.5,0.5,0.3063492178916931,0.36153942346572876,0.4322447180747986,0.2735042870044708,0.5,0.5,0.35088998079299927,0.2665288746356964,0.2642371356487274,0.35298508405685425,0.5,0.49153074622154236,0.5,0.42915108799934387,0.4992944598197937,0.31776368618011475,0.19364126026630402,0.6162464618682861,0.3496365249156952,0.5,0.6329271197319031,0.6702437400817871,0.4556311368942261,0.5,0.8889706134796143,0.9142233729362488,0.979110598564148,0.970892608165741,0.8969963788986206,0.9648988246917725,0.5545556545257568,9.125880718231201,0.8772463798522949,0.8889706134796143
95,0.27940988540649414,0.18441170454025269,0.5,0.2788506746292114,0.4420153498649597,0.4873886704444885,0.46756502985954285,0.5572100281715393,0.3440000116825104,0.8442996144294739,0.498588889837265,0.4489811956882477,0.6602664589881897,0.4943564832210541,0.4053630232810974,0.5946353673934937,0.49921715259552,0.5,0.5,0.5,0.299651563167572,0.3470420837402344,0.4321371018886566,0.27231088280677795,0.5,0.5,0.33885300159454346,0.2836765944957733,0.24713405966758728,0.28643929958343506,0.5,0.493227481842041,0.5,0.4744516611099243,0.4996080994606018,0.30769839882850647,0.17483453452587128,0.7037250995635986,0.31471237540245056,0.5,0.5620183348655701,0.5016571879386902,0.4653293192386627,0.5,0.8863970637321472,0.9146139621734619,0.9848962426185608,0.9903969764709473,0.9013892412185669,0.9559131264686584,0.5415409207344055,9.077944278717041,0.8768580555915833,0.8863970637321472
96,0.25781163573265076,0.19387808442115784,0.5,0.2971276044845581,0.43178611993789673,0.5123293399810791,0.49003922939300537,0.5661702156066895,0.3362827003002167,0.858994722366333,0.5,0.4572213590145111,0.6957502365112305,0.49898040294647217,0.3685570955276489,0.5379607677459717,0.49043136835098267,0.5,0.5,0.5,0.3089495301246643,0.3360775411128998,0.42501118779182434,0.2749837636947632,0.5,0.5,0.34245359897613525,0.29933810234069824,0.2563762962818146,0.3181159794330597,0.5,0.489557147026062,0.5,0.46154165267944336,0.4992160499095917,0.3117441236972809,0.16861753165721893,0.7065160274505615,0.3569398522377014,0.5,0.6041073203086853,0.6039296388626099,0.4527944326400757,0.5,0.9029411673545837,0.9172794222831726,0.9850807189941406,0.9835523366928101,0.9088217616081238,0.9626116156578064,0.5633513331413269,9.147931814193726,0.8998716473579407,0.9029411673545837
97,0.26901277899742126,0.3213237524032593,0.5,0.28878769278526306,0.43621689081192017,0.3844273090362549,0.48399749398231506,0.5547053813934326,0.3235488831996918,0.800862729549408,0.49952971935272217,0.45726829767227173,0.5873438715934753,0.49811851978302,0.4045993983745575,0.48589563369750977,0.4972497224807739,0.5,0.5,0.5,0.3060881793498993,0.337002158164978,0.4212498068809509,0.2761198580265045,0.5,0.5,0.3420540988445282,0.30267396569252014,0.2522580623626709,0.34043872356414795,0.5,0.48219048976898193,0.5,0.48552319407463074,0.4999215602874756,0.3037501871585846,0.16820040345191956,0.6485759615898132,0.34216630458831787,0.5,0.5840268731117249,0.6320194602012634,0.45427262783050537,0.5,0.8904411792755127,0.9149127006530762,0.9865318536758423,0.9686490297317505,0.905204176902771,0.9612835645675659,0.553702175617218,9.429976224899292,0.8871598243713379,0.8904411792755127
98,0.2548871636390686,0.3242017328739166,0.5,0.27460816502571106,0.4398714303970337,0.44357365369796753,0.49201127886772156,0.5045942664146423,0.28039246797561646,0.7665927410125732,0.49960798025131226,0.4597141444683075,0.6643140912055969,0.49976471066474915,0.3829069137573242,0.6158511638641357,0.49905940890312195,0.5,0.5,0.5,0.30608516931533813,0.3218840956687927,0.3684190809726715,0.2611946761608124,0.5,0.5,0.33174243569374084,0.2688286304473877,0.2628532648086548,0.3010441064834595,0.5,0.5112326145172119,0.5,0.4877379536628723,0.4997645616531372,0.29566463828086853,0.15832631289958954,0.665108859539032,0.348776638507843,0.5,0.5999797582626343,0.6262742877006531,0.4614109992980957,0.5,0.8998161554336548,0.9197840094566345,0.9785234928131104,0.9976731538772583,0.9137600660324097,0.9633233547210693,0.56366366147995,9.081999063491821,0.8961438536643982,0.8998161554336548
99,0.27918362617492676,0.1474921703338623,0.5,0.29287391901016235,0.4344519376754761,0.5490312576293945,0.480542927980423,0.6305063366889954,0.37377190589904785,0.8746650815010071,0.49960851669311523,0.44091835618019104,0.7010049819946289,0.4996865689754486,0.37727129459381104,0.5873802304267883,0.49921557307243347,0.5,0.5,0.5,0.31252986192703247,0.3410130739212036,0.39148086309432983,0.26706382632255554,0.5,0.5,0.3462715446949005,0.2801472544670105,0.24798399209976196,0.3065740466117859,0.5,0.4775148928165436,0.5,0.4793239235877991,0.49874550104141235,0.2939119338989258,0.1876445859670639,0.6770782470703125,0.3359164893627167,0.5,0.62149578332901,0.6644684076309204,0.4540284276008606,0.5,0.8865808844566345,0.914958655834198,0.9861878156661987,0.982049822807312,0.902743935585022,0.9666147232055664,0.5404946804046631,8.99557876586914,0.8746640086174011,0.8865808844566345
100,0.27940988540649414,0.14492563903331757,0.5,0.3133239150047302,0.43890371918678284,0.4931086599826813,0.4869019687175751,0.5401785373687744,0.35190245509147644,0.8379112482070923,0.4994519352912903,0.46192416548728943,0.7652655839920044,0.5229473114013672,0.42674511671066284,0.5892629027366638,0.49866729974746704,0.5,0.5,0.5,0.3147824704647064,0.34645217657089233,0.3965495526790619,0.2624540328979492,0.5,0.5,0.35237017273902893,0.25756776332855225,0.2642357051372528,0.32148152589797974,0.5,0.514488697052002,0.5,0.474571168422699,0.49929356575012207,0.3164597153663635,0.18823064863681793,0.636210560798645,0.32877469062805176,0.5,0.594007670879364,0.6497232913970947,0.45687204599380493,0.5,0.8843749761581421,0.9124310612678528,0.9856058955192566,0.9725836515426636,0.8958417177200317,0.9641125202178955,0.5341856479644775,9.111395835876465,0.8642286658287048,0.8843749761581421

101,0.2716977596282959,0.18180391192436218,0.5,0.29639214277267456,0.4349905848503113,0.4910915195941925,0.47815877199172974,0.482039213180542,0.25868362188339233,0.8699607849121094,0.4997642934322357,0.44290196895599365,0.6846134662628174,0.4997650384902954,0.4293222427368164,0.6905912160873413,0.4993724524974823,0.5,0.5,0.5,0.3089708983898163,0.3476986885070801,0.3826165795326233,0.273647665977478,0.49983838200569153,0.5,0.344523549079895,0.30585992336273193,0.2442019134759903,0.3458039164543152,0.5,0.4753763973712921,0.5,0.4465995728969574,0.4982750415802002,0.3003968298435211,0.16613571345806122,0.6771968603134155,0.3344936668872833,0.5,0.6357761025428772,0.5978456735610962,0.4654410481452942,0.5,0.8926470875740051,0.9140394926071167,0.9873411059379578,0.9835065007209778,0.9017221331596375,0.9608026742935181,0.5516234040260315,9.118227005004883,0.878412663936615,0.8926470875740051
102,0.2865062355995178,0.2420302778482437,0.5,0.29863613843917847,0.43149396777153015,0.49030759930610657,0.4922316372394562,0.5183377265930176,0.2521568536758423,0.7395768165588379,0.4998433291912079,0.45261257886886597,0.6891099214553833,0.5,0.4509619474411011,0.6597214341163635,0.49670174717903137,0.5,0.5,0.5,0.3220946788787842,0.35311180353164673,0.4012519419193268,0.28091609477996826,0.5,0.5,0.34780851006507874,0.3070962131023407,0.2633863389492035,0.26964089274406433,0.5,0.4896470606327057,0.5,0.490010529756546,0.49890264868736267,0.30533987283706665,0.1686699390411377,0.6954330801963806,0.3613392412662506,0.5,0.6265085935592651,0.6122578978538513,0.45907866954803467,0.5,0.8865808844566345,0.9134421348571777,0.9837830662727356,0.9689292311668396,0.897642195224762,0.9553300142288208,0.5582376718521118,9.21264362335205,0.8837326169013977,0.8865808844566345
103,0.2844342589378357,0.06414473801851273,0.5,0.32462745904922485,0.4304095506668091,0.3860374391078949,0.4894167482852936,0.564319372177124,0.30459487438201904,0.8068965673446655,0.4996083974838257,0.46194204688072205,0.74713134765625,0.4998432397842407,0.4202728271484375,0.5128383040428162,0.49992161989212036,0.5,0.5,0.5,0.3257864713668823,0.3708759844303131,0.421809583902359,0.2944721281528473,0.49991902709007263,0.5,0.3591800332069397,0.27214542031288147,0.2617156505584717,0.3005022704601288,0.5,0.5080000162124634,0.5,0.46121734380722046,0.4995294213294983,0.3240564465522766,0.19585180282592773,0.6687427759170532,0.35463449358940125,0.5,0.6072424054145813,0.6531369686126709,0.4667403995990753,0.5,0.882536768913269,0.9141544103622437,0.9841173887252808,0.9893323183059692,0.8976703882217407,0.9582027196884155,0.5658124089241028,9.003012657165527,0.8652440309524536,0.882536768913269
104,0.27536001801490784,0.17489540576934814,0.5,0.32615166902542114,0.4274180829524994,0.3583855926990509,0.49419334530830383,0.6448502540588379,0.32434144616127014,0.8479454517364502,0.5,0.4587515592575073,0.7153822183609009,0.49992161989212036,0.4221682548522949,0.542267918586731,0.4996078312397003,0.5,0.5,0.5,0.3144329786300659,0.37029558420181274,0.42594510316848755,0.28445112705230713,0.5,0.5,0.3488166034221649,0.24689804017543793,0.2557210624217987,0.30893418192863464,0.5,0.4950657784938812,0.5,0.5032033920288086,0.4996078312397003,0.3092063367366791,0.20411866903305054,0.7048686146736145,0.37911131978034973,0.5,0.6412607431411743,0.6170197129249573,0.4603036642074585,0.5,0.8886029124259949,0.9167509078979492,0.9845312833786011,0.9775471687316895,0.9067510366439819,0.9629169702529907,0.5682940483093262,9.038702249526978,0.8900203704833984,0.8886029124259949
105,0.273119181394577,0.12875939905643463,0.5,0.3098933696746826,0.4453149437904358,0.5147335529327393,0.4854947328567505,0.5954722166061401,0.2808840572834015,0.791333794593811,0.5,0.45432427525520325,0.7320194840431213,0.5246865153312683,0.4504469335079193,0.6006274223327637,0.49992164969444275,0.5,0.5,0.5,0.30885061621665955,0.36726948618888855,0.41492849588394165,0.2600007653236389,0.4998384416103363,0.5,0.3525661826133728,0.26086339354515076,0.2727908194065094,0.2851991355419159,0.5,0.4891917407512665,0.5,0.45939093828201294,0.5,0.30897536873817444,0.1782526820898056,0.6958162784576416,0.3251974582672119,0.5,0.6293275356292725,0.58460932970047,0.46618205308914185,0.5,0.8908088207244873,0.9183363914489746,0.9798790216445923,0.9889817237854004,0.9117133021354675,0.9650564789772034,0.5632885694503784,9.06178092956543,0.8720621466636658,0.8908088207244873
106,0.2745005190372467,0.3112069070339203,0.5,0.3202511668205261,0.43338558077812195,0.44312646985054016,0.4886256754398346,0.5127315521240234,0.4138377904891968,0.8049717545509338,0.49984320998191833,0.44887077808380127,0.6980173587799072,0.499372661113739,0.4255569577217102,0.5371951460838318,0.5,0.5,0.5,0.5,0.32010161876678467,0.3737888038158417,0.39952221512794495,0.2668988108634949,0.49959656596183777,0.5,0.35607779026031494,0.27768123149871826,0.2553708851337433,0.3241530954837799,0.5,0.5107121467590332,0.5,0.4347974359989166,0.4997643828392029,0.314879447221756,0.20014221966266632,0.6396268606185913,0.3399621248245239,0.5,0.6020452976226807,0.6201464533805847,0.46760207414627075,0.5,0.8898897171020508,0.9156939387321472,0.9840530157089233,0.9768644571304321,0.8995752334594727,0.962276816368103,0.5655221939086914,8.858672618865967,0.8916134238243103,0.8898897171020508
107,0.2701801359653473,0.19155080616474152,0.5,0.31402820348739624,0.4350486397743225,0.48033079504966736,0.48353198170661926,0.5451127886772156,0.2921568751335144,0.7687077522277832,0.49968641996383667,0.4451066553592682,0.6560053825378418,0.5167704820632935,0.419960081577301,0.5254117846488953,0.5,0.5,0.5,0.5,0.3132060468196869,0.35943806171417236,0.3823791742324829,0.2744147777557373,0.499756783246994,0.5,0.3519800305366516,0.2733345031738281,0.24737471342086792,0.3760899305343628,0.5,0.5185583829879761,0.5,0.4244789481163025,0.4995294213294983,0.3059215843677521,0.17398862540721893,0.6696597933769226,0.3323310613632202,0.5,0.5941213369369507,0.6467388868331909,0.4716877043247223,0.5,0.8886029124259949,0.9176470637321472,0.9875775575637817,0.9697147011756897,0.9086207747459412,0.9701346158981323,0.5647583603858948,8.936745405197144,0.8780105710029602,0.8886029124259949
108,0.2622847259044647,0.26653966307640076,0.5,0.3073725402355194,0.43805864453315735,0.5139052867889404,0.4937294125556946,0.6128951907157898,0.319097638130188,0.8054333925247192,0.5,0.4537894129753113,0.6114076375961304,0.4996861219406128,0.3975563943386078,0.6007555723190308,0.499529629945755,0.5,0.5,0.5,0.3093576431274414,0.3595569133758545,0.4345339834690094,0.25596779584884644,0.5,0.5,0.34645795822143555,0.2559891641139984,0.25016024708747864,0.30120617151260376,0.5,0.49858933687210083,0.5,0.4836319088935852,0.49992164969444275,0.3041752576828003,0.1725635826587677,0.6712589263916016,0.35671311616897583,0.5,0.6440733671188354,0.6074848175048828,0.4598482549190521,0.5,0.8935661911964417,0.9206801652908325,0.9870774745941162,0.9846617579460144,0.9111751317977905,0.9621702432632446,0.580997884273529,9.178416967391968,0.8851948976516724,0.8935661911964417
109,0.2800455689430237,0.20138320326805115,0.5,0.32462334632873535,0.43403321504592896,0.4415324032306671,0.48126664757728577,0.5322343111038208,0.29437991976737976,0.8098597526550293,0.5,0.4490211308002472,0.6635279655456543,0.49968603253364563,0.4124581813812256,0.5759357213973999,0.5,0.5,0.5,0.5,0.31931638717651367,0.3930180072784424,0.4216209948062897,0.2582622170448303,0.5,0.5,0.3556542694568634,0.24661129713058472,0.26228228211402893,0.30509403347969055,0.5,0.497646689414978,0.5,0.4373636245727539,0.49913713335990906,0.3091111481189728,0.20865581929683685,0.6557765007019043,0.3423466086387634,0.5,0.5694795846939087,0.6659018993377686,0.4608386158943176,0.5,0.8821691274642944,0.9197150468826294,0.9788243770599365,0.977412223815918,0.9157088994979858,0.9604016542434692,0.5930230617523193,9.079521656036377,0.8694309592247009,0.8821691274642944
110,0.2644810080528259,0.14097744226455688,0.5,0.32737815380096436,0.44917646050453186,0.4369503855705261,0.47442737221717834,0.6046780347824097,0.2750089764595032,0.8667543530464172,0.4999215304851532,0.4652930200099945,0.5936520099639893,0.5290984511375427,0.44076573848724365,0.4923233687877655,0.5,0.5,0.5,0.5,0.3132348358631134,0.4004213213920593,0.41384637355804443,0.2718098759651184,0.5,0.5,0.3600902557373047,0.2707401514053345,0.27264726161956787,0.31615108251571655,0.5,0.5149163603782654,0.5,0.43553870916366577,0.5,0.32234957814216614,0.19116948544979095,0.6759070158004761,0.32324111461639404,0.5,0.5880745649337769,0.6458321213722229,0.4698500335216522,0.5,0.8941176533699036,0.9218980073928833,0.9893041849136353,0.981561541557312,0.9112305641174316,0.964760422706604,0.596161961555481,9.216240406036377,0.8839924931526184,0.8941176533699036

111,0.25566503405570984,0.156357541680336,0.5,0.3067575991153717,0.44379115104675293,0.4653126001358032,0.47930386662483215,0.481783926486969,0.29166629910469055,0.781165361404419,0.5,0.46111634373664856,0.6220219135284424,0.49968627095222473,0.43300920724868774,0.5835683345794678,0.5,0.5,0.5,0.5,0.30622920393943787,0.38395461440086365,0.4380633234977722,0.26920485496520996,0.5,0.5,0.34846043586730957,0.2563270926475525,0.23998449742794037,0.28791913390159607,0.5,0.49960821866989136,0.5,0.4336056709289551,0.5,0.3027610182762146,0.19681787490844727,0.6512463688850403,0.34991803765296936,0.5,0.6237238049507141,0.6241850852966309,0.4639134407043457,0.5,0.8994485139846802,0.9237592220306396,0.9829694032669067,0.991849422454834,0.917853832244873,0.9652044177055359,0.6056243777275085,9.046813011169434,0.8973672986030579,0.8994485139846802
112,0.2697872817516327,0.20234732329845428,0.5,0.3008308410644531,0.4446013867855072,0.508535623550415,0.4904373586177826,0.5502944588661194,0.2536446154117584,0.8801125884056091,0.4999215304851532,0.45041581988334656,0.576127827167511,0.49976474046707153,0.41820746660232544,0.6343841552734375,0.5,0.5,0.5,0.5,0.32007524371147156,0.3786117732524872,0.4311795234680176,0.27152499556541443,0.5,0.5,0.3499189615249634,0.303661048412323,0.26954635977745056,0.2940376400947571,0.5,0.5,0.5,0.4774371087551117,0.5,0.30347466468811035,0.15490280091762543,0.6760860085487366,0.3612557053565979,0.5,0.5738904476165771,0.6546075940132141,0.4590694010257721,0.5,0.8909926414489746,0.9216681718826294,0.9873270988464355,0.9902843236923218,0.913975715637207,0.9612886309623718,0.5956911444664001,9.026175737380981,0.8847755789756775,0.8909926414489746

