epoch,loss,balanced_accuracy,balanced_accuracy_A13,balanced_accuracy_A14,balanced_accuracy_A15b,balanced_accuracy_A16,balanced_accuracy_A17a,balanced_accuracy_A19a,balanced_accuracy_A1a,balanced_accuracy_A1b,balanced_accuracy_A1c,balanced_accuracy_A32,balanced_accuracy_A33,balanced_accuracy_A34,balanced_accuracy_A4b2,balanced_accuracy_A7a,balanced_accuracy_A9,balanced_accuracy_B1,balanced_accuracy_B2a,balanced_accuracy_B3,balanced_accuracy_C13aa,balanced_accuracy_C13bb,balanced_accuracy_C14_100,balanced_accuracy_C14_120,balanced_accuracy_C14_20,balanced_accuracy_C14_30,balanced_accuracy_C14_50,balanced_accuracy_C14_60,balanced_accuracy_C14_70,balanced_accuracy_C14_80,balanced_accuracy_C17a,balanced_accuracy_C17b_80,balanced_accuracy_C17c,balanced_accuracy_C17d,balanced_accuracy_C1a,balanced_accuracy_C2,balanced_accuracy_C3e3,balanced_accuracy_D1a1,balanced_accuracy_D1a4,balanced_accuracy_D1a5,balanced_accuracy_D1a6,balanced_accuracy_D1a7,balanced_accuracy_D2a1,balanced_accuracy_D2a2,balanced_accuracy_D3,balanced_accuracy_valid,epoch_elapsed
0,0.9486969113349915,0.46703532338142395,0.49861547350883484,0.5770657062530518,0.5258509516716003,0.5068144202232361,0.5213111639022827,0.5666974186897278,0.49705231189727783,0.49150350689888,0.49253180623054504,0.6801104545593262,0.4994466006755829,0.4802400767803192,0.4761465787887573,0.4854081869125366,0.4933517873287201,0.49963119626045227,0.4743233323097229,0.5280336737632751,0.49776118993759155,0.4777608811855316,0.4998090863227844,0.5248866677284241,0.5207242965698242,0.49140647053718567,0.5008617043495178,0.5439269542694092,0.4859629273414612,0.4989553689956665,0.5136632323265076,0.4976860284805298,0.4930773377418518,0.5130625367164612,0.49962949752807617,0.46703532338142395,0.4822809398174286,0.5,0.4732242524623871,0.49916404485702515,0.5303810238838196,0.49776870012283325,0.4988866150379181,0.4799175560474396,0.49026215076446533,0.7080492973327637,2.133593797683716
1,0.563515305519104,0.5,0.5,0.5,0.5,0.5,0.5,0.5,0.5,0.5,0.5,0.5,0.5,0.5,0.5,0.5,0.5,0.5,0.5,0.5,0.5,0.5,0.5,0.5,0.5,0.5,0.5,0.5,0.5,0.5,0.5,0.5,0.5,0.5,0.5,0.5,0.5,0.5,0.5,0.5,0.5,0.5,0.5,0.5,0.5,0.7497273683547974,2.0266568660736084

2,0.5106516480445862,0.5,0.5,0.5,0.5,0.5,0.5,0.5,0.5,0.5,0.5,0.5,0.5,0.5,0.5,0.5,0.5,0.5,0.5,0.5,0.5,0.5,0.5,0.5,0.5,0.5,0.5,0.5,0.5,0.5,0.5,0.5,0.5,0.5,0.5,0.5,0.5,0.5,0.5,0.5,0.5,0.5,0.5,0.5,0.5,0.7862249612808228,2.057584047317505
3,0.47580692172050476,0.5,0.5,0.5,0.5,0.5,0.5,0.5,0.5,0.5,0.5,0.5,0.5,0.5,0.5,0.5,0.5,0.5,0.5,0.5,0.5,0.5,0.5,0.5,0.5,0.5,0.5,0.5,0.5,0.5,0.5,0.5,0.5,0.5,0.5,0.5,0.5,0.5,0.5,0.5,0.5,0.5,0.5,0.5,0.5,0.8283754587173462,2.012122631072998
4,0.4502260982990265,0.5,0.5,0.5,0.5,0.5,0.5,0.5,0.5,0.5,0.5,0.5,0.5,0.5,0.5,0.5,0.5,0.5,0.5,0.5,0.5,0.5,0.5,0.5,0.5,0.5,0.5,0.5,0.5,0.5,0.5,0.5,0.5,0.5,0.5,0.5,0.5,0.5,0.5,0.5,0.5,0.5,0.5,0.5,0.5,0.8859308958053589,2.0131847858428955
5,0.41625508666038513,0.5,0.5,0.5,0.5,0.5,0.5,0.5,0.5,0.5,0.5,0.5,0.5,0.5,0.5,0.5,0.5,0.5,0.5,0.5,0.5,0.5,0.5,0.5,0.5,0.5,0.5,0.5,0.5,0.5,0.5,0.5,0.5,0.5,0.5,0.5,0.5,0.5,0.5,0.5,0.5,0.5,0.5,0.5,0.5,0.909312903881073,1.9457213878631592
6,0.39030423760414124,0.5,0.5,0.5,0.5,0.5,0.5,0.5,0.5,0.5,0.5,0.5,0.5,0.5,0.5,0.5,0.5,0.5,0.5,0.5,0.5,0.5,0.5,0.5,0.5,0.5,0.5,0.5,0.5,0.5,0.5,0.5,0.5,0.5,0.5,0.5,0.5,0.5,0.5,0.5,0.5,0.5,0.5,0.5,0.5,0.9115986824035645,2.079833507537842
7,0.35942110419273376,0.5,0.5,0.5,0.5,0.5,0.5,0.5,0.5,0.5,0.5,0.5,0.5,0.5,0.5,0.5,0.5,0.5,0.5,0.5,0.5,0.5,0.5,0.5,0.5,0.5,0.5,0.5,0.5,0.5,0.5,0.5,0.5,0.5,0.5,0.5,0.5,0.5,0.5,0.5,0.5,0.5,0.5,0.5,0.5,0.9237408638000488,1.9748201370239258
8,0.34393471479415894,0.5,0.5,0.5,0.5,0.5,0.5,0.5,0.5,0.5,0.5,0.5,0.5,0.5,0.5,0.5,0.5,0.5,0.5,0.5,0.5,0.5,0.5,0.5,0.5,0.5,0.5,0.5,0.5,0.5,0.5,0.5,0.5,0.5,0.5,0.5,0.5,0.5,0.5,0.5,0.5,0.5,0.5,0.5,0.5,0.9201644659042358,2.0052874088287354
9,0.32240402698516846,0.4997141659259796,0.5,0.5,0.5,0.5,0.5,0.5,0.5,0.5,0.5,0.5,0.5,0.5,0.5,0.5,0.5,0.5,0.5,0.5,0.5,0.5,0.5,0.5,0.5,0.5,0.5,0.4997141659259796,0.5,0.5,0.5,0.5,0.5,0.5,0.5,0.5,0.5,0.5,0.5,0.5,0.5,0.5,0.5,0.5,0.5,0.9264702796936035,2.0370123386383057
10,0.30803993344306946,0.49895456433296204,0.5,0.5,0.5,0.5,0.5,0.5,0.5,0.5,0.5,0.5,0.5,0.5,0.5,0.5,0.5,0.5,0.5,0.5,0.5,0.5,0.4999050796031952,0.4998103678226471,0.5,0.5,0.5,0.49895456433296204,0.5,0.5,0.5,0.5,0.5,0.5,0.5,0.5,0.5,0.5,0.5,0.5,0.5,0.5,0.5,0.5,0.5,0.9279568195343018,2.0996813774108887

11,0.30522868037223816,0.4994288980960846,0.5,0.5,0.5,0.5,0.5,0.5,0.5,0.5,0.5,0.5,0.5,0.5,0.5,0.5,0.5,0.5,0.5,0.5,0.5,0.5,0.4994288980960846,0.5470155477523804,0.4997152090072632,0.49980980157852173,0.49990516901016235,0.532937228679657,0.5,0.5,0.5,0.5,0.5,0.5,0.5,0.5,0.5,0.5,0.5,0.5,0.5,0.5,0.5,0.5,0.5,0.9284309148788452,2.122413396835327
12,0.29189983010292053,0.4990510642528534,0.5,0.5,0.5,0.5,0.5,0.5,0.5,0.5,0.5,0.5,0.5,0.5,0.5,0.5,0.5,0.5,0.49990755319595337,0.5,0.5,0.5,0.529173731803894,0.6881495714187622,0.5438796877861023,0.4990510642528534,0.5,0.680930495262146,0.5145920515060425,0.5,0.5,0.5,0.5,0.5,0.5,0.5,0.5,0.5,0.5,0.5,0.5,0.5,0.5,0.5,0.5,0.9328246116638184,2.0858654975891113
13,0.2792764902114868,0.4993351101875305,0.5,0.5,0.5,0.5,0.5,0.5,0.5,0.5,0.5,0.5,0.5,0.5,0.5,0.5,0.5,0.5,0.8745377063751221,0.5,0.5,0.5,0.6163274049758911,0.882179856300354,0.8483603000640869,0.5210740566253662,0.4993351101875305,0.8464641571044922,0.5686108469963074,0.5232744216918945,0.5,0.5,0.5,0.5,0.5,0.5,0.5,0.5,0.5,0.5,0.5,0.5,0.5,0.5,0.5,0.9354556798934937,2.046144485473633
14,0.26731759309768677,0.5,0.5,0.5,0.5,0.5,0.5,0.5,0.5,0.5,0.5,0.5,0.5,0.5,0.5,0.5,0.5,0.5,0.9988903403282166,0.5,0.5,0.5,0.8746349811553955,0.960421085357666,0.879326343536377,0.6865970492362976,0.5735881924629211,0.9192636609077454,0.7883027791976929,0.7132411003112793,0.5,0.5,0.5,0.5,0.5,0.5,0.5,0.5,0.5,0.5,0.5,0.5,0.5,0.5,0.5,0.9396995306015015,2.0195834636688232
15,0.2520390450954437,0.5,0.5,0.5,0.5,0.5,0.5,0.5,0.5,0.5,0.5,0.5,0.5,0.5,0.5,0.5,0.5,0.5,0.9985185265541077,0.5,0.5,0.5,0.9670224189758301,0.9923649430274963,0.9945817589759827,0.8648570775985718,0.7124835848808289,0.9832442998886108,0.888084352016449,0.8649775981903076,0.5,0.5,0.5,0.5,0.5,0.5,0.5,0.5,0.5,0.5,0.5,0.5,0.5,0.5,0.5,0.9429627656936646,2.112360954284668
16,0.26434794068336487,0.4991558790206909,0.5,0.5,0.5,0.5,0.5,0.5,0.5,0.5,0.5,0.5,0.5,0.5,0.5,0.5,0.5,0.5,0.9983330368995667,0.5,0.5,0.5,0.9912381172180176,0.989797830581665,0.9927770495414734,0.9590715169906616,0.9377977848052979,0.9905141592025757,0.9595373868942261,0.994842529296875,0.5,0.5,0.5,0.5,0.5,0.5,0.4991558790206909,0.5,0.5,0.5,0.5,0.5,0.5,0.5,0.5,0.938866138458252,2.165949583053589
17,0.255967915058136,0.4992503821849823,0.5,0.5,0.5,0.5,0.5,0.5,0.5,0.5,0.5,0.5,0.5,0.5,0.5,0.5,0.5,0.5,0.9986100792884827,0.5,0.5,0.5,0.9910492897033691,0.9904452562332153,0.9913514852523804,0.9795873165130615,0.9919062852859497,0.9903262853622437,0.991620659828186,0.9956315159797668,0.5,0.5,0.5,0.5,0.5,0.5,0.4992503821849823,0.5,0.5,0.5894591808319092,0.5,0.5,0.5,0.5,0.5,0.941919207572937,2.022233486175537
18,0.2416287213563919,0.4999063014984131,0.5,0.5,0.5,0.5,0.5,0.5,0.5,0.5,0.5,0.5,0.5,0.5,0.5,0.5,0.5,0.5,0.99907386302948,0.5,0.5,0.4999063014984131,0.9916397333145142,0.9918498992919922,0.9914610981941223,0.9872158765792847,0.9922915697097778,0.9885931611061096,0.9905552268028259,0.9968773722648621,0.5,0.5,0.5,0.5,0.5,0.5,0.5566665530204773,0.5,0.5,0.5177642703056335,0.5,0.5,0.5,0.4999072253704071,0.5,0.9446725249290466,2.0918591022491455
19,0.25357112288475037,0.4996252655982971,0.5,0.5,0.5,0.5,0.5,0.5,0.5,0.5,0.5,0.5,0.5,0.5,0.5,0.5,0.5,0.5,0.9979633092880249,0.5,0.5360512137413025,0.4996252655982971,0.9910680055618286,0.9905732274055481,0.9914965629577637,0.9856654405593872,0.9910680055618286,0.9887726306915283,0.9905660152435303,0.9951575994491577,0.5,0.5,0.5,0.5,0.5,0.5,0.678016185760498,0.5,0.5,0.660831093788147,0.5,0.5,0.5,0.531467080116272,0.5,0.9435200095176697,2.050691604614258
20,0.2321779876947403,0.49859708547592163,0.5,0.5,0.5,0.5,0.5,0.5,0.5,0.5,0.5,0.5,0.5,0.5,0.5,0.5,0.5,0.5,0.9980566501617432,0.5,0.724433422088623,0.49859708547592163,0.9922215938568115,0.9892768859863281,0.9895058274269104,0.9857441186904907,0.990746021270752,0.9906684160232544,0.990368127822876,0.995273232460022,0.5,0.5,0.5,0.5,0.5,0.5,0.9261690378189087,0.5,0.5,0.6757769584655762,0.5,0.5,0.5,0.5387834906578064,0.4998144805431366,0.9472975730895996,2.136042594909668

21,0.22894996404647827,0.5,0.5,0.5,0.5,0.5,0.5,0.5,0.5,0.5,0.5,0.5,0.5,0.5,0.5,0.5,0.5,0.5,0.9985196590423584,0.5,0.8415448665618896,0.7864000797271729,0.9907618761062622,0.9909627437591553,0.9912397861480713,0.986824631690979,0.9906914830207825,0.9896702170372009,0.9926819801330566,0.9940091371536255,0.5,0.5,0.5,0.5,0.5,0.5,0.9567811489105225,0.5,0.5,0.6379310488700867,0.5,0.5,0.5,0.5817813277244568,0.5128782391548157,0.9491943120956421,2.1277878284454346
22,0.24111485481262207,0.499164342880249,0.5,0.5,0.5,0.5,0.5,0.5,0.5,0.5,0.5,0.5,0.5,0.5,0.5,0.5,0.5,0.5,0.9986100792884827,0.5,0.8213810920715332,0.9693546295166016,0.9896730184555054,0.9926834106445312,0.9915125370025635,0.9865173101425171,0.9901177883148193,0.9890172481536865,0.9908004999160767,0.9932329654693604,0.5,0.5,0.5,0.5,0.549907386302948,0.5,0.9450066685676575,0.4999070167541504,0.5206470489501953,0.7452688217163086,0.5,0.49990713596343994,0.5,0.6994413733482361,0.499164342880249,0.946601927280426,2.1684067249298096
23,0.22437117993831635,0.499813973903656,0.5,0.5,0.5,0.5,0.5,0.5,0.5,0.5,0.5,0.5,0.5,0.5,0.5,0.5,0.5,0.5,0.9974055290222168,0.5,0.9354477524757385,0.9727815389633179,0.9918437004089355,0.9896926879882812,0.9909437894821167,0.984523355960846,0.9899488091468811,0.9899506568908691,0.9893516302108765,0.9943138360977173,0.5,0.6172759532928467,0.5,0.5,0.694166898727417,0.5,0.9974775910377502,0.499813973903656,0.5079365372657776,0.6960784196853638,0.5,0.4999069273471832,0.5,0.7646019458770752,0.49990707635879517,0.9447890520095825,2.1239981651306152
24,0.23418128490447998,0.49990707635879517,0.5,0.5,0.5,0.5,0.5,0.5,0.5,0.5,0.5,0.5,0.5,0.5,0.5,0.5,0.5,0.5,0.9973127841949463,0.5,0.943636417388916,0.9968318939208984,0.988629937171936,0.9895337820053101,0.9903280735015869,0.9832348823547363,0.9887832403182983,0.9884557127952576,0.9878257513046265,0.9920786619186401,0.5,0.6622222065925598,0.5,0.5,0.8379578590393066,0.5,0.9954162836074829,0.5,0.5483871102333069,0.8302732706069946,0.5,0.49990707635879517,0.5,0.7394434213638306,0.5994434356689453,0.9499014616012573,2.1477925777435303
25,0.20682036876678467,0.4999071955680847,0.5,0.5,0.5,0.5,0.5,0.5,0.5,0.5,0.5,0.5,0.5,0.5,0.5,0.5,0.5,0.5,0.9983323812484741,0.5,0.9971076250076294,0.9964466094970703,0.9915318489074707,0.988478422164917,0.9893697500228882,0.9841586351394653,0.9900417327880859,0.9898250102996826,0.989797830581665,0.994027316570282,0.5,0.7641509771347046,0.5,0.5,0.8103480935096741,0.5,0.9955223798751831,0.5742311477661133,0.5553699135780334,0.8300873041152954,0.4999071955680847,0.5292256474494934,0.5,0.7939927577972412,0.6358065605163574,0.9523387551307678,2.0583391189575195
26,0.2071508765220642,0.5,0.5,0.5,0.5,0.5,0.5,0.5,0.5,0.5,0.5,0.5,0.5,0.5,0.5,0.5,0.5,0.5,0.9990741014480591,0.5,0.9980318546295166,0.9977566003799438,0.9894686937332153,0.9879734516143799,0.9918637275695801,0.9834285974502563,0.988018274307251,0.9897319078445435,0.9901272058486938,0.9939965605735779,0.5,0.7368518710136414,0.5,0.5,0.9993520975112915,0.5,0.9941253662109375,0.6355932354927063,0.5522600412368774,0.8343319892883301,0.5,0.7668697834014893,0.5,0.754721462726593,0.7415869235992432,0.9559741020202637,2.0464749336242676
27,0.20798656344413757,0.49990716576576233,0.5,0.5,0.5,0.5,0.5,0.5,0.5,0.5,0.5,0.5,0.5,0.5,0.5,0.5,0.5,0.5,0.9980559349060059,0.4999080002307892,0.9968123435974121,0.9961574077606201,0.9891387224197388,0.9906737804412842,0.9903519153594971,0.9851795434951782,0.9903097152709961,0.9905840158462524,0.9884052276611328,0.9924719333648682,0.5,0.7931898832321167,0.5,0.5,0.9990749359130859,0.5,0.9962588548660278,0.6447893977165222,0.6462211608886719,0.9202166795730591,0.49990716576576233,0.5477057099342346,0.5645161271095276,0.8026280403137207,0.7447298765182495,0.9551219344139099,2.080890655517578
28,0.21505878865718842,0.5,0.5,0.5,0.5,0.5,0.5,0.5,0.5,0.5,0.5,0.5,0.5,0.5,0.5,0.5,0.5,0.5,0.9979625940322876,0.5,0.9959738254547119,0.9959880709648132,0.9911226034164429,0.9887182712554932,0.9896190166473389,0.9851031303405762,0.9909212589263916,0.9875333309173584,0.989553689956665,0.9930766224861145,0.5,0.8652980327606201,0.5,0.5,0.9990747570991516,0.5,0.9959827661514282,0.6162949204444885,0.7533080577850342,0.9992555379867554,0.5089052319526672,0.8326824307441711,0.5648148059844971,0.8129832744598389,0.8268692493438721,0.9535759687423706,2.087803363800049
29,0.20334257185459137,0.49990785121917725,0.5,0.5,0.5,0.5,0.5,0.5,0.5,0.5,0.5,0.5,0.5,0.5,0.5,0.5,0.5,0.5,0.997869610786438,0.49990785121917725,0.9965433478355408,0.9965329766273499,0.9897435903549194,0.9898539781570435,0.9905050992965698,0.9836750030517578,0.9897416830062866,0.9890725612640381,0.9901829957962036,0.9933511018753052,0.5,0.9274598956108093,0.5,0.5,0.9990752935409546,0.5,0.9943841695785522,0.7765071392059326,0.8203141689300537,0.998604416847229,0.6145681738853455,0.8854331970214844,0.5429176092147827,0.8020855188369751,0.8790925741195679,0.9574859738349915,2.070695638656616
30,0.20892919600009918,0.4997236430644989,0.5,0.5,0.5,0.5,0.5,0.5,0.5,0.5,0.5,0.5,0.5,0.5,0.5,0.5,0.5,0.5,0.9979633092880249,0.4997236430644989,0.9963504076004028,0.9963687062263489,0.989617109298706,0.9890068173408508,0.9906773567199707,0.9828663468360901,0.9888719916343689,0.9905177354812622,0.9897201657295227,0.9933536052703857,0.5,0.8709616661071777,0.5,0.5,0.9987027645111084,0.5,0.9953305721282959,0.79755038022995,0.7544847726821899,0.9986041188240051,0.6487940549850464,0.9364150166511536,0.6068642735481262,0.834999144077301,0.9126685261726379,0.9596105813980103,2.128009557723999

31,0.18630635738372803,0.4998156428337097,0.5,0.5,0.5,0.5,0.5,0.5,0.5,0.5,0.5,0.5,0.5,0.5,0.5,0.5,0.5,0.5,0.9977778196334839,0.4998156428337097,0.9965413808822632,0.9969239234924316,0.989797830581665,0.9923983216285706,0.9870648384094238,0.9836595058441162,0.9921550154685974,0.9893455505371094,0.9894607067108154,0.992419958114624,0.5,0.915926456451416,0.5,0.5,0.9986085295677185,0.5,0.995409369468689,0.8802084922790527,0.8802409172058105,0.9987905025482178,0.7724710702896118,0.9981384873390198,0.7355281114578247,0.814012348651886,0.9197525978088379,0.9596774578094482,2.0446674823760986
32,0.21562430262565613,0.4998159110546112,0.5,0.5,0.5,0.5,0.5,0.5,0.5,0.5,0.5,0.5,0.5,0.5,0.5,0.5,0.5,0.5,0.997964084148407,0.4998159110546112,0.9959729909896851,0.9955098628997803,0.9897416830062866,0.9885112047195435,0.9892380833625793,0.9803081750869751,0.9901754856109619,0.9888825416564941,0.9901440143585205,0.9920227527618408,0.5,0.9727586507797241,0.5,0.4999077022075653,0.9987958669662476,0.5,0.9959039688110352,0.8550959229469299,0.9166384935379028,0.9983265399932861,0.8345038890838623,0.9976774454116821,0.7887306213378906,0.8425891399383545,0.9808028936386108,0.9566283226013184,2.085679292678833
33,0.1994105875492096,0.49963194131851196,0.5,0.5,0.5,0.5,0.5,0.5,0.5,0.5,0.5,0.5,0.5,0.5,0.5,0.5,0.5,0.5,0.9974074363708496,0.49963194131851196,0.9945814609527588,0.997012734413147,0.9901403188705444,0.9892809391021729,0.9892605543136597,0.9829751253128052,0.989980936050415,0.9906178712844849,0.9907952547073364,0.9915286302566528,0.5,0.9984227418899536,0.5,0.5,0.9983311891555786,0.5,0.9937348365783691,0.826622724533081,0.9975845813751221,0.9985100030899048,0.886942982673645,0.9986057281494141,0.9226796627044678,0.9090427160263062,0.9599813222885132,0.9582138657569885,2.1104698181152344
34,0.18289081752300262,0.49917158484458923,0.5,0.5,0.5,0.5,0.5,0.5,0.5,0.5,0.5,0.5,0.5,0.5,0.5,0.5,0.5,0.5,0.9976856112480164,0.49917158484458923,0.9960615038871765,0.995810866355896,0.9902875423431396,0.9881381988525391,0.9896878004074097,0.983349084854126,0.9897377490997314,0.988791823387146,0.9898757934570312,0.9921042919158936,0.5,0.9989801645278931,0.5,0.4999077320098877,0.9985171556472778,0.5,0.9946719408035278,0.9170728921890259,0.997491180896759,0.9989786148071289,0.9328806400299072,0.9987008571624756,0.8899806141853333,0.9278273582458496,0.9975818395614624,0.9621747136116028,2.1907498836517334
35,0.1817988157272339,0.49834224581718445,0.5,0.5,0.5,0.5,0.5,0.5,0.5,0.5,0.5,0.5,0.5,0.5,0.5,0.5,0.5,0.5,0.9982417225837708,0.49834224581718445,0.9960718154907227,0.9956855773925781,0.9903790950775146,0.9888656139373779,0.9911496043205261,0.9830701947212219,0.9880861639976501,0.9893878698348999,0.9926875829696655,0.9929684400558472,0.5,0.9987046718597412,0.5,0.49981531500816345,0.9981471300125122,0.5,0.9951210021972656,0.998603105545044,0.9978644251823425,0.9982361793518066,0.9902230501174927,0.9979519844055176,0.9636356234550476,0.9985135793685913,0.9984156489372253,0.958480954170227,2.0289525985717773
36,0.18847131729125977,0.4861878454685211,0.5,0.5,0.5,0.5,0.5,0.5,0.5,0.5,0.5,0.5,0.5,0.5,0.5,0.5,0.5,0.5,0.9974976778030396,0.4861878454685211,0.9956058263778687,0.9961825013160706,0.9918126463890076,0.9895377159118652,0.9892829656600952,0.9823830127716064,0.9901942014694214,0.9895793795585632,0.9898386001586914,0.9934484958648682,0.5,0.9985179901123047,0.5,0.4998154640197754,0.9985176920890808,0.5,0.9956132173538208,0.9988833069801331,0.9977732300758362,0.9977678656578064,0.9977732300758362,0.9978644251823425,0.9676030874252319,0.9983280897140503,0.9963700771331787,0.9635857939720154,2.0648205280303955
37,0.16789528727531433,0.48213955760002136,0.5,0.5,0.5,0.5,0.5,0.5,0.5,0.5,0.5,0.5,0.5,0.5,0.5,0.5,0.5,0.5,0.9979648590087891,0.48213955760002136,0.9962637424468994,0.9958939552307129,0.9891098737716675,0.9911748170852661,0.9895992279052734,0.9803547859191895,0.988389790058136,0.9895655512809753,0.9894305467605591,0.9929924011230469,0.499907910823822,0.9989814758300781,0.5,0.5879586935043335,0.9980526566505432,0.5,0.99588942527771,0.9989782571792603,0.9972150325775146,0.9985110759735107,0.99730384349823,0.9978600740432739,0.9988841414451599,0.9982365369796753,0.9970288276672363,0.9643025398254395,2.037743330001831
38,0.1799595057964325,0.47688767313957214,0.5,0.5,0.5,0.5,0.5,0.5,0.5,0.5,0.5,0.5,0.5,0.5,0.5,0.5,0.5,0.5,0.9981478452682495,0.47688767313957214,0.9970194101333618,0.9963537454605103,0.9903171062469482,0.9895038604736328,0.9887533187866211,0.978745698928833,0.9911563396453857,0.9892086386680603,0.9903335571289062,0.9910390973091125,0.5,0.9987008571624756,0.4996309280395508,0.6592613458633423,0.9981478452682495,0.5,0.9943011999130249,0.9989778995513916,0.9970299005508423,0.9981367588043213,0.9971151947975159,0.9974972009658813,0.9985129833221436,0.9981409311294556,0.9968395233154297,0.9602657556533813,2.070739984512329
39,0.15975043177604675,0.5,0.5,0.5,0.5,0.5,0.5,0.5,0.5,0.5,0.5,0.5,0.5,0.5,0.5,0.5,0.5,0.5,0.9989808797836304,0.8983665108680725,0.9966336488723755,0.9966355562210083,0.9907478094100952,0.9895064830780029,0.9898017644882202,0.9792060852050781,0.9905033111572266,0.9879117012023926,0.9888486862182617,0.9930673837661743,0.5,0.9987953901290894,0.5711517930030823,0.8746306896209717,0.9984241724014282,0.5,0.9956017136573792,0.998139500617981,0.9977666139602661,0.9981419444084167,0.997112512588501,0.9969359636306763,0.9982325434684753,0.9983274340629578,0.9968442916870117,0.9670134782791138,2.0810117721557617
40,0.16648384928703308,0.4999076724052429,0.5,0.5,0.5,0.4999076724052429,0.5,0.5,0.4999077320098877,0.5,0.5,0.5,0.5,0.5,0.5,0.5,0.5,0.5,0.997962236404419,0.9430228471755981,0.9959850311279297,0.995704174041748,0.9883301854133606,0.9888910055160522,0.9917205572128296,0.9793254137039185,0.989626944065094,0.9904065132141113,0.9890642762184143,0.9938271641731262,0.4999076724052429,0.9986103773117065,0.5,0.9992614388465881,0.9986110925674438,0.5,0.9952282905578613,0.9982345104217529,0.9965670704841614,0.9980454444885254,0.9969319105148315,0.99721759557724,0.9986054301261902,0.9986981153488159,0.9965581297874451,0.9656808376312256,2.186964511871338

41,0.1723472774028778,0.5,0.5,0.5,0.5,0.5,0.5,0.5,0.5,0.5,0.5,0.5,0.5,0.5,0.5,0.5,0.5,0.5192307829856873,0.997962236404419,0.9298083782196045,0.9965388178825378,0.9966399073600769,0.9914692044258118,0.9906613230705261,0.9897591471672058,0.9800342321395874,0.989875078201294,0.989922046661377,0.9883476495742798,0.9915318489074707,0.5,0.9987947344779968,0.5227272510528564,0.9998153448104858,0.9982414245605469,0.5,0.9953999519348145,0.9982365369796753,0.9961910247802734,0.9975764751434326,0.9967514276504517,0.9974841475486755,0.9983299374580383,0.9987918138504028,0.997489333152771,0.9624086618423462,2.0910398960113525
42,0.15162082016468048,0.499815434217453,0.5,0.5,0.5,0.5,0.5,0.5,0.5,0.5,0.5,0.499815434217453,0.5,0.5,0.5,0.4999077320098877,0.5,0.75,0.9986097812652588,0.9085129499435425,0.9950531721115112,0.9960585832595825,0.9894406795501709,0.9903754591941833,0.991296112537384,0.9769743084907532,0.9907934665679932,0.9904743432998657,0.9892605543136597,0.9918954968452454,0.49990764260292053,0.9982407093048096,0.807415246963501,0.99944669008255,0.9984267950057983,0.5,0.994662880897522,0.9986069798469543,0.9984200596809387,0.998602569103241,0.997394859790802,0.996564507484436,0.998422384262085,0.998227596282959,0.9974944591522217,0.9688721299171448,2.09281587600708
43,0.15797223150730133,0.4999076724052429,0.5,0.5,0.5,0.49990788102149963,0.5,0.5,0.4999076724052429,0.5,0.5,0.5,0.5,0.5,0.5,0.4999076724052429,0.5,0.8483923673629761,0.9980555772781372,0.9084377288818359,0.995792031288147,0.9958061575889587,0.9901159405708313,0.988979697227478,0.9890809059143066,0.9774971604347229,0.9915286302566528,0.9895437359809875,0.9883057475090027,0.9912564158439636,0.5,0.9987961053848267,0.9999078512191772,0.9991688132286072,0.9980573654174805,0.5,0.9947624206542969,0.9979512095451355,0.9970221519470215,0.9983274340629578,0.9970337152481079,0.9974902272224426,0.998235821723938,0.9973022937774658,0.9980483055114746,0.9687836170196533,2.189457654953003
44,0.14700813591480255,0.4999076724052429,0.5,0.54347825050354,0.5,0.4999077618122101,0.5,0.5,0.557415246963501,0.5,0.5,0.4999077618122101,0.4999076724052429,0.5,0.49990779161453247,0.5687807202339172,0.5,0.8999999761581421,0.9979633092880249,0.9034603238105774,0.9954324960708618,0.995704174041748,0.9905105233192444,0.9873285293579102,0.9894766807556152,0.9768791198730469,0.9889014959335327,0.9888994693756104,0.9905050992965698,0.9931402206420898,0.49990782141685486,0.9982436895370483,0.7724509835243225,0.9995385408401489,0.9975013732910156,0.5,0.9948588609695435,0.9975764751434326,0.9968348741531372,0.9979572892189026,0.9971162676811218,0.9972004890441895,0.9980483055114746,0.9977620244026184,0.9975818395614624,0.9702402949333191,2.047907829284668
45,0.1490873396396637,0.4996316730976105,0.5,0.5681818127632141,0.5,0.4998154044151306,0.5,0.5,0.6873156428337097,0.4998154640197754,0.5,0.5,0.574999988079071,0.5,0.7406483888626099,0.4996316730976105,0.5,0.6942600011825562,0.9978675842285156,0.9020076990127563,0.9962602853775024,0.9959880709648132,0.988696813583374,0.9895912408828735,0.9898989796638489,0.9760456085205078,0.991289496421814,0.9890725612640381,0.9890788197517395,0.9910578727722168,0.8448275923728943,0.9980548620223999,0.7498155832290649,0.9997234344482422,0.9987039566040039,0.5,0.9944746494293213,0.997491180896759,0.9970282316207886,0.9980530738830566,0.9968425035476685,0.9966492652893066,0.9973953366279602,0.9985102415084839,0.9969398975372314,0.9698638916015625,2.0765397548675537
46,0.1363057792186737,0.4997234046459198,0.5,0.7749999761581421,0.5,0.5,0.5,0.5600000023841858,0.4997234046459198,0.5,0.6999076008796692,0.49990761280059814,0.49990782141685486,0.5,1.0,0.5,0.5,0.8928571343421936,0.9980562925338745,0.890771746635437,0.9953148365020752,0.9956091046333313,0.9902560114860535,0.9900801181793213,0.991348147392273,0.9777355194091797,0.9896584749221802,0.988303542137146,0.988601803779602,0.9919431209564209,0.9999077916145325,0.9983370304107666,0.9407154321670532,0.999262273311615,0.9985176920890808,0.5,0.9942175149917603,0.9986947774887085,0.996741771697998,0.9977641105651855,0.9976778626441956,0.9971168041229248,0.9985176920890808,0.9985108375549316,0.9974930286407471,0.9733161330223083,2.0734102725982666
47,0.13773462176322937,0.4997228980064392,0.49990761280059814,0.782516360282898,0.5,0.4997228980064392,0.5,0.615292489528656,0.49972349405288696,0.8391933441162109,0.999722957611084,0.49990788102149963,0.5249077677726746,0.4999077320098877,0.7915745377540588,0.7424871325492859,0.5,0.7941176891326904,0.998242974281311,0.893264651298523,0.9968218803405762,0.99588942527771,0.9891531467437744,0.9909506440162659,0.9882084131240845,0.9780543446540833,0.9898481965065002,0.9899296760559082,0.9901604652404785,0.9927976131439209,1.0,0.9982423782348633,0.9997234344482422,0.9993530511856079,0.9980555772781372,0.49981561303138733,0.9941198825836182,0.9970282316207886,0.99693763256073,0.9980483055114746,0.997400164604187,0.9968348741531372,0.9972119331359863,0.9976718425750732,0.996472954750061,0.9699548482894897,2.139224052429199
48,0.13531124591827393,0.49972328543663025,0.5,0.8095238208770752,0.5,0.6386122703552246,0.49972328543663025,0.5,0.6814490556716919,0.6386122703552246,0.8330565690994263,0.4997234642505646,0.7352941036224365,0.4998156428337097,0.8611111044883728,0.9993537664413452,0.5,0.9542685747146606,0.9985198974609375,0.8996504545211792,0.9962623715400696,0.9951356649398804,0.9918313026428223,0.9889775514602661,0.9898269772529602,0.9788772463798523,0.9873260855674744,0.9894325733184814,0.9908866882324219,0.9913760423660278,0.9999076724052429,0.9978624582290649,0.9997233152389526,0.9996305704116821,0.9986108541488647,0.5227272510528564,0.9944787621498108,0.9981433153152466,0.9972150325775146,0.9982384443283081,0.9977611899375916,0.996933102607727,0.9985138177871704,0.9974962472915649,0.9967405796051025,0.9755176305770874,2.118867874145508
49,0.1329953968524933,0.4998157322406769,0.5,0.8235294222831726,0.6551724076271057,0.5,0.5,0.5869565010070801,0.9997234344482422,0.8748154640197754,0.9998156428337097,0.4998157322406769,0.8500000238418579,0.4999077618122101,0.999722957611084,0.8073238134384155,0.5,0.9999077320098877,0.996849536895752,0.9015095829963684,0.9946639537811279,0.9947683215141296,0.9895157814025879,0.9882375001907349,0.99041748046875,0.9789053201675415,0.9910951256752014,0.9885561466217041,0.9898681044578552,0.9937775135040283,0.9995384216308594,0.9981471300125122,0.9995388984680176,0.9991697072982788,0.9982407093048096,0.5832411050796509,0.9948636293411255,0.9974011182785034,0.9971189498901367,0.9982312321662903,0.9976739883422852,0.9969251155853271,0.9977703094482422,0.9976804256439209,0.9969336986541748,0.9707515239715576,2.1438236236572266
50,0.1318327933549881,0.49963098764419556,0.5,0.9999076724052429,0.7810656428337097,0.5293195843696594,0.5,0.9999077320098877,0.9997232556343079,0.9419382810592651,0.9996310472488403,0.49963098764419556,0.9333333373069763,0.4998156726360321,0.9998157024383545,0.8496309518814087,0.49981555342674255,0.9999077320098877,0.9986121654510498,0.8889298439025879,0.9956181049346924,0.996073305606842,0.9904192686080933,0.989227831363678,0.989553689956665,0.976308286190033,0.9900323152542114,0.9880228042602539,0.9888888597488403,0.9920439720153809,0.999723494052887,0.9977716207504272,0.9994471073150635,0.9993548393249512,0.9986088275909424,0.7141933441162109,0.9948617219924927,0.9973113536834717,0.9962756037712097,0.9973987340927124,0.9960096478462219,0.9973047971725464,0.9985138177871704,0.9981412887573242,0.9964611530303955,0.9726609587669373,2.1457293033599854

51,0.10896331816911697,0.49926212430000305,0.5,0.9998154044151306,0.6304347515106201,0.5332411527633667,0.499907910823822,0.9999076128005981,0.9994462728500366,0.9997232556343079,0.9994459748268127,0.49926212430000305,1.0,0.4998154938220978,1.0,0.7996313571929932,0.5769230723381042,1.0,0.9982390999794006,0.88438880443573,0.9956083297729492,0.9960799217224121,0.9909799098968506,0.9887225031852722,0.9871453046798706,0.9769567847251892,0.9897396564483643,0.9886105060577393,0.9895278215408325,0.9926972389221191,1.0,0.9978703260421753,0.9998151659965515,0.999538242816925,0.9977744817733765,0.8460614681243896,0.9953227043151855,0.9973973035812378,0.9963754415512085,0.9981450438499451,0.996374785900116,0.9964690208435059,0.997588574886322,0.9979546070098877,0.9962887763977051,0.9783040285110474,2.1875977516174316
52,0.12154696136713028,0.4998157322406769,0.5,0.9996310472488403,0.9999076724052429,0.9227075576782227,0.5,0.9995384216308594,0.9992620944976807,0.9996306896209717,0.9998155832290649,0.617462694644928,0.9997230768203735,0.49990782141685486,1.0,0.9716688990592957,0.4998157322406769,0.9996306896209717,0.9973192811012268,0.8822553753852844,0.995602548122406,0.9965336322784424,0.9892442226409912,0.9897764325141907,0.9886752963066101,0.9781125783920288,0.988632082939148,0.990779459476471,0.9893838763237,0.993018388748169,0.999907910823822,0.9982420206069946,0.9996314644813538,0.9993538856506348,0.9977765083312988,0.70445317029953,0.9942110180854797,0.997394859790802,0.9964749813079834,0.9973018169403076,0.9969404935836792,0.9970194101333618,0.9970293045043945,0.9979606866836548,0.997489333152771,0.9728084206581116,2.0191783905029297
53,0.10795771330595016,0.4997234642505646,0.5356221199035645,0.9999077916145325,0.7499078512191772,0.9991703629493713,0.9217825531959534,0.9997232556343079,0.9995390176773071,0.9997233152389526,0.9993547201156616,0.9212278127670288,0.9999077320098877,0.5933812856674194,0.9989844560623169,0.9995383024215698,0.4997234642505646,0.9998153448104858,0.9978687763214111,0.8766580820083618,0.9954239726066589,0.9950485825538635,0.9891902208328247,0.9902072548866272,0.9903262853622437,0.9772512912750244,0.9870402216911316,0.989227831363678,0.9911563396453857,0.9925940036773682,0.9997234344482422,0.9984270930290222,0.9993546009063721,0.9995388388633728,0.9975930452346802,0.7677647471427917,0.9944756627082825,0.997863233089447,0.9968348741531372,0.9977748990058899,0.9963781833648682,0.9971237778663635,0.9972093105316162,0.9979553818702698,0.9966598749160767,0.9775835275650024,2.009835720062256
54,0.1111808568239212,0.6797230243682861,0.6797230243682861,0.9997232556343079,0.9210526347160339,0.9996311664581299,0.7643370628356934,0.9998157024383545,0.9995380640029907,0.9997233152389526,0.9995391368865967,0.9997233152389526,0.9999077320098877,0.8330562114715576,0.9995380640029907,0.9997238516807556,0.710434079170227,0.9999077916145325,0.9976873397827148,0.8807770013809204,0.9965472221374512,0.9957904815673828,0.9903882741928101,0.988829493522644,0.9902912378311157,0.9769624471664429,0.9896446466445923,0.9902838468551636,0.9884162545204163,0.9923780560493469,0.9995388984680176,0.9979633092880249,0.9993546009063721,0.9994466304779053,0.9981467723846436,0.8927649855613708,0.9943830966949463,0.9981419444084167,0.9968401193618774,0.9974915981292725,0.996087908744812,0.998045802116394,0.9974958300590515,0.9983317852020264,0.9971151947975159,0.9767260551452637,2.103729486465454

55,0.11239273101091385,0.6944444179534912,0.8663901686668396,0.9995394349098206,1.0,0.999538779258728,0.9999076128005981,0.9997232556343079,0.9993547201156616,0.9998154640197754,0.9996311664581299,0.9998154640197754,0.9996312856674194,0.9994466304779053,0.9998157024383545,0.9999078512191772,0.9346902966499329,1.0,0.9976851940155029,0.8798342943191528,0.9956033229827881,0.9953253269195557,0.988813042640686,0.9902387857437134,0.988292396068573,0.977929949760437,0.9908623695373535,0.9906843900680542,0.9908466935157776,0.99314284324646,0.9994463920593262,0.9985204339027405,0.9991698861122131,0.9993550777435303,0.9974995255470276,0.6944444179534912,0.9943861961364746,0.9965620040893555,0.9976757168769836,0.9970232248306274,0.9967460036277771,0.9964762926101685,0.9977748990058899,0.9984171390533447,0.9958193898200989,0.9786065220832825,2.0970540046691895

56,0.11364474892616272,0.7749999761581421,0.8998154997825623,0.9998157024383545,0.9997234344482422,0.9993544816970825,0.9995384812355042,0.9992611408233643,0.9990777969360352,0.9996305108070374,0.9997228384017944,0.9988925457000732,0.9996304512023926,0.9994459748268127,0.9996315240859985,0.999447226524353,0.9994469881057739,0.9998155236244202,0.9980591535568237,0.8815135359764099,0.9959836006164551,0.9949523210525513,0.9901682734489441,0.9885155558586121,0.9890413284301758,0.979491114616394,0.9896150827407837,0.9894345998764038,0.9901084303855896,0.9922915697097778,0.9998154640197754,0.9980534315109253,0.9995380640029907,0.9995391368865967,0.998242974281311,0.7749999761581421,0.9950346946716309,0.997207760810852,0.9960966110229492,0.9973973035812378,0.9966548681259155,0.9968360662460327,0.9971162676811218,0.997776985168457,0.996279776096344,0.9765610694885254,2.0542190074920654

57,0.09988745301961899,0.88312166929245,1.0,0.9999077320098877,0.9998156428337097,0.9993548393249512,0.9995384216308594,0.9995388388633728,0.9989861845970154,0.9997232556343079,0.9994460940361023,0.9995388984680176,0.9997236132621765,0.999538779258728,0.9993542432785034,1.0,0.9996308088302612,0.9997230768203735,0.9973083734512329,0.88312166929245,0.9960718154907227,0.9962490797042847,0.988876223564148,0.9909489154815674,0.9901998043060303,0.976483941078186,0.9885481595993042,0.9888002872467041,0.989821195602417,0.9935459494590759,0.9999077916145325,0.9980573654174805,0.9993536472320557,0.9995383024215698,0.9985171556472778,1.0,0.9935489892959595,0.997864842414856,0.996741771697998,0.9960958957672119,0.9974883794784546,0.99730384349823,0.997864842414856,0.998234212398529,0.9951528310775757,0.9781885147094727,2.1197197437286377

58,0.08671455830335617,0.882000744342804,0.9998157024383545,0.999538779258728,0.9999077320098877,0.9997234344482422,0.9997234344482422,0.9994462728500366,0.9995390176773071,0.9996313452720642,0.9993538856506348,0.9999077320098877,0.9997233152389526,0.999538779258728,0.9997231960296631,0.999077320098877,0.9998155236244202,0.9996312856674194,0.9980519413948059,0.882000744342804,0.9958022832870483,0.9947712421417236,0.9897607564926147,0.9878072142601013,0.9895397424697876,0.9796848297119141,0.9899636507034302,0.990302324295044,0.9892237186431885,0.9932407140731812,0.9998156428337097,0.9985190629959106,0.9994462728500366,0.9996313452720642,0.9980555772781372,1.0,0.9943234920501709,0.9979568719863892,0.9968401193618774,0.9973992109298706,0.9968471527099609,0.9965620040893555,0.9973083734512329,0.9980505108833313,0.9963700771331787,0.983927845954895,2.128117561340332
59,0.10339898616075516,0.8799705505371094,0.9997232556343079,0.9992618560791016,0.9998154640197754,0.9996313452720642,0.9994459748268127,0.9990771412849426,0.9991698861122131,0.9996314644813538,0.9993550777435303,0.9992614388465881,0.99944669008255,0.9996311664581299,0.9992610216140747,0.9994469881057739,0.9998157024383545,0.9999077916145325,0.9976877570152283,0.8799705505371094,0.9959895610809326,0.9943022727966309,0.9901885986328125,0.9884052276611328,0.989626944065094,0.977855920791626,0.9917426109313965,0.9893353581428528,0.9879598021507263,0.9919893145561218,0.999815821647644,0.9987987279891968,0.9997236132621765,0.9992616176605225,0.9983311891555786,0.9580563902854919,0.9945814609527588,0.9974049925804138,0.9969279766082764,0.9959062337875366,0.9955390691757202,0.99571692943573,0.9971146583557129,0.9977661967277527,0.9975836277008057,0.9800187349319458,2.1524181365966797
60,0.1038733646273613,0.8784505128860474,0.9993541240692139,0.9994465112686157,0.9999077320098877,0.9993536472320557,0.9998152256011963,0.9992626905441284,0.9989861845970154,0.9999078512191772,0.9996311664581299,0.9991697072982788,0.9994468688964844,0.9999078512191772,0.9991692900657654,0.9983407258987427,0.9998157024383545,0.9999077916145325,0.9975863695144653,0.8784505128860474,0.9959836006164551,0.9954231381416321,0.990123450756073,0.9899104833602905,0.9897377490997314,0.9768747687339783,0.9896956086158752,0.9901885986328125,0.9892092943191528,0.992599606513977,0.9996309876441956,0.9978719353675842,0.999262273311615,0.9991695880889893,0.9975041151046753,0.9999077320098877,0.9939455986022949,0.997112512588501,0.9972155094146729,0.9977732300758362,0.9967496395111084,0.9967514276504517,0.996741771697998,0.9974879026412964,0.9962818622589111,0.9811868667602539,2.0387792587280273

61,0.0969478189945221,0.8821093440055847,0.9993553161621094,0.999630868434906,0.9998155832290649,0.9995385408401489,0.9996311664581299,0.9995388388633728,0.9988927841186523,0.999630868434906,0.9988000392913818,0.9996309876441956,0.9996306896209717,0.9991703629493713,0.999262273311615,0.9995385408401489,0.9996310472488403,0.9995385408401489,0.9976813197135925,0.8821093440055847,0.9954214096069336,0.9964472651481628,0.9873981475830078,0.9888550043106079,0.9900304079055786,0.9776133298873901,0.989313006401062,0.9908309578895569,0.9873598217964172,0.992114782333374,0.9999077320098877,0.9984267950057983,0.9988919496536255,0.998985767364502,0.9975939393043518,1.0,0.9958878755569458,0.9972119331359863,0.9961910247802734,0.9972119331359863,0.9975876808166504,0.9971221685409546,0.9954469203948975,0.9974920749664307,0.9968430995941162,0.9827383756637573,2.0984725952148438
62,0.09810234606266022,0.8776693344116211,0.9997235536575317,0.9995385408401489,0.9996314644813538,0.9991697072982788,0.999445915222168,0.9992626905441284,0.9986172914505005,0.9994460940361023,0.9990781545639038,0.9990771412849426,0.9988923668861389,0.9993548393249512,0.9996310472488403,0.9994468688964844,0.9995392560958862,0.9997233152389526,0.9978675842285156,0.8776693344116211,0.9958785772323608,0.9953148365020752,0.9902034997940063,0.9905285239219666,0.9892544746398926,0.9803231954574585,0.9897005558013916,0.9896388053894043,0.9890809059143066,0.9908797144889832,0.9996310472488403,0.9984270930290222,0.9990777969360352,0.9994463920593262,0.9975912570953369,0.9998155236244202,0.994949460029602,0.9966517686843872,0.9973083734512329,0.9969382286071777,0.9960096478462219,0.9963727593421936,0.9972160458564758,0.996843695640564,0.9952707290649414,0.9816994667053223,2.034303665161133
63,0.08832939714193344,0.8800625801086426,0.9996305704116821,0.9996313452720642,0.9996305704116821,0.9993546009063721,0.9997234344482422,0.9989856481552124,0.9989844560623169,0.9993541240692139,0.9992625713348389,0.999354362487793,0.9996311664581299,0.9997231364250183,0.9991692900657654,0.9992618560791016,0.9994460940361023,0.9997230768203735,0.9979637265205383,0.8800625801086426,0.9963585138320923,0.996073305606842,0.9918406009674072,0.9905335903167725,0.9898912906646729,0.978818416595459,0.9911293387413025,0.9903827905654907,0.9899066686630249,0.9914399981498718,0.9997228980064392,0.9988880753517151,0.9992625713348389,0.999077320098877,0.9979580640792847,1.0,0.9944921731948853,0.9976851940155029,0.9969302415847778,0.9970226883888245,0.9970271587371826,0.9963768124580383,0.9967465996742249,0.9973053336143494,0.9964697360992432,0.9825230836868286,2.080418586730957
64,0.09003154188394547,0.8756905794143677,0.9990781545639038,0.9990761280059814,0.9997233152389526,0.9995385408401489,0.9994469881057739,0.9992618560791016,0.9988932013511658,0.9996306896209717,0.9996313452720642,0.9995394349098206,0.9994463920593262,0.9990764856338501,0.999170184135437,0.9998157620429993,0.9995390176773071,0.9999078512191772,0.9980541467666626,0.8756905794143677,0.9958885908126831,0.9970957040786743,0.9907987117767334,0.9908728003501892,0.9895555973052979,0.977133572101593,0.9895257949829102,0.9894305467605591,0.9902313947677612,0.9921027421951294,0.9988919496536255,0.9985176920890808,0.9994463920593262,0.9990788698196411,0.9980562925338745,1.0,0.9938467144966125,0.9971141219139099,0.9972097873687744,0.9970271587371826,0.9979519844055176,0.9970171451568604,0.9969353675842285,0.9971184134483337,0.9973043203353882,0.9817311763763428,2.0381736755371094
65,0.08707470446825027,0.8775773048400879,0.9995379447937012,0.9991692900657654,1.0,0.9993530511856079,0.9995391368865967,0.9993542432785034,0.9985228776931763,0.9997233152389526,0.9996308088302612,0.9993541240692139,0.999538779258728,0.9989835619926453,0.9995394349098206,0.9996308088302612,0.9999076724052429,0.9994466304779053,0.9971286058425903,0.8775773048400879,0.9962602853775024,0.9964545965194702,0.9909729957580566,0.9900952577590942,0.988396406173706,0.9798702597618103,0.9890705347061157,0.9898308515548706,0.9902054071426392,0.9930766224861145,0.9995388984680176,0.99833083152771,0.9991695880889893,0.9994468688964844,0.9980566501617432,1.0,0.9946116805076599,0.9958217144012451,0.9967484474182129,0.9969313740730286,0.9965600967407227,0.9962866306304932,0.9973008632659912,0.9970271587371826,0.996099591255188,0.9832473993301392,2.0623674392700195
66,0.08773330599069595,0.8834960460662842,0.9994473457336426,0.9991703629493713,0.9998153448104858,0.9988932013511658,0.9998156428337097,0.999169111251831,0.9988936185836792,0.999170184135437,0.9995378255844116,0.9991700649261475,0.9989856481552124,0.998801589012146,0.9990766048431396,0.9989850521087646,0.9995390176773071,0.9998154640197754,0.9980562925338745,0.8834960460662842,0.9952380657196045,0.9948550462722778,0.9907900094985962,0.9892687797546387,0.9866869449615479,0.980637788772583,0.9897900819778442,0.9878396391868591,0.9894144535064697,0.9918220043182373,0.999261736869812,0.9981481432914734,0.9993544816970825,0.9993537664413452,0.9981436729431152,0.9997233152389526,0.9930931329727173,0.9971168041229248,0.9959100484848022,0.9969393014907837,0.996472954750061,0.9965670704841614,0.9963781833648682,0.9977682828903198,0.9960966110229492,0.9818211197853088,2.0836129188537598
67,0.07830414175987244,0.877073347568512,0.9990764856338501,0.9993546009063721,1.0,0.9995391368865967,0.9993540048599243,0.9991697072982788,0.9991698861122131,0.9995393753051758,0.9992619752883911,0.9989843368530273,0.9997236728668213,0.999445915222168,0.9992620944976807,0.9984326362609863,0.9992618560791016,0.9997230768203735,0.9983314871788025,0.877073347568512,0.9951465129852295,0.9963551759719849,0.989227831363678,0.9899239540100098,0.9898731708526611,0.9778921604156494,0.9886493682861328,0.990121603012085,0.9888973236083984,0.9906949996948242,0.9988936185836792,0.9982397556304932,0.9994468092918396,0.9989824295043945,0.9985182285308838,0.9998152852058411,0.9961617588996887,0.9972150325775146,0.9958170652389526,0.9960059523582458,0.9970320463180542,0.9967496395111084,0.996467113494873,0.9971237778663635,0.9965670704841614,0.9829483032226562,2.022289991378784
68,0.07285244017839432,0.8825101256370544,0.9990783333778381,0.9990764856338501,0.9994460940361023,0.9992618560791016,0.9993540048599243,0.9986144304275513,0.9987099170684814,0.9991697072982788,0.9991695880889893,0.9989844560623169,0.9995384216308594,0.9988020658493042,0.9991692900657654,0.9990764856338501,0.9993548393249512,0.9996305108070374,0.9978719353675842,0.8825101256370544,0.9964319467544556,0.9956099390983582,0.9894022941589355,0.9899201393127441,0.9903134107589722,0.9798066020011902,0.9910134077072144,0.9895992279052734,0.9899085760116577,0.9936529397964478,0.9997231960296631,0.9978691935539246,0.9994466304779053,0.9991695880889893,0.9974088668823242,0.9998155832290649,0.994020938873291,0.9961838722229004,0.9960988163948059,0.9961867332458496,0.9974020719528198,0.9969273805618286,0.99730384349823,0.9978636503219604,0.9968425035476685,0.9855347871780396,2.2315673828125
69,0.0791911631822586,0.8770023584365845,0.9992610216140747,0.9988007545471191,0.9996306896209717,0.9993541240692139,0.9991698861122131,0.999169111251831,0.998986005783081,0.9994474053382874,0.9994463920593262,0.9991686344146729,0.9990777969360352,0.9989854097366333,0.9990789890289307,0.9992625713348389,0.999538242816925,0.9998153448104858,0.9979645013809204,0.8770023584365845,0.9961668252944946,0.9957049489021301,0.9892687797546387,0.9906967878341675,0.9892442226409912,0.9823227524757385,0.988876223564148,0.9884228706359863,0.9886817932128906,0.9932586550712585,0.9992610216140747,0.9978699684143066,0.99944669008255,0.9992619752883911,0.9970343112945557,0.9997233152389526,0.994377851486206,0.9967490434646606,0.9966555237770081,0.9970260262489319,0.9969393014907837,0.9961952567100525,0.9969427585601807,0.9968442916870117,0.9960850477218628,0.9843522310256958,2.125372886657715
70,0.08154411613941193,0.8755297660827637,0.9993535280227661,0.9989843368530273,0.9997230768203735,0.9987998604774475,0.9992620944976807,0.9994462728500366,0.9989861845970154,0.9990774989128113,0.998801589012146,0.9992610216140747,0.9991688132286072,0.9996306896209717,0.9991706609725952,0.999262273311615,0.9993542432785034,0.999723494052887,0.9975961446762085,0.8755297660827637,0.9950531721115112,0.9955072999000549,0.9883323907852173,0.989177942276001,0.9891881942749023,0.9807291030883789,0.9892421960830688,0.9874429106712341,0.991747260093689,0.9905588626861572,0.9994466304779053,0.9975028038024902,0.9995394349098206,0.99944669008255,0.9980580806732178,1.0,0.9939286708831787,0.9971146583557129,0.9960966110229492,0.9971243143081665,0.9961832165718079,0.9974915981292725,0.9974925518035889,0.997674822807312,0.9958232641220093,0.9818840622901917,2.0592963695526123

71,0.07714422792196274,0.8737801313400269,0.9989863634109497,0.9990783333778381,0.9996305108070374,0.9994461536407471,0.9992625713348389,0.9993549585342407,0.998894453048706,0.9993541240692139,0.999169111251831,0.9992618560791016,0.9991683959960938,0.9986180067062378,0.9990768432617188,0.9990776777267456,0.9995385408401489,0.9997233152389526,0.9973198175430298,0.8737801313400269,0.9944900870323181,0.9945875406265259,0.99040287733078,0.9885627031326294,0.9906702041625977,0.9805281162261963,0.9907987117767334,0.9886709451675415,0.9889922142028809,0.9933687448501587,0.9992620944976807,0.9987025260925293,0.9993530511856079,0.998986542224884,0.997683048248291,1.0,0.994292676448822,0.9971221685409546,0.9973982572555542,0.9966486692428589,0.9966586232185364,0.9968460202217102,0.9969347715377808,0.997673511505127,0.9966411590576172,0.9832116365432739,2.067298412322998
72,0.07076483219861984,0.8808294534683228,0.9991707801818848,0.9988927841186523,0.9995386600494385,0.9994471073150635,0.999630868434906,0.999261736869812,0.9988000392913818,0.999538779258728,0.999170184135437,0.9993540048599243,0.9993547201156616,0.9994459748268127,0.9991707801818848,0.9988011717796326,0.999354362487793,0.9995385408401489,0.9981478452682495,0.8808294534683228,0.995415449142456,0.9961675405502319,0.9923295378684998,0.9893373847007751,0.9876837730407715,0.9822849631309509,0.9896328449249268,0.9896624088287354,0.9889334440231323,0.993236780166626,0.9991694688796997,0.9980584383010864,0.9990783333778381,0.9993531703948975,0.9976868629455566,0.9998153448104858,0.9934530258178711,0.9970210790634155,0.995730459690094,0.9972165822982788,0.9955248832702637,0.9963713884353638,0.9968371987342834,0.9969365000724792,0.9959925413131714,0.9844743609428406,2.047731876373291
73,0.06592611223459244,0.8799078464508057,0.9993538856506348,0.9988913536071777,0.9993540048599243,0.9988932013511658,0.9991703629493713,0.9992614388465881,0.9982465505599976,0.9994465112686157,0.9991697072982788,0.9990771412849426,0.998984694480896,0.9988002777099609,0.9988936185836792,0.9993542432785034,0.9993544816970825,0.9998157024383545,0.9983323812484741,0.8799078464508057,0.9943022727966309,0.9960857629776001,0.9919893145561218,0.9893717765808105,0.9900095462799072,0.9821768999099731,0.9912497997283936,0.9893496036529541,0.99001145362854,0.9920861721038818,0.9994459748268127,0.9987032413482666,0.9998154640197754,0.9989856481552124,0.998515784740448,0.9998154640197754,0.9929077625274658,0.9966505765914917,0.9963727593421936,0.996755063533783,0.9966517686843872,0.9966511726379395,0.996652364730835,0.997957706451416,0.9967460036277771,0.9858757257461548,2.023531675338745
74,0.06734095513820648,0.878935694694519,0.9987070560455322,0.9990786910057068,0.9997233152389526,0.9989844560623169,0.9993549585342407,0.9992614388465881,0.998340368270874,0.9984297156333923,0.9983401298522949,0.9990769624710083,0.9992623925209045,0.9989856481552124,0.9989867210388184,0.9993540048599243,0.9997237920761108,0.9998155832290649,0.9982378482818604,0.878935694694519,0.9966336488723755,0.995517373085022,0.9901365637779236,0.9891614317893982,0.9896289110183716,0.9814850091934204,0.9885736107826233,0.988369882106781,0.9897396564483643,0.9914692044258118,0.9995384812355042,0.998148500919342,0.9988014101982117,0.9995384812355042,0.998611330986023,0.9996312856674194,0.995055079460144,0.9969393014907837,0.9972150325775146,0.9973018169403076,0.9968366622924805,0.9969308376312256,0.9969290494918823,0.9973973035812378,0.997112512588501,0.9852180480957031,2.032835006713867
75,0.060029204934835434,0.8765432238578796,0.9988018274307251,0.9985231757164001,0.998986005783081,0.9992618560791016,0.999170184135437,0.9988014101982117,0.9988029599189758,0.9995390176773071,0.9988936185836792,0.9987087249755859,0.999262273311615,0.998984694480896,0.9994462728500366,0.9987082481384277,0.999353289604187,0.9998153448104858,0.9975930452346802,0.8765432238578796,0.9944808483123779,0.9960842728614807,0.9886925220489502,0.988601803779602,0.9894285798072815,0.9822748899459839,0.9912314414978027,0.9896506071090698,0.989270806312561,0.9921830296516418,0.9993542432785034,0.9987056255340576,0.9991689920425415,0.9987994432449341,0.9979633092880249,0.9998156428337097,0.9941033124923706,0.9964637756347656,0.9961931705474854,0.9962887763977051,0.9959100484848022,0.9965593814849854,0.9970271587371826,0.997863233089447,0.9966617226600647,0.986515998840332,2.0476789474487305
76,0.055905453860759735,0.8769088983535767,0.998984694480896,0.9990757703781128,0.999722957611084,0.9994462728500366,0.9994463920593262,0.99880051612854,0.9987082481384277,0.999169111251831,0.9991686344146729,0.9988009929656982,0.9995390176773071,0.9993541240692139,0.9986157417297363,0.998986542224884,0.9994465112686157,0.9992609024047852,0.9976894855499268,0.8769088983535767,0.9952425360679626,0.9956181049346924,0.990709125995636,0.9903097152709961,0.987581193447113,0.9851031303405762,0.9900341629981995,0.9887896776199341,0.9897377490997314,0.9921356439590454,0.9991686344146729,0.9980559349060059,0.9991700649261475,0.9990769624710083,0.9974981546401978,0.9998155832290649,0.9937394857406616,0.9976752996444702,0.997394859790802,0.9962804317474365,0.9964644908905029,0.9970215559005737,0.9979580640792847,0.9972108602523804,0.9974011182785034,0.988510012626648,2.1365466117858887
77,0.06008162349462509,0.8748388290405273,0.9989831447601318,0.9991685152053833,0.9994463920593262,0.9994469881057739,0.9990769624710083,0.9991700649261475,0.9982485175132751,0.9992626905441284,0.9992620944976807,0.9995391368865967,0.998985230922699,0.9989843368530273,0.998986005783081,0.9991685152053833,0.9995390176773071,0.9998154640197754,0.9972248077392578,0.8748388290405273,0.9951438307762146,0.9956074953079224,0.9890559911727905,0.9913629293441772,0.9890663623809814,0.9802393913269043,0.9913629293441772,0.9905786514282227,0.9897162318229675,0.9923091530799866,0.9990754127502441,0.9979606866836548,0.9994462728500366,0.999262273311615,0.9971317648887634,0.9997230768203735,0.9940253496170044,0.997953474521637,0.9970343112945557,0.9960966110229492,0.9960037469863892,0.9962009191513062,0.9972113370895386,0.9973943829536438,0.9973953366279602,0.9866005778312683,2.092092752456665
78,0.0676155686378479,0.8705958127975464,0.9988939762115479,0.9995384216308594,0.9993542432785034,0.9987080097198486,0.9986169934272766,0.9993546009063721,0.9992611408233643,0.9994462728500366,0.9990763068199158,0.9993541240692139,0.9990780353546143,0.9988946318626404,0.9994468092918396,0.9987996220588684,0.9988919496536255,0.9996304512023926,0.9974126815795898,0.8705958127975464,0.994398832321167,0.996918797492981,0.9916508197784424,0.9895397424697876,0.9920318722724915,0.9825009107589722,0.9905105233192444,0.9889901280403137,0.9898501634597778,0.9927811622619629,0.9998155236244202,0.9979584217071533,0.9991697072982788,0.9994454383850098,0.9976890087127686,0.9997228980064392,0.9955056309700012,0.9964637756347656,0.9966561794281006,0.9965523481369019,0.9972134828567505,0.997307300567627,0.9972097873687744,0.9971184134483337,0.9955348968505859,0.9832483530044556,1.979274034500122
79,0.05956457927823067,0.876357913017273,0.9989848732948303,0.9988023042678833,0.9995391368865967,0.999169111251831,0.9992625713348389,0.9991698861122131,0.9984320402145386,0.9991705417633057,0.9991698861122131,0.9988932013511658,0.999170184135437,0.999077320098877,0.9984308481216431,0.9995385408401489,0.9988002777099609,0.9995385408401489,0.9980587959289551,0.876357913017273,0.9946738481521606,0.9959684610366821,0.9898076057434082,0.9884052276611328,0.9895118474960327,0.9826012849807739,0.9899411797523499,0.9902517795562744,0.9895595908164978,0.9917535781860352,0.9995384216308594,0.9976894855499268,0.9988921880722046,0.9991700649261475,0.9977806806564331,1.0,0.9939172863960266,0.9979516267776489,0.9968366622924805,0.9962790608406067,0.9969313740730286,0.9977670311927795,0.9967472553253174,0.9971194863319397,0.9960118532180786,0.9846378564834595,2.037019968032837
80,0.05660105496644974,0.8747469186782837,0.998523473739624,0.998985767364502,0.9995390176773071,0.9988921880722046,0.9992619752883911,0.9982482194900513,0.998711109161377,0.9991703629493713,0.9989840984344482,0.999262809753418,0.9990777969360352,0.9995393753051758,0.998985767364502,0.9988930225372314,0.9994457960128784,0.9995388388633728,0.9979663491249084,0.8747469186782837,0.9948722720146179,0.9957786202430725,0.9899353981018066,0.9898056387901306,0.9907230138778687,0.9849981069564819,0.989113986492157,0.9890068173408508,0.9894083738327026,0.991281270980835,0.9985228776931763,0.9974045157432556,0.9991698861122131,0.9987080097198486,0.9985182285308838,0.9996312856674194,0.9947565793991089,0.9968454241752625,0.9958131313323975,0.9968419075012207,0.9971227049827576,0.9960007667541504,0.9970276355743408,0.996013343334198,0.9964795112609863,0.9836035966873169,2.0659408569335938

81,0.06201324984431267,0.8759903907775879,0.9984314441680908,0.9988930225372314,0.9991692900657654,0.9990776777267456,0.99880051612854,0.998708963394165,0.9988932013511658,0.9994462728500366,0.9986152052879333,0.9994469881057739,0.998986542224884,0.9992619752883911,0.9990781545639038,0.9988915920257568,0.9999076128005981,0.9995384812355042,0.997686505317688,0.8759903907775879,0.9957001209259033,0.9951392412185669,0.9900876879692078,0.9882129430770874,0.9882285594940186,0.9845819473266602,0.9902894496917725,0.989875078201294,0.9895178079605103,0.9921132326126099,0.9988011717796326,0.9977778196334839,0.9992619752883911,0.9990776777267456,0.9969456195831299,0.9996313452720642,0.9953253269195557,0.9962838888168335,0.9960037469863892,0.9970260262489319,0.9960944652557373,0.9960944652557373,0.9967478513717651,0.9970226883888245,0.9974915981292725,0.9848096370697021,2.1412978172302246
82,0.05239943414926529,0.8738025426864624,0.9981563091278076,0.998525083065033,0.99944669008255,0.9985239505767822,0.9990776777267456,0.99880051612854,0.9987094402313232,0.9990780353546143,0.9988927841186523,0.9982462525367737,0.9990764856338501,0.998428225517273,0.9983410239219666,0.998894453048706,0.99944669008255,0.9998155236244202,0.9977781772613525,0.8738025426864624,0.995714545249939,0.995333194732666,0.9901440143585205,0.9892462491989136,0.9889418482780457,0.9841525554656982,0.9905033111572266,0.9895496964454651,0.988341212272644,0.992888331413269,0.9992625713348389,0.9984264969825745,0.999262809753418,0.9991698861122131,0.9976822137832642,0.9999077320098877,0.9935441613197327,0.997110903263092,0.9979568719863892,0.9959123134613037,0.9974851012229919,0.9955456256866455,0.9969290494918823,0.9974902272224426,0.9970215559005737,0.9856935739517212,2.0505034923553467
83,0.05146189406514168,0.8809128999710083,0.9994468688964844,0.9987075328826904,0.9995390176773071,0.9994460940361023,0.9991703629493713,0.9984291195869446,0.9989856481552124,0.9994463920593262,0.9990776777267456,0.9991695880889893,0.9992630481719971,0.9988932013511658,0.9992616176605225,0.9986172914505005,0.9993536472320557,0.9997231364250183,0.9978699684143066,0.8809128999710083,0.994022011756897,0.9950448870658875,0.9904192686080933,0.9882017374038696,0.9888910055160522,0.9816373586654663,0.9908362030982971,0.9909368753433228,0.98988938331604,0.9906967878341675,0.9988011717796326,0.9989812970161438,0.9993541240692139,0.9984317421913147,0.9983336329460144,0.9998155832290649,0.9930776357650757,0.9959880709648132,0.9972196817398071,0.9966691732406616,0.9946246147155762,0.9965689778327942,0.9976774454116821,0.9968336820602417,0.9963788390159607,0.9838229417800903,2.0949056148529053
84,0.050854165107011795,0.8772350549697876,0.9984320402145386,0.998708963394165,0.9990766048431396,0.999262273311615,0.9991694688796997,0.9984331727027893,0.9988921880722046,0.9990771412849426,0.9990759491920471,0.9988909363746643,0.9981563091278076,0.9991698861122131,0.9990777969360352,0.9991698861122131,0.9998154640197754,0.9993546009063721,0.9982446432113647,0.8772350549697876,0.9957073926925659,0.9964466094970703,0.9903354048728943,0.9906001091003418,0.9895516633987427,0.9841345548629761,0.9902147054672241,0.989708423614502,0.9883253574371338,0.9916841983795166,0.9991700649261475,0.997774064540863,0.9992623925209045,0.9989848732948303,0.9984244704246521,0.9991689920425415,0.993099570274353,0.9959948062896729,0.9969347715377808,0.9970299005508423,0.9965555667877197,0.996664822101593,0.9961003065109253,0.9975823163986206,0.9965523481369019,0.9855642914772034,2.1222617626190186
85,0.05169432982802391,0.8844452500343323,0.998523473739624,0.998986005783081,0.9990781545639038,0.9990763068199158,0.9990783333778381,0.9990781545639038,0.9990777969360352,0.9991703629493713,0.9988921880722046,0.998984694480896,0.9997236728668213,0.9989850521087646,0.9987082481384277,0.9987087249755859,0.9988002777099609,0.9994461536407471,0.9971258640289307,0.8844452500343323,0.9945794343948364,0.9933483600616455,0.9893838763237,0.9887032508850098,0.9892216920852661,0.9841814041137695,0.9901440143585205,0.9914383888244629,0.9883102178573608,0.99163818359375,0.9986155033111572,0.9977843761444092,0.9988002777099609,0.9995386600494385,0.9973177909851074,0.9994466304779053,0.9943033456802368,0.9960864782333374,0.9967472553253174,0.9951690435409546,0.996554970741272,0.9961867332458496,0.9968324899673462,0.9969290494918823,0.9965593814849854,0.9856504201889038,2.138451337814331
86,0.04655783623456955,0.8788882493972778,0.9993540048599243,0.9990769624710083,0.9989833831787109,0.9986175298690796,0.9992626905441284,0.9987092018127441,0.9990789890289307,0.9991689920425415,0.999077320098877,0.9991717338562012,0.9988933801651001,0.9994466304779053,0.9990774989128113,0.9991705417633057,0.9997232556343079,0.9995388984680176,0.9973143339157104,0.8788882493972778,0.9946569204330444,0.9960629940032959,0.9887204170227051,0.9881156086921692,0.987695574760437,0.9838341474533081,0.9900152087211609,0.9898308515548706,0.988539457321167,0.9918251037597656,0.9974160194396973,0.9987063407897949,0.9992618560791016,0.999262273311615,0.9970381259918213,0.9998152256011963,0.9943998456001282,0.9972124099731445,0.9966492652893066,0.9971050024032593,0.9964723587036133,0.995721697807312,0.9977694749832153,0.9961860179901123,0.997767448425293,0.9877596497535706,2.0498623847961426
87,0.052068766206502914,0.8752990961074829,0.9987984895706177,0.9987087249755859,0.9994466304779053,0.99880051612854,0.9997230768203735,0.9987080097198486,0.998525083065033,0.9988925457000732,0.999261736869812,0.9988014101982117,0.9989861845970154,0.9990781545639038,0.998708963394165,0.9987996220588684,0.9991697072982788,0.9996309876441956,0.9962921738624573,0.8752990961074829,0.9950476884841919,0.9954197406768799,0.9906178712844849,0.9881066083908081,0.9881606101989746,0.9829815626144409,0.9888002872467041,0.9889838695526123,0.9917426109313965,0.9915027618408203,0.996121883392334,0.9980577230453491,0.9995392560958862,0.9988923668861389,0.9981512427330017,0.9998153448104858,0.992999792098999,0.9967532157897949,0.995633602142334,0.9973008632659912,0.9961031675338745,0.9958077073097229,0.9970238208770752,0.9973088502883911,0.9966604709625244,0.98591548204422,2.115572929382324
88,0.03878331929445267,0.8720501661300659,0.9986164569854736,0.998340368270874,0.9986164569854736,0.9991707801818848,0.9989848732948303,0.9985228776931763,0.9979720115661621,0.9991695880889893,0.9988921880722046,0.998986005783081,0.9992616176605225,0.9991680383682251,0.997970461845398,0.9991703629493713,0.9989843368530273,0.9998155832290649,0.9975948333740234,0.8720501661300659,0.9956017136573792,0.9946708679199219,0.9893556237220764,0.9893617033958435,0.9874093532562256,0.9866173267364502,0.9912928342819214,0.9898539781570435,0.988034188747406,0.9915382862091064,0.995574414730072,0.9982414245605469,0.9989850521087646,0.9993544816970825,0.9978762865066528,0.9996308088302612,0.9936209917068481,0.9965581297874451,0.9971227049827576,0.9962825179100037,0.9971232414245605,0.9966530203819275,0.9974049925804138,0.997307300567627,0.9951744675636292,0.9886527061462402,1.9640979766845703
89,0.05178127437829971,0.8755985498428345,0.9985231757164001,0.998708963394165,0.9986155033111572,0.9985226392745972,0.9988932013511658,0.9978786110877991,0.9984302520751953,0.998801589012146,0.9983394742012024,0.998430609703064,0.999538779258728,0.9987080097198486,0.9984326362609863,0.9987994432449341,0.999170184135437,0.9995394349098206,0.9974064826965332,0.8755985498428345,0.9946699142456055,0.9949542284011841,0.9900680780410767,0.9900839328765869,0.9888362884521484,0.9843572378158569,0.991021990776062,0.9895516633987427,0.9906932711601257,0.9933371543884277,0.9941903352737427,0.9981481432914734,0.9988014101982117,0.9988930225372314,0.9965759515762329,1.0,0.9939001798629761,0.9967454075813293,0.9961038827896118,0.9975805282592773,0.9969387650489807,0.9959107637405396,0.9972191452980042,0.9977687001228333,0.9972103834152222,0.9883466958999634,2.0768258571624756
90,0.04618363082408905,0.8762658834457397,0.9987080097198486,0.9990769624710083,0.9988937973976135,0.998985230922699,0.9990771412849426,0.999261736869812,0.9983410239219666,0.9994465112686157,0.9990776777267456,0.9984300136566162,0.9996310472488403,0.9978711605072021,0.9989863634109497,0.998986542224884,0.9994461536407471,0.9993548393249512,0.9979648590087891,0.8762658834457397,0.9954179525375366,0.9954367876052856,0.990169882774353,0.9881336688995361,0.9879894256591797,0.9851739406585693,0.9889565706253052,0.9885649085044861,0.990746021270752,0.9928680062294006,0.9921600818634033,0.9983339309692383,0.9991695880889893,0.9995377063751221,0.9967556595802307,0.9996311664581299,0.9926278591156006,0.99730384349823,0.9964611530303955,0.9960916042327881,0.9972119331359863,0.9967526197433472,0.9969267845153809,0.997962236404419,0.9970299005508423,0.9881656765937805,2.0277841091156006

91,0.039837952703237534,0.8774401545524597,0.9978793859481812,0.9990776777267456,0.9987094402313232,0.9986149668693542,0.998984694480896,0.9984326362609863,0.9984320402145386,0.999354362487793,0.9987994432449341,0.9984297156333923,0.9989861845970154,0.9981522560119629,0.9981546401977539,0.998984694480896,0.9985237121582031,0.999169111251831,0.9966685175895691,0.8774401545524597,0.9945865273475647,0.9954205751419067,0.9892421960830688,0.9907759428024292,0.9897416830062866,0.9832417964935303,0.9885517954826355,0.9893516302108765,0.9899258613586426,0.9910866618156433,0.987529993057251,0.9984276294708252,0.99880051612854,0.9990780353546143,0.9970425367355347,0.9998157024383545,0.9932985901832581,0.9964663982391357,0.9956295490264893,0.9967502355575562,0.996283233165741,0.9966530203819275,0.9970226883888245,0.9968395233154297,0.9966542720794678,0.9901782274246216,2.124164581298828
92,0.0428793802857399,0.8791451454162598,0.9983388781547546,0.9986155033111572,0.9995384812355042,0.9990771412849426,0.9984317421913147,0.9985242486000061,0.9977847337722778,0.9988923668861389,0.9993540048599243,0.9989850521087646,0.9989843368530273,0.998801589012146,0.9992619752883911,0.9988925457000732,0.9990768432617188,0.9999077320098877,0.9969478249549866,0.8791451454162598,0.9947535991668701,0.9949579834938049,0.9891036748886108,0.9901792407035828,0.9881426692008972,0.9837576150894165,0.9901421666145325,0.9886796474456787,0.9886472225189209,0.9916492700576782,0.9834932088851929,0.9983370304107666,0.9987075328826904,0.9996306896209717,0.9973198175430298,0.9997231960296631,0.9943820238113403,0.997588574886322,0.9963802099227905,0.9958240389823914,0.9966424107551575,0.996002197265625,0.9966548681259155,0.9968360662460327,0.9969336986541748,0.9898598790168762,2.0783867835998535
93,0.03553387150168419,0.8773480653762817,0.9987075328826904,0.9991705417633057,0.998985230922699,0.9985226392745972,0.9984302520751953,0.9986175298690796,0.9979715943336487,0.9990777969360352,0.9987094402313232,0.998801589012146,0.9988014101982117,0.9988932013511658,0.9976916313171387,0.9986149668693542,0.9982465505599976,0.9996305704116821,0.996664822101593,0.8773480653762817,0.9949466586112976,0.9945743680000305,0.9893174171447754,0.9890912771224976,0.9883079528808594,0.9848341345787048,0.9897338151931763,0.9891077876091003,0.989952564239502,0.9904065132141113,0.9779316782951355,0.9987027645111084,0.999447226524353,0.9988917708396912,0.9973148107528687,0.9997231960296631,0.9938433170318604,0.9970288276672363,0.995820939540863,0.9962769746780396,0.9964611530303955,0.996460497379303,0.9974907040596008,0.996374785900116,0.9978640079498291,0.9933333396911621,2.3273983001708984
94,0.04742547869682312,0.8813512325286865,0.9986167550086975,0.9989856481552124,0.9990774989128113,0.9988933801651001,0.9987092018127441,0.9976916313171387,0.9988921880722046,0.9994459748268127,0.998801589012146,0.99880051612854,0.9988927841186523,0.9987082481384277,0.997783899307251,0.9983391761779785,0.9996311664581299,0.9993541240692139,0.9962050914764404,0.8813512325286865,0.9958901405334473,0.9954171180725098,0.9906125664710999,0.9886903762817383,0.9888108968734741,0.9847735166549683,0.9887032508850098,0.9894406795501709,0.9899066686630249,0.9906861782073975,0.9781445860862732,0.9981512427330017,0.9993546009063721,0.9989843368530273,0.9976856112480164,0.9997233152389526,0.9937219023704529,0.996755063533783,0.9963639974594116,0.9963741302490234,0.9966417551040649,0.9956440925598145,0.9962838888168335,0.9969233274459839,0.9964749813079834,0.9918879270553589,2.0203843116760254
95,0.028436345979571342,0.8783609867095947,0.9980634450912476,0.998801589012146,0.9987068176269531,0.9984328746795654,0.9986167550086975,0.9982485175132751,0.9987099170684814,0.9982469081878662,0.99852454662323,0.9986169934272766,0.9983419179916382,0.9980630874633789,0.9985239505767822,0.998985767364502,0.9992616176605225,0.9990780353546143,0.995736837387085,0.8783609867095947,0.9956041574478149,0.9961646795272827,0.9917284250259399,0.9905141592025757,0.988829493522644,0.9865432381629944,0.9887096881866455,0.9893333315849304,0.9892585277557373,0.9915463924407959,0.9661000967025757,0.9983317852020264,0.9989854097366333,0.9992611408233643,0.997865617275238,0.9995390772819519,0.9936341643333435,0.9972113370895386,0.9962818622589111,0.9962784051895142,0.997775673866272,0.9968430995941162,0.9966573715209961,0.9965639114379883,0.9968448281288147,0.9950037002563477,2.0404701232910156
96,0.031189745292067528,0.8794215321540833,0.9984326362609863,0.9984346628189087,0.998894214630127,0.9989839196205139,0.9986169934272766,0.9977855682373047,0.9984328746795654,0.9993534088134766,0.9987094402313232,0.9988936185836792,0.9991692900657654,0.9985215663909912,0.99843430519104,0.9985239505767822,0.9995381832122803,0.9994461536407471,0.9959206581115723,0.8794215321540833,0.9952345490455627,0.9954359531402588,0.9886946678161621,0.9893637299537659,0.9893697500228882,0.9857820272445679,0.9877885580062866,0.9903097152709961,0.9885953664779663,0.9915918111801147,0.9634101390838623,0.9975060224533081,0.99944669008255,0.9986159801483154,0.9986108541488647,0.99944669008255,0.9942936897277832,0.9964697360992432,0.9955423474311829,0.9969438910484314,0.9970226883888245,0.9958170652389526,0.9972150325775146,0.9973043203353882,0.996564507484436,0.9951210618019104,2.00632643699646
97,0.03533034399151802,0.8763827085494995,0.9982459545135498,0.999261736869812,0.9992623925209045,0.9981542825698853,0.9991700649261475,0.9983413219451904,0.9988946318626404,0.9986159801483154,0.9988002777099609,0.9979689717292786,0.9994468092918396,0.9977880120277405,0.9990763068199158,0.999262809753418,0.9990776777267456,0.9990769624710083,0.9962030053138733,0.8763827085494995,0.9953253269195557,0.9959039688110352,0.9893475770950317,0.9889587163925171,0.988632082939148,0.9853668212890625,0.9866945743560791,0.9898597002029419,0.988979697227478,0.9934819936752319,0.9559149742126465,0.9982388019561768,0.9990785121917725,0.9991695880889893,0.9982397556304932,0.9994455575942993,0.9940130710601807,0.9966604709625244,0.9967514276504517,0.9960886240005493,0.9959948062896729,0.9973987340927124,0.997307300567627,0.9956368207931519,0.9968377947807312,0.9938826560974121,2.010225296020508
98,0.031142935156822205,0.8763341903686523,0.9987092018127441,0.9992623925209045,0.9990785121917725,0.9986159801483154,0.9989848732948303,0.9984300136566162,0.9983385801315308,0.9993548393249512,0.999170184135437,0.9982495307922363,0.9991706609725952,0.998986542224884,0.9991700649261475,0.9993542432785034,0.9994465112686157,0.9997231364250183,0.9952830076217651,0.8763341903686523,0.9955959320068359,0.9948694109916687,0.9899790287017822,0.9896485805511475,0.9878465533256531,0.9829480648040771,0.9893536567687988,0.9890109896659851,0.9888719916343689,0.9887619018554688,0.9467712044715881,0.998424768447876,0.9992623925209045,0.9994460940361023,0.996759295463562,0.9998154044151306,0.9944911003112793,0.9974907040596008,0.9965593814849854,0.9970166087150574,0.9956311583518982,0.9969365000724792,0.9975854158401489,0.996843695640564,0.9969325065612793,0.9952864646911621,2.050182342529297
99,0.03315982222557068,0.8809611797332764,0.9978766441345215,0.9988007545471191,0.9989848732948303,0.9987101554870605,0.9986172914505005,0.9982475638389587,0.9979678392410278,0.998708963394165,0.9989837408065796,0.998984694480896,0.998894214630127,0.9981556534767151,0.9984320402145386,0.9981556534767151,0.9991707801818848,0.999354362487793,0.9953643679618835,0.8809611797332764,0.9950337409973145,0.9961610436439514,0.9895377159118652,0.9908832311630249,0.9866147637367249,0.9862558841705322,0.9889334440231323,0.9876284599304199,0.9895496964454651,0.9904229044914246,0.9443932175636292,0.9981495141983032,0.9991697072982788,0.999262809753418,0.9974991083145142,0.999538779258728,0.9944019317626953,0.9965632557868958,0.9970254898071289,0.9961952567100525,0.9970288276672363,0.9956368207931519,0.9970254898071289,0.996833086013794,0.9965658187866211,0.9939956665039062,2.0643203258514404
100,0.02891278639435768,0.8880088329315186,0.9987080097198486,0.9985242486000061,0.9984317421913147,0.9984320402145386,0.998985230922699,0.9982498288154602,0.9979730844497681,0.9983401298522949,0.9992625713348389,0.9980616569519043,0.9992623925209045,0.9987087249755859,0.9976041316986084,0.9991692900657654,0.9988007545471191,0.9994471073150635,0.9944372177124023,0.8880088329315186,0.994947612285614,0.9957959651947021,0.9897338151931763,0.9896761178970337,0.9869945049285889,0.9858940243721008,0.9897435903549194,0.9882835149765015,0.9892504215240479,0.9917237758636475,0.9398080110549927,0.997869610786438,0.9996313452720642,0.9992619752883911,0.9957320690155029,0.999722957611084,0.9933669567108154,0.9963774681091309,0.9965639114379883,0.997394859790802,0.9972093105316162,0.9959168434143066,0.9961782693862915,0.9967502355575562,0.995902419090271,0.9951905012130737,2.000249147415161

101,0.024154342710971832,0.8826727867126465,0.9987096786499023,0.9991695880889893,0.9986157417297363,0.9987077713012695,0.9990781545639038,0.9987084865570068,0.9984294176101685,0.998984694480896,0.9983391761779785,0.9979715943336487,0.9985266923904419,0.9987103939056396,0.9988007545471191,0.9988936185836792,0.999170184135437,0.9989869594573975,0.9945268630981445,0.8826727867126465,0.9951283931732178,0.9958947896957397,0.9894366264343262,0.9909695386886597,0.9855486154556274,0.9878971576690674,0.9893292784690857,0.9887747764587402,0.9891531467437744,0.9916094541549683,0.9301124811172485,0.997964084148407,0.9994456768035889,0.9996311664581299,0.9974074363708496,0.9994469881057739,0.99204421043396,0.997397780418396,0.9980501532554626,0.9955390691757202,0.996838390827179,0.997864842414856,0.9971157312393188,0.996192455291748,0.9965670704841614,0.9959617853164673,1.9723775386810303
102,0.028914675116539,0.8798307180404663,0.9985242486000061,0.998613715171814,0.9986146688461304,0.9993535280227661,0.9990781545639038,0.9987082481384277,0.9976946115493774,0.9993536472320557,0.9986164569854736,0.9985253810882568,0.9989835619926453,0.9991697072982788,0.9986172914505005,0.9987087249755859,0.9984322786331177,0.9987080097198486,0.9938031435012817,0.8798307180404663,0.9959858059883118,0.995142936706543,0.9883986711502075,0.9889670610427856,0.9878902435302734,0.9856135845184326,0.9897044897079468,0.9902894496917725,0.9893637299537659,0.9907162189483643,0.9199593663215637,0.998704195022583,0.9994463920593262,0.9996312856674194,0.997217059135437,0.9994463920593262,0.9940119981765747,0.9971162676811218,0.9978624582290649,0.9977728128433228,0.9956262707710266,0.9960088729858398,0.9969353675842285,0.9965696334838867,0.9967544078826904,0.9941691160202026,2.043887138366699
103,0.025631925091147423,0.8760361075401306,0.9986164569854736,0.9984311461448669,0.998612642288208,0.998525083065033,0.9987084865570068,0.9983388781547546,0.9979701042175293,0.9988932013511658,0.9988011717796326,0.998060941696167,0.9985226392745972,0.9983385801315308,0.9981539249420166,0.9987075328826904,0.9990774989128113,0.9990777969360352,0.9924060106277466,0.8760361075401306,0.9947683215141296,0.9951374530792236,0.9910663366317749,0.9894527196884155,0.9894787073135376,0.9864300489425659,0.9913382530212402,0.9898405075073242,0.9902498722076416,0.9913694858551025,0.9061807990074158,0.9986106157302856,0.9990776777267456,0.9993537664413452,0.9965721368789673,0.9997230768203735,0.9955072999000549,0.9973933696746826,0.9968377947807312,0.9971168041229248,0.9967423677444458,0.9962804317474365,0.9979584217071533,0.9971232414245605,0.9971184134483337,0.9948434829711914,1.9848570823669434
104,0.028080664575099945,0.8849695920944214,0.9995385408401489,0.9983410239219666,0.9986172914505005,0.999170184135437,0.998708963394165,0.9979701042175293,0.9980641603469849,0.99880051612854,0.9986169934272766,0.9975050687789917,0.9988930225372314,0.9984294176101685,0.9986162185668945,0.9984308481216431,0.9990764856338501,0.9978770613670349,0.9938911199569702,0.8849695920944214,0.9952247142791748,0.995902419090271,0.9896780252456665,0.9898134469985962,0.988796055316925,0.9869821071624756,0.9890725612640381,0.9886989593505859,0.9886471033096313,0.9899353981018066,0.9052184820175171,0.9982420206069946,0.9993530511856079,0.9987068176269531,0.9978668093681335,0.9996309876441956,0.9926209449768066,0.9968371987342834,0.9961945414543152,0.9956344366073608,0.9967429637908936,0.9965497851371765,0.9972119331359863,0.9968395233154297,0.9967478513717651,0.9941605925559998,2.09706974029541
105,0.019837792962789536,0.8775078058242798,0.9987087249755859,0.9986164569854736,0.9988014101982117,0.9987077713012695,0.9994459748268127,0.9981566667556763,0.997783899307251,0.9992620944976807,0.999262809753418,0.9976032376289368,0.9986164569854736,0.9991689920425415,0.99852454662323,0.9986159801483154,0.9996305108070374,0.9969590902328491,0.9938865900039673,0.8775078058242798,0.9950494766235352,0.9952327609062195,0.9889859557151794,0.9881268739700317,0.987462043762207,0.9859901666641235,0.9901586174964905,0.9895496964454651,0.9894486665725708,0.9910510182380676,0.895037829875946,0.9982390999794006,0.9996305108070374,0.999170184135437,0.9981450438499451,0.9993537664413452,0.9952407479286194,0.9972155094146729,0.9967580437660217,0.995734453201294,0.9963868856430054,0.9960067272186279,0.9973968267440796,0.997217059135437,0.9971173405647278,0.9964041709899902,1.971390962600708
106,0.02333788014948368,0.8855931758880615,0.9980591535568237,0.9986149668693542,0.9988018274307251,0.9983410239219666,0.99880051612854,0.9984300136566162,0.9976028203964233,0.9990764856338501,0.9986169934272766,0.9989863634109497,0.998985230922699,0.9992626905441284,0.998340368270874,0.9991697072982788,0.998894214630127,0.9966795444488525,0.9932495355606079,0.8855931758880615,0.9948655366897583,0.9953279495239258,0.9894506931304932,0.9899258613586426,0.9878442287445068,0.9869796633720398,0.9895635843276978,0.9908484220504761,0.9896682500839233,0.991364598274231,0.8921984434127808,0.9986075162887573,0.9990771412849426,0.9990754127502441,0.9977790117263794,0.999631404876709,0.9944673776626587,0.9967447519302368,0.9971157312393188,0.9958248138427734,0.9963693618774414,0.9973083734512329,0.9973063468933105,0.9961803555488586,0.9956344366073608,0.9943077564239502,2.0055980682373047
107,0.02001948095858097,0.8816758394241333,0.99880051612854,0.9982491731643677,0.9989863634109497,0.9988936185836792,0.9991679191589355,0.9986152052879333,0.9986172914505005,0.9989843368530273,0.9986167550086975,0.9989863634109497,0.9991706609725952,0.9984314441680908,0.9979723691940308,0.9987087249755859,0.9993536472320557,0.9921528697013855,0.9911078214645386,0.8816758394241333,0.9948530793190002,0.995710551738739,0.9878627061843872,0.9899923801422119,0.9879277944564819,0.987589955329895,0.9896956086158752,0.9873925447463989,0.9899866580963135,0.990401029586792,0.88974928855896,0.9980555772781372,0.9991692900657654,0.9994468688964844,0.9978703260421753,0.999262273311615,0.9944859743118286,0.9967387318611145,0.9958970546722412,0.9959176182746887,0.9969273805618286,0.9964697360992432,0.997031569480896,0.9972186088562012,0.9965677261352539,0.9950801730155945,2.0542538166046143
108,0.018285155296325684,0.8802428245544434,0.9982491731643677,0.9988921880722046,0.9987998604774475,0.9989856481552124,0.9987998604774475,0.9988002777099609,0.9981570243835449,0.9986152052879333,0.9985228776931763,0.9984285831451416,0.998430609703064,0.9985237121582031,0.9982491731643677,0.9988923668861389,0.9991688132286072,0.9876383543014526,0.9931468963623047,0.8802428245544434,0.9950393438339233,0.9938501715660095,0.9890642762184143,0.9917237758636475,0.9883146286010742,0.9881584048271179,0.9887981414794922,0.9891717433929443,0.9903078675270081,0.9915399551391602,0.883330225944519,0.9987049102783203,0.9991695880889893,0.9992625713348389,0.9984227418899536,0.9993538856506348,0.9945814609527588,0.9970260262489319,0.9970194101333618,0.9962887763977051,0.9967520236968994,0.9967532157897949,0.9969398975372314,0.996738076210022,0.9967496395111084,0.9952606558799744,2.0520265102386475
109,0.017708804458379745,0.8825212121009827,0.9980612993240356,0.9982478618621826,0.9986167550086975,0.9985218048095703,0.9992610216140747,0.9982469081878662,0.9978813529014587,0.9986169934272766,0.999261736869812,0.9986149668693542,0.9995390772819519,0.998799204826355,0.9988923668861389,0.999354362487793,0.9987080097198486,0.9857985973358154,0.9940674901008606,0.8854377865791321,0.9943904280662537,0.9956148862838745,0.9896304607391357,0.9910781979560852,0.9864454865455627,0.9875047206878662,0.989151120185852,0.9882084131240845,0.9876449108123779,0.992009162902832,0.8825212121009827,0.9984276294708252,0.9990771412849426,0.9995386600494385,0.9968518614768982,0.9988927841186523,0.9934518337249756,0.9971184134483337,0.9967496395111084,0.9954376220703125,0.9972134828567505,0.9965702295303345,0.9976766109466553,0.9973013401031494,0.9962811470031738,0.9960331916809082,2.100767135620117
110,0.02002408169209957,0.8788213729858398,0.9988932013511658,0.998711109161377,0.998986542224884,0.99880051612854,0.9984308481216431,0.9986164569854736,0.9984328746795654,0.9990786910057068,0.9990777969360352,0.9983401298522949,0.9990783333778381,0.9993546009063721,0.9980641603469849,0.9993540048599243,0.9994463920593262,0.9794431924819946,0.994253933429718,0.8867733478546143,0.9955106973648071,0.9946579337120056,0.9894325733184814,0.9897240400314331,0.9887661933898926,0.9877817630767822,0.9893536567687988,0.9902986288070679,0.9894185066223145,0.9910561442375183,0.8788213729858398,0.9992583990097046,0.9997234344482422,0.9996306896209717,0.9981454014778137,0.9983394742012024,0.9935417175292969,0.997307300567627,0.997767448425293,0.9956278800964355,0.9963788390159607,0.9968430995941162,0.9978621006011963,0.9970215559005737,0.996835470199585,0.9938820600509644,2.1052544116973877

111,0.015962952747941017,0.8834807872772217,0.9989850521087646,0.997969388961792,0.9990774989128113,0.9988919496536255,0.9991700649261475,0.997969388961792,0.9980602264404297,0.9985223412513733,0.9988014101982117,0.9988917708396912,0.9993555545806885,0.9987080097198486,0.9984331727027893,0.9990774989128113,0.9984328746795654,0.9692336320877075,0.9945390224456787,0.893587589263916,0.9944092035293579,0.9956880807876587,0.9881066083908081,0.9891552925109863,0.987913966178894,0.9876143336296082,0.9878072142601013,0.9882420301437378,0.9901961088180542,0.9908762574195862,0.8834807872772217,0.9982393980026245,0.9997236132621765,0.9992613196372986,0.9971290826797485,0.9965860843658447,0.9950467348098755,0.9968460202217102,0.9956449270248413,0.9959107637405396,0.9969256520271301,0.9967460036277771,0.9971210956573486,0.9961003065109253,0.9958162903785706,0.9955654144287109,2.0590994358062744
112,0.016610698774456978,0.876592218875885,0.9987077713012695,0.9984331727027893,0.9982462525367737,0.9988002777099609,0.9991709589958191,0.9980645179748535,0.9974188804626465,0.9994465112686157,0.9989863634109497,0.99852454662323,0.9985261559486389,0.9987094402313232,0.9984340667724609,0.9987094402313232,0.9994468688964844,0.9532374143600464,0.9946355819702148,0.8880199193954468,0.9947741627693176,0.9950457811355591,0.9902522563934326,0.989660382270813,0.9874762892723083,0.9859235286712646,0.989408016204834,0.9907882213592529,0.9888867735862732,0.9908484220504761,0.876592218875885,0.9981464147567749,0.9989856481552124,0.9990763068199158,0.9975907802581787,0.9942772388458252,0.9944818615913391,0.9967526197433472,0.9964762926101685,0.9956327676773071,0.9964749813079834,0.996279776096344,0.9969285130500793,0.9968307018280029,0.9951807260513306,0.9948103427886963,2.2152600288391113
113,0.014615895226597786,0.8764998912811279,0.9989861845970154,0.9992620944976807,0.998984694480896,0.9986146688461304,0.9990769624710083,0.9979697465896606,0.9974145889282227,0.9993544816970825,0.9983401298522949,0.9988923668861389,0.999353289604187,0.9988930225372314,0.998340368270874,0.9987998604774475,0.9991697072982788,0.944003701210022,0.9938843250274658,0.8938052654266357,0.995333194732666,0.994300127029419,0.9896249771118164,0.9898884892463684,0.9861453771591187,0.987647294998169,0.9908952713012695,0.9903188943862915,0.9878649711608887,0.9920922517776489,0.8764998912811279,0.998889684677124,0.9995393753051758,0.9990780353546143,0.9968547821044922,0.9928017854690552,0.9930698871612549,0.9970226883888245,0.9969347715377808,0.9969285130500793,0.9974040389060974,0.9968307018280029,0.9978604316711426,0.9971135854721069,0.9958038330078125,0.9953874349594116,2.1320505142211914
114,0.012672888115048409,0.8766149878501892,0.9986155033111572,0.9988009929656982,0.9986164569854736,0.9991689920425415,0.9984311461448669,0.9984331727027893,0.9985242486000061,0.9986164569854736,0.9987087249755859,0.9987072944641113,0.9992625713348389,0.9984300136566162,0.99797123670578,0.9983413219451904,0.9991692900657654,0.9325170516967773,0.9939736723899841,0.8949355483055115,0.9934444427490234,0.9953288435935974,0.9901998043060303,0.9894627332687378,0.9885583519935608,0.9899277687072754,0.9880975484848022,0.9913890957832336,0.9893717765808105,0.9895595908164978,0.8766149878501892,0.9988899230957031,0.9997232556343079,0.9993549585342407,0.9975000023841858,0.9894853234291077,0.995134711265564,0.998045802116394,0.9969359636306763,0.9955323934555054,0.9964710474014282,0.9982309341430664,0.9971146583557129,0.9970265626907349,0.9967454075813293,0.9981556534767151,2.070030689239502
115,0.012166456319391727,0.8717712163925171,0.999262273311615,0.9990776777267456,0.9991700649261475,0.999077320098877,0.999170184135437,0.9988915920257568,0.9976954460144043,0.9988930225372314,0.9990777969360352,0.9987989664077759,0.9988923668861389,0.9990764856338501,0.9986146688461304,0.999170184135437,0.9993548393249512,0.9228924512863159,0.9945501685142517,0.8897275328636169,0.9949570298194885,0.9950476884841919,0.9899239540100098,0.9895058274269104,0.9854838848114014,0.9902128577232361,0.9903736114501953,0.9900285005569458,0.9906054139137268,0.9913448691368103,0.8717712163925171,0.9982393980026245,0.9995391368865967,0.9992618560791016,0.9974098205566406,0.9888355731964111,0.9943956732749939,0.9966561794281006,0.9965639114379883,0.9965639114379883,0.9956287145614624,0.9967532157897949,0.9974925518035889,0.9967502355575562,0.9965574741363525,0.9976354837417603,2.0145363807678223
116,0.011926661245524883,0.8755539059638977,0.9988936185836792,0.9988954067230225,0.9988925457000732,0.9990774989128113,0.9987075328826904,0.9984288215637207,0.9976958632469177,0.9986155033111572,0.9988925457000732,0.9993540048599243,0.9988932013511658,0.9982450008392334,0.99852454662323,0.9994463920593262,0.9994465112686157,0.9075133800506592,0.9955605268478394,0.8972022533416748,0.9949626922607422,0.9946728944778442,0.99163818359375,0.9906363487243652,0.9867995977401733,0.9899085760116577,0.9895437359809875,0.9887576103210449,0.9896328449249268,0.989965558052063,0.8755539059638977,0.9984273910522461,0.9997234344482422,0.9994471073150635,0.9971264600753784,0.9824690818786621,0.995329737663269,0.9979580640792847,0.9966567754745483,0.9955431818962097,0.9972139596939087,0.9972124099731445,0.9971200227737427,0.9974944591522217,0.9965702295303345,0.9976005554199219,2.098827838897705
117,0.010404480621218681,0.8735939264297485,0.9986169934272766,0.9988923668861389,0.9986175298690796,0.9979678392410278,0.9988925457000732,0.9977864027023315,0.9980641603469849,0.998986005783081,0.9976041316986084,0.9979715943336487,0.9987994432449341,0.9993544816970825,0.9981542825698853,0.9990764856338501,0.999263346195221,0.8994279503822327,0.9951896667480469,0.8957642316818237,0.9951438307762146,0.9941915273666382,0.9902369976043701,0.9876190423965454,0.9879679083824158,0.988696813583374,0.9890995025634766,0.9906843900680542,0.9880433082580566,0.9918297529220581,0.8735939264297485,0.9988911151885986,0.9995384216308594,0.9995392560958862,0.9969387650489807,0.9798305034637451,0.9954136610031128,0.998142659664154,0.9962894320487976,0.9968360662460327,0.9957296848297119,0.997400164604187,0.9980548620223999,0.997400164604187,0.9965683221817017,0.9989278316497803,2.050119400024414
118,0.00773675786331296,0.868353009223938,0.9988930225372314,0.9988936185836792,0.9990777969360352,0.9985256195068359,0.9987094402313232,0.9988007545471191,0.9985247850418091,0.9991709589958191,0.9983388781547546,0.999261736869812,0.9987092018127441,0.9987080097198486,0.9981570243835449,0.9990776777267456,0.9993541240692139,0.8932522535324097,0.9961118698120117,0.8931466341018677,0.9950457811355591,0.9946669340133667,0.9902498722076416,0.990960955619812,0.9883079528808594,0.9890621900558472,0.9887875318527222,0.9888465404510498,0.9896010160446167,0.9910731315612793,0.868353009223938,0.9983280897140503,0.999631404876709,0.9994474053382874,0.9970381259918213,0.9807231426239014,0.9960864782333374,0.9974855780601501,0.9965702295303345,0.9961017370223999,0.9962790608406067,0.9959054589271545,0.9959161281585693,0.997391939163208,0.9962866306304932,0.9996418356895447,2.3479909896850586
119,0.009357861243188381,0.8730407953262329,0.9991689920425415,0.9987084865570068,0.99852454662323,0.9989863634109497,0.9992614388465881,0.9985237121582031,0.9986172914505005,0.9991698861122131,0.998985230922699,0.9990785121917725,0.9988009929656982,0.9984314441680908,0.9979674816131592,0.9991694688796997,0.9996311664581299,0.8962055444717407,0.9963017702102661,0.8976414203643799,0.9948799014091492,0.9951483607292175,0.9905929565429688,0.9917844533920288,0.9883942604064941,0.9882968664169312,0.9885714054107666,0.990709125995636,0.9901196956634521,0.9896584749221802,0.8730407953262329,0.9986103773117065,0.9988909363746643,0.9989850521087646,0.9978731274604797,0.9780564308166504,0.994959831237793,0.9977657794952393,0.9960044622421265,0.9958193898200989,0.9971178770065308,0.9964723587036133,0.9983258843421936,0.9974818229675293,0.9964578747749329,0.9988950490951538,2.0468218326568604
120,0.008264582604169846,0.871170163154602,0.9988939762115479,0.998801589012146,0.998430609703064,0.9990777969360352,0.9988009929656982,0.9984326362609863,0.9975115060806274,0.9990766048431396,0.9989861845970154,0.9987087249755859,0.9985242486000061,0.9980616569519043,0.9980605840682983,0.99944669008255,0.9988933801651001,0.8856323957443237,0.9957391619682312,0.8981038331985474,0.9948645830154419,0.9946779012680054,0.991339921951294,0.9914675951004028,0.9876613616943359,0.9906072020530701,0.986709713935852,0.9891552925109863,0.990125298500061,0.9892442226409912,0.871170163154602,0.9985212683677673,0.9996310472488403,0.99944669008255,0.9971286058425903,0.9740092158317566,0.9939149618148804,0.9974879026412964,0.9962887763977051,0.996099591255188,0.9972056746482849,0.9971253871917725,0.9973033666610718,0.997299313545227,0.9973982572555542,0.9989122152328491,2.0091748237609863

121,0.007451904471963644,0.8755313158035278,0.9985237121582031,0.9987068176269531,0.998337984085083,0.998613715171814,0.9989850521087646,0.9984326362609863,0.9971407651901245,0.9988917708396912,0.9986172914505005,0.99880051612854,0.9994468092918396,0.9990777969360352,0.997970461845398,0.9992623925209045,0.9993544816970825,0.886359453201294,0.9959259033203125,0.9053581357002258,0.9936138391494751,0.995708167552948,0.9897475242614746,0.9881336688995361,0.9877352714538574,0.9882330894470215,0.987062394618988,0.9921102523803711,0.9893496036529541,0.9896230101585388,0.8755313158035278,0.9987965226173401,0.9996311664581299,0.999354362487793,0.9978687763214111,0.9736502766609192,0.9943956732749939,0.9971146583557129,0.996010422706604,0.9964637756347656,0.9974915981292725,0.9969353675842285,0.9972155094146729,0.9973958730697632,0.9970221519470215,0.9992598295211792,2.149196147918701
122,0.006759334821254015,0.8741917610168457,0.9983367323875427,0.9986164569854736,0.9978774785995483,0.9986144304275513,0.9987075328826904,0.9988011717796326,0.997877836227417,0.9988937973976135,0.9984302520751953,0.998987078666687,0.9984300136566162,0.9988011717796326,0.99797123670578,0.9990774989128113,0.9992618560791016,0.8825429081916809,0.9959251880645752,0.9059104919433594,0.9949523210525513,0.9956912994384766,0.9902634620666504,0.988361120223999,0.9875954389572144,0.989008903503418,0.9878535270690918,0.9893231391906738,0.990348219871521,0.9905285239219666,0.8741917610168457,0.998516857624054,0.9992625713348389,0.9994468092918396,0.9966728687286377,0.9677181243896484,0.994679868221283,0.9973013401031494,0.9974879026412964,0.9960044622421265,0.9970238208770752,0.9974841475486755,0.9981443881988525,0.9973083734512329,0.9963802099227905,0.9992681741714478,2.0821897983551025
123,0.007589217275381088,0.8714470267295837,0.9991692900657654,0.9981560111045837,0.9990769624710083,0.9989863634109497,0.9984308481216431,0.9983407258987427,0.9988014101982117,0.999171257019043,0.9983419179916382,0.9991707801818848,0.998801589012146,0.998894214630127,0.9983391761779785,0.998986005783081,0.9994461536407471,0.878323495388031,0.9954612851142883,0.9035201072692871,0.9936555624008179,0.9957975149154663,0.9904743432998657,0.9897688627243042,0.9885649085044861,0.989803671836853,0.9873957633972168,0.9894957542419434,0.990401029586792,0.9890496730804443,0.8714470267295837,0.9979655742645264,0.9997237920761108,0.9994465112686157,0.9972283840179443,0.9683345556259155,0.995415449142456,0.9970276355743408,0.9963721036911011,0.995633602142334,0.9974803924560547,0.9969404935836792,0.997681736946106,0.9973083734512329,0.9970254898071289,0.9989118576049805,2.092721462249756
124,0.006774429697543383,0.878891110420227,0.9985218048095703,0.9991698861122131,0.9986149668693542,0.9988921880722046,0.9990777969360352,0.9985247850418091,0.9973261952400208,0.9992616176605225,0.9990781545639038,0.9992607831954956,0.9991694688796997,0.9991683959960938,0.9985256195068359,0.9990776777267456,0.9991700649261475,0.8817996978759766,0.9964814782142639,0.9103295803070068,0.9956969022750854,0.9943161010742188,0.9896446466445923,0.9875142574310303,0.9885199069976807,0.9877469539642334,0.9882991313934326,0.9883476495742798,0.9915286302566528,0.9905588626861572,0.878891110420227,0.9986103773117065,0.9994463920593262,0.9998155832290649,0.9963908791542053,0.969261884689331,0.994836688041687,0.9983261823654175,0.9977699518203735,0.9957201480865479,0.9972103834152222,0.9974011182785034,0.9975841045379639,0.9968407154083252,0.9973108172416687,0.9994396567344666,2.0588738918304443
125,0.006557352375239134,0.8776262402534485,0.9988002777099609,0.9987082481384277,0.9986124038696289,0.9978774785995483,0.9993547201156616,0.9983388781547546,0.9976010322570801,0.9990776777267456,0.9978739023208618,0.999261736869812,0.9986146688461304,0.9990777969360352,0.9988933801651001,0.999261736869812,0.9990774989128113,0.8809743523597717,0.9966623783111572,0.9142278432846069,0.9943851828575134,0.9948760867118835,0.9905123710632324,0.9900876879692078,0.9882991313934326,0.9916286468505859,0.9900152087211609,0.9890663623809814,0.989082932472229,0.9888002872467041,0.8776262402534485,0.9985179901123047,0.999722957611084,0.9998155832290649,0.9974098205566406,0.966537594795227,0.9955047369003296,0.997489333152771,0.9959970116615295,0.9950779676437378,0.9958232641220093,0.9971264600753784,0.9972196817398071,0.9968460202217102,0.9969302415847778,0.998897910118103,2.067249059677124
126,0.005630453582853079,0.8725073933601379,0.9989848732948303,0.9987087249755859,0.9987096786499023,0.9986157417297363,0.9992616176605225,0.9987075328826904,0.9977884292602539,0.9988000392913818,0.9988009929656982,0.9993544816970825,0.9987996220588684,0.9990776777267456,0.9982452988624573,0.9996304512023926,0.9994468688964844,0.8753690123558044,0.9964781999588013,0.9123113751411438,0.9946738481521606,0.9952265024185181,0.9891263246536255,0.9899104833602905,0.989708423614502,0.9904960989952087,0.9905446171760559,0.9912547469139099,0.9899163246154785,0.9901754856109619,0.8725073933601379,0.9987058639526367,0.9992626905441284,0.9995384216308594,0.9969450235366821,0.9567422866821289,0.9948760867118835,0.9984159469604492,0.9965613484382629,0.9959213733673096,0.9970299005508423,0.997397780418396,0.9985102415084839,0.9959992170333862,0.9956303834915161,0.9994407296180725,2.1029763221740723
127,0.005284968297928572,0.8721166253089905,0.9985242486000061,0.998525083065033,0.9977843761444092,0.9980648756027222,0.9987096786499023,0.9988014101982117,0.9980623722076416,0.9983394742012024,0.99880051612854,0.9992620944976807,0.999077320098877,0.9992614388465881,0.9982465505599976,0.9988933801651001,0.998986005783081,0.87430739402771,0.997316837310791,0.916252076625824,0.9938421249389648,0.9960570931434631,0.9906773567199707,0.9887511730194092,0.9884052276611328,0.9893475770950317,0.9898405075073242,0.9908832311630249,0.9896643161773682,0.989617109298706,0.8721166253089905,0.9980562925338745,0.9998149871826172,0.9997232556343079,0.9972232580184937,0.9592006206512451,0.9948607683181763,0.997958779335022,0.9967478513717651,0.9963761568069458,0.9961945414543152,0.9964663982391357,0.9977670311927795,0.9971221685409546,0.9974045157432556,0.9994507431983948,2.0969252586364746
128,0.004661549814045429,0.8720973134040833,0.9989844560623169,0.9984317421913147,0.9983394742012024,0.9985261559486389,0.9988915920257568,0.9979742169380188,0.9971381425857544,0.998708963394165,0.9981553554534912,0.9987096786499023,0.9984328746795654,0.9990780353546143,0.9983388781547546,0.9988932013511658,0.9991703629493713,0.8731095790863037,0.9962043762207031,0.9162216782569885,0.9955257177352905,0.9945753812789917,0.9896690249443054,0.9898808002471924,0.987206220626831,0.9909850358963013,0.9890276193618774,0.9893838763237,0.9890912771224976,0.98781418800354,0.8720973134040833,0.9989792108535767,0.9998153448104858,0.9996313452720642,0.9974145889282227,0.9564093351364136,0.9934321641921997,0.9980490207672119,0.9966567754745483,0.9962714314460754,0.996838390827179,0.9968360662460327,0.9972046613693237,0.9966592788696289,0.9962873458862305,0.9998202323913574,2.1191351413726807
129,0.004903743974864483,0.8708902597427368,0.9991700649261475,0.9989850521087646,0.998708963394165,0.9988009929656982,0.9993537664413452,0.9985228776931763,0.9973257184028625,0.9989848732948303,0.9976023435592651,0.9990777969360352,0.9979723691940308,0.9992616176605225,0.9986162185668945,0.999169111251831,0.9993534088134766,0.872577965259552,0.9970359802246094,0.9154696464538574,0.9954111576080322,0.9945814609527588,0.9904210567474365,0.9889880418777466,0.9875118732452393,0.9887810945510864,0.988842248916626,0.9906356334686279,0.9901961088180542,0.9875307083129883,0.8708902597427368,0.9985198974609375,0.999538779258728,0.998986005783081,0.9962908029556274,0.953228771686554,0.9951456189155579,0.9981412887573242,0.9970343112945557,0.9963721036911011,0.9962859749794006,0.9971194863319397,0.997957706451416,0.9972150325775146,0.9968348741531372,0.9992746114730835,2.121342897415161
130,0.004348615184426308,0.873731791973114,0.9984320402145386,0.9992614388465881,0.9986167550086975,0.9989867210388184,0.9991697072982788,0.9981526136398315,0.9978758692741394,0.998430609703064,0.9993531703948975,0.9991692900657654,0.9994468092918396,0.9990763068199158,0.9979715943336487,0.9995388388633728,0.9994468092918396,0.8739410638809204,0.9966685175895691,0.9187995195388794,0.9949532747268677,0.9952380657196045,0.9888656139373779,0.9895198345184326,0.9875427484512329,0.9893170595169067,0.9888613820075989,0.991241455078125,0.9897611141204834,0.9889608025550842,0.873731791973114,0.9988890886306763,0.9996311664581299,0.9991698861122131,0.9974972009658813,0.9509134292602539,0.9944061040878296,0.9974944591522217,0.997397780418396,0.9969365000724792,0.9965620040893555,0.9968425035476685,0.9975881576538086,0.9972155094146729,0.9955472946166992,0.99981689453125,2.0656967163085938

131,0.004354618024080992,0.8729485273361206,0.9995385408401489,0.9990781545639038,0.9988011717796326,0.9993549585342407,0.9983397722244263,0.9985226392745972,0.9978817701339722,0.9984334707260132,0.9988917708396912,0.9988923668861389,0.9988933801651001,0.9992623925209045,0.9982465505599976,0.9991706609725952,0.9994456768035889,0.8740317225456238,0.9971344470977783,0.9193845987319946,0.9944849610328674,0.9957802295684814,0.9895361661911011,0.9896650314331055,0.9896150827407837,0.9896761178970337,0.9896367788314819,0.9899066686630249,0.99163818359375,0.987454891204834,0.8729485273361206,0.9994444847106934,0.9995393753051758,0.9991695880889893,0.9975943565368652,0.9558117985725403,0.9954188466072083,0.9976744055747986,0.997110903263092,0.9960930347442627,0.9959092736244202,0.9974915981292725,0.9977670311927795,0.9969319105148315,0.9969325065612793,1.0,2.080793619155884
132,0.004031294956803322,0.8732017278671265,0.999170184135437,0.9990774989128113,0.9990786910057068,0.9980612993240356,0.9990785121917725,0.9985231757164001,0.9975106120109558,0.9986175298690796,0.9988937973976135,0.9991689920425415,0.9989850521087646,0.9991707801818848,0.9985237121582031,0.9992620944976807,0.9992623925209045,0.873985230922699,0.997403085231781,0.924323320388794,0.9957912564277649,0.9961552619934082,0.9892483353614807,0.9906666278839111,0.9880250692367554,0.9878557920455933,0.9908728003501892,0.9882352948188782,0.9896388053894043,0.9889523983001709,0.8732017278671265,0.9977773427963257,0.9998155832290649,0.9995393753051758,0.9972248077392578,0.9467908143997192,0.9951374530792236,0.99730384349823,0.9973963499069214,0.9955431818962097,0.9966561794281006,0.9977682828903198,0.9981464147567749,0.9974851012229919,0.9959138631820679,1.0,2.0965566635131836
133,0.003867307910695672,0.881299614906311,0.9992616176605225,0.998986542224884,0.9984320402145386,0.9985220432281494,0.9986177682876587,0.9979723691940308,0.9978793859481812,0.9990777969360352,0.9987072944641113,0.9988899230957031,0.998984694480896,0.9996311664581299,0.9981549978256226,0.9991703629493713,0.9994461536407471,0.8817075490951538,0.9972273707389832,0.931370735168457,0.9947731494903564,0.9931532144546509,0.9897724986076355,0.9905033111572266,0.9884448051452637,0.9882375001907349,0.9908952713012695,0.9895058274269104,0.9885996580123901,0.9889817237854004,0.881299614906311,0.9989826083183289,0.9994460940361023,0.9994459748268127,0.9973098039627075,0.9493448734283447,0.9961682558059692,0.9980493783950806,0.9962728023529053,0.9955332279205322,0.9963815212249756,0.9967387318611145,0.9976766109466553,0.9969353675842285,0.9969256520271301,1.0,2.1110451221466064
134,0.003208320355042815,0.8767300248146057,0.9988020658493042,0.998984694480896,0.9986141920089722,0.9987082481384277,0.9989861845970154,0.9985228776931763,0.9986177682876587,0.9988921880722046,0.9988946318626404,0.9990783333778381,0.9987063407897949,0.9993544816970825,0.9987983107566833,0.9990776777267456,0.998894214630127,0.8773515224456787,0.9969427585601807,0.9296371340751648,0.995329737663269,0.9945774078369141,0.9887490272521973,0.9906949996948242,0.9900246858596802,0.9879885911941528,0.9892565011978149,0.9898481965065002,0.9882106781005859,0.9880861639976501,0.8767300248146057,0.998611330986023,0.9998154640197754,0.9997233152389526,0.9975018501281738,0.9463725090026855,0.9939455986022949,0.9978640079498291,0.9969279766082764,0.9963693618774414,0.9974006414413452,0.9971258640289307,0.9975894689559937,0.9972997903823853,0.996185302734375,1.0,2.0060126781463623
135,0.0029244960751384497,0.8774455785751343,0.9988011717796326,0.998525083065033,0.9988000392913818,0.998337984085083,0.9991692900657654,0.9974145889282227,0.9980634450912476,0.9989869594573975,0.9979678392410278,0.9991697072982788,0.9992619752883911,0.9995393753051758,0.9982459545135498,0.9994462728500366,0.999354362487793,0.8774455785751343,0.996755063533783,0.9331491589546204,0.9945814609527588,0.9949607849121094,0.9907530546188354,0.9898912906646729,0.9888468980789185,0.9888951778411865,0.9881110787391663,0.9914252758026123,0.9902986288070679,0.9896071553230286,0.8782761096954346,0.9985179901123047,0.9999076128005981,0.9994461536407471,0.9962955713272095,0.9531769752502441,0.994959831237793,0.997863233089447,0.9968401193618774,0.9962928295135498,0.9970194101333618,0.9976744055747986,0.9981392025947571,0.9965523481369019,0.9964736700057983,1.0,2.0241963863372803
136,0.003726433264091611,0.8715866804122925,0.9990786910057068,0.998612642288208,0.9982501268386841,0.999077320098877,0.9993544816970825,0.9977880120277405,0.997599720954895,0.9992626905441284,0.99843430519104,0.9985253810882568,0.9990771412849426,0.9988939762115479,0.99797123670578,0.9987998604774475,0.9993544816970825,0.8729251623153687,0.9975041151046753,0.9280714988708496,0.994299054145813,0.994966447353363,0.989670991897583,0.9902949333190918,0.9893637299537659,0.9870845079421997,0.9892870783805847,0.9910832643508911,0.9886839389801025,0.987459659576416,0.8715866804122925,0.9995370507240295,0.9998157024383545,0.999538779258728,0.9973173141479492,0.9502675533294678,0.9952362775802612,0.9987006187438965,0.9964663982391357,0.9960067272186279,0.9972124099731445,0.9969336986541748,0.9974925518035889,0.9972072243690491,0.9969325065612793,0.9998205304145813,2.044480085372925
137,0.0029182059224694967,0.875069260597229,0.9988018274307251,0.9984337687492371,0.9980663061141968,0.9988923668861389,0.9993546009063721,0.9986177682876587,0.9983385801315308,0.9985226392745972,0.998894214630127,0.9995399713516235,0.9991694688796997,0.9988923668861389,0.9976032376289368,0.9993547201156616,0.9992623925209045,0.8753690123558044,0.9980552196502686,0.9329403042793274,0.9952247142791748,0.9943820238113403,0.9905732274055481,0.9899201393127441,0.9897513389587402,0.9892483353614807,0.9900398254394531,0.9899981021881104,0.9906488656997681,0.986393928527832,0.875069260597229,0.9986090660095215,0.9998156428337097,0.9999077320098877,0.9976843595504761,0.9499169588088989,0.9952407479286194,0.9975863695144653,0.9975858926773071,0.9952505230903625,0.9967405796051025,0.9969319105148315,0.9983258843421936,0.9967502355575562,0.9974888563156128,1.0,2.0310966968536377
138,0.0027116374112665653,0.8758989572525024,0.9995390772819519,0.9993550777435303,0.9988946318626404,0.9994468092918396,0.9982433319091797,0.9982452988624573,0.9975106120109558,0.9992626905441284,0.9989856481552124,0.9990759491920471,0.9983391761779785,0.9989854097366333,0.9983394742012024,0.9991695880889893,0.9992609024047852,0.8764293193817139,0.996577262878418,0.9324249625205994,0.99513840675354,0.9959069490432739,0.9913530945777893,0.9880679845809937,0.987459659576416,0.9879162311553955,0.9900473952293396,0.9906932711601257,0.989630937576294,0.9870204329490662,0.8758989572525024,0.9989833831787109,0.9996305704116821,0.9992619752883911,0.9980534315109253,0.9554592370986938,0.9948598146438599,0.9976825714111328,0.996279776096344,0.9964644908905029,0.9963713884353638,0.9975841045379639,0.9975854158401489,0.9978572726249695,0.9964644908905029,1.0,2.086763620376587
139,0.0026557540986686945,0.8719106912612915,0.998985230922699,0.9990766048431396,0.9986164569854736,0.9987077713012695,0.998337984085083,0.9983397722244263,0.9978793859481812,0.9990776777267456,0.9982459545135498,0.9988000392913818,0.9988927841186523,0.998985767364502,0.9987101554870605,0.9994466304779053,0.9995380640029907,0.8719106912612915,0.9973157644271851,0.9328605532646179,0.9952425360679626,0.996345579624176,0.9895157814025879,0.9898269772529602,0.9891406893730164,0.988677442073822,0.9892829656600952,0.9899449944496155,0.9896367788314819,0.985763430595398,0.8723031282424927,0.998242974281311,1.0,0.9995383024215698,0.9966660737991333,0.948838472366333,0.9959016442298889,0.9976787567138672,0.9957225322723389,0.9963842034339905,0.9972119331359863,0.9973043203353882,0.9975889921188354,0.9968377947807312,0.9966517686843872,1.0,2.0965523719787598
140,0.002880101790651679,0.8732693195343018,0.9987082481384277,0.9984311461448669,0.9983397722244263,0.9988946318626404,0.9988020658493042,0.9981539249420166,0.9977872371673584,0.9996309280395508,0.9987092018127441,0.9993537664413452,0.9985253810882568,0.9988909363746643,0.9979697465896606,0.9998153448104858,0.9992618560791016,0.8732693195343018,0.9976886510848999,0.9318894147872925,0.9962483644485474,0.99552321434021,0.9910305738449097,0.9928407669067383,0.9891242980957031,0.9909108281135559,0.9899239540100098,0.9907109141349792,0.9883853793144226,0.9875687956809998,0.8735483884811401,0.9987030029296875,0.999630868434906,0.9997228980064392,0.997869610786438,0.9538489580154419,0.9949485063552856,0.9979580640792847,0.9965670704841614,0.9954494833946228,0.9965613484382629,0.996549129486084,0.9976766109466553,0.9974006414413452,0.9960081577301025,1.0,2.0459277629852295

141,0.00240879924967885,0.8693444132804871,0.9990771412849426,0.9985237121582031,0.9983385801315308,0.9987087249755859,0.9988002777099609,0.9987072944641113,0.9987108707427979,0.9990781545639038,0.9983388781547546,0.99852454662323,0.9983370304107666,0.9988000392913818,0.9976954460144043,0.9987996220588684,0.999445915222168,0.8693444132804871,0.9962009191513062,0.9310058951377869,0.9948521256446838,0.995789647102356,0.989219605922699,0.991752028465271,0.9890663623809814,0.9890871047973633,0.9895045757293701,0.9905195236206055,0.9898855090141296,0.9864915609359741,0.8696774244308472,0.9987971782684326,0.9996309876441956,0.9996311664581299,0.9976886510848999,0.9496681690216064,0.9960806369781494,0.9984212517738342,0.996564507484436,0.9961867332458496,0.9968401193618774,0.9970304369926453,0.9978596568107605,0.9971205592155457,0.996841311454773,1.0,2.0333542823791504
142,0.0025377199053764343,0.8711016774177551,0.9988927841186523,0.9991706609725952,0.9986193180084229,0.998894214630127,0.9993540048599243,0.9973257184028625,0.9981546401977539,0.9992610216140747,0.9992607831954956,0.9989850521087646,0.9982475638389587,0.9993548393249512,0.9978731274604797,0.9988932013511658,0.999169111251831,0.8711016774177551,0.995830237865448,0.9364640712738037,0.9947810173034668,0.995051383972168,0.9892829656600952,0.9889376163482666,0.9901942014694214,0.9901046752929688,0.9892483353614807,0.9906160831451416,0.9899640083312988,0.9856518507003784,0.8712889552116394,0.9982420206069946,0.9996313452720642,0.9998155832290649,0.9965766072273254,0.9486895799636841,0.994857907295227,0.9981371164321899,0.997678279876709,0.996099591255188,0.9972097873687744,0.9979584217071533,0.9973003268241882,0.9970171451568604,0.9962784051895142,1.0,1.9651200771331787
143,0.0021490759681910276,0.8679210543632507,0.9985228776931763,0.9984317421913147,0.9987087249755859,0.9987996220588684,0.9990777969360352,0.9983382225036621,0.9981560111045837,0.99944669008255,0.9981563091278076,0.9991689920425415,0.9982475638389587,0.9994471073150635,0.9980602264404297,0.9994474053382874,0.9996306896209717,0.8680375814437866,0.9975903630256653,0.9379373788833618,0.994309663772583,0.995040237903595,0.9911748170852661,0.9902128577232361,0.9891655445098877,0.9903134107589722,0.9891866445541382,0.9910967946052551,0.991312563419342,0.9870129823684692,0.8679210543632507,0.9983339309692383,0.9994463920593262,0.9992614388465881,0.9974069595336914,0.9481453895568848,0.996257483959198,0.9984229803085327,0.9962825179100037,0.9966561794281006,0.9972119331359863,0.9978604316711426,0.9973996877670288,0.9964762926101685,0.9974035620689392,1.0,2.183659553527832
144,0.0019854633137583733,0.8702029585838318,0.9986164569854736,0.9988009929656982,0.9987080097198486,0.9986164569854736,0.9991700649261475,0.998242974281311,0.9982472658157349,0.9994461536407471,0.9982455968856812,0.9984331727027893,0.9988009929656982,0.999170184135437,0.9984288215637207,0.9988936185836792,0.9995383024215698,0.8710570335388184,0.9981502294540405,0.9431253671646118,0.9955123662948608,0.9937406778335571,0.9908605813980103,0.9913316965103149,0.9884162545204163,0.9895437359809875,0.9899296760559082,0.9911462068557739,0.9904119968414307,0.9883301854133606,0.8702029585838318,0.9978719353675842,0.9999077320098877,0.9995388984680176,0.9974088668823242,0.9415620565414429,0.9948645830154419,0.9979553818702698,0.9969325065612793,0.9962825179100037,0.9971205592155457,0.9972997903823853,0.9981412887573242,0.9978604316711426,0.9974874258041382,1.0,2.041283130645752
145,0.0022771297954022884,0.8758544325828552,0.9987099170684814,0.999354362487793,0.9984331727027893,0.99880051612854,0.9990780353546143,0.997880220413208,0.9980627298355103,0.9993537664413452,0.998525857925415,0.9995386600494385,0.9985223412513733,0.9992604851722717,0.9979720115661621,0.9997231960296631,0.9991683959960938,0.8771428465843201,0.9976847171783447,0.944239616394043,0.9937441349029541,0.9944019317626953,0.9883213043212891,0.9900152087211609,0.9891407489776611,0.9872816801071167,0.9907916784286499,0.991706371307373,0.9895157814025879,0.9858499765396118,0.8758544325828552,0.9991658926010132,0.9997234344482422,0.9998157024383545,0.9984270930290222,0.9478148221969604,0.9940164685249329,0.9980493783950806,0.9976787567138672,0.9960096478462219,0.9972108602523804,0.9973058700561523,0.9981384873390198,0.9962818622589111,0.9960893988609314,1.0,2.0652048587799072
146,0.0017142152646556497,0.8668573498725891,0.9990781545639038,0.9988932013511658,0.9979715943336487,0.9988913536071777,0.9991700649261475,0.9986175298690796,0.9979737997055054,0.9989839196205139,0.9988007545471191,0.9991700649261475,0.9985247850418091,0.9988011717796326,0.9975087642669678,0.9990780353546143,0.9995391368865967,0.86723792552948,0.9974079132080078,0.9395279884338379,0.9963585138320923,0.9955976009368896,0.9904979467391968,0.9887790083885193,0.9910714626312256,0.9908692836761475,0.9894826412200928,0.9917535781860352,0.990967869758606,0.986872136592865,0.8668573498725891,0.9989808797836304,0.9998157024383545,1.0,0.997588574886322,0.9475962519645691,0.9946548938751221,0.9977724552154541,0.9964618682861328,0.9971216320991516,0.9972051382064819,0.9969256520271301,0.9985135793685913,0.9971178770065308,0.9959115386009216,1.0,2.0365195274353027
147,0.0018626985838636756,0.8735017776489258,0.9991685152053833,0.9983391761779785,0.9982491731643677,0.9990783333778381,0.9992619752883911,0.9982469081878662,0.9979708194732666,0.9988009929656982,0.9987994432449341,0.998801589012146,0.9982478618621826,0.9987092018127441,0.997787594795227,0.9992623925209045,0.9998154640197754,0.8736152052879333,0.9975004196166992,0.9434518218040466,0.9951310753822327,0.9959752559661865,0.9901084303855896,0.9898903965950012,0.9885438680648804,0.9899124503135681,0.9886860847473145,0.9913382530212402,0.9896289110183716,0.9845478534698486,0.8735017776489258,0.9983358383178711,0.9995388388633728,0.9998155832290649,0.9969460964202881,0.9501661062240601,0.9951447248458862,0.9978621006011963,0.9967460036277771,0.9958139657974243,0.996662974357605,0.9959138631820679,0.9979565143585205,0.9973047971725464,0.9961031675338745,1.0,2.0001680850982666
148,0.0018027841579169035,0.8784107565879822,0.9993536472320557,0.999261736869812,0.9985239505767822,0.9992620944976807,0.9992619752883911,0.9984302520751953,0.9977855682373047,0.9995384812355042,0.9979686141014099,0.9990769624710083,0.9987984895706177,0.9992626905441284,0.997692883014679,0.9996306896209717,0.9992618560791016,0.878505527973175,0.997039794921875,0.947155237197876,0.9960755109786987,0.9948694109916687,0.9901084303855896,0.9893657565116882,0.9894607067108154,0.9887853860855103,0.9902838468551636,0.9922665357589722,0.991615891456604,0.9830185174942017,0.8784107565879822,0.9979652166366577,0.9999076128005981,0.9998155236244202,0.9962942600250244,0.9567422866821289,0.9961732625961304,0.9977678656578064,0.9965620040893555,0.9962693452835083,0.9964663982391357,0.9971221685409546,0.9983271360397339,0.9972108602523804,0.9965651631355286,1.0,2.0887911319732666
149,0.0018682711524888873,0.8694249987602234,0.9993535280227661,0.9985247850418091,0.998334527015686,0.9982472658157349,0.998984694480896,0.9978790283203125,0.9980645179748535,0.9992613196372986,0.998526930809021,0.999169111251831,0.9984308481216431,0.9991703629493713,0.9983391761779785,0.9996312856674194,0.9990769624710083,0.8694249987602234,0.9969495534896851,0.9409920573234558,0.9959805607795715,0.9950457811355591,0.9895337820053101,0.9913777112960815,0.9896858334541321,0.9887340068817139,0.9897025227546692,0.990125298500061,0.9902369976043701,0.9851128458976746,0.8696293830871582,0.9988886713981628,0.9996315240859985,0.9999076128005981,0.996482789516449,0.9469067454338074,0.9952220320701599,0.9984215497970581,0.9976722598075867,0.9965562224388123,0.9969336986541748,0.9969325065612793,0.9980497360229492,0.9975876808166504,0.995252251625061,1.0,2.167947769165039
150,0.0017423314275220037,0.8746999502182007,0.9993540048599243,0.9988002777099609,0.9986162185668945,0.998986005783081,0.9990785121917725,0.9986177682876587,0.9972355365753174,0.9992620944976807,0.9984311461448669,0.9990774989128113,0.9987068176269531,0.9993549585342407,0.9981518983840942,0.9997230768203735,0.999077320098877,0.8746999502182007,0.9970375895500183,0.9466986656188965,0.9953305721282959,0.9960769414901733,0.9908832311630249,0.9888187646865845,0.9909592866897583,0.9906036853790283,0.990384578704834,0.9913842082023621,0.9868820905685425,0.9870599508285522,0.8747234344482422,0.9981498718261719,0.9997232556343079,0.9996308088302612,0.9967610836029053,0.9502772688865662,0.9959745407104492,0.9977687001228333,0.9966555237770081,0.9954477548599243,0.9973996877670288,0.9961938261985779,0.997299313545227,0.9964578747749329,0.9975836277008057,1.0,2.0209531784057617

151,0.0014259984018281102,0.8709677457809448,0.9989848732948303,0.9984302520751953,0.9987996220588684,0.998984694480896,0.9988011717796326,0.9982485175132751,0.9975106120109558,0.9987094402313232,0.9983388781547546,0.9987077713012695,0.9989856481552124,0.9991689920425415,0.9980595111846924,0.999630868434906,0.9994466304779053,0.8710511922836304,0.9964814782142639,0.9466617703437805,0.9947643876075745,0.995136559009552,0.9908466935157776,0.9906001091003418,0.989931583404541,0.9899790287017822,0.988884687423706,0.9918668270111084,0.9898462295532227,0.986303985118866,0.8709677457809448,0.9987951517105103,0.9996311664581299,0.9988927841186523,0.9975939393043518,0.9465339183807373,0.9951419830322266,0.9978636503219604,0.996472954750061,0.995719313621521,0.9966530203819275,0.9970243573188782,0.9984183311462402,0.9979606866836548,0.99665367603302,1.0,2.098003387451172
152,0.0013758334098383784,0.8728798031806946,0.9993541240692139,0.9985212683677673,0.9980573654174805,0.9992620944976807,0.9983401298522949,0.9991706609725952,0.9978786110877991,0.9994462728500366,0.9993548393249512,0.9986175298690796,0.9981542825698853,0.999354362487793,0.9973257184028625,0.9991689920425415,0.9992618560791016,0.8732706308364868,0.9973123073577881,0.9487013816833496,0.9946639537811279,0.9954102635383606,0.9886989593505859,0.9913530945777893,0.9887832403182983,0.9880975484848022,0.9888677597045898,0.9931637048721313,0.9887875318527222,0.9878978729248047,0.8728798031806946,0.9987974166870117,0.9998155832290649,0.9997234344482422,0.9975966215133667,0.9537652134895325,0.9957951903343201,0.9976761341094971,0.9976731538772583,0.9962908029556274,0.9966567754745483,0.9973003268241882,0.9982325434684753,0.9975791573524475,0.9972103834152222,1.0,2.1216533184051514
153,0.0011831455631181598,0.8757396340370178,0.9992619752883911,0.9984320402145386,0.9984331727027893,0.9989856481552124,0.9987101554870605,0.9986157417297363,0.9975097179412842,0.999170184135437,0.998613715171814,0.9993551969528198,0.9983413219451904,0.9992614388465881,0.9968652129173279,0.9990781545639038,0.9991685152053833,0.8766820430755615,0.9963875412940979,0.9510219097137451,0.9958006739616394,0.9948694109916687,0.9890767335891724,0.9892687797546387,0.988842248916626,0.9905068874359131,0.9898231029510498,0.9895714521408081,0.9885474443435669,0.9867467880249023,0.8757396340370178,0.9984264969825745,0.9998156428337097,0.9997230768203735,0.9977818727493286,0.9563052654266357,0.9962561130523682,0.9972129464149475,0.9969313740730286,0.9962859749794006,0.996841311454773,0.9969313740730286,0.997776985168457,0.9979557991027832,0.9947035908699036,1.0,2.267106294631958
154,0.0011500944383442402,0.8767300248146057,0.9988009929656982,0.9987094402313232,0.9983388781547546,0.9987994432449341,0.9994465112686157,0.9987092018127441,0.9971423149108887,0.9993535280227661,0.9989850521087646,0.9993541240692139,0.9988000392913818,0.9995380640029907,0.9979686141014099,0.999077320098877,0.999261736869812,0.8767300248146057,0.9972217082977295,0.9544951915740967,0.9941022396087646,0.9951274394989014,0.9892544746398926,0.9905374646186829,0.9906524419784546,0.9901849031448364,0.9888002872467041,0.9909781217575073,0.9881882667541504,0.9864890575408936,0.8775622844696045,0.9988903403282166,0.9999077916145325,0.9998152256011963,0.9975935220718384,0.9585253596305847,0.9954171180725098,0.998142659664154,0.996374785900116,0.9960111379623413,0.9957065582275391,0.997032642364502,0.9980493783950806,0.9981402158737183,0.9967526197433472,1.0,2.1133835315704346
155,0.0012310699094086885,0.8714655637741089,0.9990771412849426,0.9992616176605225,0.9984334707260132,0.9988007545471191,0.9990776777267456,0.998985230922699,0.997323751449585,0.9993549585342407,0.9986159801483154,0.9996310472488403,0.9987998604774475,0.9991707801818848,0.9981560111045837,0.9999077320098877,0.9995384812355042,0.8715418577194214,0.9968518614768982,0.9544450640678406,0.995121955871582,0.9952202439308167,0.9901046752929688,0.988829493522644,0.9891387224197388,0.9898558855056763,0.9906160831451416,0.9906755685806274,0.9910680055618286,0.9867373704910278,0.8714655637741089,0.9986088275909424,0.9998157024383545,0.9994465112686157,0.9974045157432556,0.9568265676498413,0.9958038330078125,0.9977687001228333,0.9964742660522461,0.9954427480697632,0.9969393014907837,0.9968407154083252,0.9987913370132446,0.9977653622627258,0.9970243573188782,1.0,2.1756603717803955
156,0.0015305973356589675,0.8723483085632324,0.9990766048431396,0.9990771412849426,0.9983394742012024,0.9986164569854736,0.9995384812355042,0.9979689717292786,0.9981566667556763,0.998986005783081,0.998708963394165,0.9995393753051758,0.9982475638389587,0.99944669008255,0.9977859854698181,0.9991686344146729,0.9995388984680176,0.8737094402313232,0.9973192811012268,0.9546123743057251,0.9958794116973877,0.9956041574478149,0.9880068302154541,0.9885133504867554,0.9880228042602539,0.9887225031852722,0.9873813986778259,0.9906702041625977,0.9910765290260315,0.9844968318939209,0.8723483085632324,0.9986108541488647,0.9997231960296631,0.9998149871826172,0.9972273707389832,0.9566260576248169,0.99449622631073,0.997403085231781,0.9972113370895386,0.9964697360992432,0.9973093271255493,0.9963741302490234,0.998418927192688,0.996662974357605,0.99665367603302,0.999639630317688,2.087651014328003
157,0.0012712193420156837,0.8733850121498108,0.9994468092918396,0.998801589012146,0.9991697072982788,0.9988933801651001,0.9986164569854736,0.9987070560455322,0.9964919090270996,0.9988921880722046,0.99852454662323,0.9993535280227661,0.9981549978256226,0.9991698861122131,0.9981546401977539,0.9995383024215698,0.9994466304779053,0.873986005783081,0.9971349239349365,0.952543318271637,0.9958885908126831,0.9956099390983582,0.989815354347229,0.9899981021881104,0.987772524356842,0.9890026450157166,0.9889733791351318,0.9908484220504761,0.9906381368637085,0.985162615776062,0.8733850121498108,0.9985190629959106,0.9999078512191772,0.9998152256011963,0.997040331363678,0.9539922475814819,0.9946639537811279,0.9979553818702698,0.9984185695648193,0.9956246614456177,0.9964736700057983,0.997217059135437,0.9974915981292725,0.9972097873687744,0.9958155155181885,1.0,2.0512800216674805
158,0.0011397182242944837,0.8686057329177856,0.9987068176269531,0.998987078666687,0.9984334707260132,0.9979674816131592,0.9993537664413452,0.9987082481384277,0.9978781938552856,0.9992626905441284,0.998985230922699,0.9989850521087646,0.9987092018127441,0.9994462728500366,0.9977872371673584,0.9994475841522217,0.9987080097198486,0.8699097037315369,0.9975935220718384,0.9464318752288818,0.9953200817108154,0.9950457811355591,0.9899009466171265,0.9897688627243042,0.9887511730194092,0.9900323152542114,0.9897454977035522,0.990594744682312,0.9891676306724548,0.9864736199378967,0.8686057329177856,0.9983351826667786,0.9996313452720642,0.9999077320098877,0.9979614615440369,0.9586479663848877,0.9942013025283813,0.9976774454116821,0.9967447519302368,0.9964755773544312,0.9963707327842712,0.9975867867469788,0.998418927192688,0.9963821768760681,0.9963794946670532,1.0,1.9977612495422363
159,0.0009419722482562065,0.8721381425857544,0.9991709589958191,0.9987989664077759,0.9982469081878662,0.9983376264572144,0.9981532692909241,0.9982465505599976,0.9984308481216431,0.9985239505767822,0.9988933801651001,0.9991709589958191,0.99852454662323,0.9991694688796997,0.9976946115493774,0.9992626905441284,0.9994468092918396,0.8721381425857544,0.9977753162384033,0.951104998588562,0.9955165386199951,0.9941242337226868,0.9901365637779236,0.9904780387878418,0.9901065826416016,0.990125298500061,0.9891345500946045,0.9905840158462524,0.991127610206604,0.9856033325195312,0.872556209564209,0.9986996054649353,0.9999075531959534,0.9993535280227661,0.9982401132583618,0.9589786529541016,0.996076226234436,0.9975818395614624,0.9968425035476685,0.9955273866653442,0.996933102607727,0.9983280897140503,0.997771143913269,0.9967454075813293,0.9964703321456909,1.0,2.0863866806030273
160,0.0009183689835481346,0.8727892637252808,0.9986169934272766,0.9983394742012024,0.9974179267883301,0.9988939762115479,0.9988911151885986,0.9976001381874084,0.997690737247467,0.9990771412849426,0.998708963394165,0.9993536472320557,0.9985237121582031,0.9995390176773071,0.9976041316986084,0.9989848732948303,0.9994469881057739,0.8727892637252808,0.997588574886322,0.9531652927398682,0.9938329458236694,0.9957935810089111,0.9910510182380676,0.9900549650192261,0.9880023002624512,0.989654541015625,0.9896348714828491,0.9911068677902222,0.9891799688339233,0.9855842590332031,0.8730173110961914,0.9987030029296875,0.9996316432952881,0.9998152256011963,0.9975917339324951,0.9639431834220886,0.9954111576080322,0.9977724552154541,0.9970276355743408,0.9960944652557373,0.9967465996742249,0.9967399835586548,0.99832683801651,0.9982325434684753,0.9952540397644043,1.0,2.0688047409057617

161,0.001025381381623447,0.8771671056747437,0.9991695880889893,0.9991685152053833,0.9983394742012024,0.9988009929656982,0.9988014101982117,0.9983397722244263,0.99797123670578,0.9990786910057068,0.9976005554199219,0.9996306896209717,0.9978774785995483,0.9995392560958862,0.9975137710571289,0.9992616176605225,0.9994462728500366,0.8771671056747437,0.9975013732910156,0.9543025493621826,0.995977520942688,0.9962728023529053,0.989850640296936,0.9894647002220154,0.9890933036804199,0.989304780960083,0.9897416830062866,0.9909368753433228,0.9897357821464539,0.9879024624824524,0.8775604367256165,0.9987049102783203,0.9998154044151306,0.999538242816925,0.9974967241287231,0.9648783206939697,0.9939342737197876,0.998237133026123,0.9969267845153809,0.9952514171600342,0.9978636503219604,0.997767448425293,0.9981460571289062,0.9978660345077515,0.9971194863319397,1.0,2.0587384700775146
162,0.001006454462185502,0.8735918998718262,0.9992623925209045,0.9984308481216431,0.9979697465896606,0.9989843368530273,0.9992618560791016,0.9984302520751953,0.9969607591629028,0.9983376264572144,0.9982491731643677,0.9992625713348389,0.9985239505767822,0.9992619752883911,0.9976954460144043,0.9988925457000732,0.999722957611084,0.8735918998718262,0.9973187446594238,0.9572744369506836,0.9964572191238403,0.9946649074554443,0.989408016204834,0.9899961948394775,0.9880433082580566,0.989410400390625,0.987549901008606,0.9922901391983032,0.9905893802642822,0.9861031770706177,0.874515950679779,0.9986121654510498,1.0,0.999538779258728,0.997038722038269,0.9596788883209229,0.9963551759719849,0.9975823163986206,0.9974944591522217,0.9952646493911743,0.9977599382400513,0.997957706451416,0.997860848903656,0.9968401193618774,0.9976757168769836,1.0,2.0784547328948975
163,0.0009661400108598173,0.8694808483123779,0.99880051612854,0.9988018274307251,0.9986175298690796,0.9986141920089722,0.9989840984344482,0.9978747367858887,0.996678352355957,0.999170184135437,0.9980652332305908,0.9989854097366333,0.9981542825698853,0.9995391368865967,0.9978805780410767,0.9993548393249512,0.9994468092918396,0.8694808483123779,0.9972268342971802,0.9572507739067078,0.9947800040245056,0.9944196343421936,0.9893860816955566,0.9915815591812134,0.9895038604736328,0.9901552200317383,0.9887011051177979,0.9903974533081055,0.988588809967041,0.987450122833252,0.8698541522026062,0.997965931892395,0.9998154640197754,0.9994457960128784,0.9974126815795898,0.9539170265197754,0.9972891807556152,0.9967496395111084,0.9972087740898132,0.9968407154083252,0.9968448281288147,0.9970248937606812,0.9983302354812622,0.9960973858833313,0.9960813522338867,1.0,1.943913459777832
164,0.000805853633210063,0.8726919889450073,0.9986146688461304,0.9984308481216431,0.9975097179412842,0.9988027215003967,0.9992609024047852,0.9979678392410278,0.9966820478439331,0.9993540048599243,0.9986146688461304,0.9990768432617188,0.9980627298355103,0.9994461536407471,0.9976946115493774,0.9991689920425415,0.9996311664581299,0.8726919889450073,0.9971301555633545,0.9604124426841736,0.993550181388855,0.9955207109451294,0.9899392127990723,0.9877492785453796,0.987592339515686,0.9901102781295776,0.9894746541976929,0.9910781979560852,0.9906843900680542,0.9853361248970032,0.8729220628738403,0.9987061023712158,0.9997231364250183,1.0,0.9975930452346802,0.9575271606445312,0.99449622631073,0.9972082376480103,0.9981412887573242,0.9965639114379883,0.9971253871917725,0.9965613484382629,0.998045802116394,0.9969325065612793,0.9963761568069458,1.0,2.043715000152588
165,0.000840763736050576,0.8698339462280273,0.998706579208374,0.9988002777099609,0.9974184036254883,0.9987996220588684,0.9989839196205139,0.9985256195068359,0.9978758692741394,0.9993536472320557,0.9983422756195068,0.999170184135437,0.998706579208374,0.9989850521087646,0.9981553554534912,0.9988007545471191,0.9996309876441956,0.8698339462280273,0.9976873397827148,0.9587401151657104,0.994964599609375,0.995333194732666,0.9893959760665894,0.9893798828125,0.988726794719696,0.9893516302108765,0.9890413284301758,0.9909281730651855,0.9894707202911377,0.9842467308044434,0.8705958127975464,0.9988870620727539,0.9995385408401489,1.0,0.9979637265205383,0.9598304629325867,0.9957904815673828,0.9980519413948059,0.997397780418396,0.9963802099227905,0.995732843875885,0.9970254898071289,0.9980432391166687,0.9968425035476685,0.9970276355743408,1.0,2.083024740219116
166,0.0010358012514188886,0.8755534887313843,0.9992618560791016,0.9990774989128113,0.9988000392913818,0.9990777969360352,0.9992620944976807,0.9980627298355103,0.9977851510047913,0.9992620944976807,0.9990759491920471,0.9993536472320557,0.9981522560119629,0.9989844560623169,0.9971381425857544,0.9993536472320557,0.999262273311615,0.8756687045097351,0.997316300868988,0.9611909985542297,0.9959782958030701,0.9954171180725098,0.9899296760559082,0.989626944065094,0.9894846677780151,0.9879231452941895,0.9881201386451721,0.9915479421615601,0.989626944065094,0.9847306609153748,0.8755534887313843,0.9990729093551636,0.9998154640197754,1.0,0.9974069595336914,0.9587181806564331,0.9952362775802612,0.9980461597442627,0.9972191452980042,0.9961024522781372,0.9965581297874451,0.9981371164321899,0.9980465173721313,0.9976757168769836,0.9954359531402588,0.999812662601471,2.088345527648926

