,CircularShape,DiamondShape,TriangularShape,OctagonalShape,RedGround,WhiteGround,YellowGround,BlueGround,Border,BlackBorder,RedBorder,WhiteBorder,Bar,BlackBar,WhiteBar,Symbol,BlackSymbol,WhiteSymbol,SymbolStop,SymbolNoEntryGoods,SymbolOvertaking,SymbolOvertakingGoods,SymbolSpeed20,SymbolSpeed30,SymbolSpeed50,SymbolSpeed60,SymbolSpeed70,SymbolSpeed80,SymbolSpeed100,SymbolSpeed120,SymbolD1a1,SymbolD1a4,SymbolD1a5,SymbolD1a6,SymbolD1a7,SymbolD2a1,SymbolD2a2,SymbolD3,SymbolSingleLeftBend,SymbolSingleRightBend,SymbolTwoOrMoreLeftBend,SymbolRightNarrow,SymbolRoadDeformities,SymbolSlipperyRoad,SymbolChildren,SymbolCyclists,SymbolWildAnimals,SymbolRoadWorks,SymbolVerticalLightSignals,SymbolIntersectionPriority,SymbolDanger,SymbolPedestrians,SymbolIceSnow,C14_20,C14_30,C14_50,C14_60,C14_70,C14_80,C17b_80,C14_100,C14_120,C13aa,C13bb,A19a,B3,B1,B2a,C2,C3e3,C1a,A32,A1a,A1b,A1c,A7a,A9,A4b2,A16,A17a,A33,A13,A14,A34,A15b,C17a,D1a5,D1a4,D1a1,D1a7,D1a6,D2a2,D2a1,D3,C17c,C17d
N[0](CircularShape),0.4014492630958557,0.4082442820072174,0.4498785436153412,0.4319731295108795,0.419324666261673,0.36516180634498596,0.4062916338443756,0.45390447974205017,0.42307692766189575,0.4212553799152374,0.43957242369651794,0.40842491388320923,0.3810291290283203,0.39224565029144287,0.4135477840900421,0.8036490082740784,0.46741315722465515,0.47442036867141724,0.431855171918869,0.41042280197143555,0.4003918468952179,0.40140119194984436,0.43194302916526794,0.40910476446151733,0.43093472719192505,0.43119731545448303,0.4313884973526001,0.4397265911102295,0.4305851459503174,0.42906224727630615,0.4082629382610321,0.4320749044418335,0.4320749044418335,0.4320749044418335,0.4082629382610321,0.4320749044418335,0.4320749044418335,0.4320749044418335,0.4320749044418335,0.4082629382610321,0.4320749044418335,0.4320749044418335,0.4082629382610321,0.4082629382610321,0.4320749044418335,0.4320749044418335,0.4320749044418335,0.4318274259567261,0.4082629382610321,0.4082629382610321,0.4082629382610321,0.4320749044418335,0.42810624837875366,0.4320749044418335,0.4082629382610321,0.4320749044418335,0.4320749044418335,0.4318713843822479,0.4320749044418335,0.4320749044418335,0.4320749044418335,0.4320749044418335,0.4082629382610321,0.4082629382610321,0.4082629382610321,0.4082629382610321,0.4320749044418335,0.4320749044418335,0.4082629382610321,0.4082629382610321,0.4082629382610321,0.4082629382610321,0.4320749044418335,0.4082629382610321,0.4320749044418335,0.4082629382610321,0.4082629382610321,0.4320749044418335,0.4318274259567261,0.4082629382610321,0.4320749044418335,0.4320749044418335,0.4320749044418335,0.42810624837875366,0.4320749044418335,0.4082629382610321,0.4320749044418335,0.4320749044418335,0.4082629382610321,0.4082629382610321,0.4320749044418335,0.4320749044418335,0.4320749044418335,0.4320749044418335,0.4082629382610321,0.40917879343032837
N[1](DiamondShape),0.5548309087753296,0.46452927589416504,0.3927125632762909,0.4406227767467499,0.4291948080062866,0.3527766764163971,0.46203503012657166,0.5109751224517822,0.4863523542881012,0.46295037865638733,0.4463350772857666,0.4643874764442444,0.41694486141204834,0.4263779819011688,0.44592225551605225,0.4039965271949768,0.33218491077423096,0.4906753897666931,0.44090723991394043,0.4627395272254944,0.4345225691795349,0.4534308612346649,0.464292973279953,0.4637739956378937,0.44209885597229004,0.4417589008808136,0.46381378173828125,0.45733222365379333,0.46283337473869324,0.4611964523792267,0.4644347131252289,0.4644347131252289,0.4644347131252289,0.44418439269065857,0.4644347131252289,0.4644347131252289,0.4644347131252289,0.4406227767467499,0.4406227767467499,0.4406227767467499,0.4406227767467499,0.4644347131252289,0.44418439269065857,0.4406227767467499,0.44072452187538147,0.4406227767467499,0.4644347131252289,0.4406796991825104,0.4613819122314453,0.4644347131252289,0.4644347131252289,0.4644347131252289,0.4406227767467499,0.4644347131252289,0.4644347131252289,0.44072452187538147,0.4406227767467499,0.4644347131252289,0.4466266334056854,0.4644347131252289,0.4644347131252289,0.4644347131252289,0.4419456720352173,0.4644347131252289,0.4644347131252289,0.4644347131252289,0.4644347131252289,0.4406227767467499,0.4644347131252289,0.4644347131252289,0.4406227767467499,0.4644347131252289,0.4406227767467499,0.4406227767467499,0.4406227767467499,0.44418439269065857,0.4406227767467499,0.4644347131252289,0.4406796991825104,0.4613819122314453,0.4644347131252289,0.44072452187538147,0.4406227767467499,0.4406227767467499,0.4644347131252289,0.4406227767467499,0.4644347131252289,0.4644347131252289,0.4644347131252289,0.4644347131252289,0.44418439269065857,0.4644347131252289,0.4644347131252289,0.4406227767467499,0.44072452187538147,0.4406227767467499
N[2](TriangularShape),0.6103864908218384,0.45251908898353577,0.3358704447746277,0.42881855368614197,0.43885713815689087,0.27526968717575073,0.45393994450569153,0.4713316559791565,0.21867245435714722,0.41128483414649963,0.3333333432674408,0.4523809552192688,0.5088062882423401,0.48900917172431946,0.45850086212158203,0.002606429159641266,0.26586276292800903,0.4716481864452362,0.42900732159614563,0.45087701082229614,0.4585481584072113,0.45817020535469055,0.4523906409740448,0.45158013701438904,0.43022429943084717,0.4298771321773529,0.42935556173324585,0.4409693479537964,0.4306865334510803,0.4327000677585602,0.4525287449359894,0.42892032861709595,0.4525287449359894,0.4525287449359894,0.4287168085575104,0.4525287449359894,0.4525287449359894,0.4525287449359894,0.4287168085575104,0.4525287449359894,0.4287168085575104,0.4287168085575104,0.4525287449359894,0.4287168085575104,0.4287168085575104,0.4525287449359894,0.4287168085575104,0.4524827003479004,0.4287168085575104,0.42881855368614197,0.4287168085575104,0.4525287449359894,0.4287168085575104,0.4525287449359894,0.45201995968818665,0.4287168085575104,0.4287168085575104,0.4287168085575104,0.42892032861709595,0.4525287449359894,0.4287168085575104,0.4287168085575104,0.4525287449359894,0.4524269998073578,0.42881855368614197,0.4525287449359894,0.4525287449359894,0.4287168085575104,0.4525287449359894,0.4525287449359894,0.4525287449359894,0.4287168085575104,0.4287168085575104,0.4525287449359894,0.4287168085575104,0.4525287449359894,0.4287168085575104,0.4287168085575104,0.4524827003479004,0.4287168085575104,0.4525287449359894,0.4287168085575104,0.4525287449359894,0.4287168085575104,0.4287168085575104,0.4525287449359894,0.4525287449359894,0.42892032861709595,0.4525287449359894,0.4287168085575104,0.4525287449359894,0.4525287449359894,0.4525287449359894,0.4525287449359894,0.4525287449359894,0.4525287449359894
N[3](OctagonalShape),0.4990338087081909,0.48173028230667114,0.4591093063354492,0.4581255614757538,0.4684675335884094,0.48102277517318726,0.48027461767196655,0.4547026753425598,0.5905707478523254,0.4782460927963257,0.5287958383560181,0.48158323764801025,0.4556233584880829,0.4416215717792511,0.48417362570762634,0.19548219442367554,0.41659489274024963,0.4409022033214569,0.4582994282245636,0.46010342240333557,0.4508146047592163,0.4878425598144531,0.4816887080669403,0.4811502993106842,0.48056429624557495,0.48055246472358704,0.4811953604221344,0.46810272336006165,0.45989251136779785,0.46180275082588196,0.4818357527256012,0.4580238163471222,0.4580238163471222,0.4818357527256012,0.4755266010761261,0.4818357527256012,0.4580238163471222,0.4580238163471222,0.4818357527256012,0.4581255614757538,0.4818357527256012,0.4580238163471222,0.4818357527256012,0.4818357527256012,0.4580238163471222,0.4580238163471222,0.4818357527256012,0.48178672790527344,0.4818357527256012,0.4580238163471222,0.4580238163471222,0.4580238163471222,0.4580238163471222,0.4818357527256012,0.4818357527256012,0.4818357527256012,0.48153048753738403,0.4818357527256012,0.4818357527256012,0.4580238163471222,0.4580238163471222,0.4581255614757538,0.4581255614757538,0.4818357527256012,0.4580238163471222,0.4818357527256012,0.4818357527256012,0.4580238163471222,0.4818357527256012,0.4581255614757538,0.4818357527256012,0.4580238163471222,0.4818357527256012,0.4581255614757538,0.4818357527256012,0.4818357527256012,0.4818357527256012,0.4580238163471222,0.48178672790527344,0.4818357527256012,0.4580238163471222,0.4580238163471222,0.4580238163471222,0.4580238163471222,0.4818357527256012,0.4586343765258789,0.4580238163471222,0.4580238163471222,0.4818357527256012,0.4755266010761261,0.4818357527256012,0.4580238163471222,0.4818357527256012,0.4580238163471222,0.4580238163471222,0.4818357527256012
N[4](RedGround),0.5567632913589478,0.4268702268600464,0.3342510163784027,0.4031749367713928,0.39096105098724365,0.3679584562778473,0.4244287312030792,0.45869362354278564,0.43083125352859497,0.4198957681655884,0.41143107414245605,0.4267399311065674,0.39645448327064514,0.40914613008499146,0.4041653871536255,0.3987836539745331,0.3324719965457916,0.43964213132858276,0.4034784436225891,0.4053533375263214,0.4163745045661926,0.3969709575176239,0.42685654759407043,0.4263794422149658,0.4049527943134308,0.426018089056015,0.4264078140258789,0.4345484673976898,0.42551466822624207,0.4240097105503082,0.4269868731498718,0.4269868731498718,0.4269868731498718,0.4031749367713928,0.4269868731498718,0.4269868731498718,0.4031749367713928,0.4269868731498718,0.4031749367713928,0.4269868731498718,0.4031749367713928,0.4269868731498718,0.4269868731498718,0.4031749367713928,0.4269868731498718,0.4031749367713928,0.4031749367713928,0.40323564410209656,0.4269868731498718,0.42688509821891785,0.4031749367713928,0.4269868731498718,0.4032766819000244,0.4269868731498718,0.4269868731498718,0.4031749367713928,0.42688509821891785,0.4269868731498718,0.4269868731498718,0.4269868731498718,0.4269868731498718,0.42688509821891785,0.42688509821891785,0.40500661730766296,0.42688509821891785,0.4269868731498718,0.4031749367713928,0.4031749367713928,0.4269868731498718,0.4031749367713928,0.4031749367713928,0.4031749367713928,0.4031749367713928,0.4269868731498718,0.4031749367713928,0.4269868731498718,0.4031749367713928,0.4269868731498718,0.40323564410209656,0.4269868731498718,0.4269868731498718,0.4269868731498718,0.4031749367713928,0.4032766819000244,0.4031749367713928,0.4269868731498718,0.4269868731498718,0.4269868731498718,0.4269868731498718,0.4269868731498718,0.4031749367713928,0.4031749367713928,0.4269868731498718,0.4269868731498718,0.4031749367713928,0.4031749367713928
N[5](WhiteGround),0.7724637389183044,0.4810177981853485,0.22736841440200806,0.4810216724872589,0.4908052086830139,0.09188973158597946,0.4795573353767395,0.541439414024353,0.22177419066429138,0.47076818346977234,0.28206807374954224,0.4808709919452667,0.48739495873451233,0.46923673152923584,0.4873698353767395,0.0017376195173710585,0.13293138146400452,0.5653981566429138,0.4807770550251007,0.45919090509414673,0.48742008209228516,0.4703276455402374,0.4576805830001831,0.47363072633743286,0.4796508550643921,0.4584137201309204,0.48038220405578613,0.46737778186798096,0.4793631434440613,0.47766774892807007,0.4572097361087799,0.4810216724872589,0.4810216724872589,0.4810216724872589,0.4810216724872589,0.4810216724872589,0.4810216724872589,0.4810216724872589,0.4810216724872589,0.4572097361087799,0.4572097361087799,0.45761677622795105,0.4572097361087799,0.45843085646629333,0.4572097361087799,0.4572097361087799,0.4572097361087799,0.4572649598121643,0.4572097361087799,0.4572097361087799,0.4572097361087799,0.4572097361087799,0.4572097361087799,0.45751500129699707,0.4740002155303955,0.4810216724872589,0.4572097361087799,0.4810216724872589,0.4810216724872589,0.4573114812374115,0.4810216724872589,0.4810216724872589,0.4810216724872589,0.4810216724872589,0.4572097361087799,0.4810216724872589,0.4810216724872589,0.4810216724872589,0.4810216724872589,0.4572097361087799,0.4810216724872589,0.4572097361087799,0.4810216724872589,0.4572097361087799,0.4572097361087799,0.4572097361087799,0.45843085646629333,0.45761677622795105,0.4572649598121643,0.4572097361087799,0.4572097361087799,0.4572097361087799,0.4572097361087799,0.4572097361087799,0.4572097361087799,0.4810216724872589,0.4810216724872589,0.4810216724872589,0.4572097361087799,0.4810216724872589,0.4810216724872589,0.4810216724872589,0.4810216724872589,0.4810216724872589,0.4810216724872589,0.4573114812374115
N[6](YellowGround),0.3316425085067749,0.4554707407951355,0.4903643727302551,0.45547980070114136,0.4650389552116394,0.6316420435905457,0.4546572268009186,0.375149667263031,0.57444167137146,0.44980737566947937,0.5148342251777649,0.4553317129611969,0.46690458059310913,0.46106263995170593,0.44829362630844116,0.0008688097586855292,0.46741315722465515,0.35761088132858276,0.4552481770515442,0.4337422549724579,0.4402969777584076,0.42458271980285645,0.45534080266952515,0.4548318386077881,0.45326295495033264,0.4545546770095825,0.4324049651622772,0.4623032212257385,0.4336274266242981,0.4523039758205414,0.43166786432266235,0.43166786432266235,0.43166786432266235,0.43166786432266235,0.45547980070114136,0.43176960945129395,0.43166786432266235,0.43166786432266235,0.43166786432266235,0.43166786432266235,0.43166786432266235,0.45547980070114136,0.45547980070114136,0.43166786432266235,0.43166786432266235,0.43166786432266235,0.45547980070114136,0.4554334580898285,0.45547980070114136,0.45547980070114136,0.45547980070114136,0.45547980070114136,0.45547980070114136,0.45547980070114136,0.45547980070114136,0.4539533853530884,0.45547980070114136,0.43166786432266235,0.45547980070114136,0.4538516402244568,0.43166786432266235,0.45547980070114136,0.43166786432266235,0.43166786432266235,0.45547980070114136,0.45547980070114136,0.45547980070114136,0.45547980070114136,0.45547980070114136,0.43166786432266235,0.45547980070114136,0.45547980070114136,0.43166786432266235,0.43166786432266235,0.43166786432266235,0.45547980070114136,0.43166786432266235,0.45547980070114136,0.4554334580898285,0.45547980070114136,0.45547980070114136,0.43166786432266235,0.43166786432266235,0.45547980070114136,0.45547980070114136,0.45547980070114136,0.43166786432266235,0.43166786432266235,0.43166786432266235,0.45547980070114136,0.43166786432266235,0.43166786432266235,0.43176960945129395,0.43166786432266235,0.45547980070114136,0.43166786432266235
N[7](BlueGround),0.3864734172821045,0.4524173140525818,0.4798380434513092,0.4287168085575104,0.4170389473438263,0.4618457853794098,0.4514806866645813,0.46907010674476624,0.5756824016571045,0.45479264855384827,0.5008726119995117,0.4522792100906372,0.39691492915153503,0.4103612005710602,0.4304567575454712,0.4057341516017914,0.46540337800979614,0.4419102966785431,0.42900732159614563,0.45087701082229614,0.4585481584072113,0.42159488797187805,0.4288911521434784,0.4518849849700928,0.43032577633857727,0.4514065086841583,0.45192113518714905,0.41859984397888184,0.4507656395435333,0.4327000677585602,0.4525287449359894,0.4525287449359894,0.4287168085575104,0.4525287449359894,0.4287168085575104,0.4525287449359894,0.4287168085575104,0.4524269998073578,0.4525287449359894,0.4287168085575104,0.4287168085575104,0.4525287449359894,0.4287168085575104,0.4525287449359894,0.4525287449359894,0.4525287449359894,0.4525287449359894,0.4524827003479004,0.42881855368614197,0.42902207374572754,0.4287168085575104,0.4525287449359894,0.4525287449359894,0.4287168085575104,0.4525287449359894,0.4287168085575104,0.4524269998073578,0.4524269998073578,0.4287168085575104,0.4287168085575104,0.4523252248764038,0.4287168085575104,0.4525287449359894,0.4287168085575104,0.42902207374572754,0.4525287449359894,0.4525287449359894,0.4287168085575104,0.4525287449359894,0.4525287449359894,0.4287168085575104,0.4287168085575104,0.4525287449359894,0.4287168085575104,0.4287168085575104,0.4287168085575104,0.4525287449359894,0.4525287449359894,0.4524827003479004,0.42881855368614197,0.4525287449359894,0.4525287449359894,0.4525287449359894,0.4525287449359894,0.4525287449359894,0.4287168085575104,0.4287168085575104,0.4525287449359894,0.4525287449359894,0.4287168085575104,0.4525287449359894,0.4287168085575104,0.4525287449359894,0.4524269998073578,0.4525287449359894,0.4287168085575104
N[8](Border),0.4871980547904968,0.4704325795173645,0.43886640667915344,0.446830153465271,0.4569350779056549,0.5457451343536377,0.4700276553630829,0.4310230016708374,0.4900744557380676,0.46691593527793884,0.455715537071228,0.4702889621257782,0.49706459045410156,0.4818292260169983,0.4724198281764984,0.0017376195173710585,0.449325293302536,0.40511593222618103,0.44700977206230164,0.448747843503952,0.46061044931411743,0.4764063358306885,0.4468972384929657,0.4698709547519684,0.46919721364974976,0.4695846438407898,0.44755032658576965,0.47887325286865234,0.4486360549926758,0.45058608055114746,0.4705403447151184,0.4705403447151184,0.4467284083366394,0.4467284083366394,0.4467284083366394,0.4705403447151184,0.4467284083366394,0.4467284083366394,0.4467284083366394,0.4467284083366394,0.4705403447151184,0.4705403447151184,0.4705403447151184,0.4705403447151184,0.4705403447151184,0.4467284083366394,0.4705403447151184,0.44678470492362976,0.4523252248764038,0.4467284083366394,0.4467284083366394,0.4467284083366394,0.4705403447151184,0.4467284083366394,0.4705403447151184,0.47033682465553284,0.4705403447151184,0.446931928396225,0.4705403447151184,0.4705403447151184,0.4467284083366394,0.4467284083366394,0.4705403447151184,0.4705403447151184,0.4467284083366394,0.4705403447151184,0.4705403447151184,0.4467284083366394,0.4705403447151184,0.4467284083366394,0.4705403447151184,0.4467284083366394,0.4467284083366394,0.4467284083366394,0.4705403447151184,0.4705403447151184,0.4705403447151184,0.4705403447151184,0.44678470492362976,0.4523252248764038,0.4467284083366394,0.4705403447151184,0.4467284083366394,0.4705403447151184,0.4705403447151184,0.4705403447151184,0.4467284083366394,0.4705403447151184,0.4705403447151184,0.4467284083366394,0.4467284083366394,0.4467284083366394,0.4705403447151184,0.4467284083366394,0.4467284083366394,0.4705403447151184
N[9](BlackBorder),0.49444442987442017,0.46055978536605835,0.4602429270744324,0.48427802324295044,0.47241559624671936,0.4518577754497528,0.4584486186504364,0.4805108308792114,0.48418113589286804,0.47847267985343933,0.4845113456249237,0.46072447299957275,0.4413491487503052,0.4513421058654785,0.4661305248737335,0.9973935484886169,0.5331610441207886,0.5090726017951965,0.48413345217704773,0.4826117753982544,0.4533924460411072,0.45631566643714905,0.4715157747268677,0.48369067907333374,0.4623972475528717,0.4833959639072418,0.48383817076683044,0.49295774102211,0.482709676027298,0.48100242018699646,0.48437976837158203,0.460567831993103,0.48437976837158203,0.460567831993103,0.460567831993103,0.48437976837158203,0.48437976837158203,0.48437976837158203,0.460567831993103,0.48437976837158203,0.460567831993103,0.460567831993103,0.48437976837158203,0.48437976837158203,0.48437976837158203,0.48437976837158203,0.48437976837158203,0.4606226980686188,0.48437976837158203,0.460567831993103,0.460567831993103,0.460567831993103,0.48437976837158203,0.47155794501304626,0.48437976837158203,0.4607713520526886,0.48437976837158203,0.48437976837158203,0.48437976837158203,0.48437976837158203,0.48437976837158203,0.48437976837158203,0.460567831993103,0.460567831993103,0.460567831993103,0.460567831993103,0.460567831993103,0.48437976837158203,0.460567831993103,0.48437976837158203,0.460567831993103,0.460567831993103,0.460567831993103,0.48437976837158203,0.460567831993103,0.48437976837158203,0.48437976837158203,0.460567831993103,0.4606226980686188,0.48437976837158203,0.460567831993103,0.48437976837158203,0.48437976837158203,0.48437976837158203,0.48437976837158203,0.460567831993103,0.48437976837158203,0.460567831993103,0.48437976837158203,0.460567831993103,0.460567831993103,0.48437976837158203,0.48437976837158203,0.48437976837158203,0.4606695771217346,0.4648417532444
N[10](RedBorder),0.4657004773616791,0.4726717472076416,0.45619434118270874,0.4812251925468445,0.49132466316223145,0.3843387961387634,0.47320422530174255,0.4652121961116791,0.4165632724761963,0.4679356515407562,0.43455496430397034,0.47252747416496277,0.4838263988494873,0.4679111838340759,0.48355501890182495,0.6681146621704102,0.4803330600261688,0.4805947542190552,0.4809804856777191,0.47936734557151794,0.45019590854644775,0.4871213734149933,0.4810783267021179,0.4581851363182068,0.45884501934051514,0.4585152864456177,0.4805854856967926,0.47007042169570923,0.47956597805023193,0.47786983847618103,0.4812251925468445,0.460567831993103,0.45761677622795105,0.4812251925468445,0.4574132561683655,0.4812251925468445,0.4574132561683655,0.4812251925468445,0.4574132561683655,0.4574132561683655,0.4812251925468445,0.4812251925468445,0.4812251925468445,0.4574132561683655,0.4812251925468445,0.4812251925468445,0.45761677622795105,0.4574684500694275,0.4812251925468445,0.4574132561683655,0.4812251925468445,0.4812251925468445,0.4574132561683655,0.4812251925468445,0.4574132561683655,0.4574132561683655,0.4574132561683655,0.4812251925468445,0.4574132561683655,0.4812251925468445,0.4812251925468445,0.4812251925468445,0.4574132561683655,0.4811234474182129,0.4574132561683655,0.4726773202419281,0.45751500129699707,0.4812251925468445,0.4574132561683655,0.4811234474182129,0.4812251925468445,0.4812251925468445,0.4574132561683655,0.4574132561683655,0.4812251925468445,0.4812251925468445,0.4574132561683655,0.4812251925468445,0.4574684500694275,0.4812251925468445,0.4812251925468445,0.4812251925468445,0.4812251925468445,0.4574132561683655,0.45761677622795105,0.4574132561683655,0.45761677622795105,0.460567831993103,0.4812251925468445,0.4574132561683655,0.4812251925468445,0.4574132561683655,0.4812251925468445,0.4812251925468445,0.4574132561683655,0.4812251925468445
N[11](WhiteBorder),0.3949275314807892,0.40946564078330994,0.41813763976097107,0.3857738971710205,0.3731948137283325,0.5561326146125793,0.4090583026409149,0.38738858699798584,0.649193525314331,0.4133242666721344,0.5399214625358582,0.40934064984321594,0.3491424024105072,0.3631945252418518,0.3869470953941345,0.4039965271949768,0.4705713391304016,0.3588709533214569,0.38608625531196594,0.40809082984924316,0.37770673632621765,0.4146919548511505,0.4094608426094055,0.4083934426307678,0.40850502252578735,0.4087539315223694,0.4091278612613678,0.3945733308792114,0.3878916800022125,0.4067299962043762,0.3857738971710205,0.3857738971710205,0.4088734984397888,0.4095858335494995,0.3857738971710205,0.4095858335494995,0.3858756422996521,0.4095858335494995,0.3857738971710205,0.4095858335494995,0.3857738971710205,0.3859774172306061,0.4095858335494995,0.3857738971710205,0.3857738971710205,0.4095858335494995,0.4095858335494995,0.4095441699028015,0.4095858335494995,0.4095858335494995,0.3857738971710205,0.4095858335494995,0.40592247247695923,0.4095858335494995,0.4088734984397888,0.4095858335494995,0.4095858335494995,0.4095858335494995,0.4094840884208679,0.3857738971710205,0.3857738971710205,0.4095858335494995,0.3857738971710205,0.4095858335494995,0.4095858335494995,0.4095858335494995,0.4095858335494995,0.3857738971710205,0.4095858335494995,0.4095858335494995,0.3857738971710205,0.3857738971710205,0.3857738971710205,0.4095858335494995,0.3857738971710205,0.4095858335494995,0.3857738971710205,0.3859774172306061,0.4095441699028015,0.4095858335494995,0.4095858335494995,0.3857738971710205,0.4095858335494995,0.40592247247695923,0.4095858335494995,0.3857738971710205,0.4088734984397888,0.3857738971710205,0.3857738971710205,0.3857738971710205,0.4095858335494995,0.3858756422996521,0.4095858335494995,0.4095858335494995,0.3858756422996521,0.4095858335494995
N[12](Bar),0.5,0.49882951378822327,0.4749797582626343,0.47522133588790894,0.48623377084732056,0.4578505754470825,0.49830925464630127,0.49793800711631775,0.5055831074714661,0.5152957439422607,0.43455496430397034,0.49867725372314453,0.4902728199958801,0.48260244727134705,0.4927312135696411,0.4057341516017914,0.5348837375640869,0.4702621102333069,0.47538650035858154,0.47703537344932556,0.4681377708911896,0.505048394203186,0.4752797484397888,0.47586628794670105,0.47762101888656616,0.49791815876960754,0.49827200174331665,0.5077672004699707,0.4972112476825714,0.4954527020454407,0.47511956095695496,0.49893152713775635,0.49893152713775635,0.49893152713775635,0.49893152713775635,0.47511956095695496,0.47511956095695496,0.47511956095695496,0.49893152713775635,0.49893152713775635,0.47511956095695496,0.47511956095695496,0.47511956095695496,0.49893152713775635,0.47511956095695496,0.47511956095695496,0.49893152713775635,0.4988807439804077,0.47511956095695496,0.49893152713775635,0.47511956095695496,0.49893152713775635,0.47511956095695496,0.47511956095695496,0.47511956095695496,0.4763406813144684,0.49893152713775635,0.49893152713775635,0.49893152713775635,0.49893152713775635,0.49893152713775635,0.49893152713775635,0.47511956095695496,0.49882975220680237,0.49893152713775635,0.49893152713775635,0.49893152713775635,0.47511956095695496,0.47511956095695496,0.47511956095695496,0.49893152713775635,0.47511956095695496,0.49893152713775635,0.49893152713775635,0.47511956095695496,0.47511956095695496,0.49893152713775635,0.47511956095695496,0.4988807439804077,0.47511956095695496,0.49893152713775635,0.47511956095695496,0.47511956095695496,0.47511956095695496,0.49893152713775635,0.47511956095695496,0.49893152713775635,0.49893152713775635,0.47511956095695496,0.49893152713775635,0.49893152713775635,0.47511956095695496,0.47511956095695496,0.47511956095695496,0.47511956095695496,0.49893152713775635
N[13](BlackBar),0.6306763291358948,0.4621883034706116,0.37473684549331665,0.485906183719635,0.47407791018486023,0.45385536551475525,0.46080541610717773,0.4924837052822113,0.4292804002761841,0.4800589084625244,0.44655323028564453,0.462352454662323,0.4654080867767334,0.47442835569381714,0.468295693397522,0.594265878200531,0.3999425768852234,0.5110887289047241,0.48576077818870544,0.4641589820384979,0.49247267842292786,0.47516998648643494,0.48585960268974304,0.4629610776901245,0.4842180013656616,0.48502081632614136,0.46289896965026855,0.47234880924224854,0.48433220386505127,0.4826192259788513,0.4860079288482666,0.4860079288482666,0.4621959924697876,0.4860079288482666,0.4621959924697876,0.4860079288482666,0.4860079288482666,0.4621959924697876,0.4621959924697876,0.4860079288482666,0.4769512712955475,0.4621959924697876,0.4621959924697876,0.4860079288482666,0.4860079288482666,0.4621959924697876,0.4621959924697876,0.462352454662323,0.4860079288482666,0.4621959924697876,0.4621959924697876,0.4621959924697876,0.4860079288482666,0.4860079288482666,0.4621959924697876,0.4852956235408783,0.4860079288482666,0.4621959924697876,0.4860079288482666,0.4621959924697876,0.4860079288482666,0.485906183719635,0.4860079288482666,0.485906183719635,0.4621959924697876,0.4621959924697876,0.4621959924697876,0.4860079288482666,0.4860079288482666,0.4621959924697876,0.4621959924697876,0.4621959924697876,0.4621959924697876,0.4860079288482666,0.4769512712955475,0.4621959924697876,0.4860079288482666,0.4621959924697876,0.462352454662323,0.4860079288482666,0.4621959924697876,0.4860079288482666,0.4621959924697876,0.4860079288482666,0.4621959924697876,0.4860079288482666,0.4621959924697876,0.4860079288482666,0.4860079288482666,0.4621959924697876,0.4860079288482666,0.4860079288482666,0.4860079288482666,0.4621959924697876,0.4860079288482666,0.4621959924697876
N[14](WhiteBar),0.49951690435409546,0.45129770040512085,0.4092307686805725,0.42749568819999695,0.4371947944164276,0.36596083641052246,0.4500461220741272,0.45403751730918884,0.42648884654045105,0.42692047357559204,0.44524434208869934,0.4511599540710449,0.45378151535987854,0.4366508424282074,0.4571605324745178,0.19635099172592163,0.33161067962646484,0.4403981864452362,0.42768511176109314,0.44955894351005554,0.45720767974853516,0.42025551199913025,0.4510681629180908,0.42820852994918823,0.44981223344802856,0.4295724630355835,0.4282374382019043,0.4172535240650177,0.4496501386165619,0.4480598270893097,0.42739391326904297,0.451205849647522,0.42739391326904297,0.451205849647522,0.42749568819999695,0.451205849647522,0.451205849647522,0.451205849647522,0.42739391326904297,0.42739391326904297,0.451205849647522,0.42739391326904297,0.451205849647522,0.42739391326904297,0.42759743332862854,0.451205849647522,0.42739391326904297,0.4511599540710449,0.451205849647522,0.451205849647522,0.4510023295879364,0.42739391326904297,0.451205849647522,0.451205849647522,0.42739391326904297,0.451205849647522,0.4284115135669708,0.42749568819999695,0.42739391326904297,0.42739391326904297,0.451205849647522,0.451205849647522,0.451205849647522,0.42739391326904297,0.451205849647522,0.451205849647522,0.42739391326904297,0.42739391326904297,0.451205849647522,0.451205849647522,0.451205849647522,0.4510023295879364,0.42739391326904297,0.42739391326904297,0.451205849647522,0.451205849647522,0.42739391326904297,0.42739391326904297,0.4511599540710449,0.451205849647522,0.42739391326904297,0.42759743332862854,0.451205849647522,0.451205849647522,0.42739391326904297,0.451205849647522,0.42739391326904297,0.451205849647522,0.42739391326904297,0.42749568819999695,0.451205849647522,0.451205849647522,0.451205849647522,0.451205849647522,0.451205849647522,0.42739391326904297
N[15](Symbol),0.3352656960487366,0.4112977087497711,0.49344128370285034,0.43512770533561707,0.44425973296165466,0.6352376937866211,0.41284966468811035,0.35625913739204407,0.5155087113380432,0.42465442419052124,0.5041448473930359,0.4114774167537689,0.43985265493392944,0.43543577194213867,0.4281884729862213,0.5986099243164062,0.6029285192489624,0.35962700843811035,0.4349064230918884,0.4134644567966461,0.44081252813339233,0.43632805347442627,0.4349949061870575,0.4121532440185547,0.4129706621170044,0.4126129746437073,0.4345395267009735,0.44283348321914673,0.4329175651073456,0.4320937693119049,0.43512770533561707,0.41141751408576965,0.41131576895713806,0.43461892008781433,0.41131576895713806,0.41131576895713806,0.41131576895713806,0.41131576895713806,0.41131576895713806,0.4349241852760315,0.43512770533561707,0.43512770533561707,0.43512770533561707,0.41131576895713806,0.41131576895713806,0.43512770533561707,0.43512770533561707,0.43508344888687134,0.43512770533561707,0.41131576895713806,0.43512770533561707,0.43512770533561707,0.41131576895713806,0.43512770533561707,0.41131576895713806,0.41131576895713806,0.41131576895713806,0.43512770533561707,0.43512770533561707,0.43512770533561707,0.43441540002822876,0.43512770533561707,0.4348224401473999,0.43512770533561707,0.41131576895713806,0.41131576895713806,0.43512770533561707,0.43512770533561707,0.41131576895713806,0.41131576895713806,0.43512770533561707,0.43512770533561707,0.41131576895713806,0.4349241852760315,0.43512770533561707,0.43512770533561707,0.41131576895713806,0.43512770533561707,0.43508344888687134,0.43512770533561707,0.43512770533561707,0.41131576895713806,0.43512770533561707,0.41131576895713806,0.43512770533561707,0.41131576895713806,0.41131576895713806,0.41141751408576965,0.43512770533561707,0.41131576895713806,0.43461892008781433,0.41131576895713806,0.41131576895713806,0.41131576895713806,0.43512770533561707,0.43024319410324097
N[16](BlackSymbol),0.4579710066318512,0.4744020402431488,0.4872874617576599,0.4594484567642212,0.4701298773288727,0.5737115740776062,0.47607335448265076,0.44100040197372437,0.49875929951667786,0.48187175393104553,0.46575042605400085,0.4743589758872986,0.5037412047386169,0.49397990107536316,0.4803588092327118,0.6733275651931763,0.6233132481575012,0.42023688554763794,0.4596216380596161,0.4813951253890991,0.4895854890346527,0.4891819357872009,0.4595116972923279,0.46011584997177124,0.46087485551834106,0.4605463445186615,0.46005284786224365,0.4917149841785431,0.4814927577972412,0.4797898232936859,0.4831586480140686,0.4593467116355896,0.4593467116355896,0.4593467116355896,0.4593467116355896,0.4593467116355896,0.4831586480140686,0.4831586480140686,0.46117839217185974,0.4831586480140686,0.4593467116355896,0.4593467116355896,0.4593467116355896,0.4831586480140686,0.4593467116355896,0.4831586480140686,0.4831586480140686,0.4594016969203949,0.4831586480140686,0.4831586480140686,0.4831586480140686,0.4831586480140686,0.4831586480140686,0.4593467116355896,0.4593467116355896,0.4593467116355896,0.4593467116355896,0.4593467116355896,0.4831586480140686,0.4831586480140686,0.4831586480140686,0.4831586480140686,0.4831586480140686,0.4831586480140686,0.4831586480140686,0.47430548071861267,0.4593467116355896,0.4593467116355896,0.4593467116355896,0.4831586480140686,0.4831586480140686,0.4831586480140686,0.46117839217185974,0.4831586480140686,0.4593467116355896,0.4593467116355896,0.4831586480140686,0.4593467116355896,0.4594016969203949,0.4831586480140686,0.4831586480140686,0.4593467116355896,0.4831586480140686,0.4831586480140686,0.4831586480140686,0.4593467116355896,0.4593467116355896,0.4593467116355896,0.4831586480140686,0.4593467116355896,0.4593467116355896,0.4831586480140686,0.4593467116355896,0.4831586480140686,0.4831586480140686,0.4831586480140686
N[17](WhiteSymbol),0.1683574914932251,0.42880406975746155,0.5510931015014648,0.4287168085575104,0.41600000858306885,0.45984819531440735,0.4314991235733032,0.40854063630104065,0.3604218363761902,0.4215952754020691,0.3616928458213806,0.4286731779575348,0.45216989517211914,0.46216723322868347,0.40633055567741394,0.6046915650367737,0.5337352752685547,0.4126764237880707,0.4286004900932312,0.4071783423423767,0.41328108310699463,0.41438284516334534,0.4051882028579712,0.4058530628681183,0.406678169965744,0.4278460443019867,0.4057735204696655,0.4167357087135315,0.4272386133670807,0.4091552197933197,0.42881855368614197,0.40500661730766296,0.42881855368614197,0.42881855368614197,0.40500661730766296,0.42881855368614197,0.40500661730766296,0.40500661730766296,0.42881855368614197,0.42881855368614197,0.42881855368614197,0.42881855368614197,0.40500661730766296,0.42881855368614197,0.42881855368614197,0.42881855368614197,0.42881855368614197,0.4286731779575348,0.40500661730766296,0.42881855368614197,0.42881855368614197,0.42881855368614197,0.42881855368614197,0.40500661730766296,0.40500661730766296,0.40500661730766296,0.42881855368614197,0.40500661730766296,0.40500661730766296,0.42881855368614197,0.4287168085575104,0.40500661730766296,0.40500661730766296,0.40500661730766296,0.42881855368614197,0.42881855368614197,0.40500661730766296,0.42881855368614197,0.40500661730766296,0.40500661730766296,0.40500661730766296,0.42881855368614197,0.42881855368614197,0.42881855368614197,0.42881855368614197,0.40500661730766296,0.42881855368614197,0.42881855368614197,0.4286731779575348,0.40500661730766296,0.42881855368614197,0.42881855368614197,0.42881855368614197,0.42881855368614197,0.42881855368614197,0.42881855368614197,0.42881855368614197,0.40500661730766296,0.42881855368614197,0.40500661730766296,0.42881855368614197,0.40500661730766296,0.42881855368614197,0.40500661730766296,0.42881855368614197,0.42881855368614197
N[18](SymbolStop),0.16908212006092072,0.4505852460861206,0.5847773551940918,0.45059528946876526,0.460051953792572,0.3655613362789154,0.4511732757091522,0.44219768047332764,0.5009305477142334,0.4349648654460907,0.4810209572315216,0.4504477083683014,0.40946242213249207,0.4050590991973877,0.4437570869922638,0.20243266224861145,0.3362044095993042,0.4398941397666931,0.45036613941192627,0.4489506185054779,0.41915857791900635,0.4562126398086548,0.426958292722702,0.4281069040298462,0.42839744687080383,0.42794761061668396,0.42742428183555603,0.41663214564323425,0.4305851459503174,0.4307801127433777,0.42678335309028625,0.42678335309028625,0.45059528946876526,0.45059528946876526,0.45059528946876526,0.42678335309028625,0.42678335309028625,0.45049354434013367,0.42678335309028625,0.45059528946876526,0.4501882493495941,0.45059528946876526,0.45059528946876526,0.45059528946876526,0.45059528946876526,0.45059528946876526,0.42678335309028625,0.450549453496933,0.45059528946876526,0.45059528946876526,0.45059528946876526,0.45059528946876526,0.42678335309028625,0.42678335309028625,0.42739391326904297,0.42688509821891785,0.42678335309028625,0.42678335309028625,0.42678335309028625,0.42678335309028625,0.4286150336265564,0.42678335309028625,0.42678335309028625,0.45049354434013367,0.45059528946876526,0.45059528946876526,0.45049354434013367,0.45059528946876526,0.45059528946876526,0.45059528946876526,0.45059528946876526,0.45059528946876526,0.42678335309028625,0.45059528946876526,0.4501882493495941,0.45059528946876526,0.45059528946876526,0.45059528946876526,0.450549453496933,0.45059528946876526,0.45059528946876526,0.45059528946876526,0.45059528946876526,0.42678335309028625,0.42678335309028625,0.42678335309028625,0.45059528946876526,0.42678335309028625,0.42678335309028625,0.45059528946876526,0.45059528946876526,0.42678335309028625,0.42678335309028625,0.45049354434013367,0.42678335309028625,0.45059528946876526
N[19](SymbolNoEntryGoods),0.3852657079696655,0.427684485912323,0.4136032462120056,0.4276992082595825,0.4366753101348877,0.35996803641319275,0.4247361421585083,0.4127976596355438,0.5685483813285828,0.4339451491832733,0.48211169242858887,0.4275539219379425,0.36249569058418274,0.3587760925292969,0.4244767427444458,0.18940052390098572,0.3298880159854889,0.41141632199287415,0.42748168110847473,0.42613810300827026,0.39595791697502136,0.3964557945728302,0.4275686740875244,0.42709073424339294,0.426469087600708,0.4267289638519287,0.426102876663208,0.39333057403564453,0.4262245297431946,0.4247170686721802,0.40388724207878113,0.4040907621383667,0.40388724207878113,0.4276992082595825,0.4276992082595825,0.40388724207878113,0.4276992082595825,0.4276992082595825,0.4276992082595825,0.40439605712890625,0.40388724207878113,0.4276992082595825,0.40388724207878113,0.4276992082595825,0.40388724207878113,0.4276992082595825,0.40388724207878113,0.4276556670665741,0.4276992082595825,0.40388724207878113,0.40388724207878113,0.4276992082595825,0.4276992082595825,0.4276992082595825,0.4276992082595825,0.4276992082595825,0.4276992082595825,0.4265798330307007,0.40388724207878113,0.40388724207878113,0.4276992082595825,0.4276992082595825,0.40388724207878113,0.40388724207878113,0.40388724207878113,0.4276992082595825,0.4276992082595825,0.4276992082595825,0.4276992082595825,0.4276992082595825,0.4276992082595825,0.40388724207878113,0.4276992082595825,0.40439605712890625,0.40388724207878113,0.40388724207878113,0.4276992082595825,0.4276992082595825,0.4276556670665741,0.4276992082595825,0.4276992082595825,0.40388724207878113,0.4276992082595825,0.4276992082595825,0.40388724207878113,0.40521013736724854,0.40388724207878113,0.4040907621383667,0.40388724207878113,0.4276992082595825,0.4276992082595825,0.4276992082595825,0.40388724207878113,0.4276992082595825,0.40388724207878113,0.40388724207878113
N[20](SymbolOvertaking),0.3777777850627899,0.4391857385635376,0.5119028091430664,0.46260303258895874,0.4505974054336548,0.4254894256591797,0.4373399019241333,0.4781162738800049,0.4764268100261688,0.42692047357559204,0.5303228497505188,0.4393569529056549,0.40497294068336487,0.4212968051433563,0.43860191106796265,0.5560382008552551,0.3666379451751709,0.4923135042190552,0.4624694883823395,0.44094088673591614,0.4314291477203369,0.45167937874794006,0.46256357431411743,0.4620465338230133,0.46138232946395874,0.44013404846191406,0.43962186574935913,0.44863298535346985,0.44082748889923096,0.4429062306880951,0.4627048075199127,0.4627048075199127,0.4627048075199127,0.4627048075199127,0.43889284133911133,0.44652488827705383,0.4627048075199127,0.43889284133911133,0.43889284133911133,0.4390963613986969,0.4627048075199127,0.4390963613986969,0.4627048075199127,0.4627048075199127,0.4627048075199127,0.4627048075199127,0.43889284133911133,0.4392551779747009,0.4627048075199127,0.4627048075199127,0.4627048075199127,0.4627048075199127,0.4627048075199127,0.4627048075199127,0.4627048075199127,0.4627048075199127,0.43889284133911133,0.43889284133911133,0.4627048075199127,0.43889284133911133,0.43889284133911133,0.4391981363296509,0.4389946162700653,0.4627048075199127,0.4627048075199127,0.4390963613986969,0.4432685375213623,0.4627048075199127,0.4627048075199127,0.43889284133911133,0.4389946162700653,0.4627048075199127,0.43889284133911133,0.4390963613986969,0.4627048075199127,0.4627048075199127,0.4627048075199127,0.4390963613986969,0.4392551779747009,0.4627048075199127,0.4627048075199127,0.4627048075199127,0.4627048075199127,0.4627048075199127,0.43889284133911133,0.4627048075199127,0.4627048075199127,0.4627048075199127,0.4627048075199127,0.43889284133911133,0.4627048075199127,0.4627048075199127,0.44652488827705383,0.43889284133911133,0.43889284133911133,0.43889284133911133
N[21](SymbolOvertakingGoods),0.43985506892204285,0.4369465708732605,0.389797568321228,0.43675586581230164,0.42389610409736633,0.4974031150341034,0.4371349513530731,0.4009578227996826,0.45967742800712585,0.4323589503765106,0.42757415771484375,0.4368131756782532,0.43616899847984314,0.4465923011302948,0.41829055547714233,0.6081668138504028,0.5618719458580017,0.4096522033214569,0.43663546442985535,0.4151880741119385,0.4426685869693756,0.44230371713638306,0.43672430515289307,0.4362361431121826,0.43560338020324707,0.4143393933773041,0.4363691806793213,0.44459402561187744,0.4353513717651367,0.4171382486820221,0.4368576407432556,0.4131474494934082,0.4130457043647766,0.42261117696762085,0.4167090654373169,0.4368576407432556,0.4368576407432556,0.4130457043647766,0.4368576407432556,0.4130457043647766,0.4368576407432556,0.4131474494934082,0.41497913002967834,0.4368576407432556,0.4368576407432556,0.4130457043647766,0.4130457043647766,0.4368131756782532,0.4130457043647766,0.4130457043647766,0.4368576407432556,0.4130457043647766,0.4368576407432556,0.4368576407432556,0.4368576407432556,0.4368576407432556,0.4131474494934082,0.4368576407432556,0.4368576407432556,0.4368576407432556,0.4368576407432556,0.4130457043647766,0.4368576407432556,0.4368576407432556,0.4130457043647766,0.4368576407432556,0.4368576407432556,0.4368576407432556,0.4131474494934082,0.4130457043647766,0.4130457043647766,0.4368576407432556,0.4368576407432556,0.4130457043647766,0.4368576407432556,0.41497913002967834,0.4368576407432556,0.4131474494934082,0.4368131756782532,0.4130457043647766,0.4130457043647766,0.4368576407432556,0.4130457043647766,0.4368576407432556,0.4130457043647766,0.4130457043647766,0.4130457043647766,0.4131474494934082,0.4368576407432556,0.4167090654373169,0.42261117696762085,0.4368576407432556,0.4368576407432556,0.4130457043647766,0.4368576407432556,0.4368576407432556
N[22](SymbolSpeed20),0.3359903395175934,0.42880406975746155,0.4780566692352295,0.40521013736724854,0.414753258228302,0.6364362835884094,0.43088430166244507,0.3607822358608246,0.6420595645904541,0.4227283000946045,0.5575916171073914,0.4286731779575348,0.4117647111415863,0.4081519842147827,0.4214867651462555,0.39965248107910156,0.6649439930915833,0.3240927457809448,0.40541091561317444,0.42735475301742554,0.43462568521499634,0.4144858717918396,0.4052899181842804,0.4283101260662079,0.42768698930740356,0.40641820430755615,0.4059768319129944,0.4142501950263977,0.42744144797325134,0.4259296655654907,0.40510836243629456,0.40510836243629456,0.40510836243629456,0.40510836243629456,0.42892032861709595,0.40510836243629456,0.40510836243629456,0.4287168085575104,0.40510836243629456,0.40510836243629456,0.42892032861709595,0.42892032861709595,0.42881855368614197,0.40510836243629456,0.42892032861709595,0.42892032861709595,0.42892032861709595,0.428876668214798,0.40510836243629456,0.42892032861709595,0.42892032861709595,0.42892032861709595,0.42892032861709595,0.40510836243629456,0.42892032861709595,0.42892032861709595,0.40521013736724854,0.40521013736724854,0.42892032861709595,0.40510836243629456,0.42892032861709595,0.42892032861709595,0.42892032861709595,0.40510836243629456,0.42892032861709595,0.42881855368614197,0.40510836243629456,0.40510836243629456,0.42892032861709595,0.42892032861709595,0.42892032861709595,0.42892032861709595,0.40510836243629456,0.40510836243629456,0.42892032861709595,0.42881855368614197,0.40510836243629456,0.42892032861709595,0.428876668214798,0.40510836243629456,0.42892032861709595,0.42892032861709595,0.42892032861709595,0.42892032861709595,0.42892032861709595,0.40510836243629456,0.40510836243629456,0.40510836243629456,0.40510836243629456,0.42892032861709595,0.40510836243629456,0.40510836243629456,0.40510836243629456,0.4287168085575104,0.42892032861709595,0.42881855368614197
N[23](SymbolSpeed30),0.5565217137336731,0.4691094160079956,0.46574899554252625,0.4691157042980194,0.47999998927116394,0.4558529853820801,0.47156471014022827,0.49487826228141785,0.29311415553092957,0.4666893184185028,0.39005234837532043,0.4692714810371399,0.5551974177360535,0.5328620076179504,0.49922671914100647,0.5960034728050232,0.5340223908424377,0.49004536867141724,0.46928396821022034,0.4910270571708679,0.47813981771469116,0.47918814420700073,0.4691759943962097,0.4921247959136963,0.4706180989742279,0.4918249249458313,0.46970927715301514,0.5015534162521362,0.4778420031070709,0.47271624207496643,0.49272412061691284,0.46901392936706543,0.4928258955478668,0.4928258955478668,0.46901392936706543,0.49272412061691284,0.4928258955478668,0.46901392936706543,0.46901392936706543,0.49211356043815613,0.46901392936706543,0.46901392936706543,0.4928258955478668,0.4928258955478668,0.46901392936706543,0.46901392936706543,0.4928258955478668,0.4690679609775543,0.46901392936706543,0.4928258955478668,0.4928258955478668,0.4928258955478668,0.4928258955478668,0.46901392936706543,0.4928258955478668,0.46901392936706543,0.4928258955478668,0.46901392936706543,0.4928258955478668,0.4928258955478668,0.4770530164241791,0.46901392936706543,0.46901392936706543,0.46901392936706543,0.4928258955478668,0.46901392936706543,0.46901392936706543,0.46901392936706543,0.46901392936706543,0.4928258955478668,0.4928258955478668,0.4928258955478668,0.46901392936706543,0.49211356043815613,0.46901392936706543,0.4928258955478668,0.4928258955478668,0.46901392936706543,0.4690679609775543,0.46901392936706543,0.4928258955478668,0.46901392936706543,0.46901392936706543,0.4928258955478668,0.4928258955478668,0.4928258955478668,0.4928258955478668,0.46901392936706543,0.49272412061691284,0.46901392936706543,0.4928258955478668,0.4928258955478668,0.49272412061691284,0.46901392936706543,0.4928258955478668,0.4928258955478668
N[24](SymbolSpeed50),0.3915458917617798,0.43888041377067566,0.4140890836715698,0.43879109621047974,0.4480000138282776,0.35677188634872437,0.4399016201496124,0.4197153151035309,0.2763647735118866,0.41026511788368225,0.3451134264469147,0.43874645233154297,0.480142742395401,0.4713354706764221,0.4354057013988495,0.2059079110622406,0.39735859632492065,0.4254032373428345,0.4385679364204407,0.4371894896030426,0.4446277618408203,0.4244796931743622,0.415157675743103,0.43816685676574707,0.4286004304885864,0.41616734862327576,0.4157349169254303,0.42688482999801636,0.4372781813144684,0.4190582036972046,0.43879109621047974,0.43879109621047974,0.4150809049606323,0.41497913002967834,0.43879109621047974,0.41497913002967834,0.43879109621047974,0.41497913002967834,0.43879109621047974,0.41497913002967834,0.43879109621047974,0.41558969020843506,0.41497913002967834,0.41497913002967834,0.4151826500892639,0.41497913002967834,0.4382822811603546,0.43874645233154297,0.4153861701488495,0.43797701597213745,0.43879109621047974,0.43879109621047974,0.43879109621047974,0.41497913002967834,0.43879109621047974,0.4286150336265564,0.41497913002967834,0.41497913002967834,0.41497913002967834,0.43879109621047974,0.43879109621047974,0.41497913002967834,0.43879109621047974,0.41497913002967834,0.43797701597213745,0.43879109621047974,0.43879109621047974,0.43879109621047974,0.41497913002967834,0.43879109621047974,0.43879109621047974,0.43879109621047974,0.43879109621047974,0.41497913002967834,0.43879109621047974,0.41497913002967834,0.41497913002967834,0.41558969020843506,0.43874645233154297,0.4153861701488495,0.43879109621047974,0.4151826500892639,0.41497913002967834,0.43879109621047974,0.4382822811603546,0.43879109621047974,0.4150809049606323,0.43879109621047974,0.43879109621047974,0.43879109621047974,0.41497913002967834,0.43879109621047974,0.41497913002967834,0.41497913002967834,0.43879109621047974,0.43879109621047974
N[25](SymbolSpeed60),0.6144927740097046,0.41109415888786316,0.3459109365940094,0.4112139940261841,0.39916881918907166,0.4574510455131531,0.41008299589157104,0.4552347958087921,0.518610417842865,0.4243145287036896,0.5074170827865601,0.41127389669418335,0.3713594973087311,0.3850657343864441,0.41231054067611694,0.7940921187400818,0.46597760915756226,0.4483366906642914,0.41151341795921326,0.43343809247016907,0.437306672334671,0.4236554801464081,0.4348931908607483,0.4344070851802826,0.43377652764320374,0.4125114381313324,0.43443790078163147,0.4204639494419098,0.43352600932121277,0.43199270963668823,0.4350259602069855,0.4350259602069855,0.4350259602069855,0.4112139940261841,0.4350259602069855,0.4350259602069855,0.4112139940261841,0.4350259602069855,0.4350259602069855,0.4349241852760315,0.4112139940261841,0.4112139940261841,0.4112139940261841,0.4112139940261841,0.43390658497810364,0.4112139940261841,0.4350259602069855,0.41127389669418335,0.4350259602069855,0.4350259602069855,0.4112139940261841,0.4350259602069855,0.4112139940261841,0.4350259602069855,0.4350259602069855,0.4350259602069855,0.4112139940261841,0.4350259602069855,0.4350259602069855,0.4112139940261841,0.4350259602069855,0.4350259602069855,0.4350259602069855,0.4350259602069855,0.4350259602069855,0.4112139940261841,0.4112139940261841,0.4112139940261841,0.4350259602069855,0.4350259602069855,0.4112139940261841,0.4112139940261841,0.4350259602069855,0.4349241852760315,0.4112139940261841,0.4112139940261841,0.4112139940261841,0.4112139940261841,0.41127389669418335,0.4350259602069855,0.4350259602069855,0.43390658497810364,0.4112139940261841,0.4112139940261841,0.4350259602069855,0.4112139940261841,0.4350259602069855,0.4350259602069855,0.4350259602069855,0.4350259602069855,0.4112139940261841,0.4112139940261841,0.4350259602069855,0.4350259602069855,0.42973440885543823,0.4112139940261841
N[26](SymbolSpeed70),0.384782612323761,0.42788803577423096,0.4421052634716034,0.40429428219795227,0.4138181805610657,0.551737904548645,0.430167019367218,0.37647998332977295,0.4320719540119171,0.4309993088245392,0.39310646057128906,0.4277574419975281,0.4784160256385803,0.4619463086128235,0.429219514131546,0.3987836539745331,0.5357450246810913,0.35131049156188965,0.4044955372810364,0.4063672423362732,0.4124561846256256,0.41355863213539124,0.404374361038208,0.4273955821990967,0.4267735779285431,0.4055042266845703,0.42752590775489807,0.43558409810066223,0.4265287518501282,0.4250202178955078,0.4041925370693207,0.4270886480808258,0.4280044734477997,0.4041925370693207,0.4041925370693207,0.4280044734477997,0.4041925370693207,0.4041925370693207,0.4280044734477997,0.4280044734477997,0.4041925370693207,0.4280044734477997,0.4041925370693207,0.4280044734477997,0.4280044734477997,0.4041925370693207,0.4280044734477997,0.40425315499305725,0.4280044734477997,0.4280044734477997,0.4055154025554657,0.4280044734477997,0.4280044734477997,0.4041925370693207,0.4280044734477997,0.4280044734477997,0.4041925370693207,0.4280044734477997,0.4280044734477997,0.4280044734477997,0.4280044734477997,0.4280044734477997,0.4041925370693207,0.40429428219795227,0.4280044734477997,0.4280044734477997,0.4041925370693207,0.4041925370693207,0.4041925370693207,0.4041925370693207,0.4280044734477997,0.4055154025554657,0.4280044734477997,0.4280044734477997,0.4041925370693207,0.4041925370693207,0.4280044734477997,0.4280044734477997,0.40425315499305725,0.4280044734477997,0.4280044734477997,0.4280044734477997,0.4041925370693207,0.4280044734477997,0.4280044734477997,0.4280044734477997,0.4280044734477997,0.4270886480808258,0.4041925370693207,0.4041925370693207,0.4041925370693207,0.4041925370693207,0.4280044734477997,0.4041925370693207,0.4280044734477997,0.4280044734477997
N[27](SymbolSpeed80),0.39371979236602783,0.4083460569381714,0.3797570765018463,0.4084664583206177,0.4167272746562958,0.36995604634284973,0.4079311490058899,0.3803378939628601,0.357320100069046,0.3956492245197296,0.3664921522140503,0.40822139382362366,0.43329113721847534,0.4170992970466614,0.4135477840900421,0.2050390988588333,0.40367498993873596,0.38545867800712585,0.40825873613357544,0.40697556734085083,0.4138997793197632,0.37698331475257874,0.40834182500839233,0.4078853726387024,0.4071856141090393,0.38590434193611145,0.4079081118106842,0.3960231840610504,0.3867761790752411,0.40561842918395996,0.38465452194213867,0.38465452194213867,0.38465452194213867,0.40795767307281494,0.38465452194213867,0.4084664583206177,0.40724533796310425,0.4084664583206177,0.4084664583206177,0.38465452194213867,0.4084664583206177,0.4084664583206177,0.38465452194213867,0.4084664583206177,0.4084664583206177,0.4083647131919861,0.38465452194213867,0.3847171366214752,0.38475629687309265,0.4084664583206177,0.38465452194213867,0.38475629687309265,0.40663477778434753,0.4084664583206177,0.4084664583206177,0.4084664583206177,0.38465452194213867,0.4084664583206177,0.38465452194213867,0.4084664583206177,0.38465452194213867,0.4084664583206177,0.4081611931324005,0.38465452194213867,0.4084664583206177,0.4084664583206177,0.4084664583206177,0.4084664583206177,0.38465452194213867,0.4084664583206177,0.4084664583206177,0.38465452194213867,0.4084664583206177,0.38465452194213867,0.4084664583206177,0.38465452194213867,0.4084664583206177,0.4084664583206177,0.3847171366214752,0.38475629687309265,0.38475629687309265,0.4084664583206177,0.4083647131919861,0.40663477778434753,0.38465452194213867,0.4084664583206177,0.38465452194213867,0.38465452194213867,0.38465452194213867,0.38465452194213867,0.40795767307281494,0.40724533796310425,0.4084664583206177,0.4084664583206177,0.4084664583206177,0.38465452194213867
N[28](SymbolSpeed100),0.4458937346935272,0.4166921079158783,0.45716598629951477,0.4166073203086853,0.40436363220214844,0.4966040849685669,0.41684597730636597,0.44046828150749207,0.46277916431427,0.44187626242637634,0.44458988308906555,0.4168701767921448,0.4010590612888336,0.42240142822265625,0.4132384657859802,0.594265878200531,0.43066322803497314,0.4412802457809448,0.4169039726257324,0.438811719417572,0.4088471829891205,0.4459097385406494,0.4167853593826294,0.41743725538253784,0.43925708532333374,0.43942317366600037,0.43992680311203003,0.4257456362247467,0.4186187982559204,0.42067500948905945,0.42973440885543823,0.4404192566871643,0.4166073203086853,0.4404192566871643,0.4403174817562103,0.4166073203086853,0.4404192566871643,0.4403174817562103,0.4404192566871643,0.4403174817562103,0.4404192566871643,0.4404192566871643,0.4403174817562103,0.4166073203086853,0.4166073203086853,0.4166073203086853,0.4403174817562103,0.4403744339942932,0.4404192566871643,0.4166073203086853,0.4403174817562103,0.4166073203086853,0.4404192566871643,0.4166073203086853,0.4166073203086853,0.4404192566871643,0.44021573662757874,0.4404192566871643,0.44021573662757874,0.4166073203086853,0.4166073203086853,0.4166073203086853,0.4166073203086853,0.4404192566871643,0.4166073203086853,0.4166073203086853,0.4166073203086853,0.4166073203086853,0.4404192566871643,0.4404192566871643,0.4166073203086853,0.4403174817562103,0.4404192566871643,0.4403174817562103,0.4404192566871643,0.4403174817562103,0.4166073203086853,0.4404192566871643,0.4403744339942932,0.4404192566871643,0.4166073203086853,0.4166073203086853,0.4166073203086853,0.4404192566871643,0.4403174817562103,0.4403174817562103,0.4166073203086853,0.4404192566871643,0.42973440885543823,0.4403174817562103,0.4404192566871643,0.4404192566871643,0.4166073203086853,0.4403174817562103,0.4166073203086853,0.4404192566871643
N[29](SymbolSpeed120),0.3881642520427704,0.4536386728286743,0.4382186233997345,0.45354634523391724,0.4627532362937927,0.2732720673084259,0.45240291953086853,0.45922574400901794,0.3520471453666687,0.4377974271774292,0.376963347196579,0.4535002112388611,0.45539310574531555,0.4386391341686249,0.4591194987297058,0.5994787216186523,0.40022969245910645,0.47139617800712585,0.45331570506095886,0.43181586265563965,0.4433903992176056,0.45920050144195557,0.4299084544181824,0.4306472837924957,0.4521465599536896,0.4308926463127136,0.4530392289161682,0.44190141558647156,0.4519825577735901,0.43371060490608215,0.4524269998073578,0.45354634523391724,0.42973440885543823,0.42973440885543823,0.42973440885543823,0.45354634523391724,0.45354634523391724,0.45354634523391724,0.42973440885543823,0.42973440885543823,0.45354634523391724,0.42973440885543823,0.45354634523391724,0.45354634523391724,0.45344460010528564,0.42973440885543823,0.42973440885543823,0.4535002112388611,0.45354634523391724,0.45354634523391724,0.45354634523391724,0.42973440885543823,0.45354634523391724,0.42973440885543823,0.4298361539840698,0.45354634523391724,0.42973440885543823,0.45354634523391724,0.42973440885543823,0.45354634523391724,0.45354634523391724,0.42973440885543823,0.45354634523391724,0.45354634523391724,0.45354634523391724,0.45354634523391724,0.42973440885543823,0.45354634523391724,0.42973440885543823,0.42973440885543823,0.45354634523391724,0.45354634523391724,0.42973440885543823,0.42973440885543823,0.45354634523391724,0.45354634523391724,0.45354634523391724,0.42973440885543823,0.4535002112388611,0.45354634523391724,0.42973440885543823,0.45344460010528564,0.42973440885543823,0.45354634523391724,0.42973440885543823,0.42973440885543823,0.42973440885543823,0.45354634523391724,0.4524269998073578,0.42973440885543823,0.42973440885543823,0.45354634523391724,0.45354634523391724,0.45354634523391724,0.42973440885543823,0.45354634523391724
N[30](SymbolD1a1),0.33285024762153625,0.4992366433143616,0.5486639738082886,0.4991350471973419,0.4875844120979309,0.449860155582428,0.49738702178001404,0.4955434203147888,0.6343052387237549,0.5111035704612732,0.5325043797492981,0.4990842342376709,0.4100379943847656,0.43267425894737244,0.4687081277370453,0.6003475189208984,0.46310651302337646,0.5010080933570862,0.49898290634155273,0.49741458892822266,0.48968860507011414,0.4886668026447296,0.4755849540233612,0.4761711061000824,0.4768090844154358,0.4764902889728546,0.47601139545440674,0.46613505482673645,0.497515469789505,0.495654821395874,0.4992367923259735,0.4754248559474945,0.4992367923259735,0.4754248559474945,0.4992367923259735,0.4754248559474945,0.47664597630500793,0.4992367923259735,0.4992367923259735,0.4992367923259735,0.4992367923259735,0.4992367923259735,0.4754248559474945,0.4992367923259735,0.4754248559474945,0.4992367923259735,0.4992367923259735,0.47547823190689087,0.4992367923259735,0.4992367923259735,0.4992367923259735,0.4754248559474945,0.4754248559474945,0.4754248559474945,0.4754248559474945,0.4754248559474945,0.4754248559474945,0.4754248559474945,0.4754248559474945,0.4754248559474945,0.4992367923259735,0.4987280070781708,0.4992367923259735,0.4992367923259735,0.4992367923259735,0.4992367923259735,0.4754248559474945,0.4992367923259735,0.4992367923259735,0.4992367923259735,0.4754248559474945,0.4992367923259735,0.4992367923259735,0.4992367923259735,0.4992367923259735,0.4754248559474945,0.4992367923259735,0.4992367923259735,0.47547823190689087,0.4992367923259735,0.4754248559474945,0.4754248559474945,0.4992367923259735,0.4754248559474945,0.4992367923259735,0.4754248559474945,0.4992367923259735,0.4754248559474945,0.4992367923259735,0.4992367923259735,0.4754248559474945,0.47664597630500793,0.4754248559474945,0.4992367923259735,0.4754248559474945,0.4754248559474945
N[31](SymbolD1a4),0.5463768243789673,0.4557760953903198,0.3987044394016266,0.47501781582832336,0.4629610478878021,0.3495804965496063,0.45762884616851807,0.49647465348243713,0.21805210411548615,0.4416496753692627,0.34227749705314636,0.45594221353530884,0.5075399875640869,0.514083743095398,0.4567481279373169,0.5586446523666382,0.38960665464401245,0.5259576439857483,0.4748779535293579,0.4533103406429291,0.48051145672798157,0.4612610638141632,0.4514750838279724,0.45208820700645447,0.4737643301486969,0.4525236189365387,0.4520227611064911,0.4835335612297058,0.45319947600364685,0.47170573472976685,0.45130762457847595,0.47389844059944153,0.47501781582832336,0.45130762457847595,0.47511956095695496,0.47511956095695496,0.47511956095695496,0.47511956095695496,0.45130762457847595,0.47511956095695496,0.47511956095695496,0.45130762457847595,0.47511956095695496,0.45130762457847595,0.45130762457847595,0.45130762457847595,0.47511956095695496,0.4750712215900421,0.45130762457847595,0.47511956095695496,0.45130762457847595,0.45130762457847595,0.4749160408973694,0.45130762457847595,0.45130762457847595,0.4749160408973694,0.45130762457847595,0.45130762457847595,0.47501781582832336,0.47511956095695496,0.45130762457847595,0.47501781582832336,0.47369492053985596,0.45130762457847595,0.47511956095695496,0.4557850956916809,0.45130762457847595,0.47511956095695496,0.47511956095695496,0.45140936970710754,0.45130762457847595,0.45130762457847595,0.45130762457847595,0.47511956095695496,0.47511956095695496,0.47511956095695496,0.45130762457847595,0.45130762457847595,0.4750712215900421,0.45130762457847595,0.45130762457847595,0.45130762457847595,0.45130762457847595,0.4749160408973694,0.47511956095695496,0.47501781582832336,0.47501781582832336,0.47389844059944153,0.45130762457847595,0.47511956095695496,0.45130762457847595,0.47511956095695496,0.47511956095695496,0.47511956095695496,0.47511956095695496,0.47511956095695496
N[32](SymbolD1a5),0.5572463870048523,0.4066157639026642,0.37765181064605713,0.40663477778434753,0.41589611768722534,0.18377946317195892,0.4039348363876343,0.49687376618385315,0.21588090062141418,0.3928166925907135,0.3440226912498474,0.4067969024181366,0.42995280027389526,0.4134541153907776,0.43602433800697327,0.19721980392932892,0.20068906247615814,0.5013861060142517,0.40683481097221375,0.4086991846561432,0.41988039016723633,0.39923757314682007,0.4302136301994324,0.4284117519855499,0.40830203890800476,0.42947089672088623,0.407196581363678,0.4379660189151764,0.4085792601108551,0.4106709659099579,0.43034496903419495,0.43034496903419495,0.43034496903419495,0.43034496903419495,0.43034496903419495,0.4300396740436554,0.43034496903419495,0.43034496903419495,0.43034496903419495,0.40653303265571594,0.43034496903419495,0.40653303265571594,0.43034496903419495,0.43034496903419495,0.40653303265571594,0.40653303265571594,0.43034496903419495,0.4065934121608734,0.40653303265571594,0.43034496903419495,0.43034496903419495,0.40653303265571594,0.40653303265571594,0.43034496903419495,0.42892032861709595,0.40653303265571594,0.43034496903419495,0.40653303265571594,0.4301414489746094,0.43034496903419495,0.40653303265571594,0.40653303265571594,0.43034496903419495,0.40663477778434753,0.43034496903419495,0.40653303265571594,0.43034496903419495,0.40653303265571594,0.43034496903419495,0.40653303265571594,0.43034496903419495,0.43034496903419495,0.43034496903419495,0.40653303265571594,0.43034496903419495,0.43034496903419495,0.43034496903419495,0.40653303265571594,0.4065934121608734,0.40653303265571594,0.40653303265571594,0.40653303265571594,0.40653303265571594,0.40653303265571594,0.43034496903419495,0.43034496903419495,0.43034496903419495,0.43034496903419495,0.43034496903419495,0.43034496903419495,0.43034496903419495,0.43034496903419495,0.4300396740436554,0.43034496903419495,0.40653303265571594,0.40653303265571594
N[33](SymbolD1a6),0.5536231994628906,0.4704325795173645,0.35870444774627686,0.4704385995864868,0.47999998927116394,0.1793847382068634,0.4724869430065155,0.49793800711631775,0.22146402299404144,0.4510537087917328,0.29690226912498474,0.4702889621257782,0.4899274706840515,0.4813873767852783,0.4677801728248596,0.20330147445201874,0.20126327872276306,0.5231854915618896,0.4701993465423584,0.468721479177475,0.45947617292404175,0.45713990926742554,0.4467955231666565,0.46976932883262634,0.4689942002296448,0.44775059819221497,0.46981093287467957,0.4370339810848236,0.44853463768959045,0.4671584367752075,0.4704385995864868,0.446830153465271,0.4704385995864868,0.4704385995864868,0.4704385995864868,0.4466266334056854,0.4704385995864868,0.4704385995864868,0.4466266334056854,0.4704385995864868,0.4466266334056854,0.47033682465553284,0.4704385995864868,0.4466266334056854,0.4704385995864868,0.4466266334056854,0.4466266334056854,0.44668295979499817,0.4704385995864868,0.4466266334056854,0.4466266334056854,0.4466266334056854,0.4466266334056854,0.4466266334056854,0.4704385995864868,0.4704385995864868,0.4466266334056854,0.4704385995864868,0.4467284083366394,0.4467284083366394,0.4466266334056854,0.4704385995864868,0.45130762457847595,0.4473389685153961,0.4466266334056854,0.4704385995864868,0.4704385995864868,0.4704385995864868,0.4466266334056854,0.4704385995864868,0.4704385995864868,0.4466266334056854,0.4466266334056854,0.4704385995864868,0.4466266334056854,0.4704385995864868,0.4466266334056854,0.47033682465553284,0.44668295979499817,0.4704385995864868,0.4466266334056854,0.4704385995864868,0.4466266334056854,0.4466266334056854,0.4466266334056854,0.4704385995864868,0.4704385995864868,0.446830153465271,0.4704385995864868,0.4704385995864868,0.4704385995864868,0.4704385995864868,0.4466266334056854,0.4704385995864868,0.4704385995864868,0.4704385995864868
N[34](SymbolD1a7),0.2811594307422638,0.4020356237888336,0.56048583984375,0.402055561542511,0.3926233649253845,0.6324410438537598,0.40004098415374756,0.399494469165802,0.7059553265571594,0.41694992780685425,0.6324170827865601,0.40221816301345825,0.3445378243923187,0.35579365491867065,0.40633055567741394,0.7697654366493225,0.5931668281555176,0.37827619910240173,0.40235963463783264,0.42431309819221497,0.41534337401390076,0.39491036534309387,0.42573752999305725,0.42526164650917053,0.42454075813293457,0.40327003598213196,0.4253913462162018,0.3914664387702942,0.42439913749694824,0.40622472763061523,0.402055561542511,0.402055561542511,0.42586749792099,0.42586749792099,0.402055561542511,0.42586749792099,0.402055561542511,0.42586749792099,0.42586749792099,0.42586749792099,0.42586749792099,0.42586749792099,0.402055561542511,0.42586749792099,0.4257657527923584,0.402055561542511,0.4257657527923584,0.4258241653442383,0.42586749792099,0.42586749792099,0.42586749792099,0.42586749792099,0.42586749792099,0.42586749792099,0.4257657527923584,0.42586749792099,0.402055561542511,0.42586749792099,0.402055561542511,0.402055561542511,0.42586749792099,0.402055561542511,0.4257657527923584,0.40236085653305054,0.42586749792099,0.402055561542511,0.402055561542511,0.402055561542511,0.42586749792099,0.42586749792099,0.404904842376709,0.42586749792099,0.42586749792099,0.42586749792099,0.42586749792099,0.402055561542511,0.42586749792099,0.42586749792099,0.4258241653442383,0.42586749792099,0.42586749792099,0.4257657527923584,0.402055561542511,0.42586749792099,0.4257657527923584,0.402055561542511,0.42586749792099,0.402055561542511,0.402055561542511,0.402055561542511,0.42586749792099,0.402055561542511,0.42586749792099,0.42586749792099,0.402055561542511,0.402055561542511
N[35](SymbolD2a1),0.5601449012756348,0.4479389190673828,0.3940081000328064,0.47176146507263184,0.4813506603240967,0.36516180634498596,0.44943130016326904,0.4775841534137726,0.3650744557380676,0.4499206840991974,0.4280104637145996,0.44810745120048523,0.47139403223991394,0.4563128352165222,0.4740695059299469,0.5412684679031372,0.44760262966156006,0.4940776228904724,0.4715215563774109,0.4499645233154297,0.47803670167922974,0.477642685174942,0.4481180012226105,0.4710903465747833,0.4705165922641754,0.47080329060554504,0.4486684203147888,0.458057165145874,0.4701348841190338,0.45189976692199707,0.44794952869415283,0.47176146507263184,0.47176146507263184,0.47176146507263184,0.44794952869415283,0.47176146507263184,0.44794952869415283,0.47176146507263184,0.44794952869415283,0.47084563970565796,0.44794952869415283,0.44794952869415283,0.47176146507263184,0.47176146507263184,0.47176146507263184,0.44794952869415283,0.44794952869415283,0.47171348333358765,0.4480512738227844,0.44794952869415283,0.46758928894996643,0.44794952869415283,0.4500865042209625,0.44794952869415283,0.47176146507263184,0.47176146507263184,0.47176146507263184,0.44794952869415283,0.47176146507263184,0.4481530487537384,0.47176146507263184,0.4481530487537384,0.47176146507263184,0.47165971994400024,0.44794952869415283,0.44794952869415283,0.47176146507263184,0.47176146507263184,0.45497098565101624,0.44794952869415283,0.47176146507263184,0.46758928894996643,0.44794952869415283,0.47084563970565796,0.44794952869415283,0.47176146507263184,0.47176146507263184,0.44794952869415283,0.47171348333358765,0.4480512738227844,0.44794952869415283,0.47176146507263184,0.44794952869415283,0.4500865042209625,0.44794952869415283,0.44794952869415283,0.47176146507263184,0.47176146507263184,0.44794952869415283,0.44794952869415283,0.47176146507263184,0.44794952869415283,0.47176146507263184,0.47176146507263184,0.47176146507263184,0.47176146507263184
N[36](SymbolD2a2),0.34227052330970764,0.45302799344062805,0.559838056564331,0.4768494963645935,0.4651428461074829,0.7239312529563904,0.4532226622104645,0.40907275676727295,0.6346153616905212,0.45626556873321533,0.617364764213562,0.4531949460506439,0.43893173336982727,0.4600684940814972,0.44602537155151367,0.8045178055763245,0.7332758903503418,0.4125503897666931,0.47670871019363403,0.47521036863327026,0.4832955300807953,0.44632187485694885,0.4768056869506836,0.47627273201942444,0.4756926894187927,0.4757794141769409,0.45375075936317444,0.46685999631881714,0.4550248384475708,0.47362571954727173,0.4531393051147461,0.4769512712955475,0.4531393051147461,0.4531393051147461,0.4769512712955475,0.4531393051147461,0.4531393051147461,0.4532410800457001,0.4769512712955475,0.4769512712955475,0.4769512712955475,0.47522133588790894,0.4769512712955475,0.4531393051147461,0.4769512712955475,0.4769512712955475,0.4531393051147461,0.47690272331237793,0.4531393051147461,0.4769512712955475,0.4531393051147461,0.4768494963645935,0.4531393051147461,0.4769512712955475,0.4769512712955475,0.4769512712955475,0.47664597630500793,0.4531393051147461,0.4544622004032135,0.4769512712955475,0.4531393051147461,0.4769512712955475,0.4769512712955475,0.4531393051147461,0.4769512712955475,0.4531393051147461,0.4769512712955475,0.4769512712955475,0.4531393051147461,0.4769512712955475,0.4531393051147461,0.4531393051147461,0.4769512712955475,0.4769512712955475,0.4769512712955475,0.4769512712955475,0.4531393051147461,0.47522133588790894,0.47690272331237793,0.4531393051147461,0.4768494963645935,0.4769512712955475,0.4769512712955475,0.4531393051147461,0.4531393051147461,0.4531393051147461,0.4531393051147461,0.4769512712955475,0.4531393051147461,0.4769512712955475,0.4531393051147461,0.4531393051147461,0.4531393051147461,0.4532410800457001,0.4769512712955475,0.4531393051147461
N[37](SymbolD3),0.4410628080368042,0.42575064301490784,0.4438866376876831,0.44937416911125183,0.4367792308330536,0.4526568055152893,0.4275028109550476,0.45350539684295654,0.4351736903190613,0.4455019235610962,0.43760907649993896,0.42592594027519226,0.41199493408203125,0.4328951835632324,0.4225177764892578,0.5994787216186523,0.4010910093784332,0.4663558602333069,0.4492473602294922,0.44783535599708557,0.45514538884162903,0.4550793468952179,0.44933876395225525,0.4264810383319855,0.4480868875980377,0.42977556586265564,0.4264078140258789,0.4154929518699646,0.4276442527770996,0.44634196162223816,0.4256639778614044,0.4494759440422058,0.4256639778614044,0.4494759440422058,0.4494759440422058,0.4257657527923584,0.4494759440422058,0.4494759440422058,0.4256639778614044,0.4494759440422058,0.4256639778614044,0.4494759440422058,0.4256639778614044,0.4494759440422058,0.4494759440422058,0.4256639778614044,0.4494759440422058,0.4257224202156067,0.4494759440422058,0.4256639778614044,0.4494759440422058,0.4256639778614044,0.4494759440422058,0.4494759440422058,0.4256639778614044,0.4494759440422058,0.4287168085575104,0.4256639778614044,0.4256639778614044,0.4256639778614044,0.4256639778614044,0.4494759440422058,0.44917064905166626,0.4494759440422058,0.4256639778614044,0.4256639778614044,0.4494759440422058,0.4494759440422058,0.4494759440422058,0.4494759440422058,0.4256639778614044,0.4494759440422058,0.4256639778614044,0.4494759440422058,0.4256639778614044,0.4256639778614044,0.4494759440422058,0.4494759440422058,0.4257224202156067,0.4494759440422058,0.4256639778614044,0.4494759440422058,0.4256639778614044,0.4494759440422058,0.4494759440422058,0.4256639778614044,0.4256639778614044,0.4494759440422058,0.4256639778614044,0.4494759440422058,0.4494759440422058,0.4494759440422058,0.4257657527923584,0.4494759440422058,0.4494759440422058,0.4494759440422058
N[38](SymbolSingleLeftBend),0.33019325137138367,0.4035623371601105,0.5208097100257874,0.40348020195961,0.3913766145706177,0.45545345544815063,0.40711137652397156,0.44219768047332764,0.2909429371356964,0.3959891200065613,0.3843804597854614,0.4037443995475769,0.4551628828048706,0.4629404544830322,0.40839260816574097,0.6003475189208984,0.4010910093784332,0.43926411867141724,0.40378355979919434,0.40565750002861023,0.41173437237739563,0.41294044256210327,0.4271617531776428,0.4043288230895996,0.4051557779312134,0.42632272839546204,0.4267127513885498,0.4151822626590729,0.405536949634552,0.40763944387435913,0.40348020195961,0.4272921681404114,0.4272921681404114,0.40348020195961,0.4271903932094574,0.4272921681404114,0.4272921681404114,0.4272921681404114,0.4272921681404114,0.4048030972480774,0.40348020195961,0.4272921681404114,0.4272921681404114,0.40348020195961,0.4272921681404114,0.4272921681404114,0.40348020195961,0.42724868655204773,0.4272921681404114,0.4272921681404114,0.4272921681404114,0.4272921681404114,0.4272921681404114,0.4272921681404114,0.40348020195961,0.40348020195961,0.4272921681404114,0.4271903932094574,0.40348020195961,0.4272921681404114,0.40348020195961,0.40348020195961,0.40348020195961,0.40358197689056396,0.4272921681404114,0.40348020195961,0.4272921681404114,0.40348020195961,0.40348020195961,0.40348020195961,0.40358197689056396,0.4272921681404114,0.4272921681404114,0.4048030972480774,0.40348020195961,0.4272921681404114,0.40348020195961,0.4272921681404114,0.42724868655204773,0.4272921681404114,0.4272921681404114,0.4272921681404114,0.4272921681404114,0.4272921681404114,0.40348020195961,0.4272921681404114,0.4272921681404114,0.4272921681404114,0.40348020195961,0.4271903932094574,0.40348020195961,0.4272921681404114,0.4272921681404114,0.4272921681404114,0.4272921681404114,0.4272921681404114
N[39](SymbolSingleRightBend),0.4958937168121338,0.4743002653121948,0.5146558880805969,0.47450900077819824,0.4851948022842407,0.6392329335212708,0.47740545868873596,0.4475189447402954,0.5049628019332886,0.49240878224372864,0.5021815299987793,0.4744607210159302,0.5152526497840881,0.5085607171058655,0.49211257696151733,0.5951346755027771,0.6681022047996521,0.43724799156188965,0.4746745228767395,0.4964006841182709,0.5048463344573975,0.5044302344322205,0.4745676517486572,0.47515496611595154,0.49680301547050476,0.4971057176589966,0.49766212701797485,0.46509942412376404,0.47621944546699524,0.47817298769950867,0.47440725564956665,0.4981174170970917,0.47440725564956665,0.49821919202804565,0.49771037697792053,0.47440725564956665,0.47440725564956665,0.47440725564956665,0.49821919202804565,0.49821919202804565,0.49821919202804565,0.49821919202804565,0.49821919202804565,0.4768494963645935,0.49821919202804565,0.49821919202804565,0.47440725564956665,0.4980667531490326,0.47440725564956665,0.47440725564956665,0.47440725564956665,0.47440725564956665,0.49821919202804565,0.47440725564956665,0.47440725564956665,0.49821919202804565,0.49821919202804565,0.49821919202804565,0.47440725564956665,0.47440725564956665,0.47440725564956665,0.47450900077819824,0.49821919202804565,0.49821919202804565,0.47440725564956665,0.47440725564956665,0.47440725564956665,0.47440725564956665,0.47440725564956665,0.49821919202804565,0.49821919202804565,0.47440725564956665,0.49821919202804565,0.49821919202804565,0.49821919202804565,0.49821919202804565,0.4768494963645935,0.49821919202804565,0.4980667531490326,0.47440725564956665,0.47440725564956665,0.49821919202804565,0.49821919202804565,0.49821919202804565,0.47440725564956665,0.49821919202804565,0.47440725564956665,0.4981174170970917,0.47440725564956665,0.49771037697792053,0.49821919202804565,0.47440725564956665,0.47440725564956665,0.47440725564956665,0.49821919202804565,0.49821919202804565
N[40](SymbolTwoOrMoreLeftBend),0.22512076795101166,0.4766412079334259,0.623643696308136,0.45283403992652893,0.44166234135627747,0.5473431944847107,0.4792499244213104,0.4646800458431244,0.499069482088089,0.4617040455341339,0.4845113456249237,0.4764957129955292,0.4650627374649048,0.4851430356502533,0.44561293721199036,0.20417028665542603,0.40022969245910645,0.44254031777381897,0.45311227440834045,0.45483118295669556,0.4617446959018707,0.4628065228462219,0.4530010223388672,0.45361244678497314,0.4543793797492981,0.4755763113498688,0.45344582200050354,0.44314417243003845,0.4547206163406372,0.45664915442466736,0.47664597630500793,0.47654420137405396,0.45283403992652893,0.45283403992652893,0.47654420137405396,0.45283403992652893,0.45283403992652893,0.47664597630500793,0.47664597630500793,0.45283403992652893,0.47654420137405396,0.47664597630500793,0.45283403992652893,0.47654420137405396,0.47664597630500793,0.47664597630500793,0.47664597630500793,0.4764957129955292,0.47664597630500793,0.47664597630500793,0.47664597630500793,0.47664597630500793,0.45283403992652893,0.45283403992652893,0.45283403992652893,0.45283403992652893,0.47664597630500793,0.45283403992652893,0.45283403992652893,0.4529357850551605,0.45283403992652893,0.45283403992652893,0.45283403992652893,0.45283403992652893,0.47664597630500793,0.47664597630500793,0.47664597630500793,0.45283403992652893,0.47664597630500793,0.45283403992652893,0.45283403992652893,0.47664597630500793,0.47664597630500793,0.45283403992652893,0.47654420137405396,0.45283403992652893,0.47654420137405396,0.47664597630500793,0.4764957129955292,0.47664597630500793,0.47664597630500793,0.47664597630500793,0.47664597630500793,0.45283403992652893,0.47664597630500793,0.47664597630500793,0.45283403992652893,0.47654420137405396,0.47664597630500793,0.47654420137405396,0.45283403992652893,0.45283403992652893,0.45283403992652893,0.47664597630500793,0.47664597630500793,0.47664597630500793
N[41](SymbolRightNarrow),0.5024154782295227,0.4377608001232147,0.3891497850418091,0.4139615297317505,0.40166234970092773,0.6428285837173462,0.4403115212917328,0.3812691271305084,0.5006203651428223,0.4356446862220764,0.452006995677948,0.4376271963119507,0.4612639546394348,0.4721086919307709,0.4155067503452301,0.40052127838134766,0.5986219048500061,0.36441531777381897,0.41425955295562744,0.4361756145954132,0.43586307764053345,0.4432309865951538,0.43763989210128784,0.4371506869792938,0.43641531467437744,0.4367827773094177,0.43718236684799194,0.4259527623653412,0.4159821569919586,0.418047696352005,0.4377734959125519,0.4139615297317505,0.4139615297317505,0.4377734959125519,0.4139615297317505,0.4377734959125519,0.4139615297317505,0.4139615297317505,0.4377734959125519,0.4375699460506439,0.4377734959125519,0.4377734959125519,0.4139615297317505,0.4139615297317505,0.4139615297317505,0.4377734959125519,0.4377734959125519,0.41402116417884827,0.4139615297317505,0.4377734959125519,0.4377734959125519,0.4139615297317505,0.4139615297317505,0.4377734959125519,0.4377734959125519,0.4376717209815979,0.4377734959125519,0.4377734959125519,0.41406330466270447,0.4377734959125519,0.4139615297317505,0.41406330466270447,0.4286150336265564,0.4377734959125519,0.4377734959125519,0.4377734959125519,0.4139615297317505,0.4139615297317505,0.4377734959125519,0.4377734959125519,0.4139615297317505,0.4377734959125519,0.4377734959125519,0.4375699460506439,0.4377734959125519,0.4139615297317505,0.4139615297317505,0.4377734959125519,0.41402116417884827,0.4139615297317505,0.4139615297317505,0.4139615297317505,0.4377734959125519,0.4139615297317505,0.4377734959125519,0.4377734959125519,0.4139615297317505,0.4139615297317505,0.4377734959125519,0.4139615297317505,0.4377734959125519,0.4139615297317505,0.4377734959125519,0.4139615297317505,0.4377734959125519,0.4377734959125519
N[42](SymbolRoadDeformities),0.49951690435409546,0.42880406975746155,0.4035627543926239,0.45263051986694336,0.4621298611164093,0.09348781406879425,0.42955219745635986,0.5222828388214111,0.07506203651428223,0.4237480163574219,0.23407503962516785,0.42897844314575195,0.48325082659721375,0.463713675737381,0.45850086212158203,0.5960034728050232,0.2687338590621948,0.5570816397666931,0.4524003267288208,0.4509783983230591,0.4212208688259125,0.45817020535469055,0.4289928674697876,0.42963114380836487,0.43032577633857727,0.4299786686897278,0.4295588433742523,0.4409693479537964,0.43078795075416565,0.4494745433330536,0.45263051986694336,0.45263051986694336,0.4515111446380615,0.45263051986694336,0.45263051986694336,0.45263051986694336,0.45263051986694336,0.45263051986694336,0.45263051986694336,0.42881855368614197,0.45263051986694336,0.42881855368614197,0.42973440885543823,0.45263051986694336,0.42881855368614197,0.45263051986694336,0.45263051986694336,0.428876668214798,0.42881855368614197,0.45263051986694336,0.42881855368614197,0.45263051986694336,0.45263051986694336,0.42881855368614197,0.42881855368614197,0.42881855368614197,0.42881855368614197,0.42881855368614197,0.42881855368614197,0.45263051986694336,0.42881855368614197,0.45263051986694336,0.42881855368614197,0.4525287449359894,0.45263051986694336,0.42881855368614197,0.42881855368614197,0.45263051986694336,0.42881855368614197,0.45263051986694336,0.45263051986694336,0.42881855368614197,0.45263051986694336,0.42881855368614197,0.45263051986694336,0.42973440885543823,0.45263051986694336,0.42881855368614197,0.428876668214798,0.42881855368614197,0.45263051986694336,0.42881855368614197,0.45263051986694336,0.45263051986694336,0.45263051986694336,0.45263051986694336,0.4515111446380615,0.45263051986694336,0.45263051986694336,0.45263051986694336,0.45263051986694336,0.45263051986694336,0.45263051986694336,0.45263051986694336,0.42881855368614197,0.45263051986694336
N[43](SymbolSlipperyRoad),0.44130435585975647,0.44162848591804504,0.40987855195999146,0.446931928396225,0.4563117027282715,0.28885337710380554,0.4386720061302185,0.45616602897644043,0.43176180124282837,0.43745750188827515,0.4280104637145996,0.4414936900138855,0.4092321991920471,0.403623104095459,0.4440664052963257,0.2363162487745285,0.2802182137966156,0.4638356864452362,0.446704626083374,0.4252255856990814,0.426479697227478,0.41592830419540405,0.4467955231666565,0.4462960958480835,0.42484521865844727,0.4459226131439209,0.4464322030544281,0.4266777038574219,0.4453909397125244,0.4273443818092346,0.446931928396225,0.446931928396225,0.4231199622154236,0.446931928396225,0.446931928396225,0.4231199622154236,0.446931928396225,0.4231199622154236,0.4231199622154236,0.4285132884979248,0.4231199622154236,0.446931928396225,0.446830153465271,0.4231199622154236,0.4231199622154236,0.4231199622154236,0.446931928396225,0.44688645005226135,0.446931928396225,0.4231199622154236,0.446931928396225,0.446931928396225,0.446931928396225,0.446931928396225,0.446931928396225,0.4231199622154236,0.446931928396225,0.446931928396225,0.4397069215774536,0.4231199622154236,0.446931928396225,0.42332348227500916,0.43533122539520264,0.4231199622154236,0.4231199622154236,0.44153863191604614,0.4235270321369171,0.446931928396225,0.446931928396225,0.4231199622154236,0.446931928396225,0.446931928396225,0.4231199622154236,0.4285132884979248,0.4231199622154236,0.446830153465271,0.4231199622154236,0.446931928396225,0.44688645005226135,0.446931928396225,0.446931928396225,0.4231199622154236,0.4231199622154236,0.446931928396225,0.446931928396225,0.446931928396225,0.4231199622154236,0.446931928396225,0.446931928396225,0.446931928396225,0.446931928396225,0.446931928396225,0.4231199622154236,0.4231199622154236,0.4231199622154236,0.4231199622154236
N[44](SymbolChildren),0.5644927620887756,0.4554707407951355,0.32874494791030884,0.4553780257701874,0.4429090917110443,0.3631642162799835,0.45383748412132263,0.4652121961116791,0.41780397295951843,0.4549059569835663,0.39528796076774597,0.4553317129611969,0.43294578790664673,0.44250524044036865,0.4368491470813751,0.2050390988588333,0.3327591121196747,0.4751764237880707,0.4552481770515442,0.45381730794906616,0.4241080582141876,0.4443643093109131,0.43184131383895874,0.4548318386077881,0.4541763961315155,0.4545546770095825,0.454868882894516,0.4635459780693054,0.4336274266242981,0.4523039758205414,0.43166786432266235,0.45547980070114136,0.45547980070114136,0.43166786432266235,0.45547980070114136,0.45547980070114136,0.45547980070114136,0.43166786432266235,0.43166786432266235,0.4319731295108795,0.45547980070114136,0.45547980070114136,0.4404192566871643,0.4318713843822479,0.43166786432266235,0.45547980070114136,0.4432685375213623,0.4318274259567261,0.43166786432266235,0.45547980070114136,0.43166786432266235,0.43166786432266235,0.43166786432266235,0.43166786432266235,0.45547980070114136,0.4551745057106018,0.45547980070114136,0.45547980070114136,0.45547980070114136,0.45547980070114136,0.43166786432266235,0.45547980070114136,0.43166786432266235,0.45547980070114136,0.45547980070114136,0.45547980070114136,0.45547980070114136,0.45547980070114136,0.45547980070114136,0.45547980070114136,0.43166786432266235,0.43166786432266235,0.43166786432266235,0.4319731295108795,0.45547980070114136,0.4404192566871643,0.4318713843822479,0.45547980070114136,0.4318274259567261,0.43166786432266235,0.43166786432266235,0.43166786432266235,0.45547980070114136,0.43166786432266235,0.4432685375213623,0.45547980070114136,0.45547980070114136,0.45547980070114136,0.43166786432266235,0.45547980070114136,0.43166786432266235,0.45547980070114136,0.45547980070114136,0.43166786432266235,0.43166786432266235,0.43166786432266235
N[45](SymbolCyclists),0.2869565188884735,0.4051908254623413,0.514008104801178,0.42892032861709595,0.437610387802124,0.4474630355834961,0.403832346200943,0.40548092126846313,0.5514888167381287,0.42703375220298767,0.5109075307846069,0.40537241101264954,0.368366539478302,0.36440959572792053,0.4254046678543091,0.5968722701072693,0.4679873585700989,0.4115423262119293,0.4287022054195404,0.42735475301742554,0.41843679547309875,0.4174737334251404,0.4287894070148468,0.4283101260662079,0.4067796468734741,0.42794761061668396,0.4280341565608978,0.39985501766204834,0.4071595072746277,0.4092562794685364,0.42892032861709595,0.40510836243629456,0.42892032861709595,0.40510836243629456,0.42881855368614197,0.40510836243629456,0.42892032861709595,0.40510836243629456,0.42322173714637756,0.42892032861709595,0.4054136574268341,0.42892032861709595,0.42892032861709595,0.42892032861709595,0.42892032861709595,0.42892032861709595,0.40510836243629456,0.40516889095306396,0.42892032861709595,0.42892032861709595,0.42892032861709595,0.40510836243629456,0.42892032861709595,0.42892032861709595,0.42892032861709595,0.40510836243629456,0.42892032861709595,0.42830976843833923,0.40510836243629456,0.41060343384742737,0.40510836243629456,0.40510836243629456,0.42892032861709595,0.42892032861709595,0.42892032861709595,0.40510836243629456,0.42892032861709595,0.42892032861709595,0.40510836243629456,0.42892032861709595,0.42892032861709595,0.42892032861709595,0.42322173714637756,0.42892032861709595,0.4054136574268341,0.42892032861709595,0.42892032861709595,0.42892032861709595,0.40516889095306396,0.42892032861709595,0.40510836243629456,0.42892032861709595,0.42892032861709595,0.42892032861709595,0.40510836243629456,0.4053118824958801,0.42892032861709595,0.40510836243629456,0.42892032861709595,0.42881855368614197,0.40510836243629456,0.42892032861709595,0.40510836243629456,0.40510836243629456,0.40510836243629456,0.40510836243629456
N[46](SymbolWildAnimals),0.3881642520427704,0.44722646474838257,0.4707692265510559,0.42332348227500916,0.4112207889556885,0.5441470146179199,0.44830411672592163,0.4082745909690857,0.4249379634857178,0.42929980158805847,0.43106457591056824,0.44708994030952454,0.46022793650627136,0.4796200096607208,0.41963088512420654,0.39965248107910156,0.4651162922382355,0.40549394488334656,0.42361676692962646,0.4455033838748932,0.4318416118621826,0.43292808532714844,0.4469989836215973,0.42414388060569763,0.42484521865844727,0.42449477314949036,0.4464322030544281,0.435066282749176,0.4455937445163727,0.43138641119003296,0.44713544845581055,0.44713544845581055,0.42332348227500916,0.42332348227500916,0.44713544845581055,0.42332348227500916,0.44713544845581055,0.42332348227500916,0.44713544845581055,0.44713544845581055,0.44713544845581055,0.42332348227500916,0.44713544845581055,0.44713544845581055,0.44713544845581055,0.44713544845581055,0.42332348227500916,0.44698819518089294,0.44713544845581055,0.42332348227500916,0.44713544845581055,0.42332348227500916,0.42332348227500916,0.44713544845581055,0.42332348227500916,0.42332348227500916,0.42332348227500916,0.44703367352485657,0.42332348227500916,0.446830153465271,0.44713544845581055,0.4293273687362671,0.42332348227500916,0.42332348227500916,0.42332348227500916,0.44713544845581055,0.42332348227500916,0.42332348227500916,0.44713544845581055,0.44703367352485657,0.42332348227500916,0.44713544845581055,0.44713544845581055,0.44713544845581055,0.44713544845581055,0.44713544845581055,0.44713544845581055,0.42332348227500916,0.44698819518089294,0.44713544845581055,0.42332348227500916,0.44713544845581055,0.44713544845581055,0.42332348227500916,0.42332348227500916,0.44703367352485657,0.42332348227500916,0.44713544845581055,0.44713544845581055,0.44713544845581055,0.42332348227500916,0.44713544845581055,0.42332348227500916,0.42332348227500916,0.44713544845581055,0.44713544845581055
N[47](SymbolRoadWorks),0.6159420013427734,0.4542493522167206,0.3750607371330261,0.4781723916530609,0.4878961145877838,0.4518577754497528,0.4540424346923828,0.44113343954086304,0.4258684813976288,0.4560389816761017,0.4738219976425171,0.4544159471988678,0.47830089926719666,0.4633823037147522,0.48015260696411133,0.5951346755027771,0.5322997570037842,0.47190019488334656,0.4779292047023773,0.4764270484447479,0.48453289270401,0.4477642774581909,0.47802644968032837,0.4774921238422394,0.4767076075077057,0.47709962725639343,0.47753608226776123,0.4448011517524719,0.47652366757392883,0.4748383164405823,0.4781723916530609,0.4543604254722595,0.4781723916530609,0.4543604254722595,0.4781723916530609,0.4781723916530609,0.4543604254722595,0.4543604254722595,0.4781723916530609,0.4543604254722595,0.4781723916530609,0.4543604254722595,0.4761371612548828,0.4543604254722595,0.4781723916530609,0.4781723916530609,0.4781723916530609,0.4544159471988678,0.4543604254722595,0.4543604254722595,0.4543604254722595,0.4543604254722595,0.4543604254722595,0.4781723916530609,0.4781723916530609,0.47796887159347534,0.4781723916530609,0.4781723916530609,0.4544622004032135,0.4543604254722595,0.4781723916530609,0.47807061672210693,0.4781723916530609,0.4545639455318451,0.4543604254722595,0.4543604254722595,0.4543604254722595,0.4781723916530609,0.4543604254722595,0.4781723916530609,0.4781723916530609,0.4543604254722595,0.4781723916530609,0.4543604254722595,0.4781723916530609,0.4761371612548828,0.4543604254722595,0.4543604254722595,0.4544159471988678,0.4543604254722595,0.4543604254722595,0.4781723916530609,0.4781723916530609,0.4543604254722595,0.4781723916530609,0.4781723916530609,0.4781723916530609,0.4543604254722595,0.4781723916530609,0.4781723916530609,0.4543604254722595,0.4543604254722595,0.4781723916530609,0.4543604254722595,0.4781723916530609,0.4543604254722595
N[48](SymbolVerticalLightSignals),0.3913043439388275,0.40508905053138733,0.4487449526786804,0.42881855368614197,0.43781816959381104,0.5389532446861267,0.40301260352134705,0.375149667263031,0.4906947910785675,0.396555632352829,0.5266143083572388,0.40527066588401794,0.41521814465522766,0.40870431065559387,0.4251984655857086,0.19548219442367554,0.40166524052619934,0.38218244910240173,0.4286004900932312,0.4071783423423767,0.41833367943763733,0.4173707067966461,0.4286876916885376,0.42820852994918823,0.42768698930740356,0.42794761061668396,0.4056718945503235,0.43641260266304016,0.40705811977386475,0.4091552197933197,0.40500661730766296,0.40521013736724854,0.42881855368614197,0.40500661730766296,0.40500661730766296,0.40500661730766296,0.4285132884979248,0.42881855368614197,0.40500661730766296,0.40500661730766296,0.42881855368614197,0.40500661730766296,0.40500661730766296,0.42881855368614197,0.42881855368614197,0.42881855368614197,0.40500661730766296,0.4287749230861664,0.42881855368614197,0.4287168085575104,0.42881855368614197,0.42881855368614197,0.40500661730766296,0.42881855368614197,0.42881855368614197,0.42881855368614197,0.42881855368614197,0.40500661730766296,0.42881855368614197,0.42881855368614197,0.40500661730766296,0.40500661730766296,0.42881855368614197,0.42881855368614197,0.4287168085575104,0.40500661730766296,0.42881855368614197,0.42881855368614197,0.42881855368614197,0.40500661730766296,0.42881855368614197,0.42881855368614197,0.40500661730766296,0.40500661730766296,0.42881855368614197,0.40500661730766296,0.42881855368614197,0.40500661730766296,0.4287749230861664,0.42881855368614197,0.42881855368614197,0.42881855368614197,0.42881855368614197,0.40500661730766296,0.40500661730766296,0.42881855368614197,0.42881855368614197,0.40521013736724854,0.40500661730766296,0.40500661730766296,0.40500661730766296,0.4285132884979248,0.40500661730766296,0.42881855368614197,0.40500661730766296,0.40500661730766296
N[49](SymbolIntersectionPriority),0.4429951608181,0.40936386585235596,0.41716599464416504,0.43309250473976135,0.4420779347419739,0.63603675365448,0.408955842256546,0.3401623070240021,0.5747518539428711,0.42578744888305664,0.5386125445365906,0.4095441699028015,0.41855645179748535,0.4131227135658264,0.4295288026332855,0.6020851731300354,0.6729830503463745,0.3549647033214569,0.4328722655773163,0.41143667697906494,0.42266446352005005,0.41860705614089966,0.4329603314399719,0.43247637152671814,0.431949645280838,0.43221285939216614,0.43250662088394165,0.4407622218132019,0.4315992295742035,0.4296685457229614,0.40928056836128235,0.43309250473976135,0.40928056836128235,0.40928056836128235,0.40928056836128235,0.40928056836128235,0.43115904927253723,0.40928056836128235,0.43309250473976135,0.43309250473976135,0.40928056836128235,0.40928056836128235,0.40928056836128235,0.43309250473976135,0.4328889846801758,0.43309250473976135,0.43309250473976135,0.43304842710494995,0.40928056836128235,0.40928056836128235,0.4329907298088074,0.43309250473976135,0.40928056836128235,0.43309250473976135,0.43309250473976135,0.43309250473976135,0.43309250473976135,0.43309250473976135,0.43309250473976135,0.43309250473976135,0.43309250473976135,0.43258368968963623,0.43309250473976135,0.40938231348991394,0.40928056836128235,0.40928056836128235,0.40928056836128235,0.43309250473976135,0.4320749044418335,0.40928056836128235,0.4329907298088074,0.4329907298088074,0.43309250473976135,0.43309250473976135,0.40928056836128235,0.40928056836128235,0.43309250473976135,0.40928056836128235,0.43304842710494995,0.40928056836128235,0.43309250473976135,0.4328889846801758,0.43309250473976135,0.40928056836128235,0.43309250473976135,0.40928056836128235,0.40928056836128235,0.43309250473976135,0.40928056836128235,0.40928056836128235,0.40928056836128235,0.43115904927253723,0.40928056836128235,0.40928056836128235,0.40928056836128235,0.43238016963005066
N[50](SymbolDanger),0.5536231994628906,0.42615777254104614,0.2947368323802948,0.42607101798057556,0.4350129961967468,0.1817818582057953,0.4274003505706787,0.4428628385066986,0.14981389045715332,0.40199410915374756,0.2449825406074524,0.42602768540382385,0.4796822965145111,0.46106263995170593,0.43159088492393494,0.20417028665542603,0.20126327872276306,0.46799394488334656,0.425854355096817,0.40444085001945496,0.4104970097541809,0.4313826560974121,0.42594099044799805,0.40331268310546875,0.42494672536849976,0.40509799122810364,0.40302908420562744,0.43361639976501465,0.4246019721031189,0.42310023307800293,0.42607101798057556,0.40236085653305054,0.42607101798057556,0.42607101798057556,0.40225908160209656,0.42607101798057556,0.42607101798057556,0.42607101798057556,0.42607101798057556,0.40225908160209656,0.40225908160209656,0.40225908160209656,0.40225908160209656,0.40225908160209656,0.40225908160209656,0.42607101798057556,0.40236085653305054,0.40231990814208984,0.42607101798057556,0.40225908160209656,0.42607101798057556,0.42607101798057556,0.40225908160209656,0.42607101798057556,0.40246260166168213,0.42607101798057556,0.4040907621383667,0.40246260166168213,0.42607101798057556,0.42607101798057556,0.42607101798057556,0.42607101798057556,0.40225908160209656,0.42607101798057556,0.40225908160209656,0.42607101798057556,0.42607101798057556,0.42607101798057556,0.40225908160209656,0.40225908160209656,0.42607101798057556,0.42607101798057556,0.42607101798057556,0.40225908160209656,0.40225908160209656,0.40225908160209656,0.40225908160209656,0.40225908160209656,0.40231990814208984,0.42607101798057556,0.42607101798057556,0.40225908160209656,0.42607101798057556,0.40225908160209656,0.40236085653305054,0.42607101798057556,0.42607101798057556,0.40236085653305054,0.42607101798057556,0.40225908160209656,0.42607101798057556,0.42607101798057556,0.42607101798057556,0.42607101798057556,0.42607101798057556,0.42607101798057556
N[51](SymbolPedestrians),0.2787439525127411,0.38106870651245117,0.4764372408390045,0.404904842376709,0.41309091448783875,0.4534558653831482,0.38067424297332764,0.3885858654975891,0.49968981742858887,0.42034897208213806,0.4363001883029938,0.3812576234340668,0.3577759861946106,0.3562355041503906,0.3975667655467987,0.6012163162231445,0.53517085313797,0.38205644488334656,0.4046989381313324,0.4034269452095032,0.41029077768325806,0.393158882856369,0.3812817931175232,0.38197338581085205,0.3829290568828583,0.40408244729042053,0.3818865716457367,0.3898094594478607,0.4035087823867798,0.4020816385746002,0.38109290599823,0.404904842376709,0.404904842376709,0.404904842376709,0.404904842376709,0.38109290599823,0.38109290599823,0.38109290599823,0.404904842376709,0.404904842376709,0.404904842376709,0.4048030972480774,0.404904842376709,0.404904842376709,0.38109290599823,0.38109290599823,0.404904842376709,0.4048636555671692,0.38109290599823,0.404904842376709,0.404904842376709,0.38109290599823,0.404904842376709,0.38109290599823,0.38109290599823,0.38109290599823,0.404904842376709,0.38109290599823,0.404904842376709,0.38109290599823,0.404904842376709,0.404904842376709,0.404904842376709,0.404904842376709,0.404904842376709,0.38109290599823,0.404904842376709,0.404904842376709,0.38109290599823,0.404904842376709,0.404904842376709,0.404904842376709,0.404904842376709,0.404904842376709,0.404904842376709,0.404904842376709,0.404904842376709,0.4048030972480774,0.4048636555671692,0.38109290599823,0.38109290599823,0.38109290599823,0.38109290599823,0.404904842376709,0.404904842376709,0.38109290599823,0.404904842376709,0.404904842376709,0.38109290599823,0.404904842376709,0.404904842376709,0.38109290599823,0.38109290599823,0.38109290599823,0.404904842376709,0.38109290599823
N[52](SymbolIceSnow),0.44154590368270874,0.5210177898406982,0.5483400821685791,0.49760863184928894,0.4874805212020874,0.6396324634552002,0.5219796895980835,0.48862579464912415,0.6460918188095093,0.5310446619987488,0.551701545715332,0.5208587646484375,0.48854610323905945,0.5078979134559631,0.49118465185165405,0.20764552056789398,0.5302900075912476,0.4682459533214569,0.49786412715911865,0.49944236874580383,0.5121674537658691,0.5279209017753601,0.49776196479797363,0.49832335114479065,0.49994924664497375,0.5203615427017212,0.5207359194755554,0.5083885788917542,0.4994422495365143,0.5011115670204163,0.49760863184928894,0.49760863184928894,0.5214205980300903,0.49760863184928894,0.5214205980300903,0.49760863184928894,0.49760863184928894,0.5214205980300903,0.5214205980300903,0.5214205980300903,0.49760863184928894,0.5214205980300903,0.49760863184928894,0.5214205980300903,0.5214205980300903,0.5214205980300903,0.49760863184928894,0.5213675498962402,0.4993385672569275,0.49760863184928894,0.49760863184928894,0.5214205980300903,0.49760863184928894,0.49760863184928894,0.49760863184928894,0.4986262321472168,0.5214205980300903,0.5214205980300903,0.5214205980300903,0.49760863184928894,0.49771037697792053,0.49760863184928894,0.5214205980300903,0.5214205980300903,0.49760863184928894,0.5211153030395508,0.5212170481681824,0.49760863184928894,0.5214205980300903,0.49760863184928894,0.49771037697792053,0.49760863184928894,0.5214205980300903,0.5214205980300903,0.49760863184928894,0.49760863184928894,0.5214205980300903,0.5214205980300903,0.5213675498962402,0.4993385672569275,0.5214205980300903,0.5214205980300903,0.5214205980300903,0.49760863184928894,0.49760863184928894,0.5214205980300903,0.5214205980300903,0.49760863184928894,0.49760863184928894,0.5214205980300903,0.49760863184928894,0.49760863184928894,0.49760863184928894,0.5214205980300903,0.49760863184928894,0.5214205980300903
