epoch,loss,A13_balanced_accuracy,A14_balanced_accuracy,A15b_balanced_accuracy,A16_balanced_accuracy,A17a_balanced_accuracy,A19a_balanced_accuracy,A1a_balanced_accuracy,A1b_balanced_accuracy,A1c_balanced_accuracy,A32_balanced_accuracy,A33_balanced_accuracy,A34_balanced_accuracy,A4b2_balanced_accuracy,A7a_balanced_accuracy,A9_balanced_accuracy,B1_balanced_accuracy,B2a_balanced_accuracy,B3_balanced_accuracy,C13aa_balanced_accuracy,C13bb_balanced_accuracy,C14_100_balanced_accuracy,C14_120_balanced_accuracy,C14_20_balanced_accuracy,C14_30_balanced_accuracy,C14_50_balanced_accuracy,C14_60_balanced_accuracy,C14_70_balanced_accuracy,C14_80_balanced_accuracy,C17a_balanced_accuracy,C17b_80_balanced_accuracy,C17c_balanced_accuracy,C17d_balanced_accuracy,C1a_balanced_accuracy,C2_balanced_accuracy,C3e3_balanced_accuracy,D1a1_balanced_accuracy,D1a4_balanced_accuracy,D1a5_balanced_accuracy,D1a6_balanced_accuracy,D1a7_balanced_accuracy,D2a1_balanced_accuracy,D2a2_balanced_accuracy,D3_balanced_accuracy,accuracy,balanced_accuracy,epoch_elapsed,f1,recall
0,2.094916343688965,0.4579736590385437,0.4712442457675934,0.5441305637359619,0.4767570495605469,0.4966777265071869,0.48928308486938477,0.5801318287849426,0.5381404757499695,0.5241697430610657,0.49114227294921875,0.4999077022075653,0.4713680148124695,0.47793981432914734,0.600258469581604,0.4997231364250183,0.49732422828674316,0.48441848158836365,0.6088857650756836,0.4418896436691284,0.4084988832473755,0.5326822996139526,0.5764411687850952,0.5181573629379272,0.6229066252708435,0.5801882743835449,0.6629259586334229,0.500522792339325,0.48054659366607666,0.49039527773857117,0.5031758546829224,0.5818724036216736,0.5004098415374756,0.4987940490245819,0.4434397518634796,0.48729920387268066,0.43700912594795227,0.584385097026825,0.4807121753692627,0.5,0.49642419815063477,0.4998142421245575,0.5375981330871582,0.5983946323394775,0.551838219165802,0.7575827240943909,5.0548319816589355,0.19865629076957703,0.551838219165802
1,1.5414234399795532,0.5,0.5,0.49953916668891907,0.5,0.5,0.5,0.5,0.49972355365753174,0.5,0.5,0.5,0.5,0.5,0.5,0.5,0.5,0.5,0.5,0.4966323673725128,0.49925246834754944,0.6217501759529114,0.7351255416870117,0.5,0.6290980577468872,0.6600631475448608,0.7973684072494507,0.6582542657852173,0.49175822734832764,0.5,0.5,0.5,0.5,0.5,0.5,0.5,0.5,0.5,0.5,0.5,0.5,0.5,0.4999071955680847,0.5139913558959961,0.6878676414489746,0.8167968988418579,4.991073131561279,0.29814180731773376,0.6878676414489746

2,1.3954436779022217,0.5,0.5,0.5,0.5,0.5,0.5,0.5,0.5,0.5,0.5,0.5,0.5,0.5,0.5,0.5,0.5,0.5,0.5,0.4999065399169922,0.5,0.7504891157150269,0.8063260316848755,0.5,0.845383882522583,0.7914308309555054,0.8165677785873413,0.7560123801231384,0.4607442319393158,0.5,0.5,0.5,0.5,0.5,0.5,0.5,0.5,0.5,0.5,0.5,0.5,0.5,0.5,0.5,0.7020220756530762,0.8363281488418579,4.928245306015015,0.32915160059928894,0.7020220756530762

3,1.32517671585083,0.5,0.5,0.5,0.5,0.5,0.5,0.5,0.5,0.5,0.5,0.5,0.5,0.5,0.5,0.5,0.5,0.5,0.5,0.499252051115036,0.5,0.7839832305908203,0.796271562576294,0.5,0.8328619003295898,0.7833296060562134,0.8034325838088989,0.8071417808532715,0.6195927858352661,0.5,0.5,0.5,0.5,0.5,0.5,0.5,0.5,0.5,0.5,0.5,0.5,0.5,0.5,0.5,0.7117646932601929,0.8504825234413147,4.793397426605225,0.39440250396728516,0.7117646932601929
4,1.2388077974319458,0.5,0.5,0.5,0.5,0.5,0.5,0.5,0.5,0.5,0.5,0.5,0.5,0.5,0.5,0.5,0.5,0.5,0.5,0.4964486062526703,0.5,0.7856165170669556,0.8357096314430237,0.5,0.7850903272628784,0.7718476057052612,0.7984614968299866,0.7778388261795044,0.6858266592025757,0.5,0.5,0.5,0.5,0.5,0.5,0.5049276351928711,0.5,0.5,0.5,0.5066635608673096,0.5,0.5,0.5,0.5113636255264282,0.7599264979362488,0.876792311668396,4.89673376083374,0.5220781564712524,0.7599264979362488

5,1.2122610807418823,0.5,0.5,0.5,0.5,0.5,0.5,0.5,0.5,0.5,0.5,0.5,0.5,0.5,0.5,0.5,0.5,0.5,0.5,0.4953271150588989,0.4987841248512268,0.7747043371200562,0.8006099462509155,0.5,0.7849247455596924,0.7516012787818909,0.7963041067123413,0.7758310437202454,0.719336211681366,0.5,0.5,0.5,0.5,0.5,0.5,0.5040140151977539,0.5,0.5,0.5,0.5151055455207825,0.507073700428009,0.5,0.5,0.5397647619247437,0.7735294103622437,0.8860293626785278,4.944047212600708,0.5837717652320862,0.7735294103622437

6,1.1783666610717773,0.5,0.5,0.5,0.5,0.5,0.5,0.5,0.5,0.5,0.5,0.5,0.5,0.5,0.5,0.5,0.5,0.5,0.5,0.49819907546043396,0.4987848103046417,0.772301971912384,0.7639497518539429,0.5,0.7649515867233276,0.7385995388031006,0.8017842769622803,0.7748576998710632,0.7902951240539551,0.5,0.5,0.5,0.5,0.5,0.5,0.5660466551780701,0.5,0.5,0.5286131501197815,0.5897960662841797,0.5171142220497131,0.5,0.5,0.5787783861160278,0.7902573347091675,0.8904871344566345,4.926279067993164,0.6139299869537354,0.7902573347091675

7,1.1402618885040283,0.5,0.5,0.5,0.5,0.5,0.5,0.5,0.5,0.5,0.5,0.5,0.5,0.5,0.5,0.5,0.5,0.5,0.5,0.5089849233627319,0.4969153106212616,0.787214457988739,0.7719565629959106,0.5,0.832353949546814,0.7465909123420715,0.7754849791526794,0.7713726758956909,0.7992687225341797,0.5,0.5,0.5,0.5,0.5,0.5,0.5656403303146362,0.5,0.5,0.5372551679611206,0.6577827334403992,0.5511560440063477,0.5,0.5166666507720947,0.634564220905304,0.789338231086731,0.8919347524642944,4.9196271896362305,0.6223661303520203,0.789338231086731
8,1.1520494222640991,0.5,0.5,0.5,0.5,0.5,0.5,0.5,0.5,0.5,0.5,0.5,0.5,0.5,0.5,0.5,0.5,0.5,0.5,0.5002215504646301,0.498041033744812,0.7765179872512817,0.7718114852905273,0.5,0.8310476541519165,0.7682578563690186,0.7704169154167175,0.8007760643959045,0.8092982172966003,0.5,0.5,0.5,0.5,0.5,0.5,0.6502408981323242,0.5,0.5083816647529602,0.5316714644432068,0.70119309425354,0.5746273398399353,0.5074626803398132,0.529411792755127,0.6533433794975281,0.778676450252533,0.8887407779693604,5.163163185119629,0.6302127838134766,0.778676450252533
9,1.1283364295959473,0.5,0.5,0.5,0.5,0.5,0.5,0.5,0.5,0.5,0.5,0.5,0.5,0.5,0.5,0.5,0.5,0.5,0.5,0.5255231261253357,0.5021377205848694,0.7712928056716919,0.8140105605125427,0.5,0.77939772605896,0.7521457076072693,0.7732701301574707,0.7943853735923767,0.7598008513450623,0.5,0.5,0.5,0.5,0.5,0.5,0.6608489751815796,0.5511089563369751,0.55451500415802,0.6153963208198547,0.6999230980873108,0.6538947820663452,0.519457221031189,0.5373205542564392,0.6537335515022278,0.7882353067398071,0.8875459432601929,4.837385654449463,0.7092467546463013,0.7882353067398071
10,1.0823076963424683,0.5,0.5,0.5,0.5,0.5,0.5,0.5,0.5,0.5,0.5,0.5,0.5,0.5,0.5,0.5,0.5,0.5714285969734192,0.5,0.5926225185394287,0.5608774423599243,0.7832127809524536,0.849593997001648,0.5,0.7885708808898926,0.7466235160827637,0.7914291024208069,0.749809741973877,0.758082926273346,0.5,0.5,0.5,0.5,0.5,0.5,0.7283869981765747,0.6181001663208008,0.6919606924057007,0.6098552346229553,0.7547627687454224,0.7371606826782227,0.5825890302658081,0.6109541654586792,0.6299546360969543,0.8051470518112183,0.891061544418335,5.027261018753052,0.7194592356681824,0.8051470518112183

11,1.090062141418457,0.5,0.5,0.5,0.5,0.5,0.5,0.5,0.5,0.5,0.5,0.5,0.5,0.5,0.5,0.5,0.5,0.7233115434646606,0.5,0.6133129596710205,0.6416822671890259,0.7784123420715332,0.7793024778366089,0.5,0.8207061290740967,0.7613593339920044,0.7879451513290405,0.7770283222198486,0.768153190612793,0.5,0.5,0.5,0.5,0.5,0.5,0.7210267186164856,0.6802912950515747,0.7565675377845764,0.6126659512519836,0.7787160873413086,0.776077389717102,0.59417724609375,0.6635928750038147,0.7074347138404846,0.8003676533699036,0.8900275826454163,4.953022718429565,0.7232237458229065,0.8003676533699036

12,1.0540871620178223,0.5,0.5,0.5,0.5,0.5,0.5,0.5,0.5,0.5,0.5,0.5,0.5,0.5,0.5,0.5,0.5,0.7775927782058716,0.5,0.6611291766166687,0.6466469764709473,0.7882050275802612,0.8113868832588196,0.5,0.7734375,0.7746371030807495,0.7885676622390747,0.7864354848861694,0.7572982311248779,0.5,0.4999074637889862,0.5,0.5,0.5,0.5,0.7844470739364624,0.6364198923110962,0.834506630897522,0.688156008720398,0.6988227963447571,0.824768602848053,0.6395149230957031,0.7135416269302368,0.6980403065681458,0.8066176176071167,0.8872932195663452,4.958103179931641,0.7208377718925476,0.8066176176071167
13,1.047655701637268,0.5,0.5,0.5,0.5,0.5,0.5,0.5,0.5,0.5249999761581421,0.5,0.5,0.5,0.5,0.5,0.5,0.5,0.8329630494117737,0.5,0.7402070760726929,0.6181485056877136,0.7979549169540405,0.8118888139724731,0.5,0.8355412483215332,0.7706195116043091,0.7919992208480835,0.7511481046676636,0.7602778673171997,0.5,0.5347910523414612,0.5,0.5,0.5,0.5,0.8159226775169373,0.6485130190849304,0.7994017601013184,0.6969016194343567,0.6836147904396057,0.8286148905754089,0.6973194479942322,0.7686803340911865,0.7233072519302368,0.8086397051811218,0.8860523700714111,4.935191869735718,0.7497645616531372,0.8086397051811218
14,1.0323542356491089,0.5,0.5,0.5,0.5,0.5,0.5,0.5,0.5,0.49981552362442017,0.5,0.5,0.5,0.5,0.5,0.5,0.5,0.864402174949646,0.5,0.830335259437561,0.6657361388206482,0.8059209585189819,0.7773646116256714,0.5,0.8523999452590942,0.7740889191627502,0.8023145198822021,0.7851208448410034,0.7781481742858887,0.5,0.5846272110939026,0.5,0.5,0.5,0.5,0.822871208190918,0.7098680734634399,0.8648586869239807,0.758963942527771,0.7513800859451294,0.8298958539962769,0.7077752947807312,0.6895638704299927,0.7485144138336182,0.8104779124259949,0.8842141628265381,4.952667951583862,0.7404431700706482,0.8104779124259949

15,0.9978622198104858,0.5,0.5,0.5,0.5,0.5,0.5,0.5,0.5,0.5,0.5,0.5,0.5,0.5,0.5,0.5,0.5,0.934133768081665,0.5,0.7868616580963135,0.7978447675704956,0.7886441349983215,0.8011600971221924,0.5,0.8452562093734741,0.7749288082122803,0.8003600835800171,0.8118934631347656,0.7920188307762146,0.5,0.6043732166290283,0.5,0.5,0.5185185074806213,0.5,0.839810848236084,0.6624471545219421,0.8435804843902588,0.8412115573883057,0.8219062089920044,0.8673223257064819,0.8015964031219482,0.7724951505661011,0.7907751202583313,0.8202205896377563,0.8902114033699036,4.841285943984985,0.7788309454917908,0.8202205896377563
16,1.0308253765106201,0.5,0.5,0.5,0.5,0.5,0.5,0.5,0.5,0.5,0.5,0.5249999761581421,0.5,0.5,0.5,0.5,0.5,0.9770557880401611,0.5,0.868380069732666,0.8084438443183899,0.8199164867401123,0.8254420757293701,0.5,0.8473724126815796,0.7785837054252625,0.8136380910873413,0.8198036551475525,0.7900646924972534,0.5,0.7140078544616699,0.5,0.5,0.5567255020141602,0.5,0.9187389612197876,0.7083302140235901,0.8583704233169556,0.7593005895614624,0.839259147644043,0.8322490453720093,0.7602540254592896,0.7226302027702332,0.7601615786552429,0.7944852709770203,0.8832031488418579,4.953648567199707,0.7442073822021484,0.7944852709770203
17,0.9883792400360107,0.5,0.5,0.5,0.5,0.5,0.5,0.5,0.5,0.49990782141685486,0.5,0.5,0.5,0.5,0.5,0.5,0.5,0.9685872793197632,0.5,0.8608618974685669,0.8781197667121887,0.8173755407333374,0.832351803779602,0.5,0.8735790848731995,0.7848329544067383,0.8277925252914429,0.8434362411499023,0.8040579557418823,0.5,0.7414732575416565,0.5,0.5,0.6743259429931641,0.5,0.9000226855278015,0.766865611076355,0.8988585472106934,0.8494725227355957,0.8409953117370605,0.8492867350578308,0.8549085855484009,0.7433110475540161,0.8609681129455566,0.8084558844566345,0.886879563331604,4.924182891845703,0.7381020784378052,0.8084558844566345
18,0.9930530190467834,0.5,0.5,0.5,0.5,0.5,0.5,0.5,0.5,0.5311578512191772,0.5,0.5,0.5,0.5,0.5,0.5185185074806213,0.5,0.9629889130592346,0.5,0.8433265686035156,0.9223649501800537,0.8089609146118164,0.8352694511413574,0.5,0.8543210029602051,0.7926968336105347,0.8284817337989807,0.8441842794418335,0.8280227184295654,0.5,0.6407479047775269,0.5,0.5,0.7021957039833069,0.5,0.922505259513855,0.786937415599823,0.9419391751289368,0.8916627168655396,0.8620337843894958,0.8882226347923279,0.9002617597579956,0.8234001398086548,0.8454004526138306,0.8141543865203857,0.886879563331604,4.838657379150391,0.7700955867767334,0.8141543865203857
19,0.9601529240608215,0.5,0.5,0.5,0.5,0.5,0.5,0.5,0.5,0.5,0.5,0.5,0.5,0.5,0.5,0.5,0.5,0.9862304925918579,0.5,0.888048529624939,0.9706132411956787,0.8144846558570862,0.8409484624862671,0.5,0.8419644832611084,0.8002856969833374,0.817369818687439,0.8297410011291504,0.8238816261291504,0.5,0.7306886315345764,0.5,0.5,0.6815407276153564,0.5,0.9292626976966858,0.7725704312324524,0.9284125566482544,0.8717942237854004,0.8430086374282837,0.8721140623092651,0.8850998878479004,0.81673264503479,0.8500064611434937,0.8069853186607361,0.8870634436607361,4.902534246444702,0.751464307308197,0.8069853186607361
20,0.9313796758651733,0.5,0.5,0.5,0.5,0.5,0.5,0.5,0.5,0.5,0.5,0.5,0.5,0.5,0.5,0.5,0.5,0.9832593202590942,0.5,0.8782939910888672,0.9379457831382751,0.8215387463569641,0.8474414944648743,0.5,0.8374262452125549,0.8090132474899292,0.8383944034576416,0.8416793346405029,0.8394792079925537,0.5,0.8258305191993713,0.5,0.5,0.6996296048164368,0.5,0.9395891427993774,0.7933477163314819,0.9569575190544128,0.8860950469970703,0.845703125,0.9013491868972778,0.8772615194320679,0.86556077003479,0.8168182373046875,0.8139705657958984,0.8912683725357056,4.8553242683410645,0.758815348148346,0.8139705657958984

21,0.953758716583252,0.5,0.4999076724052429,0.5,0.5,0.5,0.5,0.5,0.5,0.5,0.5,0.5,0.5,0.5,0.5,0.5178571343421936,0.5,0.9983327388763428,0.5,0.9119263887405396,0.8937604427337646,0.8375047445297241,0.849221408367157,0.5,0.8439042568206787,0.8115735054016113,0.8344094157218933,0.8171940445899963,0.8388139009475708,0.5,0.7543920278549194,0.5,0.5,0.8105550408363342,0.5,0.9215246438980103,0.8528716564178467,0.9653652906417847,0.9192866086959839,0.8599228858947754,0.8616589307785034,0.880088210105896,0.8868224620819092,0.8718041181564331,0.8112132549285889,0.8847886323928833,4.776478290557861,0.7612863779067993,0.8112132549285889
22,0.9393605589866638,0.5,0.5,0.5,0.5,0.5,0.5,0.5,0.5,0.5,0.5,0.5225427150726318,0.5,0.5,0.5,0.5,0.5,0.9981460571289062,0.5,0.9360411167144775,0.934195876121521,0.834032416343689,0.8623371124267578,0.5,0.866280198097229,0.8221359252929688,0.8241726756095886,0.8047099113464355,0.8496862649917603,0.5,0.8492228984832764,0.5,0.5,0.7965975999832153,0.5,0.9139904975891113,0.8743613958358765,0.9555277824401855,0.9239575862884521,0.8954042196273804,0.8808538913726807,0.9099630117416382,0.8492181301116943,0.9082069396972656,0.8119485378265381,0.885661780834198,4.93116307258606,0.7738620638847351,0.8119485378265381
23,0.9271162748336792,0.5,0.520648717880249,0.5,0.5,0.5454545617103577,0.5,0.5,0.5,0.5263158082962036,0.5,0.5262235403060913,0.5,0.5,0.5,0.49990788102149963,0.5,0.9982423782348633,0.5,0.9132756590843201,0.9597690105438232,0.8400759696960449,0.8794117569923401,0.5,0.8647774457931519,0.8339357376098633,0.8450158834457397,0.8065589666366577,0.855210542678833,0.5,0.855636715888977,0.5,0.5,0.8390085697174072,0.5,0.9285068511962891,0.861672580242157,0.9339585304260254,0.8931755423545837,0.8728975057601929,0.8680872917175293,0.9239575862884521,0.8671092391014099,0.880465030670166,0.8073529601097107,0.8882582187652588,4.909844160079956,0.7722877860069275,0.8073529601097107
24,0.9156643748283386,0.5,0.523809552192688,0.5,0.5,0.5,0.5,0.5,0.5,0.5,0.5,0.5909091234207153,0.5,0.5,0.5,0.5,0.5,0.997776985168457,0.5,0.9298311471939087,0.9670578241348267,0.844231128692627,0.8633848428726196,0.5,0.8546332120895386,0.8243817090988159,0.8471270799636841,0.8251662254333496,0.8450905680656433,0.5,0.9165816307067871,0.53125,0.5,0.7904196977615356,0.5,0.9361580610275269,0.8645498752593994,0.9451067447662354,0.933434247970581,0.9156579971313477,0.8813753128051758,0.9378051161766052,0.842745840549469,0.8818539381027222,0.8185662031173706,0.8901654481887817,4.8576929569244385,0.7526423335075378,0.8185662031173706
25,0.9018139839172363,0.5,0.6320754885673523,0.5,0.5,0.5476190447807312,0.5,0.5,0.5,0.4998156428337097,0.5,0.53125,0.523809552192688,0.5,0.523809552192688,0.5,0.5,0.9981487989425659,0.5,0.9293639063835144,0.9537814855575562,0.8478964567184448,0.8557710647583008,0.5,0.8541427850723267,0.8506996631622314,0.8478798270225525,0.849337100982666,0.8501996994018555,0.5,0.928884744644165,0.49990764260292053,0.529411792755127,0.9066684246063232,0.5,0.9535547494888306,0.8216298222541809,0.9688301086425781,0.91645348072052,0.9082576036453247,0.9122604131698608,0.8947865962982178,0.925967812538147,0.8393185138702393,0.8176470398902893,0.8868106603622437,5.129174709320068,0.769524872303009,0.8176470398902893
26,0.9055080413818359,0.5,0.7493535280227661,0.5,0.5,0.5,0.49990785121917725,0.5,0.5,0.5400000214576721,0.5,0.5498154759407043,0.5,0.5,0.5,0.5,0.5,0.9980566501617432,0.5,0.9744943976402283,0.9647278785705566,0.8358822464942932,0.8670291900634766,0.5,0.8573059439659119,0.8475574851036072,0.8426014184951782,0.8646602630615234,0.8661544322967529,0.5,0.8820370435714722,0.5227272510528564,0.5,0.8783255219459534,0.5,0.9415783882141113,0.8734510540962219,0.9394210577011108,0.9214157462120056,0.9116827249526978,0.9299371242523193,0.8678410053253174,0.9202210307121277,0.9121625423431396,0.8113970756530762,0.8873162269592285,4.928727865219116,0.7646135687828064,0.8113970756530762
27,0.8810547590255737,0.5,0.791020393371582,0.5,0.5,0.5,0.5,0.5,0.5,0.5623156428337097,0.5,0.5332411527633667,0.5,0.5,0.550000011920929,0.5,0.5,0.9979637265205383,0.5,0.9514745473861694,0.9682109951972961,0.8376734256744385,0.8718962669372559,0.5,0.8698461055755615,0.8509087562561035,0.8441953659057617,0.8568433523178101,0.8537492752075195,0.5,0.9511070251464844,0.5652173757553101,0.5,0.9386539459228516,0.5,0.9641556739807129,0.8384044170379639,0.9647766351699829,0.8705766797065735,0.8997821807861328,0.9494022130966187,0.9498450756072998,0.9373643398284912,0.8980212211608887,0.8130514621734619,0.8904871344566345,4.821842670440674,0.7777711153030396,0.8130514621734619
28,0.8852130770683289,0.5,0.7386689186096191,0.5,0.5,0.5,0.5,0.5,0.5,0.6084187626838684,0.5,0.5664823651313782,0.5263158082962036,0.5,0.5,0.5227272510528564,0.5,0.9984250068664551,0.5,0.9570249319076538,0.9729609489440918,0.8479501008987427,0.8749788999557495,0.5,0.88373863697052,0.8491305112838745,0.8435367345809937,0.848929762840271,0.864611029624939,0.5,0.9825894832611084,0.5,0.5,0.973340630531311,0.5,0.9597253203392029,0.8587239980697632,0.957748532295227,0.9441293478012085,0.9283719062805176,0.9587053656578064,0.9583063125610352,0.8965476751327515,0.929997444152832,0.8012867569923401,0.8930376768112183,4.973472595214844,0.7556533217430115,0.8012867569923401
29,0.8644394874572754,0.5,0.7598541975021362,0.5,0.5277777910232544,0.5625,0.5344827771186829,0.5,0.5,0.5995391607284546,0.5,0.5332411527633667,0.5333333611488342,0.5,0.5,0.529411792755127,0.5,0.9978711605072021,0.5,0.9543840885162354,0.9719181656837463,0.84968101978302,0.8729977011680603,0.5,0.8661561012268066,0.836915135383606,0.8518166542053223,0.858066976070404,0.8856655359268188,0.5,0.9666498899459839,0.4998152554035187,0.5,0.9719550013542175,0.5,0.9557243585586548,0.8823584318161011,0.9434679746627808,0.9263074398040771,0.9565093517303467,0.931602954864502,0.9287895560264587,0.933395504951477,0.9110285043716431,0.8229779601097107,0.888947606086731,4.88086724281311,0.769219160079956,0.8229779601097107

30,0.8760436177253723,0.5,0.7095117568969727,0.5,0.5,0.54347825050354,0.5713364481925964,0.5,0.5,0.5789473652839661,0.5,0.5263158082962036,0.5,0.5,0.5,0.5,0.5,0.997958779335022,0.5,0.9608132839202881,0.9673489928245544,0.8605564832687378,0.8669348955154419,0.5,0.8863203525543213,0.8411036729812622,0.862850546836853,0.8572514653205872,0.8897002935409546,0.5,0.9648200273513794,0.5999077558517456,0.5,0.9660179615020752,0.5,0.9618356227874756,0.9292677640914917,0.9605539441108704,0.918555498123169,0.929928183555603,0.9256200790405273,0.9147512912750244,0.9311399459838867,0.8750463724136353,0.8154411911964417,0.888832688331604,4.878810405731201,0.7772065997123718,0.8154411911964417

31,0.8667886257171631,0.5,0.7496312856674194,0.5,0.5,0.5799076557159424,0.5208333134651184,0.5,0.5,0.5997232794761658,0.5,0.5400000214576721,0.6052631735801697,0.5,0.5277777910232544,0.5,0.5227272510528564,0.9971365332603455,0.5,0.949999988079071,0.9723622798919678,0.8611747026443481,0.8805317878723145,0.5,0.8826948404312134,0.8447619080543518,0.8687357902526855,0.866122305393219,0.8996018171310425,0.5,0.9767696857452393,0.5625,0.5,0.9884229898452759,0.5,0.9555046558380127,0.914626955986023,0.9371917843818665,0.9012808799743652,0.9381328225135803,0.9083563685417175,0.9446057081222534,0.9262182712554932,0.8730474710464478,0.8117647171020508,0.8894071578979492,5.010065078735352,0.7528908252716064,0.8117647171020508
32,0.8516672253608704,0.5,0.6575257778167725,0.5,0.5,0.555371105670929,0.5433859825134277,0.5,0.5,0.5828722715377808,0.5,0.5356221199035645,0.560606062412262,0.5,0.5400000214576721,0.5789473652839661,0.523809552192688,0.9975961446762085,0.5,0.9502605199813843,0.9719006419181824,0.8527899384498596,0.8850011825561523,0.5,0.8791955709457397,0.8487930297851562,0.8612326383590698,0.857620358467102,0.8764511346817017,0.5,0.9788477420806885,0.5414824485778809,0.5249999761581421,0.9988878965377808,0.5,0.9615609049797058,0.9166107177734375,0.9183976650238037,0.9386214017868042,0.8909896016120911,0.930419385433197,0.9508901238441467,0.9455220699310303,0.9045243263244629,0.8053308725357056,0.8900275826454163,4.9205663204193115,0.7522051930427551,0.8053308725357056
33,0.8361207246780396,0.5,0.7136398553848267,0.5,0.5184261798858643,0.5869565010070801,0.574999988079071,0.5,0.5,0.6663901805877686,0.5,0.5525393486022949,0.6943522691726685,0.5,0.5588235259056091,0.5624078512191772,0.5227272510528564,0.9974069595336914,0.5,0.9599004983901978,0.9605094194412231,0.8636709451675415,0.8935582637786865,0.5,0.8958966732025146,0.8632057905197144,0.8627320528030396,0.8517602682113647,0.8829264640808105,0.5,0.9743497967720032,0.5999076962471008,0.6071428656578064,0.9867970943450928,0.5,0.9656910300254822,0.9484186172485352,0.9651480913162231,0.9353455901145935,0.9423298835754395,0.9374186992645264,0.9639824628829956,0.932074248790741,0.9161509275436401,0.8167279362678528,0.8902573585510254,4.932671070098877,0.7649140954017639,0.8167279362678528
34,0.8301981091499329,0.5,0.7604080438613892,0.5,0.49990788102149963,0.631486713886261,0.5997232794761658,0.5,0.5,0.5747232437133789,0.5,0.6291677951812744,0.5995379090309143,0.5,0.5833333134651184,0.5453622341156006,0.5833333134651184,0.9977761507034302,0.5,0.9458542466163635,0.9709823727607727,0.8643762469291687,0.8744996786117554,0.5,0.8916317224502563,0.8590718507766724,0.8761425018310547,0.8547650575637817,0.8853029012680054,0.5,0.9570522904396057,0.4999076724052429,0.5415745377540588,0.9985218048095703,0.529411792755127,0.9668102860450745,0.9462379217147827,0.9534317255020142,0.9396459460258484,0.9321362376213074,0.9368335008621216,0.9521124958992004,0.9288884997367859,0.8549155592918396,0.830698549747467,0.8891773819923401,4.884624719619751,0.805363655090332,0.830698549747467
35,0.8122095465660095,0.5,0.7361042499542236,0.5,0.5,0.631486713886261,0.6069585680961609,0.5555555820465088,0.5,0.6995387673377991,0.5,0.5876821279525757,0.6309332847595215,0.5370370149612427,0.59375,0.5788551568984985,0.5332411527633667,0.997225284576416,0.5,0.955447793006897,0.9767897129058838,0.8788337707519531,0.8986332416534424,0.5,0.8966369032859802,0.8641026020050049,0.8789784908294678,0.8605824112892151,0.8656878471374512,0.5400000214576721,0.9682189226150513,0.5622234344482422,0.5,0.9803875088691711,0.5416666865348816,0.9653917551040649,0.955514669418335,0.9580704569816589,0.9481102824211121,0.9546794891357422,0.9244736433029175,0.9415403008460999,0.9557203054428101,0.9324315190315247,0.8152573704719543,0.8895450830459595,4.849289417266846,0.767335832118988,0.8152573704719543
36,0.8248218297958374,0.5,0.7096039652824402,0.5,0.5,0.6249078512191772,0.5665745139122009,0.6399999856948853,0.5,0.6941677927970886,0.5,0.6998155117034912,0.716837465763092,0.5681818127632141,0.5416666865348816,0.625,0.6612902879714966,0.9980612993240356,0.5,0.9235144853591919,0.9550235271453857,0.8866438865661621,0.8780186176300049,0.5,0.8933441638946533,0.8582729697227478,0.8596875667572021,0.8621149063110352,0.8878302574157715,0.568965494632721,0.9873172044754028,0.6360867619514465,0.5588235259056091,0.9850983619689941,0.517241358757019,0.9671456813812256,0.9444898366928101,0.9744898080825806,0.9446955919265747,0.9130394458770752,0.9246652126312256,0.9462672472000122,0.9416728615760803,0.909886360168457,0.8132352828979492,0.8863281011581421,4.825839281082153,0.7711804509162903,0.8132352828979492
37,0.8130464553833008,0.5,0.7769478559494019,0.5,0.5277777910232544,0.5769230723381042,0.6818181872367859,0.5666666626930237,0.5,0.6171860694885254,0.5,0.5622234344482422,0.8033866882324219,0.5714285969734192,0.5952380895614624,0.5,0.5952380895614624,0.9978691935539246,0.5,0.9564981460571289,0.9714330434799194,0.8791563510894775,0.8824762105941772,0.5,0.905019998550415,0.8579427003860474,0.8636105060577393,0.8701562881469727,0.8760244846343994,0.5625,0.9742456674575806,0.6070507168769836,0.5,0.9986097812652588,0.5625,0.955190896987915,0.9510052800178528,0.9651433229446411,0.9383441209793091,0.9421387910842896,0.958411455154419,0.9620645046234131,0.9073420763015747,0.940549373626709,0.8176470398902893,0.8903722763061523,4.8653857707977295,0.8014564514160156,0.8176470398902893
38,0.8195074796676636,0.5,0.7929190397262573,0.5,0.5357142686843872,0.7398152947425842,0.6132672429084778,0.5277777910232544,0.5,0.5710600018501282,0.5,0.6149228811264038,0.8687344789505005,0.54347825050354,0.5475267767906189,0.5357142686843872,0.5768309831619263,0.9973127841949463,0.5,0.9639184474945068,0.965998649597168,0.8879817724227905,0.8927688002586365,0.5,0.895443856716156,0.8625056743621826,0.8702123761177063,0.8725787997245789,0.9014577865600586,0.5226349830627441,0.9846353530883789,0.6246306896209717,0.5832411050796509,0.9967646598815918,0.5,0.959713339805603,0.9046502113342285,0.9584600925445557,0.9515918493270874,0.939689040184021,0.9424667358398438,0.9597915410995483,0.9057213068008423,0.910528302192688,0.8112132549285889,0.8891774415969849,4.96762752532959,0.7804781794548035,0.8112132549285889
39,0.814397931098938,0.5,0.7770388126373291,0.49990779161453247,0.5476190447807312,0.6920313239097595,0.7291666865348816,0.5400000214576721,0.5,0.7141934633255005,0.5,0.6307488679885864,0.8580609560012817,0.5224503874778748,0.6041666865348816,0.5881431102752686,0.5714285969734192,0.997316837310791,0.5,0.9691289067268372,0.9621580839157104,0.8805528879165649,0.8968299031257629,0.5,0.9031338691711426,0.8611849546432495,0.8589204549789429,0.8654634952545166,0.8960649371147156,0.6499077677726746,0.9707460403442383,0.6479634046554565,0.5555555820465088,0.9986116290092468,0.5311578512191772,0.9624639749526978,0.966025173664093,0.9656636714935303,0.9538346529006958,0.9617584347724915,0.9657381772994995,0.96473628282547,0.9390480518341064,0.9633955955505371,0.8148897290229797,0.8890165686607361,4.787852048873901,0.7784436941146851,0.8148897290229797
40,0.7834674715995789,0.5,0.8808777332305908,0.4999077022075653,0.5227272510528564,0.6953752636909485,0.6328725218772888,0.7105263471603394,0.5,0.6244465112686157,0.5,0.6946368217468262,0.8786149621009827,0.6153846383094788,0.6428571343421936,0.5453624725341797,0.5768307447433472,0.9974093437194824,0.5,0.9730510711669922,0.9672146439552307,0.8775490522384644,0.901239275932312,0.5,0.9127631187438965,0.8637400269508362,0.8831403255462646,0.8809633851051331,0.8913620114326477,0.520648717880249,0.975765585899353,0.6663901805877686,0.5525393486022949,0.9985196590423584,0.5526315569877625,0.9614274501800537,0.9413237571716309,0.9608745574951172,0.943884015083313,0.9506203532218933,0.9585847854614258,0.9351611137390137,0.9473041892051697,0.9533538818359375,0.8137867450714111,0.8879824876785278,4.895022869110107,0.7776386141777039,0.8137867450714111

41,0.7876180410385132,0.5,0.8592667579650879,0.4999077618122101,0.5749077796936035,0.6919382810592651,0.6577102541923523,0.6333333253860474,0.5,0.6741697192192078,0.5198153257369995,0.6663898825645447,0.9050981402397156,0.533149003982544,0.5625,0.5714285969734192,0.6902916431427002,0.9976813197135925,0.5,0.9612008333206177,0.9729880690574646,0.8729297518730164,0.8969621658325195,0.5,0.9046803712844849,0.8672904372215271,0.8750238418579102,0.8858932852745056,0.8932573795318604,0.5680895447731018,0.9891766905784607,0.6815413236618042,0.6739130616188049,0.9978691935539246,0.5524470806121826,0.9640216827392578,0.964259147644043,0.9569392800331116,0.9651205539703369,0.949480414390564,0.9513652920722961,0.9714896082878113,0.9460939168930054,0.9371232986450195,0.8257352709770203,0.8908547759056091,4.9617040157318115,0.8006970286369324,0.8257352709770203
42,0.7971938848495483,0.5,0.7208389639854431,0.5,0.5935651063919067,0.7599465847015381,0.6874078512191772,0.5624078512191772,0.5166666507720947,0.7641527056694031,0.5,0.6321352124214172,0.8737094402313232,0.6589063405990601,0.6895627379417419,0.5909091234207153,0.6049864292144775,0.9976868629455566,0.5,0.9730510711669922,0.9586374759674072,0.8851865530014038,0.9050251245498657,0.5,0.910083532333374,0.8670898079872131,0.8728538751602173,0.8913457989692688,0.89028400182724,0.5768309831619263,0.9720896482467651,0.6536614298820496,0.7200000286102295,0.9973148107528687,0.5263158082962036,0.9589896202087402,0.9472230672836304,0.9619399905204773,0.9487912654876709,0.9518886804580688,0.9577053785324097,0.9556441307067871,0.9649021625518799,0.9263392686843872,0.8029412031173706,0.8874080777168274,5.069127798080444,0.7786728739738464,0.8029412031173706
43,0.7684726715087891,0.5,0.8991705179214478,0.5,0.6874076724052429,0.8174434900283813,0.6249078512191772,0.6612902879714966,0.5,0.6660211682319641,0.53125,0.7579660415649414,0.9190235137939453,0.6050786972045898,0.6577102541923523,0.5355299711227417,0.6664822101593018,0.9967658519744873,0.5,0.9650793671607971,0.9745723605155945,0.892316460609436,0.9025559425354004,0.5,0.9097658395767212,0.8835642337799072,0.8664122223854065,0.8731656074523926,0.9008139371871948,0.6071428656578064,0.9877011179924011,0.7377261519432068,0.800000011920929,0.9984259605407715,0.5,0.970841109752655,0.9558254480361938,0.9638831615447998,0.9644584655761719,0.9411283731460571,0.9522944688796997,0.9529114961624146,0.9194496870040894,0.9595105648040771,0.8209558725357056,0.8902114033699036,4.981906175613403,0.7839846014976501,0.8209558725357056
44,0.7486559152603149,0.5,0.7490781545639038,0.523809552192688,0.5292273759841919,0.8067710399627686,0.6587218046188354,0.6799076795578003,0.5,0.7096039652824402,0.5587313175201416,0.7486146688461304,0.8673142194747925,0.7111690640449524,0.6817258596420288,0.6589986085891724,0.8050022125244141,0.9978699684143066,0.5,0.974224865436554,0.9667712450027466,0.8936432600021362,0.9110249280929565,0.5,0.9016926288604736,0.8812832832336426,0.8722232580184937,0.8729825615882874,0.8961545825004578,0.7142857313156128,0.9864538908004761,0.820412278175354,0.6662980318069458,0.9973133206367493,0.5356221199035645,0.9639894962310791,0.9638404846191406,0.9601755738258362,0.9565867185592651,0.9443479180335999,0.9610751867294312,0.9605706930160522,0.9095150232315063,0.9504749774932861,0.828125,0.8905560970306396,4.862251281738281,0.7718825936317444,0.828125
45,0.7744852304458618,0.529411792755127,0.8452325463294983,0.5624076724052429,0.6133595108985901,0.748613178730011,0.7497235536575317,0.8631749153137207,0.5,0.6188919544219971,0.5,0.878645658493042,0.8085088729858398,0.6663897037506104,0.7302164435386658,0.7306771278381348,0.6871312856674194,0.9971290826797485,0.5,0.9508779048919678,0.9592081308364868,0.8975914716720581,0.913253664970398,0.5,0.9040939807891846,0.8677061796188354,0.878995418548584,0.8878949284553528,0.9084172248840332,0.5996310114860535,0.9840681552886963,0.7718967199325562,0.6937988996505737,0.9981487989425659,0.6470588445663452,0.9653881788253784,0.9309592247009277,0.9652803540229797,0.9521377086639404,0.9603499174118042,0.9655396938323975,0.9423653483390808,0.9397737979888916,0.9668652415275574,0.8097426295280457,0.8909237384796143,4.895096302032471,0.7778930068016052,0.8097426295280457
46,0.7655680179595947,0.5,0.7092350721359253,0.5454545617103577,0.5679972767829895,0.8076784610748291,0.6837493777275085,0.8697237968444824,0.5,0.6770970821380615,0.6249076724052429,0.8160592317581177,0.8846101760864258,0.7854374647140503,0.6848157048225403,0.5586391687393188,0.8569583296775818,0.9968512654304504,0.5,0.954995334148407,0.9707585573196411,0.9014633297920227,0.9151498079299927,0.5,0.9145644903182983,0.8626143336296082,0.8820182085037231,0.8784325122833252,0.9003239870071411,0.6561578512191772,0.9821991324424744,0.8984346389770508,0.7409172654151917,0.9974098205566406,0.5553708076477051,0.9629179835319519,0.958612322807312,0.9660212397575378,0.953543484210968,0.938430905342102,0.9370511174201965,0.9527959823608398,0.9534515142440796,0.9591014385223389,0.8152573704719543,0.8931065797805786,4.931036472320557,0.7935132384300232,0.8152573704719543
47,0.7488952279090881,0.5,0.8202306032180786,0.6521738767623901,0.708148717880249,0.7989852428436279,0.6917548775672913,0.839445948600769,0.5833333134651184,0.7260730266571045,0.6427648663520813,0.837783932685852,0.8735239505767822,0.7495388984680176,0.7498157024383545,0.6248154640197754,0.7994464635848999,0.996209979057312,0.5,0.9648996591567993,0.9644373655319214,0.8896709084510803,0.9087074995040894,0.5,0.9090995788574219,0.8701261281967163,0.8912837505340576,0.8808664083480835,0.8992244601249695,0.6135440468788147,0.9793480634689331,0.8325955867767334,0.8124076724052429,0.9976843595504761,0.6664822101593018,0.963546633720398,0.951964259147644,0.9585257172584534,0.9458798170089722,0.9635484218597412,0.9385230541229248,0.961719810962677,0.9501321315765381,0.9252780675888062,0.820588231086731,0.8947150707244873,4.86799168586731,0.7709594964981079,0.820588231086731
48,0.7426799535751343,0.4998154044151306,0.865376353263855,0.6333333253860474,0.5647558569908142,0.8874133825302124,0.6603447198867798,0.8265537023544312,0.5831488966941833,0.59852534532547,0.6817260980606079,0.765007734298706,0.9112896919250488,0.802647590637207,0.6423963904380798,0.7322242856025696,0.8121312856674194,0.9963861703872681,0.5,0.952246904373169,0.9663033485412598,0.8950470685958862,0.9038351774215698,0.5,0.9142376184463501,0.867935299873352,0.8956161737442017,0.8888150453567505,0.9117199182510376,0.7219451069831848,0.9820603132247925,0.7341877222061157,0.8626233339309692,0.9972232580184937,0.6840260624885559,0.964640736579895,0.9494526386260986,0.9660608172416687,0.9445786476135254,0.9634486436843872,0.9591760635375977,0.9584057331085205,0.9342288970947266,0.9494996070861816,0.814338207244873,0.8923943042755127,4.861263751983643,0.7915311455726624,0.814338207244873
49,0.7411520481109619,0.5384615659713745,0.7693562507629395,0.65625,0.7164818048477173,0.7638760805130005,0.7096961736679077,0.912489652633667,0.6875,0.8149593472480774,0.5832411050796509,0.8023171424865723,0.9019938707351685,0.9189842939376831,0.7378184199333191,0.5707835555076599,0.7689536809921265,0.996570885181427,0.5,0.9614940881729126,0.9695383906364441,0.8907794952392578,0.9033006429672241,0.5,0.909332811832428,0.8669393062591553,0.8960151672363281,0.8880952596664429,0.9050789475440979,0.7853447198867798,0.9826852083206177,0.8068631291389465,0.8197230100631714,0.9971312284469604,0.7707409858703613,0.9573056697845459,0.9491754770278931,0.9634157419204712,0.9394366145133972,0.9560901522636414,0.9506078362464905,0.9692608118057251,0.9408029317855835,0.9414582252502441,0.817463219165802,0.8943474292755127,4.860843181610107,0.8002158403396606,0.817463219165802
50,0.7265064120292664,0.5416666865348816,0.8039878606796265,0.6874078512191772,0.7213922739028931,0.8389843106269836,0.8992626667022705,0.8325038552284241,0.6295372843742371,0.804633378982544,0.6399076581001282,0.8984317779541016,0.9979681968688965,0.780947208404541,0.6995387673377991,0.7244464755058289,0.8806755542755127,0.996570885181427,0.5,0.9554309844970703,0.974440336227417,0.8907730579376221,0.911921501159668,0.5,0.9131854772567749,0.8748098611831665,0.8955521583557129,0.8847250938415527,0.9095653891563416,0.7658371925354004,0.9814471006393433,0.7041763067245483,0.8992613554000854,0.9968535900115967,0.7749077677726746,0.9655172824859619,0.950995922088623,0.9706265926361084,0.9433276653289795,0.9567224383354187,0.963362455368042,0.9695563316345215,0.9352524280548096,0.9547991156578064,0.8183823823928833,0.8923254013061523,5.06339955329895,0.7945694327354431,0.8183823823928833

51,0.7498371005058289,0.5277777910232544,0.9336749315261841,0.5881431102752686,0.7192612886428833,0.8664841651916504,0.8225152492523193,0.905051589012146,0.6135440468788147,0.8101032376289368,0.7498154640197754,0.7788532376289368,0.9286805391311646,0.9361172914505005,0.6586294770240784,0.7494460940361023,0.8330563902854919,0.9966672658920288,0.5,0.9677329063415527,0.9691774845123291,0.8993160724639893,0.9030815958976746,0.5,0.9054953455924988,0.8834757804870605,0.8958412408828735,0.8834822177886963,0.9152911901473999,0.7809734344482422,0.9814026355743408,0.8037940263748169,0.8491697311401367,0.9969450235366821,0.8529665470123291,0.9658984541893005,0.9396872520446777,0.9652803540229797,0.9512245059013367,0.9484151601791382,0.9440246820449829,0.9571658372879028,0.9577769637107849,0.9446943402290344,0.8077206015586853,0.8877757787704468,4.897455215454102,0.7696018815040588,0.8077206015586853
52,0.7254749536514282,0.5454545617103577,0.8980627059936523,0.529411792755127,0.6774656772613525,0.889735221862793,0.7393536567687988,0.6996309757232666,0.7172067165374756,0.7490781545639038,0.5830569863319397,0.7121635675430298,0.9196598529815674,0.8112075328826904,0.9115803241729736,0.7369880080223083,0.9122127294540405,0.9958232641220093,0.5,0.9688141942024231,0.9555336236953735,0.8946218490600586,0.906356692314148,0.5,0.9119351506233215,0.881048321723938,0.896287202835083,0.8863506317138672,0.9171563982963562,0.8433802127838135,0.9809082746505737,0.8991697430610657,0.8738930225372314,0.9966703653335571,0.7042685747146606,0.9490969777107239,0.9597637057304382,0.967286229133606,0.9597964286804199,0.943173348903656,0.9645705819129944,0.9606333374977112,0.9621628522872925,0.9465761780738831,0.8235294222831726,0.891681969165802,4.896531343460083,0.7976741194725037,0.8235294222831726
53,0.722775936126709,0.5935656428337097,0.9318289160728455,0.5881431102752686,0.8178126811981201,0.7675724029541016,0.8164284229278564,0.8800296783447266,0.7616279721260071,0.8384302854537964,0.6999077796936035,0.8101032376289368,0.9325221180915833,0.9326881766319275,0.6662982106208801,0.8313957452774048,0.8859021663665771,0.9955555200576782,0.5,0.9604923725128174,0.9600334167480469,0.8922258019447327,0.90816330909729,0.5,0.9213472604751587,0.8739544153213501,0.8916491270065308,0.8942289352416992,0.9188700914382935,0.8256254196166992,0.9652702808380127,0.8988919854164124,0.8787072896957397,0.9970414638519287,0.8050022125244141,0.9616031646728516,0.9253608584403992,0.9653152227401733,0.9553173780441284,0.960597038269043,0.9555801749229431,0.9536386728286743,0.9595603346824646,0.9604937434196472,0.8194853067398071,0.8929457664489746,4.987049102783203,0.7968544960021973,0.8194853067398071
54,0.7107861638069153,0.5789473652839661,0.9404791593551636,0.6175548434257507,0.8065841197967529,0.794439435005188,0.7620511054992676,0.9438902139663696,0.7074101567268372,0.8515582084655762,0.7797229886054993,0.8188483715057373,0.9170866012573242,0.8650998473167419,0.673359215259552,0.7689869403839111,0.7811578512191772,0.9949092864990234,0.5357142686843872,0.956454873085022,0.965465784072876,0.8930352330207825,0.908252477645874,0.5,0.915378749370575,0.8803504109382629,0.8783129453659058,0.9043881297111511,0.9028791189193726,0.9273719787597656,0.9825161695480347,0.9567639231681824,0.9031933546066284,0.9829891920089722,0.9108427166938782,0.9647256135940552,0.9519088268280029,0.9472010731697083,0.9566993713378906,0.9563172459602356,0.9460688829421997,0.9689066410064697,0.9742211103439331,0.9264687299728394,0.820036768913269,0.8910845518112183,4.8197104930877686,0.7960955500602722,0.820036768913269
55,0.6964961290359497,0.52472323179245,0.9642703533172607,0.6000000238418579,0.7650954723358154,0.9076173305511475,0.9101051092147827,0.9270029067993164,0.724261999130249,0.8843333721160889,0.8393536806106567,0.7838689088821411,0.897327184677124,0.8673142194747925,0.7362887263298035,0.9531639814376831,0.9339518547058105,0.995648980140686,0.5,0.9669467806816101,0.9651987552642822,0.8925305008888245,0.9095310568809509,0.5,0.9121004343032837,0.882394552230835,0.8850966691970825,0.9072321057319641,0.9080197811126709,0.8914749026298523,0.9851961135864258,0.8188920021057129,0.865376353263855,0.996666669845581,0.9365781545639038,0.9651141166687012,0.9435266256332397,0.9591399431228638,0.952030599117279,0.9647573232650757,0.9521437883377075,0.9689302444458008,0.9563802480697632,0.955025851726532,0.8213235139846802,0.8921874761581421,4.839005708694458,0.7832876443862915,0.8213235139846802
56,0.6952306628227234,0.5665745139122009,0.872787594795227,0.5712442994117737,0.8075861930847168,0.8463492393493652,0.7847927808761597,0.9101973176002502,0.8154205083847046,0.861052393913269,0.8318594694137573,0.843383252620697,0.8720501661300659,0.879568338394165,0.7992613315582275,0.8674986958503723,0.9763498306274414,0.9966691732406616,0.625,0.9602577686309814,0.9598436951637268,0.8869863152503967,0.9063035249710083,0.5,0.910816490650177,0.8903875350952148,0.8874096870422363,0.900550901889801,0.8988227248191833,0.8740768432617188,0.983444333076477,0.8929843902587891,0.946520209312439,0.9949963092803955,0.8488929867744446,0.9609564542770386,0.9680119156837463,0.9670196771621704,0.9524304270744324,0.9591165781021118,0.9636414051055908,0.971335768699646,0.9599258303642273,0.955068826675415,0.825551450252533,0.892578125,4.948637247085571,0.8010256886482239,0.825551450252533
57,0.7076722979545593,0.5935656428337097,0.9206757545471191,0.5789473652839661,0.8585226535797119,0.8408139944076538,0.8741703629493713,0.9159289598464966,0.8329646587371826,0.8309357166290283,0.7215766906738281,0.8537289500236511,0.9751501679420471,0.9035624265670776,0.9407154321670532,0.862528920173645,0.9660215377807617,0.9970381259918213,0.5,0.9623713493347168,0.9607182741165161,0.8987642526626587,0.9089192152023315,0.5,0.9123528003692627,0.8896722793579102,0.8895857334136963,0.8925234079360962,0.9037918448448181,0.9403467178344727,0.9825602769851685,0.9719318151473999,0.952146053314209,0.9952839016914368,0.885617733001709,0.9542697668075562,0.9668030738830566,0.9606974124908447,0.9538413882255554,0.9554401636123657,0.9503116011619568,0.9663935899734497,0.9664685130119324,0.9621942043304443,0.8159926533699036,0.8923943042755127,4.910307168960571,0.7967962026596069,0.8159926533699036
58,0.692363977432251,0.6199076771736145,0.9953925609588623,0.625,0.8894582986831665,0.8645468950271606,0.918891966342926,0.9110128283500671,0.7494465112686157,0.8447800874710083,0.8050944805145264,0.8924175500869751,0.9307212829589844,0.9147300720214844,0.9121204614639282,0.8236162662506104,0.9992629289627075,0.9964853525161743,0.5714285969734192,0.944718599319458,0.9631637930870056,0.8985548615455627,0.9136978387832642,0.5,0.9151826500892639,0.8902949690818787,0.8860632181167603,0.8915685415267944,0.9068832397460938,0.8875978589057922,0.9804918766021729,0.9973267316818237,0.9760456085205078,0.9950916767120361,0.957225501537323,0.9594948291778564,0.9569535255432129,0.9645179510116577,0.9631725549697876,0.965782642364502,0.9597103595733643,0.958612322807312,0.9396711587905884,0.9464421272277832,0.8169117569923401,0.8911075592041016,4.901611328125,0.7867192625999451,0.8169117569923401
59,0.6733437180519104,0.6050786972045898,0.9315520524978638,0.6666666865348816,0.8930766582489014,0.8680883646011353,0.9152834415435791,0.883694052696228,0.7307692170143127,0.997233510017395,0.7806047201156616,0.952146053314209,0.9963099956512451,0.8813387155532837,0.8802142143249512,0.7795907258987427,0.8456010818481445,0.9961183071136475,0.6665746569633484,0.9555262327194214,0.9628523588180542,0.903930127620697,0.9108121395111084,0.5,0.9205492734909058,0.8937784433364868,0.8860049247741699,0.8914492130279541,0.9080175161361694,0.8852561712265015,0.9811862707138062,0.9145456552505493,0.9962184429168701,0.9951834082603455,0.9459848999977112,0.9602463245391846,0.9563245177268982,0.957720160484314,0.9529906511306763,0.9532653093338013,0.9450334906578064,0.963994026184082,0.9668026566505432,0.9634873270988464,0.8292279243469238,0.8948758840560913,5.010126352310181,0.7899657487869263,0.8292279243469238
60,0.6890548467636108,0.6665743589401245,0.9343657493591309,0.7142857313156128,0.8985253572463989,0.8931560516357422,0.9981570243835449,0.9555987119674683,0.7913897037506104,0.8808379769325256,0.7718062996864319,0.8585606813430786,0.9964022040367126,0.9020861387252808,0.7703717350959778,0.8676269054412842,0.8746309876441956,0.9962072372436523,0.6153846383094788,0.9621198177337646,0.9608138799667358,0.90022873878479,0.9094120264053345,0.5,0.9288560152053833,0.8944360017776489,0.8897967338562012,0.8919535875320435,0.9131757616996765,0.91957688331604,0.9787726998329163,0.9526075124740601,0.949428379535675,0.9936051964759827,0.9798188209533691,0.9620276689529419,0.9544960856437683,0.9641264081001282,0.9465745091438293,0.9648162126541138,0.9569912552833557,0.965873122215271,0.9594826102256775,0.945399284362793,0.8207720518112183,0.8937040567398071,4.876229524612427,0.795362114906311,0.8207720518112183

61,0.7020465731620789,0.7775933742523193,0.9089821577072144,0.645648717880249,0.8324116468429565,0.9086298942565918,0.8833255767822266,0.8318578600883484,0.7054213285446167,0.908889889717102,0.8455997705459595,0.962427020072937,0.993904709815979,0.9418580532073975,0.9294188022613525,0.892154335975647,0.8740768432617188,0.9955472946166992,0.5,0.9502334594726562,0.964767575263977,0.9008147120475769,0.9081127643585205,0.5,0.9218851327896118,0.8869490623474121,0.8888994455337524,0.8939191699028015,0.920688271522522,0.8898274898529053,0.978603184223175,0.8927077054977417,0.9663532376289368,0.9948234558105469,0.9520537853240967,0.9526405930519104,0.9626810550689697,0.9673609733581543,0.9633692502975464,0.9673590660095215,0.9570072889328003,0.9573770761489868,0.9496927261352539,0.9539340734481812,0.8121323585510254,0.8892692923545837,4.848160743713379,0.7864057421684265,0.8121323585510254
62,0.69395911693573,0.5867719054222107,0.9734429121017456,0.7806968688964844,0.8799374103546143,0.9472324848175049,0.8734340667724609,0.9984322786331177,0.7685843110084534,0.8098267316818237,0.8788919448852539,0.9692569971084595,0.9728889465332031,0.9119583964347839,0.8791069984436035,0.8974169492721558,0.9695740342140198,0.9953669309616089,0.5,0.96523118019104,0.953385591506958,0.9003046751022339,0.9205440282821655,0.5,0.9221373796463013,0.8839573860168457,0.8981586694717407,0.8901228904724121,0.9197260737419128,0.9984291195869446,0.97981858253479,0.9757686853408813,0.9961283206939697,0.9949092864990234,0.9390559196472168,0.9554427862167358,0.9560285806655884,0.9642724990844727,0.9535062313079834,0.9574658870697021,0.9430785775184631,0.9650752544403076,0.9675590395927429,0.941474437713623,0.8147059082984924,0.8914982080459595,4.838545083999634,0.7827809453010559,0.8147059082984924
63,0.6712279915809631,0.5524470806121826,0.994472086429596,0.6838415861129761,0.9202225208282471,0.9284958839416504,0.8641840219497681,0.9431533813476562,0.9469994902610779,0.9727765321731567,0.9271892309188843,0.9345501661300659,0.9724273681640625,0.9976015090942383,0.8830453753471375,0.8312123417854309,0.975267767906189,0.9959206581115723,0.5714285969734192,0.9595457315444946,0.9536967277526855,0.9026514887809753,0.921457052230835,0.5,0.920376718044281,0.8887621164321899,0.889811098575592,0.8951857089996338,0.9201369285583496,0.9440479874610901,0.9793556928634644,0.87977135181427,0.9710094332695007,0.9936193823814392,0.974068284034729,0.9571188688278198,0.9637209177017212,0.9589080810546875,0.9563432931900024,0.9545117020606995,0.9468540549278259,0.9528014659881592,0.9552816152572632,0.9581016302108765,0.8277573585510254,0.8914752006530762,4.923788070678711,0.810798168182373,0.8277573585510254
64,0.6622732281684875,0.749907910823822,0.9467712044715881,0.6995396018028259,0.8039878606796265,0.9059532284736633,0.8480627536773682,0.9406453371047974,0.9405310750007629,0.9246039390563965,0.9411994218826294,0.9220479726791382,0.9522402882575989,0.9184700846672058,0.88918137550354,0.8976958990097046,0.936486005783081,0.9954595565795898,0.6875,0.9640992283821106,0.9543839693069458,0.9096099138259888,0.922645092010498,0.5,0.9250047206878662,0.8931826949119568,0.8905922770500183,0.9014272093772888,0.9206470251083374,0.9575068950653076,0.9672033786773682,0.941124677658081,0.9964015483856201,0.9950907826423645,0.9532535076141357,0.9579831957817078,0.946019172668457,0.959172248840332,0.9430244565010071,0.9626393914222717,0.95775306224823,0.9584263563156128,0.9608808755874634,0.9391540884971619,0.8238970637321472,0.8896599411964417,4.96846866607666,0.818232536315918,0.8238970637321472
65,0.6832740306854248,0.739538311958313,0.9950230121612549,0.8100675940513611,0.8680883646011353,0.9552908539772034,0.9294188022613525,0.949428379535675,0.8748153448104858,0.9425722360610962,0.9046828746795654,0.8775384426116943,0.9923474192619324,0.9961283206939697,0.9312751293182373,0.8061261177062988,0.9821118116378784,0.9949045777320862,0.699999988079071,0.95475172996521,0.955447793006897,0.9080798625946045,0.9189163446426392,0.5,0.9228130578994751,0.894716739654541,0.8867061138153076,0.9005498886108398,0.9183945655822754,0.941211462020874,0.9771169424057007,0.9595452547073364,0.9252498149871826,0.9944475293159485,0.9350110292434692,0.961351752281189,0.9585937857627869,0.9585738182067871,0.9410512447357178,0.9528658390045166,0.9487060308456421,0.9466264247894287,0.9532331824302673,0.9489397406578064,0.8180146813392639,0.891521155834198,4.911188364028931,0.800630509853363,0.8180146813392639
66,0.6572749614715576,0.7638760805130005,0.9484134316444397,0.7497236728668213,0.9153755903244019,0.8814828991889954,0.9980612993240356,0.9982478618621826,0.7849770784378052,0.9962198138237,0.8981549739837646,0.9404724836349487,0.9397413730621338,0.9109205007553101,0.935287594795227,0.8985239863395691,0.9985226392745972,0.9961133003234863,0.6427649855613708,0.9618327617645264,0.9612584114074707,0.8990546464920044,0.9144649505615234,0.5,0.9174785017967224,0.8937000036239624,0.8871059417724609,0.9078497886657715,0.9261547327041626,0.9544559717178345,0.9644120335578918,0.9346423149108887,0.9706405401229858,0.9935064911842346,0.942415714263916,0.9594948291778564,0.9508224725723267,0.9604578018188477,0.960851788520813,0.9573974609375,0.9567890167236328,0.9661458730697632,0.9543784856796265,0.9609302282333374,0.8227941393852234,0.8935202360153198,4.920201301574707,0.8106233477592468,0.8227941393852234
67,0.6691280603408813,0.8034790754318237,0.8953917026519775,0.70978844165802,0.8401683568954468,0.9681646823883057,0.9437713027000427,0.975676417350769,0.9030149579048157,0.859952449798584,0.9312134981155396,0.9518710374832153,0.9478086233139038,0.9742919206619263,0.9394447207450867,0.9323827028274536,0.9783379435539246,0.9946177005767822,0.6498158574104309,0.9478542804718018,0.953841507434845,0.9054465889930725,0.9198139905929565,0.5,0.9214450120925903,0.8894066214561462,0.9010791778564453,0.9066425561904907,0.9288421869277954,0.9538097381591797,0.9770370721817017,0.9690868258476257,0.9760591983795166,0.9910035133361816,0.8476014733314514,0.9533244967460632,0.9638084769248962,0.9518716335296631,0.9560327529907227,0.9501913785934448,0.9570871591567993,0.962615966796875,0.9407535791397095,0.9604945182800293,0.8172793984413147,0.8909926414489746,5.2174599170684814,0.7943140864372253,0.8172793984413147
68,0.6595782041549683,0.839617133140564,0.9713925123214722,0.8037016987800598,0.8460723161697388,0.975475549697876,0.917639970779419,0.9975073933601379,0.774262011051178,0.8859379291534424,0.8873212337493896,0.9456453919410706,0.9931658506393433,0.9514451026916504,0.8930637836456299,0.8710302710533142,0.997969388961792,0.9959244132041931,0.692307710647583,0.9468932151794434,0.9660511016845703,0.899273157119751,0.9226076602935791,0.5,0.9288691282272339,0.8893527984619141,0.9031155109405518,0.8947838544845581,0.9192506074905396,0.9949252605438232,0.981495201587677,0.9685335159301758,0.9785079956054688,0.9907304048538208,0.9716789722442627,0.9535687565803528,0.9551507234573364,0.960416316986084,0.9568291902542114,0.9627876877784729,0.9611316919326782,0.9666295051574707,0.9491103887557983,0.958807110786438,0.8279411792755127,0.8933594226837158,4.931154489517212,0.8077451586723328,0.8279411792755127
69,0.6590532660484314,0.7814087867736816,0.9436790943145752,0.8645534515380859,0.861421525478363,0.9741828441619873,0.9966795444488525,0.9974169731140137,0.9430612325668335,0.9685335159301758,0.9475091695785522,0.967043399810791,0.9248968362808228,0.9734611511230469,0.9342688322067261,0.909905195236206,0.9669063091278076,0.9945360422134399,0.6818181872367859,0.9541260004043579,0.9606126546859741,0.9038608074188232,0.9159233570098877,0.5,0.9288432598114014,0.8871309757232666,0.9041199684143066,0.9073406457901001,0.913753867149353,0.9947388172149658,0.9792246222496033,0.9786928296089172,0.9682424068450928,0.9925980567932129,0.9970452785491943,0.9485172033309937,0.9601683616638184,0.9596278667449951,0.9569573402404785,0.9530807733535767,0.959060549736023,0.9559152126312256,0.9618959426879883,0.9442691802978516,0.8181985020637512,0.8932214975357056,4.8488383293151855,0.7995507717132568,0.8181985020637512
70,0.6490932703018188,0.7136406898498535,0.9301674962043762,0.9031010866165161,0.8973296880722046,0.9768629670143127,0.8968663215637207,0.9960273504257202,0.9098827838897705,0.9524604678153992,0.9422276020050049,0.9940959215164185,0.9682554006576538,0.9948348999023438,0.9668080806732178,0.934176504611969,0.9651920199394226,0.9948177337646484,0.6665746569633484,0.953708827495575,0.9482333660125732,0.9041682481765747,0.9200796484947205,0.5,0.9286390542984009,0.9008718729019165,0.9002093076705933,0.8999046087265015,0.9176044464111328,0.994744598865509,0.9781845211982727,0.9960339069366455,0.9938215017318726,0.992588460445404,0.9967694282531738,0.9554557800292969,0.9638543128967285,0.9532762765884399,0.953194260597229,0.9577137231826782,0.959356427192688,0.9626020789146423,0.9646764397621155,0.9586430788040161,0.8226103186607361,0.8933134078979492,4.843740940093994,0.8047747015953064,0.8226103186607361

71,0.6612621545791626,0.9088140726089478,0.9945591688156128,0.8652842044830322,0.923247218132019,0.964871883392334,0.9587138891220093,0.9976046085357666,0.9185225963592529,0.9954771995544434,0.8612418174743652,0.9335364699363708,0.9452763199806213,0.9950165748596191,0.9386135339736938,0.9257148504257202,0.9628113508224487,0.9951834082603455,0.699999988079071,0.9590363502502441,0.9483205080032349,0.9040862321853638,0.9185330867767334,0.5,0.9284350872039795,0.9019533395767212,0.8968133926391602,0.8982021808624268,0.9190645813941956,0.9939970374107361,0.9793128967285156,0.9538097381591797,0.9952951669692993,0.9920399785041809,0.99704909324646,0.9565176963806152,0.9612879157066345,0.9566307663917542,0.9380778074264526,0.9381905794143677,0.9530813694000244,0.9597433805465698,0.9623326063156128,0.9561419486999512,0.8141543865203857,0.8899816274642944,4.92426061630249,0.8098235130310059,0.8141543865203857
72,0.6371182799339294,0.82398521900177,0.9486392736434937,0.8503739237785339,0.8400760889053345,0.9652406573295593,0.9575672745704651,0.9969545602798462,0.9397934675216675,0.8298329710960388,0.8788301944732666,0.9252659678459167,0.9755833745002747,0.995755672454834,0.9165835380554199,0.8722345232963562,0.967551589012146,0.9950826168060303,0.6362715363502502,0.9548513889312744,0.959345817565918,0.9097676277160645,0.9197400808334351,0.5,0.921650767326355,0.8950318098068237,0.9020296335220337,0.9073124527931213,0.9347826242446899,0.9940991997718811,0.9824837446212769,0.9942867755889893,0.9962184429168701,0.9923105239868164,0.996676504611969,0.9540778398513794,0.9516788721084595,0.960931658744812,0.9463009834289551,0.954706072807312,0.9463901519775391,0.9620311856269836,0.9616601467132568,0.9576523303985596,0.8294117450714111,0.8948529362678528,4.872121572494507,0.8111469149589539,0.8294117450714111
73,0.6419065594673157,0.8527818918228149,0.9467012882232666,0.9509046673774719,0.8787379264831543,0.9442804455757141,0.9940959215164185,0.977137565612793,0.9624379873275757,0.9370435476303101,0.8966728448867798,0.8604888916015625,0.9915144443511963,0.9674268960952759,0.900333046913147,0.8182954788208008,0.9991697072982788,0.9954637885093689,0.7221301794052124,0.9556843638420105,0.9618114233016968,0.9063809514045715,0.9126198291778564,0.5,0.9279347658157349,0.9016128778457642,0.9050487279891968,0.9039878845214844,0.92218416929245,0.9755697846412659,0.9778703451156616,0.9588489532470703,0.9418343901634216,0.9915772080421448,0.9714021682739258,0.9505154490470886,0.9591988325119019,0.963616132736206,0.9550697803497314,0.9485440254211426,0.9434027671813965,0.9617526531219482,0.958310067653656,0.9443824291229248,0.8273897171020508,0.892417311668396,4.736963748931885,0.8051162958145142,0.8273897171020508
74,0.6453720331192017,0.9196691513061523,0.9219281673431396,0.8602811098098755,0.8976014852523804,0.9728150367736816,0.9945532083511353,0.9654314517974854,0.921771228313446,0.9702029228210449,0.9134390354156494,0.9489529728889465,0.9398974776268005,0.9677957892417908,0.9748276472091675,0.9221402406692505,0.973247230052948,0.9935221076011658,0.6666666865348816,0.9500519037246704,0.9583669900894165,0.9087972640991211,0.9215127229690552,0.5,0.9272372722625732,0.9019514918327332,0.8982906341552734,0.906613290309906,0.9198589324951172,0.9938088655471802,0.977627158164978,0.9951080083847046,0.994744598865509,0.9905712604522705,0.996494472026825,0.9380667209625244,0.9619888067245483,0.9639204144477844,0.9544607996940613,0.9543340802192688,0.9517993927001953,0.9622465968132019,0.9548243284225464,0.9558303952217102,0.8165441155433655,0.8924402594566345,4.886608839035034,0.8010725378990173,0.8165441155433655
75,0.645941972732544,0.8488929867744446,0.9940937757492065,0.8740774989128113,0.9969579577445984,0.9773483872413635,0.9054028987884521,0.8968663215637207,0.9744373559951782,0.8687315583229065,0.9960383176803589,0.9929863214492798,0.9931734204292297,0.9296137094497681,0.9234967231750488,0.9569529294967651,0.9782756567001343,0.9961075186729431,0.875,0.9460301995277405,0.9622412919998169,0.9125714302062988,0.9259330034255981,0.5,0.9250683784484863,0.9050476551055908,0.8964966535568237,0.8979767560958862,0.9213130474090576,0.9937223196029663,0.9760934114456177,0.9955735802650452,0.9963106513023376,0.9912962913513184,0.996129035949707,0.9524920582771301,0.9453979134559631,0.9634554386138916,0.9528688192367554,0.955222487449646,0.9411731362342834,0.9620394706726074,0.9563802480697632,0.9557480812072754,0.8167279362678528,0.8901194930076599,4.9027183055877686,0.811832845211029,0.8167279362678528
76,0.6427662372589111,0.8063102960586548,0.9935388565063477,0.9428767561912537,0.9064146280288696,0.970443606376648,0.957474946975708,0.9804682731628418,0.8726937174797058,0.9725661873817444,0.9973247051239014,0.9736300110816956,0.9740918874740601,0.9455801248550415,0.9668736457824707,0.9303073287010193,0.9972309470176697,0.9952830076217651,0.8500000238418579,0.9500972628593445,0.9554542303085327,0.9033358693122864,0.9208921194076538,0.5,0.9321528077125549,0.9048267602920532,0.9076457023620605,0.8961941003799438,0.9273661375045776,0.9684399366378784,0.9748194813728333,0.9696259498596191,0.9509536027908325,0.9911127686500549,0.9793396592140198,0.9573614597320557,0.9527736902236938,0.9624605178833008,0.9438567161560059,0.9457775354385376,0.9521375894546509,0.9612525701522827,0.9470649361610413,0.9531395435333252,0.8132352828979492,0.8912453651428223,4.887013912200928,0.7920680046081543,0.8132352828979492
77,0.6335439085960388,0.9157454967498779,0.9701383113861084,0.9355612993240356,0.9414013028144836,0.9588108062744141,0.971023440361023,0.9768903851509094,0.9429689645767212,0.9298375248908997,0.996131181716919,0.941512942314148,0.9731038808822632,0.9348267316818237,0.9659782648086548,0.9940915703773499,0.9776942729949951,0.9948998689651489,0.9997240304946899,0.9474289417266846,0.9566934108734131,0.9128117561340332,0.9210675954818726,0.5,0.9313830733299255,0.8941648006439209,0.9110370874404907,0.897179365158081,0.9252994060516357,0.9552735090255737,0.9765262603759766,0.9944700598716736,0.971946120262146,0.9904646873474121,0.9960310459136963,0.9584817290306091,0.9599218964576721,0.9602938294410706,0.9565379023551941,0.9350061416625977,0.9456380605697632,0.9580003619194031,0.9512455463409424,0.9519873857498169,0.8170955777168274,0.8906480073928833,4.857148170471191,0.7979475855827332,0.8170955777168274
78,0.6211991310119629,0.899078369140625,0.9658592343330383,0.9144534468650818,0.9235243201255798,0.9910450577735901,0.9947436451911926,0.9951070547103882,0.9374145865440369,0.993091344833374,0.9744118452072144,0.910211443901062,0.9416051506996155,0.9415857195854187,0.9966771602630615,0.973553478717804,0.9971433877944946,0.994260311126709,0.7855302095413208,0.9536700248718262,0.9547444581985474,0.9052792191505432,0.9323222637176514,0.5,0.927464485168457,0.8975822925567627,0.9132372140884399,0.9052541851997375,0.9250679612159729,0.9940959215164185,0.9769032001495361,0.9292780160903931,0.9727507829666138,0.9901017546653748,0.9714021682739258,0.9431761503219604,0.9507296085357666,0.9654788374900818,0.954960823059082,0.944533109664917,0.9533135294914246,0.961624264717102,0.9631314873695374,0.953903317451477,0.8257352709770203,0.8952205777168274,4.809950351715088,0.8058925867080688,0.8257352709770203
79,0.6228137016296387,0.974990963935852,0.9918758869171143,0.9599147439002991,0.9610605239868164,0.9416051506996155,0.9113180637359619,0.9957611560821533,0.9454314708709717,0.9733505249023438,0.9696259498596191,0.962573766708374,0.9909660816192627,0.9691647291183472,0.9428489208221436,0.9675045609474182,0.9973232746124268,0.9947280883789062,0.6999078989028931,0.9578357934951782,0.961919903755188,0.9079636335372925,0.9261796474456787,0.5,0.9283409118652344,0.8963738679885864,0.905451774597168,0.914944052696228,0.9277840852737427,0.9716151356697083,0.977979302406311,0.9615054130554199,0.9951115846633911,0.9906394481658936,0.9717615842819214,0.9523676633834839,0.9575673341751099,0.9616458415985107,0.9464982748031616,0.9509384632110596,0.9499349594116211,0.9573773145675659,0.959130585193634,0.9507983922958374,0.8172793984413147,0.8918198347091675,4.86047101020813,0.8070269823074341,0.8172793984413147
80,0.6253128051757812,0.8819371461868286,0.9649220108985901,0.9415857195854187,0.930476188659668,0.9424353837966919,0.9954746961593628,0.971771240234375,0.9453392624855042,0.9176411628723145,0.9435868263244629,0.9218358993530273,0.9921572208404541,0.9602311849594116,0.9459409713745117,0.9276190400123596,0.9968559145927429,0.9936181902885437,0.800000011920929,0.9610583186149597,0.9514890313148499,0.9048933982849121,0.9219285249710083,0.5,0.9265034198760986,0.8915857672691345,0.894878625869751,0.9066065549850464,0.9242057800292969,0.9927095174789429,0.9777489304542542,0.9948329925537109,0.9942804574966431,0.9905502796173096,0.9286906719207764,0.9538562297821045,0.9611659646034241,0.9517803192138672,0.9447624087333679,0.9525139331817627,0.9543683528900146,0.957334041595459,0.9613239169120789,0.9379642009735107,0.8112132549285889,0.8918198347091675,4.816750526428223,0.7917890548706055,0.8112132549285889

81,0.6061423420906067,0.9680066108703613,0.9362371563911438,0.913620114326477,0.9969495534896851,0.9258679151535034,0.9351835250854492,0.9957501888275146,0.9702856540679932,0.972704291343689,0.9648783206939697,0.9930850267410278,0.9687167406082153,0.9759354591369629,0.9375807046890259,0.9954780340194702,0.9948387145996094,0.994534969329834,0.749907910823822,0.9463871717453003,0.9530524015426636,0.8998398184776306,0.9231206178665161,0.5,0.9227020740509033,0.8981887102127075,0.9053618907928467,0.9076923131942749,0.9249594211578369,0.991981565952301,0.9747269153594971,0.9951115846633911,0.9927054643630981,0.9884216785430908,0.9398412704467773,0.9553622007369995,0.9596984386444092,0.9620593786239624,0.9481570720672607,0.9530699253082275,0.9553056955337524,0.9476146697998047,0.9599553346633911,0.9555328488349915,0.8374999761581421,0.8936121463775635,4.9442970752716064,0.8103179335594177,0.8374999761581421

82,0.6280180811882019,0.9474121928215027,0.9923431873321533,0.9701793193817139,0.9172710180282593,0.9936287999153137,0.9694548845291138,0.9752280712127686,0.9664454460144043,0.9935424327850342,0.9413090944290161,0.9517821073532104,0.9915192127227783,0.9947426319122314,0.970746636390686,0.9952073693275452,0.9969574213027954,0.9942635297775269,0.9163906574249268,0.9565258026123047,0.9514720439910889,0.8955949544906616,0.9235674738883972,0.5,0.9300552606582642,0.8947119116783142,0.9070872068405151,0.900978147983551,0.9225432872772217,0.9914143085479736,0.9753749370574951,0.9737198352813721,0.9933578968048096,0.9901182055473328,0.9951949715614319,0.9508762359619141,0.9597433805465698,0.9624046087265015,0.955574095249176,0.9548326730728149,0.9488812685012817,0.9404017329216003,0.9572411179542542,0.9549431800842285,0.8158088326454163,0.8907628655433655,4.802650451660156,0.8056907653808594,0.8158088326454163
83,0.6200719475746155,0.9446014165878296,0.9701007604598999,0.9145456552505493,0.9245169162750244,0.9337083101272583,0.9707205295562744,0.9945602416992188,0.9698245525360107,0.9423431754112244,0.9959409236907959,0.9926226139068604,0.934445858001709,0.9958479404449463,0.9695571660995483,0.9949262142181396,0.9962142109870911,0.9948157668113708,0.9164822101593018,0.9545369744300842,0.9553187489509583,0.9074743390083313,0.9205753803253174,0.5,0.925485372543335,0.8974676132202148,0.9018112421035767,0.8985257148742676,0.9232527017593384,0.9901309609413147,0.9775124788284302,0.971643328666687,0.993723452091217,0.9895331859588623,0.9947426319122314,0.9510024785995483,0.9549424052238464,0.9523133635520935,0.9477603435516357,0.9459002017974854,0.95652174949646,0.9605507850646973,0.9554566144943237,0.9533543586730957,0.8194853067398071,0.8904181718826294,5.0031819343566895,0.7953832745552063,0.8194853067398071
84,0.6167653799057007,0.9980634450912476,0.9916974306106567,0.897327184677124,0.9760295152664185,0.9929876327514648,0.9930760860443115,0.9945611953735352,0.9294188022613525,0.959754228591919,0.9780778288841248,0.9928940534591675,0.9927095174789429,0.9939125776290894,0.9723151922225952,0.9685190916061401,0.9730533361434937,0.9949073791503906,0.9369468688964844,0.9560583829879761,0.9547325372695923,0.9047166109085083,0.9200557470321655,0.5,0.9286257028579712,0.8988593220710754,0.8997145891189575,0.8974114656448364,0.927177906036377,0.9931784868240356,0.978176474571228,0.9923417568206787,0.9897469282150269,0.9880356192588806,0.9959431886672974,0.9542141556739807,0.9588837623596191,0.963577389717102,0.9589600563049316,0.9558385610580444,0.954401969909668,0.9596953988075256,0.9601300954818726,0.9551794528961182,0.8170955777168274,0.8921644687652588,5.119691848754883,0.8095170855522156,0.8170955777168274
85,0.6137640476226807,0.9405529499053955,0.9663283824920654,0.9975073933601379,0.9283113479614258,0.9465166330337524,0.9918729066848755,0.9435868263244629,0.9313978552818298,0.9938271641731262,0.9945582151412964,0.9371592998504639,0.9699536561965942,0.9934489727020264,0.967689037322998,0.963587760925293,0.9961283206939697,0.9965803623199463,0.9164826273918152,0.9575797319412231,0.9581930637359619,0.9126712083816528,0.9188930988311768,0.5,0.9289257526397705,0.8953245878219604,0.8982081413269043,0.8971438407897949,0.9254428148269653,0.9918893575668335,0.9763269424438477,0.992529034614563,0.9903881549835205,0.9868518114089966,0.9949290156364441,0.9492063522338867,0.9591230154037476,0.963076651096344,0.9478532075881958,0.9427829384803772,0.951301097869873,0.9484937191009521,0.9559754133224487,0.9518049955368042,0.8180146813392639,0.8898897171020508,4.908670425415039,0.7939589023590088,0.8180146813392639
86,0.6122065186500549,0.9554714560508728,0.992708146572113,0.9585831761360168,0.9951089024543762,0.945184051990509,0.9917851090431213,0.9965002536773682,0.9580609798431396,0.9667813777923584,0.9390958547592163,0.9689114093780518,0.9925304651260376,0.9666892290115356,0.9324299097061157,0.9954872131347656,0.9968669414520264,0.9947271347045898,0.8997237682342529,0.9571348428726196,0.9578839540481567,0.9015281796455383,0.9184083938598633,0.5,0.922024130821228,0.9044215679168701,0.8986358642578125,0.8958373069763184,0.9245948791503906,0.990391731262207,0.9764019846916199,0.9666974544525146,0.9885503053665161,0.9858096837997437,0.9957541227340698,0.9521893858909607,0.9574962854385376,0.9576758742332458,0.9533370733261108,0.9534063339233398,0.9491146206855774,0.957543671131134,0.950251579284668,0.9425944685935974,0.8204044103622437,0.8906939029693604,4.942366600036621,0.8010787963867188,0.8204044103622437
87,0.5990508794784546,0.9962198138237,0.9604535102844238,0.9956705570220947,0.995292603969574,0.9657748937606812,0.9695844650268555,0.9950175285339355,0.9296033382415771,0.8772448301315308,0.962573766708374,0.9736105799674988,0.992434024810791,0.9747194051742554,0.9716693162918091,0.9425722360610962,0.9958471655845642,0.9951887130737305,0.8888888955116272,0.956749677658081,0.9667102098464966,0.9078747630119324,0.9221979379653931,0.5,0.9213429689407349,0.8923240900039673,0.9045150279998779,0.9019310474395752,0.9238067865371704,0.9897563457489014,0.9781521558761597,0.9373437166213989,0.988389253616333,0.987689733505249,0.9953908920288086,0.9477863311767578,0.9550185799598694,0.9589767456054688,0.9401569366455078,0.9517601132392883,0.9474027156829834,0.956412672996521,0.9411987066268921,0.9488540887832642,0.8207720518112183,0.8938648700714111,4.943159341812134,0.7964994311332703,0.8207720518112183
88,0.58428555727005,0.8896639943122864,0.9903011322021484,0.9973267316818237,0.9611366987228394,0.9723368287086487,0.9932706356048584,0.9948282241821289,0.99704909324646,0.9728889465332031,0.9953933954238892,0.9506669044494629,0.9907748699188232,0.9928150177001953,0.9938157796859741,0.9358289241790771,0.9964002370834351,0.9937013387680054,0.8999080061912537,0.954995334148407,0.9565014243125916,0.9135531783103943,0.9212080836296082,0.5,0.935771107673645,0.8930470943450928,0.9071822166442871,0.9073337316513062,0.9304314851760864,0.9879195690155029,0.9746296405792236,0.9923403263092041,0.9908671379089355,0.9857169389724731,0.995389997959137,0.958838939666748,0.9573953151702881,0.9631109237670898,0.9464990496635437,0.9441179037094116,0.9521512985229492,0.9543063640594482,0.9454855918884277,0.9500929117202759,0.825551450252533,0.8940027952194214,4.8613739013671875,0.7963609099388123,0.825551450252533
89,0.5997954607009888,0.9302918910980225,0.9893107414245605,0.9023629426956177,0.9513528347015381,0.9906912446022034,0.9918938875198364,0.9948244094848633,0.9975101351737976,0.9717811346054077,0.9496543407440186,0.9603613615036011,0.9910500049591064,0.9940025806427002,0.9534512758255005,0.9405157566070557,0.9960295557975769,0.9944372177124023,0.944352388381958,0.9519879817962646,0.958715558052063,0.9117926359176636,0.9256858825683594,0.5,0.9320905208587646,0.9040874242782593,0.9082547426223755,0.910815954208374,0.9233511686325073,0.9869757890701294,0.9743518829345703,0.9908604025840759,0.9915285110473633,0.9832993149757385,0.9948339462280273,0.9504572153091431,0.9575909376144409,0.9605434536933899,0.9516459107398987,0.9565379023551941,0.9528354406356812,0.9490671753883362,0.9541573524475098,0.9472020864486694,0.8244485259056091,0.890900731086731,5.064024925231934,0.818004310131073,0.8244485259056091
90,0.5989407300949097,0.9759371876716614,0.9753143787384033,0.9616134166717529,0.9941924810409546,0.9916897416114807,0.9935495853424072,0.9664899706840515,0.8791259527206421,0.9515974521636963,0.9942836165428162,0.9659594297409058,0.9910483360290527,0.9662132859230042,0.9956690073013306,0.9930837154388428,0.9963140487670898,0.9937153458595276,0.8747240304946899,0.9509913921356201,0.9547494649887085,0.9107200503349304,0.9325946569442749,0.5000947713851929,0.9288862943649292,0.896371603012085,0.9048980474472046,0.9068459272384644,0.918735682964325,0.9873476028442383,0.9765032529830933,0.9906895160675049,0.9915144443511963,0.9836885929107666,0.9605997800827026,0.9507766962051392,0.9587743878364563,0.9588289856910706,0.9509749412536621,0.9270124435424805,0.9550864696502686,0.9527316689491272,0.9562104940414429,0.9488108158111572,0.820588231086731,0.8909466862678528,4.925494194030762,0.7864503860473633,0.820588231086731

91,0.5936797261238098,0.9943695664405823,0.9863519072532654,0.9138079285621643,0.9948329925537109,0.9897544384002686,0.9939125776290894,0.9617440700531006,0.9615141153335571,0.9908822774887085,0.9948234558105469,0.9533199667930603,0.9898486137390137,0.971967339515686,0.9725381135940552,0.9737211465835571,0.9946464896202087,0.9948167204856873,0.9089988470077515,0.948369026184082,0.9555057287216187,0.916935920715332,0.9238373637199402,0.5,0.9340125322341919,0.9077200293540955,0.9015568494796753,0.9093578457832336,0.9254734516143799,0.9834070801734924,0.978180468082428,0.9727987051010132,0.9923502206802368,0.9835124015808105,0.9933591485023499,0.9517519474029541,0.9578380584716797,0.9599776268005371,0.9529532194137573,0.949089527130127,0.9527654051780701,0.9500372409820557,0.9539375901222229,0.9468460083007812,0.8187500238418579,0.8926700353622437,4.9099321365356445,0.7949374914169312,0.8187500238418579
92,0.6130214333534241,0.9955637454986572,0.9669077396392822,0.9968611598014832,0.8941881656646729,0.9899483919143677,0.9710896015167236,0.9940047860145569,0.9733044505119324,0.992522120475769,0.9918879270553589,0.9655903577804565,0.9624472260475159,0.9913395643234253,0.9643251895904541,0.9550191164016724,0.9942846298217773,0.994620680809021,0.999723494052887,0.9494119882583618,0.9580771327018738,0.9104363918304443,0.9214164018630981,0.5,0.9303122758865356,0.8983824849128723,0.9052611589431763,0.9106905460357666,0.9290181994438171,0.9850360155105591,0.9649331569671631,0.9675538539886475,0.9913268089294434,0.9826884269714355,0.9943685531616211,0.9466953277587891,0.9519826173782349,0.9548069834709167,0.9505484104156494,0.9526511430740356,0.9517298936843872,0.9520573616027832,0.9554134607315063,0.9496931433677673,0.8128676414489746,0.8902114033699036,4.998056411743164,0.8064073920249939,0.8128676414489746
93,0.5936262011528015,0.9952986836433411,0.9905086755752563,0.9196680784225464,0.9947456121444702,0.9467012882232666,0.992712140083313,0.9938225746154785,0.9172710180282593,0.9910417795181274,0.969280481338501,0.9942836165428162,0.9911373853683472,0.9660437107086182,0.9243271350860596,0.9932756423950195,0.9948329925537109,0.9941666722297668,0.999539852142334,0.9554787874221802,0.9634647369384766,0.9115980267524719,0.9266020059585571,0.5,0.9241081476211548,0.8978005647659302,0.9030360579490662,0.9044398069381714,0.9283542633056641,0.98525071144104,0.9727424383163452,0.9902286529541016,0.9903029203414917,0.9841784238815308,0.9933542609214783,0.9458169937133789,0.9554768800735474,0.9573932886123657,0.9384154081344604,0.9460338354110718,0.9481831789016724,0.951033353805542,0.9540294408798218,0.9485937356948853,0.8213235139846802,0.8939797878265381,4.905134201049805,0.7902907729148865,0.8213235139846802
94,0.589917778968811,0.9951187968254089,0.9899427890777588,0.9136268496513367,0.9675967693328857,0.9899464845657349,0.9552735090255737,0.99317467212677,0.9960331916809082,0.9902322292327881,0.9901163578033447,0.9683210849761963,0.9877125024795532,0.9626590609550476,0.9948301315307617,0.9727344512939453,0.9591253995895386,0.9937997460365295,0.9998158812522888,0.9542990922927856,0.9501004219055176,0.9157493710517883,0.9254634380340576,0.5,0.9319908618927002,0.8964401483535767,0.9062856435775757,0.903262734413147,0.9216802716255188,0.9615198373794556,0.9731662273406982,0.9886573553085327,0.9898598790168762,0.9856640696525574,0.9935364723205566,0.9497661590576172,0.9418171644210815,0.9578380584716797,0.9506126642227173,0.9527127742767334,0.9547057747840881,0.9445068836212158,0.9585738182067871,0.9398733973503113,0.8233456015586853,0.8927849531173706,4.8833794593811035,0.8041702508926392,0.8233456015586853
95,0.5721043348312378,0.9702715873718262,0.9908654689788818,0.9299231767654419,0.9480855464935303,0.9911537170410156,0.9931771755218506,0.993820309638977,0.9769553542137146,0.9629082679748535,0.9916236996650696,0.9534114003181458,0.9894814491271973,0.992624044418335,0.970905065536499,0.9570814371109009,0.9944710731506348,0.9935064911842346,0.9581490755081177,0.950242280960083,0.960573136806488,0.9174876809120178,0.9317280054092407,0.5,0.9330604076385498,0.9026085138320923,0.9066311120986938,0.9035021066665649,0.9277154207229614,0.9832320213317871,0.9727205038070679,0.9904841184616089,0.9918062686920166,0.9875903129577637,0.9941871166229248,0.9483436346054077,0.9515709280967712,0.9578996300697327,0.9379560947418213,0.9500464200973511,0.9520535469055176,0.9506884813308716,0.950437068939209,0.9445065259933472,0.8290441036224365,0.8939108848571777,4.890788793563843,0.817535400390625,0.8290441036224365
96,0.5745230317115784,0.9522758722305298,0.9892145991325378,0.9959431886672974,0.9931734204292297,0.9908519983291626,0.9928966760635376,0.9943695664405823,0.9423431754112244,0.9898580312728882,0.9936323165893555,0.9895737171173096,0.9876497983932495,0.9918683767318726,0.96970534324646,0.9484914541244507,0.9948396682739258,0.9931620359420776,0.9999079704284668,0.9545964002609253,0.9546816349029541,0.9184994697570801,0.9260637164115906,0.5,0.9328598380088806,0.9019216299057007,0.9030941724777222,0.9088053703308105,0.9339783787727356,0.9853131771087646,0.9769529700279236,0.9901418685913086,0.9941914081573486,0.9877935647964478,0.9932706356048584,0.9473634958267212,0.9537432789802551,0.958069920539856,0.9463355541229248,0.9507251977920532,0.9514780044555664,0.954993486404419,0.9488182067871094,0.9429367780685425,0.824999988079071,0.8969669342041016,4.868410110473633,0.7964394688606262,0.824999988079071
97,0.574073076248169,0.9719201922416687,0.9891164302825928,0.9750303030014038,0.9430938959121704,0.9892086386680603,0.9930888414382935,0.9696394205093384,0.9678879976272583,0.9544258117675781,0.9934477806091309,0.9888479709625244,0.9882538318634033,0.9899371862411499,0.9933591485023499,0.9901961088180542,0.9960331916809082,0.9925028085708618,0.9997238516807556,0.9514018297195435,0.9532474875450134,0.916017472743988,0.9284628629684448,0.5,0.9341254830360413,0.8973749279975891,0.9044391512870789,0.9109485149383545,0.9297693967819214,0.984043538570404,0.9766087532043457,0.9906809329986572,0.9603613615036011,0.9865039587020874,0.9927067756652832,0.9452234506607056,0.9561827182769775,0.9594972133636475,0.9526070356369019,0.9515410661697388,0.9513077735900879,0.9538018107414246,0.9561663866043091,0.9432855248451233,0.8261029124259949,0.8952205777168274,4.932934761047363,0.8041481971740723,0.8261029124259949
98,0.5823616981506348,0.9955711364746094,0.9888520240783691,0.9727507829666138,0.9013643264770508,0.9903208017349243,0.993823766708374,0.9929032325744629,0.9945572018623352,0.9909660816192627,0.9713195562362671,0.9892870187759399,0.9867984056472778,0.9665385484695435,0.99364173412323,0.9875369071960449,0.9951097965240479,0.994270920753479,0.9371318221092224,0.9490177631378174,0.9489932060241699,0.9109523892402649,0.9275979995727539,0.5,0.9324632883071899,0.896669864654541,0.9016377925872803,0.9054362177848816,0.9251810908317566,0.9842250943183899,0.9771718978881836,0.9673058986663818,0.9914206266403198,0.9881371259689331,0.9929084777832031,0.948543131351471,0.9589691162109375,0.958541989326477,0.9502782821655273,0.9583796858787537,0.9529970288276672,0.9558905363082886,0.9556009769439697,0.9459083080291748,0.8196691274642944,0.8909926414489746,5.031306743621826,0.8025455474853516,0.8196691274642944
99,0.5909811854362488,0.9659514427185059,0.9898542761802673,0.9951179027557373,0.9921543598175049,0.9894931316375732,0.9938169121742249,0.9931709170341492,0.9941881895065308,0.9570081233978271,0.9898449182510376,0.9692086577415466,0.9863519072532654,0.9867085218429565,0.9930837154388428,0.9858856201171875,0.9940015077590942,0.9926797747612,0.9997237920761108,0.9493552446365356,0.9519866108894348,0.9160958528518677,0.9369070529937744,0.5,0.9243079423904419,0.8975331783294678,0.9032044410705566,0.906428337097168,0.9242979884147644,0.9830321073532104,0.9729228615760803,0.9651341438293457,0.9897563457489014,0.9857460260391235,0.9649370908737183,0.9474668502807617,0.9550269842147827,0.9598032236099243,0.9465215802192688,0.9544694423675537,0.9460238218307495,0.9535595178604126,0.9506425857543945,0.9430485963821411,0.8167279362678528,0.8922104835510254,4.9672935009002686,0.7996577620506287,0.8167279362678528
100,0.5798856616020203,0.9641139507293701,0.9897733926773071,0.9387270212173462,0.993639349937439,0.9616172313690186,0.9904077053070068,0.991984486579895,0.9768447279930115,0.9898617267608643,0.9904094338417053,0.9859830141067505,0.9881787896156311,0.9881875514984131,0.9928888082504272,0.9871747493743896,0.9929006099700928,0.99323570728302,0.9996316432952881,0.9528830051422119,0.9599215388298035,0.9067822098731995,0.9285714626312256,0.5,0.9334723353385925,0.901990532875061,0.9131996631622314,0.9062203168869019,0.9327179193496704,0.9826568365097046,0.9730605483055115,0.9881765842437744,0.9884814023971558,0.9838470220565796,0.9924354553222656,0.9489891529083252,0.9453694820404053,0.956845223903656,0.9490766525268555,0.9518587589263916,0.9471287727355957,0.9578458666801453,0.9475641250610352,0.9427722096443176,0.823161780834198,0.8938419222831726,4.9190919399261475,0.8088124394416809,0.823161780834198

101,0.5672215223312378,0.9928992986679077,0.9914222359657288,0.9954763650894165,0.939159631729126,0.9914206266403198,0.9924396276473999,0.9942909479141235,0.9929006099700928,0.9896640777587891,0.990397036075592,0.9050472974777222,0.987456202507019,0.9885503053665161,0.9705075025558472,0.9888375997543335,0.9923417568206787,0.9925994873046875,0.9283874034881592,0.9497379064559937,0.9537712931632996,0.9086318612098694,0.9259961843490601,0.5,0.9326871633529663,0.8992949724197388,0.9096742868423462,0.9039576053619385,0.9255197048187256,0.9833856821060181,0.963085949420929,0.9867134094238281,0.9593473672866821,0.9827841520309448,0.9935472011566162,0.9467766284942627,0.945284366607666,0.9575814008712769,0.9477736949920654,0.9517625570297241,0.948911190032959,0.9589295387268066,0.9489947557449341,0.9462195634841919,0.8257352709770203,0.8937729597091675,5.150390625,0.7978097796440125,0.8257352709770203
102,0.581157922744751,0.9341828227043152,0.9636460542678833,0.9953823089599609,0.9633111953735352,0.9901236891746521,0.9928044080734253,0.9951143264770508,0.9754909873008728,0.988189697265625,0.9922523498535156,0.9889421463012695,0.9887598752975464,0.9868007898330688,0.968292236328125,0.9879017472267151,0.9930862784385681,0.9932482242584229,0.8748157620429993,0.9454828500747681,0.9556074738502502,0.9133955836296082,0.9326959848403931,0.5,0.9291398525238037,0.8932251930236816,0.9090137481689453,0.9062440395355225,0.9236640930175781,0.9550529718399048,0.9741731882095337,0.9869099855422974,0.990964412689209,0.983948826789856,0.9929071664810181,0.9460169076919556,0.9491723775863647,0.9471449851989746,0.9517747759819031,0.9530176520347595,0.946792721748352,0.9545961618423462,0.9465947151184082,0.9473732709884644,0.8233456015586853,0.8922104835510254,4.910752534866333,0.8033901453018188,0.8233456015586853
103,0.5683139562606812,0.9926171898841858,0.9904981851577759,0.9068781137466431,0.992693305015564,0.9892988801002502,0.9928057193756104,0.9604154825210571,0.9725381135940552,0.9889441728591919,0.9899501800537109,0.9516803026199341,0.9901418685913086,0.9618782997131348,0.9923459887504578,0.9884494543075562,0.9734452962875366,0.9939859509468079,0.9537165760993958,0.9390714168548584,0.9438433051109314,0.9142884016036987,0.9305158853530884,0.5,0.9360432028770447,0.8993549346923828,0.9070804715156555,0.9120784997940063,0.9307531714439392,0.9788901209831238,0.9699130058288574,0.9859142303466797,0.9899334907531738,0.9818384051322937,0.9918639063835144,0.9446107745170593,0.9546468257904053,0.9577124118804932,0.951543927192688,0.9521996974945068,0.9507068395614624,0.9569253921508789,0.9481474161148071,0.9376128911972046,0.8229779601097107,0.8936580419540405,4.868901252746582,0.8009054064750671,0.8229779601097107
104,0.5741329193115234,0.971412718296051,0.9906774759292603,0.9730747938156128,0.9568970799446106,0.9870800971984863,0.9893970489501953,0.9469371438026428,0.9928084015846252,0.962339460849762,0.9891144037246704,0.987892746925354,0.9900350570678711,0.9866186380386353,0.9890302419662476,0.9841357469558716,0.9914095401763916,0.9941710233688354,0.9996316432952881,0.9399065375328064,0.9562371373176575,0.9214272499084473,0.9264483451843262,0.5,0.9319576025009155,0.9087376594543457,0.910349428653717,0.9094884991645813,0.9313531517982483,0.9832227230072021,0.9692535400390625,0.9873639345169067,0.988000750541687,0.9823246002197266,0.9910533428192139,0.938951313495636,0.9526022672653198,0.9534904956817627,0.9483463764190674,0.9510314464569092,0.9385729432106018,0.9552724361419678,0.9347484111785889,0.9339917302131653,0.8211396932601929,0.8930606842041016,5.0809290409088135,0.8163485527038574,0.8211396932601929
105,0.5497965812683105,0.9908654689788818,0.9885650873184204,0.9940991997718811,0.9917865991592407,0.9660409688949585,0.9561766386032104,0.994927167892456,0.9752002954483032,0.965579628944397,0.990402340888977,0.9470032453536987,0.9904200434684753,0.989395022392273,0.9679785966873169,0.9886698722839355,0.9914222359657288,0.994813859462738,0.9996318817138672,0.9443614482879639,0.9572202563285828,0.9134746789932251,0.928773045539856,0.5,0.9312345385551453,0.897348165512085,0.9076499938964844,0.9032410383224487,0.9249666929244995,0.9570986032485962,0.9742592573165894,0.9880228042602539,0.9883720874786377,0.9858359694480896,0.9899278879165649,0.941853940486908,0.9472957253456116,0.9553488492965698,0.9515558481216431,0.9514508843421936,0.9471831321716309,0.9449990391731262,0.9488962888717651,0.9485581517219543,0.8327205777168274,0.8937729597091675,4.962250232696533,0.807974636554718,0.8327205777168274
106,0.5559337139129639,0.9645681977272034,0.9725017547607422,0.9539981484413147,0.9919726848602295,0.988389253616333,0.9931834936141968,0.9632190465927124,0.9934453368186951,0.9897639155387878,0.9905051589012146,0.9534121155738831,0.9918909072875977,0.9889298677444458,0.9719667434692383,0.988745391368866,0.9882733225822449,0.9923148155212402,0.9639171361923218,0.94724041223526,0.9584972858428955,0.917600154876709,0.9277737140655518,0.5000948905944824,0.9374644756317139,0.9009172916412354,0.9040836095809937,0.904798150062561,0.9280828237533569,0.9813618659973145,0.9720830917358398,0.9890261888504028,0.9872717261314392,0.9808084964752197,0.9894833564758301,0.9449635744094849,0.951040506362915,0.9558196067810059,0.9496382474899292,0.9503710269927979,0.9513463377952576,0.9558057188987732,0.9508379697799683,0.9433804750442505,0.831250011920929,0.8932674527168274,5.026899099349976,0.8256494402885437,0.831250011920929
107,0.562290370464325,0.9920678734779358,0.9880272746086121,0.9946514368057251,0.9919756650924683,0.9888437986373901,0.993265688419342,0.993820309638977,0.959754228591919,0.9360236525535583,0.9880073666572571,0.990304708480835,0.9593855738639832,0.9877306222915649,0.9905068874359131,0.9602618217468262,0.9901309609413147,0.9939770102500916,0.9996316432952881,0.9448598027229309,0.9567047357559204,0.9098769426345825,0.920763373374939,0.5,0.9352257251739502,0.8974407911300659,0.8990311622619629,0.9023184776306152,0.9267980456352234,0.9832165241241455,0.9737865924835205,0.9904963970184326,0.9878251552581787,0.9842970371246338,0.9886468648910522,0.9361704587936401,0.954147219657898,0.9604676961898804,0.9516009092330933,0.9302783012390137,0.9472706913948059,0.9560327529907227,0.9514094591140747,0.9430697560310364,0.8270220756530762,0.8906709551811218,4.939510822296143,0.8042330145835876,0.8270220756530762
108,0.5652500987052917,0.9915176033973694,0.9881983995437622,0.9723650813102722,0.9630005359649658,0.9886531233787537,0.9897544384002686,0.9929019212722778,0.9910598993301392,0.9889258146286011,0.9884792566299438,0.9616938233375549,0.9908604025840759,0.9873663187026978,0.9908638000488281,0.9226421117782593,0.9874353408813477,0.9934283494949341,0.9993555545806885,0.9440389275550842,0.9586985111236572,0.9104633331298828,0.9219222068786621,0.5,0.9324761629104614,0.8971759080886841,0.9088230133056641,0.9054796695709229,0.9297678470611572,0.9815531969070435,0.9721296429634094,0.9874700307846069,0.9896812438964844,0.9847391843795776,0.9886552095413208,0.9411214590072632,0.9484267234802246,0.9584881067276001,0.9496188759803772,0.954317569732666,0.9508729577064514,0.9531424045562744,0.9490232467651367,0.9349374175071716,0.8123161792755127,0.893910825252533,5.044649362564087,0.7954447865486145,0.8123161792755127
109,0.5661976337432861,0.9894833564758301,0.9651833772659302,0.9657748937606812,0.9913235902786255,0.9897620677947998,0.9908705353736877,0.9940969944000244,0.9929953813552856,0.9134030342102051,0.9659594297409058,0.958886444568634,0.9887308478355408,0.9875369071960449,0.9653136730194092,0.9896450042724609,0.9876360893249512,0.9936122894287109,0.9995396137237549,0.9428223967552185,0.9601563811302185,0.913658857345581,0.9305107593536377,0.5,0.9286933541297913,0.8983501195907593,0.9030094146728516,0.9123555421829224,0.9285578727722168,0.9807302355766296,0.9699777364730835,0.9887474775314331,0.9883871078491211,0.9847979545593262,0.9699353575706482,0.9443511962890625,0.9508439898490906,0.9574053287506104,0.9489777088165283,0.9507815837860107,0.9476473927497864,0.9435242414474487,0.9537432789802551,0.9427112340927124,0.8189338445663452,0.8897518515586853,5.205318450927734,0.8073213696479797,0.8189338445663452
110,0.5536298751831055,0.9926199316978455,0.9878228902816772,0.9923403263092041,0.9565284252166748,0.9638376235961914,0.9903261661529541,0.993456244468689,0.970166802406311,0.9495660066604614,0.9891244173049927,0.9879262447357178,0.9879329204559326,0.988079845905304,0.9892969131469727,0.9892126321792603,0.9874538779258728,0.9934283494949341,0.9999079704284668,0.946155309677124,0.9630321264266968,0.9137243628501892,0.9194285869598389,0.5,0.9344691038131714,0.8984845280647278,0.900629997253418,0.9081885814666748,0.9268338680267334,0.9782086610794067,0.9716298580169678,0.9858725666999817,0.9870848655700684,0.9818552136421204,0.9869830012321472,0.946097731590271,0.9542168378829956,0.9556549191474915,0.9485799074172974,0.9447034597396851,0.9455491304397583,0.955388605594635,0.9482501745223999,0.934188187122345,0.8297793865203857,0.8943474292755127,4.9779675006866455,0.8091226816177368,0.8297793865203857

111,0.5615724921226501,0.9907783269882202,0.9888314604759216,0.9676095247268677,0.9907765984535217,0.9883828163146973,0.9916943311691284,0.9935448169708252,0.992708146572113,0.9657803773880005,0.943061888217926,0.9886656999588013,0.9898449182510376,0.9871771335601807,0.9908722043037415,0.989495038986206,0.9873709678649902,0.9928717017173767,0.9573200941085815,0.9496731758117676,0.9583021402359009,0.9136916399002075,0.9269726872444153,0.5,0.9338458776473999,0.8987245559692383,0.9040394425392151,0.9033209085464478,0.9324042797088623,0.9771006107330322,0.9723199605941772,0.9860726594924927,0.9882027506828308,0.9827650189399719,0.9883849620819092,0.9499534368515015,0.9561663866043091,0.9589219093322754,0.9517747759819031,0.9458982944488525,0.939018964767456,0.9587600231170654,0.9482533931732178,0.941165566444397,0.8147059082984924,0.8928079009056091,4.960336685180664,0.8021066784858704,0.8147059082984924
112,0.5503911375999451,0.9928940534591675,0.9871795177459717,0.990402340888977,0.9514039754867554,0.968292236328125,0.9664206504821777,0.9931834936141968,0.9615597724914551,0.9844009876251221,0.9891204237937927,0.9483849406242371,0.9879173636436462,0.9887433052062988,0.9886468648910522,0.9894717335700989,0.9878071546554565,0.9925980567932129,0.9994479417800903,0.9530753493309021,0.9569480419158936,0.9091945290565491,0.9256653785705566,0.5,0.935716986656189,0.8977638483047485,0.9079521894454956,0.905678391456604,0.9338082075119019,0.9783329963684082,0.973981499671936,0.9860649704933167,0.9885545372962952,0.982146143913269,0.9889421463012695,0.9480859041213989,0.9554730653762817,0.9569013118743896,0.9524340629577637,0.9468598961830139,0.9455288648605347,0.9520586133003235,0.9493870735168457,0.940775990486145,0.8251838088035583,0.892417311668396,4.969862937927246,0.810417652130127,0.8251838088035583
113,0.5558995604515076,0.991963803768158,0.9862571358680725,0.990134596824646,0.9906860589981079,0.9693010449409485,0.9893931150436401,0.9913203716278076,0.9917851090431213,0.985161304473877,0.9892870187759399,0.9653028249740601,0.964380145072937,0.9859623312950134,0.9895833730697632,0.9877396821975708,0.9863519072532654,0.9917622804641724,0.9991709589958191,0.9480568170547485,0.9477677941322327,0.9184545278549194,0.9251377582550049,0.5,0.9279451370239258,0.8949753046035767,0.9017069339752197,0.8968209028244019,0.9324042797088623,0.9782568216323853,0.9728703498840332,0.948639988899231,0.9878138899803162,0.9808940887451172,0.9913427829742432,0.9501400589942932,0.9460623264312744,0.9544101357460022,0.9516309499740601,0.9483271241188049,0.9469232559204102,0.9580627083778381,0.9409232139587402,0.9385344982147217,0.8244485259056091,0.8935431838035583,5.087619781494141,0.8208490610122681,0.8244485259056091
114,0.564037024974823,0.9628006219863892,0.9890201091766357,0.9738280177116394,0.991984486579895,0.9623615741729736,0.9902340173721313,0.9918789267539978,0.9920678734779358,0.9868227243423462,0.9881809949874878,0.9902195930480957,0.9884707927703857,0.9100863337516785,0.9891946911811829,0.9906008243560791,0.9863519072532654,0.9924004077911377,0.9993550777435303,0.9374887943267822,0.9586206674575806,0.9176950454711914,0.9268662333488464,0.5,0.9298478960990906,0.9008595943450928,0.9067208766937256,0.9061667323112488,0.928149938583374,0.9759180545806885,0.9686805009841919,0.9847757816314697,0.9869099855422974,0.9790164232254028,0.9889380931854248,0.9457314014434814,0.9555328488349915,0.9527757167816162,0.9492013454437256,0.9445064067840576,0.9439173936843872,0.9517029523849487,0.949034571647644,0.9363484382629395,0.8170955777168274,0.888511061668396,5.063860177993774,0.804602324962616,0.8170955777168274
115,0.5448855757713318,0.9888211488723755,0.9847729802131653,0.9878273606300354,0.9893068075180054,0.9837548732757568,0.9879963397979736,0.9883613586425781,0.990221381187439,0.9342712163925171,0.9861598014831543,0.9861598014831543,0.9856905341148376,0.9861700534820557,0.9868785738945007,0.9888355731964111,0.9856905341148376,0.9902759790420532,0.999171257019043,0.9461480975151062,0.9584112167358398,0.9256268739700317,0.9301145076751709,0.5,0.9339568614959717,0.8962881565093994,0.9105954170227051,0.9070737361907959,0.9335989356040955,0.976001501083374,0.9718153476715088,0.9866433143615723,0.9870991706848145,0.9783172607421875,0.9900369048118591,0.9469555616378784,0.955980658531189,0.9517145156860352,0.9496936798095703,0.9386880397796631,0.9439582824707031,0.9452500343322754,0.9443824291229248,0.9398698806762695,0.8222426176071167,0.8911075592041016,4.887739896774292,0.8155919909477234,0.8222426176071167
116,0.5471609830856323,0.9632617831230164,0.9888499975204468,0.9906774759292603,0.9908722043037415,0.9887557625770569,0.9899501800537109,0.9909577369689941,0.9939204454421997,0.989112377166748,0.9883871078491211,0.9893068075180054,0.9867109656333923,0.9896659851074219,0.9868955612182617,0.9899501800537109,0.9875438213348389,0.9923261404037476,0.9993553161621094,0.9431160092353821,0.9594846963882446,0.9171743988990784,0.9135609865188599,0.5000950694084167,0.9284627437591553,0.9024343490600586,0.9079397916793823,0.9073439836502075,0.9291443824768066,0.9753826260566711,0.9731481075286865,0.9860855340957642,0.9872599840164185,0.980940043926239,0.9899520874023438,0.9444444179534912,0.9577909708023071,0.9566468596458435,0.9516638517379761,0.9479940533638,0.9452500343322754,0.9530407190322876,0.9474173188209534,0.9378714561462402,0.8251838088035583,0.8940257430076599,4.927956581115723,0.7974867820739746,0.8251838088035583
117,0.5415127277374268,0.988903284072876,0.9624316692352295,0.9880095720291138,0.991705060005188,0.9866112470626831,0.9883913993835449,0.9888499975204468,0.9930850267410278,0.9866236448287964,0.988460123538971,0.9885672330856323,0.987849771976471,0.9892046451568604,0.9867984056472778,0.9880073666572571,0.9851503372192383,0.9930452108383179,0.9535323977470398,0.9439042806625366,0.9554288983345032,0.9101710915565491,0.9163806438446045,0.5,0.9283011555671692,0.8987361788749695,0.8992771506309509,0.9026060104370117,0.9297008514404297,0.9777675271034241,0.9751202464103699,0.9879240393638611,0.9892106056213379,0.9824870228767395,0.9912426471710205,0.9366982579231262,0.9536657929420471,0.9496376514434814,0.9529827237129211,0.9443206787109375,0.9459484815597534,0.9540485143661499,0.9514275193214417,0.9403567314147949,0.8279411792755127,0.892853856086731,4.941018342971802,0.8112718462944031,0.8279411792755127
118,0.5419593453407288,0.9859778881072998,0.9882971048355103,0.9890221357345581,0.9899390935897827,0.985161304473877,0.9885650873184204,0.9902087450027466,0.9939114451408386,0.9860752820968628,0.986364483833313,0.9888437986373901,0.970224916934967,0.9871865510940552,0.9870070219039917,0.9899427890777588,0.9841328859329224,0.9908367395401001,0.9991706609725952,0.9475009441375732,0.9542049169540405,0.9178977012634277,0.925082266330719,0.5,0.9300075769424438,0.9039226770401001,0.9050741195678711,0.9090215563774109,0.9229079484939575,0.9740631580352783,0.9714920520782471,0.988095223903656,0.9871039390563965,0.9794748425483704,0.9892145991325378,0.9478855133056641,0.9455170035362244,0.9444518089294434,0.9496188759803772,0.9476668834686279,0.9430297613143921,0.9553239345550537,0.950901985168457,0.9404010772705078,0.8218749761581421,0.8910385966300964,5.113527536392212,0.8030535578727722,0.8218749761581421
119,0.5568216443061829,0.986538827419281,0.9878995418548584,0.9874584674835205,0.9879873991012573,0.985161304473877,0.989389181137085,0.9886468648910522,0.9921615719795227,0.9859752655029297,0.9574036598205566,0.986987829208374,0.9851311445236206,0.986812949180603,0.9874330163002014,0.9854109287261963,0.9859907627105713,0.9920384883880615,0.99880051612854,0.942929208278656,0.9526246786117554,0.9186421632766724,0.9219373464584351,0.5,0.9356775283813477,0.8998469114303589,0.9044398069381714,0.9025826454162598,0.92556232213974,0.9725610017776489,0.9718362092971802,0.9855352640151978,0.9875599145889282,0.9823813438415527,0.9902250170707703,0.9451093673706055,0.9501299858093262,0.9556339383125305,0.9453883171081543,0.9379491806030273,0.9454629421234131,0.9530232548713684,0.9470260143280029,0.9392870664596558,0.8284926414489746,0.8906480073928833,4.998795986175537,0.8206705451011658,0.8284926414489746
120,0.532741129398346,0.9885609149932861,0.9883720874786377,0.990964412689209,0.9911553263664246,0.9897639155387878,0.9898561239242554,0.9896717071533203,0.993273138999939,0.9876406192779541,0.989585280418396,0.988095223903656,0.9857854843139648,0.9892046451568604,0.9856958389282227,0.9871913194656372,0.9883806705474854,0.9913777112960815,0.9978829026222229,0.9477667808532715,0.9578189253807068,0.9165245294570923,0.9315159320831299,0.5,0.9350464344024658,0.8947018384933472,0.8987463712692261,0.9104336500167847,0.9211962223052979,0.9700831174850464,0.9720214605331421,0.9851475954055786,0.9871629476547241,0.9795180559158325,0.9905886650085449,0.9469258189201355,0.9450777769088745,0.9568693041801453,0.9433506727218628,0.9485130310058594,0.9497398734092712,0.9537448883056641,0.9508654475212097,0.9432176351547241,0.8257352709770203,0.8954273462295532,4.905304908752441,0.8075456619262695,0.8257352709770203

121,0.5546964406967163,0.9891204237937927,0.9873522520065308,0.9910549521446228,0.9895756244659424,0.9878273606300354,0.9896659851074219,0.9885630011558533,0.9925332069396973,0.9895910024642944,0.9921702146530151,0.9855219125747681,0.9849741458892822,0.9638913869857788,0.9873616099357605,0.9879151582717896,0.9659216403961182,0.9905485510826111,0.9984346628189087,0.9442160129547119,0.9603025913238525,0.915237545967102,0.9248955249786377,0.5,0.9315447807312012,0.8931688666343689,0.8951719999313354,0.9021624326705933,0.9213284254074097,0.9692974090576172,0.9714655876159668,0.9835823774337769,0.9843952059745789,0.9751018285751343,0.9880051612854004,0.9452643394470215,0.9552377462387085,0.9589066505432129,0.9501392841339111,0.950380265712738,0.9498144388198853,0.9558303952217102,0.94921875,0.9451038837432861,0.8128676414489746,0.8937040567398071,4.870903968811035,0.7912001013755798,0.8128676414489746
122,0.5408818125724792,0.9885798692703247,0.9853348135948181,0.9895718097686768,0.9876429438591003,0.9881062507629395,0.9898654818534851,0.9886447191238403,0.9920707941055298,0.989304780960083,0.9897733926773071,0.9880974292755127,0.9874469041824341,0.9860597848892212,0.9846111536026001,0.9887619614601135,0.9851284027099609,0.9908384084701538,0.9982485175132751,0.9454630613327026,0.9509472846984863,0.9204158782958984,0.9219609498977661,0.5000953078269958,0.9336889982223511,0.8982469439506531,0.9044815897941589,0.9106906652450562,0.9326410293579102,0.9715919494628906,0.9720577001571655,0.9860469102859497,0.9864441156387329,0.9782366752624512,0.9858803749084473,0.9415013194084167,0.9534797072410583,0.9451053142547607,0.9499256610870361,0.9509931206703186,0.9496376514434814,0.9513734579086304,0.9324252605438232,0.9440630674362183,0.8191176652908325,0.8923943042755127,4.96006965637207,0.8015779852867126,0.8191176652908325
123,0.5302914977073669,0.9908722043037415,0.9628261923789978,0.9893872141838074,0.988189697265625,0.9883806705474854,0.9898486137390137,0.9896774291992188,0.9620206356048584,0.9850332736968994,0.989569902420044,0.9859012365341187,0.9858777523040771,0.9849686622619629,0.9885630011558533,0.9883699417114258,0.9847729802131653,0.9932395219802856,0.9981577396392822,0.9327524304389954,0.956307053565979,0.9163974523544312,0.9248477816581726,0.5,0.9297961592674255,0.8976881504058838,0.9052792191505432,0.9087972640991211,0.9270784854888916,0.9679144620895386,0.9690683484077454,0.984311580657959,0.9847842454910278,0.9779303073883057,0.9879173636436462,0.9452438354492188,0.9508546590805054,0.9526649713516235,0.9520407915115356,0.9466915130615234,0.9448987245559692,0.9520319104194641,0.9465116262435913,0.940152645111084,0.8318014740943909,0.8910845518112183,5.00275731086731,0.8289381265640259,0.8318014740943909
124,0.5333883762359619,0.9892949461936951,0.9849603176116943,0.9608795642852783,0.9886510372161865,0.9878071546554565,0.9892284870147705,0.9869757890701294,0.99317467212677,0.9828507900238037,0.9885566234588623,0.9866310358047485,0.9851421117782593,0.9861776828765869,0.9849603176116943,0.9861546754837036,0.9813549518585205,0.9899944067001343,0.9982491731643677,0.9400495886802673,0.9554307460784912,0.9129320383071899,0.9238511323928833,0.5,0.9319649934768677,0.8911229372024536,0.9065349102020264,0.900079607963562,0.9319526553153992,0.9664696455001831,0.967067539691925,0.9814575910568237,0.983862042427063,0.9794672727584839,0.9858647584915161,0.9442469477653503,0.9491162896156311,0.9468836784362793,0.9492470622062683,0.9389270544052124,0.9424005746841431,0.9514807462692261,0.9367859959602356,0.9394052028656006,0.8321691155433655,0.8892003297805786,4.921264410018921,0.8241525888442993,0.8321691155433655
125,0.5440646409988403,0.9893931150436401,0.9848819971084595,0.988095223903656,0.9514769911766052,0.9864366054534912,0.9905016422271729,0.989098310470581,0.9926348924636841,0.9864665865898132,0.9889441728591919,0.9644875526428223,0.9879195690155029,0.9865214228630066,0.987269401550293,0.9860546588897705,0.9833056926727295,0.9909934997558594,0.99815833568573,0.941738486289978,0.9558412432670593,0.9239749312400818,0.9314600229263306,0.5,0.9320905208587646,0.9028886556625366,0.9050012230873108,0.9151819944381714,0.9230687618255615,0.9684675931930542,0.974024772644043,0.9838799238204956,0.9848484992980957,0.9778662919998169,0.9849519729614258,0.9401049017906189,0.9480834007263184,0.9487155675888062,0.9488372206687927,0.9447236061096191,0.9459208250045776,0.9503446817398071,0.9463622570037842,0.9320858120918274,0.8154411911964417,0.8923254013061523,4.975245952606201,0.797361433506012,0.8154411911964417
126,0.547448992729187,0.9906008243560791,0.9879285097122192,0.9897639155387878,0.9639074206352234,0.9874469041824341,0.9378683567047119,0.9868834018707275,0.9935531616210938,0.9680883884429932,0.9900369048118591,0.9885735511779785,0.9894106388092041,0.9888479709625244,0.9868154525756836,0.9870022535324097,0.9840406179428101,0.9910218715667725,0.9972339868545532,0.9393317103385925,0.9584810733795166,0.9192906022071838,0.9249380826950073,0.5,0.9253658056259155,0.8995046615600586,0.9055080413818359,0.9117870330810547,0.9303387999534607,0.9685424566268921,0.9726381897926331,0.9834809899330139,0.982943058013916,0.9759784936904907,0.9835823774337769,0.9391613602638245,0.9493682384490967,0.9517813920974731,0.9474075436592102,0.9418647885322571,0.942676305770874,0.9445169568061829,0.9462125301361084,0.9377435445785522,0.8119485378265381,0.8912913799285889,4.997896432876587,0.8008869290351868,0.8119485378265381
127,0.5436695218086243,0.9888375997543335,0.988211452960968,0.9885587692260742,0.9868299961090088,0.9858829975128174,0.9898598790168762,0.9858803749084473,0.9524248838424683,0.9880183935165405,0.9886593818664551,0.988000750541687,0.9897695779800415,0.9866458177566528,0.9905990362167358,0.960602879524231,0.9851366281509399,0.9905869364738464,0.9976063370704651,0.9456055164337158,0.958823561668396,0.9071509838104248,0.9178251624107361,0.5,0.9311165809631348,0.8962335586547852,0.9073992967605591,0.9098814725875854,0.9206864833831787,0.971299409866333,0.97333824634552,0.9831948280334473,0.9863468408584595,0.9763757586479187,0.9851503372192383,0.9365183115005493,0.9496744275093079,0.9509185552597046,0.9462794661521912,0.9443618655204773,0.9412804841995239,0.9447339177131653,0.9412916898727417,0.9306555986404419,0.8191176652908325,0.893359363079071,4.917006015777588,0.7920629382133484,0.8191176652908325
128,0.5467102527618408,0.9894795417785645,0.9855059385299683,0.9854978322982788,0.987269401550293,0.9831180572509766,0.9900516271591187,0.9847701787948608,0.99122154712677,0.9859726428985596,0.9857933521270752,0.9837488532066345,0.9894891977310181,0.9877283573150635,0.9860906600952148,0.9843288660049438,0.9816420674324036,0.9910301566123962,0.9968709945678711,0.945294976234436,0.9590654373168945,0.9106179475784302,0.9230695962905884,0.5,0.9307399988174438,0.8947119116783142,0.9027407765388489,0.9076159596443176,0.9183229207992554,0.9699095487594604,0.9710292816162109,0.9823605418205261,0.9843952059745789,0.9777654409408569,0.9854323863983154,0.9397421479225159,0.949999988079071,0.9535833597183228,0.9507617950439453,0.9485677480697632,0.9415861368179321,0.9497678875923157,0.9466443657875061,0.9396359920501709,0.8152573704719543,0.8916590213775635,4.815171957015991,0.7925993204116821,0.8152573704719543
129,0.5284978747367859,0.9889073371887207,0.9859648942947388,0.9863468408584595,0.9872787594795227,0.985058069229126,0.9889278411865234,0.9869052171707153,0.9901382923126221,0.9832072257995605,0.9866161942481995,0.9548854231834412,0.9880118370056152,0.9885693192481995,0.9885503053665161,0.9860777854919434,0.9809998273849487,0.9916573762893677,0.9981586933135986,0.9406681656837463,0.9499267339706421,0.9114068746566772,0.921559751033783,0.5,0.9382330775260925,0.9035775661468506,0.9104762077331543,0.8988378643989563,0.9244781732559204,0.9611121416091919,0.972777783870697,0.9795089960098267,0.9823703169822693,0.9731861352920532,0.9853402376174927,0.9417802095413208,0.9397028684616089,0.9591230154037476,0.9477736949920654,0.9443825483322144,0.9399589896202087,0.9498234391212463,0.9457752704620361,0.9333829879760742,0.8363970518112183,0.8948988914489746,4.97220516204834,0.8306228518486023,0.8363970518112183
130,0.5426921248435974,0.9891103506088257,0.9859907627105713,0.9877510070800781,0.9864416122436523,0.9837638139724731,0.9884728789329529,0.9878206253051758,0.9911389946937561,0.9849686622619629,0.9860726594924927,0.9826632142066956,0.9879940748214722,0.9892969131469727,0.9859726428985596,0.9560287594795227,0.9816250801086426,0.9911275506019592,0.9975165128707886,0.946448564529419,0.9538461565971375,0.9192876219749451,0.9217739105224609,0.5,0.9364867210388184,0.8967951536178589,0.907414436340332,0.8999618887901306,0.9300779104232788,0.9640154838562012,0.9693518877029419,0.9793243408203125,0.9815634489059448,0.9747409224510193,0.9876338243484497,0.9428571462631226,0.9498417973518372,0.9535727500915527,0.9499722123146057,0.9425970315933228,0.9396584033966064,0.9522925615310669,0.9470303058624268,0.9344673752784729,0.8165441155433655,0.8919807076454163,4.9658215045928955,0.792830765247345,0.8165441155433655

131,0.5381194353103638,0.9880996346473694,0.9847869873046875,0.9890201091766357,0.9874469041824341,0.9837728142738342,0.9893068075180054,0.9880820512771606,0.9895890951156616,0.983397901058197,0.9853076934814453,0.9812661409378052,0.9844067096710205,0.986249566078186,0.9840829372406006,0.9850387573242188,0.9810173511505127,0.990841805934906,0.9981597661972046,0.9464318752288818,0.9500467777252197,0.9176794290542603,0.9238757491111755,0.5,0.9364222288131714,0.8938297033309937,0.9068748950958252,0.8970197439193726,0.9280698299407959,0.9657748937606812,0.9716614484786987,0.9803396463394165,0.9825452566146851,0.9757974743843079,0.9869998097419739,0.947456955909729,0.9544525146484375,0.9524651169776917,0.9458338022232056,0.9457451105117798,0.9415199160575867,0.9538947343826294,0.9463887214660645,0.9376741647720337,0.8176470398902893,0.8916820287704468,4.870784282684326,0.7852465510368347,0.8176470398902893
132,0.5467839241027832,0.9858856201171875,0.9840376377105713,0.9871818423271179,0.9847617149353027,0.9846693873405457,0.988000750541687,0.9848541021347046,0.9879807829856873,0.9822087287902832,0.9815157055854797,0.9813584089279175,0.986706018447876,0.9843288660049438,0.981286883354187,0.9819844961166382,0.9780442714691162,0.9922236204147339,0.997697114944458,0.9507766962051392,0.9569882154464722,0.9145976901054382,0.9255884885787964,0.5,0.9401601552963257,0.8935149908065796,0.9076499938964844,0.9111511707305908,0.9275940656661987,0.9647471308708191,0.9711823463439941,0.9802510142326355,0.9810850620269775,0.9751202464103699,0.9852207899093628,0.9466915130615234,0.951076865196228,0.9443618059158325,0.9505106806755066,0.9445686340332031,0.9421502947807312,0.9484171271324158,0.9428359270095825,0.9376394152641296,0.8189338445663452,0.8896599411964417,4.943571090698242,0.8006973266601562,0.8189338445663452
133,0.5283050537109375,0.985161304473877,0.9855929017066956,0.9879240393638611,0.9862698316574097,0.9838650226593018,0.9874584674835205,0.9849741458892822,0.9887516498565674,0.985228955745697,0.981635332107544,0.9834779500961304,0.9852371215820312,0.9859700798988342,0.9847532510757446,0.9628463983535767,0.9804174900054932,0.991677463054657,0.9971475601196289,0.9488593935966492,0.9540443420410156,0.9096511602401733,0.9230181574821472,0.5,0.9410032033920288,0.8938238620758057,0.9047891497612,0.9100559949874878,0.9334120154380798,0.9609129428863525,0.9718934893608093,0.9785054922103882,0.982113242149353,0.9739959239959717,0.9814473390579224,0.9467926025390625,0.9510314464569092,0.9540475606918335,0.9505484104156494,0.9433401823043823,0.9426183700561523,0.9484516978263855,0.9451162815093994,0.9340710639953613,0.8288602828979492,0.893910825252533,4.917908191680908,0.8124815821647644,0.8288602828979492
134,0.5336605906486511,0.986985445022583,0.9679152369499207,0.9864165782928467,0.9848792552947998,0.9834809899330139,0.9875690937042236,0.9844009876251221,0.9875415563583374,0.9835611581802368,0.9803178310394287,0.9312730431556702,0.9866408705711365,0.9856008887290955,0.9813653230667114,0.9831979274749756,0.9789628982543945,0.9911078214645386,0.9969618916511536,0.9482693672180176,0.9556760787963867,0.9194069504737854,0.9229670763015747,0.5,0.9355974197387695,0.8972890377044678,0.9053080677986145,0.9068971872329712,0.9368932247161865,0.9609850645065308,0.9711378216743469,0.9798119068145752,0.9840317964553833,0.9754220247268677,0.9827426671981812,0.9430651664733887,0.9522790908813477,0.9538604617118835,0.9485130310058594,0.9297019243240356,0.9441657066345215,0.9495634436607361,0.9461766481399536,0.9383243322372437,0.8183823823928833,0.8912683725357056,7.069843530654907,0.803851306438446,0.8183823823928833
135,0.5407077074050903,0.9883871078491211,0.9538078308105469,0.9859804511070251,0.9865313768386841,0.9821922779083252,0.9571472406387329,0.9857907295227051,0.9597086906433105,0.9835914373397827,0.9804500341415405,0.9841532707214355,0.9855299592018127,0.9847757816314697,0.9828540086746216,0.9838262796401978,0.9808259606361389,0.9901705980300903,0.9975137710571289,0.9466592073440552,0.9537712931632996,0.9168722629547119,0.9226813912391663,0.5,0.9358294010162354,0.8894654512405396,0.899828314781189,0.9061251878738403,0.9273732304573059,0.9600553512573242,0.9720163345336914,0.979981541633606,0.9809252023696899,0.9700315594673157,0.9823963046073914,0.9433926939964294,0.950909435749054,0.953322172164917,0.9501299858093262,0.939504086971283,0.9474613666534424,0.9457558989524841,0.941942572593689,0.9404606819152832,0.8158088326454163,0.892417311668396,4.939446210861206,0.8005802035331726,0.8158088326454163
136,0.5271244049072266,0.9864366054534912,0.985153079032898,0.9852316379547119,0.9849686622619629,0.9837548732757568,0.9863619804382324,0.9868154525756836,0.9891043305397034,0.9827426671981812,0.9830257892608643,0.9834840297698975,0.9868081212043762,0.9860546588897705,0.9845912456512451,0.9812592267990112,0.9821231365203857,0.9907389879226685,0.9976063370704651,0.9469895362854004,0.9561108350753784,0.9218868613243103,0.927621603012085,0.5000953078269958,0.9341328740119934,0.894832193851471,0.9038681387901306,0.9077318906784058,0.9341033697128296,0.9616377353668213,0.9688136577606201,0.9803323745727539,0.983397901058197,0.9746249318122864,0.9629185199737549,0.9418212175369263,0.9511061906814575,0.9532936215400696,0.9509294033050537,0.9383128881454468,0.9414656758308411,0.9483978748321533,0.9486129283905029,0.9387660026550293,0.8240808844566345,0.8940716981887817,4.907841920852661,0.811650276184082,0.8240808844566345
137,0.5306287407875061,0.9869027733802795,0.9845883846282959,0.9846863746643066,0.9518280029296875,0.9848708510398865,0.9866112470626831,0.9875460863113403,0.9879984855651855,0.9825645685195923,0.9830446243286133,0.9810885190963745,0.9857802391052246,0.9842193126678467,0.9824496507644653,0.9823041558265686,0.9803323745727539,0.9904770851135254,0.9973306655883789,0.9437570571899414,0.9577794075012207,0.9139087200164795,0.92784583568573,0.5,0.939451277256012,0.9011396169662476,0.9054032564163208,0.9053051471710205,0.934220552444458,0.9642330408096313,0.9701685905456543,0.977599561214447,0.9834009408950806,0.9748660326004028,0.9847004413604736,0.9433134198188782,0.9488868713378906,0.9512172341346741,0.9465051293373108,0.9408972263336182,0.9443204998970032,0.9467136859893799,0.9463754892349243,0.9362572431564331,0.823161780834198,0.8894301652908325,4.9562859535217285,0.813752293586731,0.823161780834198
138,0.5412373542785645,0.9857854843139648,0.9825323820114136,0.9858829975128174,0.9858959913253784,0.9831274151802063,0.9869974255561829,0.9873685836791992,0.9574674963951111,0.9813653230667114,0.985903799533844,0.9834070801734924,0.9836413860321045,0.984308660030365,0.9835762977600098,0.9819321632385254,0.9804174900054932,0.9898961782455444,0.9979753494262695,0.939054012298584,0.9513356685638428,0.9096190333366394,0.9289243221282959,0.5,0.9319210052490234,0.8928318023681641,0.9033833742141724,0.9068646430969238,0.9265016913414001,0.9632258415222168,0.9688831567764282,0.9792205095291138,0.9829083681106567,0.9785065650939941,0.984305739402771,0.9448282718658447,0.9525669813156128,0.9531482458114624,0.9424828290939331,0.9374883770942688,0.9418647885322571,0.945712685585022,0.9418344497680664,0.9381730556488037,0.8167279362678528,0.8897747993469238,4.800814151763916,0.8041402101516724,0.8167279362678528
139,0.5191401243209839,0.9848819971084595,0.9808046817779541,0.9837728142738342,0.984963059425354,0.9814575910568237,0.9839542508125305,0.9856984615325928,0.9854109287261963,0.9819188117980957,0.9861546754837036,0.9822747707366943,0.9803287982940674,0.9805278778076172,0.9832871556282043,0.9838590621948242,0.9743636846542358,0.9898279905319214,0.9977908730506897,0.9344438314437866,0.9527153968811035,0.9202994704246521,0.9303317666053772,0.5,0.9319630861282349,0.8948457837104797,0.9034091234207153,0.9189727306365967,0.9334723353385925,0.9648523926734924,0.9704196453094482,0.9785054922103882,0.9821197986602783,0.9759259223937988,0.9833056926727295,0.947393000125885,0.9484938383102417,0.9534991979598999,0.9439495205879211,0.9425255060195923,0.9435049295425415,0.9532152414321899,0.940558135509491,0.9346569776535034,0.8229779601097107,0.8940486907958984,4.865789890289307,0.8238598704338074,0.8229779601097107
140,0.5251073837280273,0.9869076013565063,0.981430172920227,0.9858012199401855,0.9831274151802063,0.9845912456512451,0.9605870246887207,0.9658293724060059,0.9841357469558716,0.9835793375968933,0.9855326414108276,0.9815531969070435,0.9829398393630981,0.9826695919036865,0.9832103252410889,0.9853429198265076,0.9788706302642822,0.9902795553207397,0.9967771768569946,0.9391816258430481,0.9518996477127075,0.9110046625137329,0.924193263053894,0.5,0.9348691701889038,0.9027909636497498,0.9058812260627747,0.9111936092376709,0.9276388883590698,0.9653775691986084,0.9731053709983826,0.9797746539115906,0.9831180572509766,0.975523829460144,0.9852480292320251,0.9450991153717041,0.9436939358711243,0.952930212020874,0.9500927925109863,0.9451876878738403,0.943173348903656,0.9488752484321594,0.9372425079345703,0.9341617226600647,0.8176470398902893,0.8898207545280457,4.947722911834717,0.8058361411094666,0.8176470398902893

141,0.5272838473320007,0.9858064651489258,0.9814370274543762,0.9838501214981079,0.9870967864990234,0.9832227230072021,0.9860880374908447,0.9851475954055786,0.9858725666999817,0.9809787273406982,0.9846082925796509,0.9650396108627319,0.9833179712295532,0.9841387271881104,0.9605170488357544,0.9838590621948242,0.9781324863433838,0.989710807800293,0.9967765808105469,0.9392068982124329,0.9473782777786255,0.9133826494216919,0.9215370416641235,0.5,0.9343041181564331,0.8984843492507935,0.902097225189209,0.9058465957641602,0.9336501955986023,0.9696494340896606,0.9737328886985779,0.9791436195373535,0.983963131904602,0.9735479354858398,0.9811599254608154,0.9407968521118164,0.9452526569366455,0.9499256610870361,0.947441816329956,0.9401487112045288,0.9424614310264587,0.9383321404457092,0.9395543336868286,0.9379181861877441,0.8183823823928833,0.8902113437652588,4.990760803222656,0.8096140027046204,0.8183823823928833
142,0.5282920002937317,0.9883828163146973,0.9823930263519287,0.9541851282119751,0.9850332736968994,0.9861598014831543,0.9658293724060059,0.985703706741333,0.9846919775009155,0.9826503992080688,0.986812949180603,0.9808046817779541,0.9856035709381104,0.9856141805648804,0.9826695919036865,0.9839335083961487,0.978613555431366,0.9878545999526978,0.9980663061141968,0.9431160092353821,0.956017255783081,0.9122340679168701,0.9212523698806763,0.5,0.9298279285430908,0.9024297595024109,0.9011385440826416,0.906613290309906,0.925705075263977,0.9654314517974854,0.968576192855835,0.976001501083374,0.9832010269165039,0.9788237810134888,0.9802510142326355,0.9435725212097168,0.9469372630119324,0.9488108158111572,0.9458705186843872,0.9378478527069092,0.93839430809021,0.9476571083068848,0.9449498653411865,0.9313998818397522,0.8161764740943909,0.8917279243469238,5.0698535442352295,0.8040558099746704,0.8161764740943909
143,0.5306776762008667,0.9855166077613831,0.9825774431228638,0.9829335808753967,0.983573317527771,0.9839690327644348,0.985714316368103,0.9871865510940552,0.9843865633010864,0.9803142547607422,0.9855139255523682,0.9796935319900513,0.9842280149459839,0.9845046997070312,0.9535312652587891,0.9833856821060181,0.9790436029434204,0.9878636598587036,0.9953967928886414,0.94381183385849,0.9559701681137085,0.9192752838134766,0.9317147135734558,0.5,0.9374762773513794,0.9066958427429199,0.9047935009002686,0.9056837558746338,0.9395865201950073,0.9651098251342773,0.9670614004135132,0.9758079051971436,0.9587517976760864,0.9795408248901367,0.9796860218048096,0.941743016242981,0.9407503604888916,0.9455288648605347,0.9383395910263062,0.9366158246994019,0.9349972009658813,0.9444856643676758,0.9406842589378357,0.9251858592033386,0.8240808844566345,0.8903033137321472,4.836994647979736,0.8079733848571777,0.8240808844566345
144,0.5177164673805237,0.9641956090927124,0.9839749336242676,0.9846919775009155,0.9831149578094482,0.9843980669975281,0.9873639345169067,0.9867984056472778,0.9859856367111206,0.9801770448684692,0.9855219125747681,0.9795126914978027,0.9844989776611328,0.9854351282119751,0.951511800289154,0.9837907552719116,0.977302074432373,0.9893695712089539,0.9967795610427856,0.9473831653594971,0.9568561315536499,0.9133291840553284,0.9272710084915161,0.5,0.9334156513214111,0.9024320840835571,0.9064104557037354,0.9033421874046326,0.9293343424797058,0.9668635725975037,0.9696352481842041,0.9765682220458984,0.98033607006073,0.9803105592727661,0.9783933162689209,0.9450980424880981,0.9445785284042358,0.9516876935958862,0.9394898414611816,0.943173348903656,0.9362909197807312,0.9501581192016602,0.9443515539169312,0.9305374622344971,0.8246323466300964,0.8918198347091675,4.988631963729858,0.7903271913528442,0.8246323466300964
145,0.5179128646850586,0.9569426774978638,0.9828222990036011,0.9841328859329224,0.9538710117340088,0.981991171836853,0.9850332736968994,0.9852398633956909,0.980623722076416,0.9775499105453491,0.985228955745697,0.9807266592979431,0.9844961166381836,0.9863393306732178,0.9822053909301758,0.9828318357467651,0.9757559299468994,0.9884259700775146,0.9970533847808838,0.9438823461532593,0.9526079893112183,0.9131057262420654,0.9265601634979248,0.5,0.9317096471786499,0.8996595144271851,0.9064700603485107,0.9057050943374634,0.9242914319038391,0.963909924030304,0.9680555462837219,0.9751753807067871,0.9790629148483276,0.9772769212722778,0.9773104190826416,0.9413360357284546,0.9463255405426025,0.953481912612915,0.9426899552345276,0.9444857835769653,0.938908576965332,0.9508150815963745,0.946043848991394,0.9361188411712646,0.8253676295280457,0.8896139860153198,4.909430027008057,0.8179785013198853,0.8253676295280457
146,0.5110685229301453,0.9875507354736328,0.9832165241241455,0.9861572980880737,0.9841240644454956,0.9831055998802185,0.9827491044998169,0.986990213394165,0.9838680028915405,0.9800590872764587,0.9857985973358154,0.9798744320869446,0.9862622022628784,0.9846026301383972,0.9851858615875244,0.9840376377105713,0.9784252643585205,0.9892672300338745,0.9971465468406677,0.9430095553398132,0.9415254592895508,0.914452314376831,0.9245014190673828,0.5,0.9299278259277344,0.9004743695259094,0.905899167060852,0.9098565578460693,0.9263954162597656,0.9644768238067627,0.9679510593414307,0.976752758026123,0.9793472290039062,0.977524995803833,0.9800701141357422,0.9358423948287964,0.9370142221450806,0.9551794528961182,0.945498526096344,0.9388021230697632,0.9325478076934814,0.9489377737045288,0.9431037902832031,0.9265503287315369,0.8235294222831726,0.896208643913269,5.0078606605529785,0.8096136450767517,0.8235294222831726
147,0.5343313217163086,0.9854323863983154,0.9823703169822693,0.9833271503448486,0.98171067237854,0.9798855781555176,0.9824561476707458,0.9857828617095947,0.9812730550765991,0.9788862466812134,0.9820934534072876,0.9803650379180908,0.9838411808013916,0.9839572310447693,0.9849519729614258,0.9804319739341736,0.9785134792327881,0.9892512559890747,0.9962302446365356,0.9432179927825928,0.9534405469894409,0.9130104780197144,0.9323685169219971,0.5,0.9345977306365967,0.9037001132965088,0.89922034740448,0.9098001718521118,0.9333839416503906,0.9620206356048584,0.968246579170227,0.9758124351501465,0.9814609885215759,0.975987434387207,0.9810850620269775,0.9413027167320251,0.947016179561615,0.9551031589508057,0.9409573078155518,0.939680814743042,0.9382189512252808,0.9362167119979858,0.9445993900299072,0.9299238920211792,0.8069853186607361,0.8914521932601929,4.94890284538269,0.7855374217033386,0.8069853186607361
148,0.525130569934845,0.9854952096939087,0.9813515543937683,0.9018361568450928,0.9803469181060791,0.9826664328575134,0.9806272983551025,0.9845075607299805,0.9819188117980957,0.981823205947876,0.9828381538391113,0.9813480973243713,0.9858647584915161,0.9838471412658691,0.9622722864151001,0.9788018465042114,0.9777387380599976,0.9873980283737183,0.9967777729034424,0.9433645009994507,0.9522875547409058,0.913064181804657,0.9324682950973511,0.5,0.9275554418563843,0.8996576070785522,0.9075838327407837,0.9025592803955078,0.9344558715820312,0.960552990436554,0.9688311815261841,0.9380447864532471,0.9822878241539001,0.9762390851974487,0.9790822267532349,0.9407414197921753,0.9399645328521729,0.9547141790390015,0.9391942024230957,0.9441652297973633,0.9427006244659424,0.9455288648605347,0.9465911388397217,0.9345403909683228,0.8194853067398071,0.890785813331604,4.919663667678833,0.8175458312034607,0.8194853067398071
149,0.5079526305198669,0.9836595058441162,0.98128342628479,0.963677167892456,0.9608209133148193,0.9816555976867676,0.9805278778076172,0.9858751893043518,0.9843317866325378,0.9811738729476929,0.9839542508125305,0.9794318675994873,0.9824917316436768,0.9828159809112549,0.9831180572509766,0.9808436036109924,0.977599561214447,0.9889651536941528,0.9976992607116699,0.9436659216880798,0.9528944492340088,0.9126960635185242,0.9227734208106995,0.5,0.9283143877983093,0.9030418395996094,0.9017687439918518,0.9039849042892456,0.9284171462059021,0.9620218276977539,0.9652713537216187,0.9770337343215942,0.9814643859863281,0.96903395652771,0.9816589951515198,0.9375,0.9498886466026306,0.9539535045623779,0.9426792860031128,0.9420249462127686,0.9416852593421936,0.9448672533035278,0.9443513751029968,0.9300204515457153,0.8332720398902893,0.8952665328979492,5.0060389041900635,0.8247532248497009,0.8332720398902893
150,0.5208234190940857,0.9828444719314575,0.982943058013916,0.9842999577522278,0.9795974493026733,0.9835762977600098,0.9816454648971558,0.9831087589263916,0.9854216575622559,0.9784697890281677,0.9829114675521851,0.9803469181060791,0.9838262796401978,0.9817511439323425,0.9820802211761475,0.9834009408950806,0.9758213758468628,0.9880533218383789,0.9959484338760376,0.946351945400238,0.9456003308296204,0.910275936126709,0.9251331686973572,0.5,0.9357903003692627,0.893081545829773,0.9041721820831299,0.9083729982376099,0.9313781261444092,0.9584255218505859,0.9669880867004395,0.9784291982650757,0.9787862300872803,0.9727003574371338,0.9823074340820312,0.9436448812484741,0.9482245445251465,0.9546384215354919,0.9442899227142334,0.9421257972717285,0.9346908330917358,0.951484203338623,0.9415644407272339,0.9318646192550659,0.8244485259056091,0.8924402594566345,4.910238265991211,0.8077823519706726,0.8244485259056091

151,0.519610583782196,0.9859089851379395,0.9832902550697327,0.9829398393630981,0.977302074432373,0.9803469181060791,0.9829051494598389,0.9858856201171875,0.985788106918335,0.9788784384727478,0.9814678430557251,0.9808899164199829,0.9823572635650635,0.9816454648971558,0.9828381538391113,0.9540844559669495,0.9729105234146118,0.9875833988189697,0.9962239861488342,0.9470248222351074,0.959739089012146,0.9075901508331299,0.9194636344909668,0.5,0.9340068101882935,0.9060128927230835,0.8994466662406921,0.9087889194488525,0.9335424900054932,0.959663987159729,0.9693632125854492,0.9812626838684082,0.9806629419326782,0.9754538536071777,0.9559040665626526,0.9352346658706665,0.9443204998970032,0.9527493119239807,0.9351678490638733,0.9412530064582825,0.9386634826660156,0.9410127401351929,0.9431965947151184,0.9284384846687317,0.8224264979362488,0.8927159905433655,5.091498136520386,0.8155292868614197,0.8224264979362488
152,0.5140888690948486,0.9864516258239746,0.9832655191421509,0.9829114675521851,0.9784053564071655,0.9815259575843811,0.9798119068145752,0.9835853576660156,0.9839423894882202,0.9544152021408081,0.9842250943183899,0.9799926280975342,0.9815464019775391,0.9815293550491333,0.9807373285293579,0.9819811582565308,0.9706966876983643,0.9880577325820923,0.9954847097396851,0.9460747241973877,0.9578031301498413,0.9131922721862793,0.9227177500724792,0.5,0.9287983179092407,0.9096454381942749,0.9096614718437195,0.9087722301483154,0.9319874048233032,0.9601770043373108,0.9690502882003784,0.9787862300872803,0.9841240644454956,0.9766536951065063,0.9832196235656738,0.9369528889656067,0.9439478516578674,0.9510859251022339,0.9489341974258423,0.9410946369171143,0.9403942823410034,0.9487060308456421,0.9439895749092102,0.9270465970039368,0.8275735378265381,0.8942785263061523,4.942472219467163,0.7981719970703125,0.8275735378265381
153,0.5137711763381958,0.9866458177566528,0.9797272682189941,0.9826695919036865,0.9784053564071655,0.9823670387268066,0.9826279878616333,0.9844703674316406,0.9844182133674622,0.9793976545333862,0.9816454648971558,0.9807373285293579,0.9825902581214905,0.981095552444458,0.9817342758178711,0.9820044040679932,0.973621129989624,0.9864040017127991,0.9957681894302368,0.9469200372695923,0.9551653265953064,0.9136234521865845,0.9151573181152344,0.5,0.9362390637397766,0.8975261449813843,0.9027222394943237,0.910792350769043,0.9319309592247009,0.9609922170639038,0.9685360193252563,0.9795467257499695,0.9833148717880249,0.9748194813728333,0.9826695919036865,0.9393967390060425,0.9408261775970459,0.9519124031066895,0.9496282339096069,0.9411272406578064,0.937244713306427,0.9439173936843872,0.9465250968933105,0.9286510944366455,0.825551450252533,0.893750011920929,4.933584213256836,0.8078762292861938,0.825551450252533
154,0.5082142949104309,0.9861393570899963,0.980623722076416,0.9809682369232178,0.9578409194946289,0.9795354008674622,0.9783250093460083,0.9830132722854614,0.984501838684082,0.978501558303833,0.9824820160865784,0.9792320728302002,0.9828222990036011,0.9798007607460022,0.9820010662078857,0.9787862300872803,0.9747558832168579,0.9872221946716309,0.9944730997085571,0.9446721076965332,0.9540026187896729,0.9186798334121704,0.927462100982666,0.5,0.9388797283172607,0.9030515551567078,0.9009051322937012,0.9055777788162231,0.9295212626457214,0.9609706401824951,0.9663212299346924,0.9762958884239197,0.9806308746337891,0.9720163345336914,0.9829524755477905,0.9405450820922852,0.9450743198394775,0.9525222778320312,0.9467037916183472,0.9424185752868652,0.9378247857093811,0.9460391402244568,0.9397433400154114,0.9219640493392944,0.8270220756530762,0.8941406011581421,4.99071478843689,0.8128198981285095,0.8270220756530762
155,0.5163278579711914,0.9834809899330139,0.9811773300170898,0.9796050190925598,0.9776793718338013,0.9803650379180908,0.9786821603775024,0.9809823036193848,0.9834961891174316,0.9783329963684082,0.9811912178993225,0.9784252643585205,0.9829398393630981,0.9809752702713013,0.9835458993911743,0.9796237945556641,0.9748015403747559,0.988794207572937,0.9942010641098022,0.9454392790794373,0.952549934387207,0.9113394021987915,0.9249477386474609,0.5000957250595093,0.9291016459465027,0.8995237946510315,0.9039290547370911,0.9039118885993958,0.9315379858016968,0.9586563110351562,0.9703428745269775,0.9789628982543945,0.9838501214981079,0.972587525844574,0.984711766242981,0.939555287361145,0.9454054832458496,0.9514120817184448,0.9447544813156128,0.9378483891487122,0.937139630317688,0.9440208673477173,0.938452959060669,0.9275497198104858,0.8207720518112183,0.8893152475357056,5.088829755783081,0.8066546320915222,0.8207720518112183
156,0.5096473097801208,0.9862596988677979,0.9849880337715149,0.9823638200759888,0.9785094857215881,0.9837428331375122,0.9805386066436768,0.9851803779602051,0.9856300354003906,0.9814575910568237,0.984046459197998,0.9808294773101807,0.9553465247154236,0.983308732509613,0.9803469181060791,0.9832963943481445,0.9738200902938843,0.9887099862098694,0.9934634566307068,0.9439558386802673,0.9547073841094971,0.9108778238296509,0.9177769422531128,0.5,0.9288026094436646,0.8943020105361938,0.9115530252456665,0.9015170931816101,0.9301289319992065,0.9561241865158081,0.9614243507385254,0.9737862348556519,0.9784291982650757,0.9727979302406311,0.9851558208465576,0.9395501613616943,0.9455693960189819,0.9528144598007202,0.9443515539169312,0.9380934238433838,0.9371508359909058,0.9468697309494019,0.9377439022064209,0.9262874126434326,0.8209558725357056,0.8915671110153198,4.894688844680786,0.7973303198814392,0.8209558725357056
157,0.5090329051017761,0.9847813844680786,0.9847869873046875,0.9793281555175781,0.9778352379798889,0.9813756346702576,0.9829083681106567,0.9849603176116943,0.9848736524581909,0.9791204929351807,0.9843807816505432,0.9800000190734863,0.9845741987228394,0.9826760292053223,0.9801989197731018,0.9803323745727539,0.9738055467605591,0.9896104335784912,0.9941956996917725,0.9454172849655151,0.9512423276901245,0.912289023399353,0.9261623620986938,0.5,0.9241062998771667,0.8972107172012329,0.9088068008422852,0.906428337097168,0.928680419921875,0.9522228240966797,0.9644378423690796,0.9768193960189819,0.9809716939926147,0.9732308387756348,0.9802546501159668,0.9382221698760986,0.9467828273773193,0.9512286186218262,0.9410508871078491,0.9382784962654114,0.9364681839942932,0.9481956958770752,0.9452805519104004,0.9297789335250854,0.8242647051811218,0.892693042755127,5.000267744064331,0.8139686584472656,0.8242647051811218
158,0.511419415473938,0.9814370274543762,0.9810850620269775,0.9602119326591492,0.9746637344360352,0.9526752829551697,0.9772979021072388,0.9600435495376587,0.9831886291503906,0.9739900827407837,0.9797858595848083,0.9777756929397583,0.9784092903137207,0.9788628816604614,0.9791204929351807,0.9773146510124207,0.9728481769561768,0.9860003590583801,0.994010329246521,0.9489796161651611,0.9513291120529175,0.9105745553970337,0.9194842576980591,0.5,0.9303833246231079,0.8964665532112122,0.9071564674377441,0.9035537838935852,0.9309004545211792,0.9535996913909912,0.9677180051803589,0.9745434522628784,0.9812592267990112,0.9721193313598633,0.980996310710907,0.9366735219955444,0.946285605430603,0.9429123401641846,0.9426366686820984,0.935543954372406,0.9374768137931824,0.9430614709854126,0.9435064792633057,0.9280534982681274,0.8235294222831726,0.8908318281173706,4.9936842918396,0.8194877505302429,0.8235294222831726
159,0.5022803544998169,0.9851558208465576,0.9851256608963013,0.9814575910568237,0.9818298816680908,0.9827491044998169,0.9820934534072876,0.9870824813842773,0.9604243040084839,0.9821231365203857,0.9839719533920288,0.9840582609176636,0.9863744974136353,0.9856088161468506,0.9806380271911621,0.9827395677566528,0.9741792678833008,0.9869371652603149,0.9925332069396973,0.9454613327980042,0.9529290795326233,0.9161365032196045,0.9250237941741943,0.5,0.9309786558151245,0.8925784826278687,0.9008004665374756,0.9056297540664673,0.9326410293579102,0.9569188356399536,0.9637573957443237,0.9764629602432251,0.9782207012176514,0.9722684621810913,0.983505368232727,0.9388233423233032,0.9444341063499451,0.949944257736206,0.9410943984985352,0.9350371360778809,0.9376046061515808,0.9468361139297485,0.942987322807312,0.9314508438110352,0.8284926414489746,0.8930606842041016,5.147590637207031,0.8275696635246277,0.8284926414489746
160,0.5187386274337769,0.982736349105835,0.9806380271911621,0.9803650379180908,0.9770083427429199,0.9807053208351135,0.9795126914978027,0.9825838804244995,0.9825742244720459,0.9808118343353271,0.9803723096847534,0.981823205947876,0.9856905341148376,0.9822087287902832,0.9787096977233887,0.9800037145614624,0.9732275009155273,0.9871248602867126,0.9935590624809265,0.945753812789917,0.9531453847885132,0.9132168292999268,0.919585108757019,0.5,0.931027889251709,0.9016891121864319,0.8986114263534546,0.9000191688537598,0.921768069267273,0.960324764251709,0.9657116532325745,0.9749216437339783,0.9777593612670898,0.9770879745483398,0.9596158266067505,0.9318828582763672,0.939745306968689,0.9533395171165466,0.9455169439315796,0.9383586645126343,0.9417999386787415,0.9508455991744995,0.9454461336135864,0.9322568774223328,0.8158088326454163,0.8892233371734619,4.995415449142456,0.7944434285163879,0.8158088326454163

161,0.504741370677948,0.9807373285293579,0.9813274145126343,0.977373480796814,0.9776793718338013,0.979981541633606,0.9780280590057373,0.9832227230072021,0.9610004425048828,0.9789783954620361,0.9815259575843811,0.978866696357727,0.9816488027572632,0.9824561476707458,0.9807088375091553,0.9810745716094971,0.9696494340896606,0.9854332804679871,0.9929149746894836,0.9445587396621704,0.9581152200698853,0.9138516187667847,0.9281516671180725,0.5,0.9404150247573853,0.8924500346183777,0.9034920930862427,0.8996772766113281,0.932642936706543,0.9567787647247314,0.9705936908721924,0.9766604900360107,0.9793510437011719,0.9740644693374634,0.9791743755340576,0.9366722702980042,0.9451762437820435,0.9541651010513306,0.9442275762557983,0.9407565593719482,0.938289999961853,0.9493387937545776,0.9426716566085815,0.9327566623687744,0.8295955657958984,0.894416332244873,4.919234752655029,0.7948574423789978,0.8295955657958984
162,0.4986707866191864,0.9844383001327515,0.9814506769180298,0.978901743888855,0.9801916480064392,0.9806094169616699,0.981823205947876,0.9859752655029297,0.9827713370323181,0.9824593663215637,0.9804139137268066,0.9808365702629089,0.984599769115448,0.982647180557251,0.9607285857200623,0.9804356098175049,0.9737958908081055,0.9858333468437195,0.9923586845397949,0.944798469543457,0.9552434682846069,0.9161926507949829,0.9258663058280945,0.5,0.9264733791351318,0.8918713331222534,0.8971989154815674,0.8987233638763428,0.925076961517334,0.9507015943527222,0.9661048650741577,0.9729205369949341,0.9764933586120605,0.9768775701522827,0.9808828830718994,0.9341957569122314,0.9439694881439209,0.9453459978103638,0.9427828788757324,0.9388610124588013,0.9342692494392395,0.9440111517906189,0.9432452917098999,0.9320000410079956,0.8277573585510254,0.8933823704719543,4.818636655807495,0.8179001808166504,0.8277573585510254
163,0.5116514563560486,0.9875346422195435,0.9823898077011108,0.9832442998886108,0.9833917617797852,0.9832258224487305,0.9823768138885498,0.9866161942481995,0.985714316368103,0.984043538570404,0.9821956157684326,0.9613490700721741,0.9870046377182007,0.9835853576660156,0.982761800289154,0.9818298816680908,0.9746776819229126,0.9859129190444946,0.99345862865448,0.9387030601501465,0.9480054378509521,0.9169038534164429,0.9295212626457214,0.5,0.9291270971298218,0.8979067802429199,0.9038862586021423,0.9013721942901611,0.9310115575790405,0.9513837695121765,0.9685651063919067,0.9736647605895996,0.9795089960098267,0.973396360874176,0.9769372940063477,0.9376047849655151,0.9482149481773376,0.9375800490379333,0.9467076063156128,0.9398810863494873,0.936881422996521,0.945281982421875,0.940022349357605,0.9348431825637817,0.815073549747467,0.8932214975357056,4.915292263031006,0.7941411733627319,0.815073549747467
164,0.5036997199058533,0.9820934534072876,0.9811947345733643,0.9808153510093689,0.9811912178993225,0.9799778461456299,0.9794318675994873,0.9848708510398865,0.9836745858192444,0.9799041152000427,0.9799704551696777,0.9812592267990112,0.9833764433860779,0.9836745858192444,0.9799556732177734,0.9784172773361206,0.9749401211738586,0.9860236644744873,0.989869236946106,0.9393513202667236,0.9325917959213257,0.914636492729187,0.9292246103286743,0.5,0.9324496984481812,0.9007793068885803,0.9044173955917358,0.9000190496444702,0.9304736852645874,0.9531048536300659,0.9699018001556396,0.9743826389312744,0.9790551662445068,0.9733049869537354,0.9790706634521484,0.9342450499534607,0.9462495446205139,0.9517087936401367,0.9461666941642761,0.9402527809143066,0.9362927079200745,0.9450845718383789,0.9386634230613708,0.9390085339546204,0.8211396932601929,0.8960018157958984,4.88865327835083,0.7929283380508423,0.8211396932601929
165,0.5058727264404297,0.9827426671981812,0.9821000099182129,0.9801843166351318,0.9804571866989136,0.9816420674324036,0.98275226354599,0.9854351282119751,0.9823768138885498,0.9823735952377319,0.9817444086074829,0.9787509441375732,0.984599769115448,0.980088472366333,0.9812523126602173,0.9806272983551025,0.9741014242172241,0.9882451295852661,0.9911634922027588,0.9365986585617065,0.9520291686058044,0.9133902788162231,0.9224123358726501,0.5,0.936492919921875,0.8984643220901489,0.9036121368408203,0.8965846300125122,0.9317147135734558,0.9493168592453003,0.964974045753479,0.972858190536499,0.9783370494842529,0.9788888692855835,0.979701042175293,0.935306191444397,0.9444960355758667,0.9508364200592041,0.9471726417541504,0.939031183719635,0.9363383054733276,0.9466344118118286,0.9386143684387207,0.9358855485916138,0.8211396932601929,0.8934742212295532,4.826978921890259,0.8027990460395813,0.8211396932601929
166,0.5112423896789551,0.9807124137878418,0.9817477464675903,0.9520092606544495,0.9805530309677124,0.9795278310775757,0.9782046675682068,0.9839127063751221,0.9811807870864868,0.9794356226921082,0.9787822961807251,0.9764325618743896,0.9840199947357178,0.9815667867660522,0.9753462672233582,0.9759136438369751,0.9735581278800964,0.9860982298851013,0.9919904470443726,0.9394250512123108,0.957207202911377,0.9098688364028931,0.9237288236618042,0.5,0.938880443572998,0.9027671813964844,0.9031368494033813,0.900550365447998,0.932621419429779,0.9535140991210938,0.9670553207397461,0.9735581278800964,0.9801660776138306,0.9729479551315308,0.9760369062423706,0.9426918029785156,0.9460062980651855,0.9503618478775024,0.9446717500686646,0.9376978874206543,0.9382669925689697,0.9420289993286133,0.9451876878738403,0.9266592264175415,0.8194853067398071,0.8920496702194214,4.883885860443115,0.8165985345840454,0.8194853067398071
167,0.5043759346008301,0.9828507900238037,0.982300877571106,0.9831886291503906,0.9829493165016174,0.9824885129928589,0.9816589951515198,0.9826376438140869,0.9547298550605774,0.9833241105079651,0.9825870990753174,0.9773609638214111,0.9839719533920288,0.9840582609176636,0.9790281057357788,0.9810920357704163,0.9801770448684692,0.9874004125595093,0.9922680854797363,0.937301754951477,0.9517790079116821,0.9094017148017883,0.9184122681617737,0.5,0.9286680221557617,0.8979865908622742,0.901817798614502,0.8991660475730896,0.9339102506637573,0.9472761154174805,0.968298077583313,0.9736259579658508,0.9795126914978027,0.9720370769500732,0.9775830507278442,0.9421387314796448,0.9394164681434631,0.9494611620903015,0.9427083730697632,0.9362534880638123,0.9340833425521851,0.945498526096344,0.9425681829452515,0.928903341293335,0.8213235139846802,0.8918198347091675,4.940482139587402,0.8130496144294739,0.8213235139846802
168,0.49745553731918335,0.9790436029434204,0.9830164313316345,0.9804571866989136,0.980299711227417,0.9818887710571289,0.9828507900238037,0.9798781871795654,0.9826728105545044,0.9828318357467651,0.98247230052948,0.9764012098312378,0.9844182133674622,0.9826600551605225,0.9761290550231934,0.9796575903892517,0.9758347272872925,0.9876965880393982,0.9895008206367493,0.9428278207778931,0.9532649517059326,0.910727858543396,0.9285035133361816,0.5,0.9301994442939758,0.8907263278961182,0.9052200317382812,0.9022856950759888,0.9313584566116333,0.9477570652961731,0.9655683040618896,0.9743542671203613,0.9801623821258545,0.9735430479049683,0.9766432642936707,0.9405450820922852,0.9448782205581665,0.9531017541885376,0.9387906789779663,0.9232743978500366,0.9350576996803284,0.9448269605636597,0.9420505166053772,0.9303019046783447,0.8246323466300964,0.8939797878265381,4.8894431591033936,0.8100108504295349,0.8246323466300964
169,0.5096607804298401,0.9802473783493042,0.9823041558265686,0.9813756346702576,0.979047417640686,0.978581964969635,0.9807940721511841,0.9810745716094971,0.9837698340415955,0.9807373285293579,0.9807231426239014,0.9770795106887817,0.9845855236053467,0.9853131771087646,0.9786175489425659,0.9822021722793579,0.9738152027130127,0.9879204630851746,0.9904341697692871,0.9403473138809204,0.9561403393745422,0.9035904407501221,0.9202214479446411,0.5,0.9340784549713135,0.8948966264724731,0.909385085105896,0.9082507491111755,0.9319689273834229,0.947014331817627,0.9673148393630981,0.9755219221115112,0.976778507232666,0.9727727174758911,0.9785213470458984,0.9409949779510498,0.9409903287887573,0.950511634349823,0.9421756267547607,0.9369536638259888,0.9326082468032837,0.9393488168716431,0.9412530064582825,0.9219475984573364,0.8183823823928833,0.8913832902908325,4.8886590003967285,0.8092922568321228,0.8183823823928833
170,0.49495890736579895,0.9764846563339233,0.9811842441558838,0.979047417640686,0.9763662815093994,0.9771006107330322,0.9792512059211731,0.9797708988189697,0.9833886623382568,0.9769372940063477,0.9795126914978027,0.9732373952865601,0.9823768138885498,0.9792937636375427,0.9762608408927917,0.9791628122329712,0.9723196029663086,0.9857089519500732,0.989222526550293,0.9393996000289917,0.9533532857894897,0.9057556390762329,0.9158533811569214,0.5,0.9306423664093018,0.8952606916427612,0.9026196002960205,0.8974334597587585,0.9327051639556885,0.9553489089012146,0.9694557189941406,0.9757245779037476,0.9806416034698486,0.9704629182815552,0.9772475957870483,0.9392207860946655,0.9474173188209534,0.954384982585907,0.9461696147918701,0.9372093081474304,0.9395655393600464,0.9471091032028198,0.9449814558029175,0.9257848858833313,0.8286764621734619,0.8918198347091675,4.957215785980225,0.8159269690513611,0.8286764621734619

171,0.4870050847530365,0.978365421295166,0.9813790321350098,0.9787862300872803,0.9765639305114746,0.9769457578659058,0.9809145927429199,0.9779479503631592,0.9811738729476929,0.9787588119506836,0.9808046817779541,0.9717259407043457,0.982943058013916,0.9783893823623657,0.9774235486984253,0.9784857034683228,0.9704470038414001,0.9864789843559265,0.9895967245101929,0.9391791224479675,0.9517157077789307,0.9105329513549805,0.9227005243301392,0.5,0.9374644756317139,0.897850513458252,0.8998284339904785,0.8976973295211792,0.9280101656913757,0.9531509876251221,0.967049241065979,0.9732521772384644,0.9790629148483276,0.968987226486206,0.9787862300872803,0.9393798112869263,0.9447744488716125,0.9497678875923157,0.9435859322547913,0.9365948438644409,0.9384400844573975,0.9430614709854126,0.9421541690826416,0.9305864572525024,0.8272058963775635,0.892302393913269,4.987218856811523,0.8229301571846008,0.8272058963775635
172,0.48972347378730774,0.977599561214447,0.9824690818786621,0.9812051057815552,0.9771301746368408,0.9792358875274658,0.9822119474411011,0.9803142547607422,0.9823735952377319,0.9780483245849609,0.9814575910568237,0.9756502509117126,0.982647180557251,0.9782167673110962,0.9795354008674622,0.9805314540863037,0.9677746891975403,0.9832500219345093,0.9883056879043579,0.943812906742096,0.9516068696975708,0.9081302285194397,0.9217382669448853,0.5,0.9281297922134399,0.8972407579421997,0.9038825631141663,0.8952760696411133,0.9230687618255615,0.9489871263504028,0.9639414548873901,0.9719557166099548,0.9814404249191284,0.9699721932411194,0.9787744283676147,0.9396970868110657,0.9442172050476074,0.9525004625320435,0.943608283996582,0.939083456993103,0.9375348091125488,0.9454663991928101,0.9441652297973633,0.9319576025009155,0.8261029124259949,0.89453125,4.918624639511108,0.7974507808685303,0.8261029124259949
173,0.5042085647583008,0.9794166088104248,0.9806308746337891,0.979701042175293,0.9545392990112305,0.979601263999939,0.9829524755477905,0.9811947345733643,0.980996310710907,0.979505181312561,0.9809252023696899,0.9761596918106079,0.9834932088851929,0.9778760671615601,0.9783170223236084,0.9787214398384094,0.9675096869468689,0.9851091504096985,0.9895008206367493,0.9417953491210938,0.9522429704666138,0.9086666703224182,0.9256410598754883,0.5,0.9295485019683838,0.8969414830207825,0.9082350730895996,0.9059958457946777,0.9269116520881653,0.9509514570236206,0.9624004364013672,0.9723604321479797,0.9768193960189819,0.9659302234649658,0.9730079174041748,0.9380265474319458,0.9454646706581116,0.9460518956184387,0.9433190822601318,0.9361998438835144,0.9388589859008789,0.9378141760826111,0.9405314922332764,0.927973210811615,0.8264706134796143,0.8888556957244873,4.902095079421997,0.8046593070030212,0.8264706134796143
174,0.5061635971069336,0.9779520034790039,0.9807302355766296,0.9789434671401978,0.9761948585510254,0.9799926280975342,0.9812557697296143,0.9804680347442627,0.9811773300170898,0.9774907827377319,0.9810243248939514,0.9752767086029053,0.9807870388031006,0.9795240759849548,0.9779560565948486,0.9802327752113342,0.9696382284164429,0.9838978052139282,0.9862951040267944,0.9430651664733887,0.9569511413574219,0.9073828458786011,0.9266412854194641,0.5,0.9234277009963989,0.9017297029495239,0.9076076745986938,0.906345009803772,0.9339532852172852,0.9448339343070984,0.9623775482177734,0.9725244045257568,0.9776381254196167,0.9630624055862427,0.9695290923118591,0.9421749711036682,0.9474809169769287,0.9470260143280029,0.9405646324157715,0.9343941807746887,0.9370356798171997,0.9456016421318054,0.9411327838897705,0.9259843826293945,0.8147059082984924,0.8919117450714111,4.818794250488281,0.7987805008888245,0.8147059082984924
175,0.49146538972854614,0.9780280590057373,0.980996310710907,0.9773818254470825,0.974884569644928,0.979424238204956,0.9810850620269775,0.9829241037368774,0.9799741506576538,0.9791589975357056,0.983136773109436,0.9757156372070312,0.982761800289154,0.979424238204956,0.9784857034683228,0.9773188233375549,0.9617652893066406,0.9831637144088745,0.9855406284332275,0.9448391795158386,0.958753228187561,0.9138566851615906,0.9222896099090576,0.5,0.9350883960723877,0.8969621658325195,0.90625,0.9050560593605042,0.9309952259063721,0.9491150379180908,0.9657052755355835,0.9744747877120972,0.9763967990875244,0.9640147686004639,0.9698395133018494,0.9430924654006958,0.9408482313156128,0.9462956190109253,0.9443825483322144,0.9369896054267883,0.9380226731300354,0.9453328251838684,0.9408652186393738,0.9230268001556396,0.8211396932601929,0.894094705581665,5.165684223175049,0.8002570271492004,0.8211396932601929
176,0.5037661194801331,0.9799226522445679,0.9819355010986328,0.9781486392021179,0.9772098064422607,0.978693962097168,0.9808012247085571,0.98275226354599,0.9799078702926636,0.9804356098175049,0.985511302947998,0.975258469581604,0.9833917617797852,0.98033607006073,0.9780645370483398,0.9816691279411316,0.9691824913024902,0.9864789843559265,0.9875782132148743,0.9356679916381836,0.9542142748832703,0.9073933362960815,0.9223172664642334,0.5000948309898376,0.9309918284416199,0.8933649063110352,0.9065411686897278,0.9055671691894531,0.9308409690856934,0.9486541152000427,0.9646819829940796,0.9746075868606567,0.977642297744751,0.9670979976654053,0.9720118045806885,0.9357849359512329,0.9314348697662354,0.9466344118118286,0.941220223903656,0.9314253926277161,0.9354360103607178,0.9402831792831421,0.9413844347000122,0.920632004737854,0.8178308606147766,0.8933134078979492,5.234278440475464,0.792279839515686,0.8178308606147766
177,0.4891296923160553,0.9791204929351807,0.9825838804244995,0.9772224426269531,0.9750046133995056,0.9792435169219971,0.9807444214820862,0.9828444719314575,0.9787783622741699,0.9511791467666626,0.9806129932403564,0.9728230834007263,0.9806129932403564,0.9776629209518433,0.9797347187995911,0.9786742925643921,0.9631986618041992,0.9865939617156982,0.9870094060897827,0.9369622468948364,0.9540696144104004,0.9125734567642212,0.9255096316337585,0.5,0.9308348894119263,0.8977638483047485,0.9036453366279602,0.8993936777114868,0.9291698336601257,0.9497510194778442,0.9661723375320435,0.9764977097511292,0.9794394373893738,0.9698283672332764,0.9694536924362183,0.9340505003929138,0.9433295726776123,0.947353720664978,0.9445062875747681,0.9346569776535034,0.9387641549110413,0.9431354403495789,0.9434418678283691,0.931370735168457,0.8209558725357056,0.8947150707244873,4.881684303283691,0.8054958581924438,0.8209558725357056
178,0.49651390314102173,0.9773146510124207,0.9836413860321045,0.9748340845108032,0.9753599166870117,0.9774699807167053,0.9817376732826233,0.9826503992080688,0.9775664806365967,0.9763220548629761,0.9801586866378784,0.9720427989959717,0.9792976379394531,0.9781966209411621,0.9801697134971619,0.9789590239524841,0.9669924378395081,0.9881481528282166,0.9862774014472961,0.9284953474998474,0.957046627998352,0.913428544998169,0.9234936237335205,0.5,0.927321195602417,0.8961727619171143,0.9013282656669617,0.9036557674407959,0.9230800867080688,0.9507107138633728,0.9666604995727539,0.9733591079711914,0.9749124050140381,0.9710843563079834,0.9715207815170288,0.9361204504966736,0.9422325491905212,0.9472118616104126,0.9354521632194519,0.9337170124053955,0.93984055519104,0.9436397552490234,0.9428119659423828,0.9282656908035278,0.8251838088035583,0.8928998112678528,4.930720806121826,0.8142715692520142,0.8251838088035583
179,0.49867644906044006,0.980911135673523,0.9831305742263794,0.9776753187179565,0.9746263027191162,0.9777429103851318,0.9824787974357605,0.9815157055854797,0.9785174131393433,0.9800811409950256,0.9803650379180908,0.9750692844390869,0.9814609885215759,0.9785581827163696,0.9811912178993225,0.9783250093460083,0.9664020538330078,0.9854387044906616,0.9866482615470886,0.9404962062835693,0.9551234245300293,0.9027248620986938,0.9153828024864197,0.5,0.92452472448349,0.8941154479980469,0.9008932113647461,0.8976258039474487,0.934897780418396,0.9470674991607666,0.9653254151344299,0.9752858877182007,0.9778556823730469,0.9717435836791992,0.9744747877120972,0.9416651129722595,0.9451253414154053,0.9441465139389038,0.9421718120574951,0.9374187588691711,0.9422577023506165,0.9470697641372681,0.9384872913360596,0.9275631904602051,0.8240808844566345,0.891957700252533,4.8782570362091064,0.8109968304634094,0.8240808844566345
180,0.47905659675598145,0.9803433418273926,0.9827491044998169,0.9802728891372681,0.9765812158584595,0.9773943424224854,0.9841357469558716,0.98275226354599,0.9783010482788086,0.9816386699676514,0.9808188676834106,0.9731748104095459,0.9809041023254395,0.974344789981842,0.9790590405464172,0.9788745641708374,0.9637721180915833,0.9861239194869995,0.9851722121238708,0.9376862049102783,0.9517157077789307,0.9093589782714844,0.9149179458618164,0.5,0.9202290773391724,0.8949117064476013,0.903376579284668,0.9024660587310791,0.9324734210968018,0.948921263217926,0.9669811725616455,0.9746216535568237,0.9761290550231934,0.9740055799484253,0.9755219221115112,0.9342056512832642,0.9401558637619019,0.9461166858673096,0.9436711072921753,0.9366982579231262,0.941149115562439,0.9454866647720337,0.9439888000488281,0.9312813878059387,0.828125,0.8955882787704468,4.854325294494629,0.7968762516975403,0.828125

181,0.5038278698921204,0.9781526327133179,0.9816386699676514,0.9786546230316162,0.9762080311775208,0.9767355918884277,0.9838531017303467,0.9806523323059082,0.9778516292572021,0.9789783954620361,0.9816420674324036,0.9743258357048035,0.9822583198547363,0.9787940382957458,0.9795429706573486,0.9789056777954102,0.9706804752349854,0.9882364273071289,0.9857221841812134,0.9341322183609009,0.9503360986709595,0.9050009250640869,0.9165874719619751,0.5,0.9277303218841553,0.8934691548347473,0.9003605842590332,0.9035755395889282,0.9242886304855347,0.9503872990608215,0.9664082527160645,0.9740583896636963,0.9773146510124207,0.9743375778198242,0.9766691327095032,0.9372776746749878,0.9472171068191528,0.9491541385650635,0.9413787126541138,0.9383727312088013,0.9362572431564331,0.9423326253890991,0.9361168146133423,0.9240282773971558,0.8187500238418579,0.891957700252533,4.905375719070435,0.8136997222900391,0.8187500238418579
182,0.49261927604675293,0.9802619218826294,0.9805386066436768,0.9741411209106445,0.9763706922531128,0.9782408475875854,0.9808934926986694,0.9834009408950806,0.9784013032913208,0.9813041090965271,0.9814678430557251,0.9748799800872803,0.9792397022247314,0.9792627096176147,0.978581964969635,0.9789668321609497,0.965491771697998,0.9851311445236206,0.9844153523445129,0.9300079941749573,0.9506069421768188,0.9149867296218872,0.9266679286956787,0.5,0.9261305332183838,0.8917094469070435,0.9005498886108398,0.8949571847915649,0.9267275333404541,0.9497413039207458,0.9689061641693115,0.9738345146179199,0.978585958480835,0.9687674045562744,0.9709796905517578,0.9335834980010986,0.9492281675338745,0.9497123956680298,0.9455713033676147,0.9365123510360718,0.936035692691803,0.9452399015426636,0.9360259771347046,0.9192181825637817,0.8248161673545837,0.8912224173545837,4.9679951667785645,0.8091225028038025,0.8248161673545837
183,0.4948112964630127,0.9799778461456299,0.980623722076416,0.9767484664916992,0.9768535494804382,0.9768151044845581,0.9495238065719604,0.9834961891174316,0.9758525490760803,0.9817511439323425,0.981833279132843,0.9735190868377686,0.9814712405204773,0.9811807870864868,0.9795013666152954,0.9807124137878418,0.9641802310943604,0.9851906299591064,0.9815735816955566,0.939170241355896,0.9498814344406128,0.9147220849990845,0.9303270578384399,0.5,0.9277458190917969,0.8950875997543335,0.8980059623718262,0.8943166732788086,0.9319431185722351,0.9461978673934937,0.9633852243423462,0.9721145033836365,0.973621129989624,0.9724278450012207,0.9677687883377075,0.9333956837654114,0.9449207782745361,0.9513216614723206,0.9442796111106873,0.9402416348457336,0.9345437288284302,0.9442793130874634,0.9385786056518555,0.9286645650863647,0.8215073347091675,0.8914521932601929,4.965315580368042,0.8211250305175781,0.8215073347091675
184,0.4965634047985077,0.9795126914978027,0.9792512059211731,0.9771386384963989,0.9759970903396606,0.9751845002174377,0.9802656173706055,0.9844038486480713,0.9769415259361267,0.9822119474411011,0.9788511395454407,0.9729854464530945,0.9790551662445068,0.9787548780441284,0.9743992686271667,0.9765812158584595,0.9616519212722778,0.9844968318939209,0.9810278415679932,0.939170241355896,0.9492216110229492,0.9148513078689575,0.9311575889587402,0.5,0.9249714612960815,0.8953178524971008,0.8970084190368652,0.8996011018753052,0.9251642227172852,0.9471206665039062,0.9638364911079407,0.9715709686279297,0.9766604900360107,0.9730605483055115,0.9692747592926025,0.9347704648971558,0.943722128868103,0.9479515552520752,0.9461666941642761,0.9347704648971558,0.9343453049659729,0.9457954168319702,0.9402194023132324,0.9252327680587769,0.8226103186607361,0.8909696340560913,4.965752601623535,0.811324417591095,0.8226103186607361
185,0.4933018982410431,0.9794166088104248,0.9809252023696899,0.9774318337440491,0.9763444662094116,0.9776958227157593,0.983397901058197,0.9829304218292236,0.9777839183807373,0.9835975170135498,0.9797784090042114,0.9749216437339783,0.9810068607330322,0.978809654712677,0.9785372018814087,0.9795278310775757,0.9676437973976135,0.9851988554000854,0.9793890714645386,0.940939724445343,0.9515304565429688,0.9166350364685059,0.9182937145233154,0.5,0.9275047183036804,0.8931826949119568,0.8974310159683228,0.90108323097229,0.9291674494743347,0.9484412670135498,0.9687153100967407,0.9724271297454834,0.9774152040481567,0.9666913747787476,0.9686980247497559,0.9369622468948364,0.942665696144104,0.9453343152999878,0.9395205974578857,0.9353400468826294,0.9308837652206421,0.9463255405426025,0.9392982721328735,0.9225404262542725,0.8229779601097107,0.8913143873214722,5.0383241176605225,0.7966750264167786,0.8229779601097107
186,0.49180033802986145,0.9768706560134888,0.9825838804244995,0.9780402183532715,0.9756547212600708,0.9770210385322571,0.9804319739341736,0.9817477464675903,0.9579373598098755,0.9801440834999084,0.9780483245849609,0.9761202335357666,0.9828349947929382,0.9791243076324463,0.977302074432373,0.9792435169219971,0.9647145867347717,0.9841607809066772,0.981225848197937,0.9402956962585449,0.9569591879844666,0.9147684574127197,0.9201290011405945,0.5,0.9353489279747009,0.8933725357055664,0.8999620676040649,0.9008011817932129,0.9261934757232666,0.9470338821411133,0.9642393589019775,0.9729854464530945,0.977184534072876,0.9665120840072632,0.969683051109314,0.9353843331336975,0.9416418075561523,0.9431838989257812,0.9414665699005127,0.9332465529441833,0.9320000410079956,0.9438775777816772,0.9372563362121582,0.9215083718299866,0.8152573704719543,0.8913602828979492,4.8979270458221436,0.8037731051445007,0.8152573704719543
187,0.47489026188850403,0.9801733493804932,0.9823703169822693,0.975983738899231,0.9752630591392517,0.978348970413208,0.9807231426239014,0.9821099042892456,0.9750738143920898,0.9810173511505127,0.9807231426239014,0.9752813577651978,0.982011079788208,0.9791358709335327,0.976001501083374,0.9792320728302002,0.9653583765029907,0.9838858842849731,0.9812189340591431,0.9378393888473511,0.952254593372345,0.9162383079528809,0.9201290607452393,0.5,0.9281232357025146,0.8985176682472229,0.9024947881698608,0.9054849147796631,0.927621603012085,0.9433265924453735,0.9622082114219666,0.9703983664512634,0.9752767086029053,0.9649074077606201,0.9739851951599121,0.9357249736785889,0.9392254948616028,0.9435648918151855,0.9399664998054504,0.9341250658035278,0.9300166964530945,0.9478236436843872,0.93790602684021,0.9162954688072205,0.8314338326454163,0.8932445049285889,4.880203723907471,0.8049948811531067,0.8314338326454163
188,0.4779265522956848,0.9783090353012085,0.9816182851791382,0.9758079051971436,0.9739660024642944,0.9806380271911621,0.9795089960098267,0.9825581312179565,0.9734513163566589,0.9797122478485107,0.9790319204330444,0.9755670428276062,0.9812085628509521,0.9798929691314697,0.9750784635543823,0.9780361652374268,0.9645357131958008,0.984623908996582,0.9825174808502197,0.9412860870361328,0.9504183530807495,0.913117527961731,0.922055721282959,0.5,0.9269940853118896,0.9024274349212646,0.9017704129219055,0.8988015651702881,0.9212744235992432,0.9464318752288818,0.9618659615516663,0.973912239074707,0.9739948511123657,0.9656226634979248,0.9723451137542725,0.9350467324256897,0.9453414678573608,0.9493412375450134,0.9422433376312256,0.9406354427337646,0.9340200424194336,0.9378664493560791,0.9454140663146973,0.9238989353179932,0.8272058963775635,0.894094705581665,4.877793073654175,0.8215471506118774,0.8272058963775635
189,0.49790477752685547,0.9791628122329712,0.9793510437011719,0.9736308455467224,0.9736405611038208,0.9792128801345825,0.9780442714691162,0.9797047972679138,0.9740583896636963,0.9802583456039429,0.9769712686538696,0.974773645401001,0.9833825826644897,0.9801770448684692,0.9766389727592468,0.9759970903396606,0.9670542478561401,0.9868615865707397,0.9822447299957275,0.9405542016029358,0.954147219657898,0.912771999835968,0.9231356382369995,0.5,0.9242211580276489,0.9009308815002441,0.9021244049072266,0.8993920087814331,0.9281936883926392,0.9428044557571411,0.9647756814956665,0.9715709686279297,0.9759358167648315,0.9680674076080322,0.972831130027771,0.9360649585723877,0.945354700088501,0.9432176351547241,0.9403524994850159,0.9309192299842834,0.9320758581161499,0.9447236061096191,0.9402943253517151,0.9185701012611389,0.8165441155433655,0.8932675123214722,5.008709192276001,0.7947770953178406,0.8165441155433655
190,0.488515168428421,0.9783370494842529,0.9794318675994873,0.9716129302978516,0.9719246625900269,0.9782288074493408,0.9764803647994995,0.9781445860862732,0.9739660024642944,0.9778393507003784,0.9773188233375549,0.9730875492095947,0.9817342758178711,0.977814793586731,0.9740679264068604,0.9741123914718628,0.9623129367828369,0.9853540658950806,0.9810208082199097,0.942102313041687,0.9545454978942871,0.9099218845367432,0.9230257272720337,0.5,0.926082968711853,0.893896222114563,0.9036567211151123,0.899809718132019,0.9295066595077515,0.9423856735229492,0.9616168737411499,0.9716789722442627,0.9768151044845581,0.9667592644691467,0.9752119779586792,0.939461886882782,0.9469091892242432,0.9398715496063232,0.942729651927948,0.9370473623275757,0.931370735168457,0.9439694881439209,0.9400334358215332,0.9274972081184387,0.8237132430076599,0.8921415209770203,4.918853044509888,0.8090998530387878,0.8237132430076599

191,0.4850628077983856,0.9781243801116943,0.9791204929351807,0.9729082584381104,0.9734464287757874,0.976999819278717,0.9785094857215881,0.9820867776870728,0.9728782176971436,0.9766476154327393,0.979701042175293,0.9755760431289673,0.9819121360778809,0.9780523777008057,0.9764499664306641,0.9731994867324829,0.9616589546203613,0.9863989353179932,0.9809252023696899,0.9353271126747131,0.9564810991287231,0.9138259291648865,0.9225137829780579,0.5,0.9284356832504272,0.8942179679870605,0.899505615234375,0.8995624780654907,0.9303497076034546,0.9445674419403076,0.9635387659072876,0.9719505310058594,0.9767570495605469,0.9698907136917114,0.9716894030570984,0.9329211115837097,0.93776535987854,0.9496195912361145,0.9432029724121094,0.9395288228988647,0.9349117875099182,0.9443413615226746,0.9378483891487122,0.9296743869781494,0.8238970637321472,0.8930606842041016,4.998227119445801,0.8092613220214844,0.8238970637321472
192,0.4822424352169037,0.9808046817779541,0.9782046675682068,0.9745387434959412,0.9724017381668091,0.9758480787277222,0.9806380271911621,0.9791436195373535,0.9722273349761963,0.9779479503631592,0.9789590239524841,0.9758391380310059,0.9791436195373535,0.9782288074493408,0.9738398790359497,0.9747512340545654,0.9611694812774658,0.9840563535690308,0.9795542359352112,0.9376404285430908,0.9509859085083008,0.912090003490448,0.9205776453018188,0.5,0.92877596616745,0.8963159918785095,0.9023927450180054,0.9026196002960205,0.9214804768562317,0.9445366859436035,0.9590665102005005,0.9687672853469849,0.9751570224761963,0.967056393623352,0.9745387434959412,0.9248457551002502,0.9451978206634521,0.9524340629577637,0.9390357732772827,0.939205527305603,0.934920072555542,0.9463491439819336,0.9299197196960449,0.9276425838470459,0.8286764621734619,0.893750011920929,4.962324380874634,0.8212257623672485,0.8286764621734619
193,0.4955742657184601,0.9811668992042542,0.9805458188056946,0.9766260385513306,0.9753462672233582,0.9777593612670898,0.9808259606361389,0.9813687801361084,0.9745340347290039,0.9783170223236084,0.9807266592979431,0.9762212038040161,0.9821988344192505,0.9808082580566406,0.9748572111129761,0.977080225944519,0.9636414051055908,0.9842534065246582,0.977080225944519,0.9374533295631409,0.9490023851394653,0.9139662981033325,0.9123326539993286,0.5,0.9308134317398071,0.8966108560562134,0.8995620608329773,0.893938422203064,0.9233986139297485,0.9440449476242065,0.9624861478805542,0.9729555249214172,0.9776711463928223,0.9617450833320618,0.9750784635543823,0.9388536214828491,0.9482278823852539,0.9509584903717041,0.9389292001724243,0.9402749538421631,0.9346089363098145,0.943359375,0.9383014440536499,0.9201053380966187,0.8183823823928833,0.8928079009056091,5.124862432479858,0.8136343955993652,0.8183823823928833
194,0.48341768980026245,0.976673424243927,0.9786978960037231,0.9752904176712036,0.9723502397537231,0.9784212112426758,0.9823540449142456,0.9809075593948364,0.971288800239563,0.9781405925750732,0.9780442714691162,0.9775073528289795,0.9830446243286133,0.978501558303833,0.9758034944534302,0.980911135673523,0.9694592952728271,0.9827936887741089,0.9774442911148071,0.9376285672187805,0.9512194991111755,0.9132876396179199,0.9189763069152832,0.5,0.9267455339431763,0.8887940645217896,0.8965811729431152,0.9039193391799927,0.9259681105613708,0.9435528516769409,0.965526819229126,0.9742192029953003,0.9754612445831299,0.9658585786819458,0.971418023109436,0.931491494178772,0.9488013386726379,0.9528790712356567,0.9396998882293701,0.9427509307861328,0.9367464184761047,0.9455833435058594,0.9394023418426514,0.929049015045166,0.8237132430076599,0.892693042755127,4.9303812980651855,0.8191537857055664,0.8237132430076599
195,0.4915163516998291,0.9798929691314697,0.9809252023696899,0.9762958884239197,0.9755399227142334,0.9767441749572754,0.9810068607330322,0.9802619218826294,0.9752813577651978,0.9797197580337524,0.9777305126190186,0.978762686252594,0.9825774431228638,0.9804644584655762,0.9761290550231934,0.9796823263168335,0.9692165851593018,0.9829051494598389,0.9773480892181396,0.939693808555603,0.9484661817550659,0.9031895399093628,0.9175405502319336,0.5,0.9219313263893127,0.8971590995788574,0.8986512422561646,0.8943421244621277,0.9251285791397095,0.9433474540710449,0.9630177617073059,0.9690093994140625,0.973324716091156,0.9665864706039429,0.9768620729446411,0.9302238821983337,0.9441132545471191,0.9526423215866089,0.9408811926841736,0.9379650354385376,0.9355047941207886,0.9392193555831909,0.9396198391914368,0.9237476587295532,0.8137867450714111,0.8925092220306396,4.984549283981323,0.7882502675056458,0.8137867450714111
196,0.49072715640068054,0.97757887840271,0.9785661697387695,0.9762080311775208,0.9740822315216064,0.9759491682052612,0.9797896146774292,0.9821889996528625,0.9717972278594971,0.9788511395454407,0.9748294353485107,0.9767484664916992,0.9823106527328491,0.9792550206184387,0.9748984575271606,0.9781163334846497,0.9646017551422119,0.9843547344207764,0.9754838943481445,0.9367292523384094,0.9510757923126221,0.9152445793151855,0.9079139232635498,0.5000950694084167,0.9242165088653564,0.8956117033958435,0.8939172029495239,0.8973994255065918,0.9264901876449585,0.9401180744171143,0.9648343324661255,0.970051646232605,0.9743542671203613,0.962949275970459,0.9714996814727783,0.9410834312438965,0.9436593651771545,0.9481797814369202,0.9385932683944702,0.9358114004135132,0.9374534487724304,0.9406244158744812,0.9346411228179932,0.9248931407928467,0.8185662031173706,0.892302393913269,4.936142206192017,0.8010208010673523,0.8185662031173706
197,0.4864104688167572,0.9795429706573486,0.9797933101654053,0.9752767086029053,0.9753780961036682,0.9787940382957458,0.9804356098175049,0.9832072257995605,0.9741888046264648,0.9777122735977173,0.9788939952850342,0.9779601693153381,0.9681587219238281,0.9815430045127869,0.9777593612670898,0.9771386384963989,0.9661999940872192,0.9843344688415527,0.9769924879074097,0.9343738555908203,0.9488233327865601,0.9040025472640991,0.9141664505004883,0.5,0.9250618815422058,0.8918790817260742,0.8939133882522583,0.8937097787857056,0.929602861404419,0.9452952146530151,0.9661661386489868,0.9678966999053955,0.9742335081100464,0.963545560836792,0.9705719947814941,0.9395747780799866,0.9224159121513367,0.9511585235595703,0.9415535926818848,0.9338850975036621,0.9332590103149414,0.9486441612243652,0.9375,0.9238263368606567,0.8266544342041016,0.891796886920929,4.930032730102539,0.8139645457267761,0.8266544342041016
198,0.47772109508514404,0.9794545769691467,0.9806344509124756,0.9753462672233582,0.9766647815704346,0.9796973466873169,0.9793205261230469,0.9812085628509521,0.977213978767395,0.9779682755470276,0.9781526327133179,0.9772056341171265,0.983124315738678,0.9786860942840576,0.9768578410148621,0.9772266149520874,0.9640878438949585,0.9800925850868225,0.9782207012176514,0.936704158782959,0.9527949094772339,0.9083396792411804,0.9113878607749939,0.5,0.9282056093215942,0.8893435001373291,0.899809718132019,0.899314820766449,0.9219675064086914,0.938664436340332,0.9614601135253906,0.9695515632629395,0.9744134545326233,0.9661549925804138,0.9676883220672607,0.93996262550354,0.9399664998054504,0.9445478320121765,0.9354599714279175,0.9268836975097656,0.9313452243804932,0.93901526927948,0.9354988932609558,0.9202008843421936,0.8301470875740051,0.8938189744949341,4.840666055679321,0.8239714503288269,0.8301470875740051
199,0.4701809287071228,0.9805601835250854,0.9808970093727112,0.9726836681365967,0.9754748344421387,0.9809252023696899,0.981095552444458,0.9844095706939697,0.9773480892181396,0.9822943210601807,0.9809893369674683,0.9766647815704346,0.9822878241539001,0.9795429706573486,0.9780766367912292,0.9792205095291138,0.9661563634872437,0.9839814901351929,0.9727489948272705,0.9253932237625122,0.9545878171920776,0.9092623591423035,0.9222159385681152,0.5,0.9343128204345703,0.8900668621063232,0.8940694332122803,0.9001518487930298,0.9263167977333069,0.9433474540710449,0.9633740186691284,0.971278190612793,0.9733787775039673,0.9690568447113037,0.9708755612373352,0.9386325478553772,0.9412583112716675,0.9499906897544861,0.9403789043426514,0.9377674460411072,0.934928297996521,0.941548764705658,0.9337360858917236,0.9232917428016663,0.8235294222831726,0.8938648700714111,4.844905138015747,0.8069648742675781,0.8235294222831726
200,0.47633475065231323,0.9806416034698486,0.9807159900665283,0.972135066986084,0.975456714630127,0.9792473316192627,0.9782729148864746,0.9819087982177734,0.9764012098312378,0.9772979021072388,0.9788939952850342,0.9747185707092285,0.9828571081161499,0.9790590405464172,0.9769457578659058,0.9760191440582275,0.9589028358459473,0.9822485446929932,0.9746683835983276,0.9315720796585083,0.9521673917770386,0.9074746370315552,0.9160479307174683,0.5,0.9297827482223511,0.8873400688171387,0.8918662071228027,0.8973528742790222,0.9286258220672607,0.9386287927627563,0.9641865491867065,0.9662859439849854,0.97508305311203,0.9647756814956665,0.9725497364997864,0.9431076049804688,0.9432432651519775,0.9479843974113464,0.9431627988815308,0.9359569549560547,0.9316151738166809,0.9416961073875427,0.9342178106307983,0.9231698513031006,0.8288602828979492,0.8923943042755127,4.8551177978515625,0.8147590756416321,0.8288602828979492

201,0.4836842715740204,0.9787862300872803,0.9793662428855896,0.972728967666626,0.9731401205062866,0.9792627096176147,0.9798855781555176,0.9809322357177734,0.9759970903396606,0.9762124419212341,0.9795278310775757,0.975258469581604,0.9791397452354431,0.9803541898727417,0.9770506620407104,0.9759091734886169,0.9546209573745728,0.981927752494812,0.9687211513519287,0.9341564178466797,0.9499063491821289,0.9039810299873352,0.9067953824996948,0.5,0.9306024312973022,0.880562961101532,0.8943554162979126,0.900894045829773,0.9253591299057007,0.940645158290863,0.9653511047363281,0.9696662425994873,0.9763880968093872,0.963631272315979,0.9713758230209351,0.9411544799804688,0.9352403879165649,0.9485512971878052,0.9403234720230103,0.940312385559082,0.9361780881881714,0.9395400285720825,0.9406354427337646,0.9261015057563782,0.8284926414489746,0.8930376768112183,5.092702388763428,0.8223804831504822,0.8284926414489746
202,0.4822371006011963,0.9574699401855469,0.9798119068145752,0.9725092649459839,0.9715102314949036,0.9760147333145142,0.9797933101654053,0.9795126914978027,0.9761948585510254,0.9767054915428162,0.9784132838249207,0.9708325862884521,0.9821758270263672,0.9809075593948364,0.9753871560096741,0.9738881587982178,0.9598082304000854,0.9839577078819275,0.970224916934967,0.9271160960197449,0.9431890249252319,0.9057626724243164,0.9207723140716553,0.5,0.9237062335014343,0.888195276260376,0.8878655433654785,0.8944010734558105,0.9191148281097412,0.9417896270751953,0.9632202982902527,0.9697751998901367,0.9748984575271606,0.965079665184021,0.9696550369262695,0.9367064833641052,0.940467357635498,0.9501581192016602,0.9399516582489014,0.9390650987625122,0.9403414726257324,0.9466245174407959,0.9423540234565735,0.9262659549713135,0.8257352709770203,0.8927159905433655,4.890130043029785,0.8243660926818848,0.8257352709770203
203,0.4761156737804413,0.9797858595848083,0.9829555749893188,0.9741792678833008,0.9731649160385132,0.978289008140564,0.9797047972679138,0.9798855781555176,0.9764846563339233,0.9759314060211182,0.9799926280975342,0.9753826260566711,0.9816454648971558,0.9796426296234131,0.9764890670776367,0.9760103225708008,0.9602398872375488,0.9820137023925781,0.9660158157348633,0.9311858415603638,0.9532710313796997,0.9054465889930725,0.9202483296394348,0.5,0.9263367652893066,0.8903182744979858,0.8900817036628723,0.8960903286933899,0.9202263355255127,0.9419700503349304,0.9634982347488403,0.9683520793914795,0.972975492477417,0.9674999713897705,0.9737230539321899,0.9365198016166687,0.938629150390625,0.9473439455032349,0.9408811926841736,0.9352624416351318,0.931750476360321,0.9366381168365479,0.9403856992721558,0.9218401908874512,0.8338235020637512,0.8942785263061523,4.92456841468811,0.8236233592033386,0.8338235020637512
204,0.48897314071655273,0.9765293002128601,0.9826632142066956,0.9702194333076477,0.9724322557449341,0.9771803617477417,0.9479992389678955,0.9791358709335327,0.9753553867340088,0.9730478525161743,0.9788706302642822,0.9732620716094971,0.9795316457748413,0.9810885190963745,0.9772014021873474,0.9758257865905762,0.9601884484291077,0.9808084964752197,0.9686119556427002,0.9306644201278687,0.9512926340103149,0.9066654443740845,0.9139267206192017,0.5,0.9281778335571289,0.8891217708587646,0.8956513404846191,0.8981832265853882,0.9189549684524536,0.9413175582885742,0.9630555510520935,0.9704474210739136,0.9758079051971436,0.9688658118247986,0.9702029228210449,0.9432220458984375,0.9405977725982666,0.948775053024292,0.9378132820129395,0.9370473623275757,0.9326155185699463,0.9380687475204468,0.9413511753082275,0.9240059852600098,0.8165441155433655,0.8920266628265381,5.035974740982056,0.810694694519043,0.8165441155433655
205,0.4775312542915344,0.976190447807312,0.9813515543937683,0.9744606018066406,0.9752210378646851,0.9765898585319519,0.9807905554771423,0.9776835441589355,0.9752165079116821,0.977599561214447,0.9790358543395996,0.9750876426696777,0.9814712405204773,0.9543321132659912,0.9784132838249207,0.9773188233375549,0.9600847959518433,0.9826594591140747,0.9710972309112549,0.9352908134460449,0.9524654150009155,0.9079298377037048,0.9197190999984741,0.5,0.9232689738273621,0.8888888955116272,0.8931283354759216,0.8980703353881836,0.9175385236740112,0.9419848918914795,0.9602851271629333,0.9725964069366455,0.9748061895370483,0.9686572551727295,0.9690093994140625,0.932187557220459,0.9404805898666382,0.9460264444351196,0.9363501071929932,0.9356158971786499,0.931265115737915,0.9373142719268799,0.9436684846878052,0.9270716905593872,0.8290441036224365,0.8915441036224365,4.926511287689209,0.8223926424980164,0.8290441036224365
206,0.4732731878757477,0.9713810682296753,0.9800811409950256,0.9725041389465332,0.9737278819084167,0.9755961894989014,0.9757290482521057,0.9806344509124756,0.9727608561515808,0.9777675271034241,0.9775540232658386,0.9730726480484009,0.9798967242240906,0.982011079788208,0.9767699241638184,0.9759224653244019,0.9539753198623657,0.9792476892471313,0.9672372341156006,0.9279019832611084,0.9506027102470398,0.9113864302635193,0.9264957308769226,0.5,0.9241215586662292,0.8917945623397827,0.9007045030593872,0.901330828666687,0.9268176555633545,0.9371417760848999,0.9627501964569092,0.9684443473815918,0.9725812673568726,0.961524248123169,0.9654726982116699,0.9393317103385925,0.9381146430969238,0.9446614980697632,0.939241886138916,0.9381615519523621,0.9315857887268066,0.9394726753234863,0.9290592670440674,0.9213807582855225,0.8261029124259949,0.8947840332984924,4.909119129180908,0.7986461520195007,0.8261029124259949
207,0.4670218527317047,0.9724118709564209,0.9791474342346191,0.971278190612793,0.9738544225692749,0.9756412506103516,0.9761334657669067,0.9776160717010498,0.9525761604309082,0.9775830507278442,0.9748061895370483,0.9737423658370972,0.9795429706573486,0.9782127141952515,0.9757380485534668,0.9758525490760803,0.9580645561218262,0.9841578602790833,0.9711998701095581,0.9324483871459961,0.9527014493942261,0.9046065211296082,0.9153934717178345,0.5,0.9246640205383301,0.8941758871078491,0.8990100622177124,0.9023326635360718,0.9232954978942871,0.9363116025924683,0.9642393589019775,0.9695571660995483,0.974266767501831,0.965514063835144,0.9680576324462891,0.9343481063842773,0.940119206905365,0.9439806938171387,0.9366982579231262,0.9319069385528564,0.9270601272583008,0.9419559240341187,0.9376626014709473,0.9174739122390747,0.8329043984413147,0.8941176533699036,4.890456676483154,0.828538715839386,0.8329043984413147

