epoch,loss,accuracy,balanced_accuracy,balanced_accuracy_A13,balanced_accuracy_A14,balanced_accuracy_A15b,balanced_accuracy_A16,balanced_accuracy_A17a,balanced_accuracy_A19a,balanced_accuracy_A1a,balanced_accuracy_A1b,balanced_accuracy_A1c,balanced_accuracy_A32,balanced_accuracy_A33,balanced_accuracy_A34,balanced_accuracy_A4b2,balanced_accuracy_A7a,balanced_accuracy_A9,balanced_accuracy_B1,balanced_accuracy_B2a,balanced_accuracy_B3,balanced_accuracy_C13aa,balanced_accuracy_C13bb,balanced_accuracy_C14_100,balanced_accuracy_C14_120,balanced_accuracy_C14_20,balanced_accuracy_C14_30,balanced_accuracy_C14_50,balanced_accuracy_C14_60,balanced_accuracy_C14_70,balanced_accuracy_C14_80,balanced_accuracy_C17a,balanced_accuracy_C17b_80,balanced_accuracy_C17c,balanced_accuracy_C17d,balanced_accuracy_C1a,balanced_accuracy_C2,balanced_accuracy_C3e3,balanced_accuracy_D1a1,balanced_accuracy_D1a4,balanced_accuracy_D1a5,balanced_accuracy_D1a6,balanced_accuracy_D1a7,balanced_accuracy_D2a1,balanced_accuracy_D2a2,balanced_accuracy_D3,balanced_accuracy_invalid,epoch_elapsed,f1,recall
0,2.9268906116485596,0.4277573525905609,0.7025991678237915,0.5,0.5,0.49963071942329407,0.49916958808898926,0.4994468092918396,0.49953874945640564,0.5,0.49990788102149963,0.5,0.49926117062568665,0.4974188804626465,0.4998154938220978,0.4984299838542938,0.49990764260292053,0.5,0.5,0.49972236156463623,0.5,0.5,0.4993445575237274,0.4991087317466736,0.5051862001419067,0.50822913646698,0.5086135268211365,0.4968842566013336,0.6121153235435486,0.49697428941726685,0.5,0.4999077618122101,0.49990740418434143,0.5,0.4996310770511627,0.49972254037857056,0.499723345041275,0.5213636159896851,0.5,0.5,0.49879270792007446,0.49925869703292847,0.5,0.4987882077693939,0.4999067783355713,0.497393399477005,0.6035150289535522,5.770681858062744,0.01769484020769596,0.4277573525905609
1,2.2128453254699707,0.5027573704719543,0.7906121611595154,0.5,0.5,0.5,0.5,0.5,0.5,0.5,0.5,0.5,0.5,0.5,0.5,0.5,0.5,0.5,0.5,0.5,0.5,0.5,0.5,0.6519924402236938,0.6659767627716064,0.8541451096534729,0.6926960349082947,0.6560627222061157,0.7586909532546997,0.529411792755127,0.5609756112098694,0.5,0.5,0.5,0.5,0.5,0.5,0.5,0.5,0.5,0.5,0.5,0.5,0.5,0.5,0.5,0.5020434260368347,5.430741548538208,0.01521269977092743,0.5027573704719543

2,1.947507381439209,0.5012867450714111,0.8399068117141724,0.5,0.5,0.5,0.5,0.5,0.5,0.5,0.5,0.5,0.5,0.5,0.5,0.5,0.5,0.5,0.5,0.5,0.5,0.5,0.5,0.863842248916626,0.8451459407806396,0.9552778005599976,0.7804924249649048,0.8837445974349976,0.8455110192298889,0.7742482423782349,0.8749629259109497,0.5,0.5,0.5,0.5,0.5,0.5,0.5,0.5,0.5,0.5,0.5,0.5,0.5,0.5,0.5,0.5,5.434404611587524,0.015177488327026367,0.5012867450714111
3,1.8364688158035278,0.49209558963775635,0.8674418926239014,0.5,0.5,0.5,0.5,0.5,0.5,0.5,0.5,0.5,0.5,0.5,0.5,0.5,0.5,0.5,0.5,0.5,0.5,0.5,0.5,0.9761301279067993,0.9686726331710815,0.9936383962631226,0.908042311668396,0.9609261155128479,0.9432039260864258,0.969197154045105,0.9928639531135559,0.5,0.5,0.5,0.5,0.5,0.5,0.5,0.5,0.5,0.5,0.5,0.5,0.5,0.5,0.5,0.5,5.522024631500244,0.014990984462201595,0.49209558963775635
4,1.6746318340301514,0.5102941393852234,0.8763829469680786,0.5,0.5,0.5,0.5,0.5,0.5,0.5,0.5,0.5,0.5,0.5,0.5,0.5,0.5,0.5,0.5,0.6219512224197388,0.5,0.5,0.5,0.9761497974395752,0.9626230001449585,0.9854452013969421,0.971407413482666,0.9805724024772644,0.9390405416488647,0.9849117398262024,0.9726629853248596,0.5,0.5,0.5,0.5,0.5,0.5,0.5561797618865967,0.5,0.5383685231208801,0.5,0.5,0.5,0.5,0.5,0.5,0.5,5.655134439468384,0.015358059667050838,0.5102941393852234
5,1.6259130239486694,0.49319854378700256,0.8764641284942627,0.5,0.5,0.5,0.5,0.5,0.5,0.5,0.5,0.5,0.5,0.5,0.5,0.5,0.5,0.5,0.5,0.78125,0.5,0.5232558250427246,0.5057205557823181,0.9682690501213074,0.9592127799987793,0.9742640256881714,0.9580167531967163,0.9633587598800659,0.9485154151916504,0.9843304753303528,0.9421103000640869,0.5,0.5520833134651184,0.5,0.5,0.5,0.5,0.6433979272842407,0.5,0.7074543833732605,0.5,0.5,0.611940324306488,0.5169491767883301,0.5,0.5,0.5,5.578542947769165,0.01501348614692688,0.49319854378700256
6,1.53500497341156,0.49816176295280457,0.893980860710144,0.5,0.5,0.5,0.5,0.5,0.5,0.5,0.5,0.5,0.5,0.5,0.5,0.5,0.5,0.5,0.5,0.9880547523498535,0.5,0.678947389125824,0.6564720273017883,0.9689270853996277,0.9653700590133667,0.9683279395103455,0.944994330406189,0.9440633058547974,0.9345260858535767,0.9821428656578064,0.9587609171867371,0.5,0.7126732468605042,0.5,0.5,0.5465116500854492,0.5,0.8434693217277527,0.53125,0.7363776564598083,0.5,0.666573703289032,0.7102476358413696,0.649160623550415,0.5230769515037537,0.546875,0.5,5.509120225906372,0.015114333480596542,0.49816176295280457
7,1.4312626123428345,0.5060662031173706,0.917454719543457,0.5,0.5,0.5,0.5,0.5,0.5,0.5,0.5,0.5,0.5,0.5,0.5,0.5,0.5,0.5,0.5,0.9991677403450012,0.5,0.9996265769004822,0.9185634255409241,0.9655270576477051,0.9417096376419067,0.9600720405578613,0.9439696073532104,0.9384776949882507,0.9423696994781494,0.963546633720398,0.947983980178833,0.5,0.7399072051048279,0.5,0.5,0.8780487775802612,0.5,0.988577127456665,0.5950521230697632,0.726190447807312,0.5454545617103577,0.7875781059265137,0.7617188096046448,0.8070175647735596,0.6229839324951172,0.6481481790542603,0.5,5.588166952133179,0.015273571014404297,0.5060662031173706
8,1.3847525119781494,0.49669116735458374,0.9175167083740234,0.5,0.5,0.5,0.5,0.5,0.5,0.5,0.5,0.5,0.5,0.5,0.5,0.5,0.5,0.5,0.5,0.9990737438201904,0.5,0.9997199773788452,0.9530214071273804,0.9630681872367859,0.9255602359771729,0.9572600722312927,0.9412940144538879,0.932908296585083,0.9463608860969543,0.9550551176071167,0.9474586248397827,0.5,0.7373148202896118,0.5,0.5,0.9863014221191406,0.5,0.9997206330299377,0.7498139142990112,0.7950823307037354,0.7164179086685181,0.7260438203811646,0.7752819061279297,0.7365634441375732,0.6581474542617798,0.789203405380249,0.5,5.665811538696289,0.015084522776305676,0.49669116735458374
9,1.287473201751709,0.5064338445663452,0.9324170351028442,0.5,0.5,0.5,0.5,0.5,0.5,0.5,0.5,0.5,0.5,0.5,0.5,0.5,0.5,0.5,0.5,0.9987010955810547,0.5,0.9993468523025513,0.9993469715118408,0.9612380862236023,0.9438010454177856,0.9330340027809143,0.9316020011901855,0.9498858451843262,0.946472704410553,0.9336948394775391,0.9438010454177856,0.5,0.7349253296852112,0.5,0.5,0.999721884727478,0.5,0.9990661144256592,0.8170883655548096,0.8926087617874146,0.7280701398849487,0.9159215092658997,0.8189635276794434,0.7766417264938354,0.7913878560066223,0.7344591021537781,0.5,5.468233346939087,0.022189626470208168,0.5064338445663452
10,1.2244504690170288,0.5318014621734619,0.9360058903694153,0.5,0.5,0.5,0.5,0.5,0.5,0.5,0.5,0.5,0.5,0.5,0.5,0.5,0.5,0.5,0.5,0.9989820718765259,0.5,0.9989700317382812,0.9993467330932617,0.945734977722168,0.9532736539840698,0.9450465440750122,0.9424795508384705,0.9618812799453735,0.9418826103210449,0.9480494856834412,0.9476399421691895,0.5,0.7724498510360718,0.5,0.5,0.9992597103118896,0.5,0.9992520809173584,0.8661644458770752,0.9478552341461182,0.8582403659820557,0.9051372408866882,0.8359816670417786,0.8106788396835327,0.8997219800949097,0.797829270362854,0.5,5.413736820220947,0.05544324591755867,0.5318014621734619

11,1.1685316562652588,0.6115809082984924,0.9400777816772461,0.5,0.5,0.5,0.5,0.5,0.5,0.5,0.5,0.5,0.5,0.5,0.5,0.5,0.5,0.5,0.5,0.9980580806732178,0.5,0.9980377554893494,0.999252438545227,0.9457430839538574,0.9520547986030579,0.9551926851272583,0.9498003721237183,0.9682223796844482,0.9468571543693542,0.9400763511657715,0.9439893364906311,0.5,0.7823306322097778,0.5,0.5,0.9988901615142822,0.5,0.9991579055786133,0.9167890548706055,0.947079598903656,0.9320175647735596,0.966376543045044,0.8456403017044067,0.8646312952041626,0.9115376472473145,0.8352778553962708,0.5,5.409124374389648,0.13965554535388947,0.6115809082984924

12,1.1139237880706787,0.7231617569923401,0.9429570436477661,0.5,0.5,0.5,0.5,0.5,0.5,0.5,0.5,0.5,0.5,0.5,0.5,0.5,0.5,0.5,0.5,0.998334527015686,0.5,0.9987843632698059,0.9984150528907776,0.9538973569869995,0.9504846930503845,0.9650076627731323,0.9496286511421204,0.967252254486084,0.947517991065979,0.930860161781311,0.9463707208633423,0.5,0.9975939393043518,0.5,0.5,0.9987938404083252,0.5,0.9990679025650024,0.9119767546653748,0.994325578212738,0.970124363899231,0.982589840888977,0.9447345733642578,0.9240208864212036,0.8949753642082214,0.8165652751922607,0.5,5.5741660594940186,0.21376650035381317,0.7231617569923401

13,1.0548659563064575,0.7632352709770203,0.9455540180206299,0.5,0.5,0.5,0.5,0.5,0.5,0.5,0.5,0.5,0.5,0.5,0.5,0.5,0.5,0.5,0.5,0.9987020492553711,0.5,0.9978476762771606,0.9985066652297974,0.9682765007019043,0.9626808762550354,0.9640342593193054,0.9553690552711487,0.9634863138198853,0.9628193378448486,0.9515393376350403,0.9646924734115601,0.5,0.9982420206069946,0.5,0.5,0.9990742206573486,0.5,0.9979450702667236,0.9986069798469543,0.9920989274978638,0.9996277689933777,0.9993482232093811,0.9984177350997925,0.9318274855613708,0.9312741756439209,0.866016149520874,0.5,5.628879547119141,0.2556251585483551,0.7632352709770203

14,1.0055841207504272,0.7863970398902893,0.9507096409797668,0.5,0.5,0.5,0.5,0.5,0.5,0.5,0.5,0.5,0.5,0.5,0.5,0.5,0.5,0.5,0.5,0.9986118674278259,0.5,0.9982272386550903,0.9981276988983154,0.9745101928710938,0.9650455713272095,0.9679597020149231,0.9576303362846375,0.971540093421936,0.9697285890579224,0.9653897285461426,0.9726066589355469,0.5,0.997040331363678,0.5,0.5,0.9991680383682251,0.5,0.9980359077453613,0.9973058700561523,0.9934076070785522,0.9991637468338013,0.997207760810852,0.9958170652389526,0.9951609969139099,0.9981398582458496,0.9375747442245483,0.5,5.414996862411499,0.2744995653629303,0.7863970398902893

15,0.9638418555259705,0.800000011920929,0.9500982761383057,0.5,0.5,0.5,0.5,0.5,0.5,0.5,0.5,0.5,0.5,0.5,0.5,0.5,0.5,0.5,0.5,0.9986121654510498,0.5,0.9982253313064575,0.9979469776153564,0.9747627973556519,0.971075177192688,0.9770642518997192,0.9732650518417358,0.972670316696167,0.9720745086669922,0.9779188632965088,0.9792183041572571,0.5,0.9975894689559937,0.5,0.5,0.9984256029129028,0.5,0.9971033334732056,0.998421847820282,0.9952672719955444,0.998977541923523,0.9947006702423096,0.9974907040596008,0.9950724840164185,0.99833083152771,0.9986064434051514,0.5,5.453159809112549,0.297520250082016,0.800000011920929

16,0.9288606643676758,0.8147059082984924,0.9506134390830994,0.5,0.5,0.5,0.5,0.5,0.5,0.5,0.5,0.5,0.5,0.5,0.5,0.5,0.5,0.5,0.5,0.9977831244468689,0.5,0.9985965490341187,0.9984145164489746,0.9728881120681763,0.9808057546615601,0.9749335050582886,0.9765758514404297,0.9816644191741943,0.9663187861442566,0.9824244976043701,0.9811195135116577,0.5,0.9971269369125366,0.5,0.5,0.9995366334915161,0.5,0.998220682144165,0.9978580474853516,0.9946116805076599,0.9990713596343994,0.9942378997802734,0.9965574741363525,0.9940520524978638,0.9989765882492065,0.9954410195350647,0.5,5.681694269180298,0.3631727695465088,0.8147059082984924

17,0.8497829437255859,0.8645220398902893,0.9573123455047607,0.5,0.5,0.5,0.5,0.5,0.5,0.5,0.5,0.5,0.5,0.5,0.5,0.5,0.5,0.5,0.5,0.9982401132583618,0.5,0.9983205795288086,0.9979397058486938,0.9741953611373901,0.9848427772521973,0.9823405742645264,0.9776743650436401,0.9864660501480103,0.9735187292098999,0.9870550036430359,0.9874691367149353,0.6190476417541504,0.9972288608551025,0.5,0.5,0.9983320832252502,0.5,0.997666597366333,0.9984197616577148,0.9954392910003662,0.9982361793518066,0.9964703321456909,0.99609375,0.9946096539497375,0.9974888563156128,0.9944071769714355,0.5,5.592096567153931,0.4377366900444031,0.8645220398902893

18,0.8314317464828491,0.8613970875740051,0.9529134035110474,0.5,0.5,0.5,0.5,0.5,0.5,0.5,0.5,0.5,0.5,0.5,0.5,0.5,0.5,0.6457409858703613,0.5,0.9984276294708252,0.5,0.9976635575294495,0.9974766373634338,0.9814568161964417,0.9824813604354858,0.9858740568161011,0.9842385053634644,0.9899697303771973,0.9817559719085693,0.9866477251052856,0.9875664710998535,0.7953622341156006,0.9973127841949463,0.49990779161453247,0.4999077320098877,0.9987039566040039,0.5,0.9971017241477966,0.9978687763214111,0.9960074424743652,0.9976731538772583,0.9973078370094299,0.9974020719528198,0.99460768699646,0.9974020719528198,0.9926484227180481,0.5,5.473391056060791,0.44244685769081116,0.8613970875740051
19,0.781230092048645,0.8683823347091675,0.9576371908187866,0.7083333134651184,0.5,0.5,0.5,0.5,0.4999076724052429,0.5,0.5,0.5,0.5,0.5,0.5,0.5,0.5,1.0,0.5,0.9987961053848267,0.5384615659713745,0.9979416131973267,0.9979408383369446,0.990415632724762,0.9819459915161133,0.9884718060493469,0.9886277914047241,0.9940091371536255,0.979897141456604,0.9909884333610535,0.989821195602417,0.9090908765792847,0.9974093437194824,0.625,0.5,0.9987068176269531,0.5882353186607361,0.9971936345100403,0.997774064540863,0.9958240389823914,0.9972150325775146,0.9973063468933105,0.9971210956573486,0.994255006313324,0.9974020719528198,0.9931290745735168,0.5,5.503450632095337,0.4477512240409851,0.8683823347091675
20,0.7560834288597107,0.8654412031173706,0.9655993580818176,1.0,0.5,0.49990782141685486,0.5,0.49990764260292053,0.6388888955116272,0.54347825050354,0.5,0.5,0.5,0.5,0.5,0.5,0.5,1.0,0.8809523582458496,0.9985185265541077,1.0,0.996727705001831,0.9985954761505127,0.9888337850570679,0.9912048578262329,0.9902424812316895,0.9916094541549683,0.9909764528274536,0.9843572378158569,0.9903773069381714,0.9903427362442017,1.0,0.9970375895500183,0.8333333730697632,0.5555555820465088,0.9992586970329285,0.9800000190734863,0.9975700974464417,0.9978604316711426,0.9967478513717651,0.9972087740898132,0.9978652000427246,0.9976809024810791,0.9967472553253174,0.9981423020362854,0.9948042631149292,0.5,5.656747341156006,0.44769757986068726,0.8654412031173706

21,0.7210668921470642,0.875,0.9706887006759644,1.0,0.4999077320098877,0.4999077320098877,0.5,0.8421052694320679,0.6800000071525574,1.0,0.550000011920929,0.5,0.5,0.5,0.5,0.5,0.5,1.0,1.0,0.9979629516601562,1.0,0.9980406761169434,0.9979416131973267,0.9907724857330322,0.9919247627258301,0.9921072721481323,0.9893576502799988,0.9915463924407959,0.9911680817604065,0.9928896427154541,0.9912713766098022,1.0,0.9965727925300598,0.9999077916145325,0.7288897037506104,0.9985176920890808,1.0,0.9975682497024536,0.9972082376480103,0.9945238828659058,0.9960014820098877,0.9970226883888245,0.9973033666610718,0.995820939540863,0.9973987340927124,0.9944144487380981,0.5,5.719865322113037,0.4684702455997467,0.875

22,0.6964788436889648,0.8926470875740051,0.9749166369438171,1.0,0.7272727489471436,0.5600000023841858,0.5,0.7631579041481018,0.6764705777168274,0.9346902966499329,1.0,0.5,0.5833333134651184,0.5,0.7940254211425781,0.5,0.5,0.9999077320098877,1.0,0.9986097812652588,1.0,0.9968996644020081,0.9982249736785889,0.9922053217887878,0.9923838376998901,0.9940125346183777,0.9931663274765015,0.9939186573028564,0.9934498071670532,0.9934659004211426,0.9921072721481323,0.9999077320098877,0.996674656867981,1.0,0.9990777969360352,0.9993504285812378,1.0,0.997758686542511,0.9978636503219604,0.9974949359893799,0.9957137107849121,0.9975872039794922,0.9978628158569336,0.9936578869819641,0.9976739883422852,0.9944248199462891,0.5,5.535162925720215,0.515635073184967,0.8926470875740051

23,0.650312066078186,0.9060661792755127,0.9790505170822144,1.0,0.71419358253479,0.8823529481887817,0.5651251077651978,1.0,0.8333333730697632,1.0,1.0,0.5,0.7222222089767456,0.5,0.8435656428337097,0.5,0.5,1.0,0.9999077320098877,0.9985171556472778,1.0,0.997663140296936,0.9970177412033081,0.99210125207901,0.9924256801605225,0.993344783782959,0.9941893815994263,0.9921606183052063,0.9927715063095093,0.9932726621627808,0.9917722940444946,1.0,0.9972221851348877,0.9997230768203735,0.9993541240692139,0.9983339309692383,0.9999078512191772,0.997663140296936,0.9977732300758362,0.9975818395614624,0.9930387735366821,0.9977703094482422,0.9972129464149475,0.9926702976226807,0.9965562224388123,0.9925484657287598,0.5,5.561737537384033,0.5507030487060547,0.9060661792755127

24,0.6348504424095154,0.9101102948188782,0.981985330581665,0.9999078512191772,0.9210526347160339,0.9523809552192688,0.6589986085891724,1.0,0.692307710647583,1.0,0.9999078512191772,0.5263158082962036,0.890625,0.6000000238418579,0.7186578512191772,0.5,0.6428571343421936,1.0,0.9998154640197754,0.9985165596008301,1.0,0.9970104694366455,0.9976596236228943,0.9917441606521606,0.9914236664772034,0.9903171062469482,0.9915221929550171,0.9898327589035034,0.9914171695709229,0.9937357902526855,0.9897454977035522,0.9999077320098877,0.9968442916870117,0.9989843368530273,0.9987998604774475,0.9982420206069946,0.9999074935913086,0.9972004890441895,0.997110903263092,0.9971210956573486,0.997867226600647,0.9978621006011963,0.9961817860603333,0.9964742660522461,0.9973953366279602,0.9937720894813538,0.5,5.337100505828857,0.5636231899261475,0.9101102948188782
25,0.5890981554985046,0.9170956015586853,0.9870319366455078,1.0,0.9374076724052429,1.0,0.9090908765792847,0.9999078512191772,0.8235294222831726,0.9998154640197754,1.0,0.7058823704719543,1.0,0.7630656957626343,0.7776855826377869,0.49990782141685486,1.0,0.9999077916145325,0.9998157024383545,0.9979550242424011,0.9999078512191772,0.9977582693099976,0.9978576898574829,0.9938154220581055,0.9935163855552673,0.9930396676063538,0.9932199716567993,0.9933282136917114,0.9940997362136841,0.9933511018753052,0.9919201135635376,1.0,0.9972206354141235,0.9989861845970154,0.9977892637252808,0.9987063407897949,0.9998157024383545,0.9976583123207092,0.9967362880706787,0.997031569480896,0.9973053336143494,0.9980472326278687,0.9966623783111572,0.9969325065612793,0.9961881637573242,0.9939590692520142,0.5,5.469163417816162,0.5651320815086365,0.9170956015586853

26,0.5747951865196228,0.9113970398902893,0.9875513315200806,1.0,1.0,1.0,0.8947368860244751,0.9999077320098877,0.875,0.9998154640197754,1.0,0.7941176891326904,0.9999075531959534,0.800000011920929,0.7250000238418579,0.5,0.9999076724052429,0.9999076128005981,0.9998154640197754,0.9987978935241699,0.9999078512191772,0.9979469776153564,0.9975727796554565,0.9947768449783325,0.995329737663269,0.993811845779419,0.993729829788208,0.9941232204437256,0.9926694631576538,0.9940307140350342,0.9921177625656128,0.9999076724052429,0.9960207343101501,0.9984328746795654,0.9975988268852234,0.9985201358795166,0.9998157620429993,0.9972051382064819,0.9959152936935425,0.9979519844055176,0.9979531168937683,0.9970226883888245,0.9962859749794006,0.9955240488052368,0.9973093271255493,0.9948827624320984,0.5,5.280180215835571,0.5766700506210327,0.9113970398902893
27,0.5480614900588989,0.914338231086731,0.9897400736808777,1.0,1.0,0.999722957611084,1.0,1.0,0.9999077320098877,1.0,0.9999078512191772,0.9583333730697632,1.0,0.8055555820465088,0.96875,0.49990785121917725,0.9998157024383545,0.9999076128005981,0.9995388984680176,0.99833083152771,0.9999079704284668,0.998509407043457,0.9975587129592896,0.9925700426101685,0.993059515953064,0.9926972389221191,0.9941959977149963,0.992973804473877,0.9936214685440063,0.9939463138580322,0.9911798238754272,0.9998152852058411,0.9963855743408203,0.9984326362609863,0.9974179267883301,0.9979633092880249,0.9998154640197754,0.9968189001083374,0.9960842728614807,0.9971178770065308,0.9974874258041382,0.9975849986076355,0.9972139596939087,0.9958232641220093,0.997491180896759,0.9967435598373413,0.5,5.158219575881958,0.596168041229248,0.914338231086731
28,0.5332494974136353,0.9102941155433655,0.9902423620223999,1.0,0.9999078512191772,0.9999077320098877,1.0,1.0,1.0,0.9999078512191772,1.0,1.0,0.9999078512191772,0.9166666269302368,0.9999078512191772,0.5,0.9999076128005981,0.9999077320098877,0.9999077916145325,0.9980566501617432,0.9998158812522888,0.9981273412704468,0.997380256652832,0.9943809509277344,0.9941827058792114,0.9951493144035339,0.9947569370269775,0.9942125082015991,0.9941927194595337,0.994390606880188,0.9918878078460693,0.9998155832290649,0.9976843595504761,0.9988018274307251,0.9983401298522949,0.9979629516601562,0.999262273311615,0.9978580474853516,0.9970177412033081,0.998142659664154,0.9981419444084167,0.9980493783950806,0.9986971616744995,0.9985127449035645,0.9984191656112671,0.9985119104385376,0.5,5.243147850036621,0.6030120849609375,0.9102941155433655
29,0.5133938193321228,0.9090073704719543,0.9907874464988708,1.0,0.9999077916145325,0.9999077320098877,1.0,1.0,0.9999077320098877,0.9999077320098877,1.0,1.0,1.0,1.0,1.0,0.49990788102149963,1.0,0.9992610216140747,0.9998153448104858,0.9986116290092468,0.9998159408569336,0.9971967935562134,0.9973733425140381,0.9934422969818115,0.9933282136917114,0.9936541318893433,0.9957337975502014,0.9947528839111328,0.9940046072006226,0.9941142797470093,0.9915076494216919,0.9997230768203735,0.9961994886398315,0.9988932013511658,0.9975992441177368,0.9986095428466797,0.9998155236244202,0.9977540969848633,0.9957185387611389,0.9974020719528198,0.9972144961357117,0.997400164604187,0.9969342350959778,0.997307300567627,0.9975872039794922,0.9975831508636475,0.5,5.363913536071777,0.6184043884277344,0.9090073704719543
30,0.4925481081008911,0.9150735139846802,0.9903215169906616,1.0,1.0,0.9999076128005981,0.9998154640197754,0.9999076128005981,0.9999076724052429,0.9993534088134766,0.9999078512191772,1.0,1.0,1.0,1.0,0.5,0.9999078512191772,0.999354362487793,0.9997232556343079,0.9986134171485901,0.9996318817138672,0.997097373008728,0.9976561069488525,0.9937310218811035,0.9927069544792175,0.994300901889801,0.9946757555007935,0.9928734302520752,0.993916392326355,0.9949581623077393,0.9922068119049072,0.9998156428337097,0.9972196817398071,0.9987077713012695,0.9983401298522949,0.9985193014144897,0.9997233152389526,0.9974775910377502,0.9969267845153809,0.9971189498901367,0.997679591178894,0.9969347715377808,0.9976761341094971,0.9966598749160767,0.9973973035812378,0.9972139596939087,0.5,5.64550256729126,0.6842494606971741,0.9150735139846802

31,0.47324812412261963,0.934926450252533,0.991016149520874,0.9996314644813538,0.9999077320098877,1.0,1.0,0.9999076724052429,0.9999077320098877,0.9986124038696289,1.0,1.0,1.0,1.0,1.0,0.6875,1.0,0.9994462728500366,0.9996313452720642,0.9986108541488647,0.9998157620429993,0.9976639747619629,0.9967204332351685,0.9921326637268066,0.993344783782959,0.9936383962631226,0.9941616058349609,0.9933599233627319,0.9937142729759216,0.993940532207489,0.9924603700637817,0.9998154640197754,0.996206521987915,0.9978762865066528,0.9976010322570801,0.9981487989425659,0.999723494052887,0.9972866773605347,0.997204065322876,0.998047947883606,0.9981450438499451,0.997673511505127,0.9972186088562012,0.9974883794784546,0.9974920749664307,0.9971216320991516,0.5,5.437328100204468,0.7812396883964539,0.934926450252533

32,0.4586528241634369,0.9380514621734619,0.9914949536323547,0.9999077320098877,0.9999077916145325,0.999722957611084,1.0,0.9997230768203735,0.9998153448104858,0.9980645179748535,0.9998152256011963,0.9997228980064392,1.0,0.9999077320098877,1.0,0.9545454978942871,1.0,0.9995388984680176,0.99944669008255,0.9983358383178711,0.9999078512191772,0.9974766373634338,0.9971857070922852,0.9950664043426514,0.9937357902526855,0.9934609532356262,0.9949610233306885,0.9931572079658508,0.9942147135734558,0.9955178499221802,0.9921934604644775,0.9991692900657654,0.9962043762207031,0.997509241104126,0.9975101351737976,0.998613715171814,0.9998153448104858,0.9958924651145935,0.9968289136886597,0.9969370365142822,0.9968371987342834,0.995907723903656,0.9961874485015869,0.9966610670089722,0.9967460036277771,0.9959152936935425,0.4996330142021179,5.2816081047058105,0.8163496851921082,0.9380514621734619
33,0.4323841631412506,0.9468749761581421,0.9921340942382812,0.9997230768203735,0.999445915222168,0.9999078512191772,0.9998154640197754,0.9999076128005981,1.0,0.9980652332305908,0.9998156428337097,0.9995390772819519,1.0,0.9999077320098877,0.9998154640197754,1.0,0.9997232556343079,0.9998155236244202,0.9996310472488403,0.9985204339027405,0.9998159408569336,0.9986015558242798,0.9973772764205933,0.9939152002334595,0.993830680847168,0.9936432838439941,0.9946635961532593,0.9938236474990845,0.9932419657707214,0.9951419234275818,0.9925799369812012,0.999723494052887,0.9967610836029053,0.9981518983840942,0.9979723691940308,0.9987965226173401,0.9998154044151306,0.9978464841842651,0.9975777864456177,0.9985124468803406,0.9981436729431152,0.9978636503219604,0.9979550242424011,0.9984241724014282,0.9979565143585205,0.9976774454116821,0.4998163878917694,5.189801931381226,0.8562055230140686,0.9468749761581421

34,0.42089220881462097,0.9588235020637512,0.9919010400772095,1.0,0.999354362487793,1.0,0.9999077320098877,1.0,1.0,0.9981549978256226,1.0,0.9991689920425415,1.0,0.9996305704116821,0.9999077320098877,0.9999077916145325,0.9998152256011963,1.0,0.9999077916145325,0.9989786148071289,0.9998159408569336,0.997472882270813,0.997852087020874,0.9944086074829102,0.9942922592163086,0.9933180809020996,0.9957126379013062,0.9942114353179932,0.9952380657196045,0.9946503639221191,0.9935299754142761,0.9999077320098877,0.9964814782142639,0.997697114944458,0.9980638027191162,0.9985182285308838,0.9997230768203735,0.9970204830169678,0.9970226883888245,0.9975791573524475,0.9975786805152893,0.9965574741363525,0.996755063533783,0.997865617275238,0.9978652000427246,0.9962853193283081,0.4998113214969635,5.336758613586426,0.9345864653587341,0.9588235020637512

35,0.4067349135875702,0.9621323347091675,0.991950273513794,1.0,0.9986162185668945,0.9998154640197754,1.0,0.9997236728668213,1.0,0.9973212480545044,1.0,0.9985228776931763,1.0,0.9999077320098877,1.0,1.0,0.9999077320098877,0.9992613196372986,0.9996305704116821,0.997774064540863,1.0,0.9972927570343018,0.9974752068519592,0.9941882491111755,0.9936190843582153,0.993836522102356,0.9949514269828796,0.9958277940750122,0.9941682815551758,0.9948853850364685,0.9942059516906738,0.9997232556343079,0.9968541860580444,0.9969528913497925,0.997965931892395,0.9982414245605469,0.9996305704116821,0.9981294870376587,0.9974907040596008,0.9974006414413452,0.9969370365142822,0.9969319105148315,0.997576892375946,0.9974920749664307,0.9976766109466553,0.9971173405647278,0.5021520853042603,5.58331036567688,0.9547730684280396,0.9621323347091675
36,0.3890930116176605,0.960661768913269,0.9920015335083008,0.9999078512191772,0.9989850521087646,0.9999077916145325,0.9999076128005981,0.9999077916145325,0.9999077320098877,0.9976041316986084,0.9998154640197754,0.9978770613670349,1.0,0.9997231960296631,0.9998157024383545,0.9999077320098877,0.999723494052887,0.9976933002471924,0.9994461536407471,0.9979599714279175,1.0,0.9982266426086426,0.9982256293296814,0.9932445287704468,0.9947798252105713,0.9946818351745605,0.9955525994300842,0.9938012361526489,0.994394838809967,0.9944919347763062,0.9942245483398438,0.999538779258728,0.9962072372436523,0.9970484972000122,0.9979686141014099,0.998242974281311,0.9993541240692139,0.99756920337677,0.9976774454116821,0.9981402158737183,0.997218132019043,0.997400164604187,0.9974859952926636,0.9971135854721069,0.9975831508636475,0.9977670311927795,0.5017034411430359,5.149768829345703,0.9538926482200623,0.960661768913269
37,0.372639000415802,0.9647058844566345,0.9917621612548828,0.9997232556343079,0.9993546009063721,0.9998155832290649,1.0,0.9998157024383545,0.9999077916145325,0.9985239505767822,0.9999077320098877,0.9985239505767822,0.9999078512191772,0.9999077320098877,1.0,0.9998154044151306,1.0,0.9987096786499023,0.9993548393249512,0.998424768447876,0.9996311664581299,0.9975709915161133,0.9974808692932129,0.9934460520744324,0.9933497905731201,0.9963788986206055,0.994860053062439,0.9952390193939209,0.9942300319671631,0.9948639869689941,0.9933511018753052,0.9992614388465881,0.995648980140686,0.9969540238380432,0.9976041316986084,0.9987044334411621,0.9996306896209717,0.997758686542511,0.9972129464149475,0.9974976778030396,0.9965587854385376,0.9961768388748169,0.9965651631355286,0.9970288276672363,0.9968307018280029,0.9973068237304688,0.5007516145706177,5.368085145950317,0.9663251042366028,0.9647058844566345
38,0.3584848642349243,0.9647058844566345,0.9917471408843994,0.9998157620429993,0.9985261559486389,0.9999078512191772,0.9998155832290649,0.9999078512191772,0.9999076724052429,0.9980663061141968,0.9997237920761108,0.9977867603302002,0.9999076724052429,0.9997230768203735,0.9999077320098877,0.9999076724052429,0.9999076724052429,0.9982472658157349,0.9994463920593262,0.998334527015686,0.9997240304946899,0.9971926212310791,0.997383177280426,0.9944656491279602,0.9945858716964722,0.9954407215118408,0.9955281019210815,0.9952471256256104,0.9941030740737915,0.9955195188522339,0.9933180809020996,0.9996309876441956,0.996112585067749,0.9968652129173279,0.9975087642669678,0.9982420206069946,0.9999077916145325,0.997849702835083,0.9976739883422852,0.9980435967445374,0.9981440305709839,0.9979546070098877,0.9974888563156128,0.9961966276168823,0.9973924160003662,0.9983252286911011,0.5005242228507996,5.620052814483643,0.9726732969284058,0.9647058844566345
39,0.3532186448574066,0.9659926295280457,0.9916082620620728,1.0,0.9990768432617188,0.9996309876441956,0.9997234344482422,0.9999077320098877,0.999445378780365,0.9981546401977539,0.9998154640197754,0.9983413219451904,0.9998157620429993,0.9990771412849426,0.9997233152389526,1.0,0.999354362487793,0.9988927841186523,0.9996309876441956,0.9984264969825745,0.9996318221092224,0.9985066652297974,0.9975627660751343,0.9947758316993713,0.9942878484725952,0.9948766231536865,0.9948659539222717,0.9945086240768433,0.9944981932640076,0.9946757555007935,0.992750883102417,0.9995388388633728,0.9958286881446838,0.9971402287483215,0.9966752529144287,0.9989814758300781,0.9991689920425415,0.9975746273994446,0.9974949359893799,0.9964703321456909,0.9972983002662659,0.9972160458564758,0.9972124099731445,0.9968307018280029,0.9971141219139099,0.9974935054779053,0.5014694929122925,5.558218240737915,0.9729307889938354,0.9659926295280457
40,0.34078362584114075,0.966176450252533,0.9916167855262756,0.9998154044151306,0.9985226392745972,0.999723494052887,0.9994469881057739,1.0,0.9988014101982117,0.9982436895370483,0.9998154640197754,0.9984308481216431,1.0,0.9988014101982117,0.9999078512191772,0.9998155832290649,0.9989839196205139,0.9981515407562256,0.99944669008255,0.9984253644943237,0.9998159408569336,0.9974841475486755,0.9976574182510376,0.9951456189155579,0.9948766231536865,0.9959094524383545,0.9949667453765869,0.9955323338508606,0.9943171143531799,0.9941030740737915,0.9934498071670532,0.9998154640197754,0.9963908791542053,0.9970495700836182,0.9964976906776428,0.9986116290092468,0.9988932013511658,0.9972912073135376,0.9974962472915649,0.9975809454917908,0.9971205592155457,0.9977694749832153,0.9968389868736267,0.9970232248306274,0.9982368350028992,0.997397780418396,0.5002105832099915,5.377735614776611,0.9738059043884277,0.966176450252533

41,0.33014756441116333,0.9654411673545837,0.991561233997345,0.9994457960128784,0.9988930225372314,0.9999077320098877,0.9999076724052429,1.0,0.9992626905441284,0.997692883014679,0.9998154640197754,0.9986175298690796,0.9999077320098877,0.998986005783081,1.0,1.0,0.9978758692741394,0.9976001381874084,0.9994462728500366,0.9984288215637207,0.9999078512191772,0.9987850189208984,0.9983236789703369,0.9956240653991699,0.9951474666595459,0.994857132434845,0.9953306913375854,0.9950532913208008,0.995629072189331,0.9957894682884216,0.9944465756416321,0.9995386600494385,0.994636595249176,0.9966807961463928,0.9968611598014832,0.9985188245773315,0.9999078512191772,0.9978553056716919,0.9975899457931519,0.9967454075813293,0.9964697360992432,0.9972015023231506,0.9969347715377808,0.9977657794952393,0.9979557991027832,0.9968448281288147,0.5012205839157104,5.543333292007446,0.97385573387146,0.9654411673545837
42,0.3238142132759094,0.9639706015586853,0.9915206432342529,0.9983401298522949,0.999262809753418,0.9998156428337097,1.0,0.9997235536575317,0.9998157024383545,0.9978758692741394,0.9997233152389526,0.9989863634109497,0.9992610216140747,0.9994459748268127,0.9997230768203735,0.9999077320098877,0.9980595111846924,0.9978805780410767,0.9988932013511658,0.9987068176269531,0.9997236728668213,0.9979485273361206,0.9967325925827026,0.9943926930427551,0.9943830966949463,0.9957175254821777,0.9947619438171387,0.9937286376953125,0.9963926076889038,0.9951456189155579,0.9931545853614807,0.9992619752883911,0.9960222244262695,0.9972314834594727,0.9964951276779175,0.9986095428466797,0.9996311664581299,0.9970110654830933,0.9971194863319397,0.9973053336143494,0.9973982572555542,0.9973063468933105,0.9971194863319397,0.9972103834152222,0.9970204830169678,0.9976800680160522,0.5014986991882324,5.52863335609436,0.9707788228988647,0.9639706015586853
43,0.30586177110671997,0.9700367450714111,0.9918241500854492,0.9988913536071777,0.9988011717796326,0.9998153448104858,0.9998155832290649,0.9999076128005981,0.999722957611084,0.9987084865570068,0.99852454662323,0.9989848732948303,0.9988919496536255,0.9988014101982117,1.0,0.9998154640197754,0.9987080097198486,0.9988930225372314,0.9997236132621765,0.9982407093048096,0.9998157024383545,0.998222291469574,0.9985063076019287,0.9958134889602661,0.9940862655639648,0.9951502084732056,0.995163083076477,0.9956282377243042,0.9945981502532959,0.9963005185127258,0.9941109418869019,0.9996309280395508,0.9964821338653564,0.9967712163925171,0.9967730045318604,0.9983317852020264,0.999261736869812,0.9980432391166687,0.9974953532218933,0.997491180896759,0.997674822807312,0.9969313740730286,0.9973008632659912,0.9978616237640381,0.9969290494918823,0.9969347715377808,0.5000032186508179,5.6297619342803955,0.978809654712677,0.9700367450714111

44,0.2928457260131836,0.96875,0.9915462732315063,0.9980605840682983,0.9988009929656982,0.9987082481384277,1.0,0.9997234344482422,0.9988002777099609,0.9977864027023315,0.9988919496536255,0.9979689717292786,0.9987106323242188,0.9986167550086975,0.9999077320098877,0.9999077916145325,0.9979681968688965,0.99797123670578,0.9996309876441956,0.9983311891555786,0.999815821647644,0.9983168244361877,0.9984105825424194,0.9948776364326477,0.9943073987960815,0.9953563213348389,0.9955289363861084,0.9950617551803589,0.9964922666549683,0.9956132173538208,0.9942103624343872,0.9995385408401489,0.9956561923027039,0.9966802000999451,0.9963113069534302,0.9983336329460144,0.9994460940361023,0.9972927570343018,0.9968442916870117,0.9972160458564758,0.9968389868736267,0.9968389868736267,0.9965593814849854,0.9967484474182129,0.9972124099731445,0.9971243143081665,0.5028740763664246,5.7226722240448,0.9755290150642395,0.96875
45,0.29523834586143494,0.9674632549285889,0.9915569424629211,0.9985253810882568,0.9991698861122131,0.9990769624710083,0.9997234344482422,0.9998153448104858,0.9989840984344482,0.9986164569854736,0.9987053871154785,0.9987072944641113,0.9992630481719971,0.9989835619926453,1.0,0.9993536472320557,0.9986164569854736,0.9987070560455322,0.9994473457336426,0.9984276294708252,0.9997239708900452,0.997944712638855,0.9979431629180908,0.9937641620635986,0.9951649904251099,0.9946768283843994,0.9946696758270264,0.9946990013122559,0.9950429201126099,0.9944803714752197,0.9938271641731262,0.9995388984680176,0.9955571889877319,0.9968605637550354,0.9969523549079895,0.9987000823020935,0.9994457960128784,0.9972891807556152,0.9975863695144653,0.9977716207504272,0.9976726770401001,0.9970348477363586,0.9974953532218933,0.9978636503219604,0.9974898099899292,0.9982305765151978,0.5013144612312317,5.357816696166992,0.9759408831596375,0.9674632549285889
46,0.2720702588558197,0.9672794342041016,0.9914757013320923,0.9976919889450073,0.9992613196372986,0.9988921880722046,0.9997231364250183,0.9999078512191772,0.9990780353546143,0.9977855682373047,0.9980645179748535,0.9978770613670349,0.999262273311615,0.9992618560791016,0.9999077320098877,1.0,0.9978770613670349,0.997599720954895,0.9994462728500366,0.9982417225837708,0.9997239112854004,0.9988789558410645,0.9985029697418213,0.9957983493804932,0.9949572086334229,0.9960113763809204,0.9958372712135315,0.99622642993927,0.9958206415176392,0.995924174785614,0.9951484203338623,0.9996311664581299,0.994620680809021,0.9964081645011902,0.9965860843658447,0.9986090660095215,0.9986152052879333,0.9986923336982727,0.9975782632827759,0.9978636503219604,0.9974930286407471,0.9982339143753052,0.9977703094482422,0.997771143913269,0.997394859790802,0.997863233089447,0.5026552081108093,5.359751224517822,0.9743796586990356,0.9672794342041016
47,0.2720392644405365,0.9648897051811218,0.9915890097618103,0.9976919889450073,0.9990783333778381,0.998894453048706,1.0,0.9994455575942993,0.9990786910057068,0.9975097179412842,0.9989848732948303,0.9976015090942383,0.9988007545471191,0.9988002777099609,0.9999078512191772,0.9999077320098877,0.9976966977119446,0.9976001381874084,0.998337984085083,0.9985193014144897,0.9996316432952881,0.9984123706817627,0.9976635575294495,0.9957151412963867,0.995254397392273,0.9956190586090088,0.9960075616836548,0.995904803276062,0.9966698288917542,0.995713472366333,0.99468994140625,0.9994465112686157,0.9948118925094604,0.99631267786026,0.9964911937713623,0.9981487989425659,0.9990771412849426,0.998131513595581,0.9963626265525818,0.9973053336143494,0.9973068237304688,0.9971221685409546,0.9970238208770752,0.9967423677444458,0.9965639114379883,0.9972160458564758,0.5040233731269836,5.51084303855896,0.9771612882614136,0.9648897051811218
48,0.259278804063797,0.9691176414489746,0.9915034770965576,0.9981556534767151,0.998985230922699,0.998985230922699,0.999723494052887,0.9988937973976135,0.9994462728500366,0.998059868812561,0.9988930225372314,0.9983397722244263,0.9988936185836792,0.9988937973976135,0.9998154640197754,0.9993546009063721,0.9980641603469849,0.9982465505599976,0.9986167550086975,0.9986124038696289,0.9998158812522888,0.9985976219177246,0.9979496598243713,0.9949610233306885,0.9961085915565491,0.9959016442298889,0.9959257245063782,0.9956232309341431,0.9953377842903137,0.9943127632141113,0.9951603412628174,0.9995383024215698,0.9948215484619141,0.9965910911560059,0.9961283206939697,0.9987034797668457,0.9987099170684814,0.9975709915161133,0.9970260262489319,0.99730384349823,0.9967526197433472,0.9964703321456909,0.9972165822982788,0.9970260262489319,0.9966517686843872,0.9970210790634155,0.5023460388183594,5.5954179763793945,0.9735972881317139,0.9691176414489746
49,0.25796523690223694,0.9670956134796143,0.9909220933914185,0.9982478618621826,0.9987080097198486,0.9987080097198486,0.9997236132621765,0.9988933801651001,0.9984314441680908,0.9980627298355103,0.9984311461448669,0.9981553554534912,0.9985209703445435,0.9985237121582031,0.9990766048431396,0.9996306896209717,0.9988939762115479,0.99797123670578,0.9981556534767151,0.9971306920051575,0.9995393753051758,0.9976521730422974,0.9978553056716919,0.996107816696167,0.9960038065910339,0.9961737394332886,0.9957337975502014,0.9956406354904175,0.9958158731460571,0.9952272176742554,0.995816707611084,0.9993537664413452,0.9950926303863525,0.9961240291595459,0.9964055418968201,0.9981460571289062,0.9979723691940308,0.9974784851074219,0.997307300567627,0.9975854158401489,0.9975836277008057,0.9970238208770752,0.9974981546401978,0.9973098039627075,0.9975805282592773,0.997865617275238,0.5014441609382629,5.571551322937012,0.9691079258918762,0.9670956134796143
50,0.24883101880550385,0.96875,0.9914928674697876,0.9976005554199219,0.9991698861122131,0.9987070560455322,0.9996306896209717,0.9988936185836792,0.9991683959960938,0.9977835416793823,0.998985767364502,0.9978770613670349,0.998986542224884,0.998985767364502,0.9991692900657654,0.9990786910057068,0.9982455968856812,0.9979730844497681,0.9979701042175293,0.9982410669326782,0.999815821647644,0.998039960861206,0.9985071420669556,0.9952561855316162,0.9959172010421753,0.9955289363861084,0.9963802695274353,0.9951465129852295,0.9950381517410278,0.9951400756835938,0.9947738647460938,0.9994468688964844,0.996112585067749,0.9976036548614502,0.9974160194396973,0.9985185265541077,0.999170184135437,0.9985079765319824,0.9982339143753052,0.9979591965675354,0.9980447292327881,0.9984191656112671,0.9974920749664307,0.997860848903656,0.9971184134483337,0.9971221685409546,0.5021977424621582,5.433061361312866,0.9754053950309753,0.96875

51,0.24491816759109497,0.966911792755127,0.991715133190155,0.9985264539718628,0.9989835619926453,0.9992613196372986,0.9997227787971497,0.9987984895706177,0.9990780353546143,0.9982475638389587,0.9993541240692139,0.9986175298690796,0.9990768432617188,0.9992625713348389,0.9993540048599243,0.9999078512191772,0.9986169934272766,0.9988025426864624,0.9976041316986084,0.9985196590423584,0.9996315240859985,0.9980443716049194,0.9975700974464417,0.9952696561813354,0.9954294562339783,0.9956240653991699,0.994757890701294,0.9956257343292236,0.9955475330352783,0.9959869980812073,0.9958254098892212,0.9989867210388184,0.9950000047683716,0.9979720115661621,0.9962190985679626,0.9987027645111084,0.9988923668861389,0.9977574348449707,0.997394859790802,0.9977716207504272,0.9970260262489319,0.9977678656578064,0.9976791739463806,0.9982331991195679,0.998235821723938,0.9981443881988525,0.5017074346542358,5.351558208465576,0.9718396663665771,0.966911792755127
52,0.23828253149986267,0.9683823585510254,0.9919694662094116,0.9975101351737976,0.9975082874298096,0.9974169731140137,0.9995388984680176,0.9990777969360352,0.9992611408233643,0.9977855682373047,0.9986146688461304,0.9976019263267517,0.9989850521087646,0.9992618560791016,0.9991703629493713,0.9999077320098877,0.9975097179412842,0.9991697072982788,0.9981536269187927,0.9987958669662476,0.9997237920761108,0.9978512525558472,0.9984127283096313,0.9954389929771423,0.9955407977104187,0.9950570464134216,0.9960922598838806,0.9951667785644531,0.9951437711715698,0.9943969249725342,0.9952380657196045,0.9992632269859314,0.9960207343101501,0.9970474243164062,0.9967759847640991,0.9989839196205139,0.9991707801818848,0.9981350302696228,0.9981436729431152,0.9988841414451599,0.9981416463851929,0.9977716207504272,0.9983261823654175,0.9980450868606567,0.9977748990058899,0.9983246326446533,0.5041333436965942,5.6271607875823975,0.9715033769607544,0.9683823585510254
53,0.23886628448963165,0.9670956134796143,0.9915056228637695,0.9976041316986084,0.9975097179412842,0.9981563091278076,0.9999077916145325,0.9988002777099609,0.9988018274307251,0.9975097179412842,0.9974179267883301,0.9975045919418335,0.9988932013511658,0.9988921880722046,0.9988921880722046,0.9998155832290649,0.9975073933601379,0.9988930225372314,0.9978762865066528,0.9991670846939087,0.9997236728668213,0.9978532791137695,0.998504102230072,0.9959016442298889,0.9952588677406311,0.9955323338508606,0.9952408075332642,0.9950570464134216,0.9956398010253906,0.9952417612075806,0.9947688579559326,0.9990777969360352,0.9954604506492615,0.9969557523727417,0.9970479607582092,0.9986100792884827,0.998708963394165,0.9983196258544922,0.9972113370895386,0.9972103834152222,0.9973943829536438,0.9974883794784546,0.9974855780601501,0.9964776039123535,0.99701988697052,0.9973083734512329,0.5040215253829956,5.736063480377197,0.9723533391952515,0.9670956134796143
54,0.22563068568706512,0.9704043865203857,0.9916082620620728,0.9990788698196411,0.997690737247467,0.9984322786331177,0.9997232556343079,0.9989844560623169,0.9987080097198486,0.9976924657821655,0.9986175298690796,0.9975110292434692,0.9984308481216431,0.9987998604774475,0.9988009929656982,0.9998155832290649,0.9976028203964233,0.9986167550086975,0.9975078105926514,0.9980566501617432,0.9993553161621094,0.9984139204025269,0.9983205795288086,0.9957232475280762,0.9960960149765015,0.9954329133033752,0.9961056113243103,0.9957305192947388,0.9956165552139282,0.994279146194458,0.9952462315559387,0.9994469881057739,0.9958286881446838,0.9970529079437256,0.9970484972000122,0.9991661906242371,0.9984320402145386,0.9983142614364624,0.9977748990058899,0.9974967241287231,0.9977682828903198,0.9976757168769836,0.9976769685745239,0.9971205592155457,0.9971205592155457,0.9977678656578064,0.5035145878791809,5.505402088165283,0.9710889458656311,0.9704043865203857
55,0.22579413652420044,0.9680147171020508,0.9910439252853394,0.9987072944641113,0.9979708194732666,0.998060941696167,0.9997237920761108,0.9990776777267456,0.9988932013511658,0.9979734420776367,0.998985230922699,0.9982469081878662,0.9981556534767151,0.9987084865570068,0.9990771412849426,0.999170184135437,0.9978809356689453,0.9982469081878662,0.9979715943336487,0.9983333349227905,0.9998159408569336,0.9979485273361206,0.9978524446487427,0.9961802959442139,0.9954355359077454,0.995823860168457,0.9965694546699524,0.9957894682884216,0.9954320192337036,0.9950617551803589,0.9955331683158875,0.9995373487472534,0.994443416595459,0.9950110912322998,0.9955751895904541,0.9985212683677673,0.9983407258987427,0.9970037341117859,0.9969359636306763,0.9969285130500793,0.9968442916870117,0.9971205592155457,0.995728075504303,0.9963754415512085,0.996835470199585,0.9973028302192688,0.5017776489257812,5.494719505310059,0.972043514251709,0.9680147171020508
56,0.2189304083585739,0.9680147171020508,0.9915056228637695,0.9988029599189758,0.9982475638389587,0.9985237121582031,1.0,0.9990774989128113,0.9988927841186523,0.9985242486000061,0.999077320098877,0.998523473739624,0.9987075328826904,0.9985226392745972,0.9986146688461304,0.9991703629493713,0.9989848732948303,0.9985237121582031,0.9971439242362976,0.9979625940322876,0.9996315240859985,0.9986920356750488,0.9971962571144104,0.9962034821510315,0.9960038065910339,0.9947807788848877,0.996277928352356,0.9952552318572998,0.9949562549591064,0.9963781833648682,0.9944908618927002,0.9995381832122803,0.9940893650054932,0.9964983463287354,0.9963099956512451,0.9985204339027405,0.9987070560455322,0.9977511167526245,0.9977691173553467,0.9973973035812378,0.9970204830169678,0.9971253871917725,0.9970243573188782,0.9972108602523804,0.9973973035812378,0.9966517686843872,0.5018092393875122,5.525544881820679,0.9730331301689148,0.9680147171020508
57,0.2150997668504715,0.9694852828979492,0.9909605979919434,0.9976015090942383,0.997323751449585,0.9980627298355103,0.9998155832290649,0.9984328746795654,0.9987978935241699,0.9974169731140137,0.9985237121582031,0.9977851510047913,0.9976001381874084,0.9980616569519043,0.9979720115661621,0.9987068176269531,0.9976949691772461,0.9975110292434692,0.9979689717292786,0.9977781772613525,0.9998158812522888,0.9984105825424194,0.9986000061035156,0.99468994140625,0.9961034059524536,0.9958246350288391,0.9963018894195557,0.9945610761642456,0.9967631101608276,0.9956331849098206,0.9940873384475708,0.9996311664581299,0.9948234558105469,0.9964048862457275,0.9958510398864746,0.9987053871154785,0.9977864027023315,0.9979408383369446,0.9966542720794678,0.9971151947975159,0.9969382286071777,0.9973043203353882,0.9977724552154541,0.9976757168769836,0.9967460036277771,0.997498631477356,0.502444863319397,5.149553537368774,0.972571849822998,0.9694852828979492
58,0.22095754742622375,0.9693014621734619,0.9908323287963867,0.9978798031806946,0.9976919889450073,0.9976001381874084,0.9997234344482422,0.9989854097366333,0.9982469081878662,0.9978790283203125,0.9991692900657654,0.9976015090942383,0.9978805780410767,0.998248815536499,0.9977843761444092,0.9988911151885986,0.997783899307251,0.99797123670578,0.9981542825698853,0.9977790117263794,0.9998157024383545,0.996727705001831,0.9974794387817383,0.9949667453765869,0.9951677322387695,0.9953359961509705,0.9953430891036987,0.9948659539222717,0.9955525994300842,0.9950710535049438,0.993628740310669,0.9990763068199158,0.9946346282958984,0.9951967597007751,0.9951052665710449,0.9987965226173401,0.9986172914505005,0.9975600242614746,0.996460497379303,0.9965620040893555,0.9963741302490234,0.9961010217666626,0.995719313621521,0.9958139657974243,0.9958286881446838,0.9964611530303955,0.503125011920929,5.268831491470337,0.9771493673324585,0.9693014621734619
59,0.20034010708332062,0.9779411554336548,0.9908943176269531,0.9975106120109558,0.9975097179412842,0.9974164962768555,0.9997236132621765,0.9986172914505005,0.9987080097198486,0.9974198341369629,0.9978758692741394,0.997509241104126,0.9974145889282227,0.998984694480896,0.9974179267883301,0.9975078105926514,0.9973227381706238,0.997599720954895,0.997599720954895,0.9976825714111328,0.9998159408569336,0.9973797798156738,0.9983168244361877,0.9949504137039185,0.9967717528343201,0.9945023655891418,0.9955450296401978,0.9966793060302734,0.9959086179733276,0.9959931373596191,0.9947438836097717,0.9995383024215698,0.9946296215057373,0.9955711364746094,0.9955711364746094,0.9985179901123047,0.9984320402145386,0.9982262849807739,0.9973973035812378,0.9968483448028564,0.9975854158401489,0.9976769685745239,0.9973033666610718,0.997403085231781,0.9977682828903198,0.998043954372406,0.5030625462532043,5.341739177703857,0.9779214262962341,0.9779411554336548
60,0.21083933115005493,0.9704043865203857,0.9910375475883484,0.9981549978256226,0.9979681968688965,0.9979686141014099,0.9997231960296631,0.9988007545471191,0.9982452988624573,0.9981518983840942,0.9984331727027893,0.997880220413208,0.9977859854698181,0.9982465505599976,0.9984320402145386,0.9982465505599976,0.9981566667556763,0.9982491731643677,0.9973261952400208,0.9986124038696289,0.9995396137237549,0.9982253313064575,0.998038113117218,0.994407594203949,0.9964755177497864,0.9956323504447937,0.9952408075332642,0.9951521158218384,0.9951354265213013,0.9952606558799744,0.99466872215271,0.9993544816970825,0.9957430958747864,0.9963045120239258,0.9960229396820068,0.9987949132919312,0.9984314441680908,0.9979477524757385,0.9974915981292725,0.9974859952926636,0.9971157312393188,0.9971168041229248,0.9975836277008057,0.997217059135437,0.9974015951156616,0.9972186088562012,0.5018301606178284,5.374555826187134,0.9753071665763855,0.9704043865203857

61,0.20046500861644745,0.970588207244873,0.9913303852081299,0.9987087249755859,0.9987072944641113,0.9985218048095703,0.9997231960296631,0.9992619752883911,0.9987987279891968,0.9987989664077759,0.9991695880889893,0.9984311461448669,0.9988023042678833,0.9991703629493713,0.998984694480896,0.9986177682876587,0.9987087249755859,0.9987084865570068,0.9978813529014587,0.9982427358627319,0.9995392560958862,0.9973885416984558,0.99793541431427,0.9962913990020752,0.9966754913330078,0.9956389665603638,0.9958246350288391,0.9949533343315125,0.9960113763809204,0.9948384761810303,0.9949638843536377,0.9997230768203735,0.9947192668914795,0.9956650137901306,0.9953882694244385,0.9991655945777893,0.9987092018127441,0.9971978664398193,0.99701988697052,0.9970221519470215,0.9974939823150635,0.9971227049827576,0.9974902272224426,0.9971162676811218,0.9972150325775146,0.9970265626907349,0.5008857846260071,5.462700128555298,0.9731995463371277,0.970588207244873
62,0.19369369745254517,0.9750000238418579,0.9911037683486938,0.9977892637252808,0.9976015090942383,0.9975101351737976,0.9987987279891968,0.9988923668861389,0.9977892637252808,0.9977859854698181,0.9980612993240356,0.9974150657653809,0.9990781545639038,0.998060941696167,0.9976941347122192,0.9972319602966309,0.997783899307251,0.997509241104126,0.9970463514328003,0.9985204339027405,0.9998160600662231,0.9985044002532959,0.9970098733901978,0.996584415435791,0.9960014820098877,0.9967705011367798,0.9957200288772583,0.9960862994194031,0.9960106611251831,0.995154857635498,0.9961152076721191,0.9990774989128113,0.9950898885726929,0.9956698417663574,0.9961254596710205,0.9987965226173401,0.9985223412513733,0.9974766373634338,0.9970238208770752,0.9969308376312256,0.9974902272224426,0.9970271587371826,0.9973914623260498,0.997031569480896,0.9970299005508423,0.9975881576538086,0.5024117231369019,5.554216146469116,0.9751530885696411,0.9750000238418579
63,0.18828338384628296,0.9755514860153198,0.990699827671051,0.9975073933601379,0.9976933002471924,0.9973251819610596,0.9979689717292786,0.998985767364502,0.998894214630127,0.997599720954895,0.9980634450912476,0.9977896213531494,0.9985231757164001,0.9974160194396973,0.9977851510047913,0.9975055456161499,0.9976919889450073,0.9976958632469177,0.9963085651397705,0.9984259605407715,0.9996318221092224,0.998220682144165,0.9979477524757385,0.9952435493469238,0.994127631187439,0.9958246350288391,0.9959203004837036,0.995324432849884,0.9954294562339783,0.9967747926712036,0.9957159161567688,0.999077320098877,0.9950979948043823,0.9959447383880615,0.9957619309425354,0.9987056255340576,0.9978739023208618,0.9973738193511963,0.9975836277008057,0.9967490434646606,0.9970226883888245,0.9969313740730286,0.9965600967407227,0.996835470199585,0.9979557991027832,0.9974874258041382,0.5025210380554199,5.5818870067596436,0.9777690172195435,0.9755514860153198
64,0.18298828601837158,0.9735293984413147,0.9911743402481079,0.9981539249420166,0.9979723691940308,0.9980638027191162,0.9980634450912476,0.9991706609725952,0.9990781545639038,0.9983385801315308,0.9988930225372314,0.9981542825698853,0.9982478618621826,0.9980616569519043,0.9978781938552856,0.9982446432113647,0.9983397722244263,0.9981553554534912,0.9973261952400208,0.9985201358795166,0.9996318221092224,0.9977536201477051,0.998035192489624,0.9959985017776489,0.9969656467437744,0.9956198930740356,0.9965966939926147,0.99494469165802,0.995724081993103,0.994674801826477,0.9954441785812378,0.9988917708396912,0.9948177337646484,0.9955670833587646,0.9945511817932129,0.9987063407897949,0.9976924657821655,0.9978516697883606,0.9970309734344482,0.9976757168769836,0.9971189498901367,0.9976809024810791,0.997775673866272,0.997864842414856,0.9974935054779053,0.9975836277008057,0.5013625025749207,5.348738670349121,0.9699053764343262,0.9735293984413147
65,0.18291397392749786,0.9750000238418579,0.9910717606544495,0.9982485175132751,0.9982495307922363,0.9983382225036621,0.9986149668693542,0.9988011717796326,0.9988000392913818,0.9984331727027893,0.9988948106765747,0.9984317421913147,0.998340368270874,0.9984320402145386,0.9981536269187927,0.9984314441680908,0.9983391761779785,0.9983388781547546,0.9983413219451904,0.9980555772781372,0.9995393753051758,0.9985052347183228,0.9976613521575928,0.9949619770050049,0.9960038065910339,0.9959946870803833,0.9953235387802124,0.9954303503036499,0.9946869015693665,0.9960060715675354,0.9956323504447937,0.9990792274475098,0.996195912361145,0.9963120222091675,0.9959394931793213,0.9992581605911255,0.9980645179748535,0.99729323387146,0.9988853931427002,0.9978600740432739,0.9986041188240051,0.9981464147567749,0.9982309341430664,0.9986072778701782,0.9976761341094971,0.9980505108833313,0.49906590580940247,5.534728527069092,0.9720471501350403,0.9750000238418579
66,0.17388486862182617,0.973713219165802,0.9910417795181274,0.9986185431480408,0.99880051612854,0.9985242486000061,0.9984297156333923,0.9991697072982788,0.9991707801818848,0.9983388781547546,0.9993547201156616,0.9988020658493042,0.9984334707260132,0.9985226392745972,0.9986164569854736,0.9980627298355103,0.9982462525367737,0.9981532692909241,0.9967753887176514,0.9983348846435547,0.9996313452720642,0.9981356859207153,0.9977570176124573,0.9963074922561646,0.9964775443077087,0.995643138885498,0.996860146522522,0.9954251050949097,0.9961955547332764,0.9959195256233215,0.9963940382003784,0.9990763068199158,0.9950998425483704,0.9954855442047119,0.9947456121444702,0.9980570077896118,0.9980602264404297,0.9982259273529053,0.9976766109466553,0.9971151947975159,0.9963768124580383,0.9966561794281006,0.9976739883422852,0.9970309734344482,0.9968407154083252,0.9973083734512329,0.4995434880256653,5.2408607006073,0.9715363383293152,0.973713219165802
67,0.17589429020881653,0.9751838445663452,0.9910888671875,0.9974179267883301,0.9976941347122192,0.9975028038024902,0.9972288608551025,0.9987106323242188,0.9986193180084229,0.9973232746124268,0.9981553554534912,0.9975087642669678,0.9974155426025391,0.9973267316818237,0.9976937174797058,0.9974179267883301,0.9976005554199219,0.9973257184028625,0.9972309470176697,0.9986108541488647,0.9998159408569336,0.9980373978614807,0.9980377554893494,0.9964748620986938,0.9955323338508606,0.9964775443077087,0.9955425262451172,0.9953324794769287,0.9967710971832275,0.9964908957481384,0.9957232475280762,0.9992619752883911,0.9962935447692871,0.995292603969574,0.9959402084350586,0.9988880753517151,0.9974150657653809,0.996915876865387,0.9973943829536438,0.9974925518035889,0.997681736946106,0.9971200227737427,0.9980519413948059,0.9971151947975159,0.9978592395782471,0.9966548681259155,0.501279890537262,5.365786790847778,0.9736489653587341,0.9751838445663452
68,0.16700661182403564,0.9757353067398071,0.9913517236709595,0.997880220413208,0.9980638027191162,0.9975087642669678,0.9979686141014099,0.9987092018127441,0.9985239505767822,0.997877836227417,0.9983410239219666,0.9979701042175293,0.9980634450912476,0.9979715943336487,0.9980673789978027,0.9978805780410767,0.998059868812561,0.9980638027191162,0.997509241104126,0.9975894689559937,0.999631404876709,0.9979462623596191,0.9988776445388794,0.9957215785980225,0.9966704845428467,0.9958317279815674,0.9961026906967163,0.9943766593933105,0.9961034059524536,0.995543360710144,0.9953226447105408,0.998986005783081,0.9951016902923584,0.9962239861488342,0.996036171913147,0.9987980723381042,0.9976036548614502,0.9971005916595459,0.997671365737915,0.9976787567138672,0.9972097873687744,0.9974930286407471,0.9976774454116821,0.9977703094482422,0.9974832534790039,0.9977707862854004,0.5007597208023071,5.419408321380615,0.9712576866149902,0.9757353067398071
69,0.16760726273059845,0.9751838445663452,0.9911465644836426,0.9978762865066528,0.9978781938552856,0.9975106120109558,0.9973247051239014,0.9986167550086975,0.9987108707427979,0.99759840965271,0.9977872371673584,0.9974136352539062,0.9976005554199219,0.9974160194396973,0.9986146688461304,0.9976010322570801,0.9971402287483215,0.997599720954895,0.9983388781547546,0.9980555772781372,0.9999079704284668,0.9973777532577515,0.997755765914917,0.9964948892593384,0.9962934851646423,0.9967784881591797,0.9962042570114136,0.9961011409759521,0.9963988065719604,0.9953163862228394,0.9956232309341431,0.9993537664413452,0.9946306347846985,0.9956601858139038,0.9953925609588623,0.9989803433418274,0.9974188804626465,0.9977687001228333,0.9970254898071289,0.9974888563156128,0.9969336986541748,0.9969285130500793,0.9972144961357117,0.9972124099731445,0.9970282316207886,0.997588574886322,0.5007628202438354,5.424208641052246,0.9762438535690308,0.9751838445663452
70,0.17047061026096344,0.9746323823928833,0.9906955361366272,0.9980666637420654,0.9980612993240356,0.9979720115661621,0.9979708194732666,0.9988933801651001,0.9987075328826904,0.9980638027191162,0.9976919889450073,0.9976054430007935,0.9979723691940308,0.9980627298355103,0.9979678392410278,0.9977855682373047,0.998062014579773,0.997877836227417,0.9973251819610596,0.9979637265205383,0.9999079704284668,0.9982212781906128,0.9978488683700562,0.995821475982666,0.995518684387207,0.995629072189331,0.9943106174468994,0.9939313530921936,0.9959094524383545,0.9959218502044678,0.9955041408538818,0.9994459748268127,0.9946226477622986,0.9952029585838318,0.995292603969574,0.9988895058631897,0.9977855682373047,0.9983243346214294,0.9967496395111084,0.9967562556266785,0.996755063533783,0.99665367603302,0.9965626001358032,0.9965632557868958,0.9970271587371826,0.9969359636306763,0.5002481341362,5.304814100265503,0.9756789207458496,0.9746323823928833

71,0.15582650899887085,0.9827206134796143,0.9914907217025757,0.9982478618621826,0.9982452988624573,0.9980627298355103,0.9979720115661621,0.9991705417633057,0.998985230922699,0.9982491731643677,0.998248815536499,0.9981529712677002,0.9982455968856812,0.9981570243835449,0.997970461845398,0.9982469081878662,0.9980634450912476,0.997970461845398,0.9972339868545532,0.9987061023712158,0.9994477033615112,0.9985949993133545,0.9984129667282104,0.9951149225234985,0.996487557888031,0.9964627027511597,0.9966773986816406,0.9966691732406616,0.9956398010253906,0.9963235259056091,0.9965707659721375,0.9999076724052429,0.9942624568939209,0.9946523904800415,0.9957587718963623,0.9987967014312744,0.9975992441177368,0.9977536201477051,0.9978580474853516,0.9971200227737427,0.99693763256073,0.9971157312393188,0.9974953532218933,0.9970304369926453,0.9969342350959778,0.9968389868736267,0.5012973546981812,5.223187446594238,0.9812299013137817,0.9827206134796143

72,0.16615331172943115,0.9731617569923401,0.9911572337150574,0.9983382225036621,0.9981570243835449,0.9981553554534912,0.9985272884368896,0.9988913536071777,0.998613715171814,0.997970461845398,0.9981546401977539,0.9978781938552856,0.9981553554534912,0.9982475638389587,0.9978762865066528,0.9981553554534912,0.9983397722244263,0.9981570243835449,0.9979720115661621,0.9983330368995667,0.9993550777435303,0.9978492259979248,0.9979431629180908,0.9956274032592773,0.9962892532348633,0.9953315258026123,0.996399462223053,0.997435450553894,0.9950532913208008,0.9966793060302734,0.9961034059524536,0.9984322786331177,0.9946276545524597,0.9958571195602417,0.9959431886672974,0.9985209703445435,0.9979715943336487,0.9980417490005493,0.9982325434684753,0.9978612661361694,0.9981384873390198,0.9980526566505432,0.997491180896759,0.997576892375946,0.998045802116394,0.9974958300590515,0.5000334978103638,5.434697389602661,0.9726535081863403,0.9731617569923401
73,0.16373248398303986,0.9761029481887817,0.9909349679946899,0.9976941347122192,0.9981573820114136,0.9980652332305908,0.9986149668693542,0.9981570243835449,0.9982462525367737,0.9984328746795654,0.9976962804794312,0.9979701042175293,0.9983376264572144,0.9981560111045837,0.9983394742012024,0.9979720115661621,0.9980638027191162,0.998248815536499,0.9978798031806946,0.9975948333740234,0.9999077916145325,0.9984093904495239,0.9985085725784302,0.9953181743621826,0.9960038065910339,0.995268702507019,0.9957377910614014,0.9954294562339783,0.9959172010421753,0.9954198598861694,0.9963074922561646,0.9990777969360352,0.9959274530410767,0.995389997959137,0.9963052272796631,0.9987027645111084,0.9980648756027222,0.9980296492576599,0.9977703094482422,0.9978624582290649,0.9981412887573242,0.997953474521637,0.9977736473083496,0.9974902272224426,0.998234212398529,0.9973982572555542,0.4994920790195465,5.375301122665405,0.9716836214065552,0.9761029481887817
74,0.15689079463481903,0.9786764979362488,0.9905608892440796,0.997969388961792,0.9977851510047913,0.9975064992904663,0.9976919889450073,0.997970461845398,0.9977867603302002,0.9979701042175293,0.9978758692741394,0.9979727268218994,0.997787594795227,0.9979727268218994,0.9977864027023315,0.9978793859481812,0.99797123670578,0.9975106120109558,0.9973242282867432,0.9978640079498291,0.9994479417800903,0.9986000061035156,0.9980366230010986,0.995726466178894,0.9957321882247925,0.9948374629020691,0.9962064027786255,0.9961071014404297,0.995902419090271,0.9960068464279175,0.9958222508430481,0.9997230768203735,0.995736837387085,0.9956650137901306,0.9958502054214478,0.9989814758300781,0.9975078105926514,0.9973875284194946,0.9966561794281006,0.9968442916870117,0.9971205592155457,0.9963788390159607,0.9968401193618774,0.9972082376480103,0.9972046613693237,0.9964755773544312,0.5001880526542664,5.476674556732178,0.980884313583374,0.9786764979362488
75,0.1474757194519043,0.9803308844566345,0.9911209344863892,0.9977867603302002,0.9980595111846924,0.9979701042175293,0.9983407258987427,0.9979715943336487,0.9979697465896606,0.997970461845398,0.9978786110877991,0.99797123670578,0.9978790283203125,0.9982475638389587,0.997783899307251,0.9980627298355103,0.9979708194732666,0.9978786110877991,0.9977872371673584,0.9986106157302856,0.9992636442184448,0.9986932873725891,0.9982266426086426,0.9965648651123047,0.9967489242553711,0.9962921142578125,0.9966729879379272,0.9958254098892212,0.996566891670227,0.9958349466323853,0.9964861869812012,0.9995386600494385,0.9951940774917603,0.9963085651397705,0.9955654144287109,0.9986106157302856,0.997787594795227,0.9981353282928467,0.9975831508636475,0.9979565143585205,0.9977736473083496,0.9977748990058899,0.9977703094482422,0.9980505108833313,0.997860848903656,0.9979485273361206,0.499088317155838,5.315619230270386,0.9751847982406616,0.9803308844566345
76,0.15349531173706055,0.9775735139846802,0.9904347658157349,0.9980638027191162,0.9977880120277405,0.9976946115493774,0.9981573820114136,0.9979681968688965,0.9978774785995483,0.9980648756027222,0.9978762865066528,0.998062014579773,0.9976911544799805,0.998060941696167,0.9980623722076416,0.9975069165229797,0.9980638027191162,0.9977859854698181,0.9975101351737976,0.9981471300125122,0.9997240304946899,0.9984081983566284,0.9979423880577087,0.9963980913162231,0.9962027668952942,0.9968708753585815,0.9960083961486816,0.9961941242218018,0.9950701594352722,0.9954215884208679,0.996473491191864,0.9990766048431396,0.994813859462738,0.9952090978622437,0.9958479404449463,0.9984264969825745,0.997877836227417,0.9978472590446472,0.9973943829536438,0.9969387650489807,0.9967508316040039,0.9967514276504517,0.9973022937774658,0.9972988367080688,0.9975823163986206,0.9970232248306274,0.49960556626319885,5.423413991928101,0.9741095304489136,0.9775735139846802
77,0.15404847264289856,0.9773896932601929,0.9909071922302246,0.9980612993240356,0.9983401298522949,0.99797123670578,0.9982478618621826,0.9981560111045837,0.9977864027023315,0.9982485175132751,0.9979730844497681,0.9982465505599976,0.9980659484863281,0.9983376264572144,0.9978750944137573,0.9983373284339905,0.9981553554534912,0.9980595111846924,0.9972345232963562,0.9988890886306763,0.9997236728668213,0.9977591037750244,0.9986894130706787,0.9959931373596191,0.9969587326049805,0.9952453374862671,0.9958206415176392,0.9955229759216309,0.995234489440918,0.9957101941108704,0.9967790842056274,0.9995391368865967,0.996206521987915,0.9967759847640991,0.9954822063446045,0.9989805221557617,0.9979701042175293,0.9979473352432251,0.9981412887573242,0.9977687001228333,0.997764527797699,0.997864842414856,0.9974864721298218,0.9974907040596008,0.9974035620689392,0.9973933696746826,0.4992324113845825,5.283493995666504,0.9789680242538452,0.9773896932601929
78,0.15045231580734253,0.9784926176071167,0.9909242391586304,0.9978774785995483,0.9978786110877991,0.9981512427330017,0.9979708194732666,0.997969388961792,0.998060941696167,0.9978793859481812,0.9979708194732666,0.997877836227417,0.9979663491249084,0.9974207878112793,0.9978774785995483,0.9976933002471924,0.997877836227417,0.9974174499511719,0.9974169731140137,0.9978675842285156,0.9997239112854004,0.9982212781906128,0.9980300068855286,0.9964795112609863,0.9958270192146301,0.9957183599472046,0.9970560073852539,0.9955092668533325,0.9962998032569885,0.996292769908905,0.9964922666549683,0.9995383024215698,0.9953652620315552,0.9955670833587646,0.9947465658187866,0.9991664886474609,0.997970461845398,0.9970941543579102,0.9972972869873047,0.9973078370094299,0.9969273805618286,0.9969267845153809,0.9967544078826904,0.9961945414543152,0.9970243573188782,0.9962784051895142,0.49941393733024597,5.408987760543823,0.9807605743408203,0.9784926176071167
79,0.14514552056789398,0.976286768913269,0.9906079173088074,0.9976958632469177,0.997692883014679,0.9977851510047913,0.9976001381874084,0.9976032376289368,0.9976001381874084,0.9975087642669678,0.9978781938552856,0.9976937174797058,0.9977884292602539,0.9978793859481812,0.9976946115493774,0.9975082874298096,0.9974179267883301,0.9974150657653809,0.9981549978256226,0.9978747367858887,0.9998159408569336,0.9986908435821533,0.9986952543258667,0.9965740442276001,0.9965766668319702,0.9961093068122864,0.9961159229278564,0.9954639673233032,0.9946401119232178,0.994925320148468,0.9962800741195679,0.9994449615478516,0.9930568337440491,0.994927167892456,0.9953917264938354,0.9985196590423584,0.9975110292434692,0.9981350302696228,0.9967465996742249,0.9964644908905029,0.9963781833648682,0.9973053336143494,0.9970243573188782,0.9968377947807312,0.9972103834152222,0.996838390827179,0.500167727470398,5.33500599861145,0.9778831005096436,0.976286768913269
80,0.14537863433361053,0.976286768913269,0.991364598274231,0.9979689717292786,0.9981560111045837,0.9978790283203125,0.9982459545135498,0.99797123670578,0.9977818727493286,0.99797123670578,0.9975097179412842,0.9981542825698853,0.9977831244468689,0.9978805780410767,0.9983382225036621,0.9979715943336487,0.9981560111045837,0.9978798031806946,0.9975101351737976,0.9987944960594177,0.9997235536575317,0.9984117746353149,0.9977624416351318,0.9967631101608276,0.995814323425293,0.9962736368179321,0.996768057346344,0.9968487024307251,0.9956331849098206,0.9961011409759521,0.9961144924163818,0.9992635250091553,0.9968501329421997,0.9967712163925171,0.9969557523727417,0.998516321182251,0.9978781938552856,0.9972977638244629,0.9974949359893799,0.9984197616577148,0.9978616237640381,0.9973953366279602,0.9976809024810791,0.9980501532554626,0.997489333152771,0.996472954750061,0.5009130239486694,5.250367641448975,0.9685606956481934,0.976286768913269

81,0.1434439867734909,0.9779411554336548,0.9908066987991333,0.9987068176269531,0.9986139535903931,0.9984322786331177,0.9986146688461304,0.9985239505767822,0.9982472658157349,0.9986141920089722,0.9983397722244263,0.9984311461448669,0.9984326362609863,0.998525857925415,0.9985237121582031,0.9988002777099609,0.9986164569854736,0.9983364343643188,0.9978817701339722,0.998334527015686,0.9999078512191772,0.9978460073471069,0.9983155727386475,0.9961166977882385,0.9959831237792969,0.9946635961532593,0.99515300989151,0.9951521158218384,0.9960944652557373,0.9958254098892212,0.9963843822479248,0.9991695880889893,0.9964866638183594,0.9955751895904541,0.9961261749267578,0.9988874197006226,0.9983416199684143,0.9973851442337036,0.99730384349823,0.9974930286407471,0.9980497360229492,0.9976761341094971,0.9974026083946228,0.997865617275238,0.9973996877670288,0.997032642364502,0.4988786280155182,5.517916202545166,0.9777094721794128,0.9779411554336548
82,0.1283511370420456,0.9834558963775635,0.9914842844009399,0.9981556534767151,0.9974169731140137,0.9976023435592651,0.9977892637252808,0.997787594795227,0.9976019263267517,0.9979727268218994,0.9977827072143555,0.9980630874633789,0.997880220413208,0.9980634450912476,0.9977864027023315,0.99759840965271,0.9979637265205383,0.9979708194732666,0.997970461845398,0.9984264969825745,0.9993555545806885,0.9985983967781067,0.9973793029785156,0.9962906837463379,0.9961342811584473,0.9973368644714355,0.9978111982345581,0.9957878589630127,0.9967784881591797,0.9961026906967163,0.9976149797439575,0.999262809753418,0.9956465363502502,0.9961233139038086,0.9961261749267578,0.9984300136566162,0.997787594795227,0.9988783001899719,0.9979493021965027,0.997764527797699,0.9978580474853516,0.9979568719863892,0.9983292818069458,0.9981436729431152,0.9973058700561523,0.998604416847229,0.500720739364624,5.374443054199219,0.9786286354064941,0.9834558963775635
83,0.13618594408035278,0.9790441393852234,0.9903727769851685,0.9969584941864014,0.9969574213027954,0.9969545602798462,0.9974145889282227,0.9974155426025391,0.9969584941864014,0.9975097179412842,0.9975956678390503,0.9973232746124268,0.9974198341369629,0.9974155426025391,0.9971391558647156,0.9974174499511719,0.9976001381874084,0.9976023435592651,0.997783899307251,0.9982410669326782,0.9997236728668213,0.9979473352432251,0.9980396032333374,0.9961063861846924,0.996019721031189,0.9949504137039185,0.9965876340866089,0.9954215884208679,0.9948630332946777,0.9957151412963867,0.9965863823890686,0.9990781545639038,0.9965727925300598,0.9966820478439331,0.9962177276611328,0.9987951517105103,0.9974169731140137,0.9977574348449707,0.9979504346847534,0.9975845813751221,0.9979568719863892,0.9976804256439209,0.9976791739463806,0.9981402158737183,0.9980534315109253,0.9972139596939087,0.4985669255256653,5.5586302280426025,0.9768800139427185,0.9790441393852234
84,0.13347183167934418,0.9788603186607361,0.9909456372261047,0.9972314834594727,0.9974160194396973,0.997233510017395,0.9974164962768555,0.9971433877944946,0.9969534873962402,0.9975992441177368,0.9973272085189819,0.9975101351737976,0.9972279071807861,0.9975055456161499,0.9974217414855957,0.9976032376289368,0.9976036548614502,0.9974184036254883,0.9970452785491943,0.9988903403282166,0.9996315240859985,0.9976543188095093,0.9985994100570679,0.9958031177520752,0.997139573097229,0.9962049722671509,0.996572732925415,0.9962962865829468,0.9962034821510315,0.9949753284454346,0.9968547821044922,0.9992609024047852,0.9949045777320862,0.9949318170547485,0.9955784678459167,0.9980562925338745,0.9978762865066528,0.9970031976699829,0.996577262878418,0.9967532157897949,0.99730384349823,0.9970293045043945,0.9975823163986206,0.99665367603302,0.9967441558837891,0.9972097873687744,0.49962666630744934,5.3132665157318115,0.9775481820106506,0.9788603186607361
85,0.1409432739019394,0.9779411554336548,0.990543782711029,0.9969545602798462,0.9971370697021484,0.9973242282867432,0.9969574213027954,0.9970457553863525,0.9967706203460693,0.9968570470809937,0.9968628883361816,0.9972324371337891,0.9971428513526917,0.997323751449585,0.9971423149108887,0.9967688322067261,0.9967736005783081,0.9969540238380432,0.9981522560119629,0.9973148107528687,0.9998158812522888,0.998406171798706,0.998039960861206,0.996665358543396,0.9959125518798828,0.9962998032569885,0.9951502084732056,0.9961137771606445,0.9974275827407837,0.9966577291488647,0.9966710805892944,0.9988923668861389,0.9944485425949097,0.9952969551086426,0.995292603969574,0.9987961053848267,0.9990780353546143,0.9977549314498901,0.9976744055747986,0.9979523420333862,0.997674822807312,0.9980545043945312,0.998047947883606,0.9980526566505432,0.9969290494918823,0.9984168410301208,0.49848827719688416,5.241132974624634,0.9756228923797607,0.9779411554336548
86,0.13182401657104492,0.9784926176071167,0.9913132786750793,0.9975082874298096,0.9975087642669678,0.9976001381874084,0.9974145889282227,0.9976010322570801,0.9974160194396973,0.9972319602966309,0.9975101351737976,0.9971402287483215,0.9974145889282227,0.9976005554199219,0.9976005554199219,0.9974160194396973,0.9976041316986084,0.997232973575592,0.9976001381874084,0.9984297156333923,0.9995394945144653,0.9976644515991211,0.9982242584228516,0.9961254596710205,0.9970442056655884,0.9961926937103271,0.9968667030334473,0.9963788986206055,0.9959403276443481,0.9953271150588989,0.9966768026351929,0.9993546009063721,0.9953677654266357,0.9959364533424377,0.9965848326683044,0.9981467723846436,0.9986167550086975,0.997755765914917,0.9973068237304688,0.997582733631134,0.9969273805618286,0.9969267845153809,0.9982352256774902,0.9974949359893799,0.9973118305206299,0.99721759557724,0.4994533658027649,5.285646915435791,0.9739987254142761,0.9784926176071167
87,0.1290789097547531,0.9814338088035583,0.9913410544395447,0.9984297156333923,0.997880220413208,0.9979708194732666,0.9982450008392334,0.9981529712677002,0.9980612993240356,0.9981573820114136,0.9980630874633789,0.9983416199684143,0.9983401298522949,0.9981546401977539,0.9982462525367737,0.9980580806732178,0.9982462525367737,0.998248815536499,0.9972345232963562,0.9979633092880249,0.9997239708900452,0.9984984993934631,0.9985060691833496,0.996492862701416,0.9962941408157349,0.9954355359077454,0.996292769908905,0.9962850213050842,0.9967674016952515,0.9961144924163818,0.9966754913330078,0.9990777969360352,0.9955571889877319,0.9951133728027344,0.9961247444152832,0.9986121654510498,0.9990768432617188,0.9980396032333374,0.9969302415847778,0.9977624416351318,0.9977724552154541,0.9978616237640381,0.9975818395614624,0.9970260262489319,0.997681736946106,0.9973939061164856,0.4990788400173187,5.3470258712768555,0.9803023934364319,0.9814338088035583
88,0.13316088914871216,0.9766544103622437,0.9910759925842285,0.9981549978256226,0.9981553554534912,0.9983410239219666,0.9985226392745972,0.9982446432113647,0.9983394742012024,0.9985253810882568,0.9984349012374878,0.9982485175132751,0.9982452988624573,0.9982491731643677,0.9982452988624573,0.9980602264404297,0.9981532692909241,0.9981529712677002,0.9976958632469177,0.9980534315109253,0.9993561506271362,0.9989725351333618,0.9970065355300903,0.9963151812553406,0.9966710805892944,0.9966729879379272,0.9961056113243103,0.9961882829666138,0.9952561855316162,0.9967668056488037,0.9966748952865601,0.9993540048599243,0.9947232007980347,0.9958517551422119,0.9954713582992554,0.9987037181854248,0.9990776777267456,0.9974747896194458,0.9977666139602661,0.9974939823150635,0.9971205592155457,0.9970320463180542,0.9962853193283081,0.9976744055747986,0.9973013401031494,0.9971210956573486,0.4985417425632477,5.470720052719116,0.9741971492767334,0.9766544103622437
89,0.1308281123638153,0.9792279601097107,0.9909926652908325,0.9979727268218994,0.997692883014679,0.9977847337722778,0.9978758692741394,0.9973272085189819,0.9975979328155518,0.9979701042175293,0.997880220413208,0.9980612993240356,0.9979708194732666,0.9975106120109558,0.9978793859481812,0.9979671239852905,0.9979720115661621,0.9979720115661621,0.9977864027023315,0.9974976778030396,0.9995394349098206,0.9982249736785889,0.9981301426887512,0.9966602921485901,0.9951437711715698,0.9963940382003784,0.9962856769561768,0.996107816696167,0.9966704845428467,0.9963988065719604,0.9967710971832275,0.9995390772819519,0.9953677654266357,0.9957564473152161,0.9958487153053284,0.9987994432449341,0.9985253810882568,0.9981301426887512,0.9981392025947571,0.9972103834152222,0.9980505108833313,0.997860848903656,0.997681736946106,0.998232901096344,0.9975849986076355,0.9979485273361206,0.4985239803791046,5.22320032119751,0.973770797252655,0.9792279601097107
90,0.1284923255443573,0.9819852709770203,0.9910717010498047,0.9976949691772461,0.9976015090942383,0.997599720954895,0.997692883014679,0.9976924657821655,0.9977867603302002,0.9979734420776367,0.9978781938552856,0.997692883014679,0.997783899307251,0.9976023435592651,0.9976924657821655,0.9977872371673584,0.997880220413208,0.99760502576828,0.9971396923065186,0.9981471300125122,0.9994475245475769,0.9984115362167358,0.9981307983398438,0.9956107139587402,0.9972480535507202,0.9965851306915283,0.9969587326049805,0.9963796138763428,0.9966748952865601,0.9959203004837036,0.9963719844818115,0.9994462728500366,0.9948129057884216,0.9954805374145508,0.9955629110336304,0.9986106157302856,0.9989839196205139,0.9972009658813477,0.998228907585144,0.997958779335022,0.9981381893157959,0.9973939061164856,0.9974967241287231,0.9977736473083496,0.9974874258041382,0.9975849986076355,0.4988843500614166,5.3948938846588135,0.9806455373764038,0.9819852709770203

91,0.13168877363204956,0.9788603186607361,0.991095244884491,0.9978786110877991,0.9978762865066528,0.9977872371673584,0.9976919889450073,0.99797123670578,0.9976916313171387,0.9976933002471924,0.9976010322570801,0.9974188804626465,0.9972324371337891,0.9976958632469177,0.9976954460144043,0.9976946115493774,0.9981560111045837,0.9976005554199219,0.9972324371337891,0.997683048248291,0.9995391368865967,0.9981294870376587,0.9983149170875549,0.9956323504447937,0.9967674016952515,0.9961955547332764,0.9970616102218628,0.9959938526153564,0.9963774681091309,0.995826244354248,0.9966793060302734,0.9988000392913818,0.9948225021362305,0.9956666231155396,0.9947465658187866,0.9989831447601318,0.9986157417297363,0.9988799691200256,0.996482789516449,0.9967520236968994,0.9973068237304688,0.9959092736244202,0.9966586232185364,0.9969319105148315,0.996835470199585,0.9962859749794006,0.49909713864326477,5.482951402664185,0.9745097160339355,0.9788603186607361
92,0.12848247587680817,0.9795956015586853,0.9903684854507446,0.997323751449585,0.997323751449585,0.9973267316818237,0.9972324371337891,0.9972339868545532,0.9971396923065186,0.9974145889282227,0.9972324371337891,0.9973276853561401,0.9975045919418335,0.9970539808273315,0.9970468878746033,0.9969562888145447,0.9975097179412842,0.9974203109741211,0.9975988268852234,0.9979618191719055,0.9993554353713989,0.9985038042068481,0.9982242584228516,0.996862530708313,0.9959016442298889,0.9954102039337158,0.9959334135055542,0.9956257343292236,0.9964802265167236,0.996492862701416,0.996583104133606,0.9991692900657654,0.9949139952659607,0.9952977895736694,0.9955751895904541,0.9987006187438965,0.9986162185668945,0.9981287717819214,0.9971146583557129,0.9963821768760681,0.996472954750061,0.9969370365142822,0.9966567754745483,0.9965593814849854,0.9971162676811218,0.9964650869369507,0.4981590509414673,5.723930358886719,0.9768519401550293,0.9795956015586853
93,0.12539784610271454,0.9814338088035583,0.9908815026283264,0.9980627298355103,0.9981539249420166,0.9979678392410278,0.9983391761779785,0.9981549978256226,0.9980634450912476,0.9981556534767151,0.9980627298355103,0.9983394742012024,0.9981539249420166,0.9982446432113647,0.9981532692909241,0.9982491731643677,0.9978766441345215,0.9980627298355103,0.9975110292434692,0.9983333349227905,0.9995396137237549,0.9986889362335205,0.9979392886161804,0.9965915679931641,0.9951521158218384,0.9953377842903137,0.9960075616836548,0.996572732925415,0.996492862701416,0.995724081993103,0.9972438812255859,0.9992611408233643,0.9952743053436279,0.9948348999023438,0.994744598865509,0.9990749359130859,0.9987087249755859,0.9986864328384399,0.9974935054779053,0.9970238208770752,0.9970299005508423,0.9976766109466553,0.997959554195404,0.9970271587371826,0.9972129464149475,0.9976769685745239,0.4983394742012024,5.328299522399902,0.9801087975502014,0.9814338088035583
94,0.1203777864575386,0.979411780834198,0.9914073348045349,0.9977851510047913,0.9976966977119446,0.9976919889450073,0.9979734420776367,0.9979720115661621,0.9976962804794312,0.997692883014679,0.997877836227417,0.997599720954895,0.9977851510047913,0.9979708194732666,0.9977864027023315,0.9978774785995483,0.9976962804794312,0.9977843761444092,0.9984314441680908,0.998053789138794,0.9993555545806885,0.9976639747619629,0.9987857341766357,0.9963670969009399,0.996950626373291,0.9960930347442627,0.9955348968505859,0.9962071180343628,0.9967674016952515,0.9963878393173218,0.9967631101608276,0.9994468688964844,0.9942730665206909,0.9964015483856201,0.9965879917144775,0.9987037181854248,0.9988023042678833,0.9972907304763794,0.9977687001228333,0.997673511505127,0.9975823163986206,0.9977624416351318,0.9976739883422852,0.9980475902557373,0.9977736473083496,0.9977719783782959,0.4994419515132904,5.372254133224487,0.9770771861076355,0.979411780834198
95,0.1259729117155075,0.9795956015586853,0.9908579587936401,0.9974136352539062,0.9976919889450073,0.9977851510047913,0.9975101351737976,0.9973261952400208,0.9975119829177856,0.99759840965271,0.9975087642669678,0.9977847337722778,0.9976958632469177,0.9974179267883301,0.9976924657821655,0.9972339868545532,0.9976032376289368,0.9974141120910645,0.9983388781547546,0.9982420206069946,1.0,0.9986004829406738,0.9978472590446472,0.9948483109474182,0.9949610233306885,0.9953501224517822,0.995812714099884,0.9964775443077087,0.996665358543396,0.9956274032592773,0.9964768886566162,0.9995388388633728,0.994636595249176,0.9956698417663574,0.9956642389297485,0.998613715171814,0.9990788698196411,0.9976600408554077,0.9975795745849609,0.9980508685112,0.9975795745849609,0.9981412887573242,0.9972087740898132,0.997957706451416,0.998142659664154,0.9975841045379639,0.4986993670463562,5.422289848327637,0.976451575756073,0.9795956015586853
96,0.12021098285913467,0.9799632430076599,0.990969181060791,0.99797123670578,0.9978798031806946,0.9979663491249084,0.9976962804794312,0.998062014579773,0.9981553554534912,0.9981542825698853,0.9980652332305908,0.9975992441177368,0.9976954460144043,0.9979701042175293,0.998060941696167,0.9982455968856812,0.9981546401977539,0.9978790283203125,0.9969568252563477,0.9987039566040039,0.9995393753051758,0.9982259273529053,0.9979473352432251,0.9964848756790161,0.9964942336082458,0.9950766563415527,0.9961912035942078,0.9949475526809692,0.9955323338508606,0.9959210753440857,0.9967613220214844,0.9993538856506348,0.9947261214256287,0.9957603812217712,0.9956657886505127,0.9982442855834961,0.9992616176605225,0.9974766373634338,0.9970265626907349,0.9969336986541748,0.9974841475486755,0.9973968267440796,0.9969313740730286,0.9967460036277771,0.9967502355575562,0.99730384349823,0.49872496724128723,5.621089696884155,0.9761885404586792,0.9799632430076599
97,0.1260616034269333,0.9786764979362488,0.991328239440918,0.9976005554199219,0.9976954460144043,0.9975110292434692,0.9978817701339722,0.9979708194732666,0.9977880120277405,0.9976005554199219,0.9976941347122192,0.9977855682373047,0.9976924657821655,0.9976949691772461,0.9976949691772461,0.9976954460144043,0.9976032376289368,0.9976946115493774,0.9976010322570801,0.9974026083946228,0.9997237920761108,0.9982219934463501,0.9981307983398438,0.9954346418380737,0.9968613386154175,0.9948659539222717,0.9957377910614014,0.9956381320953369,0.9961019158363342,0.995823860168457,0.99724280834198,0.9990776777267456,0.9953720569610596,0.9953832030296326,0.9961211681365967,0.9990754127502441,0.9991698861122131,0.9987852573394775,0.9974902272224426,0.9973008632659912,0.9969336986541748,0.9972119331359863,0.9976813197135925,0.9972119331359863,0.9975858926773071,0.9976752996444702,0.4992787539958954,5.558735132217407,0.9754158854484558,0.9786764979362488
98,0.12436829507350922,0.9816176295280457,0.9905908107757568,0.9972288608551025,0.9974141120910645,0.9972293972969055,0.9972350597381592,0.9972299337387085,0.9972314834594727,0.9971386194229126,0.9970474243164062,0.9971423149108887,0.9971396923065186,0.9973247051239014,0.9974179267883301,0.9973261952400208,0.9974155426025391,0.9972319602966309,0.9980612993240356,0.9979652166366577,0.9995397329330444,0.9979450702667236,0.99767005443573,0.9962948560714722,0.9956414699554443,0.9974417686462402,0.9972360134124756,0.9963926076889038,0.9967790842056274,0.9961839318275452,0.9965779781341553,0.9994461536407471,0.9951931834220886,0.9955728054046631,0.9953925609588623,0.9986090660095215,0.9994466304779053,0.9978516697883606,0.9973068237304688,0.9969285130500793,0.9964650869369507,0.9973943829536438,0.997031569480896,0.9976705312728882,0.9979550242424011,0.9972108602523804,0.4981725215911865,5.511905193328857,0.9818558692932129,0.9816176295280457
99,0.11607403308153152,0.981249988079071,0.9912427663803101,0.9978793859481812,0.9981566667556763,0.998340368270874,0.9976005554199219,0.9982423782348633,0.9979734420776367,0.9981549978256226,0.9975064992904663,0.9979697465896606,0.9977888464927673,0.9980616569519043,0.9980612993240356,0.9979697465896606,0.9982439875602722,0.9981586933135986,0.9976028203964233,0.9988870620727539,1.0,0.9984139204025269,0.9981269836425781,0.9960060715675354,0.9961962699890137,0.9956530332565308,0.9963768124580383,0.9970576763153076,0.996483564376831,0.9953315258026123,0.9957191944122314,0.9991703629493713,0.996013343334198,0.9965822696685791,0.9961254596710205,0.9994444847106934,0.9994462728500366,0.998039960861206,0.9976769685745239,0.9974883794784546,0.997774064540863,0.997394859790802,0.9978644251823425,0.9976804256439209,0.9983261823654175,0.9975889921188354,0.49871841073036194,5.850128650665283,0.9803457260131836,0.981249988079071
100,0.12264743447303772,0.979411780834198,0.9908515214920044,0.9976010322570801,0.997509241104126,0.997509241104126,0.9980634450912476,0.9976019263267517,0.9974188804626465,0.9976937174797058,0.9977864027023315,0.9976937174797058,0.9979697465896606,0.9976924657821655,0.9977859854698181,0.9977864027023315,0.9975133538246155,0.997692883014679,0.997232973575592,0.998612642288208,0.9996316432952881,0.9988797903060913,0.9986917972564697,0.996299147605896,0.9976276159286499,0.9961919188499451,0.9967470169067383,0.9970622062683105,0.9964532256126404,0.9969714283943176,0.9971499443054199,0.999262809753418,0.9962962865829468,0.9958502054214478,0.9961240291595459,0.9984270930290222,0.9993540048599243,0.9984111785888672,0.9982368350028992,0.9966542720794678,0.9975849986076355,0.9976718425750732,0.9982345104217529,0.9974944591522217,0.998232901096344,0.9967490434646606,0.4979882836341858,5.6178505420684814,0.9785178899765015,0.979411780834198

101,0.11139677464962006,0.9832720756530762,0.9906336069107056,0.9974155426025391,0.9973222613334656,0.9976015090942383,0.9976946115493774,0.9976015090942383,0.9973232746124268,0.997512936592102,0.9969534873962402,0.9971433877944946,0.9974155426025391,0.9976023435592651,0.9973257184028625,0.997233510017395,0.9975992441177368,0.9973251819610596,0.9979701042175293,0.9981515407562256,0.9995400309562683,0.9986015558242798,0.9986915588378906,0.9966590404510498,0.9967569708824158,0.9963905811309814,0.996491551399231,0.996004581451416,0.996483564376831,0.9956240653991699,0.9964008331298828,0.9996306896209717,0.9956408739089966,0.9956705570220947,0.9951070547103882,0.9983342885971069,0.9999077916145325,0.997477114200592,0.9973068237304688,0.9968401193618774,0.997207760810852,0.9975845813751221,0.9971151947975159,0.9969319105148315,0.9975841045379639,0.9978621006011963,0.498163104057312,5.571072578430176,0.9810517430305481,0.9832720756530762
102,0.11390548944473267,0.9795956015586853,0.9912064075469971,0.9977818727493286,0.9977884292602539,0.9977872371673584,0.9973257184028625,0.9973227381706238,0.9976962804794312,0.9979727268218994,0.9977843761444092,0.99759840965271,0.9974126815795898,0.9973222613334656,0.9976958632469177,0.9974207878112793,0.997233510017395,0.997877836227417,0.9977855682373047,0.997686505317688,0.9994475841522217,0.9986002445220947,0.9984093904495239,0.996867299079895,0.996015191078186,0.9958134889602661,0.9962948560714722,0.9966710805892944,0.9960007667541504,0.9961130023002625,0.9964882135391235,0.9989856481552124,0.9953618049621582,0.9962211847305298,0.996494472026825,0.998148500919342,0.9992623925209045,0.9981307983398438,0.9971200227737427,0.9981447458267212,0.997865617275238,0.9972113370895386,0.9974035620689392,0.997582733631134,0.9975809454917908,0.9979538917541504,0.4989161789417267,5.595746994018555,0.976219654083252,0.9795956015586853
103,0.11408309638500214,0.9830882549285889,0.99055016040802,0.996678352355957,0.9970479607582092,0.9973192811012268,0.9968622922897339,0.9971402287483215,0.9971402287483215,0.9971402287483215,0.9972304105758667,0.9968663454055786,0.9972304105758667,0.9971381425857544,0.9969534873962402,0.9968616962432861,0.9971407651901245,0.9970468878746033,0.9975055456161499,0.9982446432113647,0.9997234344482422,0.9982226490974426,0.9976679086685181,0.9959938526153564,0.995819091796875,0.9964948892593384,0.9966596364974976,0.9962998032569885,0.9970616102218628,0.9969500303268433,0.996014416217804,0.9991705417633057,0.9950018525123596,0.9960331916809082,0.9964938163757324,0.9985201358795166,0.998985230922699,0.9982196092605591,0.998047947883606,0.99832683801651,0.9978588819503784,0.9974949359893799,0.997958779335022,0.9977744817733765,0.9971162676811218,0.9981388449668884,0.49814745783805847,5.602080583572388,0.9821631908416748,0.9830882549285889
104,0.11603821814060211,0.9810661673545837,0.9909991025924683,0.9987068176269531,0.9987096786499023,0.99852454662323,0.9985237121582031,0.9984308481216431,0.9988025426864624,0.998894453048706,0.9984314441680908,0.9989854097366333,0.9987080097198486,0.9984320402145386,0.9984300136566162,0.998708963394165,0.9983397722244263,0.998708963394165,0.9972375631332397,0.9985182285308838,0.9993553161621094,0.9983227849006653,0.999252438545227,0.9960068464279175,0.9972517490386963,0.9964861869812012,0.9958198666572571,0.9962027668952942,0.9962092638015747,0.9953492879867554,0.9969616532325745,0.9990777969360352,0.9947114586830139,0.9963052272796631,0.9954721927642822,0.9989795684814453,0.999630868434906,0.9973924160003662,0.9970154762268066,0.9967454075813293,0.9972093105316162,0.9977678656578064,0.996460497379303,0.996554970741272,0.9968425035476685,0.9966499209403992,0.49817517399787903,5.637549638748169,0.9763083457946777,0.9810661673545837
105,0.1094607412815094,0.9821690917015076,0.9911059141159058,0.9975073933601379,0.9980652332305908,0.9977855682373047,0.997880220413208,0.9973232746124268,0.9978786110877991,0.9978762865066528,0.9979723691940308,0.9976966977119446,0.9980605840682983,0.9976937174797058,0.997692883014679,0.9980602264404297,0.9979720115661621,0.997692883014679,0.9971402287483215,0.9970304369926453,0.9993557929992676,0.9980424642562866,0.9985079765319824,0.9961751699447632,0.9962984323501587,0.9964935779571533,0.9963788986206055,0.9960272312164307,0.9961026906967163,0.9960121512413025,0.9971542358398438,0.9988936185836792,0.995837926864624,0.9961225986480713,0.9959409236907959,0.998612642288208,0.99880051612854,0.998031497001648,0.997864842414856,0.997953474521637,0.9972124099731445,0.9973047971725464,0.9976757168769836,0.9974879026412964,0.9974035620689392,0.9972113370895386,0.49873095750808716,5.655583381652832,0.9821939468383789,0.9821690917015076
106,0.11327949911355972,0.9821690917015076,0.9911593794822693,0.9981546401977539,0.9984317421913147,0.9979689717292786,0.9982465505599976,0.998340368270874,0.9983388781547546,0.9981539249420166,0.9981549978256226,0.9982462525367737,0.9979727268218994,0.9980630874633789,0.9981563091278076,0.9978790283203125,0.9982491731643677,0.9979720115661621,0.9978809356689453,0.9985165596008301,0.999907910823822,0.9981245398521423,0.9974813461303711,0.9958198666572571,0.9960265159606934,0.9967594146728516,0.9968661069869995,0.9968613386154175,0.9966634511947632,0.9957289695739746,0.9970414638519287,0.999262273311615,0.9956457614898682,0.9959387183189392,0.9961276054382324,0.9988878965377808,0.9995388984680176,0.998132586479187,0.9982335567474365,0.9973058700561523,0.9972108602523804,0.9969370365142822,0.9972129464149475,0.9973996877670288,0.9974976778030396,0.9974888563156128,0.4985364079475403,5.425824403762817,0.9808814525604248,0.9821690917015076
107,0.11953739821910858,0.9795956015586853,0.990353524684906,0.997783899307251,0.9975097179412842,0.9980616569519043,0.9979681968688965,0.9978809356689453,0.9979678392410278,0.9979681968688965,0.997877836227417,0.998060941696167,0.997690737247467,0.9980634450912476,0.9978781938552856,0.9970529079437256,0.9978774785995483,0.9976962804794312,0.9968663454055786,0.9983317852020264,0.9994479417800903,0.9982190132141113,0.9975627660751343,0.9966710805892944,0.9970538020133972,0.9970666170120239,0.9964962005615234,0.9968690872192383,0.9969483017921448,0.9965883493423462,0.996768057346344,0.998985767364502,0.9954537153244019,0.9953908920288086,0.9951106905937195,0.9995379447937012,0.9999076128005981,0.9978504776954651,0.9973933696746826,0.9968407154083252,0.996471643447876,0.9967520236968994,0.9972082376480103,0.9969251155853271,0.9973053336143494,0.9969308376312256,0.49741411209106445,5.51377010345459,0.9783245921134949,0.9795956015586853
108,0.11215724796056747,0.9821690917015076,0.9910781383514404,0.997697114944458,0.9976010322570801,0.9975060224533081,0.9973232746124268,0.9973272085189819,0.9971407651901245,0.9975087642669678,0.9976916313171387,0.9973217248916626,0.9975078105926514,0.9972299337387085,0.9976949691772461,0.9977867603302002,0.9976010322570801,0.9975119829177856,0.9963085651397705,0.9988886713981628,0.9993550777435303,0.9984099864959717,0.9984111785888672,0.9975290298461914,0.9962843060493469,0.9967747926712036,0.9963061213493347,0.9960272312164307,0.9970476627349854,0.9965556859970093,0.9969616532325745,0.999170184135437,0.9965715408325195,0.9959477186203003,0.9964931607246399,0.9990721940994263,0.999630331993103,0.9983158707618713,0.9973982572555542,0.9973992109298706,0.99748694896698,0.9979519844055176,0.9974888563156128,0.9977678656578064,0.9978592395782471,0.9979568719863892,0.49887385964393616,5.759956359863281,0.9827519655227661,0.9821690917015076
109,0.10445801168680191,0.9821690917015076,0.9908387660980225,0.9975106120109558,0.9970452785491943,0.9973232746124268,0.9974193572998047,0.9973217248916626,0.9976954460144043,0.9976023435592651,0.9974179267883301,0.9974164962768555,0.9976946115493774,0.9977867603302002,0.997323751449585,0.9973272085189819,0.9977900981903076,0.9974155426025391,0.9972309470176697,0.9987022876739502,0.999538779258728,0.9987809658050537,0.9983193278312683,0.99675452709198,0.998007595539093,0.9968690872192383,0.9973307847976685,0.9974310398101807,0.997630774974823,0.9964795112609863,0.9976235628128052,0.9995381832122803,0.9940707683563232,0.9945611953735352,0.9949336647987366,0.9990742206573486,0.9994466304779053,0.9979507923126221,0.9971141219139099,0.9968395233154297,0.9970210790634155,0.996843695640564,0.9968442916870117,0.9965626001358032,0.9970210790634155,0.9967520236968994,0.49852344393730164,5.788004159927368,0.9799560308456421,0.9821690917015076
110,0.11559431254863739,0.9801470637321472,0.990706205368042,0.9978766441345215,0.9972319602966309,0.9975106120109558,0.9976032376289368,0.9979715943336487,0.9978790283203125,0.9979689717292786,0.9975974559783936,0.9977835416793823,0.9977880120277405,0.997690737247467,0.9976019263267517,0.9975050687789917,0.9976015090942383,0.9976019263267517,0.996494472026825,0.9975956678390503,0.9997239112854004,0.9978448152542114,0.9984129667282104,0.9968595504760742,0.995228111743927,0.9956223964691162,0.9962863922119141,0.9959016442298889,0.9958095550537109,0.9961130023002625,0.9964048862457275,0.9993542432785034,0.9957399368286133,0.9954805374145508,0.9964951276779175,0.9980591535568237,0.9990761280059814,0.9981329441070557,0.9970348477363586,0.9971194863319397,0.9970309734344482,0.9973973035812378,0.9977628588676453,0.9971216320991516,0.997207760810852,0.9970238208770752,0.4985102415084839,5.504647731781006,0.9784073829650879,0.9801470637321472

111,0.10307249426841736,0.9821690917015076,0.99066561460495,0.9969574213027954,0.9973257184028625,0.9973281621932983,0.9976005554199219,0.9971423149108887,0.9971428513526917,0.9971407651901245,0.9972339868545532,0.9973281621932983,0.9975082874298096,0.9972314834594727,0.9973257184028625,0.9971375465393066,0.9974150657653809,0.9972339868545532,0.9971375465393066,0.9983333349227905,0.9995396137237549,0.9989737272262573,0.9982212781906128,0.9961026906967163,0.9973439574241638,0.9966843128204346,0.9963788986206055,0.9962962865829468,0.9968637228012085,0.996473491191864,0.9976240396499634,0.9991689920425415,0.9945380687713623,0.9950193762779236,0.9951070547103882,0.9986128807067871,0.9994463920593262,0.9985024333000183,0.9971173405647278,0.9966604709625244,0.9967460036277771,0.997112512588501,0.9969296455383301,0.9968477487564087,0.9975841045379639,0.9973013401031494,0.4983522593975067,5.739558696746826,0.9806405901908875,0.9821690917015076
112,0.10372918099164963,0.9814338088035583,0.9905202388763428,0.997232973575592,0.9969557523727417,0.9970479607582092,0.9970529079437256,0.9974184036254883,0.9965829253196716,0.9971433877944946,0.9974174499511719,0.997232973575592,0.9972273707389832,0.9975097179412842,0.9972319602966309,0.9971412420272827,0.9964951276779175,0.9968582391738892,0.9974141120910645,0.99833083152771,0.9995396137237549,0.9982239603996277,0.9981307983398438,0.9973409175872803,0.9969587326049805,0.9976245164871216,0.997138500213623,0.9960265159606934,0.9966748952865601,0.9961810111999512,0.9968583583831787,0.999630868434906,0.9954655170440674,0.9954780340194702,0.9956594109535217,0.998704195022583,0.9988009929656982,0.9981305003166199,0.9965593814849854,0.9970343112945557,0.9971200227737427,0.997400164604187,0.9971189498901367,0.9968419075012207,0.9974939823150635,0.9968377947807312,0.4981556534767151,5.471466302871704,0.9800586700439453,0.9814338088035583
113,0.11354885250329971,0.9781249761581421,0.9913945198059082,0.9983397722244263,0.9981546401977539,0.9983394742012024,0.9978766441345215,0.9982472658157349,0.9981560111045837,0.9982472658157349,0.99852454662323,0.9983391761779785,0.9981553554534912,0.9983373284339905,0.998062014579773,0.998340368270874,0.9984317421913147,0.9982459545135498,0.9981570243835449,0.9980566501617432,0.9996313452720642,0.9982259273529053,0.9974695444107056,0.9957175254821777,0.996482253074646,0.9973419308662415,0.9968553781509399,0.9960014820098877,0.9968744516372681,0.9962934851646423,0.9971520900726318,0.999538779258728,0.9952751398086548,0.9954780340194702,0.9951133728027344,0.9987068176269531,0.9992630481719971,0.9977611899375916,0.997207760810852,0.9969398975372314,0.9973013401031494,0.9968425035476685,0.9974898099899292,0.9977682828903198,0.9971162676811218,0.9977678656578064,0.4990832507610321,5.714216470718384,0.9748408794403076,0.9781249761581421
114,0.10964801907539368,0.9814338088035583,0.9909969568252563,0.9981566667556763,0.9978750944137573,0.9981546401977539,0.997877836227417,0.9974222183227539,0.9982462525367737,0.9976941347122192,0.9978786110877991,0.998062014579773,0.9978821277618408,0.9977851510047913,0.9978798031806946,0.9975110292434692,0.9981522560119629,0.9976933002471924,0.9966802000999451,0.9976903200149536,0.9994478225708008,0.9984115362167358,0.9983161687850952,0.9961919188499451,0.9959977269172668,0.9969524145126343,0.9962962865829468,0.9964028596878052,0.9965576529502869,0.9968738555908203,0.9969616532325745,0.9996306896209717,0.9949045777320862,0.9954813718795776,0.9948329925537109,0.9985204339027405,0.9994457960128784,0.9975727796554565,0.9980465173721313,0.9974944591522217,0.9977661967277527,0.9974944591522217,0.9972009658813477,0.9973968267440796,0.9974846243858337,0.9974864721298218,0.498698890209198,5.5847487449646,0.9801681041717529,0.9814338088035583
115,0.10752008110284805,0.9801470637321472,0.990699827671051,0.9972339868545532,0.9972355365753174,0.9968652129173279,0.9970452785491943,0.9968616962432861,0.9968622922897339,0.9970468878746033,0.9970452785491943,0.9970484972000122,0.9964951276779175,0.9968611598014832,0.9970484972000122,0.9972324371337891,0.9966814517974854,0.9965885877609253,0.9980602264404297,0.9987961053848267,0.9996317625045776,0.9986932873725891,0.9986945390701294,0.99623703956604,0.9978190660476685,0.9959117770195007,0.9969529509544373,0.996769905090332,0.9964694976806641,0.9966773986816406,0.996769905090332,0.9990774989128113,0.9952812790870667,0.9957587718963623,0.9960346817970276,0.9984241724014282,0.9995391368865967,0.9974789619445801,0.9975813627243042,0.9974883794784546,0.9973963499069214,0.9967423677444458,0.9967478513717651,0.9965574741363525,0.9966492652893066,0.9970309734344482,0.49837663769721985,5.414368152618408,0.9797236919403076,0.9801470637321472
116,0.1009317934513092,0.9834558963775635,0.991524875164032,0.998337984085083,0.9986157417297363,0.9979720115661621,0.9985228776931763,0.9983407258987427,0.9987096786499023,0.9981542825698853,0.9984320402145386,0.9984337687492371,0.9984334707260132,0.998430609703064,0.9983385801315308,0.9986146688461304,0.9981549978256226,0.9981566667556763,0.9972365498542786,0.9978711605072021,0.9996318817138672,0.9977570176124573,0.9982312321662903,0.996691882610321,0.9967514276504517,0.9965857267379761,0.9953386783599854,0.9967575669288635,0.9964789152145386,0.9961904883384705,0.9977186322212219,0.9995390772819519,0.9961994886398315,0.9964022040367126,0.9964964389801025,0.9980562925338745,0.9989850521087646,0.9984153509140015,0.9978600740432739,0.998234212398529,0.9974879026412964,0.9980515837669373,0.998416543006897,0.997864842414856,0.997863233089447,0.9975791573524475,0.49890390038490295,5.400521516799927,0.9821895360946655,0.9834558963775635
117,0.10473748296499252,0.9821690917015076,0.9911102056503296,0.9976911544799805,0.9978809356689453,0.9977859854698181,0.9980612993240356,0.9979681968688965,0.9979681968688965,0.9979737997055054,0.9979734420776367,0.9980587959289551,0.9979689717292786,0.9977859854698181,0.9976979494094849,0.9977908730506897,0.9975069165229797,0.9976949691772461,0.9974179267883301,0.9981495141983032,0.999539852142334,0.9991601705551147,0.998690128326416,0.99675452709198,0.9974334239959717,0.9975205063819885,0.9967594146728516,0.9971379637718201,0.996473491191864,0.9958286285400391,0.997243344783783,0.9990788698196411,0.9960170388221741,0.9964964389801025,0.9971391558647156,0.9982436895370483,0.9995390772819519,0.9982253313064575,0.9974958300590515,0.9972082376480103,0.997400164604187,0.9975000023841858,0.9974967241287231,0.9975876808166504,0.9972160458564758,0.9972097873687744,0.4983600676059723,5.707093954086304,0.9783831834793091,0.9821690917015076
118,0.10309699922800064,0.981249988079071,0.9910012483596802,0.9973227381706238,0.9970479607582092,0.9972345232963562,0.9974169731140137,0.996955156326294,0.9972314834594727,0.9973276853561401,0.9973291158676147,0.9969540238380432,0.9971344470977783,0.9975087642669678,0.9971412420272827,0.9973276853561401,0.9974169731140137,0.9975106120109558,0.9977851510047913,0.9977827072143555,0.9993551969528198,0.9987843632698059,0.9982209801673889,0.9968547821044922,0.997061014175415,0.9970666170120239,0.9968755841255188,0.9968553781509399,0.9973374009132385,0.9971499443054199,0.9970459342002869,0.9994457960128784,0.9943382143974304,0.9948329925537109,0.9950230121612549,0.9989801645278931,0.9992620944976807,0.9975727796554565,0.99748694896698,0.9972997903823853,0.9971157312393188,0.9977716207504272,0.9972997903823853,0.9973093271255493,0.9972191452980042,0.9972124099731445,0.49889788031578064,5.662219285964966,0.9773193001747131,0.981249988079071
119,0.10248521715402603,0.982536792755127,0.9910204410552979,0.9972293972969055,0.997225821018219,0.9971391558647156,0.9971359968185425,0.9976949691772461,0.9978786110877991,0.997599720954895,0.9974141120910645,0.9974164962768555,0.9976015090942383,0.9976946115493774,0.9975106120109558,0.9976032376289368,0.9974207878112793,0.9976949691772461,0.9977847337722778,0.9978660345077515,0.9993554353713989,0.9985021352767944,0.9986950159072876,0.996487557888031,0.9959110021591187,0.9959210753440857,0.9963836669921875,0.9959954023361206,0.9962856769561768,0.9970582723617554,0.9980064630508423,0.99944669008255,0.9951914548873901,0.9961276054382324,0.996131181716919,0.9987961053848267,0.9995388984680176,0.998124897480011,0.9980522990226746,0.9970276355743408,0.9973973035812378,0.9974915981292725,0.9971173405647278,0.9973098039627075,0.9974902272224426,0.9978644251823425,0.4987156093120575,5.3758533000946045,0.983802318572998,0.982536792755127
120,0.10074235498905182,0.9821690917015076,0.9908430576324463,0.9973232746124268,0.9971391558647156,0.9971391558647156,0.9971391558647156,0.9968646168708801,0.9972339868545532,0.9972339868545532,0.9972345232963562,0.9971386194229126,0.9970501661300659,0.9972314834594727,0.9970479607582092,0.9967718124389648,0.99704909324646,0.9972309470176697,0.9973217248916626,0.9987063407897949,0.9994477033615112,0.9983171224594116,0.9985963106155396,0.9961839318275452,0.9965909123420715,0.996688723564148,0.9962828755378723,0.9965733885765076,0.9977229833602905,0.9962786436080933,0.9969419240951538,0.9997232556343079,0.9952830076217651,0.9956673979759216,0.9956657886505127,0.9989817142486572,0.9996311664581299,0.9981301426887512,0.9974898099899292,0.9969267845153809,0.9978596568107605,0.9977682828903198,0.9973103404045105,0.9977773427963257,0.996833086013794,0.9979523420333862,0.498697429895401,5.462060451507568,0.9837340116500854,0.9821690917015076

121,0.10086532682180405,0.9836397171020508,0.9910653233528137,0.9975974559783936,0.997692883014679,0.9977884292602539,0.9977843761444092,0.9975097179412842,0.998059868812561,0.9976975917816162,0.9976028203964233,0.997509241104126,0.9975106120109558,0.9976916313171387,0.9975133538246155,0.997232973575592,0.9976946115493774,0.9974150657653809,0.9983391761779785,0.9977802038192749,0.9994475245475769,0.9977574348449707,0.9981305003166199,0.9964715242385864,0.9966710805892944,0.9965028762817383,0.9965682029724121,0.9960060715675354,0.9970453977584839,0.9964975118637085,0.997523307800293,0.9989854097366333,0.9946355819702148,0.9966802000999451,0.9959439635276794,0.9987022876739502,0.99944669008255,0.9977498650550842,0.9979553818702698,0.9972160458564758,0.9985135793685913,0.9969296455383301,0.9967538118362427,0.9969347715377808,0.9975854158401489,0.9977703094482422,0.49871936440467834,5.507843255996704,0.9841176867485046,0.9836397171020508
122,0.09284932911396027,0.9849264621734619,0.9911230802536011,0.9975082874298096,0.9975073933601379,0.9976954460144043,0.9974155426025391,0.9976001381874084,0.9973247051239014,0.9976962804794312,0.9974141120910645,0.9973247051239014,0.9973267316818237,0.9971396923065186,0.9971386194229126,0.9974188804626465,0.9973247051239014,0.9972319602966309,0.9975073933601379,0.9980566501617432,0.9998157024383545,0.9986012578010559,0.999154806137085,0.9968589544296265,0.9968708753585815,0.9969512224197388,0.9973379373550415,0.9966660737991333,0.9970520734786987,0.9967784881591797,0.9969453811645508,0.999262809753418,0.9958286881446838,0.9962142109870911,0.9953874349594116,0.9980570077896118,0.9995385408401489,0.997761607170105,0.9974898099899292,0.9979538917541504,0.997394859790802,0.9973928928375244,0.9975782632827759,0.9971210956573486,0.9977736473083496,0.9974930286407471,0.4990611970424652,5.67136025428772,0.9824255704879761,0.9849264621734619
123,0.09835228323936462,0.981801450252533,0.9908002614974976,0.9975078105926514,0.9976019263267517,0.9976886510848999,0.9975045919418335,0.997880220413208,0.9976028203964233,0.9978805780410767,0.9972314834594727,0.9974169731140137,0.997787594795227,0.9977884292602539,0.9980612993240356,0.9976911544799805,0.9976032376289368,0.9978770613670349,0.9977855682373047,0.9980512261390686,0.9996315240859985,0.9983224868774414,0.9971065521240234,0.9953351020812988,0.9963089227676392,0.9968571662902832,0.9961802959442139,0.996196985244751,0.9964789152145386,0.9965707659721375,0.9971466660499573,0.9992614388465881,0.9948177337646484,0.9958533048629761,0.9956642389297485,0.9986075162887573,0.999170184135437,0.9981343150138855,0.9965562224388123,0.9968425035476685,0.9968477487564087,0.9962853193283081,0.9972119331359863,0.9967447519302368,0.9967478513717651,0.9973053336143494,0.4986993670463562,5.465880632400513,0.9782044291496277,0.981801450252533
124,0.09240517020225525,0.9847426414489746,0.9908729791641235,0.9977851510047913,0.9976954460144043,0.9977880120277405,0.9972345232963562,0.9974169731140137,0.9976975917816162,0.9975115060806274,0.9974164962768555,0.9976015090942383,0.9978793859481812,0.9975106120109558,0.9978817701339722,0.9977880120277405,0.9976958632469177,0.9975087642669678,0.9974174499511719,0.9984259605407715,0.9994480609893799,0.9982286095619202,0.9984147548675537,0.9975341558456421,0.996953547000885,0.9963761568069458,0.9972407221794128,0.9966685771942139,0.9973348379135132,0.9967619180679321,0.996768057346344,0.9992619752883911,0.9961973428726196,0.9960302710533142,0.9963037967681885,0.9976822137832642,0.999354362487793,0.9986940622329712,0.9970282316207886,0.9971194863319397,0.9973047971725464,0.9973968267440796,0.9972124099731445,0.9980465173721313,0.9976739883422852,0.9973047971725464,0.49816983938217163,5.544189453125,0.9826541543006897,0.9847426414489746
125,0.09953072667121887,0.9823529124259949,0.9903727769851685,0.9970507025718689,0.9976937174797058,0.9970495700836182,0.9970501661300659,0.9972324371337891,0.997232973575592,0.9974164962768555,0.9974188804626465,0.9967682361602783,0.9973257184028625,0.9974141120910645,0.9973222613334656,0.9971370697021484,0.9972283840179443,0.9971418380737305,0.9977851510047913,0.9982410669326782,0.999539852142334,0.9989752173423767,0.9985967874526978,0.9962843060493469,0.9969621896743774,0.9961056113243103,0.9963011741638184,0.9960914850234985,0.9966660737991333,0.9968499541282654,0.997243344783783,0.998985230922699,0.9955514669418335,0.9961233139038086,0.9957587718963623,0.9990747570991516,0.9994465112686157,0.9983205795288086,0.9969296455383301,0.9970375895500183,0.997299313545227,0.9973138570785522,0.9969273805618286,0.9967405796051025,0.9961987733840942,0.9973033666610718,0.49778351187705994,5.3972086906433105,0.9801850914955139,0.9823529124259949
126,0.0994892343878746,0.9827206134796143,0.9912149906158447,0.9977867603302002,0.9979678392410278,0.9969534873962402,0.997783899307251,0.997783899307251,0.9976036548614502,0.9976962804794312,0.9975078105926514,0.9977855682373047,0.9975106120109558,0.997970461845398,0.9978774785995483,0.9976019263267517,0.9976046085357666,0.9976941347122192,0.9977864027023315,0.997775673866272,0.9994475841522217,0.9986910820007324,0.998782753944397,0.9962171316146851,0.996959924697876,0.9961897134780884,0.9968738555908203,0.9962106943130493,0.9972301721572876,0.9965857267379761,0.9971401691436768,0.999447226524353,0.9961147308349609,0.9968640804290771,0.9953866004943848,0.998516857624054,0.9992619752883911,0.9977591037750244,0.9973963499069214,0.9974879026412964,0.9983274340629578,0.997865617275238,0.9979512095451355,0.998603880405426,0.9981433153152466,0.9977691173553467,0.4987165331840515,5.9000184535980225,0.9840186834335327,0.9827206134796143
127,0.09663759171962738,0.9832720756530762,0.9911209344863892,0.9968663454055786,0.9968657493591309,0.9968594312667847,0.9969557523727417,0.9968600273132324,0.9968663454055786,0.99704909324646,0.9966826438903809,0.9970495700836182,0.9972345232963562,0.9969557523727417,0.9969562888145447,0.9969540238380432,0.9968681335449219,0.9970463514328003,0.9977827072143555,0.9985204339027405,0.9995396137237549,0.9979416131973267,0.9984133243560791,0.9964755177497864,0.9966609477996826,0.9966812133789062,0.9967631101608276,0.9980030059814453,0.9967766404151917,0.9972397089004517,0.9971482753753662,0.9991705417633057,0.9966703653335571,0.9950971603393555,0.9974174499511719,0.9986106157302856,0.9990780353546143,0.9982229471206665,0.9979553818702698,0.997299313545227,0.9973943829536438,0.9974930286407471,0.997957706451416,0.9974907040596008,0.9982339143753052,0.9975849986076355,0.49907681345939636,5.691232681274414,0.9808635711669922,0.9832720756530762
128,0.09817269444465637,0.9829044342041016,0.9908002614974976,0.9974188804626465,0.996955156326294,0.9975133538246155,0.9972314834594727,0.9973272085189819,0.9973212480545044,0.9976001381874084,0.9973272085189819,0.9973276853561401,0.9973242282867432,0.9973251819610596,0.9973222613334656,0.9971386194229126,0.9976023435592651,0.9972339868545532,0.9971375465393066,0.9983339309692383,0.9994477033615112,0.9990657567977905,0.9984129667282104,0.9969558715820312,0.9961875677108765,0.9977182149887085,0.9970453977584839,0.9965642690658569,0.9966862201690674,0.9963781833648682,0.9966862201690674,0.9993541240692139,0.9960251450538635,0.9960295557975769,0.995758056640625,0.9990764856338501,0.9996309876441956,0.9982212781906128,0.9967338442802429,0.9973905086517334,0.9968454241752625,0.9972082376480103,0.9967447519302368,0.9968442916870117,0.9969342350959778,0.9976761341094971,0.49851468205451965,5.5486555099487305,0.9831019639968872,0.9829044342041016
129,0.10350428521633148,0.9799632430076599,0.9908452033996582,0.9978809356689453,0.9977847337722778,0.9979655742645264,0.9980623722076416,0.997875452041626,0.9978798031806946,0.9978786110877991,0.9979708194732666,0.9978774785995483,0.9973232746124268,0.9980638027191162,0.9978821277618408,0.9980627298355103,0.9980627298355103,0.9976028203964233,0.99704909324646,0.9985198974609375,0.9992637634277344,0.9987825155258179,0.9981318712234497,0.9971526265144348,0.996482253074646,0.9965851306915283,0.9964869022369385,0.9962977170944214,0.9967656135559082,0.9971547722816467,0.9968595504760742,0.9992623925209045,0.9960096478462219,0.9954805374145508,0.9963052272796631,0.9981491565704346,0.999261736869812,0.998041033744812,0.9973088502883911,0.9970232248306274,0.9960886240005493,0.9982339143753052,0.9974874258041382,0.9972087740898132,0.99748694896698,0.9970276355743408,0.49816447496414185,5.4510438442230225,0.9808696508407593,0.9799632430076599
130,0.08734720945358276,0.9854779243469238,0.9911978244781494,0.9967664480209351,0.9964938163757324,0.9970457553863525,0.9968657493591309,0.9971407651901245,0.996950626373291,0.9969557523727417,0.9970484972000122,0.9971391558647156,0.9967694282531738,0.996950089931488,0.9966826438903809,0.9969528913497925,0.997233510017395,0.996494472026825,0.9975979328155518,0.998428225517273,0.9997239112854004,0.9983202815055847,0.9985044002532959,0.9969518184661865,0.9964942336082458,0.9975209832191467,0.9974315166473389,0.9971477389335632,0.9971638917922974,0.9969465732574463,0.9967588186264038,0.9990776777267456,0.9952812790870667,0.9966820478439331,0.9955776929855347,0.9990745782852173,0.9996312856674194,0.9988784790039062,0.9975845813751221,0.9976769685745239,0.9975823163986206,0.997858464717865,0.9976761341094971,0.997673511505127,0.998424768447876,0.997856080532074,0.4992556869983673,5.566120386123657,0.9826563596725464,0.9854779243469238

131,0.09727449715137482,0.9806985259056091,0.9907575249671936,0.9968600273132324,0.997232973575592,0.9973257184028625,0.9969601631164551,0.9971365332603455,0.9971396923065186,0.9969540238380432,0.9967700242996216,0.9971381425857544,0.9974169731140137,0.9972299337387085,0.9974179267883301,0.9976036548614502,0.9968594312667847,0.9975050687789917,0.9976924657821655,0.9983351826667786,0.9996316432952881,0.9987854957580566,0.9985957741737366,0.9973388910293579,0.9962998032569885,0.996671736240387,0.9972312450408936,0.9975351095199585,0.9971514940261841,0.996874988079071,0.9972527027130127,0.9992619752883911,0.994813859462738,0.9960346817970276,0.9946504235267639,0.9991679191589355,0.9988936185836792,0.9985071420669556,0.9972997903823853,0.9971232414245605,0.9966548681259155,0.996933102607727,0.9974846243858337,0.9965593814849854,0.9974020719528198,0.9969302415847778,0.49835947155952454,5.4693989753723145,0.9765864610671997,0.9806985259056091
132,0.08838008344173431,0.984375,0.9911786317825317,0.9978793859481812,0.9977864027023315,0.9979681968688965,0.9976933002471924,0.9976019263267517,0.9979715943336487,0.9975097179412842,0.9976890087127686,0.9976962804794312,0.9977864027023315,0.9976937174797058,0.9979727268218994,0.9978774785995483,0.9976937174797058,0.9976966977119446,0.9982469081878662,0.997867226600647,0.9995394945144653,0.9982132911682129,0.9979462623596191,0.9980967044830322,0.9979977011680603,0.9969546794891357,0.997139036655426,0.9961977005004883,0.9966723918914795,0.997054934501648,0.9981932640075684,0.9995388388633728,0.9949167966842651,0.9959402084350586,0.995296061038971,0.9987025260925293,0.9992623925209045,0.9981333017349243,0.9974015951156616,0.9973047971725464,0.9976778626441956,0.9974902272224426,0.9975845813751221,0.9973088502883911,0.9971151947975159,0.9974874258041382,0.4988759756088257,5.3900146484375,0.9832620620727539,0.984375
133,0.09018976241350174,0.9834558963775635,0.9911209344863892,0.9977855682373047,0.99760502576828,0.997697114944458,0.9978793859481812,0.9975064992904663,0.9977843761444092,0.9979715943336487,0.9979674816131592,0.997692883014679,0.9981556534767151,0.9977864027023315,0.9976924657821655,0.9977843761444092,0.9977872371673584,0.9973257184028625,0.9981549978256226,0.9978684186935425,0.9996318817138672,0.9982212781906128,0.9979466199874878,0.996577262878418,0.9964869022369385,0.9967674016952515,0.9970582723617554,0.9971433877944946,0.9968726634979248,0.9966634511947632,0.99724280834198,0.9990771412849426,0.9953840374946594,0.9954780340194702,0.9953823089599609,0.9981447458267212,0.9995390772819519,0.9979450702667236,0.9979580640792847,0.997678279876709,0.9971178770065308,0.9974958300590515,0.9982286095619202,0.9981388449668884,0.9980447292327881,0.9975791573524475,0.498704195022583,5.345253229141235,0.9821764826774597,0.9834558963775635
134,0.08828186243772507,0.9852941036224365,0.9914372563362122,0.9981549978256226,0.9980627298355103,0.9979697465896606,0.9979708194732666,0.9978758692741394,0.9978813529014587,0.9980645179748535,0.9977859854698181,0.9978790283203125,0.998062014579773,0.9977880120277405,0.9979737997055054,0.9981529712677002,0.9976924657821655,0.9979697465896606,0.9965885877609253,0.9985196590423584,0.9996316432952881,0.9985096454620361,0.9988793134689331,0.9971526265144348,0.997054934501648,0.9968427419662476,0.9961122274398804,0.9970593452453613,0.9974344372749329,0.9966641664505005,0.9969627857208252,0.998986542224884,0.9965721368789673,0.9963113069534302,0.9964957237243652,0.9982436895370483,0.9994459748268127,0.9989723563194275,0.998328685760498,0.9978636503219604,0.9984212517738342,0.9985127449035645,0.9978640079498291,0.9971275329589844,0.9974902272224426,0.9981392025947571,0.4985678493976593,5.513886451721191,0.9831579923629761,0.9852941036224365
135,0.09503256529569626,0.9830882549285889,0.9908857941627502,0.9972299337387085,0.9971412420272827,0.9970463514328003,0.997323751449585,0.9973286390304565,0.9972304105758667,0.9972339868545532,0.9971375465393066,0.9973242282867432,0.9973291158676147,0.9975045919418335,0.9972293972969055,0.9975087642669678,0.9971386194229126,0.9971396923065186,0.9972299337387085,0.9979610443115234,0.9997237920761108,0.99803626537323,0.9987895488739014,0.9973333477973938,0.9970554709434509,0.9967717528343201,0.9973348379135132,0.9972491264343262,0.9966628551483154,0.9965909123420715,0.9973307847976685,0.9996312856674194,0.9954621195793152,0.9960339069366455,0.9959394931793213,0.998796284198761,0.9994460940361023,0.9985044002532959,0.9975858926773071,0.9973953366279602,0.997764527797699,0.997400164604187,0.998046875,0.9971173405647278,0.9986046552658081,0.9979531168937683,0.498504102230072,5.805427312850952,0.9832578301429749,0.9830882549285889
136,0.09842289239168167,0.9805147051811218,0.9905202388763428,0.9977888464927673,0.9976032376289368,0.9978798031806946,0.9977847337722778,0.9977855682373047,0.9977884292602539,0.9978798031806946,0.9978743195533752,0.9978809356689453,0.997970461845398,0.9976010322570801,0.9973257184028625,0.9975045919418335,0.9976015090942383,0.9974198341369629,0.9976946115493774,0.9973173141479492,0.999355673789978,0.9985018968582153,0.9986915588378906,0.996766209602356,0.9964748620986938,0.9972412586212158,0.9971477389335632,0.9973359107971191,0.996957004070282,0.9965701103210449,0.9968684911727905,0.9995388984680176,0.996109664440155,0.9960302710533142,0.9964035749435425,0.998612642288208,0.9993538856506348,0.9986015558242798,0.9974898099899292,0.997498631477356,0.9967447519302368,0.9969313740730286,0.9974953532218933,0.9977657794952393,0.9968448281288147,0.9970254898071289,0.4974396526813507,5.477027177810669,0.9769682884216309,0.9805147051811218
137,0.09728516638278961,0.9814338088035583,0.990659236907959,0.9970512390136719,0.9972345232963562,0.9975078105926514,0.9972293972969055,0.9974184036254883,0.9972299337387085,0.9973247051239014,0.9972339868545532,0.9973267316818237,0.9974207878112793,0.9970479607582092,0.9971375465393066,0.997599720954895,0.9968657493591309,0.9976067543029785,0.9976919889450073,0.9983333349227905,0.9997236728668213,0.9988759756088257,0.9979439377784729,0.9964761734008789,0.996864914894104,0.9967613220214844,0.9962121248245239,0.9960967302322388,0.9961034059524536,0.9948931336402893,0.996957004070282,0.9991694688796997,0.9959213733673096,0.9958494901657104,0.9953004121780396,0.998704195022583,0.9993544816970825,0.9985071420669556,0.9975831508636475,0.9974907040596008,0.997397780418396,0.9965683221817017,0.9969319105148315,0.9975841045379639,0.9975854158401489,0.9970182776451111,0.4981851279735565,5.512969970703125,0.9798812866210938,0.9814338088035583
138,0.09381426870822906,0.9838235378265381,0.9910247325897217,0.9974155426025391,0.9974193572998047,0.9972345232963562,0.9976937174797058,0.9974160194396973,0.9976032376289368,0.9974226951599121,0.9974198341369629,0.9974169731140137,0.9974184036254883,0.99704909324646,0.9973286390304565,0.9971396923065186,0.997509241104126,0.997599720954895,0.9969540238380432,0.9976769685745239,0.9997235536575317,0.9986879229545593,0.9983152151107788,0.9961839318275452,0.9964889287948608,0.9968779683113098,0.9969524145126343,0.9975346326828003,0.9968565702438354,0.9966787099838257,0.9978078603744507,0.9991707801818848,0.9960118532180786,0.9967736005783081,0.9962190985679626,0.9987944960594177,0.9995384812355042,0.997854471206665,0.9974925518035889,0.998139500617981,0.9981409311294556,0.9971200227737427,0.9981443881988525,0.9975845813751221,0.9976757168769836,0.9974006414413452,0.49853211641311646,5.41132664680481,0.9839447736740112,0.9838235378265381
139,0.09478351473808289,0.9821690917015076,0.9913859367370605,0.998248815536499,0.9982482194900513,0.9982462525367737,0.9980641603469849,0.9979708194732666,0.9983401298522949,0.9984317421913147,0.9979720115661621,0.9978798031806946,0.9977847337722778,0.9980641603469849,0.9983394742012024,0.997877836227417,0.9976941347122192,0.9979708194732666,0.9974193572998047,0.9985179901123047,0.9992630481719971,0.9987822771072388,0.9985980987548828,0.997344970703125,0.9973323345184326,0.9971417784690857,0.9973515272140503,0.9966768026351929,0.997706413269043,0.9970448017120361,0.9972391128540039,0.9993540048599243,0.994813859462738,0.9955678582191467,0.9959372282028198,0.9984273910522461,0.9991703629493713,0.9989733099937439,0.997771143913269,0.9977682828903198,0.9975854158401489,0.9973953366279602,0.9973982572555542,0.9971200227737427,0.997394859790802,0.9976761341094971,0.49888888001441956,5.552175283432007,0.9805089831352234,0.9821690917015076
140,0.09579112380743027,0.9829044342041016,0.9907126426696777,0.997875452041626,0.9980630874633789,0.9981542825698853,0.997692883014679,0.9979674816131592,0.9976937174797058,0.9979737997055054,0.9982491731643677,0.9976054430007935,0.9977864027023315,0.9980652332305908,0.9972350597381592,0.9978739023208618,0.9979708194732666,0.9979708194732666,0.9973257184028625,0.9984288215637207,0.9994475245475769,0.9987870454788208,0.9981333017349243,0.9966710805892944,0.9971531629562378,0.9967637658119202,0.9963726997375488,0.9962835907936096,0.9960007667541504,0.9961019158363342,0.997054934501648,0.9995393753051758,0.9953763484954834,0.9971428513526917,0.9958479404449463,0.9988888502120972,0.9992616176605225,0.9973787665367126,0.9975858926773071,0.9980490207672119,0.9976774454116821,0.998328685760498,0.9979516267776489,0.998328685760498,0.9970304369926453,0.9976774454116821,0.49762773513793945,5.433782577514648,0.9864129424095154,0.9829044342041016

141,0.0941002294421196,0.9819852709770203,0.991052508354187,0.9983394742012024,0.9987994432449341,0.9986164569854736,0.9983391761779785,0.9982485175132751,0.9983394742012024,0.99852454662323,0.9984320402145386,0.9982452988624573,0.9980612993240356,0.9980648756027222,0.9982478618621826,0.9981553554534912,0.9983391761779785,0.9985237121582031,0.9982501268386841,0.9984244704246521,0.9990788698196411,0.9990662932395935,0.9985973834991455,0.9968637228012085,0.9959179759025574,0.9964948892593384,0.9971433877944946,0.9968667030334473,0.996491551399231,0.9974231719970703,0.9978991746902466,0.9995388984680176,0.9942443370819092,0.9959439635276794,0.9953798055648804,0.9987987279891968,0.9994471073150635,0.9986876249313354,0.9974915981292725,0.9975813627243042,0.9978572726249695,0.9977719783782959,0.9972150325775146,0.997397780418396,0.9979507923126221,0.9974006414413452,0.4981392025947571,5.406399965286255,0.9792917966842651,0.9819852709770203
142,0.09106726944446564,0.982536792755127,0.9909798502922058,0.9978786110877991,0.9978793859481812,0.9978798031806946,0.9977867603302002,0.9977847337722778,0.9977855682373047,0.9978781938552856,0.9977831244468689,0.9977888464927673,0.9978781938552856,0.9979689717292786,0.9977847337722778,0.9978790283203125,0.997692883014679,0.9976933002471924,0.9977864027023315,0.9986108541488647,0.9996311664581299,0.9983161687850952,0.9980348348617554,0.9965973496437073,0.995914101600647,0.9962921142578125,0.9964022040367126,0.9962906837463379,0.996864914894104,0.9967741966247559,0.9971536993980408,0.9996309876441956,0.9950018525123596,0.9961318969726562,0.995296061038971,0.998889684677124,0.9998155236244202,0.997565507888794,0.9976726770401001,0.9973088502883911,0.9974898099899292,0.9976731538772583,0.9973968267440796,0.9974958300590515,0.9973063468933105,0.9974939823150635,0.498205304145813,5.468482971191406,0.9822389483451843,0.982536792755127

