epoch,loss,balanced_accuracy,balanced_accuracy_A13,balanced_accuracy_A14,balanced_accuracy_A15b,balanced_accuracy_A16,balanced_accuracy_A17a,balanced_accuracy_A19a,balanced_accuracy_A1a,balanced_accuracy_A1b,balanced_accuracy_A1c,balanced_accuracy_A32,balanced_accuracy_A33,balanced_accuracy_A34,balanced_accuracy_A4b2,balanced_accuracy_A7a,balanced_accuracy_A9,balanced_accuracy_B1,balanced_accuracy_B2a,balanced_accuracy_B3,balanced_accuracy_C13aa,balanced_accuracy_C13bb,balanced_accuracy_C14_100,balanced_accuracy_C14_120,balanced_accuracy_C14_20,balanced_accuracy_C14_30,balanced_accuracy_C14_50,balanced_accuracy_C14_60,balanced_accuracy_C14_70,balanced_accuracy_C14_80,balanced_accuracy_C17a,balanced_accuracy_C17b_80,balanced_accuracy_C17c,balanced_accuracy_C17d,balanced_accuracy_C1a,balanced_accuracy_C2,balanced_accuracy_C3e3,balanced_accuracy_D1a1,balanced_accuracy_D1a4,balanced_accuracy_D1a5,balanced_accuracy_D1a6,balanced_accuracy_D1a7,balanced_accuracy_D2a1,balanced_accuracy_D2a2,balanced_accuracy_D3,balanced_accuracy_valid,epoch_elapsed
0,1.3085699081420898,0.2276383489370346,0.4910433888435364,0.5378298759460449,0.5,0.5020104646682739,0.5243587493896484,0.4703983664512634,0.4989869296550751,0.5,0.5394397377967834,0.48415330052375793,0.5,0.49861419200897217,0.6276497840881348,0.407096266746521,0.5,0.5,0.6480473875999451,0.5,0.468628853559494,0.5227193236351013,0.4707633852958679,0.5,0.49990516901016235,0.4529792368412018,0.5160166025161743,0.5806016325950623,0.4477863907814026,0.5,0.4649122953414917,0.49546298384666443,0.728460431098938,0.5397308468818665,0.5,0.5000922083854675,0.6020289659500122,0.4609810411930084,0.3326200246810913,0.4558960199356079,0.5908856987953186,0.2276383489370346,0.291481077671051,0.5,0.5547565221786499,0.5387176871299744,2.3367931842803955
1,1.157711386680603,0.32544082403182983,0.5,0.6163367033004761,0.5,0.4903208017349243,0.5571191310882568,0.39155736565589905,0.5,0.5,0.6281294226646423,0.43789219856262207,0.5,0.5,0.4999077022075653,0.5,0.5,0.6269592642784119,0.5386897325515747,0.5,0.5,0.4998132884502411,0.4991430342197418,0.5,0.5,0.5,0.42880237102508545,0.6530252695083618,0.49724388122558594,0.5,0.5437517762184143,0.4892433285713196,0.5,0.7075576186180115,0.5,0.32544082403182983,0.5104273557662964,0.5,0.49925610423088074,0.5,0.4911273121833801,0.37339773774147034,0.3494828939437866,0.5,0.49379464983940125,0.7136554718017578,1.867595911026001

2,1.0181329250335693,0.36722955107688904,0.5,0.5,0.5,0.5,0.3758760690689087,0.40787532925605774,0.5,0.4595475196838379,0.5,0.49123939871788025,0.5,0.5,0.5,0.5,0.5,0.45018449425697327,0.5,0.5,0.5,0.5,0.5,0.5,0.5,0.5,0.37015944719314575,0.5,0.5,0.5,0.49963125586509705,0.5,0.5,0.5,0.5,0.37006276845932007,0.5,0.5,0.5,0.5,0.37188777327537537,0.3742336928844452,0.36722955107688904,0.5,0.5,0.7602382302284241,2.055286169052124

3,0.9201347827911377,0.3802044689655304,0.5,0.5,0.5,0.5,0.4623338282108307,0.49335670471191406,0.5,0.42152881622314453,0.5,0.5,0.5,0.5,0.5,0.5,0.5,0.5,0.5,0.5,0.5,0.5,0.5,0.5,0.5,0.5,0.4444972574710846,0.5,0.5,0.5,0.5,0.5,0.5,0.5,0.5,0.4203833341598511,0.5,0.5,0.5,0.5,0.40196624398231506,0.3884558379650116,0.3802044689655304,0.5,0.5,0.7591967582702637,2.139622449874878

4,0.8544314503669739,0.4025321304798126,0.5,0.5,0.5,0.5,0.5,0.5,0.5,0.5,0.5,0.5,0.5,0.5,0.5,0.5,0.5,0.5,0.5,0.5,0.5,0.5,0.5,0.5,0.5,0.5,0.5,0.5,0.5,0.5,0.5,0.5,0.5,0.5,0.5,0.5,0.5,0.5,0.5,0.5,0.5,0.4025321304798126,0.4829799234867096,0.5,0.5,0.7555301189422607,2.109696865081787

5,0.805630087852478,0.4599665701389313,0.5,0.5,0.5,0.5,0.5,0.5,0.5,0.5,0.5,0.5,0.5,0.5,0.5,0.5,0.5,0.5,0.5,0.5,0.5,0.5,0.5,0.5,0.5,0.5,0.5,0.5,0.5,0.5,0.5,0.5,0.5,0.5,0.5,0.5,0.5,0.5,0.5,0.5,0.5,0.4599665701389313,0.5,0.5,0.5,0.7567428350448608,2.155730962753296

6,0.7689580917358398,0.5,0.5,0.5,0.5,0.5,0.5,0.5,0.5,0.5,0.5,0.5,0.5,0.5,0.5,0.5,0.5,0.5,0.5,0.5,0.5,0.5,0.5,0.5,0.5,0.5,0.5,0.5,0.5,0.5,0.5,0.5,0.5,0.5,0.5,0.5,0.5,0.5,0.5,0.5,0.5,0.5,0.5,0.5,0.5,0.7571468353271484,1.956888198852539

7,0.741442084312439,0.5,0.5,0.5,0.5,0.5,0.5,0.5,0.5,0.5,0.5,0.5,0.5,0.5,0.5,0.5,0.5,0.5,0.5,0.5,0.5,0.5,0.5,0.5,0.5,0.5,0.5,0.5,0.5,0.5,0.5,0.5,0.5,0.5,0.5,0.5,0.5,0.5,0.5,0.5,0.5,0.5,0.5,0.5,0.5,0.758209228515625,2.053558349609375
8,0.718522310256958,0.5,0.5,0.5,0.5,0.5,0.5,0.5,0.5,0.5,0.5,0.5,0.5,0.5,0.5,0.5,0.5,0.5,0.5,0.5,0.5,0.5,0.5,0.5,0.5,0.5,0.5,0.5,0.5,0.5,0.5,0.5,0.5,0.5,0.5,0.5,0.5,0.5,0.5,0.5,0.5,0.5,0.5,0.5,0.5,0.7581298351287842,2.1746881008148193
9,0.6986870169639587,0.5,0.5,0.5,0.5,0.5,0.5,0.5,0.5,0.5,0.5,0.5,0.5,0.5,0.5,0.5,0.5,0.5,0.5,0.5,0.5,0.5,0.5,0.5,0.5,0.5,0.5,0.5,0.5,0.5,0.5,0.5,0.5,0.5,0.5,0.5,0.5,0.5,0.5,0.5,0.5,0.5,0.5,0.5,0.5,0.774490237236023,2.006474018096924
10,0.6822194457054138,0.5,0.5,0.5,0.5,0.5,0.5,0.5,0.5,0.5,0.5,0.5,0.5,0.5,0.5,0.5,0.5,0.5,0.5,0.5,0.5,0.5,0.5,0.5,0.5,0.5,0.5,0.5,0.5,0.5,0.5,0.5,0.5,0.5,0.5,0.5,0.5,0.5,0.5,0.5,0.5,0.5,0.5,0.5,0.5,0.7912449240684509,2.081399917602539

11,0.6671858429908752,0.5,0.5,0.5,0.5,0.5,0.5,0.5,0.5,0.5,0.5,0.5,0.5,0.5,0.5,0.5,0.5,0.5,0.5,0.5,0.5,0.5,0.5,0.5,0.5,0.5,0.5,0.5,0.5,0.5,0.5,0.5,0.5,0.5,0.5,0.5,0.5,0.5,0.5,0.5,0.5,0.5,0.5,0.5,0.5,0.8036947250366211,1.9719948768615723
12,0.6537074446678162,0.5,0.5,0.5,0.5,0.5,0.5,0.5,0.5,0.5,0.5,0.5,0.5,0.5,0.5,0.5,0.5,0.5,0.5,0.5,0.5,0.5,0.5,0.5,0.5,0.5,0.5,0.5,0.5,0.5,0.5,0.5,0.5,0.5,0.5,0.5,0.5,0.5,0.5,0.5,0.5,0.5,0.5,0.5,0.5,0.8180541396141052,1.9976115226745605
13,0.6419910192489624,0.5,0.5,0.5,0.5,0.5,0.5,0.5,0.5,0.5,0.5,0.5,0.5,0.5,0.5,0.5,0.5,0.5,0.5,0.5,0.5,0.5,0.5,0.5,0.5,0.5,0.5,0.5,0.5,0.5,0.5,0.5,0.5,0.5,0.5,0.5,0.5,0.5,0.5,0.5,0.5,0.5,0.5,0.5,0.5,0.8408827185630798,2.1385467052459717
14,0.6308175921440125,0.5,0.5,0.5,0.5,0.5,0.5,0.5,0.5,0.5,0.5,0.5,0.5,0.5,0.5,0.5,0.5,0.5,0.5,0.5,0.5,0.5,0.5,0.5,0.5,0.5,0.5,0.5,0.5,0.5,0.5,0.5,0.5,0.5,0.5,0.5,0.5,0.5,0.5,0.5,0.5,0.5,0.5,0.5,0.5,0.861181378364563,2.1773629188537598
15,0.6204076409339905,0.5,0.5,0.5,0.5,0.5,0.5,0.5,0.5,0.5,0.5,0.5,0.5,0.5,0.5,0.5,0.5,0.5,0.5,0.5,0.5,0.5,0.5,0.5,0.5,0.5,0.5,0.5,0.5,0.5,0.5,0.5,0.5,0.5,0.5,0.5,0.5,0.5,0.5,0.5,0.5,0.5,0.5,0.5,0.5,0.8578084707260132,2.144385576248169
16,0.6112229228019714,0.5,0.5,0.5,0.5,0.5,0.5,0.5,0.5,0.5,0.5,0.5,0.5,0.5,0.5,0.5,0.5,0.5,0.5,0.5,0.5,0.5,0.5,0.5,0.5,0.5,0.5,0.5,0.5,0.5,0.5,0.5,0.5,0.5,0.5,0.5,0.5,0.5,0.5,0.5,0.5,0.5,0.5,0.5,0.5,0.8809980154037476,2.032317876815796
17,0.602762758731842,0.5,0.5,0.5,0.5,0.5,0.5,0.5,0.5,0.5,0.5,0.5,0.5,0.5,0.5,0.5,0.5,0.5,0.5,0.5,0.5,0.5,0.5,0.5,0.5,0.5,0.5,0.5,0.5,0.5,0.5,0.5,0.5,0.5,0.5,0.5,0.5,0.5,0.5,0.5,0.5,0.5,0.5,0.5,0.5,0.9012963771820068,2.2300591468811035
18,0.5945521593093872,0.5,0.5,0.5,0.5,0.5,0.5,0.5,0.5,0.5,0.5,0.5,0.5,0.5,0.5,0.5,0.5,0.5,0.5,0.5,0.5,0.5,0.5,0.5,0.5,0.5,0.5,0.5,0.5,0.5,0.5,0.5,0.5,0.5,0.5,0.5,0.5,0.5,0.5,0.5,0.5,0.5,0.5,0.5,0.5,0.9115351438522339,2.026536226272583
19,0.5870149731636047,0.5,0.5,0.5,0.5,0.5,0.5,0.5,0.5,0.5,0.5,0.5,0.5,0.5,0.5,0.5,0.5,0.5,0.5,0.5,0.5,0.5,0.5,0.5,0.5,0.5,0.5,0.5,0.5,0.5,0.5,0.5,0.5,0.5,0.5,0.5,0.5,0.5,0.5,0.5,0.5,0.5,0.5,0.5,0.5,0.9096764326095581,2.1016361713409424
20,0.5793544054031372,0.5,0.5,0.5,0.5,0.5,0.5,0.5,0.5,0.5,0.5,0.5,0.5,0.5,0.5,0.5,0.5,0.5,0.5,0.5,0.5,0.5,0.5,0.5,0.5,0.5,0.5,0.5,0.5,0.5,0.5,0.5,0.5,0.5,0.5,0.5,0.5,0.5,0.5,0.5,0.5,0.5,0.5,0.5,0.5,0.9197666645050049,2.00997257232666

21,0.5721479654312134,0.5,0.5,0.5,0.5,0.5,0.5,0.5,0.5,0.5,0.5,0.5,0.5,0.5,0.5,0.5,0.5,0.5,0.5,0.5,0.5,0.5,0.5,0.5,0.5,0.5,0.5,0.5,0.5,0.5,0.5,0.5,0.5,0.5,0.5,0.5,0.5,0.5,0.5,0.5,0.5,0.5,0.5,0.5,0.5,0.9172084331512451,2.2758007049560547
22,0.5659185647964478,0.5,0.5,0.5,0.5,0.5,0.5,0.5,0.5,0.5,0.5,0.5,0.5,0.5,0.5,0.5,0.5,0.5,0.5,0.5,0.5,0.5,0.5,0.5,0.5,0.5,0.5,0.5,0.5,0.5,0.5,0.5,0.5,0.5,0.5,0.5,0.5,0.5,0.5,0.5,0.5,0.5,0.5,0.5,0.5,0.9091001749038696,2.171726942062378
23,0.5595368146896362,0.5,0.5,0.5,0.5,0.5,0.5,0.5,0.5,0.5,0.5,0.5,0.5,0.5,0.5,0.5,0.5,0.5,0.5,0.5,0.5,0.5,0.5,0.5,0.5,0.5,0.5,0.5,0.5,0.5,0.5,0.5,0.5,0.5,0.5,0.5,0.5,0.5,0.5,0.5,0.5,0.5,0.5,0.5,0.5,0.9133715629577637,2.0185117721557617
24,0.5536655783653259,0.5,0.5,0.5,0.5,0.5,0.5,0.5,0.5,0.5,0.5,0.5,0.5,0.5,0.5,0.5,0.5,0.5,0.5,0.5,0.5,0.5,0.5,0.5,0.5,0.5,0.5,0.5,0.5,0.5,0.5,0.5,0.5,0.5,0.5,0.5,0.5,0.5,0.5,0.5,0.5,0.5,0.5,0.5,0.5,0.9147608280181885,1.9901747703552246
25,0.5481082797050476,0.5,0.5,0.5,0.5,0.5,0.5,0.5,0.5,0.5,0.5,0.5,0.5,0.5,0.5,0.5,0.5,0.5,0.5,0.5,0.5,0.5,0.5,0.5,0.5,0.5,0.5,0.5,0.5,0.5,0.5,0.5,0.5,0.5,0.5,0.5,0.5,0.5,0.5,0.5,0.5,0.5,0.5,0.5,0.5,0.9130746126174927,2.035161018371582
26,0.5426537990570068,0.5,0.5,0.5,0.5,0.5,0.5,0.5,0.5,0.5,0.5,0.5,0.5,0.5,0.5,0.5,0.5,0.5,0.5,0.5,0.5,0.5,0.5,0.5,0.5,0.5,0.5,0.5,0.5,0.5,0.5,0.5,0.5,0.5,0.5,0.5,0.5,0.5,0.5,0.5,0.5,0.5,0.5,0.5,0.5,0.9141687154769897,1.966221809387207
27,0.5372191071510315,0.5,0.5,0.5,0.5,0.5,0.5,0.5,0.5,0.5,0.5,0.5,0.5,0.5,0.5,0.5,0.5,0.5,0.5,0.5,0.5,0.5,0.5,0.5,0.5,0.5,0.5,0.5,0.5,0.5,0.5,0.5,0.5,0.5,0.5,0.5,0.5,0.5,0.5,0.5,0.5,0.5,0.5,0.5,0.5,0.9181491732597351,1.9962499141693115
28,0.532069742679596,0.5,0.5,0.5,0.5,0.5,0.5,0.5,0.5,0.5,0.5,0.5,0.5,0.5,0.5,0.5,0.5,0.5,0.5,0.5,0.5,0.5,0.5,0.5,0.5,0.5,0.5,0.5,0.5,0.5,0.5,0.5,0.5,0.5,0.5,0.5,0.5,0.5,0.5,0.5,0.5,0.5,0.5,0.5,0.5,0.9174968600273132,1.9922189712524414
29,0.5273169875144958,0.5,0.5,0.5,0.5,0.5,0.5,0.5,0.5,0.5,0.5,0.5,0.5,0.5,0.5,0.5,0.5,0.5,0.5,0.5,0.5,0.5,0.5,0.5,0.5,0.5,0.5,0.5,0.5,0.5,0.5,0.5,0.5,0.5,0.5,0.5,0.5,0.5,0.5,0.5,0.5,0.5,0.5,0.5,0.5,0.9152177572250366,2.0385642051696777
30,0.5227563977241516,0.5,0.5,0.5,0.5,0.5,0.5,0.5,0.5,0.5,0.5,0.5,0.5,0.5,0.5,0.5,0.5,0.5,0.5,0.5,0.5,0.5,0.5,0.5,0.5,0.5,0.5,0.5,0.5,0.5,0.5,0.5,0.5,0.5,0.5,0.5,0.5,0.5,0.5,0.5,0.5,0.5,0.5,0.5,0.5,0.9182041883468628,2.5176758766174316

31,0.5180655717849731,0.5,0.5,0.5,0.5,0.5,0.5,0.5,0.5,0.5,0.5,0.5,0.5,0.5,0.5,0.5,0.5,0.5,0.5,0.5,0.5,0.5,0.5,0.5,0.5,0.5,0.5,0.5,0.5,0.5,0.5,0.5,0.5,0.5,0.5,0.5,0.5,0.5,0.5,0.5,0.5,0.5,0.5,0.5,0.5,0.9192880392074585,2.2303731441497803
32,0.5141823291778564,0.5,0.5,0.5,0.5,0.5,0.5,0.5,0.5,0.5,0.5,0.5,0.5,0.5,0.5,0.5,0.5,0.5,0.5,0.5,0.5,0.5,0.5,0.5,0.5,0.5,0.5,0.5,0.5,0.5,0.5,0.5,0.5,0.5,0.5,0.5,0.5,0.5,0.5,0.5,0.5,0.5,0.5,0.5,0.5,0.911888837814331,2.206272840499878
33,0.5103564858436584,0.5,0.5,0.5,0.5,0.5,0.5,0.5,0.5,0.5,0.5,0.5,0.5,0.5,0.5,0.5,0.5,0.5,0.5,0.5,0.5,0.5,0.5,0.5,0.5,0.5,0.5,0.5,0.5,0.5,0.5,0.5,0.5,0.5,0.5,0.5,0.5,0.5,0.5,0.5,0.5,0.5,0.5,0.5,0.5,0.9158996343612671,2.220355272293091
34,0.5064132809638977,0.5,0.5,0.5,0.5,0.5,0.5,0.5,0.5,0.5,0.5,0.5,0.5,0.5,0.5,0.5,0.5,0.5,0.5,0.5,0.5,0.5,0.5,0.5,0.5,0.5,0.5,0.5,0.5,0.5,0.5,0.5,0.5,0.5,0.5,0.5,0.5,0.5,0.5,0.5,0.5,0.5,0.5,0.5,0.5,0.9205163717269897,1.9903442859649658
35,0.5025256872177124,0.5,0.5,0.5,0.5,0.5,0.5,0.5,0.5,0.5,0.5,0.5,0.5,0.5,0.5,0.5,0.5,0.5,0.5,0.5,0.5,0.5,0.5,0.5,0.5,0.5,0.5,0.5,0.5,0.5,0.5,0.5,0.5,0.5,0.5,0.5,0.5,0.5,0.5,0.5,0.5,0.5,0.5,0.5,0.5,0.9191839098930359,2.06839656829834
36,0.49881112575531006,0.5,0.5,0.5,0.5,0.5,0.5,0.5,0.5,0.5,0.5,0.5,0.5,0.5,0.5,0.5,0.5,0.5,0.5,0.5,0.5,0.5,0.5,0.5,0.5,0.5,0.5,0.5,0.5,0.5,0.5,0.5,0.5,0.5,0.5,0.5,0.5,0.5,0.5,0.5,0.5,0.5,0.5,0.5,0.5,0.9229705333709717,2.190361499786377
37,0.4949840307235718,0.5,0.5,0.5,0.5,0.5,0.5,0.5,0.5,0.5,0.5,0.5,0.5,0.5,0.5,0.5,0.5,0.5,0.5,0.5,0.5,0.5,0.5,0.5,0.5,0.5,0.5,0.5,0.5,0.5,0.5,0.5,0.5,0.5,0.5,0.5,0.5,0.5,0.5,0.5,0.5,0.5,0.5,0.5,0.5,0.9256173372268677,2.141693115234375
38,0.491566926240921,0.5,0.5,0.5,0.5,0.5,0.5,0.5,0.5,0.5,0.5,0.5,0.5,0.5,0.5,0.5,0.5,0.5,0.5,0.5,0.5,0.5,0.5,0.5,0.5,0.5,0.5,0.5,0.5,0.5,0.5,0.5,0.5,0.5,0.5,0.5,0.5,0.5,0.5,0.5,0.5,0.5,0.5,0.5,0.5,0.9238681793212891,2.104771375656128
39,0.4881737232208252,0.5,0.5,0.5,0.5,0.5,0.5,0.5,0.5,0.5,0.5,0.5,0.5,0.5,0.5,0.5,0.5,0.5,0.5,0.5,0.5,0.5,0.5,0.5,0.5,0.5,0.5,0.5,0.5,0.5,0.5,0.5,0.5,0.5,0.5,0.5,0.5,0.5,0.5,0.5,0.5,0.5,0.5,0.5,0.5,0.9252386093139648,2.0800440311431885
40,0.4850565493106842,0.5,0.5,0.5,0.5,0.5,0.5,0.5,0.5,0.5,0.5,0.5,0.5,0.5,0.5,0.5,0.5,0.5,0.5,0.5,0.5,0.5,0.5,0.5,0.5,0.5,0.5,0.5,0.5,0.5,0.5,0.5,0.5,0.5,0.5,0.5,0.5,0.5,0.5,0.5,0.5,0.5,0.5,0.5,0.5,0.9247617721557617,2.145866870880127

41,0.4821276068687439,0.5,0.5,0.5,0.5,0.5,0.5,0.5,0.5,0.5,0.5,0.5,0.5,0.5,0.5,0.5,0.5,0.5,0.5,0.5,0.5,0.5,0.5,0.5,0.5,0.5,0.5,0.5,0.5,0.5,0.5,0.5,0.5,0.5,0.5,0.5,0.5,0.5,0.5,0.5,0.5,0.5,0.5,0.5,0.5,0.9217773675918579,2.1961448192596436
42,0.4791949689388275,0.5,0.5,0.5,0.5,0.5,0.5,0.5,0.5,0.5,0.5,0.5,0.5,0.5,0.5,0.5,0.5,0.5,0.5,0.5,0.5,0.5,0.5,0.5,0.5,0.5,0.5,0.5,0.5,0.5,0.5,0.5,0.5,0.5,0.5,0.5,0.5,0.5,0.5,0.5,0.5,0.5,0.5,0.5,0.5,0.9225013256072998,2.030545711517334
43,0.4763607382774353,0.5,0.5,0.5,0.5,0.5,0.5,0.5,0.5,0.5,0.5,0.5,0.5,0.5,0.5,0.5,0.5,0.5,0.5,0.5,0.5,0.5,0.5,0.5,0.5,0.5,0.5,0.5,0.5,0.5,0.5,0.5,0.5,0.5,0.5,0.5,0.5,0.5,0.5,0.5,0.5,0.5,0.5,0.5,0.5,0.9244492053985596,2.1230790615081787
44,0.4735330045223236,0.5,0.5,0.5,0.5,0.5,0.5,0.5,0.5,0.5,0.5,0.5,0.5,0.5,0.5,0.5,0.5,0.5,0.5,0.5,0.5,0.5,0.5,0.5,0.5,0.5,0.5,0.5,0.5,0.5,0.5,0.5,0.5,0.5,0.5,0.5,0.5,0.5,0.5,0.5,0.5,0.5,0.5,0.5,0.5,0.9251296520233154,2.232156276702881
45,0.4711171090602875,0.5,0.5,0.5,0.5,0.5,0.5,0.5,0.5,0.5,0.5,0.5,0.5,0.5,0.5,0.5,0.5,0.5,0.5,0.5,0.5,0.5,0.5,0.5,0.5,0.5,0.5,0.5,0.5,0.5,0.5,0.5,0.5,0.5,0.5,0.5,0.5,0.5,0.5,0.5,0.5,0.5,0.5,0.5,0.5,0.9213211536407471,2.3040316104888916
46,0.46855857968330383,0.5,0.5,0.5,0.5,0.5,0.5,0.5,0.5,0.5,0.5,0.5,0.5,0.5,0.5,0.5,0.5,0.5,0.5,0.5,0.5,0.5,0.5,0.5,0.5,0.5,0.5,0.5,0.5,0.5,0.5,0.5,0.5,0.5,0.5,0.5,0.5,0.5,0.5,0.5,0.5,0.5,0.5,0.5,0.5,0.9213974475860596,2.524736166000366
47,0.46589115262031555,0.49534398317337036,0.5,0.5,0.5,0.5,0.5,0.5,0.5,0.5,0.5,0.5,0.5,0.5,0.5,0.5,0.5,0.5,0.5,0.5,0.5,0.5,0.5,0.5,0.5,0.5,0.49534398317337036,0.5,0.5,0.5,0.5,0.5,0.5,0.5,0.5,0.5,0.5,0.5,0.5,0.5,0.5,0.5,0.5,0.5,0.5,0.928654670715332,2.272876739501953
48,0.4635538160800934,0.44046032428741455,0.5,0.5,0.5,0.5,0.5,0.5,0.5,0.5,0.5,0.5,0.5,0.5,0.5,0.5,0.5,0.5,0.5,0.5,0.5,0.5,0.5,0.5,0.5,0.5,0.44046032428741455,0.5,0.5,0.5,0.5,0.5,0.5,0.5,0.5,0.5,0.5,0.5,0.5,0.5,0.5,0.5,0.5,0.5,0.5,0.9263631701469421,2.1525518894195557
49,0.46121057868003845,0.43892985582351685,0.5,0.5,0.5,0.5,0.5,0.5,0.5,0.5,0.5,0.5,0.5,0.5,0.5,0.5,0.5,0.5,0.5,0.5,0.5,0.5,0.5,0.5,0.5,0.5,0.43892985582351685,0.5,0.5,0.5,0.5,0.5,0.5,0.5,0.5,0.5,0.5,0.5,0.5,0.5,0.5,0.5,0.5,0.5,0.5,0.9254271984100342,2.105077028274536
50,0.4588901102542877,0.4591410160064697,0.5,0.5,0.5,0.5,0.5,0.5,0.5,0.5,0.5,0.5,0.5,0.5,0.5,0.5,0.5,0.5,0.5,0.5,0.5,0.5,0.5,0.5,0.5,0.5,0.4591410160064697,0.5,0.5,0.5,0.5,0.5,0.5,0.5,0.5,0.5,0.5,0.5,0.5,0.5,0.5,0.5,0.5,0.5,0.5,0.9274708032608032,2.119549036026001

51,0.4562194049358368,0.39032503962516785,0.5,0.5,0.5,0.5,0.5,0.5,0.5,0.5,0.5,0.5,0.5,0.5,0.5,0.5,0.5,0.5,0.5,0.5,0.5,0.5,0.5,0.5,0.5,0.5,0.39032503962516785,0.5,0.5,0.5,0.5,0.5,0.5,0.5,0.5,0.5,0.5,0.5,0.5,0.5,0.5,0.5,0.5,0.5,0.5,0.9358024597167969,2.1621389389038086
52,0.454007089138031,0.37255460023880005,0.5,0.5,0.5,0.5,0.5,0.5,0.5,0.5,0.5,0.5,0.5,0.5,0.5,0.5,0.5,0.5,0.5,0.5,0.5,0.5,0.5,0.5,0.5,0.5,0.37255460023880005,0.5,0.5,0.5,0.5,0.5,0.5,0.5,0.5,0.5,0.5,0.5,0.5,0.5,0.5,0.5,0.5,0.5,0.5,0.9289705753326416,2.2019565105438232
53,0.4517905116081238,0.3730038106441498,0.5,0.5,0.5,0.5,0.5,0.5,0.5,0.5,0.5,0.5,0.5,0.5,0.5,0.5,0.5,0.5,0.5,0.5,0.5,0.5,0.5,0.5,0.5,0.5,0.3730038106441498,0.5,0.5,0.5,0.5,0.5,0.5,0.5,0.5,0.5,0.5,0.5,0.5,0.5,0.5,0.5,0.5,0.5,0.5,0.9321532249450684,2.225724935531616
54,0.4498851001262665,0.37404942512512207,0.5,0.5,0.5,0.5,0.5,0.5,0.5,0.5,0.5,0.5,0.5,0.5,0.5,0.5,0.5,0.5,0.5,0.5,0.5,0.5,0.5,0.5,0.5,0.5,0.37404942512512207,0.5,0.5,0.5,0.5,0.5,0.5,0.5,0.5,0.5,0.5,0.5,0.5,0.5,0.5,0.5,0.5,0.5,0.5,0.9257314205169678,2.203145980834961
55,0.4477098882198334,0.3662414252758026,0.5,0.5,0.5,0.5,0.5,0.5,0.5,0.5,0.5,0.5,0.5,0.5,0.5,0.5,0.5,0.5,0.5,0.5,0.5,0.5,0.5,0.5,0.5,0.5,0.3662414252758026,0.5,0.5,0.5,0.5,0.5,0.5,0.5,0.5,0.5,0.5,0.5,0.5,0.5,0.5,0.5,0.5,0.5,0.5,0.9330081939697266,2.0826427936553955
56,0.445796400308609,0.36953213810920715,0.5,0.5,0.5,0.5,0.5,0.5,0.5,0.5,0.5,0.5,0.5,0.5,0.5,0.5,0.5,0.5,0.5,0.5,0.5,0.5,0.5,0.5,0.5,0.5,0.36953213810920715,0.5,0.5,0.5,0.5,0.5,0.5,0.5,0.5,0.5,0.5,0.5,0.5,0.5,0.5,0.5,0.5,0.5,0.5,0.9323481917381287,1.9783141613006592
57,0.4440758526325226,0.37440893054008484,0.5,0.5,0.5,0.5,0.5,0.5,0.5,0.5,0.5,0.5,0.5,0.5,0.5,0.5,0.5,0.5,0.5,0.5,0.5,0.5,0.5,0.5,0.5,0.5,0.37440893054008484,0.5,0.5,0.5,0.5,0.5,0.5,0.5,0.5,0.5,0.5,0.5,0.5,0.5,0.5,0.5,0.5,0.5,0.5,0.92877596616745,2.1357834339141846
58,0.4419616162776947,0.3693495988845825,0.5,0.5,0.5,0.5,0.5,0.5,0.5,0.5,0.5,0.5,0.5,0.5,0.5,0.5,0.5,0.5,0.5,0.5,0.5,0.5,0.5,0.5,0.5,0.5,0.3693495988845825,0.5,0.5,0.5,0.5,0.5,0.5,0.5,0.5,0.5,0.5,0.5,0.5,0.5,0.5,0.5,0.5,0.5,0.5,0.9311956763267517,2.0702831745147705
59,0.44008809328079224,0.36786189675331116,0.5,0.5,0.5,0.5,0.5,0.5,0.5,0.5,0.5,0.5,0.5,0.5,0.5,0.5,0.5,0.5,0.5,0.5,0.5,0.5,0.5,0.5,0.5,0.5,0.36786189675331116,0.5,0.5,0.5,0.5,0.5,0.5,0.5,0.5,0.5,0.5,0.5,0.5,0.5,0.5,0.5,0.5,0.5,0.5,0.9337537288665771,2.0385899543762207
60,0.43828633427619934,0.3669126033782959,0.5,0.5,0.5,0.5,0.5,0.5,0.5,0.5,0.5,0.5,0.5,0.5,0.5,0.5,0.5,0.5,0.5,0.5,0.5,0.5,0.5,0.5,0.5,0.5,0.3669126033782959,0.5,0.5,0.5,0.5,0.5,0.5,0.5,0.5,0.5,0.5,0.5,0.5,0.5,0.5,0.5,0.5,0.5,0.5,0.9377573728561401,1.9425201416015625

61,0.43659886717796326,0.3682155907154083,0.5,0.5,0.5,0.5,0.5,0.5,0.5,0.5,0.5,0.5,0.5,0.5,0.5,0.5,0.5,0.5,0.5,0.5,0.5,0.5,0.5,0.5,0.5,0.5,0.3682155907154083,0.5,0.5,0.5,0.5,0.5,0.5,0.5,0.5,0.5,0.5,0.5,0.5,0.5,0.5,0.5,0.5,0.5,0.5,0.9355249404907227,1.948166847229004
62,0.4348258376121521,0.3630554974079132,0.5,0.5,0.5,0.5,0.5,0.5,0.5,0.5,0.5,0.5,0.5,0.5,0.5,0.5,0.5,0.5,0.5,0.5,0.5,0.5,0.5,0.5,0.5,0.5,0.3630554974079132,0.5,0.5,0.5,0.5,0.5,0.5,0.5,0.5,0.5,0.5,0.5,0.5,0.5,0.5,0.5,0.5,0.5,0.5,0.9380857348442078,1.9970173835754395
63,0.43308353424072266,0.36762741208076477,0.5,0.5,0.5,0.5,0.5,0.5,0.5,0.5,0.5,0.5,0.5,0.5,0.5,0.5,0.5,0.5,0.5,0.5,0.5,0.5,0.5,0.5,0.5,0.5,0.36762741208076477,0.5,0.5,0.5,0.5,0.5,0.5,0.5,0.5,0.5,0.5,0.5,0.5,0.5,0.5,0.5,0.5,0.5,0.5,0.9340673089027405,1.996370553970337
64,0.43144986033439636,0.3631359040737152,0.5,0.5,0.5,0.5,0.5,0.5,0.5,0.5,0.5,0.5,0.5,0.5,0.5,0.5,0.5,0.5,0.5,0.5,0.5,0.5,0.5,0.5,0.5,0.5,0.3631359040737152,0.5,0.5,0.5,0.5,0.5,0.5,0.5,0.5,0.5,0.5,0.5,0.5,0.5,0.5,0.5,0.5,0.5,0.5,0.935540497303009,2.0883004665374756
65,0.42991483211517334,0.36234086751937866,0.5,0.5,0.5,0.5,0.5,0.5,0.5,0.5,0.5,0.5,0.5,0.5,0.5,0.5,0.5,0.5,0.5,0.5,0.5,0.5,0.5,0.5,0.5,0.5,0.36234086751937866,0.5,0.5,0.5,0.5,0.5,0.5,0.5,0.5,0.5,0.5,0.5,0.5,0.5,0.5,0.5,0.5,0.5,0.5,0.9355623126029968,2.10129451751709
66,0.42845985293388367,0.3711153566837311,0.5,0.5,0.5,0.5,0.5,0.5,0.5,0.5,0.5,0.5,0.5,0.5,0.5,0.5,0.5,0.5,0.5,0.5,0.5,0.5,0.5,0.5,0.5,0.5,0.3711153566837311,0.5,0.5,0.5,0.5,0.5,0.5,0.5,0.5,0.5,0.5,0.5,0.5,0.5,0.5,0.5,0.5,0.5,0.5,0.9366764426231384,1.9443116188049316
67,0.42688116431236267,0.3621513247489929,0.5,0.5,0.5,0.5,0.5,0.5,0.5,0.5,0.5,0.5,0.5,0.5,0.5,0.5,0.5,0.5,0.5,0.5,0.5,0.5,0.5,0.5,0.5,0.5,0.3621513247489929,0.5,0.5,0.5,0.5,0.5,0.5,0.5,0.5,0.5,0.5,0.5,0.5,0.5,0.5,0.5,0.5,0.5,0.5,0.9383109211921692,1.9599552154541016
68,0.42539528012275696,0.3675009608268738,0.5,0.5,0.5,0.5,0.5,0.5,0.5,0.5,0.5,0.5,0.5,0.5,0.5,0.5,0.5,0.5,0.5,0.5,0.5,0.5,0.5,0.5,0.5,0.5,0.3675009608268738,0.5,0.5,0.5,0.5,0.5,0.5,0.5,0.5,0.5,0.5,0.5,0.5,0.5,0.5,0.5,0.5,0.5,0.5,0.9335854053497314,1.941162347793579
69,0.42393961548805237,0.36437129974365234,0.5,0.5,0.5,0.5,0.5,0.5,0.5,0.5,0.5,0.5,0.5,0.5,0.5,0.5,0.5,0.5,0.5,0.5,0.5,0.5,0.5,0.5,0.5,0.5,0.36437129974365234,0.5,0.5,0.5,0.5,0.5,0.5,0.5,0.5,0.5,0.5,0.5,0.5,0.5,0.5,0.5,0.5,0.5,0.5,0.9403238296508789,2.005417823791504
70,0.42235487699508667,0.3599429130554199,0.5,0.5,0.5,0.5,0.5,0.5,0.5,0.5,0.5,0.5,0.5,0.5,0.5,0.5,0.5,0.5,0.5,0.5,0.5,0.5,0.5,0.5,0.5,0.5,0.3599429130554199,0.5,0.5,0.5,0.5,0.5,0.5,0.5,0.5,0.5,0.5,0.5,0.5,0.5,0.5,0.5,0.5,0.5,0.5,0.941805362701416,1.9758529663085938

71,0.4211804270744324,0.3629980981349945,0.5,0.5,0.5,0.5,0.5,0.5,0.5,0.5,0.5,0.5,0.5,0.5,0.5,0.5,0.5,0.5,0.5,0.5,0.5,0.5,0.5,0.5,0.5,0.5,0.3629980981349945,0.5,0.5,0.5,0.5,0.5,0.5,0.5,0.5,0.5,0.5,0.5,0.5,0.5,0.5,0.5,0.5,0.5,0.5,0.9364851713180542,2.0790600776672363
72,0.419931560754776,0.3672751486301422,0.5,0.5,0.5,0.5,0.5,0.5,0.5,0.5,0.5,0.5,0.5,0.5,0.5,0.5,0.5,0.5,0.5,0.5,0.5,0.5,0.5,0.5,0.5,0.5,0.3672751486301422,0.5,0.5,0.5,0.5,0.5,0.5,0.5,0.5,0.5,0.5,0.5,0.5,0.5,0.5,0.5,0.5,0.5,0.5,0.939687967300415,2.0140151977539062
73,0.41863471269607544,0.3645020127296448,0.5,0.5,0.5,0.5,0.5,0.5,0.5,0.5,0.5,0.5,0.5,0.5,0.5,0.5,0.5,0.5,0.5,0.5,0.5,0.5,0.5,0.5,0.5,0.5,0.3645020127296448,0.5,0.5,0.5,0.5,0.5,0.5,0.5,0.5,0.5,0.5,0.5,0.5,0.5,0.5,0.5,0.5,0.5,0.5,0.9376072883605957,2.0716664791107178
74,0.41754209995269775,0.36572134494781494,0.5,0.5,0.5,0.5,0.5,0.5,0.5,0.5,0.5,0.5,0.5,0.5,0.5,0.5,0.5,0.5,0.5,0.5,0.5,0.5,0.5,0.5,0.5,0.5,0.36572134494781494,0.5,0.5,0.5,0.5,0.5,0.5,0.5,0.5,0.5,0.5,0.5,0.5,0.5,0.5,0.5,0.5,0.5,0.5,0.9379034042358398,1.9508147239685059
75,0.41616472601890564,0.3614503741264343,0.5,0.5,0.5,0.5,0.5,0.5,0.5,0.5,0.5,0.5,0.5,0.5,0.5,0.5,0.5,0.5,0.5,0.5,0.5,0.5,0.5,0.5,0.5,0.5,0.3614503741264343,0.5,0.5,0.5,0.5,0.5,0.5,0.5,0.5,0.5,0.5,0.5,0.5,0.5,0.5,0.5,0.5,0.5,0.5,0.9463908672332764,2.141557216644287
76,0.4146957993507385,0.3610001802444458,0.5,0.5,0.5,0.5,0.5,0.5,0.5,0.5,0.5,0.5,0.5,0.5,0.5,0.5,0.5,0.5,0.5,0.5,0.5,0.5,0.5,0.5,0.5,0.5,0.3610001802444458,0.5,0.5,0.5,0.5,0.5,0.5,0.5,0.5,0.5,0.5,0.5,0.5,0.5,0.5,0.5,0.5,0.5,0.5,0.9447859525680542,1.9244167804718018
77,0.4134204685688019,0.3623739778995514,0.5,0.5,0.5,0.5,0.5,0.5,0.5,0.5,0.5,0.5,0.5,0.5,0.5,0.5,0.5,0.5,0.5,0.5,0.5,0.5,0.5,0.5,0.5,0.5,0.3623739778995514,0.5,0.5,0.5,0.5,0.5,0.5,0.5,0.5,0.5,0.5,0.5,0.5,0.5,0.5,0.5,0.5,0.5,0.5,0.942426323890686,2.097369909286499
78,0.41233423352241516,0.35824155807495117,0.5,0.5,0.5,0.5,0.5,0.5,0.5,0.5,0.5,0.5,0.5,0.5,0.5,0.5,0.5,0.5,0.5,0.5,0.5,0.5,0.5,0.5,0.5,0.5,0.35824155807495117,0.5,0.5,0.5,0.5,0.5,0.5,0.5,0.5,0.5,0.5,0.5,0.5,0.5,0.5,0.5,0.5,0.5,0.5,0.9406306743621826,2.101412057876587
79,0.41117557883262634,0.3621539771556854,0.5,0.5,0.5,0.5,0.5,0.5,0.5,0.5,0.5,0.5,0.5,0.5,0.5,0.5,0.5,0.5,0.5,0.5,0.5,0.5,0.5,0.5,0.5,0.5,0.3621539771556854,0.5,0.5,0.5,0.5,0.5,0.5,0.5,0.5,0.5,0.5,0.5,0.5,0.5,0.5,0.5,0.5,0.5,0.5,0.9451719522476196,2.0295536518096924
80,0.41003674268722534,0.35744035243988037,0.5,0.5,0.5,0.5,0.5,0.5,0.5,0.5,0.5,0.5,0.5,0.5,0.5,0.5,0.5,0.5,0.5,0.5,0.5,0.5,0.5,0.5,0.5,0.5,0.35744035243988037,0.5,0.5,0.5,0.5,0.5,0.5,0.5,0.5,0.5,0.5,0.5,0.5,0.5,0.5,0.5,0.5,0.5,0.5,0.9441059827804565,2.0131359100341797

81,0.4088927209377289,0.39186468720436096,0.5,0.5,0.5,0.5,0.5,0.5,0.5,0.5,0.5,0.5,0.5,0.5,0.5,0.5,0.5,0.5,0.5,0.5,0.5,0.5,0.5,0.5,0.5,0.5,0.39186468720436096,0.5,0.5,0.5,0.5,0.5,0.5,0.5,0.5,0.5,0.5,0.5,0.5,0.5,0.5,0.5,0.5,0.5,0.5,0.9443618059158325,1.9686999320983887
82,0.40780511498451233,0.4804607629776001,0.5,0.5,0.5,0.5,0.5,0.5,0.5,0.5,0.5,0.5,0.5,0.5,0.5,0.5,0.5,0.5,0.5,0.5,0.5,0.5,0.5,0.5,0.5,0.5,0.4804607629776001,0.5,0.5,0.5,0.5,0.5,0.5,0.5,0.5,0.5,0.5,0.5,0.5,0.5,0.5,0.5,0.5,0.5,0.5,0.9463567733764648,2.0728466510772705
83,0.40678516030311584,0.5,0.5,0.5,0.5,0.5,0.5,0.5,0.5,0.5,0.5,0.5,0.5,0.5,0.5,0.5,0.5,0.5,0.5,0.5,0.5,0.5,0.5,0.5,0.5,0.5,0.5300055742263794,0.5,0.5,0.5,0.5,0.5,0.5,0.5,0.5,0.5,0.5,0.5,0.5,0.5,0.5,0.5,0.5,0.5,0.5,0.9415892362594604,1.9679772853851318
84,0.4057433307170868,0.5,0.5,0.5,0.5,0.5,0.5,0.5,0.5,0.5,0.5,0.5,0.5,0.5,0.5,0.5,0.5,0.5,0.5,0.5,0.5,0.5,0.5,0.5,0.5,0.5,0.5124644637107849,0.5,0.5,0.5,0.5,0.5,0.5,0.5,0.5,0.5,0.5,0.5,0.5,0.5,0.5,0.5,0.5,0.5,0.5,0.9425990581512451,1.9943053722381592
85,0.40462514758110046,0.49942758679389954,0.5,0.5,0.5,0.5,0.5,0.5,0.5,0.5,0.5,0.5,0.5,0.5,0.5,0.5,0.5,0.5,0.5,0.5,0.5,0.5,0.5,0.5,0.49942758679389954,0.5,0.6099941730499268,0.5,0.5,0.5,0.5,0.5,0.5,0.5,0.5,0.5,0.5,0.5,0.5,0.5,0.5,0.5,0.5,0.5,0.5,0.942480206489563,1.9635951519012451
86,0.4036429822444916,0.49371427297592163,0.5,0.5,0.5,0.5,0.5,0.5,0.5,0.5,0.5,0.5,0.5,0.5,0.5,0.5,0.5,0.5,0.5,0.5,0.5,0.5,0.5,0.5,0.49371427297592163,0.5,0.6027762293815613,0.5,0.5,0.5,0.5,0.5,0.5,0.5,0.5,0.5,0.5,0.5,0.5,0.5,0.5,0.5,0.5,0.5,0.5,0.9440563917160034,1.9497675895690918
87,0.4026893973350525,0.4990503191947937,0.5,0.5,0.5,0.5,0.5,0.5,0.5,0.5,0.5,0.5,0.5,0.5,0.5,0.5,0.5,0.5,0.5,0.5,0.5,0.5,0.5,0.5,0.4990503191947937,0.5,0.6572257280349731,0.5,0.5,0.5,0.5,0.5,0.5,0.5,0.5,0.5,0.5,0.5,0.5,0.5,0.5,0.5,0.5,0.5,0.5,0.9434415698051453,1.9292573928833008
88,0.40150314569473267,0.4875166714191437,0.5,0.5,0.5,0.5,0.5,0.5,0.5,0.5,0.5,0.5,0.5,0.5,0.5,0.5,0.5,0.5,0.5,0.5,0.5,0.5,0.5,0.5,0.4875166714191437,0.4999050199985504,0.6133244037628174,0.5,0.5,0.5,0.5,0.5,0.5,0.5,0.5,0.5,0.5,0.5,0.5,0.5,0.5,0.5,0.5,0.5,0.5,0.9497658014297485,2.0535552501678467
89,0.4004926085472107,0.4849289059638977,0.5,0.5,0.5,0.5,0.5,0.5,0.5,0.5,0.5,0.5,0.5,0.5,0.5,0.5,0.5,0.5,0.5,0.5,0.5,0.5,0.5,0.5,0.4849289059638977,0.5,0.6905134916305542,0.5,0.5,0.5,0.5,0.5,0.5,0.5,0.5,0.5,0.5,0.5,0.5,0.5,0.5,0.5,0.5,0.5,0.5,0.9479770064353943,2.0811219215393066
90,0.39966636896133423,0.49563899636268616,0.5,0.5,0.5,0.5,0.5,0.5,0.5,0.5,0.5,0.5,0.5,0.5,0.5,0.5,0.5,0.5,0.5,0.5,0.5,0.5,0.5,0.5,0.49563899636268616,0.4998098909854889,0.7112768888473511,0.5,0.5,0.5,0.5,0.5,0.5,0.5,0.5,0.5,0.5,0.5,0.5,0.5,0.5,0.5,0.5,0.5,0.5,0.945290207862854,2.202120304107666

91,0.398794949054718,0.49315720796585083,0.5,0.5,0.5,0.5,0.5,0.5,0.5,0.5,0.5,0.5,0.5,0.5,0.5,0.5,0.5,0.5,0.5,0.5,0.5,0.5,0.5,0.5,0.49315720796585083,0.5,0.7340785264968872,0.5,0.5,0.5,0.5,0.5,0.5,0.5,0.5,0.5,0.5,0.5,0.5,0.5,0.5,0.5,0.5,0.5,0.5,0.9433211088180542,1.995605230331421
92,0.3978620767593384,0.4573054909706116,0.5,0.5,0.5,0.5,0.5,0.5,0.5,0.5,0.5,0.5,0.5,0.5,0.5,0.5,0.5,0.5,0.5,0.5,0.5,0.5,0.5,0.5,0.4573054909706116,0.5,0.7086342573165894,0.5,0.5,0.5,0.5,0.5,0.5,0.5,0.5,0.5,0.5,0.5,0.5,0.5,0.5,0.5,0.5,0.5,0.5,0.9461195468902588,2.0322203636169434
93,0.3970954418182373,0.44914448261260986,0.5,0.5,0.5,0.5,0.5,0.5,0.5,0.5,0.5,0.5,0.5,0.5,0.5,0.5,0.5,0.5,0.5,0.5,0.5,0.5,0.5,0.5,0.44914448261260986,0.5,0.7605782151222229,0.5,0.5,0.5,0.5,0.5,0.5,0.5,0.5,0.5,0.5,0.5,0.5,0.5,0.5,0.5,0.5,0.5,0.5,0.9412086009979248,2.0943853855133057
94,0.3964833617210388,0.3988582193851471,0.5,0.5,0.5,0.5,0.5,0.5,0.5,0.5,0.5,0.5,0.5,0.5,0.5,0.5,0.5,0.5,0.5,0.5,0.5,0.5,0.5,0.5,0.3988582193851471,0.4997137486934662,0.8044987320899963,0.5,0.5,0.5,0.5,0.5,0.5,0.5,0.5,0.5,0.5,0.5,0.5,0.5,0.5,0.5,0.5,0.5,0.5,0.9423829317092896,2.0460715293884277
95,0.3953540325164795,0.373518168926239,0.5,0.5,0.5,0.5,0.5,0.5,0.5,0.5,0.5,0.5,0.5,0.5,0.5,0.5,0.5,0.5,0.5,0.5,0.5,0.5,0.5,0.5,0.373518168926239,0.4993342161178589,0.7742884159088135,0.5,0.5,0.5,0.5,0.5,0.5,0.5,0.5,0.5,0.5,0.5,0.5,0.5,0.5,0.5,0.5,0.5,0.5,0.9498714208602905,1.96940016746521
96,0.3944501280784607,0.37385931611061096,0.5,0.5,0.5,0.5,0.5,0.5,0.5,0.5,0.5,0.5,0.5,0.5,0.5,0.5,0.5,0.5,0.49972206354141235,0.5,0.5,0.5,0.5,0.5,0.37385931611061096,0.4987696409225464,0.8327685594558716,0.5,0.49981021881103516,0.5,0.5,0.5,0.5,0.5,0.5,0.5,0.5,0.5,0.5,0.5,0.5,0.5,0.5,0.5,0.5,0.9456164240837097,2.0194485187530518
97,0.39377090334892273,0.397122859954834,0.5,0.5,0.5,0.5,0.5,0.5,0.5,0.5,0.5,0.5,0.5,0.5,0.5,0.5,0.5,0.5,0.49944445490837097,0.5,0.5,0.5,0.5,0.5,0.397122859954834,0.4990496039390564,0.8496763110160828,0.5,0.4999051094055176,0.5,0.5,0.5,0.5,0.5,0.5,0.5,0.5,0.5,0.5,0.5,0.5,0.5,0.5,0.5,0.5,0.946434497833252,1.9831838607788086
98,0.3929363489151001,0.3906279504299164,0.5,0.5,0.5,0.5,0.5,0.5,0.5,0.5,0.5,0.5,0.5,0.5,0.5,0.5,0.5,0.5,0.4993525743484497,0.5,0.5,0.5,0.5,0.5,0.3906279504299164,0.499146431684494,0.853472888469696,0.5,0.4999050498008728,0.5,0.5,0.5,0.5,0.5,0.5,0.5,0.5,0.5,0.5,0.5,0.5,0.5,0.5,0.5,0.5,0.9478540420532227,1.931701421737671
99,0.392183780670166,0.39648622274398804,0.5,0.5,0.5,0.5,0.5,0.5,0.5,0.5,0.5,0.5,0.5,0.5,0.5,0.5,0.5,0.5,0.4992585778236389,0.5,0.5,0.5,0.5,0.5,0.39648622274398804,0.49933648109436035,0.8545281291007996,0.5,0.49962151050567627,0.5,0.5,0.5,0.5,0.5,0.5,0.5,0.5,0.5,0.5,0.5,0.5,0.5,0.5,0.5,0.5,0.9469938278198242,1.8701605796813965
100,0.39127060770988464,0.3825930058956146,0.5,0.5,0.5,0.5,0.5,0.5,0.5,0.5,0.5,0.5,0.5,0.5,0.5,0.5,0.5,0.5,0.4990718364715576,0.5,0.5,0.5,0.5,0.5,0.3825930058956146,0.49866411089897156,0.8602815270423889,0.5,0.49961918592453003,0.5,0.5,0.5,0.5,0.5,0.5,0.5,0.5,0.5,0.5,0.5,0.5,0.5,0.5,0.5,0.5,0.9489455223083496,2.0549566745758057

101,0.3903729021549225,0.3745243549346924,0.5,0.5,0.5,0.5,0.5,0.5,0.5,0.5,0.5,0.5,0.5,0.5,0.5,0.5,0.5,0.5,0.4985174238681793,0.5,0.5,0.5,0.5,0.5,0.3745243549346924,0.49867549538612366,0.854107141494751,0.5,0.49952587485313416,0.5,0.5,0.5,0.5,0.5,0.5,0.5,0.5,0.5,0.5,0.5,0.5,0.5,0.5,0.5,0.5,0.9461625218391418,1.9529180526733398
102,0.38975709676742554,0.3751890957355499,0.5,0.5,0.5,0.5,0.5,0.5,0.5,0.5,0.5,0.5,0.5,0.5,0.5,0.5,0.5,0.5,0.49750369787216187,0.5,0.5,0.5,0.5,0.5,0.3751890957355499,0.49828800559043884,0.8543531894683838,0.5,0.4987637996673584,0.5,0.5,0.5,0.5,0.5,0.5,0.5,0.5,0.5,0.5,0.5,0.5,0.5,0.5,0.5,0.5,0.9441379904747009,1.9588980674743652
103,0.38894519209861755,0.3799317181110382,0.5,0.5,0.5,0.5,0.5,0.5,0.5,0.5,0.5,0.5,0.5,0.5,0.5,0.5,0.5,0.5,0.498516321182251,0.5,0.5,0.5,0.5,0.5,0.3799317181110382,0.4990501403808594,0.853198766708374,0.5,0.4994314908981323,0.5,0.5,0.5,0.5,0.5,0.5,0.5,0.5,0.5,0.5,0.5,0.5,0.5,0.5,0.5,0.5,0.949016809463501,1.9580872058868408
104,0.3883712887763977,0.3726719915866852,0.5,0.5,0.5,0.5,0.5,0.5,0.5,0.5,0.5,0.5,0.5,0.5,0.5,0.5,0.5,0.5,0.4980555474758148,0.5,0.5,0.5,0.5,0.5,0.3726719915866852,0.49829190969467163,0.8548877835273743,0.5,0.49876847863197327,0.5,0.5,0.5,0.5,0.5,0.5,0.5,0.5,0.5,0.5,0.5,0.5,0.5,0.5,0.5,0.5,0.9470657110214233,1.9528663158416748
105,0.38750705122947693,0.3632039427757263,0.5,0.5,0.5,0.5,0.5,0.5,0.5,0.5,0.5,0.5,0.5,0.5,0.5,0.5,0.5,0.5,0.4979625940322876,0.5,0.5,0.5,0.5,0.5,0.3632039427757263,0.49772942066192627,0.8468141555786133,0.5,0.4989539682865143,0.5,0.5,0.5,0.5,0.5,0.5,0.5,0.5,0.5,0.5,0.5,0.5,0.5,0.5,0.5,0.5,0.9543099403381348,1.9827711582183838
106,0.3868568539619446,0.3696601390838623,0.5,0.5,0.5,0.5,0.5,0.5,0.5,0.5,0.5,0.5,0.5,0.5,0.5,0.5,0.5,0.5,0.49777695536613464,0.5,0.5,0.5,0.5,0.5,0.3696601390838623,0.4985746741294861,0.8537744879722595,0.5,0.4985795319080353,0.5,0.5,0.5,0.5,0.5,0.5,0.5,0.5,0.5,0.5,0.5,0.5,0.5,0.5,0.5,0.5,0.9487985372543335,1.9324617385864258
107,0.3860333561897278,0.3657609820365906,0.5,0.5,0.5,0.5,0.5,0.5,0.5,0.5,0.5,0.5,0.5,0.5,0.5,0.5,0.5,0.5,0.4974045157432556,0.5,0.5,0.5,0.5,0.5,0.3657609820365906,0.49772340059280396,0.8494328856468201,0.4999045133590698,0.49790316820144653,0.5,0.5,0.5,0.5,0.5,0.5,0.5,0.5,0.5,0.5,0.5,0.5,0.5,0.5,0.5,0.5,0.9526391625404358,2.109011650085449
108,0.38527345657348633,0.36532625555992126,0.5,0.5,0.5,0.5,0.5,0.5,0.5,0.5,0.5,0.5,0.5,0.5,0.5,0.5,0.5,0.5,0.4968547523021698,0.5,0.5,0.5,0.5,0.5,0.36532625555992126,0.4978240430355072,0.8497148156166077,0.5,0.49819323420524597,0.5,0.5,0.5,0.5,0.5,0.5,0.5,0.5,0.5,0.5,0.5,0.5,0.5,0.5,0.5,0.5,0.9509475231170654,1.9214928150177002
109,0.38457387685775757,0.3707631230354309,0.5,0.5,0.5,0.5,0.5,0.5,0.5,0.5,0.5,0.5,0.5,0.5,0.5,0.5,0.5,0.5,0.4974049925804138,0.5,0.5,0.5,0.499905526638031,0.5,0.3707631230354309,0.49810677766799927,0.8509725332260132,0.4999047517776489,0.4979047477245331,0.5,0.5,0.5,0.5,0.5,0.5,0.5,0.5,0.5,0.5,0.5,0.5,0.5,0.5,0.5,0.5,0.9458455443382263,1.964257001876831
110,0.38391751050949097,0.37059271335601807,0.5,0.5,0.5,0.5,0.5,0.5,0.5,0.5,0.5,0.5,0.5,0.5,0.5,0.5,0.5,0.5,0.49620160460472107,0.5,0.5,0.5,0.5,0.5,0.37059271335601807,0.4983886182308197,0.8540437817573547,0.49990490078926086,0.49761176109313965,0.5,0.5,0.5,0.5,0.5,0.5,0.5,0.5,0.5,0.5,0.5,0.5,0.5,0.5,0.5,0.5,0.9490535855293274,2.0718801021575928

111,0.38311275839805603,0.37119191884994507,0.5,0.5,0.5,0.5,0.5,0.5,0.5,0.5,0.5,0.5,0.5,0.5,0.5,0.5,0.5,0.5,0.4975004494190216,0.5,0.5,0.5,0.4999048113822937,0.5,0.37119191884994507,0.4982853829860687,0.856109619140625,0.5,0.49762311577796936,0.5,0.5,0.5,0.5,0.5,0.5,0.5,0.5,0.5,0.5,0.5,0.5,0.5,0.5,0.5,0.5,0.9493224024772644,2.034761905670166
112,0.38253337144851685,0.36543935537338257,0.5,0.5,0.5,0.5,0.5,0.5,0.5,0.5,0.5,0.5,0.5,0.5,0.5,0.5,0.5,0.5,0.4968565106391907,0.5,0.5,0.5,0.49923503398895264,0.5,0.36543935537338257,0.4956356883049011,0.8516941070556641,0.5,0.49581748247146606,0.5,0.5,0.5,0.5,0.5,0.5,0.5,0.5,0.5,0.5,0.5,0.5,0.5,0.5,0.5,0.5,0.9493058919906616,2.0721418857574463
113,0.3819344937801361,0.3693462610244751,0.5,0.5,0.5,0.5,0.5,0.5,0.5,0.5,0.5,0.5,0.5,0.5,0.5,0.5,0.5,0.5,0.4959198832511902,0.5,0.5,0.5,0.4994281232357025,0.5,0.3693462610244751,0.49629417061805725,0.8544471859931946,0.49981021881103516,0.49696049094200134,0.5,0.5,0.5,0.5,0.5,0.5,0.5,0.5,0.5,0.5,0.5,0.5,0.5,0.5,0.5,0.5,0.9469860792160034,2.112373113632202
114,0.3812718391418457,0.36596760153770447,0.5,0.5,0.5,0.5,0.5,0.5,0.5,0.5,0.5,0.5,0.5,0.5,0.5,0.5,0.5,0.5,0.4958310127258301,0.5,0.5,0.5,0.4991435110569,0.5,0.36596760153770447,0.5013793706893921,0.8519961833953857,0.5,0.4972490966320038,0.5,0.5,0.5,0.5,0.5,0.5,0.5,0.5,0.5,0.5,0.5,0.5,0.5,0.5,0.5,0.5,0.9507707357406616,1.9708056449890137
115,0.3806377351284027,0.36736243963241577,0.5,0.5,0.5,0.5,0.5,0.5,0.5,0.5,0.5,0.5,0.5,0.5,0.5,0.5,0.5,0.5,0.49565860629081726,0.5,0.5,0.5,0.499810129404068,0.5,0.36736243963241577,0.5071550607681274,0.8501144051551819,0.49971482157707214,0.49744027853012085,0.5,0.5,0.5,0.5,0.5,0.5,0.5,0.5,0.5,0.5,0.5,0.5,0.5,0.5,0.5,0.5,0.9493265151977539,2.125131368637085
116,0.3800032138824463,0.36624810099601746,0.5,0.5,0.5,0.5,0.5,0.5,0.5,0.5,0.5,0.5,0.5,0.5,0.5,0.5,0.5,0.5,0.4956505596637726,0.5,0.5,0.5,0.49942922592163086,0.5,0.36624810099601746,0.5120998620986938,0.8507320880889893,0.4996201992034912,0.4970487356185913,0.5,0.5,0.5,0.5,0.5,0.5,0.5,0.5,0.5,0.5,0.5,0.5,0.5,0.5,0.5,0.5,0.9501203298568726,2.0542967319488525
117,0.37946817278862,0.36226630210876465,0.5,0.5,0.5,0.5,0.5,0.5,0.5,0.5,0.5,0.5,0.5,0.5,0.5,0.5,0.5,0.5,0.4950101673603058,0.5,0.5,0.5,0.4990512430667877,0.5,0.36226630210876465,0.534528374671936,0.8481312990188599,0.49971482157707214,0.49562403559684753,0.5,0.5,0.5,0.5,0.5,0.5,0.5,0.5,0.5,0.5,0.5,0.5,0.5,0.5,0.5,0.5,0.9507876634597778,2.082874059677124
118,0.37871551513671875,0.36330798268318176,0.5,0.5,0.5,0.5,0.5,0.5,0.5,0.5,0.5,0.5,0.5,0.5,0.5,0.5,0.5,0.5,0.49444136023521423,0.5,0.5,0.5,0.49962106347084045,0.5,0.36330798268318176,0.4949782192707062,0.8500190377235413,0.49933433532714844,0.49525707960128784,0.5,0.5,0.5,0.5,0.5,0.5,0.5,0.5,0.5,0.5,0.5,0.5,0.5,0.5,0.5,0.5,0.956539511680603,1.949112892150879
119,0.3780852258205414,0.36244291067123413,0.5,0.5,0.5,0.5,0.5,0.5,0.5,0.5,0.5,0.5,0.5,0.5,0.5,0.5,0.5,0.5,0.4953763782978058,0.5,0.5,0.5,0.4992392659187317,0.5,0.36244291067123413,0.5088105201721191,0.8480205535888672,0.4989555776119232,0.4939163625240326,0.5,0.5,0.5,0.5,0.5,0.5,0.5,0.5,0.5,0.5,0.5,0.5,0.5,0.5,0.5,0.5,0.9491065144538879,1.9763028621673584
120,0.37734735012054443,0.36012130975723267,0.5,0.5,0.5,0.5,0.5,0.5,0.5,0.5,0.5,0.5,0.5,0.5,0.5,0.5,0.5,0.5,0.4946306347846985,0.5,0.5,0.5,0.498379111289978,0.5,0.36012130975723267,0.539238691329956,0.8441003561019897,0.4989539682865143,0.49610117077827454,0.5,0.5,0.5,0.5,0.5,0.5,0.5,0.5,0.5,0.5,0.5,0.5,0.5,0.5,0.5,0.5,0.9527109265327454,2.059190034866333

121,0.37669435143470764,0.3667300343513489,0.5,0.5,0.5,0.5,0.5,0.5,0.5,0.5,0.5,0.5,0.5,0.5,0.5,0.5,0.5,0.5,0.4936075508594513,0.5,0.5,0.5,0.49866995215415955,0.5,0.3667300343513489,0.5486581325531006,0.8498189449310303,0.5388830304145813,0.49515300989151,0.5,0.5,0.5,0.5,0.5,0.5,0.5,0.5,0.5,0.5,0.5,0.5,0.5,0.5,0.5,0.5,0.9506334066390991,2.1485636234283447
122,0.37600967288017273,0.3630567193031311,0.5,0.5,0.5,0.5,0.5,0.5,0.5,0.5,0.5,0.5,0.5,0.5,0.5,0.5,0.5,0.5,0.49092593789100647,0.5,0.5,0.5,0.4972365200519562,0.5,0.3630567193031311,0.5615969300270081,0.8470354080200195,0.5146589875221252,0.49422457814216614,0.5,0.5,0.5,0.5,0.5,0.5,0.5,0.5,0.5,0.5,0.5,0.5,0.5,0.5,0.5,0.5,0.9525786638259888,1.9947474002838135
123,0.37553346157073975,0.3628554940223694,0.5,0.5,0.5,0.5,0.5,0.5,0.5,0.5,0.5,0.5,0.5,0.5,0.5,0.5,0.5,0.5,0.49184733629226685,0.5,0.5,0.5,0.4966660439968109,0.5,0.3628554940223694,0.5469172596931458,0.850379467010498,0.5864576101303101,0.4952353835105896,0.5,0.5,0.5,0.5,0.5,0.5,0.5,0.5,0.5,0.5,0.5,0.4997199475765228,0.5,0.5,0.5,0.5,0.9494150876998901,2.1328654289245605
124,0.3749632239341736,0.36798179149627686,0.5,0.5,0.5,0.5,0.5,0.5,0.5,0.5,0.5,0.5,0.5,0.5,0.5,0.5,0.5,0.5,0.48556357622146606,0.5,0.5,0.5,0.4978140890598297,0.5,0.36798179149627686,0.5329629182815552,0.8556231260299683,0.6146122217178345,0.49275362491607666,0.5,0.5,0.5,0.5,0.5,0.5,0.5,0.5,0.5,0.5,0.5,0.499813973903656,0.5,0.5,0.5,0.5,0.9534654021263123,2.035922050476074
125,0.374401718378067,0.3691793978214264,0.5,0.5,0.5,0.5,0.5,0.5,0.5,0.5,0.5,0.5,0.5,0.5,0.5,0.5,0.5,0.5,0.4669138193130493,0.5,0.5,0.5,0.4974310100078583,0.5,0.3691793978214264,0.5376408100128174,0.854982852935791,0.6206831336021423,0.4950532615184784,0.5,0.5,0.5,0.5,0.5,0.5,0.5,0.5,0.5,0.5,0.5,0.5,0.5,0.5,0.5,0.5,0.9497311115264893,2.0008509159088135
126,0.37381860613822937,0.3665395677089691,0.5,0.5,0.5,0.5,0.5,0.5,0.5,0.5,0.5,0.5,0.5,0.5,0.5,0.5,0.5,0.5,0.3785211145877838,0.5,0.5,0.5,0.4965694546699524,0.5,0.3665395677089691,0.5383251309394836,0.854710578918457,0.5890094041824341,0.4932483732700348,0.5,0.5,0.5,0.5,0.5,0.5,0.5,0.5,0.5,0.5,0.5,0.5,0.5,0.5,0.5,0.5,0.9523218870162964,2.0511412620544434
127,0.37324830889701843,0.35926491022109985,0.5,0.5,0.5,0.5,0.5,0.5,0.5,0.5,0.5,0.5,0.5,0.5,0.5,0.5,0.5,0.5,0.3912520706653595,0.5,0.5,0.5,0.49752992391586304,0.5,0.35926491022109985,0.5493555665016174,0.8478261232376099,0.6393218040466309,0.49298444390296936,0.5,0.5,0.5,0.5,0.5,0.5,0.5,0.5,0.5,0.5,0.5,0.5,0.5,0.5,0.5,0.5,0.9546409845352173,2.0592856407165527
128,0.37275153398513794,0.3623504936695099,0.5,0.5,0.5,0.5,0.5,0.5,0.5,0.5,0.5,0.5,0.5,0.5,0.5,0.5,0.5,0.5,0.381296306848526,0.5,0.5,0.5,0.4954049289226532,0.5,0.3623504936695099,0.5516317486763,0.8484905958175659,0.6973162889480591,0.49356183409690857,0.5,0.5,0.5,0.5,0.5,0.5,0.5,0.5,0.5,0.5,0.5,0.5,0.5,0.5,0.5,0.5,0.9498429298400879,2.022425889968872
129,0.3722684383392334,0.36129629611968994,0.5,0.5,0.5,0.5,0.5,0.5,0.5,0.5,0.5,0.5,0.5,0.5,0.5,0.5,0.5,0.5,0.36129629611968994,0.5,0.5,0.5,0.49448877573013306,0.5,0.3634290099143982,0.5407841205596924,0.8489990234375,0.6811169385910034,0.49218153953552246,0.5,0.5,0.5,0.5,0.5,0.5,0.5,0.5,0.5,0.5,0.5,0.5,0.5,0.5,0.5,0.5,0.9522631168365479,2.058107376098633
130,0.37173691391944885,0.36176079511642456,0.5,0.5,0.5,0.5,0.5,0.5,0.5,0.5,0.5,0.5,0.5,0.5,0.5,0.5,0.5,0.5,0.36245834827423096,0.40580111742019653,0.5,0.5,0.49572405219078064,0.5,0.36176079511642456,0.5965486168861389,0.8457507491111755,0.7212479710578918,0.4911881685256958,0.5,0.5,0.5,0.5,0.5,0.5,0.5,0.5,0.5,0.5,0.5,0.5,0.5,0.5,0.5,0.5,0.9531316757202148,1.9829826354980469

131,0.3712584376335144,0.3639656901359558,0.5,0.5,0.5,0.5,0.5,0.5,0.5,0.5,0.5,0.5,0.5,0.5,0.5,0.5,0.5,0.5,0.37460729479789734,0.3752993047237396,0.5,0.5,0.49668875336647034,0.5,0.3639656901359558,0.612128496170044,0.8513127565383911,0.746213436126709,0.49431172013282776,0.5,0.5,0.5,0.5,0.5,0.5,0.5,0.5,0.5,0.5,0.5,0.5,0.5,0.5,0.5,0.5,0.9528460502624512,2.030344009399414
132,0.3708052635192871,0.36477747559547424,0.5,0.5,0.5,0.5,0.5,0.5,0.5,0.5,0.5,0.5,0.5,0.5,0.5,0.5,0.5,0.5,0.37367933988571167,0.37587475776672363,0.5,0.5,0.4961056113243103,0.5,0.36477747559547424,0.5798528790473938,0.8505703210830688,0.698387086391449,0.4929604232311249,0.5,0.5,0.5,0.5,0.5,0.5,0.5,0.4999065101146698,0.5,0.5,0.5,0.5,0.5,0.5,0.5,0.5,0.9467121362686157,1.9726452827453613
133,0.3704754114151001,0.36822637915611267,0.5,0.5,0.5,0.5,0.5,0.5,0.5,0.5,0.5,0.5,0.5,0.5,0.5,0.5,0.5,0.5,0.36822637915611267,0.37856486439704895,0.5,0.5,0.49463704228401184,0.5,0.3684459626674652,0.56036376953125,0.8537995219230652,0.7278759479522705,0.49097302556037903,0.5,0.5,0.5,0.5,0.5,0.5,0.5,0.5,0.5,0.5,0.5,0.49981430172920227,0.5,0.5,0.5,0.5,0.9471032619476318,1.9886085987091064
134,0.37000927329063416,0.36811861395835876,0.5,0.5,0.5,0.5,0.5,0.5,0.5,0.5,0.5,0.5,0.5,0.5,0.5,0.5,0.5,0.5,0.36811861395835876,0.3781071603298187,0.5,0.5,0.49265968799591064,0.5,0.36907705664634705,0.5904012322425842,0.8548049330711365,0.711365818977356,0.4888571500778198,0.5,0.5,0.5,0.5,0.5,0.5,0.5,0.5,0.5,0.5,0.5,0.5,0.49990734457969666,0.5,0.5,0.5,0.9522244930267334,2.028510093688965
135,0.36944419145584106,0.36564815044403076,0.5,0.5,0.5,0.5,0.5,0.5,0.5,0.5,0.5,0.5,0.5,0.5,0.5,0.5,0.5,0.5,0.36564815044403076,0.3797643184661865,0.5,0.5,0.4954303205013275,0.5,0.3684011399745941,0.5945608019828796,0.8544797301292419,0.7786766886711121,0.4899009168148041,0.5,0.5,0.5,0.5,0.5,0.5,0.5,0.5,0.5,0.5,0.5,0.49990689754486084,0.5,0.5,0.4999068081378937,0.5,0.9552736282348633,1.9651780128479004
136,0.36903905868530273,0.3593374192714691,0.5,0.5,0.5,0.5,0.5,0.5,0.5,0.5,0.5,0.5,0.5,0.5,0.5,0.5,0.5,0.5,0.3593374192714691,0.3725598454475403,0.5,0.5,0.49160143733024597,0.5,0.36182335019111633,0.5935463905334473,0.8464089632034302,0.7876380681991577,0.4876355230808258,0.5,0.5,0.5,0.5,0.5,0.5,0.5,0.5,0.5,0.5,0.5,0.49972155690193176,0.4999072253704071,0.5,0.4999069273471832,0.5,0.950948178768158,1.988905906677246
137,0.36853790283203125,0.3638719320297241,0.5,0.5,0.5,0.5,0.5,0.5,0.5,0.5,0.5,0.5,0.5,0.5,0.5,0.5,0.5,0.5,0.3638719320297241,0.3764044940471649,0.5,0.5,0.4922974407672882,0.5,0.3660781979560852,0.6109753251075745,0.8527455925941467,0.7956371307373047,0.4897025227546692,0.5,0.5,0.5,0.5,0.5,0.5,0.5,0.5,0.5,0.5,0.5,0.4994405210018158,0.5,0.5,0.49981439113616943,0.5,0.9515277147293091,1.986447811126709
138,0.3680039644241333,0.3673205077648163,0.5,0.5,0.5,0.5,0.5,0.5,0.5,0.5,0.5,0.5,0.5,0.5,0.5,0.5,0.5,0.5,0.3673205077648163,0.38052690029144287,0.5,0.5,0.49276742339134216,0.5,0.3696272373199463,0.6255955696105957,0.8567906022071838,0.7724976539611816,0.4889712929725647,0.5,0.5,0.5,0.5,0.5,0.5,0.5,0.5,0.5,0.5,0.5,0.49962854385375977,0.49990707635879517,0.5,0.49990686774253845,0.5,0.9518551230430603,2.0412843227386475
139,0.3673591911792755,0.35853251814842224,0.5,0.5,0.5,0.5,0.5,0.5,0.5,0.5,0.5,0.5,0.5,0.5,0.5,0.5,0.5,0.5,0.35853251814842224,0.37196019291877747,0.5,0.5,0.49132177233695984,0.5,0.3595942258834839,0.6053640246391296,0.8454165458679199,0.7850148677825928,0.49042290449142456,0.5,0.5,0.5,0.5,0.5,0.5,0.5,0.5,0.5,0.5,0.5,0.4998142421245575,0.4999070167541504,0.5,0.5,0.5,0.9590229988098145,2.017977476119995
140,0.36689865589141846,0.3628268241882324,0.5,0.5,0.5,0.5,0.5,0.5,0.5,0.5,0.5,0.5,0.5,0.5,0.5,0.5,0.5,0.5,0.36509695649147034,0.37511521577835083,0.5,0.5,0.49170956015586853,0.5,0.3628268241882324,0.6203820705413818,0.8491535186767578,0.8072803020477295,0.49095410108566284,0.5,0.5,0.5,0.5,0.5,0.5,0.5,0.5,0.5,0.5,0.5,0.4996275007724762,0.4999067783355713,0.5,0.49990707635879517,0.5,0.9521654844284058,2.0037434101104736

141,0.3665802776813507,0.3589838743209839,0.5,0.5,0.5,0.5,0.5,0.5,0.5,0.5,0.5,0.5,0.5,0.5,0.5,0.5,0.5,0.5,0.3589838743209839,0.3735494613647461,0.5,0.5,0.49084144830703735,0.5,0.36181095242500305,0.6197190284729004,0.8474191427230835,0.8308405876159668,0.48914697766304016,0.5,0.5,0.5,0.5,0.5,0.5,0.5,0.5,0.5,0.5,0.5,0.4996280372142792,0.4998141825199127,0.5,0.5,0.5,0.9520480036735535,2.096275568008423
142,0.36588823795318604,0.3560311198234558,0.5,0.5,0.5,0.5,0.5,0.5,0.5,0.5,0.5,0.5,0.5,0.5,0.5,0.5,0.5,0.5,0.3560311198234558,0.37129440903663635,0.5,0.5,0.4888003170490265,0.5,0.3581222593784332,0.5956401228904724,0.8455098867416382,0.7934535145759583,0.4908161461353302,0.5,0.5,0.5,0.5,0.5,0.5,0.5,0.5,0.5,0.5,0.5,0.499164342880249,0.5,0.5,0.49981391429901123,0.5,0.9621126651763916,1.9706025123596191
143,0.3653131127357483,0.3530283272266388,0.5,0.5,0.5,0.5,0.5,0.5,0.5,0.5,0.5,0.5,0.5,0.5,0.5,0.5,0.5,0.5,0.3530283272266388,0.3681642413139343,0.5,0.5,0.49261224269866943,0.5,0.3553483188152313,0.5960932374000549,0.8413654565811157,0.8326499462127686,0.4912131428718567,0.5,0.5,0.5,0.5,0.5,0.5,0.5,0.5,0.5,0.5,0.5,0.4992559552192688,0.4997205138206482,0.5,0.49990731477737427,0.5,0.9577957987785339,2.294325590133667
144,0.36484989523887634,0.3580292761325836,0.5,0.5,0.5,0.5,0.5,0.5,0.5,0.5,0.5,0.5,0.5,0.5,0.5,0.5,0.5,0.5,0.3580292761325836,0.37472406029701233,0.5,0.5,0.4938931167125702,0.5,0.361253559589386,0.5989591479301453,0.8499429225921631,0.8454583883285522,0.49079346656799316,0.5,0.5,0.5,0.5,0.5,0.5,0.5,0.499906450510025,0.5,0.5,0.5,0.49953505396842957,0.4997209310531616,0.5,0.4999069571495056,0.5,0.9546694159507751,2.0301225185394287
145,0.36450958251953125,0.3593634366989136,0.5,0.5,0.5,0.5,0.5,0.5,0.5,0.5,0.5,0.5,0.5,0.5,0.5,0.5,0.5,0.5,0.3593634366989136,0.3759218156337738,0.5,0.5,0.48925650119781494,0.5,0.36412009596824646,0.620168149471283,0.8507704138755798,0.8570809364318848,0.48768380284309387,0.5,0.5,0.5,0.5,0.5,0.5,0.5,0.49990642070770264,0.5,0.5,0.5,0.49925553798675537,0.49972113966941833,0.5,0.4997211992740631,0.5,0.9512394666671753,2.056149482727051
146,0.3640911877155304,0.35544848442077637,0.5,0.5,0.5,0.5,0.5,0.5,0.5,0.5,0.5,0.5,0.5,0.5,0.5,0.5,0.5,0.5,0.35544848442077637,0.3708041310310364,0.5,0.5,0.4916413426399231,0.5,0.35908401012420654,0.5742291212081909,0.8443476557731628,0.9148242473602295,0.48790937662124634,0.5,0.5,0.5,0.5,0.5,0.5,0.5,0.5,0.5,0.5,0.5,0.4990675151348114,0.4999070465564728,0.5,0.49981388449668884,0.5,0.9518229961395264,2.0809266567230225
147,0.36375048756599426,0.3601185083389282,0.5,0.5,0.5,0.5,0.5,0.5,0.5,0.5,0.5,0.5,0.5,0.5,0.5,0.5,0.5,0.5,0.3601185083389282,0.37513813376426697,0.5,0.5,0.48916348814964294,0.5,0.36167994141578674,0.6133810877799988,0.8480327129364014,0.8913200497627258,0.4893394112586975,0.5,0.5,0.5,0.5,0.5,0.5,0.5,0.5,0.5,0.5,0.5,0.49953609704971313,0.49953600764274597,0.5,0.4998142421245575,0.5,0.9527382254600525,2.0304031372070312
148,0.363290011882782,0.3652849793434143,0.5,0.5,0.5,0.5,0.5,0.5,0.5,0.5,0.5,0.5,0.5,0.5,0.5,0.5,0.5,0.5,0.3652849793434143,0.37884366512298584,0.5,0.5,0.49171900749206543,0.5,0.3677779734134674,0.6237599849700928,0.8535007238388062,0.9656552076339722,0.4882834851741791,0.5,0.5,0.5,0.5,0.5,0.5,0.5,0.5,0.5,0.5,0.5,0.49953514337539673,0.4997214376926422,0.5,0.4998141825199127,0.5,0.9523763060569763,2.088754892349243
149,0.36279913783073425,0.3586735725402832,0.5,0.5,0.5,0.5,0.5,0.5,0.5,0.5,0.5,0.5,0.5,0.5,0.5,0.5,0.5,0.5,0.3586735725402832,0.37329399585723877,0.5,0.5,0.4881020486354828,0.5,0.3622913360595703,0.6438537240028381,0.8476771116256714,0.9458730816841125,0.48909124732017517,0.5,0.5,0.5,0.5,0.5,0.5,0.5,0.5,0.5,0.5,0.5,0.49935004115104675,0.49962812662124634,0.5,0.49990707635879517,0.5,0.954145073890686,2.8117868900299072
150,0.36230024695396423,0.3602220118045807,0.5,0.5,0.5,0.5,0.5,0.5,0.5,0.5,0.5,0.5,0.5,0.5,0.5,0.5,0.5,0.5,0.3602220118045807,0.3752073645591736,0.5,0.5,0.48819947242736816,0.5,0.3623739778995514,0.6514376997947693,0.8480578660964966,0.9537950754165649,0.4897260367870331,0.5,0.5,0.5,0.5,0.5,0.5,0.5,0.5,0.5,0.5,0.5,0.4997211992740631,0.4994424879550934,0.5,0.49981367588043213,0.5,0.953988254070282,2.2663986682891846

151,0.3619081377983093,0.35867705941200256,0.5,0.5,0.5,0.5,0.5,0.5,0.5,0.5,0.5,0.5,0.5,0.5,0.5,0.5,0.5,0.5,0.3592853248119354,0.3737355172634125,0.5,0.5,0.4885627031326294,0.5,0.35867705941200256,0.6713926792144775,0.8460588455200195,0.9289560317993164,0.48915526270866394,0.5,0.5,0.5,0.5,0.5,0.5,0.5,0.5,0.5,0.5,0.5,0.49934884905815125,0.4993487298488617,0.5,0.4995357394218445,0.5,0.9547955989837646,2.6382462978363037
152,0.3614226281642914,0.3600555956363678,0.5,0.5,0.5,0.5,0.5,0.5,0.5,0.5,0.5,0.5,0.5,0.5,0.5,0.5,0.5,0.5,0.3600555956363678,0.3742167353630066,0.5,0.5,0.48851338028907776,0.5,0.36057141423225403,0.6743752956390381,0.8463373184204102,0.9317429065704346,0.48839643597602844,0.5,0.5,0.5,0.5,0.5,0.5,0.5,0.49990659952163696,0.5,0.5,0.5,0.4995366036891937,0.49934858083724976,0.5,0.49972087144851685,0.5,0.9518222212791443,2.8505685329437256
153,0.3610007166862488,0.3574341833591461,0.5,0.5,0.5,0.5,0.5,0.5,0.5,0.5,0.5,0.5,0.5,0.5,0.5,0.5,0.5,0.5,0.3574341833591461,0.3771170973777771,0.5,0.5,0.4883057475090027,0.5,0.36143428087234497,0.621074914932251,0.8487643003463745,0.9453510046005249,0.48868176341056824,0.5,0.5,0.5,0.5,0.5,0.5,0.5,0.5,0.5,0.5,0.5,0.4997212886810303,0.49888330698013306,0.5,0.5,0.5,0.9529726505279541,2.9259696006774902
154,0.3605429530143738,0.3571825623512268,0.5,0.5,0.5,0.5,0.5,0.5,0.5,0.5,0.5,0.5,0.5,0.5,0.5,0.5,0.5,0.5,0.3571825623512268,0.3759904205799103,0.5,0.5,0.48715996742248535,0.5,0.3604007661342621,0.6760202646255493,0.8491821885108948,0.9732464551925659,0.48811107873916626,0.5,0.5,0.5,0.5,0.5,0.5,0.5,0.4997193217277527,0.5,0.5,0.5,0.4995337426662445,0.49953609704971313,0.5,0.4997210204601288,0.5,0.9542791843414307,2.6680960655212402
155,0.3600752055644989,0.3534482717514038,0.5,0.5,0.5,0.5,0.5,0.5,0.5,0.5,0.5,0.5,0.5,0.5,0.5,0.5,0.5,0.5,0.3534482717514038,0.37407952547073364,0.5,0.5,0.4880906939506531,0.49990472197532654,0.3591160178184509,0.6382213234901428,0.8485280275344849,0.965275228023529,0.48782575130462646,0.5,0.5,0.5,0.5,0.5,0.5,0.5,0.5,0.5,0.5,0.5,0.49962887167930603,0.4996286630630493,0.5,0.4999070167541504,0.5,0.9543980956077576,4.2890846729278564
156,0.3596108555793762,0.35670846700668335,0.5,0.5,0.5,0.5,0.5,0.5,0.5,0.5,0.5,0.5,0.5,0.5,0.5,0.5,0.5,0.5,0.35687869787216187,0.3749769926071167,0.5,0.4999064803123474,0.5163452625274658,0.49886322021484375,0.35670846700668335,0.6520447731018066,0.8466653823852539,0.9763511419296265,0.4865095913410187,0.5,0.5,0.5,0.5,0.5,0.5,0.5,0.5,0.5,0.5,0.5,0.49934980273246765,0.4995352327823639,0.5,0.49972206354141235,0.5,0.9553394317626953,2.6098241806030273
157,0.3592139780521393,0.3568127155303955,0.5,0.5,0.5,0.5,0.5,0.5,0.5,0.5,0.5,0.5,0.5,0.5,0.5,0.5,0.5,0.5,0.3568127155303955,0.37191301584243774,0.5,0.4999064803123474,0.5093593597412109,0.4999055564403534,0.35712930560112,0.644882082939148,0.8461611270904541,0.9801270961761475,0.48731642961502075,0.5,0.5,0.5,0.5,0.5,0.5,0.5,0.4999065101146698,0.5,0.5,0.5,0.4995356500148773,0.498423308134079,0.5,0.49981364607810974,0.5,0.9504886865615845,2.315833330154419
158,0.358774870634079,0.35264962911605835,0.5,0.5,0.5,0.5,0.5,0.5,0.5,0.5,0.5,0.5,0.5,0.5,0.5,0.5,0.5,0.5,0.35434019565582275,0.36895978450775146,0.5,0.5,0.5460636019706726,0.5,0.35264962911605835,0.6542974710464478,0.8413452506065369,0.985106348991394,0.4864839017391205,0.5,0.5,0.5,0.5,0.5,0.5,0.5,0.49990618228912354,0.5,0.5,0.5,0.49981412291526794,0.49907252192497253,0.5,0.5,0.5,0.9558769464492798,2.3537237644195557
159,0.3583250939846039,0.35712963342666626,0.5,0.5,0.5,0.5,0.5,0.5,0.5,0.5,0.5,0.5,0.5,0.5,0.5,0.5,0.5,0.5,0.35712963342666626,0.37490788102149963,0.5,0.49990659952163696,0.5370967984199524,0.4994281232357025,0.3601904809474945,0.6643650531768799,0.8477514982223511,0.9898250102996826,0.48787009716033936,0.5,0.5,0.5,0.5,0.5,0.5,0.5,0.5,0.5,0.5,0.5,0.4994429051876068,0.4993496835231781,0.5,0.4997209310531616,0.5,0.9581762552261353,2.3450472354888916
160,0.3579573631286621,0.3576594889163971,0.5,0.5,0.5,0.5,0.5,0.5,0.5,0.5,0.5,0.5,0.5,0.5,0.5,0.5,0.5,0.5,0.3576594889163971,0.3738498389720917,0.5,0.5,0.5629444122314453,0.4959203004837036,0.35772743821144104,0.6778983473777771,0.8444042205810547,0.9901794195175171,0.48460662364959717,0.5,0.5,0.5,0.5,0.5,0.5,0.5,0.4997194707393646,0.5,0.5,0.5,0.4995352327823639,0.4984171390533447,0.5,0.49972108006477356,0.5,0.9547687768936157,2.1257128715515137

161,0.3576492667198181,0.3585849106311798,0.5,0.5,0.5,0.5,0.5,0.5,0.5,0.5,0.5,0.5,0.5,0.5,0.5,0.5,0.5,0.5,0.3585849106311798,0.3765670955181122,0.5,0.5,0.6018242835998535,0.4988640546798706,0.3620755076408386,0.7131179571151733,0.8517568707466125,0.9891241788864136,0.48466959595680237,0.5,0.5,0.5,0.5,0.5,0.5,0.5,0.49990659952163696,0.5,0.5,0.5,0.49897730350494385,0.49832651019096375,0.5,0.49972179532051086,0.5,0.9509851932525635,2.1986312866210938
162,0.35722655057907104,0.3585149645805359,0.5,0.5,0.5,0.5,0.5,0.5,0.5,0.5,0.5,0.5,0.5,0.5,0.5,0.5,0.5,0.5,0.3585149645805359,0.3755064308643341,0.5,0.5,0.5946022868156433,0.4985716938972473,0.36008739471435547,0.7471288442611694,0.8465703725814819,0.9901754856109619,0.4869324564933777,0.5,0.5,0.5,0.5,0.5,0.5,0.5,0.4999064803123474,0.5,0.5,0.5,0.4990675151348114,0.49860748648643494,0.5,0.4995355010032654,0.5,0.9543713331222534,2.2442679405212402
163,0.3569486141204834,0.3525877892971039,0.5,0.5,0.5,0.5,0.5,0.5,0.5,0.5,0.5,0.5,0.5,0.5,0.5,0.5,0.5,0.5,0.3525877892971039,0.3708072304725647,0.5,0.4999069273471832,0.6103131771087646,0.4952651560306549,0.35558947920799255,0.7183111906051636,0.8421604037284851,0.9879277944564819,0.48547008633613586,0.5,0.5,0.5,0.5,0.5,0.5,0.5,0.49990662932395935,0.5,0.5,0.5,0.49823877215385437,0.4983255863189697,0.5,0.4993489682674408,0.5,0.9523420333862305,2.142759323120117
164,0.35654962062835693,0.3579965829849243,0.5,0.5,0.5,0.5,0.5,0.5,0.5,0.5,0.5,0.5,0.5,0.5,0.5,0.5,0.5,0.5,0.3581081032752991,0.3749539852142334,0.5,0.5,0.5987192988395691,0.49344977736473083,0.3579965829849243,0.7767223119735718,0.8457517623901367,0.9889901280403137,0.4860451817512512,0.5,0.5,0.5,0.5,0.5,0.5,0.5,0.499813437461853,0.5,0.5,0.5,0.49953600764274597,0.4982335567474365,0.5,0.4997211992740631,0.5,0.9596909284591675,2.379516124725342
165,0.35614532232284546,0.35231053829193115,0.5,0.5,0.5,0.5,0.5,0.5,0.5,0.5,0.5,0.5,0.5,0.5,0.5,0.5,0.5,0.5,0.35231053829193115,0.368760347366333,0.5,0.4999066889286041,0.5845296382904053,0.4740346074104309,0.3546522557735443,0.7582910656929016,0.8428516983985901,0.9884563684463501,0.4866325259208679,0.5,0.5,0.5,0.5,0.5,0.5,0.5,0.4996258318424225,0.5,0.5,0.5,0.49925747513771057,0.49851080775260925,0.5,0.4995355010032654,0.5,0.9588526487350464,2.1974377632141113
166,0.3557772934436798,0.35898149013519287,0.5,0.5,0.5,0.5,0.5,0.5,0.5,0.5,0.5,0.5,0.5,0.5,0.5,0.5,0.5,0.5,0.35898149013519287,0.3769131600856781,0.5,0.5,0.598871111869812,0.4743638336658478,0.3634123206138611,0.733465313911438,0.8502562046051025,0.9890995025634766,0.48561355471611023,0.5,0.5,0.5,0.5,0.5,0.5,0.5,0.4995333254337311,0.5,0.5,0.5,0.4986964762210846,0.49757689237594604,0.5,0.4995357394218445,0.5,0.9569253921508789,2.1462395191192627
167,0.3554576337337494,0.35418209433555603,0.5,0.5,0.5,0.5,0.5,0.5,0.5,0.5,0.5,0.5,0.5,0.5,0.5,0.5,0.5,0.5,0.35418209433555603,0.3710628151893616,0.5,0.4999065697193146,0.5846104621887207,0.47001513838768005,0.35581836104393005,0.7611802816390991,0.8442778587341309,0.9890351295471191,0.4869672656059265,0.5,0.5,0.5,0.5,0.5,0.5,0.5,0.49962615966796875,0.5,0.5,0.5,0.498697429895401,0.49693650007247925,0.5,0.49934858083724976,0.5,0.9565374851226807,2.321185350418091
168,0.3550824224948883,0.3582778871059418,0.5,0.5,0.5,0.5,0.5,0.5,0.5,0.5,0.5,0.5,0.5,0.5,0.5,0.5,0.5,0.5,0.3582778871059418,0.37656480073928833,0.5,0.5,0.6057637333869934,0.475533127784729,0.3599543571472168,0.7446653246879578,0.8485394716262817,0.9878724217414856,0.4833745062351227,0.5,0.5,0.5,0.5,0.5,0.5,0.5,0.5234413743019104,0.5,0.5,0.5,0.4992576241493225,0.49786365032196045,0.5,0.49981406331062317,0.5,0.9596921801567078,2.0972633361816406
169,0.35470956563949585,0.3535456359386444,0.5,0.5,0.5,0.5,0.5,0.5,0.5,0.5,0.5,0.5,0.5,0.5,0.5,0.5,0.5,0.5,0.3535456359386444,0.3692208528518677,0.5,0.49972003698349,0.5959434509277344,0.43083080649375916,0.35390475392341614,0.740135669708252,0.8426454067230225,0.9896289110183716,0.4847908616065979,0.5,0.5,0.5,0.5,0.5,0.5,0.5,0.5611861944198608,0.5,0.5,0.5,0.4986967146396637,0.4987024962902069,0.5,0.4996292293071747,0.5,0.9578908681869507,2.2737250328063965
170,0.3544575572013855,0.35468345880508423,0.5,0.5,0.5,0.5,0.5,0.5,0.5,0.5,0.5,0.5,0.5,0.5,0.5,0.5,0.5,0.5,0.35468345880508423,0.37329649925231934,0.5,0.49971890449523926,0.6583559513092041,0.4171586334705353,0.35546058416366577,0.759391725063324,0.8451997637748718,0.9895595908164978,0.48630136251449585,0.5,0.5,0.5,0.5,0.5,0.5,0.5,0.5196163058280945,0.5,0.5,0.5,0.49935004115104675,0.4981392025947571,0.5,0.49962812662124634,0.5,0.9538586139678955,2.200005054473877

171,0.3542676270008087,0.3555822968482971,0.5,0.5,0.5,0.5,0.5,0.5,0.5,0.5,0.5,0.5,0.5,0.5,0.5,0.5,0.5,0.5,0.3555822968482971,0.3734329044818878,0.5,0.49981263279914856,0.6575931906700134,0.41325852274894714,0.3581324815750122,0.7615365386009216,0.8471723198890686,0.988167941570282,0.48573872447013855,0.5,0.5,0.5,0.5,0.5,0.5,0.5,0.4994397759437561,0.5,0.5,0.5,0.4988864064216614,0.49786484241485596,0.5,0.4991629421710968,0.5,0.9507589340209961,2.3771796226501465
172,0.3539290428161621,0.35127636790275574,0.5,0.5,0.5,0.5,0.5,0.5,0.5,0.5,0.5,0.5,0.5,0.5,0.5,0.5,0.5,0.5,0.35127636790275574,0.3690410554409027,0.5,0.4996277093887329,0.6079545617103577,0.41192203760147095,0.35221439599990845,0.7576140761375427,0.842628002166748,0.9871599674224854,0.48272261023521423,0.5,0.5,0.5,0.5,0.4999076724052429,0.5,0.5,0.4990656077861786,0.5,0.5,0.5,0.4995356500148773,0.4973982572555542,0.5,0.4997214078903198,0.5,0.957617998123169,2.711465835571289
173,0.35354238748550415,0.35060858726501465,0.5,0.5,0.5,0.5,0.5,0.5,0.5,0.5,0.5,0.5,0.5,0.5,0.5,0.5,0.5,0.5,0.35189640522003174,0.3680235743522644,0.5,0.4998132586479187,0.6214250922203064,0.39908865094184875,0.35060858726501465,0.7964094877243042,0.8390476107597351,0.9868771433830261,0.4866173267364502,0.5,0.5,0.5,0.5,0.4999077618122101,0.5,0.5,0.5576058626174927,0.5,0.5,0.5,0.49935004115104675,0.49730733036994934,0.5,0.4995355010032654,0.5,0.9593243598937988,2.637284278869629
174,0.3531126379966736,0.34960177540779114,0.5,0.5,0.5,0.5,0.5,0.5,0.5,0.5,0.5,0.5,0.5,0.5,0.5,0.5,0.5,0.5,0.34960177540779114,0.371820867061615,0.5,0.4994395673274994,0.6564515829086304,0.4016832411289215,0.35583871603012085,0.8314869403839111,0.8445497751235962,0.9878350496292114,0.48430705070495605,0.5,0.5,0.5,0.5,0.4999077022075653,0.5,0.5,0.5573462247848511,0.5,0.5,0.5,0.49832403659820557,0.49786680936813354,0.5,0.49888497591018677,0.5,0.9575471878051758,2.3798329830169678
175,0.3527531027793884,0.35587289929389954,0.5,0.5,0.5,0.5,0.5,0.5,0.5,0.5,0.5,0.5,0.5,0.5,0.5,0.5,0.5,0.5,0.35648319125175476,0.37205448746681213,0.5,0.4996250569820404,0.7059702277183533,0.38871949911117554,0.35587289929389954,0.8422088027000427,0.8433998227119446,0.9875190258026123,0.4852014482021332,0.5,0.5,0.5,0.5,0.4999077022075653,0.5,0.5,0.5770263671875,0.5,0.5,0.5,0.49925705790519714,0.4972165524959564,0.5,0.49972161650657654,0.5,0.9565697312355042,2.395341157913208
176,0.35243743658065796,0.3498607277870178,0.5,0.5,0.5,0.5,0.5,0.5,0.5,0.5,0.5,0.5,0.5,0.5,0.5,0.5,0.5,0.5,0.3498607277870178,0.3703942596912384,0.5,0.4993470013141632,0.6620556116104126,0.4071401357650757,0.3546765446662903,0.8163732290267944,0.8458254337310791,0.9876707196235657,0.4785984754562378,0.5,0.5,0.5,0.5,0.49990782141685486,0.5,0.5,0.5370832681655884,0.5,0.5,0.5,0.4975791573524475,0.4973048269748688,0.5,0.498697429895401,0.5,0.9564570188522339,2.3734962940216064
177,0.35223472118377686,0.35572829842567444,0.5,0.5,0.5,0.5,0.5,0.5,0.5,0.5,0.5,0.5,0.5,0.5,0.5,0.5,0.5,0.5,0.35572829842567444,0.37736889719963074,0.5,0.4996255338191986,0.6678239107131958,0.4077025353908539,0.3611111044883728,0.7730981111526489,0.8487730622291565,0.9877352714538574,0.47574663162231445,0.5,0.5,0.5,0.5,0.5,0.5,0.5,0.5225454568862915,0.5,0.5,0.5,0.4985138475894928,0.4968354403972626,0.5,0.49934956431388855,0.5,0.9534563422203064,2.283989906311035
178,0.3519008457660675,0.358530730009079,0.5,0.5,0.5,0.5,0.5,0.5,0.5,0.5,0.5,0.5,0.5,0.5,0.5,0.5,0.5,0.5,0.358530730009079,0.378818541765213,0.49990639090538025,0.4995327889919281,0.6929867267608643,0.4101391136646271,0.3626967668533325,0.8644740581512451,0.8497252464294434,0.9885736107826233,0.47993916273117065,0.5,0.5,0.5,0.5,0.49990779161453247,0.5,0.5,0.5702933073043823,0.5,0.5,0.5,0.4989778995513916,0.49730634689331055,0.5,0.4993489682674408,0.5,0.95543372631073,2.341630458831787
179,0.35168543457984924,0.35611245036125183,0.5,0.5,0.5,0.5,0.5,0.5,0.5,0.5,0.5,0.5,0.5,0.5,0.5,0.5,0.5,0.5,0.35611245036125183,0.3740324378013611,0.5,0.499438613653183,0.6800661087036133,0.39933648705482483,0.3561643958091736,0.8367133140563965,0.8449686169624329,0.9870303273200989,0.46660324931144714,0.5,0.5,0.5,0.5,0.5,0.5,0.5,0.5419811010360718,0.5,0.5,0.5,0.49841830134391785,0.49665677547454834,0.5,0.499071329832077,0.5,0.9532611966133118,2.0752153396606445
180,0.351266086101532,0.3556605577468872,0.5,0.5,0.5,0.5,0.5,0.5,0.5,0.5,0.5,0.5,0.5,0.5,0.5,0.5,0.5,0.5,0.3556605577468872,0.372354120016098,0.49990659952163696,0.4997194707393646,0.6945399641990662,0.4061313569545746,0.35708877444267273,0.8611441254615784,0.8441917896270752,0.9881994724273682,0.4412495195865631,0.5,0.5,0.5,0.5,0.5,0.5,0.5,0.5603692531585693,0.5,0.5,0.5,0.49925610423088074,0.4960029721260071,0.5,0.4998140335083008,0.5,0.9550434947013855,2.011918306350708

181,0.3509088158607483,0.3588082790374756,0.5,0.5,0.5,0.5,0.5,0.5,0.5,0.5,0.5,0.5,0.5,0.5,0.5,0.5,0.5,0.5,0.3588082790374756,0.3779701590538025,0.5,0.4997195601463318,0.7200456857681274,0.401843398809433,0.3597712218761444,0.8437068462371826,0.8498865365982056,0.988802433013916,0.4070923328399658,0.5,0.5,0.5,0.5,0.5,0.5,0.5,0.5358685255050659,0.5,0.5,0.5,0.49916526675224304,0.4961768090724945,0.5,0.49962756037712097,0.5,0.9548773169517517,2.3433966636657715
182,0.35073167085647583,0.3562760651111603,0.5,0.5,0.5,0.5,0.5,0.5,0.5,0.5,0.5,0.5,0.4999077320098877,0.5,0.5,0.5,0.5,0.5,0.35663947463035583,0.37523019313812256,0.4998124837875366,0.4994392395019531,0.7347128391265869,0.4032319486141205,0.3562760651111603,0.8384250402450562,0.845758855342865,0.9889880418777466,0.41331180930137634,0.5,0.5,0.5,0.5,0.4998152256011963,0.5,0.5,0.5468670725822449,0.5,0.5,0.5,0.49897730350494385,0.49637478590011597,0.5,0.4993487298488617,0.5,0.9539159536361694,2.3869497776031494
183,0.3504009246826172,0.3541010916233063,0.5,0.5,0.5,0.5,0.5,0.5,0.5,0.5,0.5,0.5,0.5,0.5,0.5,0.5,0.5,0.5,0.3541010916233063,0.3735727369785309,0.49990665912628174,0.499345064163208,0.6749268770217896,0.37891221046447754,0.3541230261325836,0.8295320272445679,0.8443620204925537,0.9874429106712341,0.44933459162712097,0.5,0.5,0.5,0.5,0.4996310770511627,0.5,0.5,0.5295965075492859,0.5,0.5,0.5,0.49851107597351074,0.4952681362628937,0.5,0.4995356500148773,0.5,0.9554146528244019,2.208846092224121
184,0.3500053286552429,0.34713494777679443,0.5,0.5,0.5,0.5,0.5,0.5,0.5,0.5,0.5,0.5,0.5,0.5,0.5,0.5,0.5,0.5,0.34713494777679443,0.3703464865684509,0.5,0.49944040179252625,0.7437971830368042,0.37364208698272705,0.3502851724624634,0.8596488237380981,0.8393635153770447,0.9868946075439453,0.454914927482605,0.5,0.5,0.5,0.5,0.49972328543663025,0.5,0.5,0.5691092014312744,0.5,0.5,0.5,0.49805015325546265,0.49692851305007935,0.5,0.4995359182357788,0.5,0.961006760597229,2.094942331314087
185,0.34963467717170715,0.35669320821762085,0.5,0.5,0.5,0.5,0.5,0.5,0.5,0.5,0.5,0.5,0.5,0.5,0.5,0.5,0.5,0.5,0.35669320821762085,0.3734573721885681,0.5,0.49934688210487366,0.7236521244049072,0.3798360824584961,0.35691288113594055,0.8808614015579224,0.8414796590805054,0.9877236485481262,0.46507877111434937,0.5,0.5,0.5,0.5,0.499907910823822,0.5,0.5,0.5454205870628357,0.5,0.5,0.5,0.49860256910324097,0.4960966408252716,0.5,0.4994431138038635,0.5,0.9585483074188232,2.673067331314087
186,0.34926486015319824,0.35168707370758057,0.5,0.5,0.5,0.5,0.5,0.5,0.5,0.5,0.5,0.5,0.49990779161453247,0.5,0.5,0.5,0.5,0.5,0.35168707370758057,0.3716154098510742,0.5,0.4997203052043915,0.7468487024307251,0.37860122323036194,0.35440030694007874,0.866615891456604,0.8457688093185425,0.9867719411849976,0.4365139603614807,0.5,0.5,0.5,0.5,0.4999077022075653,0.5,0.5,0.5302855968475342,0.5,0.5,0.5,0.4982338845729828,0.4963815212249756,0.5,0.49953532218933105,0.5,0.9613970518112183,2.251495361328125
187,0.3489944040775299,0.3506481349468231,0.5,0.5,0.5,0.5,0.5,0.5,0.5,0.5,0.5,0.5,0.5,0.5,0.5,0.5,0.5,0.5,0.3506481349468231,0.3711995482444763,0.5,0.49971893429756165,0.7340490221977234,0.3920068144798279,0.35579127073287964,0.9369288682937622,0.8463586568832397,0.987313985824585,0.44706887006759644,0.5,0.5,0.5,0.5,0.5,0.5,0.5,0.5440467596054077,0.5,0.5,0.5,0.49814265966415405,0.4974001944065094,0.5,0.4993501603603363,0.5,0.9558882713317871,2.1152243614196777
188,0.3487511873245239,0.3547491133213043,0.5,0.5,0.5,0.5,0.5,0.5,0.5,0.5,0.5,0.5,0.5,0.5,0.5,0.5,0.5,0.5,0.3547491133213043,0.37518396973609924,0.5,0.4992507994174957,0.7633830308914185,0.39163967967033386,0.3589329719543457,0.9115737080574036,0.8486116528511047,0.9877562522888184,0.4332188367843628,0.5,0.5,0.5,0.5,0.49972325563430786,0.5,0.5,0.5681601166725159,0.5,0.5,0.5,0.49822959303855896,0.49647822976112366,0.5,0.4992552697658539,0.5,0.9538114666938782,2.107961654663086
189,0.34843572974205017,0.3494076132774353,0.5,0.5,0.5,0.5,0.5,0.5,0.5,0.5,0.5,0.5,0.5,0.5,0.5,0.5,0.5,0.5,0.3494076132774353,0.37016573548316956,0.4997198283672333,0.4994403123855591,0.769824206829071,0.3744296431541443,0.35113054513931274,0.9472732543945312,0.8402434587478638,0.9842647314071655,0.41869300603866577,0.5,0.5,0.5,0.5,0.4995386600494385,0.5,0.5,0.5811718106269836,0.5,0.5,0.5,0.49842095375061035,0.49665552377700806,0.5,0.49935075640678406,0.5,0.9561923146247864,2.08780837059021
190,0.3481617569923401,0.3537849485874176,0.5,0.5,0.5,0.5,0.5,0.5,0.5,0.5,0.5,0.5,0.5,0.5,0.5,0.5,0.5,0.5,0.3537849485874176,0.3731343150138855,0.49990639090538025,0.49813222885131836,0.7295438051223755,0.37898027896881104,0.35479241609573364,0.9140968322753906,0.8458689451217651,0.9863065481185913,0.404558390378952,0.5,0.5,0.5,0.5,0.49880051612854004,0.5,0.5,0.5398693084716797,0.5,0.5,0.5,0.49749210476875305,0.49637749791145325,0.5,0.498416543006897,0.5,0.9537750482559204,2.092510938644409

191,0.34790730476379395,0.3611163794994354,0.5,0.5,0.5,0.5,0.5,0.5,0.5,0.5,0.5,0.5,0.5,0.5,0.5,0.5,0.5,0.5,0.36250925064086914,0.37928175926208496,0.5,0.4992506504058838,0.7824461460113525,0.38548600673675537,0.3611163794994354,0.9063893556594849,0.850151777267456,0.9822688102722168,0.3923003673553467,0.5,0.5,0.5,0.5,0.4997234642505646,0.5,0.5,0.5442470908164978,0.5,0.5,0.5,0.498515784740448,0.49489036202430725,0.5,0.4992572069168091,0.5,0.9511589407920837,2.0640432834625244
192,0.34755954146385193,0.35115084052085876,0.5,0.5,0.5,0.5,0.5,0.5,0.5,0.5,0.5,0.5,0.49981561303138733,0.5,0.5,0.5,0.5,0.5,0.3553749620914459,0.37081030011177063,0.49943777918815613,0.49924996495246887,0.8020825386047363,0.3764002323150635,0.35115084052085876,0.9547785520553589,0.8424190878868103,0.9856817722320557,0.41527673602104187,0.5,0.5,0.5,0.5,0.4997229278087616,0.5,0.5,0.5462927222251892,0.5,0.5,0.5,0.49860334396362305,0.4940432012081146,0.5,0.4994429051876068,0.5,0.9563252925872803,2.242983818054199
193,0.34720131754875183,0.3462490439414978,0.5,0.5,0.5,0.5,0.5,0.5,0.5,0.5,0.5,0.5,0.4999077618122101,0.5,0.5,0.5,0.5,0.5,0.3500092625617981,0.3666421175003052,0.4998130798339844,0.4994399845600128,0.8332483768463135,0.3687748610973358,0.3462490439414978,0.9336788654327393,0.8374384641647339,0.9854313135147095,0.3988286554813385,0.5,0.5,0.5,0.5,0.4998154938220978,0.5,0.5,0.5437312126159668,0.5,0.5,0.5,0.4983249604701996,0.4948846697807312,0.5,0.4994417428970337,0.5,0.9580649137496948,2.7099826335906982
194,0.3469448685646057,0.35471877455711365,0.5,0.5,0.5,0.5,0.5,0.5,0.5,0.5,0.5,0.5,0.49972325563430786,0.5,0.5,0.5,0.5,0.5,0.3586091995239258,0.37384897470474243,0.49990612268447876,0.4991599917411804,0.7653571367263794,0.37602049112319946,0.35471877455711365,0.9654768705368042,0.847024142742157,0.9717395305633545,0.3928232491016388,0.5,0.5,0.5,0.5,0.49953916668891907,0.5,0.5,0.5413737893104553,0.5,0.5,0.5,0.4982302486896515,0.49359211325645447,0.5,0.4990675151348114,0.5,0.9504762887954712,2.2029268741607666
195,0.3466368615627289,0.3544279634952545,0.5,0.5,0.5,0.5,0.5,0.5,0.5,0.5,0.5,0.5,0.5,0.5,0.5,0.5,0.5,0.5,0.35531678795814514,0.3731590509414673,0.4999062716960907,0.49953392148017883,0.7658345699310303,0.3755930960178375,0.3544279634952545,0.9556175470352173,0.8467972278594971,0.9718791246414185,0.37064534425735474,0.5,0.5,0.5,0.5,0.5,0.5,0.5,0.5527741312980652,0.5,0.5,0.5,0.4985138475894928,0.49489131569862366,0.5,0.49925512075424194,0.5,0.955100417137146,2.094444751739502
196,0.34629109501838684,0.3531973958015442,0.5,0.5,0.5,0.5,0.5,0.4999077022075653,0.5,0.5,0.5,0.5,0.4997231960296631,0.5,0.5,0.5,0.5,0.5,0.3531973958015442,0.3708755671977997,0.4995327889919281,0.49962615966796875,0.831886351108551,0.3726048171520233,0.35428136587142944,0.9673769474029541,0.8442670106887817,0.9763891696929932,0.37097078561782837,0.5,0.5,0.5,0.5,0.4998154640197754,0.5,0.5,0.5584454536437988,0.5,0.5,0.5,0.4987916052341461,0.4951735734939575,0.5,0.49925288558006287,0.5,0.955933690071106,2.103269338607788
197,0.3458843231201172,0.34585490822792053,0.5,0.5,0.5,0.5,0.5,0.5,0.5,0.5,0.5,0.5,0.5,0.5,0.5,0.5,0.5,0.5,0.34585490822792053,0.36413946747779846,0.49981263279914856,0.49915966391563416,0.775038480758667,0.3657679855823517,0.34729626774787903,0.9035980701446533,0.837716817855835,0.9731531143188477,0.36253318190574646,0.5,0.5,0.5,0.5,0.49981552362442017,0.5,0.5,0.5926953554153442,0.5,0.5,0.5,0.49832621216773987,0.4939703047275543,0.5,0.4986950159072876,0.5,0.9594594240188599,2.1135292053222656
198,0.3455873727798462,0.35026687383651733,0.5,0.5,0.5,0.5,0.5,0.5,0.5,0.5,0.5,0.5,0.49990788102149963,0.5,0.5,0.5,0.5,0.5,0.3511761426925659,0.36703500151634216,0.49962589144706726,0.49906209111213684,0.7449548244476318,0.3669838309288025,0.35026687383651733,0.9705421924591064,0.8412488102912903,0.9655369520187378,0.3727496564388275,0.5,0.5,0.5,0.5,0.4997234642505646,0.5,0.5,0.5936174392700195,0.5,0.5,0.5,0.4977678656578064,0.4958108365535736,0.5,0.4989778995513916,0.5,0.9553113579750061,2.0250582695007324
199,0.34528642892837524,0.3537805676460266,0.5,0.5,0.5,0.5,0.5,0.5,0.5,0.5,0.5,0.5,0.5,0.5,0.5,0.5,0.5,0.5,0.3537805676460266,0.371433824300766,0.5,0.4990673363208771,0.8440003395080566,0.36925727128982544,0.35418644547462463,0.9686547517776489,0.8473614454269409,0.9710062742233276,0.3723626732826233,0.5,0.5,0.5,0.5,0.49953916668891907,0.5,0.5,0.5584088563919067,0.5,0.5,0.5,0.4982345402240753,0.4953635036945343,0.5,0.49888497591018677,0.5,0.9576743841171265,1.9924650192260742
200,0.3449555039405823,0.35483869910240173,0.5,0.5,0.5,0.5,0.5,0.5,0.5,0.5,0.5,0.5,0.49981552362442017,0.5,0.5,0.5,0.5,0.5,0.35483869910240173,0.3756448030471802,0.4994390308856964,0.49868521094322205,0.8547496795654297,0.3714908957481384,0.35672125220298767,0.9073033332824707,0.8474366664886475,0.9730038046836853,0.3599466383457184,0.5,0.5,0.5,0.5,0.4996306598186493,0.5,0.5,0.5627633333206177,0.5,0.5,0.5,0.49832743406295776,0.49460363388061523,0.5,0.4989759922027588,0.5,0.9579086303710938,2.058121681213379

201,0.3446390628814697,0.3545370399951935,0.5,0.5,0.5,0.5,0.5,0.5,0.5,0.5,0.5,0.5,0.4996313452720642,0.5,0.5,0.5,0.5,0.5,0.3545370399951935,0.37232866883277893,0.4992507994174957,0.4993430972099304,0.8424089550971985,0.37064865231513977,0.3561669886112213,0.9428809285163879,0.8451403379440308,0.9687796831130981,0.3595377802848816,0.5,0.5,0.5,0.5,0.49990785121917725,0.5,0.5,0.5364794135093689,0.5,0.5,0.5,0.4986049234867096,0.49432241916656494,0.49990689754486084,0.4992564916610718,0.5,0.9562759399414062,2.0178463459014893
202,0.3443278968334198,0.3501201272010803,0.5,0.5,0.5,0.5,0.5,0.5,0.5,0.5,0.5,0.5,0.5,0.5,0.5,0.5,0.5,0.5,0.3501201272010803,0.36696740984916687,0.4994399845600128,0.4987843632698059,0.8270315527915955,0.3664129376411438,0.35226625204086304,0.9647058248519897,0.8409393429756165,0.9509692192077637,0.3560533821582794,0.5,0.5,0.5,0.5,0.49963119626045227,0.5,0.5,0.6170530915260315,0.5,0.5,0.5,0.4981423020362854,0.49414172768592834,0.49981406331062317,0.49916231632232666,0.5,0.9600145816802979,2.111370325088501
203,0.34408700466156006,0.35340508818626404,0.5,0.5,0.5,0.5,0.5,0.5,0.5,0.5,0.5,0.5,0.5,0.5,0.5,0.5,0.5,0.5,0.35340508818626404,0.3721936047077179,0.49990659952163696,0.49859604239463806,0.8520805835723877,0.36948248744010925,0.3548080623149872,0.9686992168426514,0.8437856435775757,0.9445395469665527,0.36175858974456787,0.5,0.5,0.5,0.5,0.49926117062568665,0.5,0.5,0.6105706691741943,0.5,0.5,0.5,0.497860848903656,0.49452081322669983,0.49990686774253845,0.4990728795528412,0.5,0.9558200836181641,2.0473456382751465
204,0.34399402141571045,0.3523906469345093,0.5,0.5,0.5,0.5,0.5,0.5,0.5,0.5,0.5,0.5,0.5,0.5,0.5,0.5,0.5,0.5,0.3523906469345093,0.37260502576828003,0.49953246116638184,0.49887996912002563,0.8540402054786682,0.3696024417877197,0.35520318150520325,0.957959771156311,0.8440523743629456,0.9405534267425537,0.37244510650634766,0.5,0.5,0.5,0.5,0.49953892827033997,0.5,0.5,0.583267331123352,0.5,0.5,0.5,0.4977720081806183,0.4933110475540161,0.5,0.4991629421710968,0.5,0.9476240873336792,1.988462209701538
205,0.3436743915081024,0.3561897575855255,0.5,0.5,0.5,0.5,0.5,0.5,0.5,0.5,0.5,0.5,0.4999077618122101,0.5,0.5,0.5,0.5,0.4999076724052429,0.3561897575855255,0.3738257586956024,0.49943915009498596,0.49915841221809387,0.839503824710846,0.3694079518318176,0.35653409361839294,0.9259530305862427,0.8454735279083252,0.9297307729721069,0.36613425612449646,0.5,0.5,0.5,0.5,0.49953898787498474,0.5,0.5,0.5618005990982056,0.5,0.5,0.5,0.4985099732875824,0.4935004711151123,0.4999070167541504,0.4993496835231781,0.5,0.9582865834236145,2.125852108001709
206,0.34343528747558594,0.3556462228298187,0.5,0.5,0.5,0.5,0.5,0.499815434217453,0.5,0.5,0.5,0.5,0.4998154640197754,0.5,0.5,0.5,0.5,0.5,0.3556462228298187,0.3727205693721771,0.49953165650367737,0.4991595149040222,0.8560189604759216,0.37023264169692993,0.35617998242378235,0.9693940877914429,0.8487625122070312,0.9343128204345703,0.3582146167755127,0.5,0.5,0.5,0.5,0.4993540048599243,0.5,0.5,0.5936876535415649,0.5,0.5,0.5,0.4981454014778137,0.4930323362350464,0.5,0.49888288974761963,0.5,0.9534873962402344,2.099151849746704
207,0.3432163894176483,0.3468668758869171,0.5,0.5,0.5,0.5,0.5,0.4999077022075653,0.5,0.5,0.5,0.5,0.4999076724052429,0.5,0.5,0.5,0.5,0.5,0.3468668758869171,0.3682370185852051,0.49953359365463257,0.49765610694885254,0.8483380675315857,0.3659784197807312,0.3520030379295349,0.9812000393867493,0.8414075970649719,0.9454132318496704,0.3565581440925598,0.5,0.5,0.5,0.5,0.4987998604774475,0.5,0.5,0.6382820010185242,0.5,0.5,0.5,0.4976752698421478,0.4947945773601532,0.5,0.4986059367656708,0.5,0.9525068998336792,2.19339919090271
208,0.342939168214798,0.3500555455684662,0.5,0.5,0.5,0.5,0.5,0.5,0.5,0.5,0.5,0.5,0.49972298741340637,0.5,0.5,0.5,0.5,0.5,0.3500555455684662,0.3704625070095062,0.4998133182525635,0.49813327193260193,0.8482890129089355,0.36636778712272644,0.3510819971561432,0.9847036600112915,0.8416808843612671,0.9272554516792297,0.36339572072029114,0.5,0.5,0.5,0.5,0.49926185607910156,0.5,0.5,0.6093126535415649,0.5,0.5,0.5,0.4984215497970581,0.49245530366897583,0.499721497297287,0.49888455867767334,0.5,0.9554450511932373,2.1200387477874756
209,0.3427267074584961,0.35332342982292175,0.5,0.5,0.5,0.5,0.5,0.5,0.5,0.5,0.5,0.5,0.4995386600494385,0.5,0.5,0.5,0.5,0.5,0.35332342982292175,0.3734118938446045,0.4997197389602661,0.4988793432712555,0.8541548252105713,0.3682600259780884,0.3566800057888031,0.9857197403907776,0.8486404418945312,0.9197707772254944,0.3614228665828705,0.5,0.5,0.5,0.5,0.49935436248779297,0.5,0.5,0.588882327079773,0.5,0.5,0.5,0.4985141158103943,0.4937847852706909,0.5,0.49907150864601135,0.5,0.9525267481803894,2.106154441833496
210,0.3425913453102112,0.3512130379676819,0.5,0.5,0.5,0.5,0.5,0.5,0.5,0.5,0.5,0.5,0.4996310770511627,0.5,0.5,0.5,0.5,0.5,0.35213610529899597,0.3692208528518677,0.4995323717594147,0.49794355034828186,0.8513127565383911,0.3651653230190277,0.3512130379676819,0.9814550876617432,0.8417396545410156,0.9027566909790039,0.35296353697776794,0.5,0.5,0.5,0.5,0.4989861845970154,0.5,0.5,0.5925160646438599,0.5,0.5,0.5,0.4977720081806183,0.49265798926353455,0.5,0.49823254346847534,0.5,0.9498426914215088,2.1023993492126465

211,0.34238916635513306,0.3493049144744873,0.5,0.5,0.5,0.5,0.5,0.5,0.5,0.5,0.5,0.5,0.4994470179080963,0.5,0.5,0.5,0.5,0.5,0.3493049144744873,0.36924493312835693,0.4988795518875122,0.49803590774536133,0.8487818837165833,0.36619850993156433,0.35093051195144653,0.977426290512085,0.8424891233444214,0.9057267904281616,0.3502374291419983,0.5,0.5,0.5,0.5,0.49889442324638367,0.5,0.5,0.5947826504707336,0.5,0.5,0.5,0.49749118089675903,0.4909784197807312,0.5,0.4984174370765686,0.5,0.9533928632736206,2.1531982421875
212,0.3420543968677521,0.3507712185382843,0.5,0.5,0.5,0.5,0.5,0.5,0.5,0.5,0.5,0.5,0.49990788102149963,0.5,0.5,0.5,0.5,0.49990764260292053,0.3507712185382843,0.36972934007644653,0.49971920251846313,0.4986935555934906,0.8520912528038025,0.36696377396583557,0.3537575602531433,0.9637093544006348,0.846542239189148,0.8998664617538452,0.35531550645828247,0.5,0.5,0.5,0.5,0.4995386600494385,0.5,0.5,0.6213488578796387,0.5,0.5,0.5,0.49795272946357727,0.4917956292629242,0.49981391429901123,0.49907010793685913,0.5,0.9586795568466187,2.058328151702881
213,0.3417961299419403,0.3479588031768799,0.5,0.5,0.5,0.5,0.5,0.4998152554035187,0.5,0.5,0.5,0.5,0.49972355365753174,0.5,0.5,0.5,0.5,0.5,0.3480673134326935,0.3673788905143738,0.4989752173423767,0.4992523491382599,0.8473982810974121,0.36180952191352844,0.34867173433303833,0.9762592911720276,0.8402698636054993,0.8838808536529541,0.3479588031768799,0.5,0.5,0.5,0.5,0.4997231960296631,0.5,0.5,0.5966655015945435,0.5,0.5,0.5,0.49832525849342346,0.4898529052734375,0.49981456995010376,0.49925747513771057,0.5,0.9548020958900452,2.1846680641174316
214,0.3415808081626892,0.3472301661968231,0.5,0.5,0.5,0.5,0.5,0.4998154640197754,0.5,0.5,0.5,0.5,0.49990779161453247,0.5,0.5,0.5,0.5,0.5,0.3518141508102417,0.3679071366786957,0.4997197687625885,0.4988776743412018,0.8485512733459473,0.36492621898651123,0.3472301661968231,0.9659338593482971,0.8388656973838806,0.8897824287414551,0.34817853569984436,0.5,0.5,0.5,0.5,0.4994470179080963,0.5,0.5,0.6058343648910522,0.5,0.5,0.5,0.4981423020362854,0.4904292821884155,0.5,0.4994421601295471,0.5,0.9540124535560608,2.035435199737549
215,0.341377317905426,0.34703195095062256,0.5,0.5,0.5,0.5,0.5,0.5,0.5,0.5,0.5,0.5,0.5,0.5,0.5,0.5,0.5,0.5,0.3511090576648712,0.3660960793495178,0.49981310963630676,0.49859628081321716,0.8468279838562012,0.3623739778995514,0.3496583104133606,0.9642430543899536,0.8400644659996033,0.8896400928497314,0.34703195095062256,0.5,0.5,0.5,0.5,0.49953728914260864,0.5,0.5,0.6434047818183899,0.5,0.5,0.5,0.498416543006897,0.4931124448776245,0.49990710616111755,0.4993487298488617,0.5,0.9526229500770569,2.0037178993225098
216,0.3411221206188202,0.3488823175430298,0.5,0.5,0.5,0.5,0.5,0.5,0.5,0.5,0.5,0.5,0.4999077022075653,0.5,0.5,0.5,0.5,0.5,0.3488823175430298,0.36617511510849,0.49981310963630676,0.49794045090675354,0.8490781188011169,0.36398249864578247,0.35113054513931274,0.9831171035766602,0.8413498401641846,0.8831403255462646,0.3503130376338959,0.5,0.5,0.5,0.5,0.49870896339416504,0.5,0.5,0.5652152895927429,0.5,0.5,0.5,0.4972067177295685,0.4912671744823456,0.49990686774253845,0.4986077547073364,0.5,0.9533114433288574,2.047851800918579
217,0.34085193276405334,0.35027655959129333,0.5,0.5,0.5,0.5,0.5,0.4998152554035187,0.5,0.5,0.5,0.5,0.49944567680358887,0.5,0.5,0.5,0.5,0.5,0.3533618152141571,0.37023743987083435,0.4997202157974243,0.498033344745636,0.8494879007339478,0.3671415150165558,0.35027655959129333,0.9837235808372498,0.84388667345047,0.8802320957183838,0.35511094331741333,0.5,0.5,0.5,0.5,0.49916958808898926,0.5,0.5,0.5901910662651062,0.5,0.5,0.5,0.4975818395614624,0.4926456809043884,0.49990689754486084,0.4987907111644745,0.5,0.9551268815994263,2.092245578765869
218,0.3406117260456085,0.35523879528045654,0.5,0.5,0.5,0.5,0.5,0.4993535280227661,0.5,0.5,0.5,0.5,0.4992615878582001,0.5,0.5,0.5,0.5,0.5,0.35523879528045654,0.374355673789978,0.49915745854377747,0.4986928105354309,0.8511064052581787,0.3708791136741638,0.3560333251953125,0.9846270680427551,0.8445378541946411,0.8837827444076538,0.3571834862232208,0.5,0.5,0.5,0.5,0.4991689622402191,0.5,0.5,0.6409834623336792,0.5,0.5,0.5,0.49758318066596985,0.49174702167510986,0.4996279180049896,0.4990716576576233,0.5,0.9548078775405884,2.127398729324341
219,0.340323269367218,0.3474962115287781,0.5,0.5,0.5,0.5,0.5,0.4998154938220978,0.5,0.5,0.5,0.5,0.4998156726360321,0.5,0.5,0.5,0.5,0.5,0.3494444489479065,0.3649769723415375,0.4997209906578064,0.4983111321926117,0.84647536277771,0.3588302433490753,0.3474962115287781,0.9833333492279053,0.8387280702590942,0.8795294761657715,0.3476978838443756,0.5,0.5,0.5,0.5,0.4988003075122833,0.5,0.5,0.6121530532836914,0.5,0.5,0.5,0.4978576898574829,0.4933147728443146,0.4999071955680847,0.498979777097702,0.5,0.9546260833740234,2.051988124847412
220,0.34005269408226013,0.3470391631126404,0.5,0.5,0.5,0.5,0.5,0.49981531500816345,0.5,0.5,0.5,0.5,0.49953925609588623,0.5,0.5,0.5,0.5,0.5,0.3470391631126404,0.3625898063182831,0.49990659952163696,0.4982213079929352,0.8443431854248047,0.3599277436733246,0.3483443856239319,0.9876025319099426,0.837830126285553,0.8721239566802979,0.34943073987960815,0.5,0.5,0.5,0.5,0.49889299273490906,0.5,0.5,0.6021724343299866,0.5,0.5,0.5,0.4984215497970581,0.4932093024253845,0.49972063302993774,0.49925968050956726,0.5,0.9553855657577515,2.0498764514923096

221,0.3398174047470093,0.345978319644928,0.5,0.5,0.5,0.5,0.5,0.4998154044151306,0.5,0.5,0.5,0.5,0.4999077022075653,0.5,0.5,0.5,0.5,0.5,0.3485185205936432,0.3655439019203186,0.4998133182525635,0.4982282817363739,0.8457748889923096,0.36038345098495483,0.3493827283382416,0.9825094938278198,0.8395366668701172,0.868070125579834,0.345978319644928,0.5,0.5,0.5,0.5,0.4990781843662262,0.5,0.5,0.588141918182373,0.5,0.5,0.5,0.49776992201805115,0.49200743436813354,0.49934908747673035,0.4994429051876068,0.5,0.955653190612793,2.0545008182525635
222,0.339603066444397,0.34804946184158325,0.5,0.5,0.5,0.5,0.5,0.49944740533828735,0.5,0.5,0.5,0.5,0.49926117062568665,0.5,0.5,0.5,0.5,0.5,0.34886953234672546,0.3648349642753601,0.4995327889919281,0.4984121024608612,0.8459634780883789,0.3619573414325714,0.34804946184158325,0.9857115745544434,0.8392925262451172,0.8690047264099121,0.3494572341442108,0.5,0.5,0.5,0.5,0.49879875779151917,0.5,0.5,0.5590590238571167,0.5,0.5,0.5,0.4982365071773529,0.4924846887588501,0.4996284544467926,0.49878934025764465,0.5,0.9551258683204651,2.0525643825531006
223,0.33934286236763,0.35304728150367737,0.5,0.5,0.5,0.5,0.5,0.4999077618122101,0.5,0.5,0.5,0.5,0.4993544816970825,0.5,0.5,0.5,0.5,0.5,0.3576723635196686,0.36990970373153687,0.4992517828941345,0.4987809360027313,0.8526055812835693,0.36759382486343384,0.35548582673072815,0.9837452173233032,0.8460732102394104,0.8755707740783691,0.35304728150367737,0.5,0.5,0.5,0.5,0.49898597598075867,0.5,0.5,0.6053932309150696,0.5,0.5,0.5,0.49804723262786865,0.4912378787994385,0.49990731477737427,0.49888765811920166,0.5,0.9558659195899963,2.071565628051758
224,0.3391696810722351,0.35077187418937683,0.5,0.5,0.5,0.5,0.5,0.4999076724052429,0.5,0.5,0.5,0.5,0.49926117062568665,0.5,0.5,0.5,0.5,0.4999077320098877,0.3516463041305542,0.366378515958786,0.49962735176086426,0.4980403184890747,0.8487995862960815,0.3657819926738739,0.35476696491241455,0.9849265813827515,0.8411775827407837,0.8732447624206543,0.35077187418937683,0.5,0.5,0.5,0.5,0.4988000690937042,0.5,0.5,0.6220474243164062,0.5,0.5,0.49990689754486084,0.49730783700942993,0.49120044708251953,0.4999072551727295,0.4987911581993103,0.5,0.9523633718490601,2.0838003158569336
225,0.33890604972839355,0.345992773771286,0.5,0.5,0.5,0.5,0.5,0.49963071942329407,0.5,0.5,0.5,0.5,0.4991694390773773,0.5,0.5,0.5,0.5,0.4999077618122101,0.3504447638988495,0.3651685416698456,0.4993458092212677,0.49803444743156433,0.8450664281845093,0.3622584342956543,0.3599148988723755,0.9842886924743652,0.8394312858581543,0.8686311841011047,0.345992773771286,0.5,0.5,0.5,0.5,0.4991694390773773,0.5,0.5,0.585057258605957,0.5,0.5,0.49990689754486084,0.49832525849342346,0.49238768219947815,0.4998142719268799,0.49916326999664307,0.5,0.9575853943824768,2.058962821960449
226,0.3386305272579193,0.34769347310066223,0.5,0.5,0.5,0.5,0.5,0.49981561303138733,0.5,0.5,0.5,0.5,0.4996309280395508,0.5,0.5,0.5,0.5,0.5,0.3551073372364044,0.37025782465934753,0.4994393587112427,0.498506635427475,0.8533155918121338,0.36809641122817993,0.3598029315471649,0.9829685688018799,0.848476231098175,0.8706666231155396,0.34769347310066223,0.5,0.5,0.5,0.5,0.4986162483692169,0.5,0.5,0.5911630392074585,0.5,0.5,0.5,0.4973987340927124,0.4923848509788513,0.49981391429901123,0.49841535091400146,0.5,0.95906662940979,2.000002145767212
227,0.3384239971637726,0.349142849445343,0.5,0.5,0.5,0.5,0.5,0.49963098764419556,0.5,0.5,0.5,0.5,0.49944689869880676,0.5,0.5,0.5,0.5,0.5,0.35451847314834595,0.37029868364334106,0.49953314661979675,0.49897369742393494,0.8517812490463257,0.367339164018631,0.36306342482566833,0.9837235808372498,0.8457527160644531,0.8651942014694214,0.349142849445343,0.5,0.5,0.5,0.5,0.4992615878582001,0.5,0.5,0.5959404706954956,0.5,0.5,0.5,0.4984203577041626,0.4929381012916565,0.49990713596343994,0.49897730350494385,0.5,0.9541728496551514,2.1423144340515137
228,0.3381154239177704,0.34517717361450195,0.5,0.5,0.5,0.5,0.5,0.4999077320098877,0.5,0.5,0.5,0.5,0.4996316134929657,0.5,0.5,0.5,0.5,0.5,0.3468668758869171,0.3614535331726074,0.4995322823524475,0.4986947476863861,0.8456942439079285,0.35772979259490967,0.36690768599510193,0.9832221269607544,0.8382828831672668,0.8628619909286499,0.34517717361450195,0.5,0.5,0.5,0.5,0.4992617070674896,0.5,0.5,0.5788772106170654,0.5,0.5,0.499906986951828,0.4979550242424011,0.4904417097568512,0.4994421601295471,0.4989721477031708,0.5,0.960109293460846,2.188364028930664
229,0.33787697553634644,0.35373079776763916,0.5,0.5,0.5,0.5,0.5,0.4991689622402191,0.5,0.5,0.5,0.5,0.49926185607910156,0.5,0.5,0.5,0.5,0.5,0.35373079776763916,0.37221506237983704,0.49897119402885437,0.49738219380378723,0.8548142910003662,0.36890071630477905,0.38419267535209656,0.9834123253822327,0.8463512063026428,0.8669768571853638,0.35437262058258057,0.5,0.5,0.5,0.5,0.49815258383750916,0.5,0.5,0.5865263938903809,0.5,0.5,0.5,0.4969273805618286,0.4910597801208496,0.4994417428970337,0.4981416165828705,0.5,0.9576330184936523,2.134033441543579
230,0.33764204382896423,0.34962907433509827,0.5,0.5,0.5,0.5,0.5,0.49963071942329407,0.5,0.5,0.5,0.5,0.49963119626045227,0.5,0.5,0.5,0.5,0.5,0.35052788257598877,0.36682629585266113,0.4998133182525635,0.4986023008823395,0.8513538837432861,0.36362767219543457,0.351092129945755,0.9856327176094055,0.8414517641067505,0.8628848791122437,0.34962907433509827,0.5,0.5,0.5,0.5,0.49889400601387024,0.5,0.5,0.619469940662384,0.5,0.5,0.5,0.49767786264419556,0.4910697638988495,0.49907010793685913,0.4986093044281006,0.5,0.9567002654075623,2.134730339050293

231,0.3374394178390503,0.3509971499443054,0.5,0.5,0.5,0.5,0.5,0.4994458854198456,0.5,0.5,0.5,0.5,0.4991694390773773,0.5,0.5,0.5,0.5,0.5,0.35338762402534485,0.36871200799942017,0.4987841248512268,0.499345064163208,0.8505692481994629,0.3646051287651062,0.3529914617538452,0.9839261770248413,0.8444317579269409,0.8654393553733826,0.3509971499443054,0.5,0.5,0.5,0.5,0.49926143884658813,0.5,0.5,0.6008403897285461,0.5,0.5,0.5,0.4987010657787323,0.49059590697288513,0.4997214078903198,0.49934956431388855,0.5,0.9558985233306885,2.2668724060058594
232,0.33723384141921997,0.3493918776512146,0.5,0.5,0.5,0.5,0.5,0.49935412406921387,0.5,0.5,0.5,0.5,0.49926212430000305,0.5,0.5,0.5,0.5,0.5,0.3530336618423462,0.3680427670478821,0.4990656077861786,0.4979420006275177,0.8507306575775146,0.36423149704933167,0.3726595640182495,0.9829157590866089,0.8455013036727905,0.8625452518463135,0.3493918776512146,0.5,0.5,0.5,0.5,0.4985215365886688,0.5,0.5,0.5982312560081482,0.5,0.5,0.49990710616111755,0.4982355237007141,0.49155375361442566,0.49925538897514343,0.4988837242126465,0.5,0.9572538733482361,2.1559441089630127
233,0.3369862139225006,0.3512120544910431,0.5,0.5,0.5,0.5,0.5,0.4995383322238922,0.5,0.5,0.5,0.49990764260292053,0.49963146448135376,0.5,0.5,0.5,0.5,0.5,0.3549703359603882,0.36903664469718933,0.4991588890552521,0.4982266128063202,0.8552956581115723,0.3664442300796509,0.39894938468933105,0.9834190607070923,0.8504379391670227,0.8631247282028198,0.3512120544910431,0.5,0.5,0.5,0.5,0.4983403980731964,0.5,0.5,0.5788772106170654,0.5,0.5,0.49990689754486084,0.4973967969417572,0.4930400848388672,0.49888455867767334,0.4982338845729828,0.5,0.9551697969436646,2.1982762813568115
234,0.33679232001304626,0.34393393993377686,0.5,0.5,0.5,0.5,0.5,0.4992615878582001,0.5,0.5,0.5,0.5,0.49944669008255005,0.5,0.5,0.5,0.5,0.5,0.3474278450012207,0.35969436168670654,0.49953436851501465,0.4984171390533447,0.8446241617202759,0.35768717527389526,0.3795543313026428,0.9850038290023804,0.8371872901916504,0.8549799919128418,0.34393393993377686,0.5,0.5,0.5,0.5,0.4983379542827606,0.5,0.5,0.5874204635620117,0.5,0.5,0.499906986951828,0.49758318066596985,0.4880044758319855,0.49851521849632263,0.4986080229282379,0.5,0.9567075967788696,2.3023674488067627
235,0.33666303753852844,0.34526073932647705,0.5,0.5,0.5,0.5,0.5,0.49907833337783813,0.5,0.5,0.5,0.5,0.4993542432785034,0.5,0.5,0.5,0.5,0.4999076724052429,0.35081541538238525,0.363602876663208,0.4987868666648865,0.49794161319732666,0.8470956683158875,0.3597572445869446,0.42079392075538635,0.9844844341278076,0.8408139944076538,0.8543893098831177,0.34526073932647705,0.5,0.5,0.5,0.5,0.49824658036231995,0.5,0.5,0.5868487358093262,0.5,0.5,0.49981433153152466,0.4974011480808258,0.4914545714855194,0.4994429051876068,0.49832993745803833,0.5,0.9529656171798706,2.1321663856506348
236,0.3364582359790802,0.34166666865348816,0.5,0.5,0.5,0.5,0.5,0.5,0.5,0.5,0.5,0.5,0.4997229278087616,0.5,0.5,0.5,0.5,0.49990779161453247,0.34306299686431885,0.3580121695995331,0.4996265769004822,0.49720096588134766,0.8463734984397888,0.3564092814922333,0.35851815342903137,0.9821597933769226,0.8388846516609192,0.852398157119751,0.34166666865348816,0.5,0.5,0.5,0.5,0.4974174499511719,0.5,0.5,0.5873645544052124,0.5,0.5,0.4999070465564728,0.49637749791145325,0.4909951686859131,0.49925747513771057,0.4976769983768463,0.5,0.957442045211792,2.044348955154419
237,0.33630701899528503,0.3536053001880646,0.5,0.5,0.5,0.5,0.5,0.4994458854198456,0.5,0.5,0.5,0.5,0.4993547201156616,0.5,0.5,0.5,0.5,0.5,0.3541628122329712,0.3663967549800873,0.4994408190250397,0.4986942708492279,0.8531935214996338,0.3649905025959015,0.4550154209136963,0.9844465255737305,0.8478549718856812,0.8633522987365723,0.3536053001880646,0.5,0.5,0.5,0.5,0.4989837408065796,0.5,0.5,0.6248298287391663,0.5,0.5,0.5,0.4986056983470917,0.4913407862186432,0.49925580620765686,0.4994424879550934,0.5,0.9556962251663208,2.086061477661133
238,0.33603617548942566,0.35083556175231934,0.5,0.5,0.5,0.5,0.5,0.4996316134929657,0.5,0.5,0.5,0.5,0.49944648146629333,0.5,0.5,0.5,0.5,0.49981576204299927,0.3516117036342621,0.366433322429657,0.49925148487091064,0.4974742829799652,0.849980890750885,0.36509594321250916,0.5023554563522339,0.9826897382736206,0.8441422581672668,0.8601751327514648,0.35083556175231934,0.5,0.5,0.5,0.5,0.4983406960964203,0.5,0.5,0.5805857181549072,0.5,0.5,0.5,0.497397780418396,0.49116772413253784,0.49953600764274597,0.4986098110675812,0.5,0.9576289653778076,2.0439202785491943
239,0.3357395827770233,0.3439168632030487,0.5,0.5,0.5,0.5,0.5,0.4998157024383545,0.5,0.5,0.5,0.5,0.49944740533828735,0.5,0.5,0.5,0.5,0.5,0.3461752235889435,0.36266568303108215,0.4994397759437561,0.49785128235816956,0.8441558480262756,0.35844749212265015,0.4868186116218567,0.9839938879013062,0.8396190404891968,0.8546886444091797,0.3439168632030487,0.5,0.5,0.5,0.5,0.4978739023208618,0.5,0.5,0.5932353138923645,0.5,0.5,0.5,0.49664804339408875,0.4911857545375824,0.49944227933883667,0.49860620498657227,0.5,0.9596893787384033,2.0956318378448486
240,0.33553043007850647,0.3449361026287079,0.5,0.5,0.5,0.5,0.5,0.49963098764419556,0.5,0.5,0.5,0.5,0.4991694390773773,0.5,0.5,0.5,0.5,0.5,0.35159435868263245,0.36597272753715515,0.4992545545101166,0.49746811389923096,0.8507037162780762,0.3606199026107788,0.4492954909801483,0.9823809862136841,0.8456953763961792,0.863189697265625,0.3449361026287079,0.5,0.5,0.5,0.5,0.49806344509124756,0.5,0.5,0.5879810452461243,0.5,0.5,0.5,0.4965517222881317,0.4906342625617981,0.4990692436695099,0.49832683801651,0.5,0.9585968852043152,2.299456834793091

241,0.33529403805732727,0.3452583849430084,0.5,0.5,0.5,0.5,0.5,0.49953898787498474,0.5,0.5,0.5,0.5,0.49861469864845276,0.5,0.5,0.5,0.5,0.49981561303138733,0.3471013009548187,0.3610241413116455,0.49906402826309204,0.49766528606414795,0.8419355154037476,0.35659727454185486,0.6000471711158752,0.9844762086868286,0.8365839719772339,0.8564412593841553,0.3452583849430084,0.5,0.5,0.5,0.5,0.4984317421913147,0.5,0.5,0.6383369565010071,0.5,0.5,0.49962881207466125,0.4974035620689392,0.4907270073890686,0.49767571687698364,0.4984215497970581,0.5,0.9577569365501404,2.341705083847046
242,0.3350253999233246,0.3468143939971924,0.5,0.5,0.5,0.5,0.5,0.49944648146629333,0.5,0.5,0.5,0.5,0.4986162483692169,0.5,0.5,0.5,0.5,0.5,0.3468143939971924,0.35928860306739807,0.49878641963005066,0.4978576898574829,0.8455672264099121,0.35894015431404114,0.4979497790336609,0.98179030418396,0.8410470485687256,0.8541864156723022,0.34757372736930847,0.5,0.5,0.5,0.5,0.4985245168209076,0.5,0.5,0.6343874931335449,0.5,0.5,0.49990713596343994,0.49684014916419983,0.4909834563732147,0.4984185993671417,0.49878978729248047,0.5,0.9596903920173645,2.1775007247924805
243,0.3347924053668976,0.3424644470214844,0.5,0.5,0.5,0.5,0.5,0.4999077022075653,0.5,0.5,0.5,0.5,0.4994460940361023,0.5,0.5,0.5,0.5,0.4998152554035187,0.3731585443019867,0.35861751437187195,0.4996265769004822,0.4977528154850006,0.8475366234779358,0.35669514536857605,0.4822821617126465,0.9831396341323853,0.840411365032196,0.8563272953033447,0.3424644470214844,0.5,0.5,0.5,0.5,0.49852561950683594,0.5,0.5,0.5497415065765381,0.5,0.5,0.5,0.49767959117889404,0.4907855689525604,0.4991637170314789,0.4983293116092682,0.5,0.9588278532028198,2.518285036087036
244,0.33458998799324036,0.3456484377384186,0.5,0.5,0.5,0.5,0.5,0.49953916668891907,0.5,0.5,0.5,0.5,0.4991688132286072,0.5,0.5,0.5,0.5,0.4998154640197754,0.3494633734226227,0.3598010241985321,0.49943840503692627,0.4975709915161133,0.8486666679382324,0.3570476174354553,0.5130491852760315,0.9828473329544067,0.8428977131843567,0.855230450630188,0.3456484377384186,0.5,0.5,0.5,0.5,0.4982472360134125,0.5,0.5,0.5931903123855591,0.5,0.5,0.5,0.49712324142456055,0.4901376962661743,0.4984185993671417,0.49786365032196045,0.5,0.9542410373687744,2.227520704269409
245,0.3343900442123413,0.34599316120147705,0.5,0.5,0.5,0.5,0.5,0.49916958808898926,0.5,0.5,0.5,0.5,0.49824658036231995,0.5,0.5,0.5,0.5,0.5,0.3480473756790161,0.35852357745170593,0.4985010325908661,0.4984085261821747,0.8458475470542908,0.3576586842536926,0.5124320983886719,0.9832189083099365,0.8400189876556396,0.8548018336296082,0.34599316120147705,0.5,0.5,0.5,0.5,0.4989861845970154,0.5,0.5,0.6055490374565125,0.5,0.5,0.49981456995010376,0.4982348680496216,0.48997029662132263,0.498698890209198,0.49897634983062744,0.5,0.9585320949554443,2.3406217098236084
246,0.3341743052005768,0.33878016471862793,0.5,0.5,0.5,0.5,0.5,0.49963077902793884,0.5,0.5,0.5,0.5,0.4991689622402191,0.5,0.5,0.5,0.5,0.5,0.3447222113609314,0.3552098572254181,0.49934566020965576,0.49841001629829407,0.8443746566772461,0.3532145023345947,0.525969386100769,0.982951283454895,0.8382687568664551,0.8502851724624634,0.33878016471862793,0.5,0.5,0.5,0.5,0.4987994134426117,0.5,0.5,0.5896157026290894,0.5,0.5,0.49990683794021606,0.49749302864074707,0.4885687828063965,0.4992566406726837,0.4987936019897461,0.5,0.9589415788650513,1.9861657619476318
247,0.3338939845561981,0.34333333373069763,0.5,0.5,0.5,0.5,0.5,0.4997236430644989,0.5,0.5,0.5,0.5,0.49870729446411133,0.5,0.5,0.5,0.5,0.49972349405288696,0.3482969403266907,0.3622213900089264,0.49897274374961853,0.497758686542511,0.8453196287155151,0.35853007435798645,0.541638970375061,0.9847850799560547,0.839384138584137,0.8539336919784546,0.34333333373069763,0.5,0.5,0.5,0.5,0.4977847635746002,0.5,0.5,0.5787348747253418,0.5,0.5,0.4999070465564728,0.49702492356300354,0.4907149374485016,0.49916309118270874,0.49833086133003235,0.5,0.9614405632019043,1.9822006225585938
248,0.33367058634757996,0.3447946608066559,0.5,0.5,0.5,0.5,0.5,0.49944689869880676,0.5,0.5,0.5,0.5,0.49852317571640015,0.5,0.5,0.5,0.5,0.5,0.35119378566741943,0.36188456416130066,0.49859288334846497,0.498035192489624,0.8469659090042114,0.35792088508605957,0.5910139083862305,0.9841029644012451,0.8407576680183411,0.8577781915664673,0.3447946608066559,0.5,0.5,0.5,0.5,0.49898672103881836,0.5,0.5,0.5878139138221741,0.5,0.5,0.4995349645614624,0.49786442518234253,0.4897788465023041,0.4981392025947571,0.499164342880249,0.5,0.9585951566696167,2.1107146739959717
249,0.33353716135025024,0.3479626774787903,0.5,0.5,0.5,0.5,0.5,0.499631404876709,0.5,0.5,0.5,0.49990755319595337,0.49880117177963257,0.5,0.5,0.5,0.5,0.5,0.3518621325492859,0.3638540804386139,0.4987868666648865,0.4970088005065918,0.8507788777351379,0.36104241013526917,0.541923463344574,0.9841706156730652,0.8430420756340027,0.8595025539398193,0.3479626774787903,0.5,0.5,0.5,0.5,0.49871110916137695,0.5,0.5,0.5793954133987427,0.5,0.5,0.4997214078903198,0.4975796043872833,0.489017128944397,0.49795234203338623,0.49850940704345703,0.5,0.954963207244873,2.22878098487854
250,0.3332556188106537,0.3380562961101532,0.5,0.5,0.5,0.5,0.5,0.49990788102149963,0.5,0.5,0.5,0.4999079406261444,0.4992620050907135,0.5,0.5,0.5,0.5,0.49981552362442017,0.3418320119380951,0.3560647964477539,0.4995349645614624,0.4980432391166687,0.8443746566772461,0.35227489471435547,0.49750250577926636,0.9845292568206787,0.8358749151229858,0.8500285148620605,0.3380562961101532,0.5,0.5,0.5,0.5,0.49843260645866394,0.5,0.5,0.6105065941810608,0.5,0.5,0.4999071955680847,0.49664491415023804,0.4884500801563263,0.4982348680496216,0.49832433462142944,0.5,0.9615664482116699,2.7793900966644287

251,0.33302736282348633,0.3463071882724762,0.5,0.5,0.5,0.5,0.5,0.4996313452720642,0.5,0.5,0.5,0.5,0.49852290749549866,0.5,0.5,0.5,0.5,0.4998154044151306,0.3465804159641266,0.3612849712371826,0.49887996912002563,0.49813222885131836,0.846942663192749,0.3609478771686554,0.6159048080444336,0.9824594855308533,0.8433940410614014,0.8535219430923462,0.3463071882724762,0.5,0.5,0.5,0.5,0.49907851219177246,0.5,0.5,0.5729560256004333,0.5,0.5,0.5,0.4968407452106476,0.49033457040786743,0.4988853931427002,0.4986993670463562,0.5,0.9549129009246826,2.2410385608673096
252,0.33282458782196045,0.35079726576805115,0.5,0.5,0.5,0.5,0.5,0.4995390772819519,0.5,0.5,0.5,0.5,0.49824464321136475,0.5,0.5,0.5,0.5,0.499723345041275,0.35340994596481323,0.36722487211227417,0.49897119402885437,0.49672406911849976,0.8518624305725098,0.362771213054657,0.5944240689277649,0.983047604560852,0.8466286659240723,0.8592621088027954,0.35079726576805115,0.5,0.5,0.5,0.5,0.49787822365760803,0.5,0.5,0.6275271773338318,0.5,0.5,0.5,0.4968430697917938,0.48877134919166565,0.49851328134536743,0.49767959117889404,0.5,0.9555743336677551,2.2024240493774414
253,0.3327316343784332,0.34272122383117676,0.5,0.5,0.5,0.5,0.5,0.4996310770511627,0.5,0.5,0.5,0.5,0.49852561950683594,0.5,0.5,0.5,0.5,0.49981552362442017,0.34664565324783325,0.36117756366729736,0.4985975921154022,0.4976661801338196,0.8475910425186157,0.35599014163017273,0.707240879535675,0.9842474460601807,0.8421851396560669,0.851922333240509,0.34272122383117676,0.5,0.5,0.5,0.5,0.4981532692909241,0.5,0.4999077022075653,0.6024435758590698,0.5,0.5,0.5,0.49674296379089355,0.49127691984176636,0.4986986517906189,0.49823254346847534,0.5,0.953736424446106,2.1184823513031006
254,0.33259040117263794,0.34580326080322266,0.5,0.5,0.5,0.5,0.5,0.49963119626045227,0.5,0.5,0.5,0.5,0.4990781843662262,0.5,0.5,0.5,0.5,0.5,0.3501758277416229,0.3628750145435333,0.4992530345916748,0.4979431629180908,0.8479787111282349,0.36012130975723267,0.6624330282211304,0.9824494123458862,0.8423799276351929,0.8542617559432983,0.34580326080322266,0.5,0.5,0.5,0.5,0.4985245168209076,0.5,0.5,0.5760042667388916,0.5,0.5,0.499906986951828,0.497397780418396,0.49154746532440186,0.4986054301261902,0.4984174370765686,0.5,0.9549944400787354,2.2498652935028076
255,0.3323562443256378,0.3430066704750061,0.5,0.5,0.5,0.5,0.5,0.4993535280227661,0.5,0.5,0.5,0.5,0.4987068176269531,0.5,0.5,0.5,0.5,0.49990779161453247,0.3439992666244507,0.3620055317878723,0.4986911118030548,0.4970110356807709,0.8480615615844727,0.3568449020385742,0.6458367109298706,0.9820449948310852,0.8418192267417908,0.8519362211227417,0.3430066704750061,0.5,0.5,0.5,0.5,0.49806344509124756,0.5,0.5,0.6375889778137207,0.5,0.5,0.4998142719268799,0.4969353675842285,0.49109625816345215,0.4987015426158905,0.498232901096344,0.5,0.9577774405479431,2.3186843395233154
256,0.332176148891449,0.3448563516139984,0.5,0.5,0.5,0.5,0.5,0.49926266074180603,0.5,0.5,0.5,0.5,0.49861520528793335,0.5,0.5,0.5,0.5,0.5,0.3448563516139984,0.36136698722839355,0.4991607666015625,0.49747002124786377,0.8460955619812012,0.3594134449958801,0.6303962469100952,0.9824628233909607,0.841008186340332,0.8533308506011963,0.345292329788208,0.5,0.5,0.5,0.5,0.49796971678733826,0.5,0.5,0.5684901475906372,0.5,0.5,0.4998142421245575,0.49758273363113403,0.4909040331840515,0.4990711510181427,0.498230904340744,0.5,0.9565311670303345,2.2676773071289062
257,0.3319934010505676,0.34618306159973145,0.5,0.5,0.5,0.5,0.5,0.4994468092918396,0.5,0.5,0.5,0.5,0.4988935887813568,0.5,0.5,0.5,0.5,0.5,0.3497961461544037,0.36524301767349243,0.49934664368629456,0.4982229769229889,0.8479126691818237,0.35931849479675293,0.659306526184082,0.9836564064025879,0.8379744291305542,0.8579577803611755,0.34618306159973145,0.5,0.5,0.5,0.5,0.4984320104122162,0.5,0.5,0.5933757424354553,0.5,0.5,0.4998137056827545,0.4976809024810791,0.48950594663619995,0.4986986517906189,0.4985124468803406,0.5,0.9519857168197632,2.0430266857147217
258,0.3318362236022949,0.3506964445114136,0.5,0.5,0.5,0.5,0.5,0.49916958808898926,0.5,0.5,0.5,0.5,0.4986169934272766,0.5,0.5,0.5,0.5,0.5,0.3507504165172577,0.3668753504753113,0.4989723563194275,0.4977591037750244,0.8551632165908813,0.3627655506134033,0.695762574672699,0.984874427318573,0.8474624156951904,0.8573870062828064,0.3506964445114136,0.5,0.5,0.5,0.5,0.4981570243835449,0.5,0.5,0.5937933325767517,0.5,0.5,0.4999070167541504,0.49776992201805115,0.4901541769504547,0.49860334396362305,0.49832776188850403,0.5,0.9545367956161499,2.4302005767822266
259,0.33162152767181396,0.3435302972793579,0.5,0.5,0.5,0.5,0.5,0.4993550777435303,0.5,0.5,0.5,0.5,0.4990781843662262,0.5,0.5,0.5,0.5,0.5,0.3482324779033661,0.362932950258255,0.4991563558578491,0.497856467962265,0.8472248315811157,0.35909777879714966,0.6249669194221497,0.984054684638977,0.8400266170501709,0.8522900342941284,0.3435302972793579,0.5,0.5,0.5,0.5,0.49796971678733826,0.5,0.5,0.571343183517456,0.5,0.5,0.49953410029411316,0.4970276653766632,0.4910680949687958,0.49795159697532654,0.4982348680496216,0.5,0.955440878868103,2.1448326110839844
260,0.3314078450202942,0.3441126048564911,0.5,0.5,0.5,0.5,0.5,0.4992607533931732,0.5,0.5,0.5,0.5,0.4991709589958191,0.5,0.5,0.5,0.5,0.5,0.3517457842826843,0.3659300208091736,0.4986928105354309,0.49747663736343384,0.8500571250915527,0.36063382029533386,0.6583817005157471,0.9826605916023254,0.8434410691261292,0.8549119830131531,0.3441126048564911,0.5,0.5,0.5,0.5,0.49741554260253906,0.5,0.5,0.5841761231422424,0.5,0.5,0.5,0.49730682373046875,0.49006131291389465,0.4986950159072876,0.49832743406295776,0.5,0.9541167616844177,2.057504892349243

261,0.3312223553657532,0.34490740299224854,0.5,0.5,0.5,0.5,0.5,0.49935388565063477,0.5,0.5,0.5,0.5,0.4991700351238251,0.5,0.5,0.5,0.5,0.5,0.34490740299224854,0.35982686281204224,0.49897444248199463,0.4975678324699402,0.8459131717681885,0.35364463925361633,0.6921944618225098,0.9842054843902588,0.8413616418838501,0.8496688604354858,0.3653986155986786,0.5,0.5,0.5,0.5,0.4977867901325226,0.5,0.5,0.5864865183830261,0.5,0.5,0.49990710616111755,0.49684426188468933,0.49146726727485657,0.49758273363113403,0.49860334396362305,0.5,0.9531240463256836,2.154722213745117
262,0.3310127854347229,0.3499352037906647,0.5,0.5,0.5,0.5,0.5,0.49870777130126953,0.5,0.5,0.5,0.4994466006755829,0.4983403980731964,0.5,0.5,0.5,0.5,0.4999076724052429,0.3499352037906647,0.36487480998039246,0.49793505668640137,0.49692049622535706,0.8498572707176208,0.36011001467704773,0.7484394907951355,0.9832029342651367,0.8453373908996582,0.8545109033584595,0.3525581955909729,0.5,0.4999077022075653,0.5,0.5,0.4976019263267517,0.5,0.5,0.5767819881439209,0.5,0.5,0.4997211992740631,0.49720513820648193,0.4908803403377533,0.49832776188850403,0.49786680936813354,0.5,0.9547833204269409,2.186105728149414
263,0.330842524766922,0.34175533056259155,0.5,0.5,0.5,0.5,0.5,0.49861571192741394,0.5,0.5,0.5,0.4999077320098877,0.49852317571640015,0.5,0.5,0.5,0.5,0.49990782141685486,0.3468859791755676,0.35994476079940796,0.49803996086120605,0.4971049726009369,0.8457890748977661,0.3555324077606201,0.7863562107086182,0.9832919836044312,0.8365751504898071,0.8518413305282593,0.34175533056259155,0.5,0.5,0.5,0.5,0.4976886212825775,0.5,0.5,0.5647864937782288,0.5,0.5,0.5,0.4971194863319397,0.4867026209831238,0.4974874258041382,0.49823254346847534,0.5,0.9543535709381104,2.3752901554107666
264,0.33070024847984314,0.34672364592552185,0.5,0.5,0.5,0.5,0.5,0.49889278411865234,0.5,0.5,0.5,0.49944639205932617,0.49834010004997253,0.5,0.5,0.5,0.5,0.49990764260292053,0.35029661655426025,0.3607221841812134,0.4985083043575287,0.4970919191837311,0.8480856418609619,0.3580528497695923,0.8088297247886658,0.983453094959259,0.8424657583236694,0.8521838784217834,0.34672364592552185,0.5,0.5,0.5,0.5,0.4969540238380432,0.5,0.5,0.6031284928321838,0.5,0.5,0.49981406331062317,0.49637478590011597,0.4901651442050934,0.49748414754867554,0.49758273363113403,0.5,0.9550067782402039,2.1906039714813232
265,0.33046090602874756,0.35209181904792786,0.5,0.5,0.5,0.5,0.5,0.4987996220588684,0.5,0.5,0.5,0.49944618344306946,0.49824658036231995,0.5,0.5,0.5,0.5,0.49972355365753174,0.35209181904792786,0.3663475811481476,0.49803629517555237,0.49700430035591125,0.8511972427368164,0.359847754240036,0.7937945127487183,0.9847393035888672,0.8458682298660278,0.8571969270706177,0.35778337717056274,0.5,0.5,0.5,0.5,0.4982498288154602,0.5,0.5,0.5683333277702332,0.5,0.5,0.5,0.49776744842529297,0.4886553883552551,0.4973895251750946,0.4984188973903656,0.5,0.9577410817146301,2.1042113304138184
266,0.3303524851799011,0.3572791516780853,0.5,0.5,0.5,0.5,0.5,0.49926280975341797,0.5,0.5,0.5,0.4996304512023926,0.4991705119609833,0.5,0.5,0.5,0.5,0.49981552362442017,0.3748399615287781,0.36435678601264954,0.4991558790206909,0.4978504776954651,0.8499147295951843,0.3572791516780853,0.7763519883155823,0.9830331802368164,0.8411731123924255,0.8575227856636047,0.3738691806793213,0.5,0.5,0.5,0.5,0.4980645179748535,0.5,0.5,0.6132586598396301,0.5,0.5,0.49953463673591614,0.49721190333366394,0.4875325560569763,0.4967447817325592,0.4985160529613495,0.5,0.9500518441200256,2.2105932235717773
267,0.3301595449447632,0.34594693779945374,0.5,0.5,0.5,0.5,0.5,0.4992613196372986,0.5,0.5,0.5,0.4992613196372986,0.4984317421913147,0.5,0.5,0.5,0.5,0.5,0.34594693779945374,0.3592367172241211,0.49869304895401,0.4958840012550354,0.8485768437385559,0.3594430685043335,0.7652943134307861,0.9812144041061401,0.8420504331588745,0.85427325963974,0.388122022151947,0.5,0.5,0.5,0.5,0.4969545900821686,0.5,0.5,0.5829408168792725,0.5,0.5,0.49972113966941833,0.4955373704433441,0.4882637858390808,0.49832683801651,0.498232901096344,0.5,0.9569337368011475,2.263094902038574
268,0.33003222942352295,0.348490446805954,0.5,0.5,0.5,0.5,0.5,0.49907833337783813,0.5,0.5,0.5,0.49889400601387024,0.49852508306503296,0.5,0.5,0.5,0.5,0.4996311366558075,0.348490446805954,0.35848361253738403,0.4989742636680603,0.49738171696662903,0.8513385057449341,0.3559209406375885,0.7884284853935242,0.9834537506103516,0.840563178062439,0.8555829524993896,0.3917289674282074,0.5,0.5,0.5,0.5,0.49843403697013855,0.5,0.49990779161453247,0.5823559761047363,0.5,0.5,0.4997209310531616,0.4975872337818146,0.4863433539867401,0.49768173694610596,0.4989786446094513,0.5,0.9562169313430786,2.0725855827331543
269,0.329878032207489,0.3511386811733246,0.5,0.5,0.5,0.5,0.5,0.4990769922733307,0.5,0.5,0.5,0.4994468092918396,0.49861520528793335,0.5,0.5,0.5,0.5,0.5,0.3511386811733246,0.3637702465057373,0.4986932873725891,0.4969164729118347,0.8497148156166077,0.3574010729789734,0.8370156288146973,0.9822958707809448,0.842255711555481,0.8544641137123108,0.3696942627429962,0.5,0.5,0.5,0.499815434217453,0.49769458174705505,0.5,0.5,0.5623930096626282,0.5,0.5,0.49953609704971313,0.4967544376850128,0.488752543926239,0.497862845659256,0.49767786264419556,0.5,0.9567394852638245,2.287574052810669
270,0.32970574498176575,0.35836827754974365,0.5,0.5,0.5,0.5,0.5,0.49879875779151917,0.5,0.5,0.5,0.4992617070674896,0.4982439875602722,0.5,0.5,0.5,0.5,0.49981561303138733,0.42610064148902893,0.3628155589103699,0.49859997630119324,0.49737828969955444,0.8530083894729614,0.35836827754974365,0.8375500440597534,0.9817003011703491,0.8463649749755859,0.8590986728668213,0.37256497144699097,0.5,0.5,0.5,0.5,0.4976954162120819,0.5,0.5,0.6174530982971191,0.5,0.5,0.4997210204601288,0.4970276653766632,0.48865750432014465,0.49804577231407166,0.49786126613616943,0.5,0.9563308954238892,2.175415515899658

271,0.32955870032310486,0.3542737364768982,0.5,0.5,0.5,0.5,0.5,0.4983403980731964,0.5,0.5,0.5,0.49880072474479675,0.49760279059410095,0.5,0.5,0.5,0.5,0.4999077618122101,0.43468981981277466,0.35942110419273376,0.4980340898036957,0.5125917792320251,0.8499144315719604,0.3542737364768982,0.8003743290901184,0.9832413196563721,0.8438810110092163,0.8527345657348633,0.3768676519393921,0.5,0.5,0.5,0.5,0.4980638027191162,0.5,0.5,0.6014385223388672,0.5,0.5,0.4996280372142792,0.49749302864074707,0.4888620674610138,0.4976705312728882,0.49833086133003235,0.5,0.958039402961731,2.087367534637451
272,0.32934653759002686,0.3491101861000061,0.5,0.5,0.5,0.5,0.5,0.49926212430000305,0.5,0.5,0.5,0.49944669008255005,0.49870944023132324,0.5,0.5,0.5,0.5,0.49990758299827576,0.35339877009391785,0.36010316014289856,0.498784601688385,0.5031499266624451,0.8506951332092285,0.35465672612190247,0.847648024559021,0.9843630790710449,0.8454906940460205,0.8559564352035522,0.3491101861000061,0.5,0.5,0.5,0.5,0.49870944023132324,0.5,0.5,0.6198879480361938,0.5,0.5,0.4995346963405609,0.4979531168937683,0.488374263048172,0.49786365032196045,0.49897846579551697,0.5,0.9570093154907227,2.1337826251983643
273,0.3291369080543518,0.3447158932685852,0.5,0.5,0.5,0.5,0.5,0.49898505210876465,0.5,0.5,0.5,0.4994460940361023,0.4986162483692169,0.5,0.5,0.5,0.5,0.4998156726360321,0.3447158932685852,0.35481494665145874,0.4985044002532959,0.4981319010257721,0.84461510181427,0.34790077805519104,0.83931964635849,0.985319197177887,0.8352896571159363,0.8453765511512756,0.4004647433757782,0.5,0.5,0.5,0.5,0.4985237121582031,0.5,0.5,0.5942519307136536,0.5,0.5,0.49944207072257996,0.49767181277275085,0.4857063293457031,0.497397780418396,0.49879494309425354,0.5,0.9599857330322266,2.2123467922210693
274,0.32894155383110046,0.3438021242618561,0.5,0.5,0.5,0.5,0.5,0.4988934099674225,0.5,0.5,0.5,0.4995395243167877,0.49806272983551025,0.5,0.5,0.5,0.5,0.4999077022075653,0.3438021242618561,0.3533038794994354,0.4983202815055847,0.4974728524684906,0.8426454067230225,0.3457365930080414,0.834040105342865,0.9852549433708191,0.834976315498352,0.8476108908653259,0.3800053894519806,0.5,0.5,0.5,0.5,0.4976949989795685,0.5,0.5,0.5580864548683167,0.5,0.5,0.49925678968429565,0.49665117263793945,0.488752543926239,0.49683013558387756,0.49851495027542114,0.5,0.9606027603149414,2.2928760051727295
275,0.3288046717643738,0.3522012531757355,0.5,0.5,0.5,0.5,0.5,0.49926212430000305,0.5,0.5,0.5,0.4994466006755829,0.4988923668861389,0.5,0.5,0.5,0.5,0.4999077022075653,0.409637451171875,0.357011079788208,0.49915966391563416,0.4971027970314026,0.8498098850250244,0.3522012531757355,0.8328763842582703,0.9821904897689819,0.8426913022994995,0.8529467582702637,0.37435585260391235,0.5,0.5,0.5,0.5,0.497787207365036,0.5,0.5,0.5607684254646301,0.5,0.5,0.4994409382343292,0.49628323316574097,0.488303005695343,0.49721086025238037,0.4983314871788025,0.5,0.9571688175201416,2.2909092903137207
276,0.3286204934120178,0.35016709566116333,0.5,0.5,0.5,0.5,0.5,0.4988018572330475,0.5,0.5,0.5,0.49953874945640564,0.49769243597984314,0.5,0.5,0.5,0.5,0.4999077320098877,0.35016709566116333,0.35581523180007935,0.4978528618812561,0.49664241075515747,0.8473514318466187,0.3542575240135193,0.8473653793334961,0.9832953810691833,0.8424437046051025,0.8512222766876221,0.39121150970458984,0.5,0.4999077618122101,0.5,0.5,0.4977859854698181,0.5,0.5,0.5949251055717468,0.5,0.5,0.49972081184387207,0.4973997175693512,0.48950204253196716,0.4977682828903198,0.4986993670463562,0.5,0.9604603052139282,2.178762674331665
277,0.3284664452075958,0.35005563497543335,0.5,0.5,0.5,0.5,0.5,0.4992632269859314,0.5,0.5,0.5,0.4996315538883209,0.4979723393917084,0.5,0.5,0.5,0.5,0.4999077618122101,0.35005563497543335,0.3599741756916046,0.4982266128063202,0.497016042470932,0.8515180349349976,0.35813644528388977,0.829404354095459,0.9810924530029297,0.8444316983222961,0.8560060262680054,0.4180901050567627,0.5,0.5,0.5,0.5,0.4966795742511749,0.5,0.5,0.6258832812309265,0.5,0.5,0.4996281862258911,0.49618959426879883,0.4889322817325592,0.4980512261390686,0.4972103536128998,0.5,0.9537914991378784,2.2028305530548096
278,0.3283132016658783,0.35545384883880615,0.5,0.5,0.5,0.5,0.5,0.49870824813842773,0.5,0.5,0.5,0.4996313452720642,0.4981532692909241,0.5,0.5,0.5,0.5,0.49963077902793884,0.3964497148990631,0.35810190439224243,0.4985058009624481,0.49738171696662903,0.8476272225379944,0.35545384883880615,0.8380163908004761,0.9813546538352966,0.8408054709434509,0.8564639091491699,0.40606093406677246,0.5,0.5,0.5,0.5,0.4974193572998047,0.5,0.5,0.5948671102523804,0.5,0.5,0.49907028675079346,0.4971248507499695,0.48838937282562256,0.4979580342769623,0.49804797768592834,0.5,0.9572104811668396,2.060680866241455
279,0.3281070291996002,0.3543799817562103,0.5,0.5,0.5,0.5,0.5,0.4994466006755829,0.5,0.5,0.5,0.5,0.4981532692909241,0.5,0.5,0.5,0.5,0.49981531500816345,0.40534037351608276,0.36061498522758484,0.4987841248512268,0.49710550904273987,0.8497915267944336,0.3543799817562103,0.8424242734909058,0.9828832149505615,0.8416999578475952,0.8547677993774414,0.39107492566108704,0.5,0.5,0.5,0.5,0.49788135290145874,0.5,0.5,0.6047173142433167,0.5,0.5,0.4990694224834442,0.4971173405647278,0.48807528614997864,0.49814021587371826,0.4985124468803406,0.5,0.9588003158569336,2.1200337409973145
280,0.32795363664627075,0.3536306321620941,0.5,0.5,0.5,0.5,0.5,0.4992620050907135,0.5,0.5,0.5,0.5,0.4984331727027893,0.5,0.5,0.5,0.5,0.4998153746128082,0.4261966347694397,0.35687971115112305,0.498695969581604,0.4969153106212616,0.8466730117797852,0.3536306321620941,0.824107825756073,0.9822983741760254,0.8389459848403931,0.850913941860199,0.4186272621154785,0.5,0.5,0.5,0.5,0.4977880120277405,0.5,0.5,0.584548830986023,0.5,0.5,0.49953600764274597,0.49730682373046875,0.4881904423236847,0.4983246326446533,0.4980519413948059,0.5,0.9622986912727356,2.1644997596740723

281,0.3277791738510132,0.3599199652671814,0.5,0.5,0.5,0.5,0.5,0.4992620050907135,0.5,0.5,0.5,0.4996316134929657,0.49833980202674866,0.5,0.5,0.49990782141685486,0.5,0.4997231066226959,0.3926762044429779,0.3633100092411041,0.4985044002532959,0.4971936345100403,0.8532991409301758,0.3599199652671814,0.8523591756820679,0.9854480028152466,0.8467313051223755,0.8568302989006042,0.4302290380001068,0.5,0.5,0.5,0.4999077618122101,0.49824658036231995,0.5,0.5,0.603359580039978,0.5,0.5,0.4990692436695099,0.4975822865962982,0.4887692630290985,0.4974893033504486,0.4984144866466522,0.5,0.9582546353340149,2.212648391723633
282,0.3275735378265381,0.3541108965873718,0.5,0.5,0.5,0.5,0.5,0.49889278411865234,0.5,0.5,0.5,0.4997231066226959,0.49815496802330017,0.5,0.5,0.5,0.5,0.499907910823822,0.3986152410507202,0.3586435616016388,0.49831366539001465,0.5009920597076416,0.8496583104133606,0.3541108965873718,0.8480689525604248,0.981731653213501,0.8410520553588867,0.8532991409301758,0.41886019706726074,0.5,0.5,0.5,0.5,0.4977855682373047,0.5,0.5,0.6114380955696106,0.5,0.5,0.4992566406726837,0.49703648686408997,0.48781847953796387,0.4967484176158905,0.49804505705833435,0.5,0.9590110778808594,2.440969705581665
283,0.32734066247940063,0.35154372453689575,0.5,0.5,0.5,0.5,0.5,0.4989848732948303,0.5,0.5,0.5,0.49935364723205566,0.4984320104122162,0.5,0.5,0.5,0.5,0.499630868434906,0.35154372453689575,0.3595391809940338,0.4986911118030548,0.549425482749939,0.8511305451393127,0.35500094294548035,0.8474205136299133,0.9829416275024414,0.8450275659561157,0.8556337952613831,0.43112877011299133,0.5,0.4999076724052429,0.5,0.5,0.49843087792396545,0.5,0.49990758299827576,0.5880789160728455,0.5,0.5,0.499349445104599,0.4982374906539917,0.48641860485076904,0.4976748526096344,0.4984200596809387,0.5,0.9612084627151489,2.127074718475342
284,0.3271808326244354,0.3539368510246277,0.5,0.5,0.5,0.5,0.5,0.4993540048599243,0.5,0.5,0.5,0.4995386600494385,0.49833765625953674,0.5,0.5,0.5,0.5,0.5,0.4674026072025299,0.35644567012786865,0.4982302486896515,0.5569778084754944,0.8470956683158875,0.3539368510246277,0.8457801342010498,0.9807655811309814,0.8422755002975464,0.8508955836296082,0.4217521846294403,0.5,0.5,0.5,0.49990785121917725,0.4978786110877991,0.5,0.5,0.6015264987945557,0.5,0.5,0.498791366815567,0.49786245822906494,0.48781847953796387,0.49749675393104553,0.49832743406295776,0.5,0.9576612710952759,2.2121946811676025
285,0.3271157443523407,0.35559773445129395,0.5,0.5,0.5,0.5,0.5,0.49833887815475464,0.5,0.5,0.5,0.49889177083969116,0.4981556534767151,0.5,0.5,0.49990779161453247,0.5,0.4996309280395508,0.4176459014415741,0.3556824326515198,0.4984109103679657,0.49729326367378235,0.8494932055473328,0.35559773445129395,0.8469290733337402,0.9831439256668091,0.8425099849700928,0.855355441570282,0.4311360716819763,0.5,0.4999077022075653,0.5,0.5,0.4979701042175293,0.5,0.4999077320098877,0.6007696986198425,0.5,0.5,0.4993496835231781,0.4975845515727997,0.48728421330451965,0.4982345402240753,0.49832743406295776,0.5,0.9549985527992249,2.095280885696411
286,0.32701465487480164,0.35846182703971863,0.5,0.5,0.5,0.5,0.5,0.49870920181274414,0.5,0.5,0.5,0.4989848732948303,0.4984331727027893,0.5,0.5,0.5,0.5,0.49972328543663025,0.42480993270874023,0.3595246970653534,0.49841001629829407,0.5180045962333679,0.8507888317108154,0.35846182703971863,0.8487595319747925,0.9848859310150146,0.8441780805587769,0.8585370779037476,0.4204205870628357,0.5,0.5,0.5,0.5,0.496863454580307,0.5,0.5,0.583223283290863,0.5,0.5,0.49916186928749084,0.49684250354766846,0.48857301473617554,0.49758318066596985,0.4982358515262604,0.5,0.9539878368377686,2.087639808654785
287,0.32686102390289307,0.35488778352737427,0.5,0.5,0.5,0.5,0.5,0.4987991750240326,0.5,0.5,0.5,0.49953892827033997,0.4983419179916382,0.5,0.5,0.49990782141685486,0.5,0.49981555342674255,0.41565990447998047,0.35603830218315125,0.4980355501174927,0.5032159686088562,0.8507689237594604,0.35488778352737427,0.8437025547027588,0.9832417964935303,0.8401328325271606,0.8545540571212769,0.42170149087905884,0.5,0.4998154640197754,0.5,0.5,0.4971407353878021,0.5,0.49981555342674255,0.6021283268928528,0.5,0.5,0.4988824725151062,0.4968395531177521,0.48652416467666626,0.4971173405647278,0.4974883794784546,0.5,0.9550427794456482,2.0840535163879395
288,0.3267292082309723,0.3560706675052643,0.5,0.5,0.5,0.5,0.5,0.49843114614486694,0.5,0.5,0.5,0.49935460090637207,0.4983394742012024,0.5,0.5,0.49990782141685486,0.5,0.4998154044151306,0.43990740180015564,0.35795873403549194,0.498036652803421,0.4970104694366455,0.8504762053489685,0.3560706675052643,0.8485481142997742,0.9844317436218262,0.8426593542098999,0.8553507328033447,0.4158022105693817,0.5,0.49981561303138733,0.5,0.49990782141685486,0.4978770613670349,0.5,0.49981561303138733,0.6092246174812317,0.5,0.5,0.4995349645614624,0.49767398834228516,0.4882320165634155,0.4972030520439148,0.4980490505695343,0.5,0.9545446634292603,1.985368013381958
289,0.3265426456928253,0.34280163049697876,0.5,0.5,0.5,0.5,0.5,0.49898597598075867,0.5,0.5,0.5,0.4994468092918396,0.4981556534767151,0.5,0.5,0.49990779161453247,0.5,0.4998154938220978,0.34280163049697876,0.3508012592792511,0.4983227849006653,0.49691474437713623,0.843910813331604,0.35050371289253235,0.8418648838996887,0.9833681583404541,0.8385287523269653,0.8490995168685913,0.43328893184661865,0.5,0.5,0.5,0.5,0.49668020009994507,0.5,0.5,0.6487205028533936,0.5,0.5,0.4993506371974945,0.496090829372406,0.48968401551246643,0.4964657723903656,0.49804869294166565,0.5,0.9594300985336304,1.9855985641479492
290,0.3263856768608093,0.35687094926834106,0.5,0.5,0.5,0.5,0.5,0.49907851219177246,0.5,0.5,0.5,0.49889421463012695,0.49833765625953674,0.5,0.5,0.4999077320098877,0.5,0.4998154938220978,0.40863433480262756,0.3590121567249298,0.49850326776504517,0.49635446071624756,0.8496483564376831,0.35687094926834106,0.8476940393447876,0.9805825352668762,0.8431874513626099,0.8561930060386658,0.4219469130039215,0.5,0.5,0.5,0.49990779161453247,0.4971418082714081,0.5,0.5,0.6251038312911987,0.5,0.5,0.4994417428970337,0.49655428528785706,0.4888475835323334,0.4968354403972626,0.4978616535663605,0.5,0.9580161571502686,1.9623982906341553

291,0.3262344002723694,0.35308101773262024,0.5,0.5,0.5,0.5,0.5,0.49879807233810425,0.5,0.5,0.5,0.49972355365753174,0.4976023733615875,0.5,0.5,0.5,0.5,0.4999077618122101,0.41905730962753296,0.3573664724826813,0.4980432391166687,0.5244852900505066,0.8499147295951843,0.35308101773262024,0.8455742001533508,0.9797156453132629,0.8423004150390625,0.8529523611068726,0.3925979435443878,0.5,0.4999077022075653,0.5,0.5,0.49677419662475586,0.5,0.5,0.6105161905288696,0.5,0.5,0.49916356801986694,0.4961945414543152,0.4878365695476532,0.4963721036911011,0.49758410453796387,0.5,0.9571536779403687,2.2618296146392822
292,0.32609477639198303,0.3412962853908539,0.5,0.5,0.5,0.5,0.5,0.49907663464546204,0.5,0.5,0.5,0.499538391828537,0.4985261559486389,0.5,0.5,0.5,0.5,0.4999077320098877,0.3412962853908539,0.3505154550075531,0.4986942708492279,0.5257696509361267,0.8451210260391235,0.3500095009803772,0.8440340757369995,0.9842145442962646,0.8371319770812988,0.8465045690536499,0.3923599123954773,0.5,0.5,0.5,0.4999077320098877,0.4981532692909241,0.5,0.5,0.5939148664474487,0.5,0.5,0.49935075640678406,0.49730584025382996,0.4878230094909668,0.49768391251564026,0.4984144866466522,0.5,0.9583184123039246,2.3583765029907227
293,0.32602059841156006,0.3447285592556,0.5,0.5,0.5,0.5,0.5,0.4990769922733307,0.5,0.5,0.5,0.4999077022075653,0.4990771412849426,0.5,0.5,0.5,0.5,0.49990782141685486,0.3447285592556,0.3529357612133026,0.4992527663707733,0.4969199299812317,0.8462706804275513,0.3499999940395355,0.8393162488937378,0.9811428785324097,0.8373060822486877,0.849250078201294,0.4078974425792694,0.5,0.5,0.5,0.5,0.4972345232963562,0.5,0.5,0.584290087223053,0.5,0.5,0.4991610646247864,0.4975854456424713,0.48680296540260315,0.49767571687698364,0.49832743406295776,0.5,0.9548320770263672,2.705174207687378
294,0.32592645287513733,0.35557883977890015,0.5,0.5,0.5,0.5,0.5,0.4992617070674896,0.5,0.5,0.5,0.49953848123550415,0.49880072474479675,0.5,0.5,0.5,0.5,0.5,0.3747430443763733,0.3571165204048157,0.4985975921154022,0.4968242049217224,0.849838137626648,0.35557883977890015,0.8488194942474365,0.9849117398262024,0.8437321782112122,0.8532328605651855,0.40688198804855347,0.5,0.5,0.5,0.4999076724052429,0.49760013818740845,0.5,0.5,0.6110436916351318,0.5,0.5,0.4989780783653259,0.4970243573188782,0.48875465989112854,0.4974902272224426,0.4978616535663605,0.5,0.9516288042068481,2.4595861434936523
295,0.32579219341278076,0.35110124945640564,0.5,0.5,0.5,0.5,0.5,0.4992613196372986,0.5,0.5,0.5,0.49944648146629333,0.49852481484413147,0.5,0.5,0.5,0.5,0.49972349405288696,0.35110124945640564,0.3585495948791504,0.4986950159072876,0.5103034973144531,0.8512176275253296,0.353372722864151,0.8442091345787048,0.9839414358139038,0.8414193391799927,0.8540992736816406,0.42709481716156006,0.5,0.4999077022075653,0.5,0.49981561303138733,0.49677181243896484,0.5,0.49990782141685486,0.5992503762245178,0.5,0.5,0.49935004115104675,0.49656835198402405,0.48653167486190796,0.4968407452106476,0.49796146154403687,0.5,0.9574636816978455,2.1523337364196777
296,0.32561177015304565,0.3504716157913208,0.5,0.5,0.5,0.5,0.5,0.4985245168209076,0.5,0.5,0.5,0.49870729446411133,0.4980587959289551,0.5,0.5,0.5,0.5,0.49981561303138733,0.3504716157913208,0.3596539795398712,0.49803444743156433,0.5671343207359314,0.8478343486785889,0.35155054926872253,0.8463215827941895,0.9843809604644775,0.8424994945526123,0.852426290512085,0.4423261880874634,0.5,0.4997231066226959,0.5,0.49963071942329407,0.49714285135269165,0.5,0.4998154044151306,0.5668895840644836,0.5,0.5,0.4992564916610718,0.49730533361434937,0.4878957271575928,0.4971216320991516,0.49832743406295776,0.5,0.9570217132568359,2.1321969032287598
297,0.3254501521587372,0.34730425477027893,0.5,0.5,0.5,0.5,0.5,0.49926280975341797,0.5,0.5,0.5,0.4993540048599243,0.4982498288154602,0.5,0.5,0.4998152256011963,0.5,0.49981531500816345,0.40309321880340576,0.35571086406707764,0.4986920654773712,0.49616751074790955,0.8443136215209961,0.34730425477027893,0.8391668200492859,0.9858337640762329,0.8364672660827637,0.8479297757148743,0.4384915828704834,0.5,0.5,0.49990731477737427,0.4995386600494385,0.4967724084854126,0.5,0.5,0.5691277384757996,0.5,0.5,0.49897751212120056,0.4963788390159607,0.4866071343421936,0.4980497658252716,0.49767571687698364,0.5,0.9551952481269836,2.0708954334259033
298,0.3252619802951813,0.35423794388771057,0.5,0.5,0.5,0.5,0.5,0.49944719672203064,0.5,0.5,0.5,0.4993547201156616,0.49852481484413147,0.5,0.5,0.49990782141685486,0.5,0.49981552362442017,0.36912259459495544,0.35934045910835266,0.49850186705589294,0.49571773409843445,0.8494171500205994,0.35423794388771057,0.8476696014404297,0.9811338782310486,0.8404925465583801,0.8507903218269348,0.4788808226585388,0.5,0.5,0.4242312014102936,0.49981561303138733,0.4961204528808594,0.5,0.5,0.6052893996238708,0.5,0.5,0.4989778995513916,0.49628183245658875,0.4874558746814728,0.4971216320991516,0.4973982572555542,0.5,0.9552518129348755,2.1491570472717285
299,0.32507890462875366,0.3537142872810364,0.5,0.5,0.5,0.5,0.5,0.49917036294937134,0.5,0.5,0.5,0.4989844858646393,0.49861547350883484,0.5,0.5,0.4999077618122101,0.5,0.4995388388633728,0.42575812339782715,0.3592715263366699,0.49859997630119324,0.4968218505382538,0.8509569764137268,0.3537142872810364,0.8456273674964905,0.9831876754760742,0.8410256505012512,0.8531821966171265,0.47221988439559937,0.5,0.5,0.5,0.49981555342674255,0.49649834632873535,0.5,0.5,0.6027985215187073,0.5,0.5,0.4993484616279602,0.4969308078289032,0.48823419213294983,0.49758005142211914,0.49786245822906494,0.5,0.956939697265625,2.090210199356079
300,0.32489630579948425,0.3542737364768982,0.5,0.5,0.5,0.5,0.5,0.4993550777435303,0.5,0.5,0.5,0.49926307797431946,0.49871015548706055,0.5,0.5,0.5,0.5,0.4998151361942291,0.5197778344154358,0.359510213136673,0.49888038635253906,0.49589553475379944,0.8506938219070435,0.3542737364768982,0.8470532298088074,0.9826962947845459,0.842832624912262,0.8543846607208252,0.4610597491264343,0.5,0.5,0.5,0.4998154938220978,0.4960353970527649,0.5,0.5,0.5976756811141968,0.5,0.5,0.49851328134536743,0.49581706523895264,0.488570898771286,0.4959183633327484,0.497301310300827,0.5,0.9571306705474854,2.1624035835266113

301,0.32479220628738403,0.3530697524547577,0.5,0.5,0.5,0.5,0.5,0.49972304701805115,0.5,0.5,0.5,0.4994466006755829,0.4989844858646393,0.5,0.5,0.5,0.5,0.4993544816970825,0.437939316034317,0.3602467179298401,0.49906420707702637,0.5102064609527588,0.8487507104873657,0.3530697524547577,0.8476362228393555,0.9829912185668945,0.8450342416763306,0.8544159531593323,0.4093235731124878,0.5,0.49981561303138733,0.5,0.49990779161453247,0.49704742431640625,0.5,0.4999077022075653,0.5929710865020752,0.5,0.5,0.49879002571105957,0.4967484176158905,0.49024707078933716,0.49814504384994507,0.4983280599117279,0.5,0.9501530528068542,2.2316739559173584
302,0.3246551752090454,0.35486945509910583,0.5,0.5,0.5,0.5,0.5,0.49889135360717773,0.5,0.5,0.5,0.4991692900657654,0.497787207365036,0.5,0.5,0.49990779161453247,0.5,0.4997231066226959,0.45077019929885864,0.36125943064689636,0.49784886837005615,0.5033913254737854,0.8494409322738647,0.35486945509910583,0.8475238084793091,0.9849961996078491,0.8429924249649048,0.8515938520431519,0.41459810733795166,0.5,0.4999077022075653,0.499907523393631,0.4997231364250183,0.4972288906574249,0.5,0.4999077618122101,0.5898474454879761,0.5,0.5,0.4986993670463562,0.4976765811443329,0.48820140957832336,0.498043954372406,0.49860647320747375,0.5,0.9539985060691833,2.3524794578552246
303,0.3245377242565155,0.35656124353408813,0.5,0.5,0.5,0.5,0.5,0.4988934099674225,0.5,0.5,0.5,0.49926239252090454,0.498247891664505,0.5,0.5,0.4999077022075653,0.5,0.4998156428337097,0.5266844034194946,0.3599042594432831,0.49831870198249817,0.5363483428955078,0.851227879524231,0.35656124353408813,0.8465573191642761,0.9813865423202515,0.8431986570358276,0.8591322898864746,0.4408362805843353,0.5,0.5,0.4943413734436035,0.49972355365753174,0.4970485270023346,0.5,0.5,0.597227931022644,0.5,0.5,0.49897655844688416,0.4974939525127411,0.4869573414325714,0.49655812978744507,0.4983246326446533,0.5,0.9532310962677002,2.3108811378479004
304,0.32439348101615906,0.35271888971328735,0.5,0.5,0.5,0.5,0.5,0.49926239252090454,0.5,0.5,0.5,0.4993549585342407,0.49797049164772034,0.5,0.5,0.5,0.5,0.4999077618122101,0.44598478078842163,0.35271888971328735,0.4983164966106415,0.5412331819534302,0.8463660478591919,0.3533155918121338,0.8440941572189331,0.9838618040084839,0.8423943519592285,0.8495734930038452,0.44909167289733887,0.5,0.5,0.4374884366989136,0.49953824281692505,0.49705013632774353,0.5,0.5,0.5906015038490295,0.5,0.5,0.49879294633865356,0.49702492356300354,0.4857753813266754,0.495541512966156,0.49813953042030334,0.5,0.9543492197990417,2.2079663276672363
305,0.3242807388305664,0.3528405725955963,0.5,0.5,0.5,0.5,0.5,0.49907833337783813,0.5,0.5,0.5,0.49917036294937134,0.4980630874633789,0.5,0.5,0.5,0.5,0.5,0.4211047887802124,0.35715600848197937,0.4982272684574127,0.529139518737793,0.8501331210136414,0.3528405725955963,0.8476688861846924,0.9821258783340454,0.8419392108917236,0.8552331924438477,0.44970837235450745,0.5,0.49990779161453247,0.5,0.4997229278087616,0.49668142199516296,0.5,0.5,0.5815980434417725,0.5,0.5,0.49925705790519714,0.49656006693840027,0.48820140957832336,0.49618107080459595,0.4973914623260498,0.5,0.9533467888832092,2.5521950721740723
306,0.3241281807422638,0.3546643853187561,0.5,0.5,0.5,0.5,0.5,0.49889299273490906,0.5,0.5,0.5,0.4990769922733307,0.49769458174705505,0.5,0.5,0.5,0.5,0.49972304701805115,0.5055437088012695,0.35648488998413086,0.49785327911376953,0.5237590670585632,0.8510718941688538,0.3546643853187561,0.8451133966445923,0.9816933870315552,0.8441299200057983,0.8539453744888306,0.45690077543258667,0.5,0.5,0.49657025933265686,0.49953848123550415,0.4964918792247772,0.5,0.5,0.6042895317077637,0.5,0.5,0.4990718364715576,0.4969273805618286,0.48736998438835144,0.49656644463539124,0.4976744055747986,0.5,0.9582577347755432,2.1912832260131836
307,0.32392048835754395,0.351103276014328,0.5,0.5,0.5,0.5,0.5,0.49889299273490906,0.5,0.5,0.5,0.49917036294937134,0.49787744879722595,0.5,0.5,0.5,0.5,0.4998154044151306,0.351103276014328,0.35998526215553284,0.49859943985939026,0.5468673706054688,0.8510355353355408,0.35411518812179565,0.8470028638839722,0.9813759326934814,0.8451679944992065,0.854927659034729,0.44447508454322815,0.5,0.5,0.42846566438674927,0.4993535280227661,0.4966789782047272,0.5,0.5,0.6337282657623291,0.5,0.5,0.49860724806785583,0.4968489408493042,0.4882790744304657,0.4973118305206299,0.4976809024810791,0.5,0.9597786068916321,2.402557611465454
308,0.3238050639629364,0.347078412771225,0.5,0.5,0.5,0.5,0.5,0.4992629587650299,0.5,0.5,0.5,0.49935436248779297,0.497877836227417,0.5,0.5,0.5,0.5,0.4994466006755829,0.347078412771225,0.35297366976737976,0.4985077381134033,0.5611037015914917,0.8476272225379944,0.3529244065284729,0.8469950556755066,0.9818425178527832,0.8417409658432007,0.8529634475708008,0.44114112854003906,0.5,0.4999077618122101,0.48693719506263733,0.4997236430644989,0.49621981382369995,0.5,0.49990782141685486,0.5966192483901978,0.5,0.5,0.49916186928749084,0.4972134530544281,0.48846298456192017,0.49786442518234253,0.4975822865962982,0.5,0.955539345741272,2.492568016052246
309,0.32367143034935,0.34769317507743835,0.5,0.5,0.5,0.5,0.5,0.4979693591594696,0.5,0.5,0.5,0.4983379542827606,0.4967736005783081,0.5,0.5,0.5,0.5,0.49972325563430786,0.34769317507743835,0.3567482829093933,0.49729275703430176,0.5482434034347534,0.8484559655189514,0.3535449504852295,0.8472117185592651,0.9815659523010254,0.8436726927757263,0.851988673210144,0.46941524744033813,0.5,0.5,0.3778024911880493,0.4988003075122833,0.495941698551178,0.5,0.5,0.5571238994598389,0.5,0.5,0.49879270792007446,0.49629080295562744,0.4854143559932709,0.49647167325019836,0.4973939061164856,0.5,0.9542460441589355,2.160618782043457
310,0.32357606291770935,0.3553805351257324,0.5,0.5,0.5,0.5,0.5,0.4987063407897949,0.5,0.5,0.5,0.4989861845970154,0.4978801906108856,0.5,0.5,0.499815434217453,0.5,0.4997229278087616,0.40587088465690613,0.358365535736084,0.49822330474853516,0.5326325297355652,0.8511305451393127,0.3553805351257324,0.8510192632675171,0.9832667708396912,0.844639778137207,0.8561787009239197,0.49244046211242676,0.5,0.5,0.3768102526664734,0.49916988611221313,0.4968617260456085,0.5,0.5,0.570543646812439,0.5,0.5,0.49897825717926025,0.4975796043872833,0.48820140957832336,0.4979625940322876,0.4985121786594391,0.5,0.9538936614990234,2.1312129497528076

311,0.32344862818717957,0.34705227613449097,0.5,0.5,0.5,0.5,0.5,0.49833980202674866,0.5,0.5,0.5,0.4985261559486389,0.4980630874633789,0.5,0.5,0.4995380640029907,0.5,0.49981555342674255,0.34705227613449097,0.3578666150569916,0.49803444743156433,0.5375591516494751,0.8500094413757324,0.35809269547462463,0.8502281904220581,0.9814356565475464,0.8433998227119446,0.8547065258026123,0.5013384222984314,0.5,0.5,0.3776152431964874,0.4992613196372986,0.49667590856552124,0.5,0.5,0.6258283853530884,0.5,0.5,0.4987008273601532,0.497396320104599,0.48820799589157104,0.4972129464149475,0.4981423020362854,0.5,0.954136848449707,2.205378532409668
312,0.32329320907592773,0.35079747438430786,0.5,0.5,0.5,0.5,0.5,0.49880117177963257,0.5,0.5,0.5,0.49963077902793884,0.498247891664505,0.5,0.5,0.49972328543663025,0.5,0.49990758299827576,0.35079747438430786,0.35514190793037415,0.49813398718833923,0.5013313293457031,0.8533662557601929,0.357671856880188,0.8508071899414062,0.9839046001434326,0.8469852209091187,0.8571428656578064,0.4853076934814453,0.5,0.5,0.3789844214916229,0.49944669008255005,0.4952891170978546,0.5,0.5,0.589267373085022,0.5,0.5,0.4992547035217285,0.49581006169319153,0.4881970286369324,0.4967435896396637,0.49730584025382996,0.5,0.9580612182617188,2.2784423828125
313,0.3231621980667114,0.34736356139183044,0.5,0.5,0.5,0.5,0.5,0.49907732009887695,0.5,0.5,0.5,0.4993544816970825,0.4979667365550995,0.5,0.5,0.49990779161453247,0.5,0.499815434217453,0.34736356139183044,0.352659672498703,0.49803921580314636,0.5375350117683411,0.8466489911079407,0.35078883171081543,0.8457810878753662,0.9827946424484253,0.840835690498352,0.8496663570404053,0.46847081184387207,0.5,0.5,0.3724035620689392,0.49944648146629333,0.49658796191215515,0.5,0.5,0.6324298977851868,0.5,0.5,0.49822959303855896,0.49627768993377686,0.48736998438835144,0.4960022270679474,0.49805015325546265,0.5,0.9550405740737915,2.253490686416626
314,0.3230510354042053,0.34805816411972046,0.5,0.5,0.5,0.5,0.5,0.49907732009887695,0.5,0.5,0.5,0.4992615878582001,0.4985218048095703,0.5,0.5,0.499907910823822,0.5,0.4996313452720642,0.38914570212364197,0.34805816411972046,0.4989750385284424,0.4961782395839691,0.8432267904281616,0.34926819801330566,0.8396656513214111,0.9849317669868469,0.8362134695053101,0.8477104306221008,0.5644035935401917,0.5,0.5,0.37106627225875854,0.49972304701805115,0.4961225986480713,0.5,0.5,0.6136198043823242,0.5,0.5,0.4980497658252716,0.4962852895259857,0.486253023147583,0.4966561496257782,0.49749302864074707,0.5,0.9584182500839233,2.174952745437622
315,0.322892427444458,0.35635778307914734,0.5,0.5,0.5,0.5,0.5,0.49907800555229187,0.5,0.5,0.5,0.4992625415325165,0.49843114614486694,0.5,0.5,0.5,0.5,0.49981555342674255,0.47060033679008484,0.35698509216308594,0.4985983967781067,0.4952336549758911,0.8501044511795044,0.35635778307914734,0.8459490537643433,0.9810620546340942,0.8447092771530151,0.8538856506347656,0.47979289293289185,0.5,0.5,0.3758786618709564,0.49944597482681274,0.494372695684433,0.5,0.5,0.5923512578010559,0.5,0.5,0.49841979146003723,0.4949897825717926,0.4860491156578064,0.4960029721260071,0.496463805437088,0.5,0.9555255770683289,2.326530933380127
316,0.32272735238075256,0.3500952422618866,0.5,0.5,0.5,0.5,0.5,0.4989869296550751,0.5,0.5,0.5,0.49889156222343445,0.4976041316986084,0.5,0.5,0.499907910823822,0.5,0.49990785121917725,0.4947795867919922,0.3535149097442627,0.498036652803421,0.5139122605323792,0.8452675342559814,0.3500952422618866,0.844994306564331,0.9838954210281372,0.8373114466667175,0.8490117788314819,0.5132335424423218,0.5,0.4998153746128082,0.37178537249565125,0.49935412406921387,0.496489942073822,0.5,0.4998156428337097,0.6102775931358337,0.5,0.5,0.49897655844688416,0.4971141219139099,0.4884130656719208,0.4973018169403076,0.49767744541168213,0.5,0.9598530530929565,2.3818695545196533
317,0.3225986957550049,0.3525775074958801,0.5,0.5,0.5,0.5,0.5,0.4993547201156616,0.5,0.5,0.5,0.48181313276290894,0.4980616569519043,0.5,0.5,0.4999077022075653,0.5,0.4999077618122101,0.44675716757774353,0.3584192991256714,0.4987866282463074,0.5169972777366638,0.8505616188049316,0.3525775074958801,0.8454097509384155,0.9832763075828552,0.8408961296081543,0.8548232913017273,0.4446152150630951,0.5,0.49990788102149963,0.37636396288871765,0.499538391828537,0.4961240291595459,0.5,0.49990779161453247,0.6105242371559143,0.5,0.5,0.498048335313797,0.4967484176158905,0.4856877326965332,0.49534884095191956,0.49767786264419556,0.5,0.952796220779419,2.1365554332733154
318,0.32240715622901917,0.34701067209243774,0.5,0.5,0.5,0.5,0.5,0.4994471073150635,0.5,0.5,0.5,0.3719038963317871,0.4984299838542938,0.5,0.5,0.49990782141685486,0.5,0.5,0.4275795817375183,0.35294657945632935,0.4986896216869354,0.5579299926757812,0.8449029922485352,0.34701067209243774,0.8442592024803162,0.9840456247329712,0.8372048735618591,0.8499619960784912,0.4538167715072632,0.5,0.5,0.4566987454891205,0.4992620050907135,0.49714234471321106,0.5,0.5,0.5934720039367676,0.5,0.5,0.49851107597351074,0.4973967969417572,0.4897674322128296,0.49655941128730774,0.4986054301261902,0.5,0.9587956666946411,2.091646909713745
319,0.3222220838069916,0.351092129945755,0.5,0.5,0.5,0.5,0.5,0.4989837408065796,0.5,0.5,0.5,0.3722560405731201,0.4984331727027893,0.5,0.5,0.49981585144996643,0.5,0.49972298741340637,0.40953704714775085,0.35613033175468445,0.49831870198249817,0.5606685280799866,0.8506481051445007,0.351092129945755,0.8458768129348755,0.9817351698875427,0.841437816619873,0.8517005443572998,0.4835328459739685,0.5,0.4998153746128082,0.37474560737609863,0.49935460090637207,0.4958555996417999,0.5,0.49981528520584106,0.6027052402496338,0.5,0.5,0.4979557693004608,0.49712589383125305,0.48533234000205994,0.4951663911342621,0.497860848903656,0.5,0.9589822888374329,2.2123453617095947
320,0.3220946788787842,0.35165777802467346,0.5,0.5,0.5,0.5,0.5,0.4981546401977539,0.5,0.5,0.5,0.44260933995246887,0.4972345232963562,0.5,0.5,0.5,0.5,0.4997231364250183,0.44175058603286743,0.3580246865749359,0.49747002124786377,0.5477668642997742,0.8531874418258667,0.35165777802467346,0.847801148891449,0.982403039932251,0.848841667175293,0.855675995349884,0.5191627740859985,0.5,0.49990779161453247,0.37721893191337585,0.49880117177963257,0.49649253487586975,0.5,0.4999077618122101,0.5885545015335083,0.5,0.5,0.4987933933734894,0.4968336820602417,0.4882986545562744,0.4967484176158905,0.4980461597442627,0.5,0.9547509551048279,2.133643388748169

321,0.32199299335479736,0.3481665849685669,0.5,0.5,0.5,0.5,0.5,0.4981546401977539,0.5,0.5,0.5,0.45532581210136414,0.49677300453186035,0.5,0.5,0.5,0.5,0.4998154044151306,0.459547221660614,0.3481665849685669,0.4970104694366455,0.5413752794265747,0.8423414826393127,0.3503907024860382,0.845231294631958,0.9827423095703125,0.836120069026947,0.8485941886901855,0.5975786447525024,0.5,0.49990782141685486,0.3711770176887512,0.4989848732948303,0.4964970648288727,0.5,0.4999077022075653,0.5928735733032227,0.5,0.5,0.49851495027542114,0.4968407452106476,0.4890558421611786,0.4963700771331787,0.498139888048172,0.5,0.9547878503799438,2.110339879989624
322,0.3218855559825897,0.354788213968277,0.5,0.5,0.5,0.5,0.5,0.4989854395389557,0.5,0.5,0.5,0.40236249566078186,0.4981529414653778,0.5,0.5,0.4998154044151306,0.5,0.49981531500816345,0.4402649998664856,0.354788213968277,0.498132586479187,0.5331818461418152,0.8487707376480103,0.356087863445282,0.8471404314041138,0.9842737317085266,0.8438210487365723,0.853081464767456,0.4894445836544037,0.5,0.4999076724052429,0.37662097811698914,0.4990786910057068,0.49676644802093506,0.5,0.49990782141685486,0.6029691696166992,0.5,0.5,0.4992569088935852,0.49692967534065247,0.48792943358421326,0.49487513303756714,0.4985121786594391,0.5,0.9548611044883728,2.1197550296783447
323,0.3218168318271637,0.3522986173629761,0.5,0.5,0.5,0.5,0.5,0.498616486787796,0.5,0.5,0.5,0.4400700628757477,0.4977867901325226,0.5,0.5,0.4997226893901825,0.5,0.4999077618122101,0.4223073720932007,0.35488030314445496,0.49850356578826904,0.5156354308128357,0.8503809571266174,0.3522986173629761,0.8468862771987915,0.9830299615859985,0.8456637859344482,0.8523030281066895,0.5475468039512634,0.5,0.5,0.37497684359550476,0.49935483932495117,0.4960383176803589,0.5,0.5,0.6119270324707031,0.5,0.5,0.4987904727458954,0.496463805437088,0.4879114627838135,0.4962756037712097,0.49804940819740295,0.5,0.9529792070388794,2.188958168029785
324,0.3217124938964844,0.35020896792411804,0.5,0.5,0.5,0.5,0.5,0.4988934099674225,0.5,0.5,0.5,0.49870920181274414,0.49732521176338196,0.5,0.5,0.4998149871826172,0.5,0.49972355365753174,0.4331154525279999,0.3510128855705261,0.49794355034828186,0.5126545429229736,0.846527099609375,0.35020896792411804,0.8451478481292725,0.9803268909454346,0.8420704007148743,0.8523203134536743,0.5317319631576538,0.5,0.4999077618122101,0.37384387850761414,0.49963030219078064,0.49695515632629395,0.5,0.49990764260292053,0.6121101379394531,0.5,0.5,0.49851080775260925,0.4970282316207886,0.48660963773727417,0.4960944652557373,0.49860697984695435,0.5,0.9547715783119202,2.040602445602417
325,0.32150354981422424,0.3490995168685913,0.5,0.5,0.5,0.5,0.5,0.4982472360134125,0.5,0.5,0.5,0.49880141019821167,0.4971412718296051,0.5,0.5,0.4994458854198456,0.5,0.4998156428337097,0.44560590386390686,0.3516574501991272,0.49776285886764526,0.5401783585548401,0.8423603177070618,0.3490995168685913,0.8415119647979736,0.9831087589263916,0.8373860120773315,0.8474383354187012,0.4836927056312561,0.5,0.5,0.3714417815208435,0.49907851219177246,0.49631133675575256,0.5,0.5,0.5753658413887024,0.5,0.5,0.4986984133720398,0.4968360364437103,0.4872700273990631,0.49554067850112915,0.49795955419540405,0.5,0.9627628326416016,2.052173376083374
326,0.32131385803222656,0.3510192334651947,0.5,0.5,0.5,0.5,0.5,0.49907782673835754,0.5,0.5,0.5,0.49861547350883484,0.4980630874633789,0.5,0.49990758299827576,0.4995388388633728,0.5,0.4997226893901825,0.4887223541736603,0.35412827134132385,0.4984112083911896,0.5219383239746094,0.8493267297744751,0.3510192334651947,0.8445394039154053,0.9830217361450195,0.8434601426124573,0.8507604598999023,0.5275973677635193,0.5,0.49990779161453247,0.3735632300376892,0.49916958808898926,0.4961254596710205,0.5,0.49990782141685486,0.5764069557189941,0.5,0.5,0.4986996054649353,0.4962735176086426,0.48596131801605225,0.49646511673927307,0.4978572726249695,0.5,0.9589650630950928,2.057750940322876
327,0.3211956322193146,0.34857141971588135,0.5,0.5,0.5,0.5,0.5,0.4986175000667572,0.5,0.5,0.5,0.47775933146476746,0.4975096881389618,0.5,0.5,0.49963098764419556,0.5,0.4997236430644989,0.458191841840744,0.35285452008247375,0.49794623255729675,0.556792676448822,0.8499051332473755,0.34857141971588135,0.8452494144439697,0.9821224808692932,0.8412516713142395,0.8506172895431519,0.5694242119789124,0.5,0.49990764260292053,0.37425869703292847,0.4993544816970825,0.4958479404449463,0.5,0.5,0.6018656492233276,0.5,0.5,0.49804797768592834,0.49629080295562744,0.48560550808906555,0.49543845653533936,0.49711090326309204,0.5,0.9549342393875122,2.128659725189209
328,0.3210231363773346,0.3563927710056305,0.5,0.5,0.5,0.5,0.5,0.4990774989128113,0.5,0.5,0.5,0.47214022278785706,0.49806129932403564,0.5,0.5,0.4998154938220978,0.5,0.49953892827033997,0.46079882979393005,0.3563927710056305,0.4985952377319336,0.5489909052848816,0.8531874418258667,0.3578747510910034,0.8498858213424683,0.9826120138168335,0.8455013036727905,0.855675995349884,0.6288708448410034,0.5,0.499907910823822,0.37907105684280396,0.4992615878582001,0.4960302710533142,0.5,0.49990755319595337,0.5760186910629272,0.5,0.5,0.4979546368122101,0.4970320761203766,0.48793166875839233,0.4961846172809601,0.4972093105316162,0.5,0.958645224571228,2.2115442752838135
329,0.320917546749115,0.35032394528388977,0.5,0.5,0.5,0.5,0.5,0.49843087792396545,0.5,0.5,0.5,0.45824095606803894,0.4976903200149536,0.5,0.5,0.4998156726360321,0.5,0.49981552362442017,0.5551239252090454,0.35231873393058777,0.498036652803421,0.5685693025588989,0.8522512316703796,0.35032394528388977,0.8487330675125122,0.9797297716140747,0.8439817428588867,0.8539924025535583,0.6242111325263977,0.5,0.5,0.37650546431541443,0.4994468092918396,0.4953840374946594,0.5,0.5,0.5931903123855591,0.5,0.5,0.49804797768592834,0.49721914529800415,0.4874698221683502,0.49665552377700806,0.49786245822906494,0.5,0.954627275466919,2.353614568710327
330,0.32079368829727173,0.354872465133667,0.5,0.5,0.5,0.5,0.5,0.49778762459754944,0.49990782141685486,0.4999077022075653,0.5,0.3759918808937073,0.49704796075820923,0.5,0.5,0.4997231066226959,0.5,0.4995388388633728,0.40293583273887634,0.3581952154636383,0.49756917357444763,0.5185984373092651,0.8530250787734985,0.354872465133667,0.8498293161392212,0.9826103448867798,0.8416999578475952,0.8562595248222351,0.5742988586425781,0.5,0.4999077022075653,0.37964504957199097,0.49889320135116577,0.49592819809913635,0.5,0.4999077618122101,0.5891690254211426,0.5,0.5,0.4973943829536438,0.4972098171710968,0.48613953590393066,0.49638620018959045,0.49814435839653015,0.5,0.9571563601493835,2.1668388843536377

331,0.32065990567207336,0.34960901737213135,0.5,0.5,0.5,0.5,0.5,0.49889320135116577,0.5,0.5,0.5,0.3708041310310364,0.4982452988624573,0.5,0.5,0.4997229278087616,0.5,0.4999077618122101,0.42351651191711426,0.353119820356369,0.49840912222862244,0.547147274017334,0.8471561670303345,0.34960901737213135,0.8442498445510864,0.9844726324081421,0.8383193612098694,0.8550312519073486,0.5804253816604614,0.5,0.5,0.37242913246154785,0.4994468092918396,0.4952011704444885,0.5,0.5,0.6168999075889587,0.5,0.5,0.49888476729393005,0.49694105982780457,0.4869840145111084,0.4962735176086426,0.49785926938056946,0.5,0.9542004466056824,2.1438324451446533
332,0.32050859928131104,0.3500858247280121,0.5,0.5,0.5,0.5,0.5,0.49870800971984863,0.5,0.5,0.5,0.3931206166744232,0.4975064694881439,0.5,0.5,0.4998158812522888,0.5,0.4996309280395508,0.4784180521965027,0.355444997549057,0.497666597366333,0.5305745601654053,0.8504948616027832,0.3500858247280121,0.844321608543396,0.9823943376541138,0.8418454527854919,0.851922333240509,0.597275972366333,0.5,0.49990764260292053,0.37467628717422485,0.4990774989128113,0.49474847316741943,0.5,0.49981552362442017,0.6111794710159302,0.5,0.5,0.4987008273601532,0.49665677547454834,0.4869743287563324,0.4959985017776489,0.49729880690574646,0.5,0.9561468362808228,2.173698663711548
333,0.32034850120544434,0.348941445350647,0.5,0.5,0.5,0.5,0.5,0.4986167550086975,0.5,0.5,0.5,0.48747697472572327,0.4964970648288727,0.5,0.5,0.5,0.5,0.49963071942329407,0.47960004210472107,0.3548416793346405,0.49765917658805847,0.5635479688644409,0.8507406115531921,0.348941445350647,0.8499239683151245,0.9805465936660767,0.8461319208145142,0.8536168336868286,0.6766955852508545,0.5,0.5,0.3768276870250702,0.49953916668891907,0.4954763650894165,0.5,0.5,0.5921677350997925,0.5,0.5,0.49851274490356445,0.4967423677444458,0.4892433285713196,0.4959069788455963,0.4975759983062744,0.5,0.9575518369674683,1.9875843524932861
334,0.32021966576576233,0.35029539465904236,0.5,0.5,0.5,0.5,0.5,0.49889299273490906,0.5,0.5,0.5,0.4985237121582031,0.49787625670433044,0.5,0.5,0.4997231066226959,0.5,0.4997234046459198,0.36949804425239563,0.3540784418582916,0.49841830134391785,0.5546441078186035,0.8495348691940308,0.35029539465904236,0.8483778238296509,0.9827160835266113,0.8443853259086609,0.8536608219146729,0.6138482689857483,0.5,0.5,0.3759022653102875,0.49935436248779297,0.4955703318119049,0.5,0.5,0.5654283165931702,0.5,0.5,0.4982358515262604,0.49675023555755615,0.4891122281551361,0.49544185400009155,0.4974939525127411,0.5,0.9570319652557373,2.071789503097534
335,0.32003408670425415,0.35338273644447327,0.5,0.5,0.5,0.5,0.5,0.4983403980731964,0.5,0.5,0.5,0.4953891634941101,0.49732422828674316,0.5,0.5,0.4998154938220978,0.5,0.4999077320098877,0.39173558354377747,0.35666972398757935,0.4975755214691162,0.5128802061080933,0.8513410091400146,0.35338273644447327,0.8486378192901611,0.9824828505516052,0.8481720089912415,0.8539401292800903,0.5984411239624023,0.5,0.4999077618122101,0.3769444525241852,0.4991702139377594,0.4957580268383026,0.5,0.4999077618122101,0.5891004800796509,0.5,0.5,0.49897846579551697,0.4960842728614807,0.48736998438835144,0.4955265522003174,0.49776870012283325,0.5,0.9589449167251587,2.1306936740875244
336,0.3198874294757843,0.35370931029319763,0.5,0.4999076724052429,0.5,0.5,0.5,0.4980645179748535,0.49981561303138733,0.49990779161453247,0.5,0.45755675435066223,0.4967736005783081,0.5,0.5,0.499630868434906,0.5,0.49972304701805115,0.5485212802886963,0.35441988706588745,0.49784764647483826,0.5540529489517212,0.8490781188011169,0.35370931029319763,0.8469406962394714,0.981804370880127,0.8427541851997375,0.8535937666893005,0.674763560295105,0.5,0.49990761280059814,0.3766462504863739,0.49889278411865234,0.49556785821914673,0.5,0.4999077618122101,0.5643432140350342,0.5,0.5,0.4979553818702698,0.49618250131607056,0.48622485995292664,0.4944206774234772,0.49767398834228516,0.5,0.9576646089553833,2.083845615386963
337,0.31971612572669983,0.34464454650878906,0.5,0.5,0.5,0.5,0.5,0.4986139237880707,0.5,0.5,0.5,0.4044891893863678,0.49787941575050354,0.5,0.49990782141685486,0.49972283840179443,0.5,0.49972328543663025,0.5197162628173828,0.3459484279155731,0.4982246160507202,0.5362780094146729,0.8409263491630554,0.34464454650878906,0.8393094539642334,0.9818475246429443,0.8351356387138367,0.8452986478805542,0.660646378993988,0.5,0.5,0.3671976327896118,0.4994466006755829,0.49556949734687805,0.5,0.5,0.5833600163459778,0.5,0.5,0.49758049845695496,0.4958217144012451,0.486328125,0.49470260739326477,0.49693480134010315,0.5,0.9595646858215332,2.291614055633545
338,0.31958314776420593,0.35315418243408203,0.5,0.5,0.5,0.5,0.5,0.49852481484413147,0.5,0.5,0.5,0.3919815719127655,0.4980638027191162,0.5,0.5,0.4995386600494385,0.5,0.5,0.4467124342918396,0.35392120480537415,0.4981374442577362,0.5556905269622803,0.8511689901351929,0.35315418243408203,0.8473392128944397,0.9838464260101318,0.845201849937439,0.8553179502487183,0.6698987483978271,0.5,0.5,0.3760659992694855,0.49870777130126953,0.4950193762779236,0.5,0.5,0.6317825317382812,0.5,0.5,0.498139888048172,0.49693650007247925,0.4873511791229248,0.4952611029148102,0.49776244163513184,0.5,0.9554482698440552,2.3376269340515137
339,0.3194715678691864,0.34567901492118835,0.5,0.5,0.5,0.5,0.5,0.4984334707260132,0.5,0.5,0.5,0.49207228422164917,0.49732670187950134,0.5,0.5,0.49935364723205566,0.5,0.49990785121917725,0.4299667179584503,0.349475234746933,0.4981262981891632,0.5305444002151489,0.8433712124824524,0.34567901492118835,0.8425331115722656,0.9823294878005981,0.8365858197212219,0.8485915660858154,0.733922004699707,0.5,0.49981555342674255,0.37127795815467834,0.49861571192741394,0.49575725197792053,0.5,0.4998154938220978,0.5862745046615601,0.5,0.5,0.4975796043872833,0.4965587854385376,0.4865091145038605,0.4956262707710266,0.4976787269115448,0.5,0.9559398293495178,2.3964617252349854
340,0.3193237781524658,0.3514101803302765,0.5,0.5,0.5,0.5,0.5,0.49889299273490906,0.5,0.5,0.5,0.4554016590118408,0.496863454580307,0.5,0.5,0.49944689869880676,0.5,0.4999077618122101,0.4294700622558594,0.352643221616745,0.4971092939376831,0.5489338636398315,0.8472222089767456,0.3514101803302765,0.8444592952728271,0.9813128709793091,0.8412123918533325,0.848848283290863,0.6840285062789917,0.5,0.49981555342674255,0.3728500008583069,0.4988018572330475,0.4946514070034027,0.5,0.4998154938220978,0.5820997953414917,0.5,0.5,0.4973033368587494,0.4957185387611389,0.48674944043159485,0.49526551365852356,0.49721240997314453,0.5,0.9574437141418457,2.699636220932007

341,0.3191995918750763,0.3487619161605835,0.5,0.5,0.5,0.5,0.5,0.49852097034454346,0.5,0.5,0.5,0.40831950306892395,0.4980616569519043,0.5,0.49990764260292053,0.4998154938220978,0.5,0.49972328543663025,0.46534815430641174,0.35011041164398193,0.49850717186927795,0.52623051404953,0.8468571305274963,0.3487619161605835,0.8433161973953247,0.9829996228218079,0.8414541482925415,0.8506752848625183,0.6771188974380493,0.5,0.5,0.373447060585022,0.4991700351238251,0.4945511519908905,0.5,0.5,0.5917327404022217,0.5,0.5,0.4975813925266266,0.49600744247436523,0.4866344928741455,0.4953557550907135,0.4970254600048065,0.5,0.9582139849662781,2.582564353942871
342,0.3190746009349823,0.3505203425884247,0.5,0.5,0.5,0.5,0.5,0.49824756383895874,0.5,0.5,0.5,0.3823692500591278,0.4977843463420868,0.5,0.49953797459602356,0.5,0.5,0.4998154044151306,0.4618607461452484,0.3516574501991272,0.49831271171569824,0.5399744510650635,0.8453853130340576,0.3505203425884247,0.844243586063385,0.9826468229293823,0.8392585515975952,0.8505222797393799,0.6727347373962402,0.5,0.5,0.37184950709342957,0.49953943490982056,0.4952011704444885,0.5,0.5,0.5932514667510986,0.5,0.5,0.49721759557724,0.49591001868247986,0.4864864945411682,0.4951646029949188,0.4970166087150574,0.5,0.9559919834136963,2.266951322555542
343,0.3189116418361664,0.3526225686073303,0.5,0.4999077618122101,0.5,0.5,0.5,0.4980645179748535,0.4999076724052429,0.5,0.4999077618122101,0.37458503246307373,0.49722838401794434,0.5,0.49926212430000305,0.4997236430644989,0.5,0.49981552362442017,0.4802679419517517,0.3547763526439667,0.4975709915161133,0.5575485825538635,0.8528355360031128,0.3526225686073303,0.8489454984664917,0.9810295104980469,0.8426420092582703,0.8543800115585327,0.7140528559684753,0.5,0.4999076724052429,0.3762762248516083,0.49870944023132324,0.49631404876708984,0.5,0.49990779161453247,0.6144548058509827,0.5,0.5,0.49721240997314453,0.4971200227737427,0.48801562190055847,0.4964683949947357,0.498045414686203,0.5,0.9580749273300171,2.261714220046997
344,0.3188137114048004,0.3472452461719513,0.5,0.5,0.5,0.5,0.5,0.4983391761779785,0.5,0.5,0.5,0.3961098790168762,0.49732619524002075,0.5,0.4998154640197754,0.4998154640197754,0.5,0.49981555342674255,0.43083882331848145,0.3472452461719513,0.4979400634765625,0.5815126299858093,0.8437678813934326,0.34767332673072815,0.843181848526001,0.9815484285354614,0.8364120721817017,0.8454837799072266,0.7026565074920654,0.5,0.5,0.36937186121940613,0.4991702139377594,0.4962176978588104,0.5,0.5,0.6195128560066223,0.5,0.5,0.49814021587371826,0.49777406454086304,0.4893162250518799,0.4960022270679474,0.49823811650276184,0.5,0.9562767744064331,2.39961314201355
345,0.31865838170051575,0.34701767563819885,0.5,0.49990779161453247,0.5,0.5,0.5,0.4980616569519043,0.4999077022075653,0.5,0.5,0.4228070080280304,0.4974179267883301,0.5,0.49944639205932617,0.4997231960296631,0.5,0.49990779161453247,0.37310394644737244,0.34701767563819885,0.49785447120666504,0.5221157670021057,0.8435187339782715,0.3471270799636841,0.842190146446228,0.9833459854125977,0.8369834423065186,0.8479537963867188,0.6633036136627197,0.5,0.5,0.37043896317481995,0.49889299273490906,0.49538490176200867,0.5,0.5,0.6139208674430847,0.5,0.5,0.49758365750312805,0.49711304903030396,0.48681768774986267,0.49562710523605347,0.4980490505695343,0.5,0.9571661353111267,2.4388444423675537
346,0.31846749782562256,0.3510739505290985,0.5,0.5,0.5,0.5,0.5,0.49732422828674316,0.5,0.5,0.5,0.3743537664413452,0.49640220403671265,0.5,0.4999077022075653,0.4996306002140045,0.5,0.4995386600494385,0.40381017327308655,0.35346096754074097,0.4974803924560547,0.5371097326278687,0.8479748964309692,0.3510739505290985,0.847892165184021,0.9788638353347778,0.8439284563064575,0.8548417687416077,0.6688070297241211,0.5,0.49990764260292053,0.3765489161014557,0.4983370304107666,0.4961268901824951,0.5,0.49990782141685486,0.5919507741928101,0.5,0.5,0.49767571687698364,0.49646446108818054,0.4873653054237366,0.49507710337638855,0.4974011480808258,0.5,0.960759162902832,2.2797439098358154
347,0.318348228931427,0.34689223766326904,0.5,0.5,0.5,0.5,0.5,0.49843260645866394,0.5,0.5,0.5,0.37412458658218384,0.49769458174705505,0.5,0.4998154640197754,0.4996306598186493,0.5,0.4998152554035187,0.5437519550323486,0.34835386276245117,0.498036652803421,0.5682037472724915,0.8464970588684082,0.34689223766326904,0.8398104310035706,0.982295036315918,0.837845504283905,0.8494786620140076,0.7569233179092407,0.5,0.4999077022075653,0.3722458779811859,0.49870800971984863,0.4945591986179352,0.5,0.49990782141685486,0.6239739060401917,0.5,0.5,0.497393399477005,0.4956303536891937,0.4837571978569031,0.49375930428504944,0.4973987340927124,0.5,0.9596173763275146,2.1556010246276855
348,0.3182770609855652,0.3482058048248291,0.5,0.5,0.5,0.5,0.5,0.4981546401977539,0.5,0.5,0.5,0.4736502766609192,0.4972345232963562,0.5,0.49981552362442017,0.4996306598186493,0.5,0.6361790895462036,0.48300397396087646,0.35082873702049255,0.4977553188800812,0.530876874923706,0.8453401923179626,0.3482058048248291,0.8419802188873291,0.9828011989593506,0.8376919031143188,0.8527241945266724,0.8233230113983154,0.5,0.49990779161453247,0.3731025457382202,0.49833765625953674,0.4954797029495239,0.5,0.4999077022075653,0.5801985263824463,0.5,0.5,0.497301310300827,0.4958978295326233,0.48662951588630676,0.49423256516456604,0.4973958432674408,0.5,0.9532743692398071,1.9930357933044434
349,0.3181614279747009,0.34801217913627625,0.5,0.5,0.5,0.5,0.5,0.49843403697013855,0.5,0.5,0.5,0.44456762075424194,0.4975133538246155,0.5,0.49990782141685486,0.4992617070674896,0.5,0.6247230768203735,0.4360882639884949,0.35118719935417175,0.4979485273361206,0.5375285744667053,0.8456555008888245,0.34801217913627625,0.8463586568832397,0.9838280081748962,0.8389216661453247,0.8486717343330383,0.7515789270401001,0.5,0.4998157322406769,0.3733358085155487,0.4984320104122162,0.4954746961593628,0.5,0.49981561303138733,0.6180170774459839,0.5,0.5,0.49767571687698364,0.4960014820098877,0.4889054596424103,0.4961966574192047,0.497862845659256,0.5,0.9559128880500793,2.0099527835845947
350,0.3180076777935028,0.35008567571640015,0.5,0.5,0.5,0.5,0.5,0.4984329044818878,0.5,0.5,0.5,0.37290167808532715,0.4975110590457916,0.5,0.499815434217453,0.49944669008255005,0.5,0.6048020124435425,0.4410070776939392,0.35290321707725525,0.4981280565261841,0.5532419681549072,0.8501901030540466,0.35008567571640015,0.8453490734100342,0.9809160232543945,0.8444297313690186,0.8515387773513794,0.709089994430542,0.5,0.4999077618122101,0.37654778361320496,0.49824756383895874,0.49371418356895447,0.5,0.49990782141685486,0.5878644585609436,0.5,0.5,0.49814021587371826,0.495728075504303,0.485868364572525,0.496000736951828,0.4972093105316162,0.5,0.9551759958267212,2.3036248683929443

351,0.31787756085395813,0.345560222864151,0.5,0.5,0.5,0.5,0.5,0.4983403980731964,0.5,0.5,0.5,0.4353233873844147,0.4974174499511719,0.5,0.49990785121917725,0.499446302652359,0.5,0.7350175380706787,0.45097318291664124,0.3477260172367096,0.49738365411758423,0.5652592182159424,0.8461831212043762,0.345560222864151,0.8437559604644775,0.9816427230834961,0.840437650680542,0.8507888317108154,0.6573185920715332,0.5,0.5,0.3730349540710449,0.4986172616481781,0.49483203887939453,0.5,0.5,0.5759444236755371,0.5,0.5,0.49768003821372986,0.4962790608406067,0.48659467697143555,0.4952637553215027,0.4974897801876068,0.4999070167541504,0.9572195410728455,2.0922884941101074
352,0.31769490242004395,0.34570014476776123,0.5,0.5,0.5,0.5,0.5,0.49769288301467896,0.5,0.5,0.5,0.41287878155708313,0.49676764011383057,0.5,0.5,0.4991700351238251,0.5,0.5997229814529419,0.43444526195526123,0.3479101359844208,0.4966430366039276,0.5484017729759216,0.8463289737701416,0.34570014476776123,0.844752311706543,0.9815202951431274,0.8405934572219849,0.8507888317108154,0.7499658465385437,0.5,0.5,0.3731454014778137,0.4979686141014099,0.49483680725097656,0.5,0.5,0.585712194442749,0.5,0.5,0.49767398834228516,0.49647101759910583,0.4873488247394562,0.4953479766845703,0.4972129464149475,0.5,0.9596593379974365,2.39689302444458
353,0.3175588548183441,0.35430097579956055,0.5,0.5,0.5,0.5,0.5,0.49852344393730164,0.5,0.5,0.5,0.3772156536579132,0.4976916015148163,0.5,0.4999077022075653,0.49944669008255005,0.5,0.6900148391723633,0.4534560441970825,0.35430097579956055,0.49831682443618774,0.5622403025627136,0.8550903797149658,0.354695200920105,0.8521541357040405,0.9819759726524353,0.8454180359840393,0.8546878099441528,0.7667646408081055,0.5,0.49990779161453247,0.37870919704437256,0.49898654222488403,0.49483394622802734,0.5,0.4999077618122101,0.5919428467750549,0.5,0.5,0.4974874258041382,0.49646708369255066,0.4867784082889557,0.49590545892715454,0.4978576898574829,0.5,0.952112078666687,2.176063299179077
354,0.31745579838752747,0.34809044003486633,0.5,0.5,0.5,0.5,0.5,0.49806487560272217,0.5,0.5,0.5,0.37135472893714905,0.4961276054382324,0.5,0.5,0.499723345041275,0.5,0.8259023427963257,0.4778401255607605,0.3511127531528473,0.49766790866851807,0.5559701919555664,0.8469290733337402,0.34809044003486633,0.8455098867416382,0.980167031288147,0.8419806957244873,0.8524073362350464,0.8043359518051147,0.5,0.4998154938220978,0.37525469064712524,0.49870896339416504,0.49520206451416016,0.5,0.49981552362442017,0.6330907344818115,0.5,0.5,0.4970260262489319,0.49683308601379395,0.4855099320411682,0.49487799406051636,0.4980519413948059,0.5,0.956836998462677,2.1900503635406494
355,0.3173569440841675,0.3484589159488678,0.5,0.5,0.5,0.5,0.5,0.49796897172927856,0.4999077320098877,0.5,0.49990785121917725,0.3697618544101715,0.49714022874832153,0.5,0.5,0.4993547201156616,0.5,0.5326882004737854,0.4350908100605011,0.3540784418582916,0.49783915281295776,0.5248256325721741,0.8474463224411011,0.3484589159488678,0.8464401960372925,0.9835445284843445,0.8423799276351929,0.8535497188568115,0.7808642387390137,0.5,0.49972325563430786,0.37425869703292847,0.49852344393730164,0.4958510100841522,0.4998144805431366,0.49990758299827576,0.638811469078064,0.5,0.5,0.49767225980758667,0.49674782156944275,0.4875580370426178,0.49619171023368835,0.497764527797699,0.49990686774253845,0.9519370794296265,2.188955307006836
356,0.317205011844635,0.34951549768447876,0.5,0.5,0.5,0.5,0.5,0.4977880120277405,0.49990788102149963,0.5,0.49990782141685486,0.3715604841709137,0.49704524874687195,0.5,0.49963071942329407,0.49935436248779297,0.5,0.49972304701805115,0.4817492365837097,0.35061705112457275,0.4972841441631317,0.542297899723053,0.8495811223983765,0.34951549768447876,0.844768762588501,0.9824144840240479,0.8438270092010498,0.8522619605064392,0.7920351028442383,0.5,0.5,0.37467581033706665,0.49806416034698486,0.4954838752746582,0.5,0.5,0.5931671857833862,0.5,0.5,0.49683427810668945,0.4963761270046234,0.4864387810230255,0.4957273006439209,0.498045414686203,0.4999070167541504,0.9570586681365967,2.1040709018707275
357,0.31708261370658875,0.34554773569107056,0.5,0.5,0.5,0.5,0.5,0.4975087642669678,0.5,0.5,0.5,0.36826568841934204,0.496671587228775,0.5,0.4998151957988739,0.499446302652359,0.5,0.4998154938220978,0.4464818835258484,0.3498987555503845,0.49766311049461365,0.5400360226631165,0.8453237414360046,0.34554773569107056,0.842225193977356,0.9834028482437134,0.8366355895996094,0.8487952947616577,0.7892307639122009,0.5,0.49981561303138733,0.3723818361759186,0.49842941761016846,0.4952969253063202,0.5,0.4996310770511627,0.5674110054969788,0.5,0.5,0.4974953532218933,0.49591609835624695,0.48574623465538025,0.49487990140914917,0.49693480134010315,0.5,0.9566208124160767,2.260761260986328
358,0.31697878241539,0.35350561141967773,0.5,0.5,0.5,0.5,0.5,0.4981556534767151,0.5,0.5,0.5,0.37299391627311707,0.4965842068195343,0.5,0.49981555342674255,0.49926185607910156,0.5,0.6126258969306946,0.5224415063858032,0.35455381870269775,0.4968206584453583,0.5689215064048767,0.8471349477767944,0.35350561141967773,0.8480578660964966,0.9827125072479248,0.8440114259719849,0.8529634475708008,0.7605804800987244,0.5,0.4999076724052429,0.3764367699623108,0.49824851751327515,0.4956609904766083,0.5,0.4999077022075653,0.605226993560791,0.5,0.5,0.49786126613616943,0.4965587854385376,0.4868127703666687,0.4949786067008972,0.4976752698421478,0.5,0.955769956111908,2.0530502796173096
359,0.3169078528881073,0.3493528664112091,0.5,0.5,0.5,0.5,0.5,0.4989854395389557,0.5,0.5,0.5,0.3717924952507019,0.49787822365760803,0.5,0.499723345041275,0.49972328543663025,0.5,0.8199076652526855,0.460603266954422,0.3511696457862854,0.49841031432151794,0.5466288924217224,0.8497532606124878,0.3493528664112091,0.8456273674964905,0.9837791919708252,0.8439394235610962,0.854737401008606,0.785148024559021,0.5,0.5,0.3743053078651428,0.49870944023132324,0.49612903594970703,0.5,0.5,0.5392290353775024,0.5,0.5,0.4981440305709839,0.49674054980278015,0.48670509457588196,0.4951672852039337,0.4972035884857178,0.4999072551727295,0.9541659355163574,2.028780221939087
360,0.3167804777622223,0.34086576104164124,0.5,0.5,0.5,0.5,0.5,0.49796971678733826,0.5,0.5,0.5,0.3630402684211731,0.4970485270023346,0.5,0.49990785121917725,0.4993537664413452,0.5,0.7499078512191772,0.43528106808662415,0.3434678316116333,0.497383177280426,0.5371025800704956,0.8403849601745605,0.34086576104164124,0.8398363590240479,0.9830235242843628,0.8345043659210205,0.8448734879493713,0.7538244724273682,0.5,0.5,0.36725255846977234,0.4983379542827606,0.49640288949012756,0.5,0.5,0.5987861752510071,0.5,0.5,0.4982355237007141,0.4968366324901581,0.48811954259872437,0.4956400692462921,0.49795082211494446,0.49990713596343994,0.9570134878158569,2.278318166732788

361,0.3166290521621704,0.34525394439697266,0.5,0.5,0.5,0.5,0.5,0.49805986881256104,0.4999076724052429,0.5,0.5,0.3703122138977051,0.4976933002471924,0.5,0.4998152554035187,0.49981576204299927,0.5,0.6133595108985901,0.4715236723423004,0.35131651163101196,0.497856467962265,0.5389716029167175,0.8496676087379456,0.34525394439697266,0.8448406457901001,0.9811123609542847,0.8417047262191772,0.852393627166748,0.6413019299507141,0.5,0.499907910823822,0.37525448203086853,0.49852535128593445,0.49548304080963135,0.5,0.49990779161453247,0.6078063249588013,0.5,0.5,0.49776703119277954,0.49600890278816223,0.48744186758995056,0.49646511673927307,0.4969353675842285,0.5,0.9580156803131104,2.349547863006592
362,0.31651484966278076,0.3497518002986908,0.5,0.5,0.5,0.5,0.5,0.4976933002471924,0.4996309280395508,0.5,0.5,0.37311094999313354,0.497321754693985,0.5,0.4998154938220978,0.49944719672203064,0.5,0.7333333492279053,0.41009989380836487,0.35256174206733704,0.4972897171974182,0.5856761932373047,0.8508071899414062,0.3497518002986908,0.8484128713607788,0.9805788397789001,0.8425009250640869,0.8546159267425537,0.8021361827850342,0.5,0.499815434217453,0.3765981197357178,0.4984317421913147,0.4942772686481476,0.5,0.4998156428337097,0.6161521673202515,0.5,0.5,0.49721190333366394,0.4948846697807312,0.4872889220714569,0.4954528510570526,0.49721500277519226,0.499813973903656,0.9587603807449341,2.176903009414673
363,0.3163880407810211,0.3467160165309906,0.5,0.5,0.5,0.5,0.5,0.4977859854698181,0.4998154044151306,0.5,0.5,0.36948496103286743,0.49760058522224426,0.5,0.4996309280395508,0.49963146448135376,0.5,0.49990782141685486,0.4422718286514282,0.34901490807533264,0.4977636933326721,0.5871163606643677,0.8482379913330078,0.3467160165309906,0.8446601629257202,0.9827061891555786,0.8391023278236389,0.8510172963142395,0.8352076411247253,0.5,0.4998154938220978,0.37208226323127747,0.49870991706848145,0.4950110912322998,0.5,0.49990779161453247,0.6280412077903748,0.5,0.5,0.4973023235797882,0.49665677547454834,0.4867759346961975,0.4956352114677429,0.49767959117889404,0.4998142719268799,0.958044707775116,2.0863585472106934
364,0.31622418761253357,0.3477022349834442,0.5,0.5,0.5,0.5,0.5,0.49806487560272217,0.4998154938220978,0.5,0.5,0.36838221549987793,0.4976941645145416,0.5,0.49981561303138733,0.4997234642505646,0.5,0.4997231066226959,0.4860391616821289,0.3499540090560913,0.49774816632270813,0.546965479850769,0.8461391925811768,0.3477022349834442,0.8415331840515137,0.9836190342903137,0.8378044366836548,0.8495126962661743,0.8033732771873474,0.5,0.5,0.3708271384239197,0.49870991706848145,0.4949280619621277,0.5,0.5,0.5765811800956726,0.5,0.5,0.49785566329956055,0.49629560112953186,0.4867906868457794,0.49535489082336426,0.4973943829536438,0.49990707635879517,0.9565834999084473,2.1984200477600098
365,0.31610751152038574,0.3451041877269745,0.5,0.5,0.5,0.5,0.5,0.4977859854698181,0.49990779161453247,0.5,0.5,0.3678373396396637,0.4966789782047272,0.5,0.49944546818733215,0.49944639205932617,0.5,0.7496306896209717,0.4935064911842346,0.3451041877269745,0.4971988797187805,0.5826576352119446,0.8475540280342102,0.3460003733634949,0.8447062969207764,0.9809969663619995,0.8391329050064087,0.8499904870986938,0.7386573553085327,0.5,0.5,0.37247639894485474,0.49806344509124756,0.4940948486328125,0.5,0.5,0.6226478219032288,0.5,0.5,0.49600446224212646,0.4964729845523834,0.4868934750556946,0.49526551365852356,0.4974888265132904,0.5,0.9599790573120117,2.133139133453369
366,0.3159979581832886,0.3461757302284241,0.5,0.5,0.5,0.5,0.5,0.4986182749271393,0.5,0.5,0.5,0.369047611951828,0.4971412718296051,0.5,0.4995390772819519,0.4995388388633728,0.5,0.6424885392189026,0.4404606521129608,0.34732964634895325,0.49776118993759155,0.5434514284133911,0.8447916507720947,0.3461757302284241,0.8429468870162964,0.9835644960403442,0.8383915424346924,0.8488504886627197,0.8077680468559265,0.5,0.49990764260292053,0.3726380169391632,0.49824658036231995,0.4953840374946594,0.5,0.49990782141685486,0.6072901487350464,0.5,0.5,0.4977690875530243,0.4977690875530243,0.48735588788986206,0.4956384599208832,0.49777117371559143,0.5,0.9587937593460083,2.321648359298706
367,0.31591111421585083,0.3419455587863922,0.5,0.5,0.5,0.5,0.5,0.49806416034698486,0.4999077618122101,0.4999077022075653,0.5,0.36323365569114685,0.4966789782047272,0.5,0.49963098764419556,0.4996313452720642,0.5,0.5523548722267151,0.5021141767501831,0.3419455587863922,0.49747568368911743,0.5521457195281982,0.8416808843612671,0.3434238135814667,0.8382185101509094,0.9828240871429443,0.8342220783233643,0.8466994762420654,0.8386178016662598,0.5,0.49990785121917725,0.36867937445640564,0.4979693591594696,0.49548137187957764,0.5,0.5,0.63755202293396,0.5,0.5,0.4975854456424713,0.4969325065612793,0.4864990711212158,0.4963721036911011,0.4978640377521515,0.49981367588043213,0.9597989916801453,2.6054532527923584
368,0.3157992362976074,0.34468790888786316,0.5,0.5,0.5,0.5,0.5,0.49824756383895874,0.5,0.5,0.5,0.36343491077423096,0.4976036846637726,0.5,0.4992603659629822,0.4995381534099579,0.5,0.6249077320098877,0.42752742767333984,0.34468790888786316,0.4977570176124573,0.5502468347549438,0.8432750701904297,0.3454252779483795,0.8414448499679565,0.9825648069381714,0.8382073640823364,0.8475366234779358,0.8296264410018921,0.5,0.49990788102149963,0.3690255582332611,0.49824658036231995,0.4953891634941101,0.5,0.4999077022075653,0.6105936169624329,0.5,0.5,0.4971146583557129,0.4973992109298706,0.48743951320648193,0.4958178400993347,0.49795615673065186,0.4996286630630493,0.9537559747695923,2.3606598377227783
369,0.31568992137908936,0.34683358669281006,0.5,0.5,0.5,0.5,0.5,0.49824756383895874,0.49990764260292053,0.5,0.5,0.36801329255104065,0.49713757634162903,0.5,0.4990776479244232,0.499631404876709,0.5,0.7850683927536011,0.5150918960571289,0.34683358669281006,0.497856080532074,0.5443840622901917,0.8434343338012695,0.3475493788719177,0.8447883129119873,0.9829092025756836,0.8387983441352844,0.8491033911705017,0.8286392688751221,0.5,0.4999076724052429,0.3721748888492584,0.4983391761779785,0.4952003061771393,0.5,0.49990764260292053,0.7109948992729187,0.5,0.5,0.4968348443508148,0.49711841344833374,0.48766234517097473,0.4954376220703125,0.4980512261390686,0.49990707635879517,0.9574790000915527,2.454752206802368
370,0.31553032994270325,0.34894347190856934,0.5,0.5,0.5,0.5,0.5,0.4986167550086975,0.4999076724052429,0.5,0.5,0.37327060103416443,0.49750739336013794,0.5,0.4988919794559479,0.4996310770511627,0.5,0.7306771278381348,0.46185728907585144,0.351906418800354,0.49757280945777893,0.5361506342887878,0.8512688279151917,0.34894347190856934,0.8479254245758057,0.9790123701095581,0.8444613218307495,0.8524434566497803,0.842751681804657,0.5,0.5,0.3774999976158142,0.4982469081878662,0.49382829666137695,0.5,0.49990782141685486,0.6141093969345093,0.5,0.5,0.49692851305007935,0.49600669741630554,0.48736998438835144,0.4940398633480072,0.4970282316207886,0.49981415271759033,0.95930016040802,2.1861274242401123

371,0.31540077924728394,0.3504888415336609,0.5,0.5,0.5,0.5,0.5,0.49889320135116577,0.499630868434906,0.5,0.5,0.37428465485572815,0.49704796075820923,0.5,0.4994468092918396,0.4997234046459198,0.5,0.6361794471740723,0.4733046889305115,0.3504888415336609,0.4985949695110321,0.5456950068473816,0.8496283292770386,0.35218214988708496,0.849289059638977,0.9825847148895264,0.844429612159729,0.857251763343811,0.8194615244865417,0.5,0.4999077618122101,0.3778477609157562,0.49907782673835754,0.49519675970077515,0.5,0.5,0.6269163489341736,0.5,0.5,0.4968354403972626,0.4964618384838104,0.48541975021362305,0.4931226670742035,0.49776577949523926,0.4996282458305359,0.9541336297988892,2.4388034343719482
372,0.315321683883667,0.34353113174438477,0.5,0.4999077618122101,0.5,0.5,0.5,0.4976023733615875,0.49953797459602356,0.49990785121917725,0.4999077320098877,0.3700830936431885,0.4958517551422119,0.5,0.4992629587650299,0.4991692900657654,0.5,0.49972355365753174,0.48853549361228943,0.34353113174438477,0.4966355264186859,0.5827861428260803,0.8467111587524414,0.35019010305404663,0.8463958501815796,0.9816113710403442,0.8427810668945312,0.8498287200927734,0.8474223017692566,0.5,0.4999079406261444,0.3754626214504242,0.49685707688331604,0.494558185338974,0.5,0.49990779161453247,0.6109441518783569,0.5,0.5,0.49665552377700806,0.49619171023368835,0.4875833988189697,0.4951780438423157,0.49758410453796387,0.5,0.9591389894485474,2.6381211280822754
373,0.31516963243484497,0.3440493643283844,0.5,0.4999077618122101,0.5,0.5,0.5,0.497787207365036,0.4994471073150635,0.49990782141685486,0.4999077022075653,0.37096476554870605,0.49649253487586975,0.5,0.49972304701805115,0.49889278411865234,0.5,0.4991706609725952,0.5314640998840332,0.3440493643283844,0.49664053320884705,0.5730379819869995,0.8487155437469482,0.3483146131038666,0.8440053462982178,0.9828370809555054,0.8444907665252686,0.8523809909820557,0.8041725158691406,0.5,0.49963119626045227,0.3753472864627838,0.4969545900821686,0.49456220865249634,0.4999072551727295,0.49972376227378845,0.5855135917663574,0.5,0.5,0.4976752698421478,0.4957273006439209,0.48654666543006897,0.49544355273246765,0.49637141823768616,0.4998139441013336,0.9611399173736572,2.322627067565918
374,0.31501054763793945,0.3449705243110657,0.5,0.4999077022075653,0.5,0.5,0.4999077618122101,0.49788057804107666,0.49963071942329407,0.4999077618122101,0.49990779161453247,0.37142330408096313,0.49668020009994507,0.5,0.4995388388633728,0.49880072474479675,0.5,0.5530170798301697,0.4284743070602417,0.3449705243110657,0.49709028005599976,0.5738845467567444,0.8506196737289429,0.3490818738937378,0.8478549718856812,0.9825294017791748,0.8429169654846191,0.8503039479255676,0.8454788327217102,0.5,0.4999077618122101,0.37597113847732544,0.49713757634162903,0.49410030245780945,0.4999072253704071,0.5,0.610984742641449,0.5,0.5,0.49721240997314453,0.496011883020401,0.48803338408470154,0.49573126435279846,0.4970337450504303,0.49981436133384705,0.9587953090667725,2.4429728984832764
375,0.3148643374443054,0.34492912888526917,0.5,0.5,0.5,0.5,0.5,0.4980602264404297,0.49990779161453247,0.5,0.5,0.37195345759391785,0.49750831723213196,0.5,0.49944639205932617,0.4996311366558075,0.5,0.6247236728668213,0.43897929787635803,0.34492912888526917,0.4971967935562134,0.5774232149124146,0.8489900827407837,0.3477805256843567,0.8456883430480957,0.9819254279136658,0.8412728309631348,0.850741982460022,0.845380425453186,0.5,0.5,0.37513935565948486,0.4977843463420868,0.49446699023246765,0.5,0.5,0.5930495858192444,0.5,0.5,0.4973997175693512,0.4960037171840668,0.48548567295074463,0.4949702024459839,0.4972067177295685,0.49990710616111755,0.9588147401809692,2.6395692825317383
376,0.3147611916065216,0.3433990180492401,0.5,0.5,0.5,0.5,0.5,0.49787941575050354,0.49990782141685486,0.5,0.5,0.3689795136451721,0.4975106120109558,0.5,0.4990774989128113,0.499630868434906,0.5,0.5949612855911255,0.5044393539428711,0.3433990180492401,0.498132586479187,0.5649592280387878,0.848193883895874,0.34576594829559326,0.8439931869506836,0.98082035779953,0.8409478664398193,0.8512997031211853,0.8411719799041748,0.5,0.5,0.3739814758300781,0.49815431237220764,0.4941892623901367,0.5,0.49990758299827576,0.5837589502334595,0.5,0.5,0.49656134843826294,0.4960944652557373,0.4849246144294739,0.49377554655075073,0.4975004494190216,0.5,0.9590826034545898,2.4392480850219727
377,0.3146820068359375,0.35200515389442444,0.5,0.5,0.5,0.5,0.49990779161453247,0.4971407353878021,0.4998152554035187,0.5,0.5,0.3748846650123596,0.49667835235595703,0.5,0.4996310770511627,0.49935436248779297,0.5,0.6248156428337097,0.5016666650772095,0.35200515389442444,0.49710172414779663,0.6272627711296082,0.8511348366737366,0.3560980260372162,0.8503245115280151,0.983803391456604,0.8466157913208008,0.8566951751708984,0.8483495712280273,0.5,0.49981552362442017,0.37947338819503784,0.49760013818740845,0.4947417080402374,0.5,0.49972349405288696,0.5935946106910706,0.5,0.5,0.4971221685409546,0.49656006693840027,0.4869985282421112,0.4945187568664551,0.4973008334636688,0.499534010887146,0.9545871019363403,2.296121120452881
378,0.31455379724502563,0.34344682097435,0.5,0.5,0.5,0.5,0.4999077022075653,0.4977831244468689,0.49972277879714966,0.5,0.5,0.36351874470710754,0.4976010322570801,0.5,0.4991692900657654,0.49935364723205566,0.5,0.7890125513076782,0.4467107653617859,0.34395724534988403,0.4978516697883606,0.5820386409759521,0.8426260948181152,0.34344682097435,0.8430629372596741,0.9802857041358948,0.8381124138832092,0.8446767926216125,0.8392313718795776,0.5,0.49972355365753174,0.36863070726394653,0.4976941645145416,0.4937222898006439,0.5,0.49972328543663025,0.5937862396240234,0.5,0.5,0.4979493021965027,0.49628734588623047,0.4884950816631317,0.4955473244190216,0.4969359338283539,0.4994414448738098,0.9584806561470032,2.3161840438842773
379,0.31443771719932556,0.3478468060493469,0.5,0.5,0.5,0.5,0.5,0.4974193572998047,0.4996310770511627,0.5,0.5,0.36867380142211914,0.4973222613334656,0.5,0.4996304512023926,0.4991689622402191,0.5,0.7605003118515015,0.4372885823249817,0.3487580418586731,0.49774816632270813,0.5630488991737366,0.8483466506004333,0.3478468060493469,0.846527099609375,0.9807217121124268,0.8438626527786255,0.8491067886352539,0.844987690448761,0.5,0.4999077320098877,0.37425869703292847,0.49815496802330017,0.4919697344303131,0.5,0.49990788102149963,0.6207240223884583,0.5,0.5,0.49618250131607056,0.49488943815231323,0.4867125153541565,0.495357483625412,0.4965587854385376,0.4998142421245575,0.9580281376838684,2.6530377864837646
380,0.3142385184764862,0.34591254591941833,0.5,0.5,0.5,0.5,0.5,0.49732521176338196,0.49963077902793884,0.5,0.5,0.36720767617225647,0.49695852398872375,0.5,0.498891144990921,0.4991697371006012,0.5,0.7881844639778137,0.42285531759262085,0.3464726507663727,0.49747759103775024,0.6272082924842834,0.8438212871551514,0.34591254591941833,0.8427518606185913,0.9845949411392212,0.8384644985198975,0.8491821885108948,0.842130184173584,0.5,0.4999077022075653,0.3728500008583069,0.49751150608062744,0.4941013753414154,0.5,0.4999077022075653,0.5713863968849182,0.5,0.5,0.4976713955402374,0.4958155155181885,0.48624280095100403,0.49535056948661804,0.4968436658382416,0.49972134828567505,0.9630649089813232,2.129218578338623

381,0.3140822649002075,0.3479999899864197,0.5,0.5,0.5,0.5,0.49981561303138733,0.49741697311401367,0.49963098764419556,0.5,0.5,0.37137848138809204,0.49686405062675476,0.5,0.4991702139377594,0.49898672103881836,0.5,0.7891047596931458,0.47461965680122375,0.349475234746933,0.497761607170105,0.6005741357803345,0.8521367311477661,0.3479999899864197,0.8448505401611328,0.9805750846862793,0.84479820728302,0.8525371551513672,0.8456931114196777,0.5,0.5,0.3770112693309784,0.49824756383895874,0.4946524202823639,0.5,0.5,0.6083889007568359,0.5,0.5,0.4961860477924347,0.49665677547454834,0.48391297459602356,0.4931265115737915,0.4986954927444458,0.49990713596343994,0.9606910943984985,2.2251319885253906
382,0.3140135407447815,0.34907811880111694,0.5,0.5,0.5,0.5,0.5,0.49732571840286255,0.4994466006755829,0.4999077022075653,0.5,0.37128621339797974,0.4969596564769745,0.5,0.4990776479244232,0.4989846646785736,0.5,0.7077794075012207,0.42749565839767456,0.35016587376594543,0.497279554605484,0.5909765362739563,0.8467987775802612,0.34907811880111694,0.8500189781188965,0.9831183552742004,0.8436962366104126,0.8526386022567749,0.8471457958221436,0.5,0.4999077022075653,0.3765260875225067,0.4978801906108856,0.4953840374946594,0.5,0.49990782141685486,0.5578541159629822,0.5,0.5,0.4963693916797638,0.4979565441608429,0.48868274688720703,0.4956360161304474,0.4987008273601532,0.4998140335083008,0.9535796642303467,2.205911874771118
383,0.31393516063690186,0.3505620062351227,0.5,0.5,0.5,0.5,0.5,0.4976010322570801,0.4997231364250183,0.4999076724052429,0.5,0.37259793281555176,0.49723196029663086,0.5,0.4993542432785034,0.49944669008255005,0.5,0.7722658514976501,0.49309009313583374,0.3505620062351227,0.49737876653671265,0.6152890920639038,0.8542460203170776,0.3519923985004425,0.8508156538009644,0.9832636117935181,0.8477307558059692,0.8554182648658752,0.8485366702079773,0.5,0.5,0.3768317699432373,0.4980616569519043,0.49400368332862854,0.5,0.5,0.5918219685554504,0.5,0.5,0.4965587854385376,0.4952513873577118,0.4874301552772522,0.4947984516620636,0.49656006693840027,0.4992540180683136,0.9506387710571289,2.3997886180877686
384,0.3138769567012787,0.34260451793670654,0.5,0.5,0.5,0.5,0.5,0.49667590856552124,0.49963125586509705,0.4999077320098877,0.5,0.3676389157772064,0.4965842068195343,0.5,0.49852508306503296,0.499262273311615,0.5,0.7387611865997314,0.4597066044807434,0.34260451793670654,0.49709901213645935,0.5507462620735168,0.8459280729293823,0.34507712721824646,0.8406059741973877,0.9837328791618347,0.8401747941970825,0.8486256003379822,0.8425556421279907,0.5,0.4999076724052429,0.37275588512420654,0.4976949989795685,0.49493086338043213,0.5,0.4999077022075653,0.6628899574279785,0.5,0.5,0.4973113238811493,0.49683132767677307,0.48505938053131104,0.494047611951828,0.4982335567474365,0.4994429051876068,0.9570909142494202,2.1371538639068604
385,0.3138038218021393,0.3444403409957886,0.5,0.5,0.5,0.5,0.5,0.49677181243896484,0.499815434217453,0.49990779161453247,0.5,0.36792105436325073,0.4964957535266876,0.5,0.49953892827033997,0.4995386600494385,0.5,0.7304921746253967,0.45337924361228943,0.3444403409957886,0.49710118770599365,0.5740048289299011,0.8471294641494751,0.3485855460166931,0.84375,0.9828011989593506,0.8400647640228271,0.8494868874549866,0.8448801040649414,0.5,0.5,0.37312185764312744,0.49723145365715027,0.4938191771507263,0.5,0.5,0.6208515167236328,0.5,0.5,0.49768173694610596,0.4961839020252228,0.48552069067955017,0.4939647316932678,0.49748557806015015,0.4996272027492523,0.9559152126312256,2.234968900680542
386,0.31370604038238525,0.34743732213974,0.5,0.5,0.5,0.5,0.5,0.49750691652297974,0.49963030219078064,0.4998154640197754,0.5,0.37331610918045044,0.49769458174705505,0.5,0.4994468092918396,0.4994458854198456,0.5,0.7102496027946472,0.4749259948730469,0.34743732213974,0.49822959303855896,0.5625330805778503,0.8526265621185303,0.35069510340690613,0.8449656963348389,0.9796600341796875,0.8435961008071899,0.8552781939506531,0.8474254608154297,0.5,0.49990782141685486,0.3774773180484772,0.4984331727027893,0.49473685026168823,0.5,0.4999077022075653,0.6151155233383179,0.5,0.5,0.496747225522995,0.49646642804145813,0.485496461391449,0.4943329691886902,0.49768131971359253,0.4992537200450897,0.9562943577766418,2.1719815731048584
387,0.31359729170799255,0.3451547622680664,0.5,0.5,0.5,0.5,0.49990782141685486,0.49695685505867004,0.49963098764419556,0.4999077022075653,0.5,0.3703840374946594,0.4966789782047272,0.5,0.4997231364250183,0.49926143884658813,0.5,0.7330568432807922,0.469237744808197,0.3451547622680664,0.4969227910041809,0.5367492437362671,0.8470476269721985,0.34985780715942383,0.8486542701721191,0.9830798506736755,0.8421303033828735,0.8505692481994629,0.8449885845184326,0.5,0.4999076724052429,0.37550944089889526,0.4975046217441559,0.4936358630657196,0.5,0.4999077618122101,0.6011784076690674,0.5,0.5,0.49823683500289917,0.4960995614528656,0.486964613199234,0.4941253364086151,0.49729830026626587,0.4989757835865021,0.9572967290878296,2.2594175338745117
388,0.3134704828262329,0.34263351559638977,0.5,0.5,0.5,0.5,0.5,0.4970490634441376,0.49935460090637207,0.5,0.5,0.3699299395084381,0.49677538871765137,0.5,0.49953916668891907,0.49889278411865234,0.5,0.6841182708740234,0.4655972123146057,0.34263351559638977,0.4976709485054016,0.554077684879303,0.8486979603767395,0.34965699911117554,0.8459402322769165,0.9812487959861755,0.8441829681396484,0.850712239742279,0.8450704216957092,0.5,0.4998154938220978,0.37551021575927734,0.497321754693985,0.4917004704475403,0.5,0.4999077618122101,0.6271112561225891,0.5,0.5,0.49758410453796387,0.49591153860092163,0.4859430193901062,0.4928305447101593,0.49675023555755615,0.4989757835865021,0.9578402042388916,2.2103328704833984
389,0.31336578726768494,0.34468790888786316,0.5,0.5,0.5,0.5,0.5,0.4967724084854126,0.4996313452720642,0.5,0.5,0.37135472893714905,0.49723297357559204,0.5,0.49926117062568665,0.4991692900657654,0.5,0.75,0.42733684182167053,0.34468790888786316,0.49737778306007385,0.6046040058135986,0.8515491485595703,0.348008394241333,0.8481565713882446,0.9817906022071838,0.8449162244796753,0.8559063673019409,0.8453716039657593,0.5,0.4999077022075653,0.3768102526664734,0.49760323762893677,0.49400368332862854,0.5,0.5,0.6005861759185791,0.5,0.5,0.497403085231781,0.49619242548942566,0.4861704111099243,0.4950697720050812,0.4971168041229248,0.49897560477256775,0.9571802616119385,2.1587040424346924
390,0.31322962045669556,0.3392857015132904,0.5,0.5,0.5,0.5,0.4999077618122101,0.49649640917778015,0.49953874945640564,0.49981561303138733,0.5,0.36349382996559143,0.4967736005783081,0.5,0.49926212430000305,0.4988934099674225,0.5,0.6361790895462036,0.49553626775741577,0.3392857015132904,0.4974728524684906,0.5770060420036316,0.8398519158363342,0.34297364950180054,0.837699294090271,0.9817991256713867,0.8353520035743713,0.8458404541015625,0.8393230438232422,0.5,0.4998152554035187,0.36867937445640564,0.4978758692741394,0.49363937973976135,0.5,0.4998156726360321,0.6307441592216492,0.5,0.5,0.49665552377700806,0.49599701166152954,0.48571163415908813,0.49442481994628906,0.49767959117889404,0.49953582882881165,0.9597182273864746,2.24119234085083

391,0.3131072223186493,0.34468790888786316,0.5,0.4999077320098877,0.4999076724052429,0.5,0.4999076724052429,0.49778228998184204,0.4994470179080963,0.49981555342674255,0.4998154640197754,0.3681683838367462,0.4976933002471924,0.5,0.4984320104122162,0.49898672103881836,0.5,0.7625122666358948,0.4515061378479004,0.34468790888786316,0.4977528154850006,0.6071901917457581,0.8501232862472534,0.3460733890533447,0.8439399600028992,0.9827357530593872,0.8425114154815674,0.8512585759162903,0.8434227705001831,0.5,0.4997234046459198,0.3730100095272064,0.49787625670433044,0.49511611461639404,0.4999074637889862,0.4997231960296631,0.5891053676605225,0.5,0.5,0.49684250354766846,0.4960850179195404,0.4863230288028717,0.4938696026802063,0.49767613410949707,0.4998142421245575,0.9557619094848633,2.250896692276001
392,0.3129909634590149,0.3494197726249695,0.5,0.5,0.5,0.5,0.5,0.49760279059410095,0.49990785121917725,0.5,0.5,0.3730875551700592,0.4976941645145416,0.5,0.4990769922733307,0.4997229278087616,0.5,0.733148992061615,0.48052629828453064,0.3494197726249695,0.49746382236480713,0.6284275054931641,0.8528348207473755,0.35006654262542725,0.8490028381347656,0.9837297797203064,0.8465497493743896,0.8554710149765015,0.8465553522109985,0.5,0.49963077902793884,0.37653401494026184,0.4980655908584595,0.4943716526031494,0.5,0.4997229278087616,0.5616660714149475,0.5,0.5,0.49814194440841675,0.4966542720794678,0.48671743273735046,0.4943329691886902,0.4982299208641052,0.49944165349006653,0.9576132297515869,2.5536043643951416
393,0.3128912150859833,0.3417511582374573,0.5,0.5,0.5,0.5,0.49972298741340637,0.497138112783432,0.49990782141685486,0.5,0.5,0.36775562167167664,0.4972345232963562,0.5,0.49935436248779297,0.49935460090637207,0.5,0.7642449140548706,0.5413888692855835,0.3417511582374573,0.4976613521575928,0.6275573968887329,0.8479293584823608,0.34742051362991333,0.8446998596191406,0.9834154844284058,0.8414982557296753,0.8489862680435181,0.8436543941497803,0.5,0.4999077022075653,0.3726126551628113,0.4977859854698181,0.4939226508140564,0.5,0.4999077022075653,0.6927933692932129,0.5,0.5,0.4965638816356659,0.4963693916797638,0.48635604977607727,0.4950752556324005,0.49767830967903137,0.499442994594574,0.9568707942962646,2.4432921409606934
394,0.3127225637435913,0.3441642224788666,0.5,0.5,0.5,0.5,0.49990782141685486,0.49760013818740845,0.5,0.5,0.5,0.3665989637374878,0.49778637290000916,0.5,0.4985237121582031,0.49926185607910156,0.5,0.7854371070861816,0.5175895094871521,0.3441642224788666,0.49803996086120605,0.6136625409126282,0.8466780185699463,0.3459269106388092,0.8416650891304016,0.9834820628166199,0.8368672132492065,0.848631739616394,0.8422104120254517,0.5,0.499723345041275,0.37266507744789124,0.4984314441680908,0.49557194113731384,0.5,0.49972274899482727,0.584113359451294,0.5,0.5,0.4958139657974243,0.4962700605392456,0.48596131801605225,0.4952637553215027,0.4970254600048065,0.49944332242012024,0.9616097807884216,2.3311805725097656
395,0.3126642405986786,0.3474498391151428,0.5,0.5,0.5,0.5,0.5,0.4965892434120178,0.4998156726360321,0.5,0.5,0.37414589524269104,0.4969562888145447,0.5,0.49916866421699524,0.49953892827033997,0.5,0.7244464755058289,0.457643061876297,0.3474498391151428,0.4971092939376831,0.5806799530982971,0.8531094789505005,0.3526006042957306,0.8509624600410461,0.9801549911499023,0.8478838205337524,0.8550628423690796,0.846403956413269,0.5,0.4997231960296631,0.38013318181037903,0.4975992739200592,0.49400147795677185,0.5,0.4997237026691437,0.6050100326538086,0.5,0.5,0.4967508316040039,0.49582481384277344,0.4857594966888428,0.49413734674453735,0.49767398834228516,0.49962782859802246,0.9537379741668701,2.5009143352508545
396,0.3125750422477722,0.3418630361557007,0.5,0.5,0.5,0.5,0.5,0.4966789782047272,0.4997231066226959,0.5,0.5,0.3664882779121399,0.4967747926712036,0.5,0.4989844858646393,0.4993547201156616,0.5,0.733148992061615,0.4655527174472809,0.3418630361557007,0.49794507026672363,0.6124699711799622,0.8450570106506348,0.3441360890865326,0.8425767421722412,0.9799619913101196,0.8402817249298096,0.8472115993499756,0.8415653705596924,0.5,0.49981576204299927,0.3725743889808655,0.49732473492622375,0.4923502206802368,0.5,0.49981555342674255,0.5971989035606384,0.5,0.5,0.49656516313552856,0.4958147406578064,0.4856930375099182,0.4917270839214325,0.49656644463539124,0.4992572069168091,0.9576333165168762,2.468317747116089
397,0.3124658167362213,0.3395618498325348,0.5,0.49990782141685486,0.4999077618122101,0.5,0.4999077022075653,0.49658986926078796,0.4998154640197754,0.4999077320098877,0.4999077618122101,0.3651789128780365,0.49631133675575256,0.5,0.4981529414653778,0.4994458854198456,0.5,0.7103418111801147,0.47155454754829407,0.3395618498325348,0.4963551461696625,0.5522422790527344,0.8425750136375427,0.34466665983200073,0.839184045791626,0.9835925698280334,0.8354274034500122,0.8480868339538574,0.8421052694320679,0.5,0.4997231066226959,0.3711082339286804,0.4968652129173279,0.494276225566864,0.5,0.4998154640197754,0.6217123866081238,0.5,0.5,0.49535056948661804,0.4960879385471344,0.4835471212863922,0.4926525354385376,0.49693137407302856,0.4993506371974945,0.9595038294792175,2.6056129932403564
398,0.3123704195022583,0.3458632826805115,0.5,0.5,0.5,0.5,0.4999077618122101,0.496222585439682,0.4996309280395508,0.5,0.5,0.37079793214797974,0.4964970648288727,0.5,0.49852344393730164,0.4992615878582001,0.5,0.8331488966941833,0.4550494849681854,0.3458632826805115,0.49747851490974426,0.6073617935180664,0.8490098714828491,0.3502001166343689,0.8464163541793823,0.9820853471755981,0.8416984677314758,0.854630172252655,0.8461391925811768,0.5,0.5,0.3769059181213379,0.49760279059410095,0.4930824637413025,0.5,0.49990782141685486,0.5980639457702637,0.5,0.5,0.4973048269748688,0.49516817927360535,0.4837239682674408,0.49330854415893555,0.4973093271255493,0.49944278597831726,0.959319531917572,2.7391583919525146
399,0.31225594878196716,0.3398783206939697,0.5,0.5,0.5,0.5,0.49990764260292053,0.4975087642669678,0.499446302652359,0.49990785121917725,0.5,0.36510127782821655,0.49686577916145325,0.5,0.4990776479244232,0.49898505210876465,0.5,0.691847026348114,0.4323653280735016,0.3398783206939697,0.49766790866851807,0.5781682133674622,0.842951774597168,0.34281378984451294,0.8418095111846924,0.9814743995666504,0.8381097316741943,0.8482431173324585,0.8423542976379395,0.5,0.4997229278087616,0.3712752163410187,0.49769458174705505,0.49363234639167786,0.5,0.4996310770511627,0.6462355852127075,0.5,0.5,0.49702104926109314,0.49618107080459595,0.4864538908004761,0.4932093024253845,0.4975818395614624,0.4994432032108307,0.9587703347206116,2.296814441680908
400,0.3121686279773712,0.3464726507663727,0.5,0.5,0.5,0.5,0.4998152256011963,0.49806058406829834,0.49953848123550415,0.5,0.5,0.37456220388412476,0.498153954744339,0.5,0.49861598014831543,0.4992617070674896,0.5,0.6901993751525879,0.4676610231399536,0.3464726507663727,0.4982213079929352,0.6263154745101929,0.8522706031799316,0.34981024265289307,0.8447948694229126,0.9827454686164856,0.8448635339736938,0.8543486595153809,0.8461318612098694,0.5,0.4999077618122101,0.3751620650291443,0.4986162483692169,0.4932619631290436,0.5,0.5,0.5733726024627686,0.5,0.5,0.49702656269073486,0.4960995614528656,0.4866344928741455,0.49357062578201294,0.4973083436489105,0.4993492066860199,0.9561865329742432,2.1528971195220947

401,0.31209680438041687,0.34708917140960693,0.5,0.4999077022075653,0.49990761280059814,0.5,0.499723345041275,0.4965892434120178,0.49926266074180603,0.49981531500816345,0.4999077618122101,0.3747923970222473,0.4969557225704193,0.5,0.4983391761779785,0.49907833337783813,0.5,0.705329179763794,0.4183526635169983,0.34708917140960693,0.49729123711586,0.588992714881897,0.8503336906433105,0.3544159531593323,0.8521581888198853,0.9811087846755981,0.8467313051223755,0.853723406791687,0.8509204387664795,0.5,0.4996315538883209,0.37962621450424194,0.4974188804626465,0.49270814657211304,0.49981480836868286,0.4996306002140045,0.6334753036499023,0.5,0.5,0.4964677393436432,0.4954410195350647,0.48585784435272217,0.4923607110977173,0.49656134843826294,0.49888476729393005,0.9570902585983276,2.1255276203155518
402,0.31196659803390503,0.3470739722251892,0.5,0.5,0.5,0.5,0.4999076724052429,0.4972293972969055,0.4997234642505646,0.4998154938220978,0.5,0.37467700242996216,0.49667835235595703,0.5,0.49870848655700684,0.4995386600494385,0.5,0.762973427772522,0.5345167517662048,0.3470739722251892,0.49728870391845703,0.6030040383338928,0.8524652719497681,0.35079726576805115,0.8464021682739258,0.9825061559677124,0.8440931439399719,0.854743242263794,0.846882164478302,0.5,0.49972325563430786,0.37866148352622986,0.4975059926509857,0.49409377574920654,0.5,0.49963077902793884,0.628365159034729,0.4996272027492523,0.5,0.49573442339897156,0.49702656269073486,0.48358070850372314,0.49341249465942383,0.4977720081806183,0.4997211992740631,0.9599179625511169,2.3174819946289062
403,0.31182485818862915,0.3415285348892212,0.5,0.5,0.5,0.5,0.4999076724052429,0.4971412718296051,0.4996313452720642,0.4997231960296631,0.5,0.36863937973976135,0.49668142199516296,0.5,0.4990769922733307,0.49926185607910156,0.5,0.6660208106040955,0.47578370571136475,0.3415285348892212,0.4970957338809967,0.5888057351112366,0.8474463224411011,0.3440890908241272,0.8434468507766724,0.9831119775772095,0.8410690426826477,0.8475285172462463,0.8433987498283386,0.5,0.49981552362442017,0.37312743067741394,0.49732670187950134,0.4920678734779358,0.5,0.4999077022075653,0.6056906580924988,0.49962887167930603,0.5,0.4965575039386749,0.4953497052192688,0.4856823980808258,0.494233638048172,0.4968307316303253,0.4992576241493225,0.9630786180496216,2.39927339553833
404,0.31174758076667786,0.3433302640914917,0.5,0.5,0.5,0.5,0.4997231364250183,0.4970485270023346,0.4996310770511627,0.49990764260292053,0.5,0.36716002225875854,0.4966795742511749,0.5,0.4985237121582031,0.49926185607910156,0.5,0.6811721920967102,0.39244329929351807,0.3433302640914917,0.49653881788253784,0.590114414691925,0.8461611270904541,0.3443746566772461,0.8413983583450317,0.9820815920829773,0.8402540683746338,0.8475818634033203,0.8434238433837891,0.5,0.4998157322406769,0.3728013336658478,0.49778884649276733,0.4936358630657196,0.5,0.5,0.6163025498390198,0.5,0.5,0.4959138333797455,0.49572253227233887,0.4850787818431854,0.49294596910476685,0.4970243573188782,0.4993516206741333,0.9553819298744202,2.72723126411438
405,0.3116369843482971,0.3419598340988159,0.4999076724052429,0.4999077618122101,0.4999077320098877,0.5,0.49981531500816345,0.4962121248245239,0.4998151659965515,0.4999077618122101,0.4999077618122101,0.3661308288574219,0.49575409293174744,0.5,0.49843230843544006,0.49926239252090454,0.5,0.7496304512023926,0.5056878328323364,0.3419598340988159,0.49588170647621155,0.6380112767219543,0.8443790674209595,0.3453872501850128,0.8415166139602661,0.9817165732383728,0.8385782241821289,0.8468400239944458,0.8447427749633789,0.5,0.5,0.3716592490673065,0.4967712163925171,0.4920649528503418,0.5,0.4999077320098877,0.6339597702026367,0.5,0.5,0.49655941128730774,0.4953514337539673,0.4838259816169739,0.4939635992050171,0.4968436658382416,0.4990699291229248,0.9596153497695923,2.575965642929077
406,0.3115103244781494,0.3462458550930023,0.5,0.5,0.5,0.5,0.499815434217453,0.4960332214832306,0.4992625415325165,0.499723345041275,0.5,0.36866360902786255,0.49631133675575256,0.5,0.49852508306503296,0.49907681345939636,0.5,0.7616279721260071,0.5039759874343872,0.3462458550930023,0.496814101934433,0.6108166575431824,0.8505135178565979,0.35025620460510254,0.8454267978668213,0.983146071434021,0.8430254459381104,0.8545230031013489,0.8485567569732666,0.5,0.49972277879714966,0.37655121088027954,0.49769628047943115,0.4937281012535095,0.5,0.4997231066226959,0.672286331653595,0.4999072253704071,0.5,0.4953497052192688,0.4958155155181885,0.4854143559932709,0.49433189630508423,0.49702879786491394,0.49953487515449524,0.955712080001831,2.457937002182007
407,0.31140467524528503,0.34506911039352417,0.5,0.5,0.5,0.5,0.4998154044151306,0.4964035451412201,0.49907782673835754,0.49963030219078064,0.5,0.36657431721687317,0.4970512390136719,0.5,0.4989863634109497,0.49871015548706055,0.5,0.8681443333625793,0.5359785556793213,0.34506911039352417,0.4971999228000641,0.6208180785179138,0.8463889956474304,0.3471168577671051,0.845231294631958,0.981460452079773,0.8426434397697449,0.8520205020904541,0.8424317836761475,0.5,0.4999076724052429,0.3746064007282257,0.49769288301467896,0.4929979741573334,0.5,0.4999076724052429,0.6427809000015259,0.5,0.5,0.4973028302192688,0.49619805812835693,0.4881926476955414,0.49490928649902344,0.4973967969417572,0.4991626441478729,0.9551548957824707,2.356088638305664
408,0.31132379174232483,0.33766114711761475,0.5,0.5,0.5,0.5,0.49972355365753174,0.4964892864227295,0.49963071942329407,0.499723345041275,0.5,0.36349382996559143,0.49686750769615173,0.5,0.4990774989128113,0.49953898787498474,0.5,0.7496309876441956,0.5269797444343567,0.33766114711761475,0.4971006214618683,0.6166853904724121,0.84172523021698,0.3431074023246765,0.842599630355835,0.980133056640625,0.8361937403678894,0.8455407619476318,0.8402081727981567,0.5,0.4999077022075653,0.3690740764141083,0.49751150608062744,0.4933628439903259,0.5,0.4998152554035187,0.6473702192306519,0.5,0.5,0.49730384349823,0.49600446224212646,0.4864940345287323,0.49573203921318054,0.4965645372867584,0.4986041188240051,0.9584713578224182,2.7772297859191895
409,0.31119731068611145,0.3419937491416931,0.4999077022075653,0.49990782141685486,0.4999076724052429,0.5,0.49981555342674255,0.49574941396713257,0.4991692900657654,0.49944618344306946,0.49972298741340637,0.36699870228767395,0.4964931607246399,0.5,0.49953916668891907,0.4990781843662262,0.5,0.8603733777999878,0.4291095435619354,0.3419937491416931,0.49700263142585754,0.5934880971908569,0.8448047041893005,0.34826865792274475,0.8468744158744812,0.9828143119812012,0.8427189588546753,0.8519259691238403,0.8464387655258179,0.5,0.49963077902793884,0.37349173426628113,0.4976023733615875,0.4942825436592102,0.5,0.4997234046459198,0.7629586458206177,0.5,0.5,0.49776703119277954,0.49628666043281555,0.4886511564254761,0.4960014820098877,0.4969336688518524,0.49925926327705383,0.9558780193328857,2.185534954071045
410,0.3110807538032532,0.3441295623779297,0.5,0.5,0.5,0.5,0.49981531500816345,0.4953857660293579,0.4992613196372986,0.4999077022075653,0.49990779161453247,0.37082794308662415,0.49649253487586975,0.5,0.4988923668861389,0.4992620050907135,0.5,0.7329646944999695,0.44680389761924744,0.3441295623779297,0.4968283474445343,0.6121897101402283,0.8507888317108154,0.3500570058822632,0.8466147184371948,0.9806075692176819,0.842255711555481,0.8512018322944641,0.8497340679168701,0.5,0.49963125586509705,0.3762055039405823,0.497138112783432,0.4939136803150177,0.5,0.49953898787498474,0.7592045664787292,0.49981462955474854,0.5,0.49600744247436523,0.4966548979282379,0.4842095375061035,0.49470654129981995,0.4970182776451111,0.49934980273246765,0.9588149189949036,2.0747230052948

411,0.3109675645828247,0.34428492188453674,0.5,0.5,0.5,0.5,0.4999077618122101,0.49520382285118103,0.4991700351238251,0.49972349405288696,0.5,0.36746543645858765,0.49584871530532837,0.5,0.49889299273490906,0.4991702139377594,0.5,0.7655325531959534,0.5067781209945679,0.34428492188453674,0.4966386556625366,0.6097655296325684,0.8444275259971619,0.36295458674430847,0.8425009250640869,0.9819931387901306,0.8395401835441589,0.850812554359436,0.8437798023223877,0.5,0.49990764260292053,0.37242913246154785,0.49714022874832153,0.49419674277305603,0.5,0.49990755319595337,0.6357521414756775,0.4999070167541504,0.5,0.4970342814922333,0.4959176182746887,0.4860491156578064,0.4947907030582428,0.4971168041229248,0.49907201528549194,0.9550848007202148,2.2824923992156982
412,0.3108992576599121,0.3448212444782257,0.49990779161453247,0.49990779161453247,0.4999077320098877,0.5,0.49990779161453247,0.49621981382369995,0.4991694390773773,0.4996310770511627,0.49990761280059814,0.3687615394592285,0.49584025144577026,0.5,0.49806344509124756,0.4991689622402191,0.5,0.8406322002410889,0.437718003988266,0.3448212444782257,0.4968295395374298,0.5969375967979431,0.8478055000305176,0.36472058296203613,0.8465779423713684,0.9817095994949341,0.8401218056678772,0.8515475988388062,0.8500570058822632,0.5,0.49981555342674255,0.3744901716709137,0.49695852398872375,0.4942793846130371,0.5,0.4998154938220978,0.6467874646186829,0.4997209906578064,0.5,0.4966561496257782,0.49656134843826294,0.48625558614730835,0.4947916567325592,0.4973958432674408,0.49907028675079346,0.9564375877380371,2.060157299041748
413,0.3107869327068329,0.3394436240196228,0.4999077320098877,0.49990779161453247,0.4999077320098877,0.5,0.4999077618122101,0.49769628047943115,0.499630868434906,0.49963071942329407,0.4998154640197754,0.3653562068939209,0.496587336063385,0.5,0.4986167550086975,0.4995383322238922,0.5,0.7663902044296265,0.42663276195526123,0.3394436240196228,0.4971049726009369,0.5764970779418945,0.844987690448761,0.34706664085388184,0.8448998928070068,0.981773316860199,0.8388910293579102,0.8448079228401184,0.8420501947402954,0.5,0.49990782141685486,0.3714814782142639,0.49778392910957336,0.4931759536266327,0.5,0.4999077022075653,0.6978423595428467,0.49981391429901123,0.5,0.4973043203353882,0.49628323316574097,0.48847368359565735,0.4940608739852905,0.49758678674697876,0.4993477463722229,0.9572476148605347,2.09244704246521
414,0.3106779456138611,0.33597201108932495,0.5,0.5,0.5,0.5,0.4998154640197754,0.49732670187950134,0.4996313452720642,0.49990764260292053,0.5,0.36215469241142273,0.49667713046073914,0.5,0.4981553256511688,0.49935460090637207,0.5,0.7498152852058411,0.488349974155426,0.33597201108932495,0.4973856210708618,0.5982276201248169,0.8424761891365051,0.34086593985557556,0.8357142806053162,0.981295108795166,0.8332065343856812,0.8462122678756714,0.8387588262557983,0.5,0.4999077618122101,0.3681582808494568,0.4978770613670349,0.4934562146663666,0.5,0.4999077320098877,0.7034730911254883,0.5,0.5,0.49581706523895264,0.4960930347442627,0.48377224802970886,0.49377208948135376,0.4972134530544281,0.4989778995513916,0.9591057896614075,2.2386574745178223
415,0.31062042713165283,0.34487202763557434,0.5,0.5,0.5,0.5,0.49981561303138733,0.4981573522090912,0.49972349405288696,0.49981528520584106,0.5,0.3729235827922821,0.497321754693985,0.5,0.4984329044818878,0.499723345041275,0.5,0.884154736995697,0.4227152466773987,0.34487202763557434,0.49813222885131836,0.6161202788352966,0.8523458242416382,0.3494090735912323,0.8499243259429932,0.9807325601577759,0.8456931114196777,0.8520642518997192,0.8481734991073608,0.5,0.49981552362442017,0.3773864805698395,0.4983391761779785,0.4939114451408386,0.4999074637889862,0.49963098764419556,0.6279215812683105,0.4999070465564728,0.5,0.49507617950439453,0.49656835198402405,0.4868934750556946,0.4933035671710968,0.49823519587516785,0.49925538897514343,0.952919602394104,2.2394943237304688
416,0.31052300333976746,0.3391048014163971,0.4999077618122101,0.49990782141685486,0.49990782141685486,0.5,0.4998157322406769,0.49806344509124756,0.4997234046459198,0.49972328543663025,0.4999077320098877,0.3649022579193115,0.4960302710533142,0.5,0.4986167550086975,0.49953892827033997,0.5,0.721852719783783,0.4856507182121277,0.3391048014163971,0.49747899174690247,0.5913165211677551,0.8431112766265869,0.35247474908828735,0.8398407697677612,0.9834820628166199,0.8369956016540527,0.8485599756240845,0.8422403931617737,0.5,0.499723345041275,0.37073758244514465,0.4979715943336487,0.4932681620121002,0.5,0.4997231364250183,0.6437499523162842,0.5,0.5,0.49628183245658875,0.4955373704433441,0.48579123616218567,0.4933023154735565,0.4973043203353882,0.49925553798675537,0.9589024782180786,2.30643367767334
417,0.31044942140579224,0.3369244933128357,0.5,0.5,0.5,0.5,0.5,0.49631267786026,0.4991700351238251,0.49944639205932617,0.4998154640197754,0.3648523986339569,0.4948291778564453,0.5,0.4982469081878662,0.49880141019821167,0.5,0.7855299711227417,0.4199334383010864,0.3369244933128357,0.4957912564277649,0.6247556805610657,0.8435238003730774,0.3572894036769867,0.8432637453079224,0.9818888902664185,0.8390761017799377,0.8462924361228943,0.842205286026001,0.5,0.5,0.3712724447250366,0.4961240291595459,0.4937269389629364,0.5,0.5,0.6571428775787354,0.49981382489204407,0.5,0.4954427182674408,0.4962783753871918,0.48557066917419434,0.49283987283706665,0.49712643027305603,0.49916404485702515,0.9546778202056885,2.2682061195373535
418,0.3103623688220978,0.33882850408554077,0.5,0.5,0.5,0.5,0.49990764260292053,0.49741363525390625,0.4994473159313202,0.4995386600494385,0.4998151659965515,0.3675355911254883,0.49668142199516296,0.5,0.49880117177963257,0.4991685152053833,0.5,0.7809734344482422,0.42653733491897583,0.33882850408554077,0.49785807728767395,0.6068783402442932,0.8463373184204102,0.3613169491291046,0.8431986570358276,0.9817026853561401,0.840186595916748,0.8528240919113159,0.8449223041534424,0.5,0.499630868434906,0.3734739124774933,0.4976036846637726,0.493633508682251,0.49981462955474854,0.49963119626045227,0.7096754312515259,0.5,0.5,0.495633602142334,0.49545031785964966,0.4837481379508972,0.49330729246139526,0.4967460036277771,0.49851468205451965,0.9585906267166138,2.252006769180298
419,0.3102554678916931,0.3406330645084381,0.4999077022075653,0.49990779161453247,0.4999077022075653,0.5,0.499630868434906,0.4964008927345276,0.4996311366558075,0.4997231960296631,0.49972325563430786,0.36528879404067993,0.49640288949012756,0.5,0.4990771412849426,0.4990774989128113,0.4999076724052429,0.672522783279419,0.44058746099472046,0.3406330645084381,0.49738365411758423,0.6044709086418152,0.8454165458679199,0.3548714518547058,0.8426976799964905,0.9812844395637512,0.8368861675262451,0.8496682643890381,0.8445689678192139,0.5,0.5,0.3722931742668152,0.49751198291778564,0.49235445261001587,0.5,0.5,0.6588259935379028,0.5,0.5,0.4956311583518982,0.49525317549705505,0.48520931601524353,0.4942282736301422,0.4973048269748688,0.49888497591018677,0.957728922367096,2.3308820724487305
420,0.31021755933761597,0.34634506702423096,0.5,0.5,0.5,0.5,0.49981528520584106,0.49640554189682007,0.49981561303138733,0.4999077022075653,0.49990755319595337,0.3738257586956024,0.49594396352767944,0.5,0.4984317421913147,0.4996304512023926,0.5,0.6662982106208801,0.5025779008865356,0.34634506702423096,0.4971071183681488,0.6001443266868591,0.8532670736312866,0.3743833005428314,0.8502840995788574,0.9813546538352966,0.8464552164077759,0.8551927804946899,0.8534923195838928,0.5,0.4998154938220978,0.37946346402168274,0.49760013818740845,0.49233609437942505,0.4999071955680847,0.499815434217453,0.6682665348052979,0.5,0.5,0.4959183633327484,0.49496832489967346,0.48444485664367676,0.49330729246139526,0.49693194031715393,0.4990682005882263,0.9504663944244385,2.2874419689178467

421,0.3102051615715027,0.3409760594367981,0.5,0.5,0.5,0.5,0.5,0.49741697311401367,0.49963125586509705,0.49963098764419556,0.4999077618122101,0.3673243522644043,0.4969545900821686,0.5,0.49870777130126953,0.4992597997188568,0.5,0.6333333253860474,0.4970014989376068,0.3409760594367981,0.49794700741767883,0.5793114304542542,0.8461392521858215,0.3488599956035614,0.8448863625526428,0.9795027375221252,0.8384586572647095,0.8510739803314209,0.8445728421211243,0.5,0.5,0.3731067478656769,0.49824756383895874,0.49207374453544617,0.5,0.5,0.6789645552635193,0.5,0.5,0.4965517222881317,0.4958147406578064,0.48585256934165955,0.4939647316932678,0.4969342350959778,0.49897482991218567,0.9537502527236938,2.380824089050293
422,0.3101266026496887,0.3425516188144684,0.5,0.5,0.5,0.5,0.4996309280395508,0.49658796191215515,0.49926239252090454,0.49926239252090454,0.49972325563430786,0.37059909105300903,0.49585863947868347,0.5,0.49889442324638367,0.49833887815475464,0.49990788102149963,0.777501106262207,0.4315575361251831,0.3425516188144684,0.49643927812576294,0.5912879705429077,0.8467772603034973,0.34769406914711,0.8478385210037231,0.9807254076004028,0.8418192267417908,0.8516172170639038,0.8440523743629456,0.5,0.49990755319595337,0.37479132413864136,0.49695345759391785,0.49224090576171875,0.5,0.49990782141685486,0.6710759997367859,0.5,0.5,0.4961959421634674,0.4951780438423157,0.4867371618747711,0.49508440494537354,0.4964723289012909,0.4994429051876068,0.9570475816726685,2.3730852603912354
423,0.3100796043872833,0.33839499950408936,0.5,0.5,0.5,0.5,0.4996306002140045,0.4958510100841522,0.4996313452720642,0.4998154640197754,0.49990782141685486,0.3739619851112366,0.4957548975944519,0.5,0.49944689869880676,0.4986167550086975,0.5,0.6901071071624756,0.44502660632133484,0.33839499950408936,0.4959827959537506,0.5850872993469238,0.8468767404556274,0.3557472825050354,0.8475794196128845,0.981315553188324,0.841614305973053,0.8514465093612671,0.8439278602600098,0.5,0.5,0.3734048306941986,0.496307909488678,0.493177205324173,0.5,0.5,0.6142028570175171,0.49981415271759033,0.5,0.49563685059547424,0.49582481384277344,0.4869743287563324,0.4947907030582428,0.49702268838882446,0.49944257736206055,0.9572869539260864,2.257596969604492
424,0.3099585771560669,0.3460618257522583,0.5,0.5,0.5,0.5,0.4997231960296631,0.4969540238380432,0.49953925609588623,0.4996309280395508,0.49990764260292053,0.3694208860397339,0.4968617260456085,0.5,0.49870848655700684,0.49907851219177246,0.5,0.8747234344482422,0.4033963084220886,0.3460618257522583,0.4971022605895996,0.6425720453262329,0.8479421138763428,0.35569408535957336,0.8476852774620056,0.9816295504570007,0.8433746099472046,0.851739227771759,0.8507604598999023,0.5,0.49981561303138733,0.37525486946105957,0.49769243597984314,0.49261173605918884,0.5,0.4999077022075653,0.6631844639778137,0.4997212290763855,0.5,0.49571773409843445,0.4957161545753479,0.48641860485076904,0.49406197667121887,0.4961881637573242,0.4992564916610718,0.9564014673233032,2.1237053871154785
425,0.3098812997341156,0.34043142199516296,0.5,0.5,0.5,0.5,0.499723345041275,0.49667713046073914,0.49963119626045227,0.4998156726360321,0.4999077022075653,0.36683279275894165,0.4965892434120178,0.5,0.49861547350883484,0.4993537664413452,0.5,0.7042685747146606,0.4999735951423645,0.34043142199516296,0.497383177280426,0.5908240079879761,0.8463575839996338,0.3477402925491333,0.8426313400268555,0.9807838797569275,0.8401561379432678,0.8503504395484924,0.8455994129180908,0.5,0.4999076724052429,0.3724745213985443,0.49713969230651855,0.49262943863868713,0.5,0.49990779161453247,0.751893937587738,0.4996282458305359,0.5,0.4956311583518982,0.495633602142334,0.4859899878501892,0.49404650926589966,0.4972217082977295,0.4990740716457367,0.9527956247329712,2.1834564208984375
426,0.30981576442718506,0.3384275436401367,0.5,0.5,0.5,0.5,0.49972349405288696,0.49584946036338806,0.49963098764419556,0.4999077320098877,0.4999077618122101,0.36739209294319153,0.49501845240592957,0.5,0.4985245168209076,0.49898356199264526,0.5,0.7612589001655579,0.4774506688117981,0.3384275436401367,0.4949561059474945,0.6355247497558594,0.8448571562767029,0.35161617398262024,0.8445984125137329,0.9805120229721069,0.8406374454498291,0.8502465486526489,0.8443746566772461,0.5,0.49981531500816345,0.37377291917800903,0.49575018882751465,0.49335670471191406,0.5,0.4999077618122101,0.728386640548706,0.49981480836868286,0.5,0.49600815773010254,0.49536004662513733,0.48633065819740295,0.49431923031806946,0.49693194031715393,0.49897634983062744,0.9556159377098083,2.228847026824951
427,0.3096888065338135,0.34023940563201904,0.5,0.5,0.5,0.5,0.49972304701805115,0.49621421098709106,0.4990771412849426,0.4996311366558075,0.5,0.3663530647754669,0.4957611560821533,0.5,0.49741649627685547,0.49870777130126953,0.5,0.6997232437133789,0.5807137489318848,0.34023940563201904,0.49654334783554077,0.6006225347518921,0.8476978540420532,0.34630757570266724,0.8444994688034058,0.9817817211151123,0.8409652709960938,0.8495818972587585,0.8437858819961548,0.5,0.4996313452720642,0.3731924295425415,0.4960376024246216,0.4940147399902344,0.5,0.49972355365753174,0.6623325347900391,0.4999071955680847,0.5,0.49469372630119324,0.49674054980278015,0.4836461544036865,0.4928438663482666,0.4979512095451355,0.4992569088935852,0.9583799839019775,2.2215516567230225
428,0.3095735013484955,0.3423572778701782,0.5,0.5,0.5,0.5,0.5,0.4957580268383026,0.4995388388633728,0.4997231066226959,0.49990764260292053,0.36944496631622314,0.4963133633136749,0.5,0.498244971036911,0.49917125701904297,0.5,0.8093392848968506,0.42128533124923706,0.3423572778701782,0.49605780839920044,0.6154800653457642,0.8490333557128906,0.35183438658714294,0.8439344763755798,0.9809080362319946,0.8422302007675171,0.849763035774231,0.8434584140777588,0.5,0.4999077320098877,0.37488439679145813,0.49667590856552124,0.4923346936702728,0.5,0.5,0.7766097784042358,0.499814510345459,0.5,0.49581629037857056,0.4960103929042816,0.48604390025138855,0.49405646324157715,0.49655812978744507,0.49888497591018677,0.9571691155433655,2.1732017993927
429,0.30948320031166077,0.3407919108867645,0.5,0.5,0.5,0.5,0.4997234642505646,0.49630722403526306,0.49926266074180603,0.49953898787498474,0.4999077320098877,0.3654307425022125,0.4971407353878021,0.5,0.4976041316986084,0.4992607533931732,0.5,0.7141011953353882,0.5040695667266846,0.3407919108867645,0.4964406192302704,0.6014211773872375,0.8456261157989502,0.3687978982925415,0.8421152830123901,0.981724739074707,0.8385187983512878,0.8479454517364502,0.8413470983505249,0.5,0.49990785121917725,0.3718565106391907,0.49741697311401367,0.49382829666137695,0.4999076724052429,0.4999077618122101,0.7350667715072632,0.49990710616111755,0.5,0.49545201659202576,0.49721136689186096,0.4850538372993469,0.49450141191482544,0.49786365032196045,0.49916526675224304,0.9575979709625244,2.1990580558776855
430,0.3094162940979004,0.340088427066803,0.49990764260292053,0.49990779161453247,0.49990782141685486,0.5,0.4999076724052429,0.4960295557975769,0.49963098764419556,0.4999077022075653,0.49990764260292053,0.3690717816352844,0.4972345232963562,0.5,0.4978750944137573,0.4992620050907135,0.4999076724052429,0.7380029559135437,0.49709418416023254,0.340088427066803,0.4969135820865631,0.577187716960907,0.8486229777336121,0.42062801122665405,0.8457446694374084,0.9815869331359863,0.8428354263305664,0.8515847325325012,0.8483412265777588,0.5,0.5,0.3747222125530243,0.4975064694881439,0.4923488199710846,0.5,0.4998154044151306,0.6676734089851379,0.49981412291526794,0.5,0.49600595235824585,0.4959031641483307,0.4849246144294739,0.4929538369178772,0.49711090326309204,0.499068021774292,0.9569351673126221,2.263165235519409

431,0.3093039393424988,0.3434854745864868,0.49990758299827576,0.4999077022075653,0.4999077618122101,0.5,0.49953892827033997,0.4946504235267639,0.499262273311615,0.4995378851890564,0.49981576204299927,0.36719468235969543,0.49547719955444336,0.5,0.49806201457977295,0.49870800971984863,0.5,0.9543612599372864,0.44657447934150696,0.3434854745864868,0.4964532256126404,0.5942011475563049,0.8473883867263794,0.3814842104911804,0.8448571562767029,0.9807618856430054,0.842391312122345,0.8500666618347168,0.8426526784896851,0.5,0.5,0.3737046718597412,0.4960310161113739,0.4931834936141968,0.4999071955680847,0.5,0.6974824666976929,0.4999070167541504,0.5,0.4958116114139557,0.49516549706459045,0.4874698221683502,0.4943361282348633,0.4965638816356659,0.4986964762210846,0.9555431604385376,2.3097803592681885
432,0.3091956377029419,0.3384275436401367,0.5,0.5,0.5,0.5,0.49981528520584106,0.4960317313671112,0.4996311366558075,0.49981561303138733,0.5,0.3640391230583191,0.4963153898715973,0.5,0.49732324481010437,0.49889421463012695,0.5,0.7854374647140503,0.4325637221336365,0.3384275436401367,0.4967289865016937,0.6110235452651978,0.8433987498283386,0.34834298491477966,0.8390684127807617,0.9805639982223511,0.8358095288276672,0.8474463224411011,0.8461102843284607,0.5,0.49981552362442017,0.37052085995674133,0.49649640917778015,0.4921586811542511,0.5,0.5,0.6825070381164551,0.5,0.5,0.4935837686061859,0.495732843875885,0.484944224357605,0.49367207288742065,0.49730682373046875,0.4986051619052887,0.9610127210617065,2.1163930892944336
433,0.30910515785217285,0.3437039852142334,0.4999077022075653,0.5,0.5,0.5,0.4999077618122101,0.49585404992103577,0.499446302652359,0.49990782141685486,0.5,0.3713601231575012,0.49547386169433594,0.5,0.4975087642669678,0.49944648146629333,0.5,0.7616279721260071,0.5156400799751282,0.3437039852142334,0.4958916902542114,0.6250311732292175,0.8493528366088867,0.4737212359905243,0.8474737405776978,0.983609676361084,0.8435834050178528,0.8526514768600464,0.8489632606506348,0.5,0.49972328543663025,0.3768932521343231,0.4958479404449463,0.4927964508533478,0.5,0.4998157322406769,0.7671818733215332,0.49953410029411316,0.5,0.49506884813308716,0.495830237865448,0.48635098338127136,0.4939422309398651,0.49647167325019836,0.4979591965675354,0.9565784931182861,2.0490360260009766
434,0.3090071976184845,0.3423572778701782,0.49990761280059814,0.5,0.5,0.5,0.4999077022075653,0.49667835235595703,0.49944669008255005,0.49981552362442017,0.5,0.36567577719688416,0.4956602156162262,0.5,0.49843260645866394,0.4992613196372986,0.5,0.7380029559135437,0.5057590007781982,0.3423572778701782,0.4957998991012573,0.5600875020027161,0.844088077545166,0.4308946132659912,0.8435013294219971,0.9803030490875244,0.8426487445831299,0.8475737571716309,0.8424397706985474,0.5,0.4998156726360321,0.3725943863391876,0.4964061975479126,0.4919608235359192,0.5,0.4998149871826172,0.7148304581642151,0.49972057342529297,0.5,0.4959084987640381,0.49543845653533936,0.4870817959308624,0.4930271506309509,0.4964618384838104,0.4986998438835144,0.9597009420394897,2.0731585025787354
435,0.3089299201965332,0.34304147958755493,0.5,0.5,0.5,0.5,0.4998154640197754,0.4960390627384186,0.49907851219177246,0.49981555342674255,0.49990764260292053,0.36882373690605164,0.4954730272293091,0.5,0.4975087642669678,0.498612642288208,0.5,0.6955598592758179,0.5089715123176575,0.34304147958755493,0.49605780839920044,0.5928682088851929,0.8468141555786133,0.3867068588733673,0.8465054035186768,0.9823708534240723,0.8414796590805054,0.8531640768051147,0.8507534265518188,0.5,0.49981552362442017,0.37677812576293945,0.4967688322067261,0.4931759536266327,0.5,0.49981552362442017,0.7527719140052795,0.4994441270828247,0.5,0.4954545497894287,0.4962783753871918,0.4869985282421112,0.49470752477645874,0.4976752698421478,0.4993482232093811,0.9585542678833008,2.0755934715270996
436,0.308805912733078,0.33993005752563477,0.5,0.4997231960296631,0.4999076724052429,0.5,0.49953892827033997,0.4956658184528351,0.4986162483692169,0.49935340881347656,0.49981555342674255,0.3669496178627014,0.4946514070034027,0.5,0.49852535128593445,0.4977814853191376,0.5,0.8050944805145264,0.4886270761489868,0.33993005752563477,0.4956074655056,0.6062418818473816,0.847024142742157,0.37052467465400696,0.84163498878479,0.9780125617980957,0.8396298289299011,0.8510254621505737,0.8416319489479065,0.5,0.4999077618122101,0.37365490198135376,0.4961276054382324,0.4923431873321533,0.5,0.4998154640197754,0.6566200852394104,0.4994417428970337,0.5,0.4957368075847626,0.49498608708381653,0.48456960916519165,0.49190548062324524,0.49692967534065247,0.49860671162605286,0.9612178206443787,2.102080821990967
437,0.3087005019187927,0.3371686339378357,0.5,0.5,0.5,0.5,0.499631404876709,0.495941698551178,0.49870729446411133,0.4996311366558075,0.5,0.3676551878452301,0.49556785821914673,0.5,0.49815431237220764,0.4977855682373047,0.5,0.6838415861129761,0.46354612708091736,0.3371686339378357,0.49607402086257935,0.6420382261276245,0.8453106880187988,0.45020103454589844,0.8439810276031494,0.9814954996109009,0.8405106663703918,0.8480159044265747,0.8434757590293884,0.5,0.5,0.37456026673316956,0.4964912235736847,0.49235305190086365,0.5,0.5,0.7325323820114136,0.4995357394218445,0.5,0.4962852895259857,0.4951672852039337,0.4855099320411682,0.4943329691886902,0.49619171023368835,0.49832838773727417,0.9572994709014893,2.2442171573638916
438,0.30859026312828064,0.3378726541996002,0.5,0.5,0.5,0.5,0.49972325563430786,0.4951089024543762,0.49861469864845276,0.49935388565063477,0.499630868434906,0.36593466997146606,0.49474072456359863,0.5,0.49787941575050354,0.49833980202674866,0.5,0.7950854301452637,0.4439001679420471,0.3378726541996002,0.49672529101371765,0.6210569143295288,0.8452494144439697,0.40044933557510376,0.8454459309577942,0.979946494102478,0.8391461372375488,0.850587785243988,0.8462561368942261,0.5,0.4998157024383545,0.37381792068481445,0.4961211681365967,0.4928044378757477,0.5,0.499815434217453,0.7221288681030273,0.49962741136550903,0.5,0.4955456554889679,0.49544695019721985,0.4845782220363617,0.4925498366355896,0.497396320104599,0.4991638660430908,0.9590963125228882,2.1913180351257324
439,0.3084831237792969,0.3389267921447754,0.5,0.5,0.5,0.5,0.499815434217453,0.49732816219329834,0.498985230922699,0.499723345041275,0.49990788102149963,0.3642817735671997,0.4975101351737976,0.5,0.4979693591594696,0.49916958808898926,0.5,0.7068041563034058,0.476559579372406,0.3389267921447754,0.497473806142807,0.590088427066803,0.843286395072937,0.42584165930747986,0.8424501419067383,0.9829221963882446,0.8358350992202759,0.8486905097961426,0.8458768129348755,0.5,0.5,0.3718281090259552,0.4977847635746002,0.4939159154891968,0.5,0.5,0.678971529006958,0.4992559552192688,0.5,0.496013343334198,0.4961009919643402,0.48585784435272217,0.4940553605556488,0.4963734447956085,0.4985138475894928,0.9594001770019531,2.1201610565185547
440,0.30836376547813416,0.3391936719417572,0.5,0.5,0.5,0.5,0.49972355365753174,0.49640950560569763,0.49898579716682434,0.4993540048599243,0.5,0.3678235113620758,0.4950101673603058,0.5,0.49667835235595703,0.49870753288269043,0.5,0.8743542432785034,0.5357095003128052,0.3391936719417572,0.49581706523895264,0.593360424041748,0.8474093675613403,0.5391759872436523,0.8439885377883911,0.9791388511657715,0.8410646319389343,0.8522576093673706,0.8454788327217102,0.5,0.4998152256011963,0.3754405379295349,0.49556949734687805,0.4924437999725342,0.5,0.49972298741340637,0.6895546913146973,0.49972254037857056,0.5,0.4948846697807312,0.4946206510066986,0.4843604564666748,0.49275901913642883,0.4957273006439209,0.49878957867622375,0.9602973461151123,2.188884735107422

441,0.3082437217235565,0.3360353708267212,0.49990788102149963,0.49990782141685486,0.49990761280059814,0.5,0.4998154938220978,0.49621909856796265,0.4986162483692169,0.4994475245475769,0.4998154044151306,0.3639217019081116,0.4949224591255188,0.5,0.4966789782047272,0.49852535128593445,0.5,0.8247232437133789,0.447173535823822,0.3360353708267212,0.4963626265525818,0.5854235887527466,0.8435547947883606,0.4338519871234894,0.8408788442611694,0.9813368916511536,0.8384512662887573,0.846650242805481,0.8415653705596924,0.4999045729637146,0.4998157024383545,0.3721490800380707,0.49584487080574036,0.4932619631290436,0.5,0.5,0.7118980884552002,0.4996286630630493,0.5,0.49413517117500305,0.4960944652557373,0.4836096167564392,0.4929603636264801,0.4973113238811493,0.49832868576049805,0.9603924751281738,2.134634256362915
442,0.30814874172210693,0.3376910388469696,0.5,0.5,0.5,0.5,0.4998154938220978,0.4960368573665619,0.4995393455028534,0.4998152554035187,0.5,0.3668633699417114,0.4946534037590027,0.5,0.4974174499511719,0.4992620050907135,0.5,0.7287973761558533,0.5231435298919678,0.3376910388469696,0.49579280614852905,0.5428896546363831,0.8476235866546631,0.5278418660163879,0.8418347835540771,0.9821088314056396,0.8407449722290039,0.8501996994018555,0.8442091345787048,0.5,0.4999077618122101,0.3738897144794464,0.49492713809013367,0.49317845702171326,0.4999072551727295,0.49972277879714966,0.6240853071212769,0.49972081184387207,0.5,0.4944310486316681,0.4959084987640381,0.48336121439933777,0.4920044541358948,0.49767959117889404,0.49860671162605286,0.9568326473236084,2.247008800506592
443,0.3080486059188843,0.33271923661231995,0.4999076724052429,0.49990782141685486,0.49990782141685486,0.5,0.49953848123550415,0.4968652129173279,0.4991697371006012,0.4993520975112915,0.4998157322406769,0.36255529522895813,0.4961283206939697,0.5,0.4956553876399994,0.4991697371006012,0.5,0.7606849670410156,0.4514145851135254,0.33271923661231995,0.4962630867958069,0.6073319911956787,0.8453401923179626,0.422851026058197,0.8418105840682983,0.9815025329589844,0.8392552137374878,0.8485307693481445,0.8425009250640869,0.5,0.499723345041275,0.3720199465751648,0.4966807961463928,0.49207374453544617,0.5,0.49972298741340637,0.694149374961853,0.49962928891181946,0.49981406331062317,0.49425286054611206,0.4959069788455963,0.48523402214050293,0.4921743869781494,0.49702712893486023,0.4990706443786621,0.9577648043632507,2.312666177749634
444,0.30792298913002014,0.34823399782180786,0.5,0.4998151957988739,0.499815434217453,0.5,0.499630868434906,0.4978809654712677,0.49907562136650085,0.49935388565063477,0.49981531500816345,0.3734072148799896,0.49676644802093506,0.5,0.49723348021507263,0.4991689622402191,0.5,0.749538242816925,0.48671162128448486,0.34823399782180786,0.4976644217967987,0.6434206366539001,0.8540555834770203,0.5642706751823425,0.8521300554275513,0.9822145700454712,0.8496955633163452,0.8585714101791382,0.8560777902603149,0.5,0.49981552362442017,0.37979966402053833,0.49741554260253906,0.49345138669013977,0.5,0.4998153746128082,0.6481723785400391,0.49981391429901123,0.5,0.4953479766845703,0.4960022270679474,0.48669272661209106,0.4923834204673767,0.49729982018470764,0.49879226088523865,0.9561268091201782,2.4214956760406494
445,0.30782371759414673,0.34318599104881287,0.5,0.49990779161453247,0.4999077618122101,0.5,0.49917125701904297,0.4968663454055786,0.4982459247112274,0.49935340881347656,0.4998154938220978,0.3711254596710205,0.49473780393600464,0.5,0.49714022874832153,0.49852508306503296,0.5,0.8418285846710205,0.4280291199684143,0.34318599104881287,0.49599552154541016,0.6254106163978577,0.8528010845184326,0.5610024929046631,0.8484128713607788,0.9763449430465698,0.8438272476196289,0.8552507162094116,0.8503698110580444,0.5,0.49981528520584106,0.37977027893066406,0.4956634044647217,0.4914238154888153,0.5,0.4999077022075653,0.7419230937957764,0.49944236874580383,0.5,0.49424219131469727,0.49479940533638,0.48410484194755554,0.49256089329719543,0.4961881637573242,0.49805158376693726,0.9578033685684204,2.2245044708251953
446,0.3077656030654907,0.33664825558662415,0.5,0.4999077618122101,0.5,0.5,0.4998154640197754,0.4969557225704193,0.4990781843662262,0.49963125586509705,0.49990785121917725,0.36076298356056213,0.49576038122177124,0.5,0.4961254596710205,0.4995390772819519,0.4999077618122101,0.8328722715377808,0.4063371419906616,0.33664825558662415,0.4961746633052826,0.6718723773956299,0.84112948179245,0.49264413118362427,0.8375190496444702,0.9839353561401367,0.8346620798110962,0.8457810878753662,0.8413242101669312,0.5,0.49944719672203064,0.36826959252357483,0.4961225986480713,0.49372345209121704,0.5,0.4994468092918396,0.8056689500808716,0.49934980273246765,0.4999070167541504,0.4935778081417084,0.49647101759910583,0.48416081070899963,0.4936744272708893,0.49758902192115784,0.498791366815567,0.9563815593719482,2.233069896697998
447,0.3076748549938202,0.34147465229034424,0.5,0.49972298741340637,0.4998154044151306,0.5,0.49981552362442017,0.4956650137901306,0.4988016188144684,0.4993540048599243,0.49990788102149963,0.36856669187545776,0.4956658184528351,0.5,0.49695292115211487,0.49880051612854004,0.5,0.6662055850028992,0.4886186122894287,0.34147465229034424,0.49607476592063904,0.5947615504264832,0.8488438129425049,0.5272469520568848,0.8471906185150146,0.9814108610153198,0.8439339399337769,0.8528180122375488,0.8478550910949707,0.4997144043445587,0.49981528520584106,0.375834584236145,0.49593645334243774,0.49261993169784546,0.5,0.49981555342674255,0.7530405521392822,0.4997217655181885,0.5,0.49535316228866577,0.4958263635635376,0.4879114627838135,0.49321940541267395,0.49674782156944275,0.49888619780540466,0.9581940174102783,2.0439414978027344
448,0.3075889050960541,0.3362465500831604,0.5,0.49972355365753174,0.49990788102149963,0.5,0.4994470179080963,0.49760323762893677,0.4988923668861389,0.49935412406921387,0.4999077618122101,0.36637771129608154,0.49705013632774353,0.5,0.4952908456325531,0.49917036294937134,0.5,0.736380934715271,0.5224487781524658,0.3362465500831604,0.49643659591674805,0.6334500908851624,0.8479007482528687,0.5593750476837158,0.8427649140357971,0.9803344011306763,0.8391973972320557,0.8505899906158447,0.8439810276031494,0.5,0.4998154640197754,0.37317028641700745,0.4970490634441376,0.49197861552238464,0.5,0.49990779161453247,0.7790112495422363,0.49962887167930603,0.5,0.4927482306957245,0.496000736951828,0.48287734389305115,0.49134561419487,0.4967520534992218,0.4983280599117279,0.959274411201477,2.173387289047241
449,0.30750468373298645,0.33854934573173523,0.4999077022075653,0.49963119626045227,0.4997231364250183,0.5,0.4997234046459198,0.4951089024543762,0.4985245168209076,0.49917036294937134,0.49963098764419556,0.3658064603805542,0.4952011704444885,0.5,0.49575725197792053,0.4984302818775177,0.4999076724052429,0.732872486114502,0.4754330813884735,0.33854934573173523,0.49514836072921753,0.7044194936752319,0.8448406457901001,0.4849884808063507,0.841930627822876,0.9819151163101196,0.8400832414627075,0.8495330810546875,0.846666693687439,0.5,0.4996309280395508,0.3732851445674896,0.4954780340194702,0.492434024810791,0.4998147487640381,0.49972349405288696,0.7097094655036926,0.49962860345840454,0.5,0.49377092719078064,0.4958294630050659,0.483924925327301,0.49274688959121704,0.4968377947807312,0.4986967146396637,0.9575177431106567,2.153144359588623
450,0.3074459433555603,0.33732277154922485,0.5,0.4996306002140045,0.4999077022075653,0.5,0.49972304701805115,0.4968663454055786,0.49907782673835754,0.4993542432785034,0.4998157322406769,0.36366987228393555,0.4959461987018585,0.5,0.4970490634441376,0.49889013171195984,0.5,0.8331488966941833,0.4646689295768738,0.33732277154922485,0.4965478777885437,0.684237003326416,0.8420207500457764,0.5120340585708618,0.8433758020401001,0.9804887175559998,0.8378069400787354,0.850587785243988,0.8425661325454712,0.5,0.49953874945640564,0.3706721067428589,0.4967712163925171,0.49308374524116516,0.5,0.4997231960296631,0.8302422761917114,0.49888163805007935,0.5,0.4948827624320984,0.49637749791145325,0.48727238178253174,0.4935813844203949,0.49758410453796387,0.4989780783653259,0.9552978277206421,2.1186466217041016

451,0.3073789179325104,0.34487202763557434,0.5,0.4998151957988739,0.499907910823822,0.5,0.49944669008255005,0.49510619044303894,0.4988923668861389,0.4996299743652344,0.49990785121917725,0.372948557138443,0.49566179513931274,0.5,0.496676504611969,0.49843114614486694,0.5,0.6901071071624756,0.4329456090927124,0.34487202763557434,0.49607181549072266,0.6009337306022644,0.8494296669960022,0.4822724461555481,0.8514182567596436,0.9818233847618103,0.8442249298095703,0.8552406430244446,0.8504396080970764,0.49942803382873535,0.4994460940361023,0.37865063548088074,0.4963092803955078,0.4916912913322449,0.5,0.49935412406921387,0.7502799034118652,0.4989776909351349,0.5,0.49544015526771545,0.49507710337638855,0.4859691560268402,0.49293285608291626,0.4965568482875824,0.49776870012283325,0.9519550800323486,2.20995831489563
452,0.3072803318500519,0.3395061790943146,0.5,0.49963077902793884,0.5,0.5,0.4996309280395508,0.49566739797592163,0.4988935887813568,0.4993540048599243,0.4999077022075653,0.36856192350387573,0.4959409534931183,0.5,0.4968605637550354,0.49852535128593445,0.5,0.6313945055007935,0.4967251420021057,0.3395061790943146,0.4960592985153198,0.6234460473060608,0.8493137359619141,0.5796828866004944,0.8460521697998047,0.9808130264282227,0.8449157476425171,0.8528683185577393,0.8466717004776001,0.5,0.4999077618122101,0.37548601627349854,0.4962211847305298,0.4917866289615631,0.5,0.4999077618122101,0.7746965885162354,0.49925497174263,0.5,0.4947887659072876,0.4954494833946228,0.48539263010025024,0.4921933114528656,0.49711573123931885,0.49879002571105957,0.9544186592102051,2.1245713233947754
453,0.3071732223033905,0.3343462347984314,0.5,0.4997236132621765,0.5,0.5,0.499630868434906,0.4952003061771393,0.49870777130126953,0.4993542432785034,0.49990779161453247,0.36249539256095886,0.4954822063446045,0.5,0.49658796191215515,0.49870753288269043,0.5,0.7856221199035645,0.4903045892715454,0.3343462347984314,0.49588632583618164,0.5940467715263367,0.8437262773513794,0.5291917324066162,0.8413983583450317,0.9803622364997864,0.8384615182876587,0.8485366702079773,0.843077540397644,0.5,0.499815434217453,0.3718281090259552,0.4960339367389679,0.49116185307502747,0.5,0.4999077618122101,0.6749691963195801,0.499165415763855,0.5,0.4941428005695343,0.49506884813308716,0.48391595482826233,0.4916294515132904,0.4963754713535309,0.498791366815567,0.9615947008132935,3.0635342597961426
454,0.30709633231163025,0.3395323157310486,0.5,0.49990779161453247,0.5,0.5,0.49981561303138733,0.49464845657348633,0.4988018572330475,0.4994460940361023,0.5,0.3668142557144165,0.4959461987018585,0.5,0.4965835511684418,0.49833980202674866,0.5,0.8155127763748169,0.4653162956237793,0.3395323157310486,0.49598580598831177,0.6848671436309814,0.8473753929138184,0.5482960343360901,0.8457598090171814,0.9824494123458862,0.8395813703536987,0.8533231616020203,0.8508654832839966,0.5,0.4998151659965515,0.37518560886383057,0.4964042007923126,0.49372926354408264,0.4999072253704071,0.5,0.8235606551170349,0.4992566406726837,0.5,0.4943298101425171,0.4957296550273895,0.48399999737739563,0.49285316467285156,0.49684250354766846,0.49888455867767334,0.9582144021987915,2.520062208175659
455,0.30702322721481323,0.336588054895401,0.5,0.5,0.5,0.5,0.499630868434906,0.4964061975479126,0.49963071942329407,0.4998152554035187,0.5,0.36421579122543335,0.49713969230651855,0.5,0.4960317313671112,0.49935388565063477,0.5,0.7953622341156006,0.533349871635437,0.336588054895401,0.49701157212257385,0.6162036657333374,0.8439817428588867,0.5876045227050781,0.8452719449996948,0.9792377948760986,0.8398705124855042,0.8480373620986938,0.8420501947402954,0.5,0.49972349405288696,0.3722006380558014,0.49741601943969727,0.4920664131641388,0.5,0.49990779161453247,0.6971968412399292,0.4995341897010803,0.5,0.4956376552581787,0.49535056948661804,0.48643627762794495,0.4938696026802063,0.49647364020347595,0.4982348680496216,0.9568357467651367,2.4073057174682617
456,0.30691778659820557,0.33342546224594116,0.49990782141685486,0.49972328543663025,0.4999077320098877,0.5,0.49916958808898926,0.49530214071273804,0.49880251288414,0.49898412823677063,0.49981555342674255,0.36336779594421387,0.4949243366718292,0.5,0.4963085949420929,0.49843230843544006,0.49990785121917725,0.8039785623550415,0.43974626064300537,0.33342546224594116,0.4955190420150757,0.6874348521232605,0.8462412357330322,0.5620164275169373,0.8442373275756836,0.9812108278274536,0.8418357372283936,0.8488239645957947,0.8452198505401611,0.5,0.499815434217453,0.3715001046657562,0.49538829922676086,0.4916943609714508,0.4998149275779724,0.4997231066226959,0.7557746171951294,0.49897751212120056,0.4998140335083008,0.4945126473903656,0.4955431818962097,0.4855760335922241,0.49383407831192017,0.49758589267730713,0.49851468205451965,0.9570010900497437,2.4366872310638428
457,0.30682992935180664,0.3410974144935608,0.4997231364250183,0.4998156726360321,0.4998152554035187,0.5,0.4998154640197754,0.49686577916145325,0.49926239252090454,0.499446302652359,0.49972304701805115,0.36744099855422974,0.4957548975944519,0.5,0.4965842068195343,0.498985230922699,0.4999077320098877,0.7775930166244507,0.4929215908050537,0.3410974144935608,0.49607622623443604,0.58461993932724,0.8469737768173218,0.546067476272583,0.8454562425613403,0.9823395013809204,0.8443074226379395,0.8540719747543335,0.8468862771987915,0.4999045729637146,0.4996310770511627,0.37428146600723267,0.49622049927711487,0.49262264370918274,0.5,0.4998154044151306,0.755690336227417,0.4997217655181885,0.49990689754486084,0.49507343769073486,0.4958155155181885,0.48634591698646545,0.49329233169555664,0.4967399537563324,0.498423308134079,0.9554415941238403,2.5266952514648438
458,0.30675727128982544,0.3376336097717285,0.5,0.49981531500816345,0.49990782141685486,0.5,0.49944669008255005,0.49611759185791016,0.4988919794559479,0.4995383322238922,0.49981528520584106,0.3666175305843353,0.49630722403526306,0.5,0.4960339367389679,0.4989863634109497,0.5,0.8073229193687439,0.46995192766189575,0.3376336097717285,0.4967302083969116,0.7313891053199768,0.8475009202957153,0.6298775672912598,0.8436547517776489,0.981033205986023,0.8411675691604614,0.8510456085205078,0.8477475643157959,0.5,0.499353289604187,0.37409672141075134,0.4968692362308502,0.4924493432044983,0.5,0.4993537664413452,0.6912163496017456,0.4995344579219818,0.4997209906578064,0.49377208948135376,0.49543845653533936,0.48419487476348877,0.49182459712028503,0.49768003821372986,0.4986059367656708,0.9524270296096802,2.750084638595581
459,0.3066745698451996,0.3298323154449463,0.49990782141685486,0.5,0.5,0.5,0.4998154044151306,0.4940926730632782,0.4991700351238251,0.49981552362442017,0.5,0.3609778583049774,0.4955768585205078,0.5,0.4963988959789276,0.4991702139377594,0.5,0.7105263471603394,0.48229700326919556,0.3298323154449463,0.49598056077957153,0.7206978797912598,0.8407155275344849,0.5786557197570801,0.8394320607185364,0.9809523820877075,0.8355200290679932,0.8445675373077393,0.841820240020752,0.5,0.4997234046459198,0.3688798248767853,0.4962163269519806,0.4915160536766052,0.4998147785663605,0.4997231960296631,0.718584418296814,0.4992566406726837,0.5,0.4945136606693268,0.49451571702957153,0.48507046699523926,0.4928690493106842,0.4958077073097229,0.49786484241485596,0.9601677060127258,2.925865650177002
460,0.30657249689102173,0.3265475332736969,0.5,0.49935436248779297,0.49981555342674255,0.5,0.4992625415325165,0.49400922656059265,0.4984331727027893,0.4988923668861389,0.49944639205932617,0.3602764904499054,0.4943747818470001,0.5,0.49649253487586975,0.4982430040836334,0.499907910823822,0.9070379137992859,0.44836127758026123,0.3265475332736969,0.49522560834884644,0.6519867777824402,0.839756965637207,0.5669344663619995,0.843519389629364,0.9802793264389038,0.8365055322647095,0.8427972793579102,0.8412078619003296,0.5,0.4995390772819519,0.36965376138687134,0.49501752853393555,0.49069124460220337,0.4999074637889862,0.49972283840179443,0.8020471334457397,0.4992572069168091,0.49981430172920227,0.49470850825309753,0.49432241916656494,0.48836344480514526,0.4950834810733795,0.49599701166152954,0.4988866150379181,0.9604368209838867,2.713787317276001

461,0.3064839839935303,0.3353894352912903,0.5,0.4998154640197754,0.5,0.5,0.49963125586509705,0.4839067757129669,0.4988934099674225,0.49926117062568665,0.4998152256011963,0.3687315583229065,0.4955752193927765,0.5,0.4949280619621277,0.4987996220588684,0.49972257018089294,0.9999076128005981,0.45865437388420105,0.3353894352912903,0.4956856071949005,0.6748690009117126,0.8512922525405884,0.5920240879058838,0.848479151725769,0.9837390780448914,0.8460444211959839,0.8498200178146362,0.8483723402023315,0.5,0.4999077320098877,0.3750231862068176,0.4960332214832306,0.49141591787338257,0.5,0.499815434217453,0.7936939001083374,0.4989723563194275,0.4999072551727295,0.49358972907066345,0.4951699674129486,0.48514115810394287,0.4936838150024414,0.4964657723903656,0.49907010793685913,0.9571267366409302,2.721461772918701
462,0.3063622713088989,0.3397494852542877,0.4999076724052429,0.49981531500816345,0.49990764260292053,0.5,0.4996306598186493,0.37541529536247253,0.4988937973976135,0.4993547201156616,0.4999077320098877,0.3737308382987976,0.4961283206939697,0.5,0.4964976906776428,0.49861598014831543,0.49981561303138733,0.9440755844116211,0.4715493321418762,0.3397494852542877,0.49616894125938416,0.6412352323532104,0.8535025715827942,0.539877712726593,0.8500381112098694,0.9810030460357666,0.8479465246200562,0.85727858543396,0.8516441583633423,0.4999048411846161,0.5,0.37964504957199097,0.4964957535266876,0.49132040143013,0.49990755319595337,0.49963051080703735,0.8194079995155334,0.49888330698013306,0.4996280372142792,0.4945996403694153,0.4949795603752136,0.4854116439819336,0.49367088079452515,0.4963815212249756,0.498043954372406,0.9588362574577332,2.4529244899749756
463,0.3062686324119568,0.33259710669517517,0.5,0.4998156428337097,0.5,0.5,0.49944597482681274,0.3700591027736664,0.49916958808898926,0.4995383322238922,0.4998156428337097,0.3659099340438843,0.4956625998020172,0.5,0.49732473492622375,0.4988018572330475,0.49990764260292053,0.8541916608810425,0.45949843525886536,0.33259710669517517,0.4957089424133301,0.6363832950592041,0.8451318740844727,0.5319428443908691,0.8440523743629456,0.9800686836242676,0.841535210609436,0.848090410232544,0.8468186259269714,0.499809205532074,0.49972355365753174,0.3721790611743927,0.49622538685798645,0.4898449182510376,0.5,0.49981552362442017,0.8384373188018799,0.49906960129737854,0.5,0.49507710337638855,0.49517446756362915,0.4861626923084259,0.4929472804069519,0.4962707459926605,0.49804869294166565,0.9545422196388245,2.3778088092803955
464,0.30619266629219055,0.3354208767414093,0.49990782141685486,0.49972355365753174,0.4997226297855377,0.5,0.499262273311615,0.4366820156574249,0.4988020658493042,0.49926143884658813,0.49972328543663025,0.36388787627220154,0.4956625998020172,0.5,0.4972299039363861,0.49861469864845276,0.499815434217453,0.8070473670959473,0.43625664710998535,0.3354208767414093,0.49691933393478394,0.6595131158828735,0.844984769821167,0.6229293346405029,0.8438272476196289,0.9795743823051453,0.8393436670303345,0.850275993347168,0.8459203243255615,0.4991430342197418,0.49944648146629333,0.37386804819107056,0.4964035451412201,0.4923346936702728,0.5,0.49944639205932617,0.7851808071136475,0.4986986517906189,0.5,0.4955456554889679,0.4947877824306488,0.48604390025138855,0.49283987283706665,0.49647364020347595,0.49832433462142944,0.9553261995315552,2.1680164337158203
465,0.3061234951019287,0.33956530690193176,0.4999077022075653,0.49981561303138733,0.4998154640197754,0.5,0.49963071942329407,0.4961247444152832,0.49907732009887695,0.4995386600494385,0.49981555342674255,0.3712176978588104,0.4954805374145508,0.5,0.49759969115257263,0.4989861845970154,0.499815434217453,0.7810656428337097,0.4738818407058716,0.33956530690193176,0.49532970786094666,0.6497702598571777,0.8507704138755798,0.6210227012634277,0.8513796329498291,0.9795354604721069,0.8491942882537842,0.8517320156097412,0.8524153232574463,0.49990472197532654,0.5,0.3778951168060303,0.49575331807136536,0.48948532342910767,0.5,0.49990764260292053,0.8197089433670044,0.4993501603603363,0.4999067783355713,0.49618959426879883,0.494412362575531,0.48746052384376526,0.49414390325546265,0.49571773409843445,0.4986991286277771,0.9539459943771362,2.165883779525757
466,0.30604463815689087,0.33278053998947144,0.4999076724052429,0.4996315538883209,0.49953874945640564,0.5,0.49907782673835754,0.4943716526031494,0.49870872497558594,0.4991706609725952,0.4997231364250183,0.3630073666572571,0.4955711364746094,0.5,0.4959394633769989,0.4985261559486389,0.4998156428337097,0.7496312856674194,0.4522560238838196,0.33278053998947144,0.4956050217151642,0.6152281165122986,0.8420106172561646,0.6118112802505493,0.8425346612930298,0.9808603525161743,0.8372690677642822,0.8460881114006042,0.8425204753875732,0.4988584518432617,0.4997231066226959,0.37250369787216187,0.49585023522377014,0.49022501707077026,0.4999072253704071,0.4995385706424713,0.8289835453033447,0.49972179532051086,0.4999072849750519,0.4947916567325592,0.49470555782318115,0.48531872034072876,0.4919024705886841,0.4966517984867096,0.49805086851119995,0.9552813768386841,2.483150005340576
467,0.305943101644516,0.33345621824264526,0.49990779161453247,0.4998152256011963,0.4997231066226959,0.5,0.49889299273490906,0.49447107315063477,0.49852481484413147,0.49926239252090454,0.4997234046459198,0.3654307425022125,0.4952969253063202,0.5,0.49640288949012756,0.49870944023132324,0.4997228980064392,0.630841076374054,0.4443706274032593,0.33345621824264526,0.4957904517650604,0.6605769395828247,0.8438515663146973,0.6096452474594116,0.8455477356910706,0.9816957712173462,0.8421403169631958,0.8520833253860474,0.8471089601516724,0.5,0.49981507658958435,0.37372520565986633,0.4955662190914154,0.4916067123413086,0.5,0.49963098764419556,0.7877217531204224,0.4997212886810303,0.5,0.4946116805076599,0.4943998456001282,0.48483720421791077,0.4936814606189728,0.49664804339408875,0.49916449189186096,0.9601645469665527,2.6079845428466797
468,0.30583977699279785,0.32866358757019043,0.5,0.49926143884658813,0.4995385706424713,0.5,0.49917080998420715,0.49483585357666016,0.4984329044818878,0.49926239252090454,0.4995388388633728,0.36247923970222473,0.4951931834220886,0.5,0.4947397708892822,0.4984320104122162,0.4996309280395508,0.6997232437133789,0.46275508403778076,0.32866358757019043,0.4954265356063843,0.6955687999725342,0.8428788185119629,0.6198872327804565,0.8421803712844849,0.9822142124176025,0.8371564149856567,0.8484647274017334,0.8460952043533325,0.4987637996673584,0.4999077022075653,0.37250185012817383,0.4954780340194702,0.4912280738353729,0.5,0.49972277879714966,0.799612820148468,0.49925705790519714,0.49981430172920227,0.49275094270706177,0.4946206510066986,0.4832993149757385,0.4928358793258667,0.4968506991863251,0.4986043870449066,0.9605839252471924,2.058063507080078
469,0.30574139952659607,0.32998526096343994,0.49990764260292053,0.4997231960296631,0.49972349405288696,0.5,0.4997231066226959,0.4946534037590027,0.49907782673835754,0.49963098764419556,0.4997231960296631,0.3652286231517792,0.495387464761734,0.5,0.496121883392334,0.49907782673835754,0.49972304701805115,0.8435651063919067,0.5008986592292786,0.32998526096343994,0.4964631497859955,0.72150057554245,0.846351683139801,0.6263680458068848,0.8441718816757202,0.9812108278274536,0.8427488207817078,0.8522162437438965,0.8442420959472656,0.4993321895599365,0.49981552362442017,0.37381964921951294,0.4957580268383026,0.4918819069862366,0.49990731477737427,0.49972274899482727,0.808841347694397,0.4991641938686371,0.5,0.4950752556324005,0.4946206510066986,0.48596394062042236,0.4924805164337158,0.49674782156944275,0.4986080229282379,0.9592322111129761,2.342463493347168
470,0.30565881729125977,0.32839256525039673,0.5,0.49972325563430786,0.5,0.5,0.4995388388633728,0.4970534145832062,0.49898561835289,0.4995386600494385,0.49981552362442017,0.36662977933883667,0.4956578016281128,0.5,0.4961204528808594,0.49907851219177246,0.49972325563430786,0.7348331212997437,0.5888737440109253,0.32839256525039673,0.4969164729118347,0.6287539601325989,0.8485137224197388,0.7032257914543152,0.8438926935195923,0.9812915325164795,0.8433631658554077,0.8509889841079712,0.8480159044265747,0.49943095445632935,0.4996304512023926,0.3743053078651428,0.49611830711364746,0.4921586811542511,0.4999074339866638,0.49926143884658813,0.7468416690826416,0.49916231632232666,0.4996283948421478,0.4941449761390686,0.49543505907058716,0.4860750138759613,0.49257194995880127,0.4967460036277771,0.4988856017589569,0.9605649709701538,2.350821018218994

471,0.3056371510028839,0.3256221115589142,0.5,0.4997231066226959,0.4998157024383545,0.5,0.49926117062568665,0.4961247444152832,0.4987998604774475,0.49972325563430786,0.49972349405288696,0.36467552185058594,0.4954763650894165,0.5,0.4960332214832306,0.4990786910057068,0.4997231960296631,0.7949931025505066,0.5082609057426453,0.3256221115589142,0.49635446071624756,0.7032337784767151,0.8465930819511414,0.7401831150054932,0.842941403388977,0.9817871451377869,0.8428571224212646,0.8484992384910583,0.8438569903373718,0.5,0.4991697371006012,0.3724329471588135,0.4957611560821533,0.49106156826019287,0.5,0.4991702139377594,0.7449394464492798,0.49981459975242615,0.49990707635879517,0.495169073343277,0.49444031715393066,0.486888587474823,0.4936744272708893,0.4966573715209961,0.4986971914768219,0.9546608924865723,2.698221445083618
472,0.305534690618515,0.3255385756492615,0.4999077320098877,0.49944648146629333,0.4998156428337097,0.5,0.49935460090637207,0.4964931607246399,0.4983394742012024,0.49944689869880676,0.4996306598186493,0.36075714230537415,0.49594244360923767,0.5,0.4962156116962433,0.4987056255340576,0.499723345041275,0.8231606483459473,0.41101107001304626,0.3255385756492615,0.49579280614852905,0.761825442314148,0.8410823345184326,0.6403585076332092,0.8387957215309143,0.9799052476882935,0.834946870803833,0.8456063866615295,0.8399506211280823,0.4994294345378876,0.4999077022075653,0.36771509051322937,0.4960288107395172,0.48948532342910767,0.49990737438201904,0.49972298741340637,0.7603950500488281,0.49925580620765686,0.49962881207466125,0.49385932087898254,0.4924735128879547,0.4848315715789795,0.49358856678009033,0.49517178535461426,0.49823781847953796,0.9595481157302856,2.5732951164245605
473,0.3054945766925812,0.3302929699420929,0.49990764260292053,0.4997234642505646,0.5,0.5,0.4995386600494385,0.49695685505867004,0.49935436248779297,0.49972325563430786,0.499723345041275,0.36389657855033875,0.49640288949012756,0.5,0.4957588016986847,0.49935412406921387,0.49981528520584106,0.7771322727203369,0.4345710277557373,0.3302929699420929,0.497016042470932,0.6989615559577942,0.8475667238235474,0.6454719305038452,0.8437024354934692,0.9804257154464722,0.8427104949951172,0.8503427505493164,0.8467955589294434,0.49971526861190796,0.4991689622402191,0.3728735148906708,0.49668264389038086,0.49067920446395874,0.4998150169849396,0.49907833337783813,0.7753371000289917,0.49822762608528137,0.499441534280777,0.493656724691391,0.4944320619106293,0.4856717586517334,0.4916294515132904,0.4961945414543152,0.4982358515262604,0.9543286561965942,2.4305851459503174
474,0.3053661286830902,0.3300479054450989,0.4999076724052429,0.4992613196372986,0.4997224807739258,0.5,0.4991705119609833,0.49464648962020874,0.49815431237220764,0.49907663464546204,0.49935436248779297,0.36608293652534485,0.4953942596912384,0.5,0.4958510100841522,0.49833980202674866,0.4995383322238922,0.7246309518814087,0.49904853105545044,0.3300479054450989,0.4956156611442566,0.7758023738861084,0.8469717502593994,0.6877814531326294,0.8452833890914917,0.9816957712173462,0.84104323387146,0.8493333458900452,0.8502840995788574,0.4996184706687927,0.4997229278087616,0.3748382329940796,0.49566420912742615,0.49067920446395874,0.5,0.499723345041275,0.7446592450141907,0.49841684103012085,0.49944257736206055,0.4928358793258667,0.49414390325546265,0.48634591698646545,0.49227187037467957,0.495354026556015,0.4981429874897003,0.9602356553077698,2.8603169918060303
475,0.3052977919578552,0.33130866289138794,0.5,0.4996306598186493,0.49981555342674255,0.5,0.4992620050907135,0.494378924369812,0.4983403980731964,0.4993544816970825,0.4998154044151306,0.3669682443141937,0.4947397708892822,0.5,0.4976014792919159,0.498247891664505,0.4996311366558075,0.6994464993476868,0.4519491195678711,0.33130866289138794,0.4942798316478729,0.7723052501678467,0.8484300374984741,0.6363052129745483,0.8497350215911865,0.981731653213501,0.8446694612503052,0.8516619205474854,0.8509122133255005,0.4996201992034912,0.4998154938220978,0.3762962818145752,0.4951116144657135,0.4911455512046814,0.5,0.4997234046459198,0.7991981506347656,0.4990711510181427,0.49990689754486084,0.4947974681854248,0.4960140883922577,0.4859873652458191,0.49329107999801636,0.49721086025238037,0.49860334396362305,0.9559259414672852,2.792673110961914
476,0.3052176237106323,0.3310014605522156,0.5,0.49944648146629333,0.4998157322406769,0.5,0.49880072474479675,0.494182825088501,0.4986180067062378,0.49944648146629333,0.4996311366558075,0.36467552185058594,0.4952082633972168,0.5,0.49548137187957764,0.49852508306503296,0.4995390772819519,0.833148717880249,0.515218198299408,0.3310014605522156,0.4960784316062927,0.751745343208313,0.8477683067321777,0.7585586309432983,0.8445842862129211,0.979731023311615,0.8418551683425903,0.8522251844406128,0.8459572196006775,0.499620646238327,0.4996306002140045,0.374004065990448,0.495941698551178,0.4912280738353729,0.5,0.49981576204299927,0.8113971948623657,0.49906960129737854,0.49953600764274597,0.4936767816543579,0.4948080778121948,0.4856744110584259,0.4919235110282898,0.4963815212249756,0.4978596568107605,0.9588754177093506,2.894991159439087
477,0.30510181188583374,0.32949307560920715,0.4999076724052429,0.49972349405288696,0.4997231960296631,0.5,0.4989854395389557,0.4941924810409546,0.4980655908584595,0.49953892827033997,0.4997231066226959,0.3615824282169342,0.4955703318119049,0.5,0.4960339367389679,0.4988018572330475,0.49953898787498474,0.8566821217536926,0.3868187367916107,0.32949307560920715,0.495708167552948,0.752710223197937,0.8445728421211243,0.702186107635498,0.8418843746185303,0.9802955389022827,0.8392484188079834,0.8483349084854126,0.8456261157989502,0.4997144937515259,0.4996306598186493,0.3728500008583069,0.4960324764251709,0.48938918113708496,0.4998147189617157,0.49972355365753174,0.7749165296554565,0.4997209310531616,0.5,0.49311885237693787,0.4947945773601532,0.4839368760585785,0.49229198694229126,0.49637478590011597,0.49814125895500183,0.9625678062438965,2.550682544708252
478,0.3050466477870941,0.3329039514064789,0.5,0.5,0.5,0.5,0.49935436248779297,0.4952056109905243,0.4988934099674225,0.4998157024383545,0.5,0.36273062229156494,0.49621421098709106,0.5,0.49650028347969055,0.49880072474479675,0.4997229278087616,0.7498154640197754,0.6800551414489746,0.3329039514064789,0.4966317415237427,0.7860673666000366,0.8427296876907349,0.6242853403091431,0.8418328166007996,0.9802168607711792,0.8398243188858032,0.8473013639450073,0.8444592952728271,0.499526709318161,0.49953892827033997,0.37171173095703125,0.4968663454055786,0.4916958808898926,0.49981489777565,0.4998154938220978,0.8180198669433594,0.4990704655647278,0.49981409311294556,0.4943361282348633,0.495633602142334,0.48681768774986267,0.49332714080810547,0.49721190333366394,0.4977690875530243,0.9544284343719482,2.493311643600464
479,0.3049996793270111,0.329158216714859,0.49990764260292053,0.49944689869880676,0.499723345041275,0.5,0.49880117177963257,0.4951142966747284,0.4978750944137573,0.49935436248779297,0.499538391828537,0.35505908727645874,0.49520206451416016,0.5,0.49787822365760803,0.4985245168209076,0.49935412406921387,0.7365654110908508,0.4711521863937378,0.329158216714859,0.5006093382835388,0.8116980791091919,0.8385752439498901,0.6133426427841187,0.8369420766830444,0.9806451797485352,0.8333966732025146,0.8431260585784912,0.8397800922393799,0.5,0.4994460940361023,0.3649398684501648,0.4965886175632477,0.4910549521446228,0.5,0.4995388388633728,0.7784750461578369,0.4995352327823639,0.499813973903656,0.4948846697807312,0.49414825439453125,0.48584994673728943,0.49395236372947693,0.49553820490837097,0.4973008334636688,0.95381760597229,2.324233055114746
480,0.30495309829711914,0.3344706892967224,0.4999076724052429,0.49944648146629333,0.49963119626045227,0.5,0.49907681345939636,0.4940991997718811,0.4979715943336487,0.4990776479244232,0.49926212430000305,0.3641565144062042,0.49446800351142883,0.5,0.4969562888145447,0.497970849275589,0.4998154938220978,0.6663900017738342,0.42917436361312866,0.3344706892967224,0.4944777190685272,0.8217982053756714,0.8470588326454163,0.6442255973815918,0.8435361385345459,0.9798287153244019,0.8396226167678833,0.8516973257064819,0.8468881249427795,0.5,0.49953874945640564,0.37576374411582947,0.4949280619621277,0.4920693337917328,0.4998147785663605,0.4997231960296631,0.8149393200874329,0.49888184666633606,0.49981415271759033,0.49313926696777344,0.49572649598121643,0.482992559671402,0.4928611218929291,0.4971221685409546,0.4986098110675812,0.9574662446975708,2.100051164627075

481,0.30485275387763977,0.33140069246292114,0.49981576204299927,0.4992620050907135,0.4997231960296631,0.5,0.49861571192741394,0.49446597695350647,0.49769458174705505,0.49907782673835754,0.49926212430000305,0.36413145065307617,0.49502119421958923,0.5,0.49630996584892273,0.4982462525367737,0.4996306002140045,0.8073238134384155,0.43777820467948914,0.33140069246292114,0.5200263261795044,0.8116240501403809,0.8462123870849609,0.6625601053237915,0.8446767926216125,0.9767751693725586,0.8410124778747559,0.8534989356994629,0.8491747379302979,0.4992366433143616,0.4995388388633728,0.37550869584083557,0.49538320302963257,0.4898430407047272,0.5,0.4994466006755829,0.7953541278839111,0.4986998438835144,0.4995357394218445,0.4939455986022949,0.494233638048172,0.48482590913772583,0.49331599473953247,0.4960966408252716,0.49851495027542114,0.9596774578094482,2.208395481109619
482,0.3047354519367218,0.3313075602054596,0.5,0.4996310770511627,0.49981552362442017,0.5,0.4988923668861389,0.49640485644340515,0.4988003075122833,0.4995393455028534,0.4997231364250183,0.36176687479019165,0.4964008927345276,0.5,0.4956625998020172,0.49879875779151917,0.4996309280395508,0.7892892360687256,0.42399877309799194,0.3313075602054596,0.49719521403312683,0.8358590006828308,0.8431596755981445,0.62958824634552,0.8407540321350098,0.9798938035964966,0.8372336626052856,0.8493059873580933,0.8435536026954651,0.49866819381713867,0.5,0.3713439404964447,0.4963085949420929,0.49076810479164124,0.4999074637889862,0.5,0.8509225249290466,0.4987931549549103,0.4998144805431366,0.4927617013454437,0.4947134256362915,0.4811057448387146,0.4918261170387268,0.4964677393436432,0.49814334511756897,0.9599927067756653,2.3509626388549805
483,0.30466172099113464,0.3337324857711792,0.5,0.49990782141685486,0.49990788102149963,0.5,0.49796709418296814,0.4965886175632477,0.49852508306503296,0.499723345041275,0.4999077618122101,0.36563998460769653,0.4963051974773407,0.5,0.49622398614883423,0.4982469081878662,0.49944719672203064,0.7245387434959412,0.40425774455070496,0.3337324857711792,0.5056798458099365,0.696025550365448,0.8492108583450317,0.7135151624679565,0.8462490439414978,0.9765610098838806,0.8405354022979736,0.8527390956878662,0.8481348156929016,0.4999050199985504,0.4998158812522888,0.3751850426197052,0.49658796191215515,0.49040237069129944,0.5,0.4999077618122101,0.7782995700836182,0.49898090958595276,0.49981412291526794,0.4937836229801178,0.4948013424873352,0.48503440618515015,0.492940753698349,0.4957185387611389,0.4982358515262604,0.9588192701339722,2.09171199798584
484,0.30452531576156616,0.3295852541923523,0.4999076724052429,0.4999077022075653,0.5,0.5,0.4968646168708801,0.496222585439682,0.49907782673835754,0.4998157322406769,0.49990782141685486,0.3598225712776184,0.49612975120544434,0.5,0.4972309470176697,0.4986175000667572,0.4997231960296631,0.8041632175445557,0.5025733709335327,0.3295852541923523,0.49607476592063904,0.641040027141571,0.8450436592102051,0.7584440112113953,0.8435897827148438,0.9779131412506104,0.8399619460105896,0.8470206260681152,0.8448569774627686,0.499714732170105,0.49972355365753174,0.3707917034626007,0.4962170124053955,0.4893793761730194,0.4999071955680847,0.4996306598186493,0.7926362752914429,0.4991637170314789,0.4995352327823639,0.49508529901504517,0.4953453838825226,0.4848681688308716,0.49249306321144104,0.4974064528942108,0.4985119104385376,0.9631789922714233,2.2047154903411865
485,0.30447012186050415,0.33127760887145996,0.5,0.49953916668891907,0.4998154938220978,0.5,0.4974174499511719,0.49391481280326843,0.49732768535614014,0.499446302652359,0.4995390772819519,0.36151576042175293,0.4950120151042938,0.5,0.49649834632873535,0.49751150608062744,0.49981561303138733,0.8123156428337097,0.6842120885848999,0.33127760887145996,0.49495139718055725,0.7429343461990356,0.844735860824585,0.6617591381072998,0.8442670106887817,0.9751092195510864,0.8389216661453247,0.8512357473373413,0.8465129137039185,0.4988580048084259,0.49990779161453247,0.37421441078186035,0.4954838752746582,0.4890221357345581,0.499907523393631,0.4997231960296631,0.8412125110626221,0.4988837242126465,0.49944186210632324,0.4940696954727173,0.49303749203681946,0.48616528511047363,0.49432873725891113,0.49535056948661804,0.4974902272224426,0.9562363624572754,2.112870693206787
486,0.30437421798706055,0.3345912992954254,0.4998156726360321,0.4996303915977478,0.49972325563430786,0.5,0.4976023733615875,0.49566659331321716,0.498247891664505,0.49953848123550415,0.4997237026691437,0.3637285530567169,0.4962156116962433,0.5,0.4954763650894165,0.49824658036231995,0.49926185607910156,0.8884270191192627,0.4093034267425537,0.3345912992954254,0.49710604548454285,0.7608004808425903,0.8487554788589478,0.7259860634803772,0.8456942439079285,0.9746955633163452,0.8423311710357666,0.8515416383743286,0.8456413745880127,0.49990516901016235,0.49972328543663025,0.3730804920196533,0.49677300453186035,0.491150438785553,0.5,0.49935436248779297,0.7557761669158936,0.498046875,0.49907028675079346,0.493865042924881,0.49544015526771545,0.4857938587665558,0.4942432641983032,0.4960103929042816,0.49786442518234253,0.9592031240463257,2.0940299034118652
487,0.3043214678764343,0.332965224981308,0.49990785121917725,0.4996315538883209,0.4997234642505646,0.5,0.4977847635746002,0.4944649338722229,0.4981556534767151,0.49926239252090454,0.49963119626045227,0.36417248845100403,0.494935542345047,0.5,0.49639490246772766,0.497877836227417,0.4994470179080963,0.9997234344482422,0.5336191654205322,0.332965224981308,0.5203623175621033,0.6462068557739258,0.8457213640213013,0.6708636283874512,0.8477022647857666,0.973413348197937,0.8451563715934753,0.8499049544334412,0.8466286659240723,0.4994295537471771,0.499631404876709,0.3734048306941986,0.49548137187957764,0.4892771244049072,0.49990734457969666,0.4997229278087616,0.8286593556404114,0.49879249930381775,0.49916404485702515,0.4952549338340759,0.4934798777103424,0.4877323508262634,0.4929262697696686,0.4960037171840668,0.49814093112945557,0.9556654691696167,2.106100082397461
488,0.30427438020706177,0.32783713936805725,0.5,0.49990785121917725,0.49990782141685486,0.5,0.4973227381706238,0.49446597695350647,0.4982472360134125,0.4998156428337097,0.49990779161453247,0.3591471314430237,0.4955776631832123,0.5,0.4946514070034027,0.4984329044818878,0.49972325563430786,0.9994459748268127,0.37660375237464905,0.32783713936805725,0.49626585841178894,0.6234712600708008,0.8414055109024048,0.6845290660858154,0.8385199308395386,0.9770049452781677,0.8350535035133362,0.8442173004150391,0.8424956798553467,0.5,0.49944567680358887,0.3686354458332062,0.49584946036338806,0.4878206253051758,0.49981480836868286,0.4993542432785034,0.818511426448822,0.49888578057289124,0.49944227933883667,0.49340760707855225,0.4937974512577057,0.48578330874443054,0.4919069707393646,0.49572092294692993,0.4982335567474365,0.9567344784736633,2.283668279647827
489,0.30417606234550476,0.33406996726989746,0.5,0.4996311366558075,0.4998154640197754,0.5,0.496121883392334,0.4942825436592102,0.49778762459754944,0.49944669008255005,0.4998154044151306,0.3637705147266388,0.4952951967716217,0.5,0.4960368573665619,0.49824756383895874,0.4996306002140045,0.9998154044151306,0.4768897294998169,0.33406996726989746,0.49505874514579773,0.7818096876144409,0.8454805016517639,0.6490081548690796,0.8437024354934692,0.9722063541412354,0.8401145935058594,0.8511486649513245,0.8457669019699097,0.4996199309825897,0.49990779161453247,0.37453773617744446,0.49566179513931274,0.4889380633831024,0.49972227215766907,0.4996306598186493,0.8273934125900269,0.4989767372608185,0.49953609704971313,0.4940652847290039,0.49358856678009033,0.48588934540748596,0.4922977089881897,0.4946976602077484,0.49730634689331055,0.9610342383384705,2.15401291847229
490,0.30408158898353577,0.33791258931159973,0.4998154640197754,0.4997228980064392,0.49972328543663025,0.5,0.4967712163925171,0.49547886848449707,0.4981536269187927,0.4996313452720642,0.49972298741340637,0.3659413754940033,0.4960324764251709,0.5,0.4961283206939697,0.49834102392196655,0.4994460940361023,0.9997234344482422,0.5409470796585083,0.33791258931159973,0.4960842728614807,0.7226208448410034,0.8469583988189697,0.749569296836853,0.8451588153839111,0.9764258861541748,0.843405544757843,0.8526325821876526,0.8519893288612366,0.49952346086502075,0.4996316730976105,0.37532371282577515,0.49621421098709106,0.4917987585067749,0.5,0.4991697371006012,0.8581340312957764,0.49888455867767334,0.4996283948421478,0.4950752556324005,0.4965555667877197,0.48562684655189514,0.49276572465896606,0.4970238208770752,0.4986998438835144,0.9587570428848267,2.044543743133545

491,0.3040015995502472,0.32860302925109863,0.49990764260292053,0.49972355365753174,0.4998154640197754,0.5,0.4981553256511688,0.4951106905937195,0.49741697311401367,0.499538391828537,0.4997236430644989,0.3602507412433624,0.4960273504257202,0.5,0.49528825283050537,0.4982469081878662,0.49981552362442017,0.9999077320098877,0.4736536741256714,0.32860302925109863,0.4959768056869507,0.6753885746002197,0.8434401154518127,0.7472426295280457,0.837397575378418,0.9750237464904785,0.8356177806854248,0.8457517623901367,0.8439103364944458,0.49819082021713257,0.4996310770511627,0.36814308166503906,0.4957462549209595,0.49170660972595215,0.499907523393631,0.4995388388633728,0.7859296798706055,0.4988866150379181,0.4994424879550934,0.49406197667121887,0.49535489082336426,0.4852968454360962,0.49358856678009033,0.4965645372867584,0.5074968934059143,0.9587953090667725,2.143674850463867
492,0.30394238233566284,0.3305412232875824,0.4999077022075653,0.49963098764419556,0.4999077022075653,0.5,0.49648797512054443,0.4464022219181061,0.49713757634162903,0.4992620050907135,0.4999077022075653,0.3638709783554077,0.4949224591255188,0.5,0.4953840374946594,0.4983406960964203,0.49953848123550415,0.9995385408401489,0.44012442231178284,0.3305412232875824,0.49534016847610474,0.773627519607544,0.843387246131897,0.6953871250152588,0.8421202898025513,0.9727910757064819,0.840258002281189,0.8488880395889282,0.8445290327072144,0.49905070662498474,0.49972298741340637,0.3726615905761719,0.4946494400501251,0.4910566210746765,0.5,0.4996306598186493,0.8486889600753784,0.49916526675224304,0.4995347857475281,0.4936908483505249,0.4943392872810364,0.48505106568336487,0.4925595223903656,0.4956222176551819,0.4974958300590515,0.9559736847877502,2.083815574645996
493,0.3038918375968933,0.33004245162010193,0.499723345041275,0.49944639205932617,0.4997228980064392,0.5,0.4954872131347656,0.42449694871902466,0.49732717871665955,0.4993537664413452,0.4996313452720642,0.36919674277305603,0.4952003061771393,0.5,0.4948282241821289,0.4985245168209076,0.49935412406921387,0.9995384216308594,0.4819900393486023,0.33004245162010193,0.4953235983848572,0.7784467935562134,0.8503899574279785,0.8338543176651001,0.8480820655822754,0.9699047803878784,0.8444125652313232,0.8539102077484131,0.8494675159454346,0.499714732170105,0.49944648146629333,0.3772449493408203,0.49511250853538513,0.49013277888298035,0.5,0.4993540048599243,0.7621808052062988,0.49953582882881165,0.49981439113616943,0.4935790002346039,0.49431923031806946,0.48561352491378784,0.49330607056617737,0.4960037171840668,0.4982348680496216,0.9570052027702332,2.0749619007110596
494,0.30380794405937195,0.32737985253334045,0.5,0.4996303915977478,0.4996306598186493,0.5,0.49787625670433044,0.4101216793060303,0.496863454580307,0.4992620050907135,0.4996309280395508,0.3649022579193115,0.4956650137901306,0.5,0.494181752204895,0.4984314441680908,0.499538391828537,0.9999077320098877,0.39775338768959045,0.32737985253334045,0.5340785980224609,0.8180544376373291,0.8458166718482971,0.6782491207122803,0.8417396545410156,0.9741232395172119,0.8404680490493774,0.8488813042640686,0.8448341488838196,0.4989551603794098,0.499815434217453,0.3714338541030884,0.4960376024246216,0.490327924489975,0.5,0.49972325563430786,0.8032239675521851,0.4986993670463562,0.499163419008255,0.4927360713481903,0.49434033036231995,0.4846368730068207,0.49191150069236755,0.4955315589904785,0.4985138475894928,0.958532989025116,2.1092007160186768
495,0.3037359416484833,0.3237244486808777,0.5,0.49926117062568665,0.4995385706424713,0.5,0.49556785821914673,0.43207022547721863,0.4976949989795685,0.49926185607910156,0.49963098764419556,0.36139345169067383,0.4954797029495239,0.5,0.49429306387901306,0.4984331727027893,0.49963119626045227,0.9995384216308594,0.5064185857772827,0.3237244486808777,0.5068213939666748,0.6428849697113037,0.8434889912605286,0.7751762866973877,0.8429140448570251,0.9635635614395142,0.8372291922569275,0.848254919052124,0.8451974391937256,0.4998100697994232,0.49990779161453247,0.3703223466873169,0.49575725197792053,0.4896507263183594,0.5,0.49981531500816345,0.8330276012420654,0.4989778995513916,0.49944332242012024,0.49302196502685547,0.4950697720050812,0.48524224758148193,0.49283722043037415,0.49590927362442017,0.49786126613616943,0.9584850668907166,2.1399707794189453
496,0.30364421010017395,0.3257826864719391,0.5,0.49935412406921387,0.499723345041275,0.5,0.4955727756023407,0.3661126494407654,0.4976916015148163,0.499262273311615,0.4998157024383545,0.3591471314430237,0.49621981382369995,0.5,0.4966795742511749,0.4982469081878662,0.49990788102149963,0.9998155832290649,0.7109913229942322,0.3257826864719391,0.495710551738739,0.7725114822387695,0.8413242101669312,0.7995383739471436,0.8395578861236572,0.9706383943557739,0.8361527919769287,0.8478054404258728,0.8428951501846313,0.4992395341396332,0.49972355365753174,0.37012746930122375,0.49612903594970703,0.4907015264034271,0.5,0.4998156428337097,0.8253180980682373,0.4996282458305359,0.49981385469436646,0.4947935938835144,0.49469274282455444,0.5069965124130249,0.4925650656223297,0.49702492356300354,0.49823716282844543,0.9600505828857422,2.1406407356262207
497,0.30355358123779297,0.32672446966171265,0.49972325563430786,0.49916958808898926,0.49944648146629333,0.5,0.49556541442871094,0.3702198266983032,0.49750831723213196,0.4991706609725952,0.49944648146629333,0.36467552185058594,0.49538660049438477,0.5,0.4949280619621277,0.4979693591594696,0.49944689869880676,0.999354362487793,0.5435588359832764,0.32672446966171265,0.49562138319015503,0.7779943346977234,0.8474624156951904,0.7640812397003174,0.8423757553100586,0.9607170224189758,0.8418347835540771,0.8512845039367676,0.8445035219192505,0.49867022037506104,0.49953848123550415,0.3748377561569214,0.4953942596912384,0.4895814061164856,0.5,0.4997234046459198,0.8030139207839966,0.49907010793685913,0.499534547328949,0.4917147755622864,0.4934149384498596,0.4826337397098541,0.49229198694229126,0.4952619969844818,0.49693137407302856,0.9597722291946411,2.144866466522217
498,0.3034953773021698,0.3291896879673004,0.499907910823822,0.4997236430644989,0.49990785121917725,0.5,0.49547886848449707,0.366728276014328,0.4961204528808594,0.4996303915977478,0.4999077618122101,0.3644583821296692,0.4951106905937195,0.5,0.49613118171691895,0.49824756383895874,0.4998156726360321,0.9998154640197754,0.46152421832084656,0.3291896879673004,0.4965401291847229,0.8157092332839966,0.8470799922943115,0.8351397514343262,0.8426101803779602,0.9628326892852783,0.8420552015304565,0.8507957458496094,0.8459643721580505,0.49904635548591614,0.4997231066226959,0.3734036684036255,0.49584487080574036,0.49170202016830444,0.4999074637889862,0.49990782141685486,0.8293458223342896,0.4988853931427002,0.4991626441478729,0.49236926436424255,0.4947829246520996,0.48458680510520935,0.49189189076423645,0.49627700448036194,0.5589337944984436,0.957446813583374,2.0249152183532715
499,0.3034474849700928,0.3259948492050171,0.49990788102149963,0.4999077618122101,0.49990785121917725,0.5,0.49473685026168823,0.36521416902542114,0.4963982403278351,0.49972349405288696,0.5,0.3623362183570862,0.49575644731521606,0.5,0.497877836227417,0.4984331727027893,0.4998154044151306,0.999631404876709,0.4339231252670288,0.3259948492050171,0.5286936163902283,0.8570895195007324,0.844160795211792,0.8369318246841431,0.8463150262832642,0.9603809118270874,0.8424800634384155,0.849250078201294,0.8467589020729065,0.49808648228645325,0.49990779161453247,0.37122756242752075,0.4956625998020172,0.490862101316452,0.5,0.49990785121917725,0.8020471334457397,0.498697429895401,0.49962902069091797,0.4949823319911957,0.493865042924881,0.4878116846084595,0.4939579963684082,0.49629148840904236,0.4981416165828705,0.9580110311508179,2.0592801570892334
500,0.303384929895401,0.32587477564811707,0.5,0.49916914105415344,0.4998157024383545,0.5,0.4932607114315033,0.3646429181098938,0.49520471692085266,0.4990764558315277,0.4997231066226959,0.35957956314086914,0.4955768585205078,0.5,0.4960339367389679,0.4980623722076416,0.4998154044151306,0.9997233152389526,0.4497433006763458,0.32587477564811707,0.563367486000061,0.7894934415817261,0.8428030014038086,0.8387097120285034,0.8398363590240479,0.9547705054283142,0.8373653292655945,0.8497345447540283,0.8460588455200195,0.49848052859306335,0.49990782141685486,0.37008529901504517,0.49548304080963135,0.49179571866989136,0.5,0.4998151957988739,0.8580187559127808,0.4992569088935852,0.4997216463088989,0.4925636649131775,0.49451470375061035,0.48484566807746887,0.49295252561569214,0.49646511673927307,0.5230483412742615,0.9585303664207458,2.2467477321624756

501,0.30329838395118713,0.32885289192199707,0.5,0.49963077902793884,0.4998153746128082,0.5,0.4952011704444885,0.367576539516449,0.4967736005783081,0.49944689869880676,0.4997234046459198,0.36413946747779846,0.4948272705078125,0.5,0.4960332214832306,0.4980638027191162,0.4995383322238922,0.9998152256011963,0.5251237750053406,0.32885289192199707,0.5773219466209412,0.8743954300880432,0.8459203243255615,0.8239710330963135,0.8460075855255127,0.9587540626525879,0.8432154655456543,0.8472063541412354,0.8465487957000732,0.49923911690711975,0.499815434217453,0.3719421923160553,0.4951142966747284,0.48967742919921875,0.49981462955474854,0.499815434217453,0.8015016317367554,0.4984177350997925,0.499534547328949,0.49321940541267395,0.4942357838153839,0.48693960905075073,0.493595689535141,0.49591079354286194,0.49795690178871155,0.9572696685791016,2.14420223236084
502,0.3032070994377136,0.33609575033187866,0.4999076724052429,0.49972328543663025,0.49990779161453247,0.5,0.4950156807899475,0.3761078417301178,0.4974207878112793,0.4996309280395508,0.49990782141685486,0.3714970648288727,0.4961276054382324,0.5,0.4964976906776428,0.4989861845970154,0.49953925609588623,0.9997233152389526,0.4981852173805237,0.33609575033187866,0.5676771402359009,0.8156925439834595,0.8524527549743652,0.8515076637268066,0.8524933457374573,0.9550904035568237,0.849382758140564,0.8595346212387085,0.8514410257339478,0.49933281540870667,0.4998154938220978,0.381133109331131,0.49631133675575256,0.49059560894966125,0.5,0.4996303915977478,0.7976793050765991,0.4985124468803406,0.49916404485702515,0.4944154918193817,0.49366381764411926,0.48596394062042236,0.49369436502456665,0.4960014820098877,0.4973987340927124,0.9583538770675659,2.075599193572998
503,0.30311715602874756,0.3312143087387085,0.49990788102149963,0.4994466006755829,0.4996306598186493,0.5,0.49408721923828125,0.37126246094703674,0.49796971678733826,0.49926280975341797,0.4995381534099579,0.36655592918395996,0.49547719955444336,0.5,0.4963085949420929,0.49806272983551025,0.4997231066226959,0.9998155832290649,0.4276275336742401,0.3312143087387085,0.557451605796814,0.8747939467430115,0.8492275476455688,0.7145013809204102,0.8483263254165649,0.9593802690505981,0.8468844890594482,0.8556798696517944,0.848801851272583,0.49923911690711975,0.49981552362442017,0.37627431750297546,0.4955727756023407,0.4910483658313751,0.49981454014778137,0.4993544816970825,0.8725930452346802,0.4984185993671417,0.4991629421710968,0.4932105541229248,0.4942432641983032,0.4861575663089752,0.4933147728443146,0.4962839186191559,0.498232901096344,0.9597402811050415,2.0774288177490234
504,0.3030402362346649,0.328021377325058,0.49981555342674255,0.49963125586509705,0.49963051080703735,0.5,0.49400368332862854,0.36846962571144104,0.4974184036254883,0.4992607533931732,0.4998156726360321,0.36107009649276733,0.495852530002594,0.5,0.49382373690605164,0.498247891664505,0.49944689869880676,0.999445915222168,0.4978565573692322,0.328021377325058,0.4956148564815521,0.9363753795623779,0.8446370363235474,0.735183596611023,0.8422302007675171,0.9566824436187744,0.8389363288879395,0.8536423444747925,0.8439526557922363,0.49914366006851196,0.4993537664413452,0.3726380169391632,0.49547386169433594,0.48957371711730957,0.49981489777565,0.49926185607910156,0.8153320550918579,0.4986056983470917,0.49925705790519714,0.49134561419487,0.4938730001449585,0.48362791538238525,0.4915395975112915,0.4951609969139099,0.49665987491607666,0.960405170917511,2.0557174682617188
505,0.3029767870903015,0.33100277185440063,0.49990788102149963,0.49953779578208923,0.49963098764419556,0.5,0.49492618441581726,0.3717523515224457,0.4975106120109558,0.49935412406921387,0.49963125586509705,0.36499446630477905,0.49575725197792053,0.5,0.4966789782047272,0.4983373284339905,0.49981561303138733,0.9997234344482422,0.47770994901657104,0.33100277185440063,0.5096154808998108,0.901008129119873,0.8475157022476196,0.84891676902771,0.8468048572540283,0.9553046226501465,0.8433517217636108,0.8538886904716492,0.8500094413757324,0.49885299801826477,0.4996309280395508,0.37516218423843384,0.4956609904766083,0.4882798194885254,0.49990713596343994,0.49953898787498474,0.8181581497192383,0.4988868236541748,0.49944227933883667,0.49330979585647583,0.49331849813461304,0.486095666885376,0.4925636649131775,0.49441859126091003,0.4974021017551422,0.9562476873397827,2.1780831813812256
506,0.3028801381587982,0.3317679464817047,0.4998154938220978,0.4992620050907135,0.4998153746128082,0.5,0.49529433250427246,0.3721596300601959,0.49695122241973877,0.49953916668891907,0.49981552362442017,0.360228955745697,0.4956625998020172,0.5,0.49445369839668274,0.49787744879722595,0.49907732009887695,0.9998157620429993,0.4562005400657654,0.3317679464817047,0.4959903061389923,0.8272837400436401,0.8426998257637024,0.8294907808303833,0.842175304889679,0.949289083480835,0.8373689651489258,0.8474447131156921,0.8457890748977661,0.49886083602905273,0.4997234642505646,0.37083640694618225,0.49557194113731384,0.48911237716674805,0.49981483817100525,0.49963098764419556,0.8348689079284668,0.4982335567474365,0.4986996054649353,0.49264705181121826,0.4935837686061859,0.48682501912117004,0.49293944239616394,0.4946056604385376,0.49804940819740295,0.9621559381484985,2.155914306640625
507,0.30282309651374817,0.32673177123069763,0.5,0.4995385706424713,0.49972349405288696,0.5,0.4962176978588104,0.3648773431777954,0.4954838752746582,0.499446302652359,0.4998156428337097,0.36030223965644836,0.4944741129875183,0.5,0.4944639205932617,0.49713969230651855,0.49963125586509705,0.9998157024383545,0.49257221817970276,0.32673177123069763,0.5287534594535828,0.7683484554290771,0.8440462350845337,0.8179031610488892,0.8427051305770874,0.9482561349868774,0.8400076031684875,0.8468186259269714,0.8455462455749512,0.4987647235393524,0.49981552362442017,0.37078234553337097,0.4942878186702728,0.4905799925327301,0.5,0.4998156428337097,0.7897951602935791,0.49823421239852905,0.49953532218933105,0.49174702167510986,0.49460363388061523,0.4852285385131836,0.4919084906578064,0.4962839186191559,0.49814194440841675,0.9566714763641357,2.03423810005188
508,0.3027274012565613,0.32529011368751526,0.49990782141685486,0.4998154044151306,0.4999077320098877,0.5,0.4956650137901306,0.3676687479019165,0.4961247444152832,0.4998157322406769,0.49990782141685486,0.36314138770103455,0.4961261749267578,0.5,0.4942825436592102,0.4979723393917084,0.4996309280395508,0.8887044191360474,0.44930270314216614,0.32529011368751526,0.5598883032798767,0.7811734080314636,0.8462417125701904,0.8303560018539429,0.841688871383667,0.9358339309692383,0.8415606617927551,0.8493449687957764,0.8466274738311768,0.49875763058662415,0.49981576204299927,0.37187787890434265,0.4963119924068451,0.48829278349876404,0.5,0.4998156726360321,0.7607768774032593,0.49879270792007446,0.49906855821609497,0.49377208948135376,0.4940608739852905,0.4857063293457031,0.49172863364219666,0.4961938261985779,0.5847908854484558,0.9589138031005859,2.1156373023986816
509,0.3026752173900604,0.3260909616947174,0.5,0.4992610514163971,0.49972355365753174,0.5,0.49565860629081726,0.3663594424724579,0.4961240291595459,0.4993540048599243,0.49972328543663025,0.3608085513114929,0.49427834153175354,0.5,0.49612903594970703,0.49769458174705505,0.499723345041275,0.9995388984680176,0.45374786853790283,0.3260909616947174,0.551025927066803,0.7789273262023926,0.8440288305282593,0.8406640291213989,0.843238115310669,0.9406522512435913,0.8406113386154175,0.846936821937561,0.8438272476196289,0.49780911207199097,0.49981528520584106,0.3711082339286804,0.49456220865249634,0.4893970191478729,0.49990764260292053,0.4995386600494385,0.8528870344161987,0.49878957867622375,0.49907150864601135,0.4945228397846222,0.4940432012081146,0.48669520020484924,0.4928412139415741,0.4957193434238434,0.521495521068573,0.9561117887496948,2.6509692668914795
510,0.3025837242603302,0.3350202441215515,0.5,0.4993540048599243,0.49981555342674255,0.5,0.4926946461200714,0.4760412871837616,0.4955711364746094,0.49944639205932617,0.49981552362442017,0.3651685416698456,0.49621492624282837,0.5,0.4959379732608795,0.49861571192741394,0.49990779161453247,0.9998155832290649,0.47967350482940674,0.3350202441215515,0.5607883930206299,0.796934962272644,0.8475528359413147,0.7814931869506836,0.847867488861084,0.9392033815383911,0.8441953659057617,0.8514159917831421,0.8511102795600891,0.4996204972267151,0.4995388388633728,0.37541744112968445,0.49611902236938477,0.48903024196624756,0.5,0.4995386600494385,0.8306200504302979,0.49850940704345703,0.49953600764274597,0.49424755573272705,0.4948960542678833,0.48682746291160583,0.4938616156578064,0.49646708369255066,0.4978671967983246,0.960849404335022,2.0934855937957764

511,0.3024848997592926,0.32912907004356384,0.4998153746128082,0.49889257550239563,0.4997231364250183,0.5,0.4916958808898926,0.4948406219482422,0.49519407749176025,0.49917036294937134,0.4996311366558075,0.36281388998031616,0.49473780393600464,0.5,0.49456119537353516,0.49760013818740845,0.4987994134426117,0.999354362487793,0.6233876943588257,0.32912907004356384,0.571294903755188,0.7342602014541626,0.8458532094955444,0.8092837929725647,0.8436902761459351,0.9294531345367432,0.8408442735671997,0.8484067916870117,0.8447948694229126,0.499332070350647,0.4995393455028534,0.37151044607162476,0.49474072456359863,0.4891204237937927,0.49981480836868286,0.49898430705070496,0.7750883102416992,0.49749258160591125,0.4990711510181427,0.4933135211467743,0.49340271949768066,0.4848766028881073,0.49109792709350586,0.4955332279205322,0.49805375933647156,0.9586892127990723,2.105652332305908
512,0.3024086356163025,0.3277163803577423,0.49981531500816345,0.4994470179080963,0.4995390772819519,0.5,0.49298763275146484,0.49594470858573914,0.49630656838417053,0.4993547201156616,0.49953898787498474,0.36076298356056213,0.4961276054382324,0.5,0.49520471692085266,0.4985245168209076,0.49935483932495117,0.7496315240859985,0.5838971138000488,0.3277163803577423,0.5224506855010986,0.8291618824005127,0.8427839875221252,0.8411134481430054,0.8402012586593628,0.9319217205047607,0.8357170224189758,0.8475493788719177,0.8433232307434082,0.49895715713500977,0.4993549585342407,0.36907845735549927,0.4955727756023407,0.49057823419570923,0.5,0.4994466006755829,0.8363897204399109,0.4984203577041626,0.4990704655647278,0.4933965802192688,0.4945268929004669,0.485666424036026,0.49442172050476074,0.49573126435279846,0.4971168041229248,0.9559042453765869,2.31518292427063
513,0.30235350131988525,0.3302963376045227,0.49981561303138733,0.4996310770511627,0.49981531500816345,0.5,0.49362999200820923,0.49511250853538513,0.495852530002594,0.4995393455028534,0.49981552362442017,0.36395499110221863,0.49483680725097656,0.5,0.4949299395084381,0.4978770613670349,0.499723345041275,0.9562448263168335,0.46906793117523193,0.3302963376045227,0.5597947835922241,0.8604623675346375,0.8457678556442261,0.8439939022064209,0.8435711860656738,0.9331749081611633,0.8410090208053589,0.8514485955238342,0.8454459309577942,0.498666912317276,0.49953898787498474,0.3726179599761963,0.4948424994945526,0.48995205760002136,0.5,0.49944639205932617,0.859489917755127,0.49776992201805115,0.4996283948421478,0.49284520745277405,0.4933817982673645,0.4844968318939209,0.4926552474498749,0.4959084987640381,0.49683719873428345,0.9580246210098267,2.081592321395874
514,0.3022778630256653,0.33388552069664,0.5,0.49953874945640564,0.49972304701805115,0.5,0.49354124069213867,0.4940948486328125,0.49576348066329956,0.49935388565063477,0.4999077618122101,0.366316556930542,0.4955768585205078,0.5,0.4964061975479126,0.49713653326034546,0.4996310770511627,0.9994465112686157,0.4986897110939026,0.33388552069664,0.602225124835968,0.8764708638191223,0.850151777267456,0.8507733345031738,0.8480663299560547,0.9295480251312256,0.8450610637664795,0.8529915809631348,0.8513333201408386,0.4979027509689331,0.4993535280227661,0.37740740180015564,0.49557194113731384,0.48829707503318787,0.4999072551727295,0.49926185607910156,0.8265715837478638,0.4985160529613495,0.4997214376926422,0.492949903011322,0.49433085322380066,0.48485130071640015,0.4928491711616516,0.4953436255455017,0.4981471300125122,0.955883264541626,2.1245696544647217
515,0.30220457911491394,0.33717286586761475,0.5,0.4997231960296631,0.4998154938220978,0.5,0.49427515268325806,0.39343807101249695,0.4970485270023346,0.4993544816970825,0.4999077320098877,0.3676525056362152,0.4952978193759918,0.5,0.4964950978755951,0.4973227381706238,0.4999077618122101,0.9996309876441956,0.44838112592697144,0.33717286586761475,0.538995087146759,0.894367516040802,0.8521260023117065,0.8518977761268616,0.8503414392471313,0.9241846203804016,0.8466679453849792,0.8539528846740723,0.8516973257064819,0.4988562762737274,0.49972304701805115,0.3761586844921112,0.49455317854881287,0.48976582288742065,0.4999076724052429,0.49963098764419556,0.7711971402168274,0.4987907111644745,0.4996291399002075,0.49404096603393555,0.49404871463775635,0.4853132665157318,0.49329859018325806,0.4951672852039337,0.49729931354522705,0.9535810947418213,2.224733591079712
516,0.3021678924560547,0.34113097190856934,0.49990782141685486,0.49953898787498474,0.49972325563430786,0.5,0.4914016127586365,0.3801180422306061,0.4967736005783081,0.49926185607910156,0.4995380640029907,0.37225401401519775,0.4959379732608795,0.5,0.49622049927711487,0.49778515100479126,0.4993540048599243,0.9995384216308594,0.5446498394012451,0.34113097190856934,0.531291127204895,0.8732572197914124,0.8573735952377319,0.8579027652740479,0.8545489311218262,0.9237659573554993,0.8518694639205933,0.860494077205658,0.8565847277641296,0.49895694851875305,0.4996311366558075,0.3823092579841614,0.495387464761734,0.48865941166877747,0.5,0.4992620050907135,0.8463770151138306,0.4986976683139801,0.4997214078903198,0.4935052990913391,0.49320298433303833,0.48548296093940735,0.49284252524375916,0.49516189098358154,0.5048017501831055,0.9526799917221069,2.0352392196655273
517,0.3021204471588135,0.3255021274089813,0.4999077618122101,0.49953916668891907,0.4996310770511627,0.5,0.48957565426826477,0.36492717266082764,0.49677538871765137,0.49917036294937134,0.4995385706424713,0.356905460357666,0.49456021189689636,0.5,0.4955752193927765,0.4964015483856201,0.49704688787460327,0.9998155832290649,0.7320196628570557,0.3255021274089813,0.505888044834137,0.7775223851203918,0.8434592485427856,0.842715859413147,0.8413800001144409,0.91981041431427,0.8379356265068054,0.8454493284225464,0.8451679944992065,0.49838125705718994,0.499631404876709,0.3701851963996887,0.4939001798629761,0.4891083538532257,0.49981507658958435,0.4991694390773773,0.8430037498474121,0.497860848903656,0.4986986517906189,0.49274417757987976,0.49414172768592834,0.4841919243335724,0.4921194016933441,0.49675142765045166,0.5724865198135376,0.9539656639099121,2.0214056968688965
518,0.30204513669013977,0.3303554952144623,0.4998156726360321,0.4998157024383545,0.4999077320098877,0.5,0.4920605719089508,0.46377211809158325,0.4976920187473297,0.49972304701805115,0.4998156726360321,0.3646332621574402,0.4949280619621277,0.5,0.49446290731430054,0.4979678690433502,0.4964008927345276,0.9996309280395508,0.46766337752342224,0.3303554952144623,0.5269781947135925,0.7378550171852112,0.8465703725814819,0.8472458720207214,0.845099925994873,0.9205172061920166,0.8415426015853882,0.8521863222122192,0.8486579060554504,0.498384952545166,0.4998152554035187,0.3754863739013672,0.4938226044178009,0.48955830931663513,0.5,0.4994471073150635,0.7908307313919067,0.4974939525127411,0.4985138475894928,0.49199405312538147,0.4949897825717926,0.48327139019966125,0.4922020137310028,0.4965575039386749,0.5499123334884644,0.959270179271698,2.080787420272827
519,0.30197471380233765,0.33413150906562805,0.5,0.4998156726360321,0.4997231960296631,0.5,0.493177205324173,0.45514121651649475,0.4960310161113739,0.4995385706424713,0.4998153746128082,0.3665066361427307,0.4957619309425354,0.5,0.49501386284828186,0.4978789985179901,0.49833980202674866,0.9998154640197754,0.42572465538978577,0.33413150906562805,0.559501588344574,0.7739475965499878,0.8515639901161194,0.8530642986297607,0.8489741683006287,0.9237531423568726,0.8455253839492798,0.855802059173584,0.8530138731002808,0.49952515959739685,0.49972349405288696,0.3771507740020752,0.49473586678504944,0.4893852770328522,0.5,0.49981561303138733,0.8119229078292847,0.4990709722042084,0.4997216463088989,0.49294596910476685,0.49421748518943787,0.484727144241333,0.4938775599002838,0.4955265522003174,0.5536624789237976,0.9542728662490845,2.0432910919189453
520,0.30186232924461365,0.33087965846061707,0.49953916668891907,0.49926143884658813,0.49953892827033997,0.5,0.4937281012535095,0.36712127923965454,0.49492713809013367,0.4988937973976135,0.49935436248779297,0.3590690791606903,0.4948291778564453,0.5,0.4932607114315033,0.49705177545547485,0.49723297357559204,0.9993547201156616,0.47907406091690063,0.33087965846061707,0.5257285833358765,0.8071773648262024,0.8437321186065674,0.8443557620048523,0.8420602083206177,0.9212576150894165,0.8379867076873779,0.8505889177322388,0.8478881120681763,0.4992418587207794,0.5,0.3714974820613861,0.49418389797210693,0.4896487891674042,0.4999072551727295,0.4999077022075653,0.8448919653892517,0.49776992201805115,0.49860620498657227,0.4919145107269287,0.4939602315425873,0.4901210367679596,0.4924538731575012,0.4964697062969208,0.5237150192260742,0.9598310589790344,2.1619479656219482

521,0.3017936944961548,0.32814228534698486,0.49981552362442017,0.49953779578208923,0.4998154938220978,0.5,0.49456021189689636,0.39485809206962585,0.49640554189682007,0.4995395243167877,0.499907910823822,0.3614290952682495,0.49585023522377014,0.5,0.49529433250427246,0.4977847635746002,0.49907851219177246,0.999723494052887,0.5038888454437256,0.32814228534698486,0.5300275683403015,0.8316104412078857,0.8466526865959167,0.845561683177948,0.8484244346618652,0.9132498502731323,0.842175304889679,0.8504948616027832,0.8470219969749451,0.4994302988052368,0.49963098764419556,0.3730790615081787,0.49538829922676086,0.4882776439189911,0.4997219145298004,0.49953874945640564,0.8220531940460205,0.4988853931427002,0.499349445104599,0.4930167496204376,0.49310600757598877,0.48596394062042236,0.49312394857406616,0.49526727199554443,0.5393065214157104,0.9571377038955688,2.0933547019958496
522,0.3017144203186035,0.3314296305179596,0.49981555342674255,0.4987068176269531,0.4991685152053833,0.5,0.4945572018623352,0.4944700598716736,0.4952934682369232,0.49880096316337585,0.49935460090637207,0.3615824282169342,0.4957580268383026,0.5,0.4927121698856354,0.49704742431640625,0.4992625415325165,0.9997232556343079,0.5564167499542236,0.3314296305179596,0.5645679831504822,0.913641631603241,0.8477683067321777,0.8348386883735657,0.8464828729629517,0.9165557622909546,0.8432736396789551,0.8531202077865601,0.8498475551605225,0.49876025319099426,0.4998154938220978,0.37430477142333984,0.4951116144657135,0.4893166422843933,0.49990740418434143,0.4997234046459198,0.7658560276031494,0.49832838773727417,0.4991626441478729,0.4913584887981415,0.4936826527118683,0.5202053785324097,0.4919145107269287,0.4952496290206909,0.5075737833976746,0.9556319713592529,2.0527238845825195
523,0.30164802074432373,0.32551077008247375,0.4998154938220978,0.49926239252090454,0.49953892827033997,0.5,0.4954822063446045,0.4955768585205078,0.49686577916145325,0.49935293197631836,0.49953892827033997,0.36034291982650757,0.49509894847869873,0.5,0.495198518037796,0.4981553256511688,0.4999077618122101,0.9996311664581299,0.483467698097229,0.32551077008247375,0.5403256416320801,0.9654742479324341,0.8429877758026123,0.8473933935165405,0.8432081937789917,0.9151463508605957,0.8394521474838257,0.8490995168685913,0.845561683177948,0.4981911778450012,0.4999076724052429,0.3690983057022095,0.49400588870048523,0.4909627437591553,0.49981459975242615,0.49972349405288696,0.7707376480102539,0.49841830134391785,0.49878957867622375,0.4941449761390686,0.4952593445777893,0.5036554932594299,0.492000013589859,0.4959925413131714,0.4969336688518524,0.9550032019615173,2.0629589557647705
524,0.30160558223724365,0.32676368951797485,0.49963077902793884,0.4989844858646393,0.4997226893901825,0.5,0.4950203001499176,0.49391254782676697,0.49520206451416016,0.4988919794559479,0.49963119626045227,0.3600257933139801,0.49382489919662476,0.5,0.49464747309684753,0.4970485270023346,0.4983391761779785,0.9995391368865967,0.43120869994163513,0.32676368951797485,0.5811818838119507,0.8434011936187744,0.8420500159263611,0.8480916023254395,0.8468263149261475,0.9159727096557617,0.8400683403015137,0.8492696285247803,0.8481734991073608,0.49838247895240784,0.4999077618122101,0.3703223466873169,0.49399927258491516,0.4896583557128906,0.49990740418434143,0.4999077618122101,0.8082398176193237,0.498698890209198,0.4992563724517822,0.49403876066207886,0.49413952231407166,0.4973122179508209,0.49432769417762756,0.4946868121623993,0.5216833353042603,0.9529302716255188,2.019425392150879
525,0.30154353380203247,0.3320125341415405,0.49981552362442017,0.49926212430000305,0.49935436248779297,0.5,0.4949299395084381,0.42420604825019836,0.4961211681365967,0.49916914105415344,0.49953916668891907,0.3680811822414398,0.49502211809158325,0.5,0.49355193972587585,0.49843114614486694,0.4976933002471924,0.9998154640197754,0.46440401673316956,0.3320125341415405,0.5645449161529541,0.8436055183410645,0.8502562046051025,0.8525775074958801,0.8499141931533813,0.9150171279907227,0.8480280637741089,0.8529860973358154,0.8516178131103516,0.49838003516197205,0.49953892827033997,0.37821343541145325,0.49447107315063477,0.4891144037246704,0.4999074339866638,0.4995383322238922,0.6867413520812988,0.4981405735015869,0.4988843500614166,0.49192649126052856,0.49378249049186707,0.48578330874443054,0.4925650656223297,0.4947877824306488,0.49712324142456055,0.9560685157775879,2.07320499420166
526,0.3015068769454956,0.32903462648391724,0.4994458854198456,0.4987063407897949,0.4994473159313202,0.5,0.4951116144657135,0.37347841262817383,0.49382147192955017,0.4988022744655609,0.4995383322238922,0.36610764265060425,0.4953012764453888,0.5,0.49519407749176025,0.49667713046073914,0.49723196029663086,0.999722957611084,0.508367657661438,0.32903462648391724,0.5789719820022583,0.8729418516159058,0.8521928787231445,0.8534006476402283,0.8520030379295349,0.9139437675476074,0.8471906185150146,0.8563971519470215,0.8504958152770996,0.4994314908981323,0.49944648146629333,0.37828582525253296,0.49565860629081726,0.48883557319641113,0.4999074339866638,0.49935412406921387,0.8297739028930664,0.49879226088523865,0.4993489682674408,0.4941297173500061,0.4950715899467468,0.48721039295196533,0.49356701970100403,0.49599477648735046,0.4975845515727997,0.9549716711044312,2.0599687099456787
527,0.3014279901981354,0.32505062222480774,0.4998157322406769,0.4993537664413452,0.4999077618122101,0.5,0.4974174499511719,0.37926581501960754,0.49621421098709106,0.4993542432785034,0.49990788102149963,0.35968634486198425,0.4952951967716217,0.5,0.4941892623901367,0.49778762459754944,0.4976014792919159,0.9998154640197754,0.44790443778038025,0.32505062222480774,0.5487756729125977,0.9619476795196533,0.8410690426826477,0.8407752513885498,0.8408918380737305,0.9111679792404175,0.8386974334716797,0.8453872203826904,0.8426207304000854,0.4985736012458801,0.49990782141685486,0.3684941530227661,0.49428361654281616,0.4895852506160736,0.4999076724052429,0.49953898787498474,0.8759047389030457,0.4983249604701996,0.4993489682674408,0.4934907853603363,0.49375349283218384,0.4880356192588806,0.4937732219696045,0.495728075504303,0.49758273363113403,0.9554886817932129,2.1083240509033203
528,0.3013511598110199,0.33096903562545776,0.49916958808898926,0.4988935887813568,0.4997231960296631,0.5,0.49427515268325806,0.367299884557724,0.4944639205932617,0.49889278411865234,0.4996311366558075,0.3616746664047241,0.4956609904766083,0.5,0.4932631850242615,0.49741363525390625,0.4955711364746094,0.9991700649261475,0.5493471026420593,0.33096903562545776,0.5358218550682068,0.9007773995399475,0.8445162773132324,0.8440691232681274,0.8427212238311768,0.9064405560493469,0.8373379111289978,0.850436270236969,0.848141074180603,0.4988599717617035,0.4996313452720642,0.37169530987739563,0.4941892623901367,0.48976391553878784,0.5,0.4995388388633728,0.8153143525123596,0.4982335567474365,0.49879205226898193,0.4918139576911926,0.4933147728443146,0.4847809970378876,0.49201783537864685,0.4954342246055603,0.5186123251914978,0.9570419788360596,2.023231029510498
529,0.3012612760066986,0.329405277967453,0.49963077902793884,0.49935388565063477,0.4999076724052429,0.5,0.49474653601646423,0.36980608105659485,0.4942772686481476,0.4994460940361023,0.4999077618122101,0.3642817735671997,0.49501386284828186,0.5,0.4932694137096405,0.4976019263267517,0.49455317854881287,0.9997231364250183,0.6478030681610107,0.329405277967453,0.5289718508720398,0.9147629141807556,0.8470979928970337,0.8445308208465576,0.8470432162284851,0.9000381231307983,0.8419802188873291,0.8516577482223511,0.8484503030776978,0.49905213713645935,0.49990764260292053,0.37347277998924255,0.49492713809013367,0.48865312337875366,0.4999074935913086,0.49963119626045227,0.7663434147834778,0.4979584217071533,0.49897903203964233,0.4917178452014923,0.49310988187789917,0.4846768081188202,0.49210184812545776,0.4944238066673279,0.5147123336791992,0.9573372602462769,2.0384409427642822
530,0.30119720101356506,0.3281767964363098,0.49907681345939636,0.49880072474479675,0.49944648146629333,0.5,0.49529606103897095,0.3687073588371277,0.4953925609588623,0.4989846646785736,0.4995388388633728,0.36362797021865845,0.49483394622802734,0.5,0.49400588870048523,0.4977880120277405,0.49575644731521606,0.9995385408401489,0.49776607751846313,0.3281767964363098,0.5593843460083008,0.8855670094490051,0.846336841583252,0.8463432788848877,0.8451226353645325,0.8957856893539429,0.840437650680542,0.8502846360206604,0.8469986915588379,0.49895673990249634,0.49944740533828735,0.3728029727935791,0.4952995479106903,0.4872693717479706,0.4998147487640381,0.4994460940361023,0.753880500793457,0.4987933933734894,0.49934908747673035,0.492184579372406,0.4932181239128113,0.4927242398262024,0.49303102493286133,0.4950715899467468,0.549430787563324,0.9568116664886475,1.9967029094696045

531,0.30113083124160767,0.32830050587654114,0.4976933002471924,0.4995383322238922,0.4998152554035187,0.5,0.4921543300151825,0.3660697937011719,0.49454712867736816,0.4997231066226959,0.49981552362442017,0.35913026332855225,0.49538829922676086,0.5,0.4941035509109497,0.4975101351737976,0.49261584877967834,0.9999077320098877,0.4948512315750122,0.32830050587654114,0.5574163198471069,0.8776776790618896,0.8441115021705627,0.845634400844574,0.8427947759628296,0.8956786394119263,0.8384250402450562,0.8476726412773132,0.8438093662261963,0.4988560676574707,0.49944639205932617,0.37022972106933594,0.49538660049438477,0.4904911518096924,0.4998147487640381,0.49889257550239563,0.8129380941390991,0.49888724088668823,0.499441534280777,0.4930271506309509,0.4948827624320984,0.48644381761550903,0.49351492524147034,0.4961038827896118,0.6102044582366943,0.9594001770019531,2.1108551025390625
532,0.30107060074806213,0.3328116238117218,0.49953925609588623,0.49944648146629333,0.4998154640197754,0.5,0.4948301315307617,0.3710390627384186,0.49529433250427246,0.4993528127670288,0.499815434217453,0.36593466997146606,0.4957525432109833,0.5,0.49613258242607117,0.49796971678733826,0.494276225566864,0.9996310472488403,0.5946171283721924,0.3328116238117218,0.5230275988578796,0.893771767616272,0.8525397777557373,0.8479465246200562,0.8482074737548828,0.8924134969711304,0.8455547094345093,0.8533599376678467,0.8503705263137817,0.4983861744403839,0.4996316134929657,0.37407544255256653,0.4957580268383026,0.4884622395038605,0.5,0.49907544255256653,0.8186279535293579,0.4987933933734894,0.49906855821609497,0.49274417757987976,0.49312907457351685,0.4857753813266754,0.4932935833930969,0.49553820490837097,0.5483060479164124,0.9584898948669434,2.0750508308410645
533,0.3010585308074951,0.32827168703079224,0.4998154938220978,0.4991706609725952,0.499630868434906,0.5,0.4927162230014801,0.36736202239990234,0.49446699023246765,0.49880117177963257,0.4993542432785034,0.36220255494117737,0.49456220865249634,0.5,0.49576038122177124,0.4967682361602783,0.49392151832580566,0.9996311664581299,0.49869441986083984,0.32827168703079224,0.5555970668792725,0.8800939321517944,0.8456413745880127,0.8466222286224365,0.8431484699249268,0.8963519334793091,0.840437650680542,0.8489524126052856,0.8456484079360962,0.498195618391037,0.4997229278087616,0.37178775668144226,0.49437060952186584,0.48857352137565613,0.499907523393631,0.49861520528793335,0.8129979372024536,0.49907150864601135,0.49916279315948486,0.4932948350906372,0.4942379295825958,0.4859561026096344,0.49210184812545776,0.49489036202430725,0.5547087788581848,0.9555107951164246,1.9892139434814453
534,0.3010011315345764,0.33443892002105713,0.4990771412849426,0.49916866421699524,0.4996306598186493,0.5,0.4941892623901367,0.3719298243522644,0.4956634044647217,0.49935460090637207,0.49953925609588623,0.36586716771125793,0.49501845240592957,0.5,0.4949243366718292,0.49741601943969727,0.4948310852050781,0.9994460940361023,0.5408545136451721,0.33443892002105713,0.535837709903717,0.8997092247009277,0.8508654832839966,0.8490656018257141,0.8462934494018555,0.9027119278907776,0.8454666137695312,0.8535748720169067,0.8522921800613403,0.498956561088562,0.49953892827033997,0.37683039903640747,0.49483680725097656,0.4904963970184326,0.4999074637889862,0.49917080998420715,0.7997775077819824,0.4988843500614166,0.4994426965713501,0.4928518235683441,0.4951646029949188,0.4848541021347046,0.4934883713722229,0.4961024522781372,0.5639029741287231,0.9560521841049194,2.0519442558288574
535,0.3008894622325897,0.33265793323516846,0.49953848123550415,0.4993551969528198,0.49972349405288696,0.5,0.4935448169708252,0.366414338350296,0.49529433250427246,0.4994466006755829,0.49972325563430786,0.3589223027229309,0.49649640917778015,0.5,0.49325820803642273,0.4982488453388214,0.4927991032600403,0.9996305704116821,0.44513437151908875,0.33265793323516846,0.5109752416610718,0.8213908076286316,0.8452629446983337,0.8406928181648254,0.8403201103210449,0.8993908166885376,0.8392313718795776,0.8508554697036743,0.8439459800720215,0.4996211528778076,0.4997231960296631,0.3701816201210022,0.4960332214832306,0.491226464509964,0.4997220039367676,0.4994471073150635,0.8148328065872192,0.4977736473083496,0.49879270792007446,0.49169620871543884,0.4946126639842987,0.48472997546195984,0.4916248023509979,0.49590393900871277,0.49776992201805115,0.9583263993263245,1.993908405303955
536,0.3008381426334381,0.326915979385376,0.49972328543663025,0.49944639205932617,0.49963098764419556,0.5,0.49521002173423767,0.36742982268333435,0.49529868364334106,0.49926212430000305,0.49963003396987915,0.36036619544029236,0.4942793846130371,0.5,0.4945642054080963,0.4976958632469177,0.49428361654281616,0.9996312856674194,0.6684541702270508,0.326915979385376,0.6111727952957153,0.81253582239151,0.8483498096466064,0.8491731882095337,0.8467803001403809,0.897413969039917,0.8446537256240845,0.8503914475440979,0.8456990718841553,0.498569518327713,0.4991689622402191,0.3719252943992615,0.49428150057792664,0.48781388998031616,0.49972212314605713,0.49907732009887695,0.792597770690918,0.4978640377521515,0.4991637170314789,0.4935016632080078,0.4927428364753723,0.4852367639541626,0.4922833740711212,0.4940531551837921,0.4961888790130615,0.9524896144866943,2.0434560775756836
537,0.30077633261680603,0.3234752118587494,0.49963119626045227,0.498706579208374,0.4998157322406769,0.5,0.49732866883277893,0.3632171154022217,0.49483489990234375,0.49870848655700684,0.49972355365753174,0.3549160659313202,0.49501845240592957,0.5,0.4952951967716217,0.4971439242362976,0.4960353970527649,0.9998154640197754,0.6296898126602173,0.3234752118587494,0.6067230701446533,0.8938432931900024,0.8427810668945312,0.8416190147399902,0.8406031131744385,0.8906457424163818,0.8354238271713257,0.8449223041534424,0.842430591583252,0.4983843266963959,0.49926090240478516,0.36911818385124207,0.49475041031837463,0.48847076296806335,0.4998144507408142,0.49916988611221313,0.7735834121704102,0.4981405735015869,0.4992564916610718,0.4930271506309509,0.49360281229019165,0.4855180084705353,0.490981787443161,0.4947163462638855,0.5792105793952942,0.9578195810317993,2.2710204124450684
538,0.3007220923900604,0.330294668674469,0.49944689869880676,0.4988923668861389,0.49963098764419556,0.5,0.4986180067062378,0.3686542510986328,0.49566420912742615,0.4989844858646393,0.49953874945640564,0.36081331968307495,0.49473878741264343,0.5,0.494270920753479,0.4979719817638397,0.49566420912742615,0.9997233152389526,0.48320749402046204,0.330294668674469,0.5493977069854736,0.8358870148658752,0.8487619161605835,0.8492003083229065,0.8441014289855957,0.8963286876678467,0.842982292175293,0.8513333201408386,0.8516024947166443,0.4982922077178955,0.5,0.37444403767585754,0.4945572018623352,0.48873916268348694,0.49990734457969666,0.49990788102149963,0.8007032871246338,0.49851495027542114,0.49925538897514343,0.49377554655075073,0.4948003590106964,0.4850037395954132,0.49294596910476685,0.4960988163948059,0.6162281632423401,0.9580081701278687,2.078439235687256
539,0.30062800645828247,0.3286108672618866,0.49944597482681274,0.49870777130126953,0.499538391828537,0.5,0.4967712163925171,0.367134153842926,0.4938191771507263,0.4987998604774475,0.49944719672203064,0.35871168971061707,0.4942793846130371,0.5,0.4954822063446045,0.49723196029663086,0.4962176978588104,0.9996308088302612,0.4137769937515259,0.3286108672618866,0.570768415927887,0.8455131649971008,0.844765305519104,0.8478012681007385,0.8443916440010071,0.890853762626648,0.8392890691757202,0.8493046164512634,0.8484790921211243,0.4992418587207794,0.49963119626045227,0.3722675144672394,0.49419355392456055,0.4878206253051758,0.4998149275779724,0.4994458854198456,0.816750168800354,0.4981471300125122,0.4988853931427002,0.4942496716976166,0.4930180609226227,0.48512181639671326,0.4927617013454437,0.4947907030582428,0.5827752947807312,0.9592511057853699,2.1406078338623047
540,0.30061209201812744,0.3298342525959015,0.4990758001804352,0.49944719672203064,0.49990788102149963,0.5,0.4960332214832306,0.36946901679039,0.49381348490715027,0.49935483932495117,0.4998153746128082,0.360310435295105,0.49493086338043213,0.5,0.4940003752708435,0.4976949989795685,0.49501660466194153,0.999722957611084,0.6121174097061157,0.3298342525959015,0.6022557616233826,0.8118950128555298,0.8459485173225403,0.8472565412521362,0.8465855121612549,0.8902531862258911,0.8419605493545532,0.8512742519378662,0.8497625589370728,0.4986666738986969,0.4995386600494385,0.3736773729324341,0.49539509415626526,0.4886719584465027,0.4999074339866638,0.4990764558315277,0.7872377634048462,0.4982355237007141,0.4984206557273865,0.49303361773490906,0.4941428005695343,0.5121380686759949,0.49238768219947815,0.4952663779258728,0.551288902759552,0.9543321132659912,2.0462443828582764

541,0.30054083466529846,0.32602688670158386,0.4991697371006012,0.49935483932495117,0.49981561303138733,0.5,0.49548137187957764,0.3660203218460083,0.494556188583374,0.4990776479244232,0.4993547201156616,0.35869765281677246,0.49409157037734985,0.5,0.4951170086860657,0.49713969230651855,0.49399039149284363,0.9993542432785034,0.6728966236114502,0.32602688670158386,0.540958046913147,0.8856775760650635,0.8448505401611328,0.8483520746231079,0.8451411128044128,0.8890991806983948,0.843654990196228,0.8471215963363647,0.849611222743988,0.4986714720726013,0.4997226297855377,0.3706992268562317,0.49418067932128906,0.4893970191478729,0.49981480836868286,0.4995380640029907,0.825752854347229,0.49841684103012085,0.49888330698013306,0.4942390024662018,0.49470654129981995,0.5669178366661072,0.4933965802192688,0.496279776096344,0.4973992109298706,0.9563556909561157,2.0649235248565674
542,0.3004564344882965,0.3271639049053192,0.4972309470176697,0.4989854395389557,0.4994466006755829,0.5,0.4945521652698517,0.3663284182548523,0.4939159154891968,0.4988923668861389,0.49944740533828735,0.3590523600578308,0.4957588016986847,0.5,0.4951106905937195,0.4976916015148163,0.4915144741535187,0.9994468092918396,0.7531227469444275,0.3271639049053192,0.5505596995353699,0.9606844782829285,0.843269407749176,0.8452787399291992,0.8430309891700745,0.888498067855835,0.8404457569122314,0.8472222089767456,0.8448144197463989,0.498858243227005,0.4998154938220978,0.3706992268562317,0.4943716526031494,0.48947757482528687,0.5,0.4993550777435303,0.8744046688079834,0.49888724088668823,0.4996283948421478,0.4944300055503845,0.4952540397644043,0.5487555861473083,0.4930284321308136,0.49627628922462463,0.5175881385803223,0.9583785533905029,2.0752367973327637
543,0.3004150390625,0.3264515995979309,0.49824756383895874,0.4996306002140045,0.4998156726360321,0.5,0.4931747019290924,0.367994099855423,0.49492526054382324,0.49917036294937134,0.4998156726360321,0.36217063665390015,0.4947397708892822,0.5,0.4932507276535034,0.4975092113018036,0.4929863512516022,0.9997233152389526,0.5331647396087646,0.3264515995979309,0.5464696288108826,0.8623773455619812,0.8448079228401184,0.845643937587738,0.8436611890792847,0.8859699368476868,0.8422302007675171,0.8503039479255676,0.8449192643165588,0.49848082661628723,0.49953916668891907,0.37231481075286865,0.4940003752708435,0.48881080746650696,0.499722421169281,0.49916914105415344,0.8305895328521729,0.4980475902557373,0.49925705790519714,0.4927697479724884,0.4933147728443146,0.4845581352710724,0.4922948479652405,0.4952611029148102,0.5299338102340698,0.9565529823303223,2.0377120971679688
544,0.30031639337539673,0.32958731055259705,0.4980602264404297,0.49861469864845276,0.4993535280227661,0.5,0.4916897416114807,0.3694249987602234,0.49409157037734985,0.49870848655700684,0.49953848123550415,0.3632005751132965,0.49456021189689636,0.5,0.4932718873023987,0.4965835511684418,0.4928150475025177,0.9998154640197754,0.6123557090759277,0.32958731055259705,0.5441975593566895,0.8907678127288818,0.847105860710144,0.8472222089767456,0.8464828729629517,0.8870570659637451,0.8422505855560303,0.8500000238418579,0.8488858938217163,0.49895378947257996,0.4996310770511627,0.3730584383010864,0.4936358630657196,0.49038994312286377,0.5,0.49926239252090454,0.8162143230438232,0.4982299208641052,0.498979389667511,0.49274417757987976,0.4958155155181885,0.4857965111732483,0.49378132820129395,0.4962804615497589,0.5386993288993835,0.9584898948669434,2.189026355743408
545,0.3002208471298218,0.31907832622528076,0.49483203887939453,0.49907681345939636,0.49981561303138733,0.5,0.49096107482910156,0.36285555362701416,0.4934574365615845,0.4994468092918396,0.49972283840179443,0.35664206743240356,0.4953030049800873,0.5,0.49317216873168945,0.4964015483856201,0.4926185607910156,0.9999077320098877,0.5258333683013916,0.31907832622528076,0.5651657581329346,0.7213246822357178,0.8401522636413574,0.8428084254264832,0.8393881320953369,0.8784788846969604,0.8375355005264282,0.8464962244033813,0.8423799276351929,0.4984813928604126,0.49981555342674255,0.3674074113368988,0.4943757951259613,0.48874539136886597,0.49990737438201904,0.49935460090637207,0.8046184778213501,0.49897825717926025,0.49953505396842957,0.4942432641983032,0.494047611951828,0.4875093102455139,0.49310988187789917,0.4959123134613037,0.50672847032547,0.960540771484375,2.195284128189087
546,0.3001463711261749,0.32240235805511475,0.49658796191215515,0.49944689869880676,0.49972328543663025,0.5,0.4917881488800049,0.36707228422164917,0.4951142966747284,0.499353289604187,0.4996310770511627,0.35908085107803345,0.4953857660293579,0.5,0.49298763275146484,0.49676942825317383,0.4943768382072449,0.9998154640197754,0.4999915659427643,0.32240235805511475,0.6249372363090515,0.7929104566574097,0.8436726927757263,0.8471615314483643,0.843880295753479,0.8768734931945801,0.8405590057373047,0.8496004343032837,0.8466945290565491,0.49886125326156616,0.4998154938220978,0.36916667222976685,0.4941013753414154,0.4870777130126953,0.49981483817100525,0.4993530511856079,0.8589540123939514,0.49804869294166565,0.49897921085357666,0.4928171634674072,0.49340516328811646,0.4965459406375885,0.4928385317325592,0.4946126639842987,0.5594261884689331,0.9590525031089783,2.1524415016174316
547,0.3000953793525696,0.32084330916404724,0.4990788400173187,0.49898579716682434,0.4995385706424713,0.5,0.4916036128997803,0.3680324852466583,0.4954797029495239,0.49889400601387024,0.4994458854198456,0.35909509658813477,0.4954838752746582,0.5,0.4936405420303345,0.49677717685699463,0.49446189403533936,1.0,0.5986080169677734,0.32084330916404724,0.6169231534004211,0.891972541809082,0.8475459814071655,0.84253990650177,0.8420752286911011,0.8758107423782349,0.8408788442611694,0.8505987524986267,0.8429224491119385,0.4987649619579315,0.49963146448135376,0.37107208371162415,0.4949280619621277,0.48808422684669495,0.4997226297855377,0.49898561835289,0.8541101217269897,0.497865229845047,0.4987904727458954,0.4928438663482666,0.4944269061088562,0.5326905250549316,0.4919069707393646,0.4953514337539673,0.5648233890533447,0.9564434885978699,2.0532443523406982
548,0.29999762773513794,0.3267034888267517,0.4995390772819519,0.4991702139377594,0.499723345041275,0.5,0.4933689534664154,0.3666728138923645,0.49501752853393555,0.49898579716682434,0.4993544816970825,0.3581979274749756,0.4952978193759918,0.5,0.4944639205932617,0.49704688787460327,0.4937211573123932,0.9995390772819519,0.6294701099395752,0.3267034888267517,0.6068817973136902,0.807270884513855,0.8483699560165405,0.8446381092071533,0.8431204557418823,0.8738317489624023,0.8430309891700745,0.8512200117111206,0.846336841583252,0.49895158410072327,0.4996310770511627,0.37022972106933594,0.4940948486328125,0.4882819652557373,0.49962982535362244,0.49935412406921387,0.8085253238677979,0.49823057651519775,0.49907219409942627,0.4923989474773407,0.49312013387680054,0.5601679086685181,0.4921976625919342,0.49432453513145447,0.49627700448036194,0.9593283534049988,2.063751697540283
549,0.2999184727668762,0.32986176013946533,0.4995390772819519,0.49907800555229187,0.4997231364250183,0.5,0.4921485185623169,0.37071192264556885,0.4942772686481476,0.498985230922699,0.49953916668891907,0.3607162535190582,0.4956658184528351,0.5,0.49335670471191406,0.49750831723213196,0.4916897416114807,0.9995380640029907,0.4682224690914154,0.32986176013946533,0.6161971688270569,0.8745259642601013,0.848941445350647,0.8509606122970581,0.8468186259269714,0.8796913623809814,0.8431335687637329,0.8528738021850586,0.8506641387939453,0.498479962348938,0.49944648146629333,0.3745373785495758,0.49474072456359863,0.48893192410469055,0.49990737438201904,0.4992613196372986,0.8344837427139282,0.4992576241493225,0.4996286630630493,0.49378594756126404,0.4953453838825226,0.5613881945610046,0.49272796511650085,0.49590468406677246,0.5192363858222961,0.9566201567649841,2.0536129474639893
550,0.29984748363494873,0.3218623399734497,0.49972325563430786,0.49926090240478516,0.49963077902793884,0.5,0.4906878173351288,0.3662426173686981,0.4941013753414154,0.4991680383682251,0.49963098764419556,0.3556026518344879,0.49557194113731384,0.5,0.4919726848602295,0.4968617260456085,0.4893989562988281,0.9995391368865967,0.5583256483078003,0.3218623399734497,0.5589323043823242,0.9874154329299927,0.842840850353241,0.8458917140960693,0.8399428129196167,0.8733524084091187,0.8365055322647095,0.8483520746231079,0.847467303276062,0.4995265007019043,0.49972349405288696,0.3703017830848694,0.4943695664405823,0.48883146047592163,0.49990740418434143,0.4987996220588684,0.8576345443725586,0.498139888048172,0.49888578057289124,0.49249306321144104,0.4948071241378784,0.5804221034049988,0.49173322319984436,0.4959069788455963,0.5062052607536316,0.958866536617279,2.062324285507202

551,0.29983681440353394,0.3235835134983063,0.49944669008255005,0.49870848655700684,0.4999077022075653,0.5,0.4925331771373749,0.37246403098106384,0.49445778131484985,0.49852290749549866,0.4995383322238922,0.36352723836898804,0.49474266171455383,0.5,0.4921557903289795,0.4960346817970276,0.4930824637413025,0.9993553161621094,0.6146472096443176,0.3235835134983063,0.5832238793373108,0.9863193035125732,0.8502562046051025,0.8517463803291321,0.8490047454833984,0.8732166290283203,0.8421303033828735,0.853795051574707,0.8486604690551758,0.4987654387950897,0.4996303915977478,0.3748611509799957,0.49344897270202637,0.4866260886192322,0.499722421169281,0.49898654222488403,0.8643789291381836,0.49795880913734436,0.4988851845264435,0.4928571283817291,0.49323198199272156,0.4839368760585785,0.490141361951828,0.49508166313171387,0.5364279747009277,0.9512042999267578,2.0756003856658936
552,0.2997957468032837,0.32836371660232544,0.4993542432785034,0.49870872497558594,0.4993535280227661,0.5,0.4932631850242615,0.367331862449646,0.49382033944129944,0.4982469081878662,0.4992620050907135,0.3601991832256317,0.49493181705474854,0.5,0.4945591986179352,0.49639689922332764,0.49288880825042725,0.9999078512191772,0.5496103763580322,0.32836371660232544,0.6312992572784424,0.9860513210296631,0.8451656103134155,0.847486674785614,0.8453559279441833,0.8772709965705872,0.8422703742980957,0.8498674631118774,0.8459197282791138,0.49828505516052246,0.4997231066226959,0.37127795815467834,0.4938271641731262,0.487921804189682,0.49990734457969666,0.49917110800743103,0.9069288372993469,0.4980490505695343,0.49888476729393005,0.49359092116355896,0.49340882897377014,0.48588672280311584,0.4927482306957245,0.49461567401885986,0.5079496502876282,0.956992506980896,2.0412893295288086
553,0.2997191846370697,0.3312154710292816,0.49935412406921387,0.4991694390773773,0.4993535280227661,0.5,0.4923488199710846,0.3682463467121124,0.4925386905670166,0.49889257550239563,0.4992617070674896,0.3623455762863159,0.4940003752708435,0.5,0.49417635798454285,0.4951958656311035,0.49150508642196655,0.9995378255844116,0.49753886461257935,0.3312154710292816,0.5817093849182129,0.986183762550354,0.8467680215835571,0.846936821937561,0.846329391002655,0.8752379417419434,0.8429493308067322,0.8519824743270874,0.8520243167877197,0.49819767475128174,0.4996316134929657,0.3739122450351715,0.49363115429878235,0.48810839653015137,0.49972236156463623,0.4994470179080963,0.8226054906845093,0.498045414686203,0.4989780783653259,0.4934920072555542,0.4934980571269989,0.48601335287094116,0.493487149477005,0.49460363388061523,0.5270466208457947,0.9562610387802124,2.084723949432373
554,0.2996496856212616,0.3318910002708435,0.49926280975341797,0.49889177083969116,0.49953848123550415,0.5,0.4923417568206787,0.37241697311401367,0.49410247802734375,0.49861496686935425,0.49935412406921387,0.36607638001441956,0.494182825088501,0.5,0.4921644628047943,0.4954822063446045,0.49031007289886475,0.9996311664581299,0.4655967652797699,0.3318910002708435,0.5815714597702026,0.9738755226135254,0.8499810695648193,0.8532110452651978,0.8511486649513245,0.8768309354782104,0.8459855318069458,0.8542340993881226,0.8532649874687195,0.4985741376876831,0.4995385706424713,0.37689605355262756,0.49252766370773315,0.48706817626953125,0.4997221827507019,0.499262273311615,0.8875830769538879,0.497856467962265,0.4986059367656708,0.4921903908252716,0.4929446578025818,0.48604652285575867,0.4924609065055847,0.49413079023361206,0.550967276096344,0.9550608992576599,2.0112366676330566
555,0.29955244064331055,0.3294994533061981,0.49953925609588623,0.49935412406921387,0.4998154044151306,0.5,0.49327313899993896,0.36925631761550903,0.49456119537353516,0.49926143884658813,0.49972325563430786,0.3625369369983673,0.4943675100803375,0.5,0.4927014112472534,0.49640288949012756,0.48919668793678284,0.999630868434906,0.6719571948051453,0.3294994533061981,0.5865456461906433,0.9359673261642456,0.84778892993927,0.8518306612968445,0.849611222743988,0.874477744102478,0.8441075086593628,0.85267174243927,0.8497527837753296,0.49876001477241516,0.49953892827033997,0.3751157224178314,0.4935424327850342,0.48624953627586365,0.49981462955474854,0.4996310770511627,0.8500035405158997,0.49823254346847534,0.4987940490245819,0.4922049045562744,0.4928358793258667,0.4862402379512787,0.49266889691352844,0.49470359086990356,0.6290953159332275,0.958528995513916,2.0198585987091064
556,0.2994745671749115,0.3229876458644867,0.49963125586509705,0.49889257550239563,0.4995383322238922,0.5,0.49446699023246765,0.36440834403038025,0.4964081645011902,0.49898579716682434,0.4997231364250183,0.3562465310096741,0.494181752204895,0.5,0.49235305190086365,0.4966752827167511,0.4897488057613373,0.9999078512191772,0.5054989457130432,0.3229876458644867,0.5949153304100037,0.9879258871078491,0.8430982232093811,0.840624988079071,0.8414334058761597,0.8660019040107727,0.8381124138832092,0.848090410232544,0.8422996997833252,0.49847880005836487,0.49990785121917725,0.36605486273765564,0.4936358630657196,0.48774194717407227,0.5,0.499630868434906,0.7743289470672607,0.49768003821372986,0.4986964762210846,0.49161699414253235,0.4911791980266571,0.5528419613838196,0.49302324652671814,0.4930284321308136,0.611833930015564,0.9587094783782959,2.0088770389556885
557,0.2993754744529724,0.3272911310195923,0.4994470179080963,0.4986162483692169,0.4994458854198456,0.5,0.49234598875045776,0.3658064603805542,0.49520206451416016,0.4988937973976135,0.49972355365753174,0.35705044865608215,0.49382147192955017,0.5,0.4928070902824402,0.49631267786026,0.4882884621620178,0.9992616176605225,0.5651851892471313,0.3272911310195923,0.6254029870033264,0.9375377893447876,0.8440060615539551,0.8441829681396484,0.8406004905700684,0.8696969747543335,0.8378943204879761,0.8486517667770386,0.8440716862678528,0.49895337224006653,0.49926063418388367,0.36814308166503906,0.4937385022640228,0.4877147674560547,0.4999074637889862,0.4992613196372986,0.85396409034729,0.49758005142211914,0.4983280599117279,0.4908854067325592,0.4940509498119354,0.5221353769302368,0.4915395975112915,0.4949842095375061,0.538606584072113,0.9606016278266907,2.1224873065948486
558,0.29932013154029846,0.32651180028915405,0.49944648146629333,0.49935388565063477,0.49944719672203064,0.5,0.49224233627319336,0.369673490524292,0.49575331807136536,0.49926212430000305,0.4996309280395508,0.358633428812027,0.49631133675575256,0.5,0.4928874969482422,0.4974174499511719,0.4899446368217468,0.9996310472488403,0.5495088696479797,0.32651180028915405,0.6244512796401978,0.9339318871498108,0.8462786674499512,0.8454580307006836,0.8426891565322876,0.8740479946136475,0.8406071662902832,0.8517707586288452,0.8475090265274048,0.4985787272453308,0.49981576204299927,0.3730114698410034,0.4960361421108246,0.4881722331047058,0.5,0.4992620050907135,0.8705489635467529,0.4967496395111084,0.4979550242424011,0.4916216731071472,0.4947955310344696,0.5590148568153381,0.4910846948623657,0.4958193898200989,0.4973997175693512,0.9576621055603027,2.1024913787841797
559,0.299265056848526,0.3259347975254059,0.49916988611221313,0.49834010004997253,0.49944648146629333,0.5,0.48956602811813354,0.36716583371162415,0.4926321506500244,0.49870848655700684,0.49935436248779297,0.3593173325061798,0.4936358630657196,0.5,0.4929902255535126,0.4956569969654083,0.4916989505290985,0.9992614388465881,0.5928571224212646,0.3259347975254059,0.6119922995567322,0.9899924993515015,0.8478219509124756,0.8462706804275513,0.8460879325866699,0.8700891733169556,0.8421052694320679,0.8529243469238281,0.8477683067321777,0.49809667468070984,0.49944618344306946,0.37115028500556946,0.4935424327850342,0.48895028233528137,0.4999074339866638,0.49870944023132324,0.8668382167816162,0.4978640377521515,0.4984230101108551,0.492373526096344,0.4952681362628937,0.526013195514679,0.4924609065055847,0.49563196301460266,0.5758315324783325,0.9569207429885864,2.044959545135498
560,0.2992277145385742,0.32525792717933655,0.4997231066226959,0.4988934099674225,0.49972325563430786,0.5,0.48948726058006287,0.36785319447517395,0.4951079785823822,0.49916866421699524,0.49972304701805115,0.358657568693161,0.49519142508506775,0.5,0.4917911887168884,0.49677062034606934,0.49095940589904785,0.9998155832290649,0.7608318328857422,0.32525792717933655,0.593732476234436,0.9875023365020752,0.8471246957778931,0.8486063480377197,0.8435892462730408,0.8694334030151367,0.8389005661010742,0.8535152673721313,0.8510799407958984,0.4985771179199219,0.49944648146629333,0.37107208371162415,0.4952908456325531,0.48783186078071594,0.49972185492515564,0.49889156222343445,0.8232729434967041,0.49814021587371826,0.4988841414451599,0.4919099807739258,0.4940531551837921,0.5952428579330444,0.4932885766029358,0.4948941767215729,0.5700219869613647,0.9547981023788452,2.0600757598876953

561,0.2991657257080078,0.3228476941585541,0.4975064694881439,0.4988003075122833,0.4994470179080963,0.5,0.49234458804130554,0.36799925565719604,0.49492618441581726,0.4989848732948303,0.499353289604187,0.3598303198814392,0.49465635418891907,0.5,0.4941892623901367,0.49723196029663086,0.4935424327850342,0.9996317625045776,0.7967073917388916,0.3228476941585541,0.5910990238189697,0.9752935171127319,0.846329391002655,0.8467894792556763,0.8454216718673706,0.8653333187103271,0.8418251276016235,0.848473310470581,0.8448079824447632,0.4988619089126587,0.4997231364250183,0.36953702569007874,0.4941871166229248,0.48762696981430054,0.5,0.49880051612854004,0.8382608294487,0.4982345402240753,0.49906906485557556,0.49433717131614685,0.4933147728443146,0.5514447689056396,0.4920148551464081,0.49450957775115967,0.505833625793457,0.9592471122741699,2.05603289604187
562,0.29910027980804443,0.32403314113616943,0.496957391500473,0.49889320135116577,0.49981561303138733,0.5,0.4918878972530365,0.3618590831756592,0.4931759536266327,0.49870848655700684,0.49944689869880676,0.35385894775390625,0.49409157037734985,0.5,0.4939114451408386,0.49676942825317383,0.49308374524116516,0.9998155832290649,0.6954861283302307,0.32403314113616943,0.588882327079773,0.9877684116363525,0.839813232421875,0.8417757749557495,0.8388019800186157,0.8643455505371094,0.8346981406211853,0.8440655469894409,0.8420454263687134,0.49857738614082336,0.49963119626045227,0.3639487326145172,0.49362409114837646,0.4883977770805359,0.5,0.4990769922733307,0.8358211517333984,0.49777284264564514,0.49823155999183655,0.49265116453170776,0.4943350553512573,0.49645325541496277,0.4911791980266571,0.49535489082336426,0.5733882188796997,0.959787905216217,2.2813098430633545
563,0.29902806878089905,0.3227708041667938,0.49852535128593445,0.4988935887813568,0.4997234046459198,0.5,0.49169281125068665,0.3644489347934723,0.49474072456359863,0.498985230922699,0.499723345041275,0.35598376393318176,0.4939159154891968,0.5,0.49298763275146484,0.49621981382369995,0.4925345480442047,0.9995390772819519,0.5685229897499084,0.3227708041667938,0.6113510131835938,0.9151109457015991,0.8410652875900269,0.8434584140777588,0.8399847745895386,0.8611957430839539,0.8385347127914429,0.84778892993927,0.8430309891700745,0.499332457780838,0.49953892827033997,0.3629196882247925,0.49225664138793945,0.4886300563812256,0.4999072849750519,0.49935483932495117,0.8670616745948792,0.497953861951828,0.49833086133003235,0.4916450083255768,0.49331849813461304,0.5002509355545044,0.4922948479652405,0.4947222173213959,0.5390157699584961,0.9578005075454712,2.0653483867645264
564,0.2989557981491089,0.32069218158721924,0.497877836227417,0.4988020658493042,0.4993544816970825,0.5,0.487442284822464,0.36116236448287964,0.4920664131641388,0.49834010004997253,0.4992613196372986,0.35179033875465393,0.4924395978450775,0.5,0.4929071366786957,0.4947455823421478,0.4936405420303345,0.9996309876441956,0.579013466835022,0.32069218158721924,0.6003747582435608,0.9884809851646423,0.8387863636016846,0.8429114818572998,0.8399619460105896,0.8614698052406311,0.8340603113174438,0.8446279764175415,0.8442778587341309,0.49838340282440186,0.49963071942329407,0.3642764389514923,0.4918819069862366,0.4885777533054352,0.4998149275779724,0.499630868434906,0.811439037322998,0.497770756483078,0.4986012578010559,0.49322065711021423,0.4935064911842346,0.5723402500152588,0.49377670884132385,0.495541512966156,0.5825892686843872,0.9590337872505188,2.058915615081787
565,0.29890716075897217,0.3240877389907837,0.4988022744655609,0.49935317039489746,0.499630868434906,0.5,0.4903082847595215,0.37043526768684387,0.49520736932754517,0.49926185607910156,0.49963125586509705,0.3610188364982605,0.4967700242996216,0.5,0.49317342042922974,0.4983385503292084,0.4948291778564453,0.9998154640197754,0.5914566516876221,0.3240877389907837,0.5687628984451294,0.9856714606285095,0.8486905097961426,0.8475009202957153,0.844136118888855,0.8665403127670288,0.842045247554779,0.8509569764137268,0.8473594188690186,0.4987635612487793,0.49944576621055603,0.3688691556453705,0.4951106905937195,0.48737093806266785,0.4998142719268799,0.49880117177963257,0.759827733039856,0.49878957867622375,0.4987936019897461,0.49228766560554504,0.4938684403896332,0.4940350353717804,0.49340516328811646,0.4949795603752136,0.607981264591217,0.9562416076660156,2.125570297241211
566,0.2988499701023102,0.326699823141098,0.4989854395389557,0.49870872497558594,0.4994468092918396,0.5,0.48865941166877747,0.3681491017341614,0.4939103126525879,0.49870991706848145,0.49944618344306946,0.35975271463394165,0.4946524202823639,0.5,0.49280840158462524,0.4959402084350586,0.49075955152511597,0.9998155236244202,0.656435489654541,0.326699823141098,0.61855149269104,0.9878964424133301,0.8472827076911926,0.847690224647522,0.8412200808525085,0.8686658143997192,0.8405893445014954,0.8542933464050293,0.8471478223800659,0.4985765814781189,0.499631404876709,0.36913809180259705,0.4931633472442627,0.48939114809036255,0.49990737438201904,0.49889400601387024,0.8443313241004944,0.4970215857028961,0.49832621216773987,0.4908989667892456,0.4932105541229248,0.48273301124572754,0.492094486951828,0.4942304193973541,0.5961860418319702,0.9553041458129883,2.053241491317749
567,0.2987772822380066,0.3226845860481262,0.4993550777435303,0.4988935887813568,0.49972355365753174,0.5,0.4884665012359619,0.3641735911369324,0.4924256503582001,0.49898505210876465,0.49944669008255005,0.35534822940826416,0.4940970242023468,0.5,0.4932619631290436,0.49594396352767944,0.4897506833076477,0.9996316432952881,0.5838037729263306,0.3226845860481262,0.616965651512146,0.9870576858520508,0.8445266485214233,0.8456790447235107,0.8441299200057983,0.8611639738082886,0.837390661239624,0.8480159044265747,0.8453106880187988,0.49914318323135376,0.4995380640029907,0.3675134479999542,0.49335670471191406,0.48865941166877747,0.5,0.4991697371006012,0.8051745295524597,0.49758678674697876,0.49916309118270874,0.4932231605052948,0.49339166283607483,0.5235955119132996,0.492001473903656,0.49509531259536743,0.5266867876052856,0.9588491916656494,2.0390825271606445
568,0.2987108826637268,0.3236106038093567,0.499262273311615,0.49852535128593445,0.4994466006755829,0.5,0.4896831214427948,0.3631161153316498,0.4916820824146271,0.49852508306503296,0.4993551969528198,0.35340699553489685,0.4935305118560791,0.5,0.4914206564426422,0.49575644731521606,0.4876520335674286,0.9995378255844116,0.7534931898117065,0.3236106038093567,0.633938729763031,0.9560743570327759,0.8424397706985474,0.8429657816886902,0.839931845664978,0.8604606986045837,0.8352739214897156,0.8466856479644775,0.8436136245727539,0.4990503191947937,0.49944639205932617,0.36514562368392944,0.4927135109901428,0.4880974292755127,0.49990740418434143,0.4985223412513733,0.8190916776657104,0.4973972737789154,0.4977636933326721,0.4906133711338043,0.4936814606189728,0.5290200114250183,0.4921918511390686,0.4952584505081177,0.5555123686790466,0.9590874910354614,2.095383882522583
569,0.29866769909858704,0.32691243290901184,0.49815431237220764,0.49907732009887695,0.4996309280395508,0.5,0.49039527773857117,0.36909157037734985,0.4918774366378784,0.49917036294937134,0.499630868434906,0.3614902198314667,0.49409595131874084,0.5,0.4920620322227478,0.49686750769615173,0.49123615026474,0.9995390176773071,0.6090874671936035,0.32691243290901184,0.6142970323562622,0.988959550857544,0.8481904864311218,0.8490278720855713,0.8478219509124756,0.8681724071502686,0.844298243522644,0.8528118133544922,0.8477143049240112,0.498672217130661,0.49944740533828735,0.37102147936820984,0.49344778060913086,0.490311861038208,0.49990755319595337,0.49880117177963257,0.7924720644950867,0.4983290135860443,0.49860724806785583,0.4930245578289032,0.49424219131469727,0.5591710805892944,0.4932219088077545,0.49460363388061523,0.5850834846496582,0.9532339572906494,2.1941380500793457
570,0.29864850640296936,0.32203391194343567,0.4990781843662262,0.499262273311615,0.5,0.5,0.49105167388916016,0.368333637714386,0.4934574365615845,0.49926212430000305,0.4996311366558075,0.36362797021865845,0.49454712867736816,0.5,0.4935424327850342,0.4976937174797058,0.49160051345825195,0.9993547201156616,0.6671600341796875,0.32203391194343567,0.5843508839607239,0.9726871848106384,0.8493320941925049,0.8483785390853882,0.847689688205719,0.862769365310669,0.8446601629257202,0.8512388467788696,0.8469290733337402,0.4982821047306061,0.499446302652359,0.3706992268562317,0.49325698614120483,0.48660385608673096,0.4999074637889862,0.49907732009887695,0.8192164301872253,0.4984256327152252,0.4986056983470917,0.4935873746871948,0.4930206537246704,0.5672003030776978,0.49397143721580505,0.49433085322380066,0.4964742958545685,0.9539618492126465,2.121737241744995

571,0.29853829741477966,0.3172953128814697,0.49870800971984863,0.498985230922699,0.4997236132621765,0.5,0.49013277888298035,0.36503690481185913,0.49400922656059265,0.49926280975341797,0.49963098764419556,0.35752490162849426,0.4920693337917328,0.5,0.4921586811542511,0.4968646168708801,0.49042004346847534,0.9996306896209717,0.5419750809669495,0.3172953128814697,0.5919551253318787,0.9060378074645996,0.8434592485427856,0.8422353267669678,0.8422799706459045,0.8620525598526001,0.8380362391471863,0.8467084169387817,0.841934859752655,0.4987637996673584,0.49972325563430786,0.3668704926967621,0.4918878972530365,0.48579859733581543,0.4999074637889862,0.49907800555229187,0.8585562705993652,0.4981392025947571,0.49832960963249207,0.49259671568870544,0.4925650656223297,0.5533011555671692,0.49257609248161316,0.4948979616165161,0.4963761270046234,0.9603360891342163,2.113469123840332
572,0.2984911799430847,0.3307550549507141,0.4960310161113739,0.4989861845970154,0.49972325563430786,0.5,0.490311861038208,0.3719771206378937,0.4932631850242615,0.49916914105415344,0.4994471073150635,0.36499446630477905,0.49502119421958923,0.5,0.49261173605918884,0.4971391558647156,0.49363821744918823,0.999445915222168,0.8312549591064453,0.3307550549507141,0.5980855822563171,0.9561060667037964,0.8518553972244263,0.8463734984397888,0.8463809490203857,0.8659000396728516,0.8459335565567017,0.8561396598815918,0.8483754396438599,0.497821569442749,0.499630868434906,0.37296146154403687,0.4946494400501251,0.48799630999565125,0.4998151361942291,0.49880272150039673,0.7998639345169067,0.4976787269115448,0.4987931549549103,0.4918048083782196,0.4939478635787964,0.5858097076416016,0.4918154776096344,0.49461567401885986,0.5221715569496155,0.9545462131500244,2.051093816757202
573,0.29841282963752747,0.32221198081970215,0.49640220403671265,0.49852126836776733,0.49981531500816345,0.5,0.4896659851074219,0.36394619941711426,0.4928901195526123,0.49879875779151917,0.49981555342674255,0.3569977879524231,0.4940970242023468,0.5,0.49298763275146484,0.4961233139038086,0.49354004859924316,0.9997233152389526,0.7328140735626221,0.32221198081970215,0.6411011219024658,0.9673678874969482,0.8418396711349487,0.8446074724197388,0.8438208699226379,0.8604166507720947,0.8390281200408936,0.8456426858901978,0.84449303150177,0.49952271580696106,0.49953874945640564,0.3664016127586365,0.49326568841934204,0.48673298954963684,0.4998146891593933,0.49953892827033997,0.882353663444519,0.4979546368122101,0.49860724806785583,0.49211210012435913,0.49293944239616394,0.5710781812667847,0.49276304244995117,0.4952663779258728,0.5173824429512024,0.9579129219055176,2.066437244415283
574,0.2983550429344177,0.32281509041786194,0.49704796075820923,0.49870800971984863,0.4997231364250183,0.5,0.49087727069854736,0.3875897526741028,0.4924200475215912,0.49861419200897217,0.4995386600494385,0.356220006942749,0.4940926730632782,0.5,0.4937303960323334,0.4961240291595459,0.49335792660713196,0.9995390176773071,0.7546622157096863,0.32281509041786194,0.6404997110366821,0.9867016077041626,0.8424161672592163,0.8423457741737366,0.8406844139099121,0.8576580286026001,0.8390136957168579,0.845797061920166,0.8438153266906738,0.4985784590244293,0.4997231960296631,0.3653774857521057,0.49280309677124023,0.48774194717407227,0.49981507658958435,0.49926185607910156,0.8656826019287109,0.49785566329956055,0.4986080229282379,0.4937801659107208,0.4938696026802063,0.5370400547981262,0.49387413263320923,0.4948846697807312,0.5055853724479675,0.9570407867431641,2.152801275253296
575,0.29827556014060974,0.3298048675060272,0.49621909856796265,0.49852126836776733,0.49981555342674255,0.5,0.4911471903324127,0.4940991997718811,0.4929902255535126,0.49880117177963257,0.4997229278087616,0.3587278127670288,0.49519941210746765,0.5,0.49280309677124023,0.4971407353878021,0.49308884143829346,0.9996305704116821,0.7318973541259766,0.3298048675060272,0.627277135848999,0.9892923831939697,0.8473354578018188,0.8463373184204102,0.846930980682373,0.8621642589569092,0.8430066704750061,0.8521448969841003,0.8485366702079773,0.4988562762737274,0.4997234046459198,0.3711053431034088,0.49455517530441284,0.4919697344303131,0.4999072253704071,0.4992625415325165,0.8193355798721313,0.4975818395614624,0.49860724806785583,0.4938696026802063,0.4950798451900482,0.579003632068634,0.49340149760246277,0.49628183245658875,0.49685126543045044,0.956344723701477,2.074272394180298
576,0.2981993854045868,0.3258064389228821,0.4967688322067261,0.49852344393730164,0.49963098764419556,0.5,0.49197566509246826,0.38270580768585205,0.4921572208404541,0.49870872497558594,0.4995380640029907,0.3571428656578064,0.49410030245780945,0.5,0.4939192831516266,0.49640020728111267,0.49474072456359863,0.9994468092918396,0.795357346534729,0.3258064389228821,0.6033972501754761,0.92220538854599,0.8473514318466187,0.8482431173324585,0.8427972793579102,0.8588235378265381,0.8409910798072815,0.8530527353286743,0.8458753824234009,0.49838218092918396,0.4994460940361023,0.36796295642852783,0.4936358630657196,0.488095223903656,0.49981459975242615,0.49889278411865234,0.8152554035186768,0.49832743406295776,0.4993496835231781,0.4929381012916565,0.49385589361190796,0.5614040493965149,0.49367794394493103,0.49516549706459045,0.4963700771331787,0.9573636651039124,2.0442631244659424
577,0.2981331944465637,0.3210274279117584,0.49511250853538513,0.49824851751327515,0.49926266074180603,0.5,0.4891986846923828,0.3653988242149353,0.4913395941257477,0.4988000690937042,0.4990788400173187,0.3558100759983063,0.49455517530441284,0.5,0.4923474192619324,0.4964918792247772,0.48994094133377075,0.9996309876441956,0.7612969875335693,0.3210274279117584,0.5834380388259888,0.9871052503585815,0.8450436592102051,0.8452516198158264,0.842430591583252,0.8620493412017822,0.8388289213180542,0.84947669506073,0.8468263149261475,0.4983828067779541,0.49953824281692505,0.36756807565689087,0.49353528022766113,0.4874492287635803,0.5,0.49880096316337585,0.9336692094802856,0.49758318066596985,0.4987008273601532,0.49080437421798706,0.4935861825942993,0.5508852601051331,0.4905906319618225,0.49487799406051636,0.5161038637161255,0.9589065909385681,2.033064365386963
578,0.2980843186378479,0.3262750804424286,0.4960339367389679,0.49889299273490906,0.4996309280395508,0.5,0.48984676599502563,0.3649197220802307,0.4925249218940735,0.49870896339416504,0.4995390772819519,0.3563525676727295,0.49502119421958923,0.5,0.49363234639167786,0.4960273504257202,0.4916989505290985,0.9995384812355042,0.843715250492096,0.3262750804424286,0.5891042351722717,0.9902015924453735,0.842585563659668,0.8467146158218384,0.8442296981811523,0.8603809475898743,0.8372645974159241,0.8501044511795044,0.8441891670227051,0.49828243255615234,0.49944639205932617,0.36616069078445435,0.49408939480781555,0.4899539053440094,0.5,0.49889421463012695,0.9653817415237427,0.49804797768592834,0.4987911581993103,0.4928438663482666,0.4934786558151245,0.5873680114746094,0.49182915687561035,0.4947877824306488,0.4960029721260071,0.954736590385437,2.125542163848877
579,0.2980266809463501,0.3237026035785675,0.49640288949012756,0.4989846646785736,0.49981555342674255,0.5,0.48838281631469727,0.36709094047546387,0.4928070902824402,0.4990759491920471,0.49963098764419556,0.36000001430511475,0.49390357732772827,0.5,0.49233752489089966,0.4968663454055786,0.49021780490875244,0.9995391368865967,0.7996808290481567,0.3237026035785675,0.5890120267868042,0.9866305589675903,0.8459995985031128,0.8454147577285767,0.8466070890426636,0.8643859028816223,0.84305739402771,0.852733850479126,0.8466869592666626,0.49876752495765686,0.4993535280227661,0.3706545829772949,0.49244099855422974,0.48829278349876404,0.499907523393631,0.49907681345939636,0.9316450357437134,0.49721240997314453,0.4982365071773529,0.4919985234737396,0.49265798926353455,0.5693824291229248,0.4913504421710968,0.494521826505661,0.5497531294822693,0.9547203183174133,2.3462533950805664
580,0.2979575991630554,0.3235131800174713,0.49732324481010437,0.49870777130126953,0.4999077618122101,0.5,0.4904094338417053,0.36288982629776,0.49326691031455994,0.49843087792396545,0.49990782141685486,0.35741934180259705,0.49280309677124023,0.5,0.49317342042922974,0.49547886848449707,0.49123615026474,0.999261736869812,0.6172106862068176,0.3235131800174713,0.6192420721054077,0.9858983755111694,0.8435128927230835,0.8444275259971619,0.8439284563064575,0.8569116592407227,0.8395600318908691,0.8447554111480713,0.8473982810974121,0.4989531934261322,0.4996306598186493,0.3651778995990753,0.4917911887168884,0.48783186078071594,0.49981531500816345,0.4990758001804352,0.8667041063308716,0.4983249604701996,0.49888619780540466,0.49191299080848694,0.49302583932876587,0.5797654390335083,0.49275630712509155,0.4949823319911957,0.6254063844680786,0.9577052593231201,2.181201457977295

581,0.2978783845901489,0.3276560604572296,0.49372926354408264,0.49870848655700684,0.49944719672203064,0.5,0.48950082063674927,0.3680081367492676,0.4929902255535126,0.4987989664077759,0.4993542432785034,0.36116236448287964,0.494556188583374,0.5,0.4923474192619324,0.49667835235595703,0.49013644456863403,0.9998152256011963,0.7946373224258423,0.3276560604572296,0.5718847513198853,0.9388081431388855,0.8479254245758057,0.8469445705413818,0.8455770611763,0.8605138063430786,0.8428380489349365,0.851472020149231,0.8486629724502563,0.4987637996673584,0.49953848123550415,0.3705860674381256,0.4943643808364868,0.48847076296806335,0.49981430172920227,0.49880141019821167,0.8832672834396362,0.49795424938201904,0.4987902343273163,0.4925553798675537,0.4931034445762634,0.5550912618637085,0.4922790825366974,0.4943413734436035,0.5531696081161499,0.9568755030632019,2.1073577404022217
582,0.29781752824783325,0.32492172718048096,0.4938180446624756,0.4989854395389557,0.49990785121917725,0.5,0.48948338627815247,0.3684307634830475,0.492434024810791,0.49898505210876465,0.4997231364250183,0.3611932098865509,0.493633508682251,0.5,0.49281105399131775,0.49640220403671265,0.49067920446395874,0.9995384216308594,0.6038395166397095,0.32492172718048096,0.6239641904830933,0.9871722459793091,0.8463878631591797,0.8481024503707886,0.8450864553451538,0.8644664287567139,0.8440454006195068,0.8525665402412415,0.8499429225921631,0.4984770715236664,0.4997231066226959,0.3714100420475006,0.49196675419807434,0.4876406490802765,0.4999074935913086,0.4988003075122833,0.9013803005218506,0.49758365750312805,0.49813780188560486,0.49258434772491455,0.4935849905014038,0.5344378352165222,0.4909834563732147,0.4955373704433441,0.5552335977554321,0.9552370309829712,2.100696563720703
583,0.297785222530365,0.3211853504180908,0.4929824471473694,0.498244971036911,0.49953925609588623,0.4999076724052429,0.49096107482910156,0.36263129115104675,0.4931747019290924,0.49852508306503296,0.4994470179080963,0.35451197624206543,0.4947417080402374,0.5,0.49335792660713196,0.4956609904766083,0.4899316430091858,0.999262273311615,0.5736110806465149,0.3211853504180908,0.6187406778335571,0.986282229423523,0.8421652317047119,0.8428353071212769,0.8418105840682983,0.8565069437026978,0.8374239206314087,0.8439770936965942,0.8448013663291931,0.49752146005630493,0.49916988611221313,0.36546629667282104,0.4933689534664154,0.487356960773468,0.49990758299827576,0.49852561950683594,0.8657631874084473,0.49832993745803833,0.4987003207206726,0.4927320182323456,0.49415475130081177,0.5481983423233032,0.49387869238853455,0.49506884813308716,0.49730682373046875,0.9559800624847412,2.090454339981079
584,0.2977293133735657,0.32162609696388245,0.4921514391899109,0.49870800971984863,0.4999077022075653,0.5,0.48957371711730957,0.3626890480518341,0.4927135109901428,0.4987998604774475,0.4997231364250183,0.35560065507888794,0.4950203001499176,0.5,0.49271485209465027,0.4960324764251709,0.4879874289035797,0.9993544816970825,0.5006635785102844,0.32162609696388245,0.6012389659881592,0.9868001937866211,0.8405328392982483,0.8405507802963257,0.8401140570640564,0.8528237342834473,0.8366374373435974,0.8469581604003906,0.8421602249145508,0.49847733974456787,0.49990782141685486,0.36417579650878906,0.4946652054786682,0.4874538779258728,0.4999076724052429,0.499631404876709,0.8084628582000732,0.4976748526096344,0.4987022578716278,0.49193698167800903,0.49340638518333435,0.528424859046936,0.4935992658138275,0.4949767589569092,0.5478222370147705,0.9562681913375854,2.1518685817718506
585,0.297699898481369,0.32495859265327454,0.49289536476135254,0.49805986881256104,0.49953848123550415,0.5,0.49087557196617126,0.3657433092594147,0.4930824637413025,0.49880072474479675,0.49953874945640564,0.36029139161109924,0.49410030245780945,0.5,0.4926212728023529,0.49594244360923767,0.48789504170417786,0.999722957611084,0.6614619493484497,0.32495859265327454,0.6134957075119019,0.9869256615638733,0.8423209190368652,0.8463655710220337,0.8410305380821228,0.8586562275886536,0.839931845664978,0.8498004674911499,0.8475656509399414,0.49905356764793396,0.4996306598186493,0.36907845735549927,0.4937269389629364,0.48774418234825134,0.5,0.49907800555229187,0.926064133644104,0.49730783700942993,0.4985105097293854,0.4912736713886261,0.49340516328811646,0.5598476529121399,0.4935992658138275,0.4941471517086029,0.5727402567863464,0.9549582004547119,2.121098041534424
586,0.2976386249065399,0.324000746011734,0.4927162230014801,0.4979678690433502,0.4991671144962311,0.5,0.48985427618026733,0.3659166395664215,0.49317970871925354,0.4984320104122162,0.499262273311615,0.359054833650589,0.49390244483947754,0.5,0.49159741401672363,0.4961268901824951,0.48735928535461426,0.9996309280395508,0.7696236371994019,0.324000746011734,0.61457759141922,0.9875421524047852,0.8451520800590515,0.8471590876579285,0.8459648489952087,0.8582572340965271,0.8392040729522705,0.8489593267440796,0.8490422964096069,0.4996189773082733,0.4996310770511627,0.3682701289653778,0.49409377574920654,0.4892165958881378,0.5,0.49953848123550415,0.8316479325294495,0.4974874258041382,0.4981457591056824,0.49227333068847656,0.49433717131614685,0.556292712688446,0.49361228942871094,0.4958178400993347,0.5461825132369995,0.9556541442871094,2.082226037979126
587,0.297539085149765,0.326823890209198,0.4938180446624756,0.4978789985179901,0.4993551969528198,0.5,0.48910635709762573,0.36745432019233704,0.49326443672180176,0.49833887815475464,0.4992620050907135,0.35985615849494934,0.4943747818470001,0.5,0.49252215027809143,0.4954780340194702,0.48829060792922974,0.9994466304779053,0.7353122234344482,0.326823890209198,0.5929038524627686,0.986385703086853,0.8472619652748108,0.8478095531463623,0.8455392718315125,0.8581068515777588,0.8427697420120239,0.8511385321617126,0.8485366702079773,0.49866437911987305,0.49963051080703735,0.37053489685058594,0.4938180446624756,0.48791736364364624,0.49972254037857056,0.4991694390773773,0.8285447359085083,0.4970282316207886,0.49851495027542114,0.4930323362350464,0.4942260980606079,0.4846568703651428,0.4932093024253845,0.49470555782318115,0.5775297284126282,0.9591454267501831,2.2170495986938477
588,0.297471284866333,0.320817232131958,0.4938191771507263,0.49732619524002075,0.4991697371006012,0.5,0.4877396821975708,0.36247923970222473,0.49290454387664795,0.49732422828674316,0.4990776479244232,0.3551393151283264,0.49280574917793274,0.5,0.4910450577735901,0.4948301315307617,0.4881962239742279,0.9994468092918396,0.7818586230278015,0.320817232131958,0.594113290309906,0.9874836206436157,0.8425241708755493,0.8425644636154175,0.840181827545166,0.8564797639846802,0.8369090557098389,0.8461684584617615,0.8444359302520752,0.49904924631118774,0.49953848123550415,0.3655376732349396,0.4914063811302185,0.48764294385910034,0.49981439113616943,0.49870920181274414,0.8398436307907104,0.4968395531177521,0.49795347452163696,0.49054154753685,0.4931137263774872,0.5320241451263428,0.4917301535606384,0.49395009875297546,0.608497142791748,0.9575744867324829,2.1254630088806152
589,0.29739493131637573,0.3236972987651825,0.49178966879844666,0.4979693591594696,0.49953797459602356,0.5,0.48680567741394043,0.36421579122543335,0.49289536476135254,0.4983403980731964,0.4995383322238922,0.3548595607280731,0.4942741096019745,0.5,0.4905799925327301,0.4956634044647217,0.4880051612854004,0.9997231960296631,0.7634060382843018,0.3236972987651825,0.6065362095832825,0.987270712852478,0.8458539247512817,0.8468844890594482,0.8452808856964111,0.8573195934295654,0.8387681245803833,0.8485969305038452,0.8449914455413818,0.4994298815727234,0.4994470179080963,0.3668518662452698,0.49355077743530273,0.4876497685909271,0.5,0.49926239252090454,0.895095705986023,0.49786365032196045,0.4987005889415741,0.492733359336853,0.4933135211467743,0.5687259435653687,0.4920812249183655,0.493865042924881,0.5520557761192322,0.9565947651863098,2.0869898796081543
590,0.29734429717063904,0.3200809955596924,0.49400368332862854,0.498616486787796,0.4995390772819519,0.5,0.48856720328330994,0.36055299639701843,0.49299538135528564,0.49861469864845276,0.4997231364250183,0.35193368792533875,0.49409595131874084,0.5,0.4904112219810486,0.4961276054382324,0.48893192410469055,0.9997233152389526,0.8219482898712158,0.3200809955596924,0.5874207019805908,0.9862043261528015,0.8385328054428101,0.844843864440918,0.8399428129196167,0.8521730899810791,0.8343762159347534,0.8421401381492615,0.8429791331291199,0.4991428554058075,0.499538391828537,0.3634340763092041,0.49289798736572266,0.48773741722106934,0.4995359182357788,0.49935460090637207,0.9120197892189026,0.4975796043872833,0.49841684103012085,0.49181243777275085,0.49415475130081177,0.5846368670463562,0.4910731017589569,0.49470359086990356,0.5924971699714661,0.9547152519226074,2.077134132385254

591,0.29724639654159546,0.32069218158721924,0.49121996760368347,0.4983394742012024,0.49944669008255005,0.5,0.4896659851074219,0.3607162535190582,0.49373388290405273,0.4984288215637207,0.4994466006755829,0.35421663522720337,0.4949290156364441,0.5,0.49261993169784546,0.49622398614883423,0.4904112219810486,0.999722957611084,0.4799264073371887,0.32069218158721924,0.6249528527259827,0.9797888994216919,0.8418794870376587,0.8400266170501709,0.837651252746582,0.8551357388496399,0.8368760347366333,0.846299409866333,0.8416491746902466,0.49866870045661926,0.4993542432785034,0.3611780107021332,0.49419140815734863,0.48779812455177307,0.49962908029556274,0.49889257550239563,0.8644247055053711,0.4976787269115448,0.49823781847953796,0.4912395179271698,0.49340394139289856,0.5315587520599365,0.48977693915367126,0.494233638048172,0.558221697807312,0.9601972699165344,2.165208578109741
592,0.29716727137565613,0.3230471611022949,0.4893872141838074,0.4984320104122162,0.49935483932495117,0.5,0.4890282154083252,0.36552995443344116,0.49400147795677185,0.4984317421913147,0.49926266074180603,0.3594355285167694,0.4947436451911926,0.5,0.4921499788761139,0.49695852398872375,0.49069640040397644,0.9992601871490479,0.82628333568573,0.3230471611022949,0.614614725112915,0.9744164347648621,0.845854640007019,0.8448407649993896,0.8442215919494629,0.852980375289917,0.8421052694320679,0.84916090965271,0.8462997674942017,0.4989555776119232,0.499630868434906,0.36488988995552063,0.4935472011566162,0.48652389645576477,0.4997226297855377,0.4990769922733307,0.8713501691818237,0.4979599416255951,0.4985096752643585,0.49144503474235535,0.492093026638031,0.49499839544296265,0.4923919141292572,0.4933010935783386,0.6059881448745728,0.9580584764480591,2.0765011310577393
593,0.2970907688140869,0.3232044279575348,0.49087727069854736,0.4983379542827606,0.49953892827033997,0.5,0.488095223903656,0.3687995672225952,0.49290454387664795,0.49880141019821167,0.4995386600494385,0.3610035181045532,0.494181752204895,0.5,0.49225807189941406,0.4964938163757324,0.4908638000488281,0.9993547201156616,0.6903939247131348,0.3232044279575348,0.5997679233551025,0.9856875538825989,0.8479703664779663,0.8457527160644531,0.8432906866073608,0.8575371503829956,0.8385714292526245,0.850638210773468,0.8458024263381958,0.499904990196228,0.4989846646785736,0.37044572830200195,0.49353885650634766,0.48626473546028137,0.49962908029556274,0.4988946318626404,0.8608502149581909,0.49814125895500183,0.4989786446094513,0.4921223223209381,0.4928412139415741,0.5296887159347534,0.4934173822402954,0.4943329691886902,0.5387507677078247,0.9575067758560181,2.1784181594848633
594,0.2970177233219147,0.32315054535865784,0.49151134490966797,0.4983394742012024,0.49907663464546204,0.5,0.4886573255062103,0.36563998460769653,0.49289536476135254,0.49824756383895874,0.49935388565063477,0.3581043779850006,0.49391481280326843,0.5,0.4931759536266327,0.4964970648288727,0.49077320098876953,0.9998153448104858,0.7576262950897217,0.32315054535865784,0.6260631084442139,0.9871938824653625,0.8429689407348633,0.8491084575653076,0.8472616672515869,0.8560303449630737,0.8392007350921631,0.8496383428573608,0.8469929695129395,0.4982827603816986,0.4990771412849426,0.36789482831954956,0.4929889440536499,0.4873686134815216,0.4996297061443329,0.49870777130126953,0.9644207954406738,0.4981416165828705,0.49860361218452454,0.4929223358631134,0.4935968816280365,0.5542291402816772,0.4939669668674469,0.494991660118103,0.5413691401481628,0.9584861397743225,2.1123135089874268
595,0.29694637656211853,0.32658693194389343,0.49289143085479736,0.49917110800743103,0.49990782141685486,0.5,0.48892784118652344,0.36801329255104065,0.49382373690605164,0.49916914105415344,0.49981555342674255,0.35985615849494934,0.4952029585838318,0.5,0.4917941987514496,0.4974203109741211,0.49059388041496277,0.9994459748268127,0.7744674682617188,0.32658693194389343,0.6173278093338013,0.9864206910133362,0.8482601642608643,0.8443342447280884,0.8449620008468628,0.8574828505516052,0.8416444659233093,0.8515803813934326,0.8483957052230835,0.4988597631454468,0.49935436248779297,0.36835771799087524,0.4935340881347656,0.48671096563339233,0.49990755319595337,0.49907782673835754,0.8539021611213684,0.49786126613616943,0.4982322156429291,0.491079717874527,0.4934835135936737,0.5108353495597839,0.4930323362350464,0.4946126639842987,0.6040508151054382,0.9549906253814697,2.1178948879241943
596,0.2969484329223633,0.32999080419540405,0.4909627437591553,0.49870872497558594,0.4992617070674896,0.5,0.48746544122695923,0.37158167362213135,0.49317970871925354,0.49824851751327515,0.4992625415325165,0.3634015917778015,0.4941924810409546,0.5,0.4923488199710846,0.4961254596710205,0.4892066419124603,0.999538242816925,0.6666524410247803,0.32999080419540405,0.5998613238334656,0.9849905967712402,0.8510153293609619,0.8538345098495483,0.8489900827407837,0.8604142665863037,0.844959020614624,0.8550958633422852,0.8528010845184326,0.49847880005836487,0.4990769922733307,0.37026727199554443,0.49261993169784546,0.48680567741394043,0.5,0.49870896339416504,0.8952527642250061,0.4975849986076355,0.4982302486896515,0.49097171425819397,0.4925484359264374,0.5360467433929443,0.49276840686798096,0.4944300055503845,0.568211019039154,0.9476205110549927,2.1714184284210205
597,0.29687875509262085,0.3232583999633789,0.4931809902191162,0.498706579208374,0.49963077902793884,0.5,0.48892784118652344,0.3628048896789551,0.4934562146663666,0.49898597598075867,0.499723345041275,0.3560228645801544,0.4948282241821289,0.5,0.492905855178833,0.4965854585170746,0.48846012353897095,0.9996310472488403,0.6357203722000122,0.3232583999633789,0.6150990724563599,0.9862068891525269,0.8415700197219849,0.8431800603866577,0.8409695625305176,0.8490763902664185,0.8380535840988159,0.8463512063026428,0.8442234992980957,0.4990512430667877,0.4994468092918396,0.36351850628852844,0.49326568841934204,0.4871912896633148,0.499907523393631,0.4992629587650299,0.85325026512146,0.49823683500289917,0.49813780188560486,0.4918367266654968,0.49200594425201416,0.5356478095054626,0.4932219088077545,0.4942443370819092,0.6209016442298889,0.9554901123046875,2.372035503387451
598,0.2967931032180786,0.3262750804424286,0.49538999795913696,0.4984320104122162,0.4993542432785034,0.5,0.4891164004802704,0.36405614018440247,0.4934538006782532,0.49889156222343445,0.49953892827033997,0.35792097449302673,0.49335914850234985,0.5,0.4931747019290924,0.4952011704444885,0.4884558618068695,0.9995393753051758,0.7453510165214539,0.3262750804424286,0.5884975790977478,0.9849813580513,0.8459352254867554,0.8444465398788452,0.8424866199493408,0.8540520071983337,0.8410690426826477,0.84919273853302,0.8456037044525146,0.49933484196662903,0.4996311366558075,0.3684064447879791,0.4926212728023529,0.48670852184295654,0.49990755319595337,0.49944669008255005,0.8168843388557434,0.49767181277275085,0.4981429874897003,0.4922962784767151,0.49340394139289856,0.5439903140068054,0.4921802282333374,0.49460965394973755,0.5843400359153748,0.9582436680793762,2.0449814796447754
599,0.2967282235622406,0.3200405240058899,0.4916958808898926,0.497877836227417,0.49944689869880676,0.5,0.48560354113578796,0.35934045910835266,0.49140799045562744,0.4984317421913147,0.49972283840179443,0.3497141897678375,0.4940025806427002,0.5,0.49162063002586365,0.49557358026504517,0.4854350984096527,0.9999077320098877,0.728124737739563,0.3200405240058899,0.6082948446273804,0.9869500398635864,0.8377993106842041,0.8415586948394775,0.8379225134849548,0.8527566194534302,0.8329224586486816,0.8424710035324097,0.8420251607894897,0.4982827603816986,0.4995386600494385,0.3624514639377594,0.4925290644168854,0.4875530004501343,0.5,0.4986167550086975,0.8694987893104553,0.49767744541168213,0.49888744950294495,0.491921991109848,0.4940509498119354,0.5704566836357117,0.49210917949676514,0.4946136772632599,0.5700856447219849,0.9575482606887817,2.0487778186798096
600,0.2966804504394531,0.32026928663253784,0.4940003752708435,0.49870872497558594,0.4995386600494385,0.5,0.48773741722106934,0.3640391230583191,0.4921601116657257,0.49870848655700684,0.4994468092918396,0.35702434182167053,0.49400922656059265,0.5,0.4928070902824402,0.4964976906776428,0.4884537160396576,0.999262273311615,0.8164699077606201,0.32026928663253784,0.6068004369735718,0.985999584197998,0.8447588682174683,0.8434180617332458,0.843286395072937,0.8535141348838806,0.8416871428489685,0.8469387888908386,0.8445330262184143,0.49914366006851196,0.49944689869880676,0.3658762574195862,0.49317845702171326,0.486970990896225,0.49990761280059814,0.49880117177963257,0.82692551612854,0.49832776188850403,0.4986979067325592,0.49266481399536133,0.4928412139415741,0.5463756918907166,0.492577463388443,0.4943329691886902,0.5621127486228943,0.9562909603118896,2.0554490089416504

601,0.29663676023483276,0.32673177123069763,0.48974311351776123,0.496676504611969,0.4992625415325165,0.5,0.48838281631469727,0.36801841855049133,0.4909677505493164,0.4985245168209076,0.4991702139377594,0.36136236786842346,0.4930773377418518,0.5,0.4939925968647003,0.4948406219482422,0.48837852478027344,0.9994468092918396,0.8431717157363892,0.32673177123069763,0.5699782967567444,0.9813674688339233,0.8480280637741089,0.8494879007339478,0.8475574851036072,0.8574010729789734,0.8444867134094238,0.8512200117111206,0.8509405255317688,0.49904653429985046,0.49972304701805115,0.3720844089984894,0.49169743061065674,0.485624760389328,0.5,0.49926117062568665,0.9085719585418701,0.49879226088523865,0.4990716576576233,0.49375465512275696,0.4930271506309509,0.5508229732513428,0.49368616938591003,0.4946116805076599,0.5932402610778809,0.9556256532669067,2.071251630783081
602,0.29657524824142456,0.3256990313529968,0.4872646629810333,0.49815633893013,0.4993537664413452,0.5,0.48580384254455566,0.36918389797210693,0.49234458804130554,0.4988937973976135,0.4994468092918396,0.3600553572177887,0.49427515268325806,0.5,0.49133479595184326,0.4964912235736847,0.48504430055618286,0.9991695880889893,0.7354830503463745,0.3256990313529968,0.6215686202049255,0.9846139550209045,0.8478715419769287,0.850857138633728,0.8462195992469788,0.858124852180481,0.8436788320541382,0.855789303779602,0.8519256114959717,0.49895238876342773,0.499446302652359,0.3708989918231964,0.49381691217422485,0.48745620250701904,0.4999074339866638,0.49907800555229187,0.903122067451477,0.4974949061870575,0.4983255863189697,0.49117591977119446,0.4925636649131775,0.5286771059036255,0.492940753698349,0.4939478635787964,0.5897507667541504,0.9579195380210876,2.0839293003082275
603,0.2965259552001953,0.31897661089897156,0.4905051589012146,0.4990786910057068,0.49972325563430786,0.5,0.488847941160202,0.36230143904685974,0.4924326241016388,0.4987063407897949,0.499630868434906,0.3558650016784668,0.49309390783309937,0.5,0.49178966879844666,0.49584564566612244,0.4870586097240448,0.9997228384017944,0.7066291570663452,0.31897661089897156,0.5906388759613037,0.9861733913421631,0.8411552309989929,0.8437085151672363,0.839224636554718,0.8510375022888184,0.8362789750099182,0.8468400239944458,0.8444550037384033,0.49981075525283813,0.4991694390773773,0.36524954438209534,0.49272292852401733,0.4871818423271179,0.4998150169849396,0.49852290749549866,0.8617458939552307,0.49730584025382996,0.4980475902557373,0.49134883284568787,0.4926593601703644,0.5895092487335205,0.49255260825157166,0.49369320273399353,0.5416936874389648,0.9558143019676208,2.109246253967285
604,0.29648301005363464,0.3239138424396515,0.4906878173351288,0.498985230922699,0.49963071942329407,0.5,0.4876338243484497,0.36595940589904785,0.49261584877967834,0.4990788400173187,0.49981579184532166,0.3583686947822571,0.4947417080402374,0.5,0.4908604025840759,0.4961233139038086,0.48625460267066956,0.9998154640197754,0.7883483171463013,0.3239138424396515,0.6389659643173218,0.9857944250106812,0.8468554019927979,0.8467757701873779,0.8422596454620361,0.854202389717102,0.8389395475387573,0.8508187532424927,0.848069965839386,0.49971532821655273,0.49907544255256653,0.3658197224140167,0.4943716526031494,0.4870022237300873,0.5,0.49889177083969116,0.8999250531196594,0.4975845515727997,0.49851328134536743,0.4901615083217621,0.4926607310771942,0.5280195474624634,0.4918367266654968,0.49359330534935,0.6196473836898804,0.9547626972198486,2.1253185272216797
605,0.29639169573783875,0.3204679489135742,0.4920708239078522,0.4983379542827606,0.4993540048599243,0.5,0.48717474937438965,0.3627975583076477,0.49160516262054443,0.4989861845970154,0.4997231960296631,0.35455888509750366,0.49345502257347107,0.5,0.4911471903324127,0.4943747818470001,0.4858725666999817,0.9999077320098877,0.5103053450584412,0.3204679489135742,0.5990793704986572,0.9861888885498047,0.8419649600982666,0.8440532684326172,0.8413479328155518,0.8522748947143555,0.8364654779434204,0.8469233512878418,0.8458617925643921,0.4998093843460083,0.4996315538883209,0.3638888895511627,0.49244239926338196,0.48644161224365234,0.5,0.4991692900657654,0.980120062828064,0.49721759557724,0.49777159094810486,0.4906238317489624,0.4934737980365753,0.5640962719917297,0.4916403591632843,0.49477317929267883,0.7021647095680237,0.9576772451400757,2.0211405754089355
606,0.29631808400154114,0.3229665160179138,0.49428677558898926,0.49852508306503296,0.4996299147605896,0.5,0.4879128932952881,0.36369508504867554,0.4916958808898926,0.4996309280395508,0.4997228980064392,0.3572086989879608,0.4928017854690552,0.5,0.49244239926338196,0.49493086338043213,0.4872646629810333,0.9994469881057739,0.7999321222305298,0.3229665160179138,0.6206163167953491,0.9882594347000122,0.8432807326316833,0.8436845541000366,0.841729998588562,0.8559612035751343,0.8405893445014954,0.849962055683136,0.8454976081848145,0.49952614307403564,0.49935388565063477,0.36644408106803894,0.49133002758026123,0.48902416229248047,0.49990731477737427,0.49843114614486694,0.9215086698532104,0.4973098337650299,0.497862845659256,0.49153172969818115,0.49422720074653625,0.5717889070510864,0.4914354979991913,0.49470359086990356,0.5246798992156982,0.9579294919967651,2.0565195083618164
607,0.29625847935676575,0.32078424096107483,0.4933493435382843,0.49778392910957336,0.4993547201156616,0.5,0.48791512846946716,0.36205941438674927,0.49189090728759766,0.4980616569519043,0.49944669008255005,0.3556786775588989,0.49253180623054504,0.5,0.49234458804130554,0.4946504235267639,0.488211452960968,0.9996309876441956,0.7809726595878601,0.32078424096107483,0.6778602600097656,0.9863780736923218,0.843386173248291,0.8435244560241699,0.8397106528282166,0.8500760793685913,0.8389734029769897,0.8488813042640686,0.8435354828834534,0.49971532821655273,0.49944597482681274,0.36297187209129333,0.4922494888305664,0.4862672686576843,0.49962887167930603,0.49870824813842773,0.8928236961364746,0.49786245822906494,0.49851495027542114,0.4911660850048065,0.49229341745376587,0.5433024168014526,0.4896801710128784,0.4931226670742035,0.5141337513923645,0.9562304019927979,2.162301540374756
608,0.29620739817619324,0.3247973322868347,0.4943840801715851,0.49833887815475464,0.49935388565063477,0.5,0.48838281631469727,0.36506178975105286,0.4940047860145569,0.4988921582698822,0.4994458854198456,0.3575119972229004,0.4952908456325531,0.5,0.4920678734779358,0.49676764011383057,0.4889196753501892,0.9997230768203735,0.7209857702255249,0.3247973322868347,0.6248675584793091,0.9872177839279175,0.8446804285049438,0.8424501419067383,0.8389153480529785,0.8528015613555908,0.8368390798568726,0.8489850163459778,0.8439339399337769,0.498186320066452,0.4997234642505646,0.36420896649360657,0.493633508682251,0.487726092338562,0.4998149871826172,0.49898579716682434,0.9390262365341187,0.49786126613616943,0.49823322892189026,0.49117591977119446,0.4933035671710968,0.5794932842254639,0.49265390634536743,0.49405646324157715,0.5389228463172913,0.9552093744277954,2.1226727962493896
609,0.29613396525382996,0.3272626996040344,0.49418818950653076,0.4976041316986084,0.4990771412849426,0.5,0.4883057177066803,0.3683628439903259,0.49187591671943665,0.4982469081878662,0.49907732009887695,0.3611571788787842,0.4940003752708435,0.5,0.49152231216430664,0.49455317854881287,0.48707056045532227,0.9998155832290649,0.6495734453201294,0.3272626996040344,0.6088547706604004,0.9850018620491028,0.8485512733459473,0.8500661849975586,0.8467757701873779,0.856109619140625,0.8436311483383179,0.8494459390640259,0.8496949672698975,0.49933549761772156,0.4992610514163971,0.3684941530227661,0.49242982268333435,0.4857063889503479,0.5,0.49907732009887695,0.9790380001068115,0.49749118089675903,0.49814125895500183,0.4918063282966614,0.49255120754241943,0.5512391924858093,0.4917500913143158,0.49357423186302185,0.5688275694847107,0.9576218128204346,2.0324976444244385
610,0.2960730493068695,0.324092835187912,0.4927094876766205,0.49889278411865234,0.49963098764419556,0.5,0.49041828513145447,0.3669682443141937,0.49271485209465027,0.49870872497558594,0.49963119626045227,0.35960865020751953,0.49436020851135254,0.5,0.49178361892700195,0.4960317313671112,0.4885587692260742,0.9997233152389526,0.8291665315628052,0.324092835187912,0.6267168521881104,0.9857115745544434,0.8492981791496277,0.845854640007019,0.843039870262146,0.8513513803482056,0.8422653079032898,0.8506938219070435,0.8458760976791382,0.4996197819709778,0.49972325563430786,0.3654024004936218,0.49334195256233215,0.486810564994812,0.4997217655181885,0.4993544816970825,0.9744254350662231,0.4970299005508423,0.4979584217071533,0.5194466710090637,0.49257057905197144,0.5391554832458496,0.4924609065055847,0.4938547611236572,0.6199851036071777,0.9552339315414429,2.067819833755493

611,0.296011745929718,0.3265155851840973,0.4935472011566162,0.4978770613670349,0.4989854395389557,0.5,0.4904094338417053,0.36651918292045593,0.49335670471191406,0.4979674816131592,0.4987996220588684,0.35756513476371765,0.49399814009666443,0.5,0.491414338350296,0.4964068531990051,0.48752540349960327,0.999538242816925,0.730462908744812,0.3265155851840973,0.5741604566574097,0.9866604804992676,0.8456790447235107,0.8450958132743835,0.8431856632232666,0.8542063236236572,0.8408961296081543,0.8484618663787842,0.8469349145889282,0.49866053462028503,0.49944648146629333,0.36654308438301086,0.4923431873321533,0.48790842294692993,0.5550921559333801,0.49870944023132324,0.9222609996795654,0.49767830967903137,0.49814367294311523,0.5134232044219971,0.4940509498119354,0.5609394907951355,0.490875244140625,0.49470457434654236,0.5655311942100525,0.9533828496932983,2.2545182704925537
612,0.29595714807510376,0.3232583999633789,0.4921456277370453,0.4979693591594696,0.4992615878582001,0.5,0.4901346266269684,0.36748433113098145,0.4921630024909973,0.4976903200149536,0.49944576621055603,0.3609521985054016,0.4928940534591675,0.5,0.49299538135528564,0.4955703318119049,0.4877283573150635,0.9991697072982788,0.8147275447845459,0.3232583999633789,0.571153998374939,0.9858129620552063,0.8465930819511414,0.8462924361228943,0.846583366394043,0.8540083169937134,0.8458040952682495,0.84947669506073,0.8470106720924377,0.49886125326156616,0.4994460940361023,0.3678756356239319,0.4921601116657257,0.48680081963539124,0.49962955713272095,0.4988003075122833,0.9541521072387695,0.49767181277275085,0.49832433462142944,0.5556507110595703,0.492093026638031,0.5873326063156128,0.4908163249492645,0.493422269821167,0.5839922428131104,0.9560229778289795,2.0424036979675293
613,0.2959073483943939,0.3225865960121155,0.4889258146286011,0.49824658036231995,0.49944639205932617,0.5,0.4881940484046936,0.3677365779876709,0.4925304353237152,0.49870896339416504,0.4993542432785034,0.3578549027442932,0.49426987767219543,0.5,0.49077320098876953,0.4964008927345276,0.4860803782939911,0.999538779258728,0.8194444179534912,0.3225865960121155,0.6103271245956421,0.9092668294906616,0.8468571305274963,0.8440952301025391,0.8424462080001831,0.8536215424537659,0.8413708209991455,0.8500953912734985,0.8472143411636353,0.4998103976249695,0.4989848732948303,0.36638888716697693,0.4940970242023468,0.4864240884780884,0.49962934851646423,0.4982488453388214,0.9487248659133911,0.49674901366233826,0.4974953532218933,0.5725029706954956,0.49264293909072876,0.4944066107273102,0.491460919380188,0.4938661754131317,0.6425215005874634,0.9528418779373169,2.1732590198516846
614,0.2958495616912842,0.32885289192199707,0.48947563767433167,0.49769288301467896,0.499538391828537,0.5,0.48950082063674927,0.37285634875297546,0.4920708239078522,0.49870920181274414,0.49963098764419556,0.36360281705856323,0.4929824471473694,0.5,0.4919874668121338,0.4952029585838318,0.4877283573150635,0.9993550777435303,0.7243165969848633,0.32885289192199707,0.5910196304321289,0.9859629273414612,0.8515087962150574,0.8522101640701294,0.8527124524116516,0.8584526777267456,0.8471957445144653,0.8565581440925598,0.8533042073249817,0.49933308362960815,0.49972304701805115,0.3723128139972687,0.4926131069660187,0.48606497049331665,0.5518051385879517,0.49898597598075867,0.8695579767227173,0.4977636933326721,0.4985121786594391,0.5409073829650879,0.4934137165546417,0.4852449893951416,0.49199554324150085,0.4945034384727478,0.5461652874946594,0.9541906118392944,1.9964826107025146
615,0.29580312967300415,0.3244612216949463,0.48921459913253784,0.49787667393684387,0.49963125586509705,0.5,0.4884622395038605,0.37043526768684387,0.4917760193347931,0.49889400601387024,0.49972325563430786,0.3604651093482971,0.49390357732772827,0.5,0.4915865361690521,0.4959394633769989,0.48763152956962585,0.9995381832122803,0.808547854423523,0.3244612216949463,0.6338151693344116,0.9871148467063904,0.847486674785614,0.8497433662414551,0.8448769450187683,0.8539443612098694,0.8431129455566406,0.8529243469238281,0.8518483638763428,0.4990483522415161,0.4991702139377594,0.36951693892478943,0.49400368332862854,0.48690760135650635,0.49990755319595337,0.4986187815666199,0.942812442779541,0.49795424938201904,0.4983271360397339,0.5782058238983154,0.49415692687034607,0.5236278176307678,0.4919145107269287,0.4951672852039337,0.5708522796630859,0.95244300365448,2.0408272743225098
616,0.29575687646865845,0.32397347688674927,0.4935567080974579,0.4983391761779785,0.4996309280395508,0.5,0.4875484108924866,0.36691245436668396,0.4917127192020416,0.4988950192928314,0.4995381534099579,0.3578811287879944,0.4936287999153137,0.5,0.4890120029449463,0.49566659331321716,0.4861419200897217,0.9995394945144653,0.7134864330291748,0.32397347688674927,0.6439110040664673,0.9863346815109253,0.8453059792518616,0.8472195863723755,0.8420902490615845,0.8528850078582764,0.8411285877227783,0.850152313709259,0.8494572639465332,0.49895358085632324,0.49953916668891907,0.3674074113368988,0.4930862784385681,0.48718658089637756,0.5647220015525818,0.499630868434906,0.8455145359039307,0.49675142765045166,0.49712270498275757,0.5046379566192627,0.4937790036201477,0.5287388563156128,0.48931029438972473,0.49450957775115967,0.5478944182395935,0.9568198919296265,2.1070547103881836
617,0.29571533203125,0.3183158338069916,0.49631267786026,0.49833980202674866,0.49963077902793884,0.5,0.48873499035835266,0.36928045749664307,0.49335792660713196,0.49907833337783813,0.4996309280395508,0.3605680465698242,0.4942772686481476,0.5,0.49160051345825195,0.49594545364379883,0.4881962239742279,0.9994462728500366,0.7877053022384644,0.3183158338069916,0.5830190777778625,0.9839282035827637,0.8504184484481812,0.8481600880622864,0.8456778526306152,0.8532092571258545,0.8432793021202087,0.8507023453712463,0.8451950550079346,0.5,0.4994460940361023,0.36738285422325134,0.49400702118873596,0.4856984615325928,0.6625000238418579,0.4991702139377594,0.8388532400131226,0.4971221685409546,0.4979557693004608,0.5003523826599121,0.4934186041355133,0.5593787431716919,0.48995721340179443,0.49386388063430786,0.6073249578475952,0.9569710493087769,2.0038020610809326
618,0.29569223523139954,0.32155346870422363,0.4939103126525879,0.4977847635746002,0.4994470179080963,0.49990782141685486,0.4862470030784607,0.36748987436294556,0.4917820990085602,0.4991706609725952,0.4996304512023926,0.3573141396045685,0.49363937973976135,0.5,0.490964412689209,0.49483394622802734,0.4873546361923218,0.9994463920593262,0.8130567073822021,0.32155346870422363,0.5935242772102356,0.9854369163513184,0.8460438251495361,0.8458532094955444,0.8425047397613525,0.853628396987915,0.8401063680648804,0.850408673286438,0.8462635278701782,0.49942746758461,0.49944669008255005,0.3651175796985626,0.4937211573123932,0.4849630892276764,0.5339056253433228,0.4991702139377594,0.9221673011779785,0.49684426188468933,0.49712055921554565,0.49050986766815186,0.49275362491607666,0.5735251307487488,0.49157875776290894,0.493777871131897,0.5586867332458496,0.9501463174819946,2.057359457015991
619,0.29565563797950745,0.32334500551223755,0.49446800351142883,0.4981556534767151,0.49907663464546204,0.5,0.4881853461265564,0.37033960223197937,0.4917866289615631,0.49880272150039673,0.4989863634109497,0.36387965083122253,0.49363937973976135,0.5,0.49261993169784546,0.495941698551178,0.488825261592865,0.9995391368865967,0.6000412106513977,0.32334500551223755,0.58199143409729,0.9852968454360962,0.8502190113067627,0.8500095009803772,0.8478550910949707,0.855117917060852,0.8468263149261475,0.8504459857940674,0.850827157497406,0.4995259642601013,0.4990781843662262,0.3687187135219574,0.4928070902824402,0.48597007989883423,0.5266568660736084,0.4986180067062378,0.9756981730461121,0.49786800146102905,0.4987003207206726,0.49294596910476685,0.4935801923274994,0.5821256637573242,0.4927522838115692,0.49442481994628906,0.5818985104560852,0.9506492018699646,2.05753493309021
620,0.2955746650695801,0.3241950273513794,0.4913156032562256,0.49723348021507263,0.4994460940361023,0.5,0.4861495792865753,0.3708072304725647,0.49123939871788025,0.4991702139377594,0.4993537664413452,0.362463116645813,0.4939136803150177,0.5,0.4921615719795227,0.4952908456325531,0.48652639985084534,0.9995390772819519,0.7525818943977356,0.3241950273513794,0.6122130751609802,0.9871746897697449,0.8501137495040894,0.8484790325164795,0.8475540280342102,0.8534680008888245,0.846423864364624,0.8553357124328613,0.8505321145057678,0.49971532821655273,0.499815434217453,0.3700481355190277,0.4930862784385681,0.4871889352798462,0.5553705096244812,0.49935388565063477,0.9317768812179565,0.4979591965675354,0.4982365071773529,0.4922790825366974,0.4932935833930969,0.5553415417671204,0.49201783537864685,0.49470555782318115,0.5586566925048828,0.9589325189590454,2.0250844955444336

621,0.29553598165512085,0.3256348967552185,0.49160826206207275,0.4976949989795685,0.4995393455028534,0.5,0.4870896339416504,0.367250919342041,0.49262943863868713,0.4984305799007416,0.49935340881347656,0.3607221841812134,0.49223804473876953,0.5,0.49335914850234985,0.49474459886550903,0.4878251254558563,0.99944669008255,0.6465045809745789,0.3256348967552185,0.6073236465454102,0.9861501455307007,0.845292329788208,0.8487730622291565,0.8475285172462463,0.8541626930236816,0.8427780866622925,0.8488283157348633,0.8517535924911499,0.49981024861335754,0.4993542432785034,0.3681919276714325,0.4911537170410156,0.48726701736450195,0.542275071144104,0.4989848732948303,0.9117929339408875,0.49776992201805115,0.49851468205451965,0.4992404282093048,0.4933990240097046,0.5754074454307556,0.4930349290370941,0.4945116341114044,0.5625966787338257,0.9527940154075623,2.043532133102417
622,0.29546529054641724,0.3246179223060608,0.4898523986339569,0.4981580376625061,0.499446302652359,0.5,0.4873732626438141,0.3655903935432434,0.4923403561115265,0.49843260645866394,0.49935483932495117,0.35910430550575256,0.4939192831516266,0.5,0.4924326241016388,0.49493086338043213,0.488548219203949,1.0,0.69186931848526,0.3246179223060608,0.5999482274055481,0.9855221509933472,0.8445778489112854,0.8471644520759583,0.8412091135978699,0.8516546487808228,0.8414610624313354,0.8484128713607788,0.8453313112258911,0.49980923533439636,0.49981552362442017,0.3641505837440491,0.49307605624198914,0.48670604825019836,0.6361786723136902,0.49935412406921387,0.9458017349243164,0.49879270792007446,0.49916526675224304,0.49192050099372864,0.492373526096344,0.5776464343070984,0.49340760707855225,0.4936732351779938,0.6204427480697632,0.9561296105384827,2.0589561462402344
623,0.2954324781894684,0.3222242593765259,0.4906008243560791,0.4985239803791046,0.49907833337783813,0.5,0.4870777130126953,0.365608274936676,0.4928874969482422,0.4985261559486389,0.49907851219177246,0.35793358087539673,0.4946494400501251,0.5,0.49105000495910645,0.4966795742511749,0.48773741722106934,0.999261736869812,0.7694711685180664,0.3222242593765259,0.6148087382316589,0.9853408336639404,0.8453667163848877,0.8439520597457886,0.8427404165267944,0.851000964641571,0.8395508527755737,0.8477847576141357,0.8439871072769165,0.49952614307403564,0.49926143884658813,0.3621200919151306,0.49308374524116516,0.48597007989883423,0.6133583784103394,0.49806272983551025,0.9822661876678467,0.49730733036994934,0.4981388449668884,0.4918964207172394,0.49330854415893555,0.5228992700576782,0.4925678074359894,0.49394673109054565,0.560647189617157,0.9546728134155273,2.0528981685638428
624,0.295396089553833,0.32175755500793457,0.49178510904312134,0.4983394742012024,0.4991706609725952,0.5,0.48763152956962585,0.3625277280807495,0.49132680892944336,0.49880117177963257,0.4995383322238922,0.35641828179359436,0.4941946268081665,0.5,0.4926240146160126,0.4953925609588623,0.488847941160202,0.9996309280395508,0.8394113183021545,0.32175755500793457,0.5946574807167053,0.9885895848274231,0.8445266485214233,0.842889666557312,0.8417913317680359,0.8504387736320496,0.8383530378341675,0.8483754396438599,0.8439939022064209,0.49961912631988525,0.49926266074180603,0.3627687096595764,0.49187591671943665,0.48838281631469727,0.5115352272987366,0.4984329044818878,0.981360673904419,0.4974011480808258,0.49804869294166565,0.4985291361808777,0.4940498471260071,0.5658627152442932,0.4930426776409149,0.4949758052825928,0.5681775808334351,0.9535492658615112,2.124290943145752
625,0.29532548785209656,0.328395277261734,0.49317216873168945,0.49880096316337585,0.49963071942329407,0.5,0.4906878173351288,0.37043190002441406,0.4935317039489746,0.4990752637386322,0.49972325563430786,0.36534562706947327,0.49538829922676086,0.5,0.4929928183555603,0.49649056792259216,0.49170202016830444,0.9997233152389526,0.8445020318031311,0.328395277261734,0.591681957244873,0.9854651093482971,0.8506097793579102,0.8494664430618286,0.8480075597763062,0.8534777760505676,0.8454580307006836,0.8529802560806274,0.8493046164512634,0.4999051094055176,0.49944567680358887,0.3676116466522217,0.4946524202823639,0.4857933521270752,0.5759942531585693,0.4990771412849426,0.9155154824256897,0.49814125895500183,0.4986991286277771,0.5700810551643372,0.4925650656223297,0.5463561415672302,0.49134883284568787,0.49424004554748535,0.5369865894317627,0.956089437007904,2.0758659839630127
626,0.2952612340450287,0.3286687433719635,0.49086883664131165,0.49870848655700684,0.4996310770511627,0.5,0.4888335168361664,0.37019941210746765,0.4913284182548523,0.4987991750240326,0.49972325563430786,0.36527112126350403,0.49520382285118103,0.5,0.4924395978450775,0.49566179513931274,0.4890120029449463,1.0,0.8470370769500732,0.3286687433719635,0.5979458093643188,0.9865319728851318,0.851118803024292,0.8494664430618286,0.8490548133850098,0.8584870100021362,0.8486430048942566,0.8559193015098572,0.8506826162338257,0.4992389678955078,0.49981561303138733,0.3691536784172058,0.4940991997718811,0.48829707503318787,0.6708675622940063,0.49953916668891907,0.964539647102356,0.49804797768592834,0.4986049234867096,0.5065397024154663,0.492940753698349,0.5571986436843872,0.4910597801208496,0.49386274814605713,0.572830080986023,0.9542551636695862,2.0055577754974365
627,0.2952331006526947,0.3237297534942627,0.4904963970184326,0.497970849275589,0.49963098764419556,0.5,0.48690277338027954,0.36344343423843384,0.490952730178833,0.4978798031806946,0.49935412406921387,0.35625922679901123,0.4944649338722229,0.5,0.4905903935432434,0.49556949734687805,0.48791736364364624,0.9997235536575317,0.7453091740608215,0.3237297534942627,0.610040545463562,0.9841849207878113,0.8441706299781799,0.8473224639892578,0.8415191173553467,0.8502001166343689,0.838841438293457,0.8470419645309448,0.8469929695129395,0.4998105764389038,0.49953916668891907,0.36340922117233276,0.4939170479774475,0.487442284822464,0.5567255020141602,0.498985230922699,0.9124956727027893,0.49795347452163696,0.4982338845729828,0.49127042293548584,0.4942432641983032,0.5810601711273193,0.492188960313797,0.4946076571941376,0.6226136684417725,0.9543017148971558,2.008145332336426
628,0.29518425464630127,0.32648739218711853,0.48745155334472656,0.49713969230651855,0.4989844858646393,0.5,0.4850415587425232,0.366562157869339,0.48732420802116394,0.49806272983551025,0.49907663464546204,0.35759085416793823,0.49353766441345215,0.5,0.4923474192619324,0.4938226044178009,0.4863493740558624,0.9998154640197754,0.7856625914573669,0.32648739218711853,0.6261048913002014,0.9842144250869751,0.8471879959106445,0.8486055731773376,0.8460736274719238,0.8509807586669922,0.8406530618667603,0.8514465093612671,0.8469774723052979,0.49942976236343384,0.49972349405288696,0.36674702167510986,0.4927991032600403,0.48497140407562256,0.6170212626457214,0.49889156222343445,0.8786928653717041,0.4980490505695343,0.498516321182251,0.49276304244995117,0.49163880944252014,0.5372010469436646,0.4922948479652405,0.4926333427429199,0.5735139846801758,0.9542129635810852,2.132181167602539
629,0.29511427879333496,0.3218824863433838,0.4892890155315399,0.49713653326034546,0.4984276592731476,0.5,0.48534291982650757,0.364760160446167,0.4889237582683563,0.49750739336013794,0.49879875779151917,0.3557053208351135,0.49325820803642273,0.5,0.49188342690467834,0.4947417080402374,0.48689794540405273,0.9996311664581299,0.7535858154296875,0.3218824863433838,0.6012044548988342,0.9843020439147949,0.844670295715332,0.843019962310791,0.8404437303543091,0.851300060749054,0.8389798402786255,0.8473484516143799,0.8447518944740295,0.49971461296081543,0.4997236132621765,0.363569051027298,0.49217021465301514,0.4860598146915436,0.6108335256576538,0.49870944023132324,0.9352709054946899,0.4969336688518524,0.49776703119277954,0.4909951686859131,0.4925553798675537,0.5566889047622681,0.49127528071403503,0.49330979585647583,0.6110565662384033,0.9571026563644409,2.071120262145996
630,0.2950586974620819,0.3224884867668152,0.4910483658313751,0.4979686141014099,0.4992617070674896,0.5,0.4893833100795746,0.36196714639663696,0.4919830560684204,0.4988935887813568,0.4994460940361023,0.3550323247909546,0.4944649338722229,0.5,0.49308499693870544,0.496587336063385,0.4897620379924774,0.9996306896209717,0.7996599674224854,0.3224884867668152,0.582943320274353,0.9858798980712891,0.8407231569290161,0.8421453237533569,0.841875433921814,0.8475991487503052,0.8378018736839294,0.845024824142456,0.8428328037261963,0.49942922592163086,0.4993540048599243,0.36274510622024536,0.493633508682251,0.48763608932495117,0.6192871332168579,0.4988000690937042,0.9820594191551208,0.4980490505695343,0.4985138475894928,0.4921164810657501,0.4943392872810364,0.5139951109886169,0.49283987283706665,0.4949832856655121,0.5636540651321411,0.9524616003036499,2.079394578933716

631,0.29501089453697205,0.3205530047416687,0.4869998097419739,0.4960390627384186,0.4988946318626404,0.5,0.48531585931777954,0.36314913630485535,0.4892929792404175,0.49732473492622375,0.4987991750240326,0.35735374689102173,0.4910533130168915,0.5,0.4935472011566162,0.4940125346183777,0.4872764050960541,0.999630868434906,0.786340594291687,0.3205530047416687,0.5810062885284424,0.9849652051925659,0.842560887336731,0.8479626774787903,0.8464394807815552,0.8524279594421387,0.8397679328918457,0.8467541933059692,0.847394585609436,0.4996212124824524,0.49926212430000305,0.3661358952522278,0.4903208017349243,0.4858064651489258,0.6313012838363647,0.4985242486000061,0.8777985572814941,0.49786680936813354,0.4987020194530487,0.508247971534729,0.49273744225502014,0.5276462435722351,0.49229341745376587,0.4948003590106964,0.6354279518127441,0.9564899206161499,2.126136064529419
632,0.2949593961238861,0.32247376441955566,0.48856300115585327,0.4967682361602783,0.49916988611221313,0.5,0.4857933521270752,0.3664819896221161,0.4913395941257477,0.49870800971984863,0.4991692900657654,0.36055299639701843,0.49290192127227783,0.5,0.4919711947441101,0.49521002173423767,0.48734527826309204,0.9998157024383545,0.7395021915435791,0.32247376441955566,0.5794776082038879,0.9846585988998413,0.8477765321731567,0.8497433662414551,0.8462786674499512,0.8543329238891602,0.8424657583236694,0.852796196937561,0.8487130403518677,0.49980980157852173,0.4991702139377594,0.36632654070854187,0.4925290644168854,0.4863569438457489,0.6116044521331787,0.4979659616947174,0.8712069392204285,0.49767225980758667,0.4986993670463562,0.5489209294319153,0.4919069707393646,0.5647866129875183,0.4915395975112915,0.4934944212436676,0.5859880447387695,0.9544101357460022,2.0265448093414307
633,0.29492437839508057,0.3170103132724762,0.49041298031806946,0.4977867901325226,0.4995380640029907,0.5,0.48654377460479736,0.3583149015903473,0.49133002758026123,0.49833980202674866,0.49926212430000305,0.3520088493824005,0.49465733766555786,0.5,0.4926144778728485,0.4959409534931183,0.48811498284339905,0.9997230768203735,0.8360776901245117,0.3170103132724762,0.5802471041679382,0.9856128692626953,0.8392688035964966,0.8419551253318787,0.837891697883606,0.846635103225708,0.8330150842666626,0.8427894115447998,0.8415653705596924,0.4998100996017456,0.49926239252090454,0.35837188363075256,0.4938305616378784,0.48653385043144226,0.666204035282135,0.4983406960964203,0.9719277620315552,0.49804869294166565,0.4985121786594391,0.5012914538383484,0.49256229400634766,0.5159581899642944,0.4913504421710968,0.4937639534473419,0.615526556968689,0.9549517631530762,2.0309038162231445
634,0.2948542833328247,0.32190266251564026,0.4914174973964691,0.4968652129173279,0.49880051612854004,0.5,0.4886510372161865,0.36533135175704956,0.4924326241016388,0.4976023733615875,0.4988016188144684,0.3605937659740448,0.4925262928009033,0.4999077022075653,0.4922466278076172,0.4950193762779236,0.48947563767433167,0.9995390176773071,0.8428888320922852,0.32190266251564026,0.594546377658844,0.9844568967819214,0.8462271690368652,0.8471561670303345,0.8457739353179932,0.8503045439720154,0.844017505645752,0.8487218618392944,0.8466298580169678,0.4996210038661957,0.49935436248779297,0.3628343343734741,0.4910632073879242,0.4866088032722473,0.5830557346343994,0.49861446022987366,0.9348862171173096,0.497683048248291,0.4984215497970581,0.49211063981056213,0.49228912591934204,0.5382482409477234,0.4900372326374054,0.4934161603450775,0.65879225730896,0.9580209851264954,2.0710513591766357
635,0.2947973608970642,0.32121825218200684,0.4871605336666107,0.4977859854698181,0.49953892827033997,0.4999076724052429,0.4846835136413574,0.36750876903533936,0.48976391553878784,0.4986175000667572,0.4995385706424713,0.3578675389289856,0.4945591986179352,0.5,0.4900313913822174,0.4951142966747284,0.4853266775608063,0.999445915222168,0.8448115587234497,0.32121825218200684,0.5783608555793762,0.9857223033905029,0.8486028909683228,0.8472380638122559,0.8444571495056152,0.8568177223205566,0.8413316011428833,0.8529243469238281,0.8513127565383911,0.4994284510612488,0.4993542432785034,0.3666049838066101,0.49419355392456055,0.4870944023132324,0.49990740418434143,0.4983403980731964,0.947076141834259,0.49721604585647583,0.4975813925266266,0.48959881067276,0.49322065711021423,0.5366368889808655,0.4902234673500061,0.4945986270904541,0.6537335515022278,0.9564735889434814,2.0803475379943848
636,0.29471343755722046,0.3158961236476898,0.4885587692260742,0.49750691652297974,0.4997234642505646,0.5,0.4868226945400238,0.36603355407714844,0.49168360233306885,0.4983391761779785,0.4998154938220978,0.35930296778678894,0.49271082878112793,0.5,0.4905886650085449,0.49510979652404785,0.48753461241722107,0.9996309280395508,0.822115421295166,0.3158961236476898,0.6092350482940674,0.9831554889678955,0.8457294702529907,0.8455477356910706,0.8438212871551514,0.8512592315673828,0.8433998227119446,0.8473724126815796,0.8446305990219116,0.4996210038661957,0.49926266074180603,0.36362794041633606,0.4918714165687561,0.4838501214981079,0.5587310791015625,0.4988016188144684,0.964346706867218,0.4973972737789154,0.4975786805152893,0.49053627252578735,0.49134722352027893,0.5586905479431152,0.48920929431915283,0.4931162893772125,0.5297447443008423,0.9617903828620911,2.1262030601501465
637,0.2946411371231079,0.3271923363208771,0.4886573255062103,0.49658483266830444,0.49870848655700684,0.5,0.4872764050960541,0.36631014943122864,0.4908604025840759,0.497970849275589,0.4990769922733307,0.3593173325061798,0.49260765314102173,0.5,0.49132040143013,0.495198518037796,0.48661375045776367,0.9994471073150635,0.8436864614486694,0.3271923363208771,0.6326571702957153,0.9860617518424988,0.8462780117988586,0.8471137285232544,0.8458532094955444,0.8525336980819702,0.842751145362854,0.8495787382125854,0.85050368309021,0.49952399730682373,0.49935460090637207,0.36564815044403076,0.49159741401672363,0.48780712485313416,0.5,0.49880096316337585,0.9546884298324585,0.49785926938056946,0.49786046147346497,0.49042752385139465,0.49340638518333435,0.5490279197692871,0.4908955693244934,0.49424004554748535,0.598988950252533,0.9582965970039368,2.077254056930542
638,0.2945631444454193,0.31829896569252014,0.4888294041156769,0.4972350299358368,0.49953797459602356,0.49990761280059814,0.487442284822464,0.3648948073387146,0.49003320932388306,0.4981570243835449,0.4995386600494385,0.35819655656814575,0.49261993169784546,0.5,0.4911341071128845,0.49464648962020874,0.4870872497558594,0.9997230768203735,0.8264427185058594,0.31829896569252014,0.6162313222885132,0.9859656095504761,0.8451478481292725,0.845515251159668,0.8443387150764465,0.8523374795913696,0.842380940914154,0.8498387336730957,0.844913125038147,0.49942857027053833,0.49963098764419556,0.3645871877670288,0.49160516262054443,0.48689553141593933,0.5,0.4988935887813568,0.9530839323997498,0.49795767664909363,0.49832308292388916,0.49774864315986633,0.49322065711021423,0.5909410715103149,0.49099016189575195,0.4945279061794281,0.5765758752822876,0.9573715925216675,2.0349068641662598
639,0.2945545017719269,0.3197385370731354,0.48966217041015625,0.49760323762893677,0.49907782673835754,0.5,0.4869806170463562,0.362539142370224,0.49069467186927795,0.4985245168209076,0.49898505210876465,0.35566630959510803,0.49289536476135254,0.5,0.4918819069862366,0.49446901679039,0.48856931924819946,0.999353289604187,0.7533289790153503,0.3197385370731354,0.6034466624259949,0.985137403011322,0.8425166606903076,0.8436367511749268,0.8430906534194946,0.84874427318573,0.8392925262451172,0.8471113443374634,0.8441891670227051,0.4995271563529968,0.4988937973976135,0.36190301179885864,0.49234458804130554,0.48660385608673096,0.4998147785663605,0.4974174499511719,0.8813432455062866,0.4979553818702698,0.4980461597442627,0.542898416519165,0.4933135211467743,0.5879428386688232,0.4916248023509979,0.4941493272781372,0.609362781047821,0.9528892040252686,2.03151273727417
640,0.2945077121257782,0.3239138424396515,0.4881018400192261,0.4981546401977539,0.4991705119609833,0.5,0.4859778583049774,0.366211473941803,0.4910433888435364,0.49852344393730164,0.4995385706424713,0.35657554864883423,0.4947417080402374,0.5,0.4911455512046814,0.4956634044647217,0.48791736364364624,0.9995386600494385,0.6757749915122986,0.3239138424396515,0.6253248453140259,0.9859089255332947,0.8446739912033081,0.8431913256645203,0.8418916463851929,0.8519436120986938,0.8408616781234741,0.8477680683135986,0.847024142742157,0.4997159540653229,0.49944689869880676,0.3649398684501648,0.4933628439903259,0.48652639985084534,0.5,0.49889257550239563,0.9784031510353088,0.4978616535663605,0.49814125895500183,0.5850352048873901,0.4938604533672333,0.5244324207305908,0.49006131291389465,0.4940454065799713,0.6644508242607117,0.9564580917358398,2.078397274017334

641,0.294437974691391,0.32433179020881653,0.4893028438091278,0.4976941645145416,0.4993540048599243,0.5,0.4880228340625763,0.3643989562988281,0.49095940589904785,0.49806344509124756,0.4996309280395508,0.356220006942749,0.4929902255535126,0.5,0.4918804168701172,0.49446597695350647,0.4889196753501892,0.9997233152389526,0.8062403202056885,0.32433179020881653,0.598785400390625,0.9857757687568665,0.8426226377487183,0.8466286659240723,0.846015214920044,0.8511428833007812,0.8436077833175659,0.8477264046669006,0.848178505897522,0.49990496039390564,0.4994466006755829,0.3666296601295471,0.4923431873321533,0.48690035939216614,0.5924997329711914,0.49815633893013,0.971197247505188,0.49795347452163696,0.4985154867172241,0.5699463486671448,0.4937836229801178,0.5683106780052185,0.49286243319511414,0.49535316228866577,0.6894699931144714,0.9568547010421753,2.096303701400757
642,0.2943768799304962,0.31762105226516724,0.4875507056713104,0.49769797921180725,0.49917036294937134,0.5,0.486164927482605,0.3654981553554535,0.49049991369247437,0.4982413947582245,0.4990781843662262,0.3559306263923645,0.49408939480781555,0.5,0.48956987261772156,0.49511340260505676,0.48625966906547546,0.9995380640029907,0.8412624597549438,0.31762105226516724,0.6134040355682373,0.9873666763305664,0.8450704216957092,0.8429626822471619,0.8403643369674683,0.8516068458557129,0.8385039567947388,0.850483238697052,0.84449303150177,0.49952587485313416,0.49916988611221313,0.3649425208568573,0.4931809902191162,0.4873639643192291,0.582963228225708,0.498247891664505,0.9717117547988892,0.49712109565734863,0.4975818395614624,0.5730451345443726,0.494047611951828,0.5855318307876587,0.4914354979991913,0.49433085322380066,0.5921580791473389,0.9572790861129761,2.1382973194122314
643,0.2942982316017151,0.3255942463874817,0.4885566532611847,0.4977859854698181,0.49926212430000305,0.5,0.48644161224365234,0.37033960223197937,0.49058693647384644,0.4965822994709015,0.49907663464546204,0.3625299632549286,0.4927991032600403,0.5,0.49021416902542114,0.49455517530441284,0.4873755872249603,0.9996311664581299,0.8474639058113098,0.3255942463874817,0.5844070911407471,0.9855912923812866,0.8502198457717896,0.8522120714187622,0.8500379323959351,0.8585771322250366,0.8463878631591797,0.8543449640274048,0.8533167839050293,0.49962013959884644,0.4996311366558075,0.37125417590141296,0.4922480583190918,0.4870022237300873,0.6873148083686829,0.4989844858646393,0.9573015570640564,0.49693024158477783,0.4973953366279602,0.5540364980697632,0.4942432641983032,0.5055067539215088,0.4915395975112915,0.4948884844779968,0.6418137550354004,0.9578565955162048,2.000089406967163
644,0.29424771666526794,0.3203686773777008,0.4899483621120453,0.4977859854698181,0.499353289604187,0.5,0.48836779594421387,0.36538106203079224,0.4917941987514496,0.4979715943336487,0.49972328543663025,0.35885608196258545,0.49400702118873596,0.5,0.49160826206207275,0.4955793023109436,0.4893048107624054,0.9997231364250183,0.8429416418075562,0.3203686773777008,0.6184802055358887,0.9857115745544434,0.8450597524642944,0.8458753824234009,0.845877468585968,0.848735511302948,0.841008186340332,0.8472380638122559,0.8450838327407837,0.49981027841567993,0.4994458854198456,0.3649898171424866,0.4929811656475067,0.4866112768650055,0.5831476449966431,0.4988937973976135,0.91175377368927,0.4974888265132904,0.49786126613616943,0.5313973426818848,0.4921773076057434,0.606340229511261,0.4914275109767914,0.4933830499649048,0.6032413244247437,0.9541062712669373,2.0312530994415283
645,0.2941666841506958,0.32075124979019165,0.4881918728351593,0.49713969230651855,0.498985230922699,0.5,0.48644161224365234,0.36655592918395996,0.49039703607559204,0.4976023733615875,0.49907562136650085,0.36029139161109924,0.49280309677124023,0.5,0.49187442660331726,0.4946543872356415,0.4880930483341217,0.9995384216308594,0.8437846899032593,0.32075124979019165,0.640458345413208,0.9847748875617981,0.8461978435516357,0.8497433662414551,0.8486055731773376,0.8542421460151672,0.844863772392273,0.8509770631790161,0.8500190377235413,0.49943116307258606,0.49935364723205566,0.36813798546791077,0.4916113615036011,0.4866013526916504,0.6705464720726013,0.4984329044818878,0.9243316650390625,0.49776992201805115,0.4982338845729828,0.49266481399536133,0.49274149537086487,0.6059993505477905,0.4922776222229004,0.49405205249786377,0.5870984196662903,0.9565626382827759,2.0417041778564453
646,0.2941046953201294,0.3215469717979431,0.48948144912719727,0.49769458174705505,0.49963071942329407,0.5,0.48728111386299133,0.3663530647754669,0.49032437801361084,0.4983394742012024,0.4994466006755829,0.3588300347328186,0.4943747818470001,0.5,0.4918714165687561,0.4951976239681244,0.48864686489105225,0.999722957611084,0.829560399055481,0.3215469717979431,0.6152322888374329,0.9846441745758057,0.8459335565567017,0.8504281640052795,0.8485855460166931,0.849610447883606,0.8438509702682495,0.8509038686752319,0.8472803235054016,0.499714732170105,0.4994455873966217,0.3642512857913971,0.49382489919662476,0.48522621393203735,0.6482784748077393,0.49944639205932617,0.9636610150337219,0.498046875,0.4986056983470917,0.49311500787734985,0.49228766560554504,0.5910128355026245,0.4923105537891388,0.493692010641098,0.5777446627616882,0.9563343524932861,2.123704671859741
647,0.2940215766429901,0.32299336791038513,0.4906025528907776,0.49667713046073914,0.4988022744655609,0.5,0.488552451133728,0.36739209294319153,0.4925207793712616,0.49778392910957336,0.49889257550239563,0.36205941438674927,0.4927135109901428,0.5,0.4916989505290985,0.4949205815792084,0.4893048107624054,0.9995385408401489,0.8447060585021973,0.32299336791038513,0.5933362245559692,0.9856929183006287,0.847801148891449,0.8486491441726685,0.8477765321731567,0.8529859185218811,0.8457305431365967,0.8508018255233765,0.8486142754554749,0.49952179193496704,0.49953916668891907,0.3664199709892273,0.4921586811542511,0.48634183406829834,0.5625,0.4989846646785736,0.9262991547584534,0.496463805437088,0.49758094549179077,0.5195156335830688,0.492094486951828,0.5895227789878845,0.4913536608219147,0.4937558174133301,0.66656094789505,0.9568303823471069,2.098198175430298
648,0.29394835233688354,0.31543561816215515,0.48984676599502563,0.49723145365715027,0.4990771412849426,0.5,0.4868178367614746,0.36075249314308167,0.49142858386039734,0.49778392910957336,0.4994460940361023,0.35393568873405457,0.49224233627319336,0.5,0.49076467752456665,0.49520206451416016,0.4880184233188629,0.9994469881057739,0.8386678695678711,0.31543561816215515,0.6120377779006958,0.9858023524284363,0.8427541851997375,0.8413708209991455,0.8384981155395508,0.8442654013633728,0.8386057615280151,0.8442794680595398,0.8411898612976074,0.49971407651901245,0.49907851219177246,0.3599962890148163,0.4921586811542511,0.4866986870765686,0.49981489777565,0.49870824813842773,0.9239426851272583,0.49749070405960083,0.4984203577041626,0.5109062194824219,0.4930349290370941,0.613436222076416,0.4919069707393646,0.49452081322669983,0.6398619413375854,0.9589593410491943,2.067770481109619
649,0.2938617169857025,0.3168262243270874,0.48743996024131775,0.4964015483856201,0.4989863634109497,0.5,0.48551928997039795,0.36375367641448975,0.48995205760002136,0.49741649627685547,0.49907851219177246,0.3555227816104889,0.49269601702690125,0.5,0.489760160446167,0.4946494400501251,0.4862470030784607,0.9996309876441956,0.6672617197036743,0.3168262243270874,0.5883746147155762,0.9848285913467407,0.8448734879493713,0.8463575839996338,0.8457748889923096,0.85146164894104,0.8402434587478638,0.8467035293579102,0.8473333120346069,0.4996200501918793,0.4996313452720642,0.3637036979198456,0.4918729364871979,0.48559555411338806,0.4998149573802948,0.4988919794559479,0.9815263748168945,0.497397780418396,0.49785688519477844,0.4909023344516754,0.49331849813461304,0.5798949599266052,0.4921758472919464,0.4942314922809601,0.6317952871322632,0.9565784931182861,2.1030168533325195
650,0.29381412267684937,0.31632277369499207,0.48791736364364624,0.49760279059410095,0.4998153746128082,0.5,0.48604437708854675,0.3697417080402374,0.4912426173686981,0.49806344509124756,0.4997231960296631,0.36051660776138306,0.4928901195526123,0.5,0.48891761898994446,0.4951007664203644,0.48652389645576477,0.9998153448104858,0.8379029035568237,0.31632277369499207,0.5700060129165649,0.9839282035827637,0.8493850231170654,0.8494879007339478,0.8471294641494751,0.8500474691390991,0.8445162773132324,0.852426290512085,0.8469077348709106,0.4993344843387604,0.49990782141685486,0.3650999367237091,0.49244657158851624,0.4823833107948303,0.49981504678726196,0.4983382523059845,0.9740429520606995,0.4970260262489319,0.49768391251564026,0.4913600981235504,0.4919384717941284,0.5767735838890076,0.4900723695755005,0.4933953583240509,0.6416478157043457,0.9575852751731873,2.0537121295928955

651,0.2937583029270172,0.31473296880722046,0.48883968591690063,0.49750739336013794,0.49963051080703735,0.5,0.48607268929481506,0.36399704217910767,0.49207666516304016,0.49824950098991394,0.4997231066226959,0.356444776058197,0.4919741749763489,0.5,0.48985427618026733,0.4941903352737427,0.4872623085975647,0.9997236132621765,0.8386111259460449,0.31473296880722046,0.6024428606033325,0.9846929311752319,0.8447458148002625,0.8431335687637329,0.8432098627090454,0.8492577075958252,0.8393265008926392,0.8473042249679565,0.8423405885696411,0.4997148811817169,0.49953898787498474,0.36421695351600647,0.4920708239078522,0.48663100600242615,0.5130653381347656,0.498153954744339,0.9089400768280029,0.4969342350959778,0.4974897801876068,0.49154117703437805,0.49340271949768066,0.5626742243766785,0.4893162250518799,0.4945167303085327,0.7022566795349121,0.9607843160629272,2.0129430294036865
652,0.2937023341655731,0.31752026081085205,0.49022141098976135,0.4970485270023346,0.49926212430000305,0.4999077618122101,0.48781388998031616,0.36470046639442444,0.4929928183555603,0.4982472360134125,0.49935436248779297,0.35852712392807007,0.4929863512516022,0.5,0.4925262928009033,0.494936466217041,0.4885503351688385,0.9996311664581299,0.8252650499343872,0.31752026081085205,0.636126697063446,0.9861189126968384,0.8432468175888062,0.8444550037384033,0.8442919850349426,0.850313663482666,0.8398481607437134,0.8476353883743286,0.844243586063385,0.49952444434165955,0.49944618344306946,0.3608170747756958,0.4925262928009033,0.48661619424819946,0.6394422054290771,0.49824756383895874,0.9596949815750122,0.49721449613571167,0.4982355237007141,0.5072946548461914,0.492188960313797,0.5476840138435364,0.49107807874679565,0.4936838150024414,0.585791826248169,0.9576642513275146,2.081615924835205
653,0.293656587600708,0.3236594796180725,0.48773062229156494,0.49677181243896484,0.49953925609588623,0.5,0.4841211140155792,0.37042853236198425,0.4921615719795227,0.4986182749271393,0.4997231364250183,0.36123916506767273,0.4925249218940735,0.5,0.4892026484012604,0.49483680725097656,0.4850608706474304,0.9998152256011963,0.8331466317176819,0.3236594796180725,0.6192768812179565,0.9850439429283142,0.8498572707176208,0.8515163064002991,0.8493424654006958,0.8535353541374207,0.8457952737808228,0.8546025156974792,0.8515491485595703,0.4990503191947937,0.49898505210876465,0.3668518662452698,0.49225807189941406,0.48485687375068665,0.5897216796875,0.49769628047943115,0.9400643706321716,0.4973128139972687,0.4981357157230377,0.54193115234375,0.492093026638031,0.5565034747123718,0.49017244577407837,0.49357542395591736,0.6150893568992615,0.9555100202560425,2.103743553161621
654,0.29358115792274475,0.31686902046203613,0.48903024196624756,0.49639689922332764,0.49907681345939636,0.5,0.48607009649276733,0.36063456535339355,0.4918893873691559,0.49779006838798523,0.499262273311615,0.352512001991272,0.49251800775527954,0.5,0.4906860888004303,0.49474072456359863,0.48708486557006836,0.9995388984680176,0.837157666683197,0.31686902046203613,0.5898827314376831,0.9856289625167847,0.8416048288345337,0.8427104949951172,0.8406624794006348,0.8449228405952454,0.8369813561439514,0.8442015647888184,0.8419753313064575,0.499238520860672,0.4992615878582001,0.36038118600845337,0.4916897416114807,0.4852398633956909,0.7066193222999573,0.4990769922733307,0.9745442867279053,0.4975908100605011,0.4975876808166504,0.4919084906578064,0.492000013589859,0.5242745876312256,0.49135687947273254,0.49311500787734985,0.6705415844917297,0.9580739736557007,2.058837413787842
655,0.29353782534599304,0.32022473216056824,0.48883968591690063,0.49631473422050476,0.49916914105415344,0.5,0.4868178367614746,0.3684210479259491,0.4916958808898926,0.4986175000667572,0.4995386600494385,0.36132127046585083,0.49242982268333435,0.5,0.4896392226219177,0.4945451319217682,0.486538827419281,0.9993530511856079,0.8434605598449707,0.32022473216056824,0.622854471206665,0.9846528172492981,0.8499525189399719,0.8505144715309143,0.8507903218269348,0.8519293069839478,0.8441966772079468,0.854411244392395,0.8471192121505737,0.4994296431541443,0.4996313452720642,0.36772045493125916,0.4919830560684204,0.48415037989616394,0.6174620985984802,0.4984317421913147,0.9350200891494751,0.49758094549179077,0.49813711643218994,0.4908803403377533,0.490508109331131,0.591498851776123,0.4908837080001831,0.4922236502170563,0.5560921430587769,0.9561983346939087,2.0168204307556152
656,0.2934729754924774,0.3176881968975067,0.4898654818534851,0.4978770613670349,0.49935436248779297,0.4999076724052429,0.4868202805519104,0.3627885580062866,0.4916989505290985,0.4986162483692169,0.4995388388633728,0.35615554451942444,0.4940081238746643,0.5,0.48985427618026733,0.49510708451271057,0.4871676564216614,0.9998154640197754,0.8050600290298462,0.3176881968975067,0.6025636196136475,0.9845004677772522,0.8433574438095093,0.8474624156951904,0.8435711860656738,0.8483028411865234,0.8406363129615784,0.8484184741973877,0.8460003733634949,0.49962055683135986,0.49963077902793884,0.36343449354171753,0.49391254782676697,0.4857933521270752,0.5830554366111755,0.498153954744339,0.9350796937942505,0.49786484241485596,0.498139888048172,0.5014991760253906,0.49164655804634094,0.5175444483757019,0.4907906949520111,0.49366262555122375,0.6241558790206909,0.9580144286155701,1.9594032764434814
657,0.2934304475784302,0.31779661774635315,0.4882798194885254,0.496587336063385,0.4993544816970825,0.5,0.48442110419273376,0.3639468252658844,0.49012550711631775,0.4984288215637207,0.49963071942329407,0.3546779751777649,0.49336162209510803,0.5,0.48929494619369507,0.4944700598716736,0.4844009578227997,0.9990766048431396,0.7970133423805237,0.31779661774635315,0.5889367461204529,0.9859550595283508,0.844207763671875,0.8457952737808228,0.8437916040420532,0.8483560085296631,0.8388233184814453,0.8479493856430054,0.8449355363845825,0.49943214654922485,0.49926212430000305,0.3644099235534668,0.4921615719795227,0.487463116645813,0.6387038230895996,0.49861598014831543,0.9658200144767761,0.4973008334636688,0.4977682828903198,0.6116520166397095,0.4935992658138275,0.524786651134491,0.49124929308891296,0.4946066439151764,0.6651801466941833,0.9527297019958496,2.0111143589019775
658,0.2933565080165863,0.31909409165382385,0.48799407482147217,0.4971407353878021,0.4994455873966217,0.5,0.48691725730895996,0.3623616099357605,0.49133479595184326,0.4986180067062378,0.49953848123550415,0.35506176948547363,0.4941892623901367,0.5,0.49030113220214844,0.4955686926841736,0.48709914088249207,0.9996311664581299,0.8119444251060486,0.31909409165382385,0.6068043112754822,0.9854178428649902,0.8425099849700928,0.8445186018943787,0.8440523743629456,0.8480783700942993,0.8390957117080688,0.8470767736434937,0.8442732095718384,0.4994293451309204,0.49944576621055603,0.3603036403656006,0.49336162209510803,0.486164927482605,0.6069580912590027,0.4982491731643677,0.9513723850250244,0.49814194440841675,0.49860647320747375,0.5336858034133911,0.4923706650733948,0.549430251121521,0.49155375361442566,0.4940630793571472,0.6457505226135254,0.9575831294059753,2.0024311542510986
659,0.29328298568725586,0.319244921207428,0.4875461161136627,0.4950147569179535,0.49861547350883484,0.5,0.4875667691230774,0.36169034242630005,0.4901273250579834,0.49741315841674805,0.4990781843662262,0.3560103178024292,0.4924326241016388,0.5,0.4912426173686981,0.49307480454444885,0.48717713356018066,0.9996310472488403,0.7851755619049072,0.319244921207428,0.6069961786270142,0.9843339920043945,0.8429006338119507,0.8451520800590515,0.8438806533813477,0.847892165184021,0.8400644659996033,0.8447849154472351,0.8469290733337402,0.49980995059013367,0.4997224807739258,0.36251622438430786,0.4915066361427307,0.485624760389328,0.562407374382019,0.498616486787796,0.9804964661598206,0.4974021017551422,0.4977703392505646,0.585136353969574,0.4924777150154114,0.5435285568237305,0.49106311798095703,0.49386730790138245,0.6736351251602173,0.9582715034484863,2.018181324005127
660,0.2932471036911011,0.31802281737327576,0.48578548431396484,0.49566981196403503,0.49843087792396545,0.5,0.4855059087276459,0.3637956380844116,0.48957565426826477,0.4970463216304779,0.4990771412849426,0.3558650016784668,0.49243682622909546,0.5,0.4891204237937927,0.4930811822414398,0.485228955745697,0.9995376467704773,0.8387993574142456,0.31802281737327576,0.5759252309799194,0.9848654270172119,0.8448013663291931,0.8451520800590515,0.8458696603775024,0.8483723402023315,0.8411507606506348,0.8473803997039795,0.8442840576171875,0.49943020939826965,0.4992613196372986,0.3614770770072937,0.49077320098876953,0.4856114983558655,0.5862069129943848,0.4986180067062378,0.9506641626358032,0.497397780418396,0.4982299208641052,0.5415555238723755,0.4926525354385376,0.531810998916626,0.49081119894981384,0.49376046657562256,0.6504836082458496,0.9546577334403992,2.0367274284362793

661,0.29319462180137634,0.3175874650478363,0.4880228340625763,0.49741458892822266,0.4994466006755829,0.5,0.4859675168991089,0.36247923970222473,0.4905034005641937,0.4982462525367737,0.4996311366558075,0.3551005423069,0.4942772686481476,0.5,0.49096107482910156,0.49511340260505676,0.4867158532142639,0.9993550777435303,0.8395038843154907,0.3175874650478363,0.6446239352226257,0.9857035875320435,0.8434889912605286,0.8447458148002625,0.8425241708755493,0.8474576473236084,0.8387433290481567,0.8488283157348633,0.8436843156814575,0.49933308362960815,0.49898505210876465,0.3601107895374298,0.49261584877967834,0.48625460267066956,0.6085102558135986,0.4983373284339905,0.9126814603805542,0.49795347452163696,0.4982355237007141,0.5342910289764404,0.4925636649131775,0.5661484003067017,0.49144503474235535,0.4940597712993622,0.6311466097831726,0.957659125328064,2.0910630226135254
662,0.2931373119354248,0.32507824897766113,0.48892784118652344,0.4966777265071869,0.49935293197631836,0.5,0.48679837584495544,0.3708755671977997,0.4913284182548523,0.4982472360134125,0.49953898787498474,0.3622947931289673,0.49315956234931946,0.5,0.49077659845352173,0.49491211771965027,0.48717713356018066,0.9992625713348389,0.7901089787483215,0.32507824897766113,0.6193665266036987,0.9825069904327393,0.8520592451095581,0.8509688377380371,0.8489682674407959,0.8506567478179932,0.8474591970443726,0.8524933457374573,0.8467557430267334,0.49962079524993896,0.4996310770511627,0.3664192855358124,0.4921557903289795,0.483585387468338,0.5674750208854675,0.49880096316337585,0.955649733543396,0.4978616535663605,0.49823057651519775,0.5386114120483398,0.49116113781929016,0.6091772317886353,0.4915427565574646,0.4934859573841095,0.6538347601890564,0.9556228518486023,2.2287590503692627
663,0.2930843234062195,0.32058605551719666,0.4870609939098358,0.4965892434120178,0.4994458854198456,0.5,0.4858090579509735,0.3646429181098938,0.4901236891746521,0.4979667365550995,0.4998159408569336,0.3562338650226593,0.49307990074157715,0.5,0.4904893934726715,0.4937269389629364,0.4866260886192322,0.9997231364250183,0.7946964502334595,0.32058605551719666,0.6075940132141113,0.9874343872070312,0.8454769253730774,0.8473724126815796,0.8405147790908813,0.8519186973571777,0.8392276763916016,0.8502846360206604,0.8478549718856812,0.4998111128807068,0.49944639205932617,0.3622288107872009,0.4920605719089508,0.48903629183769226,0.6302493810653687,0.49787667393684387,0.9650155305862427,0.4967362880706787,0.49758589267730713,0.5157595276832581,0.4924651086330414,0.5497021079063416,0.4911922812461853,0.4944196343421936,0.5834106802940369,0.9569219350814819,2.104810953140259
664,0.29302430152893066,0.31608983874320984,0.4872693717479706,0.4960295557975769,0.49889156222343445,0.5,0.48633676767349243,0.3629657030105591,0.4905834496021271,0.49723196029663086,0.4993544816970825,0.35519278049468994,0.49233752489089966,0.5,0.49087727069854736,0.4939114451408386,0.4870753288269043,0.9999076724052429,0.8368840217590332,0.31608983874320984,0.6284154057502747,0.9838045239448547,0.8420702815055847,0.8462269306182861,0.8439350128173828,0.8481481075286865,0.837695837020874,0.8485307693481445,0.846892237663269,0.49961942434310913,0.4991705119609833,0.3615114688873291,0.48975637555122375,0.4857907295227051,0.6606218814849854,0.4984320104122162,0.9717663526535034,0.49701714515686035,0.498423308134079,0.563338577747345,0.4922034442424774,0.5639574527740479,0.4921903908252716,0.49368733167648315,0.6880630850791931,0.9594792723655701,2.173287868499756
665,0.2929465174674988,0.32149428129196167,0.486970990896225,0.49445778131484985,0.49898505210876465,0.5,0.48615214228630066,0.36421459913253784,0.4894736707210541,0.4971391558647156,0.4991689622402191,0.35847488045692444,0.49086883664131165,0.5,0.4923332631587982,0.49288618564605713,0.4868178367614746,0.9995386600494385,0.8239459991455078,0.32149428129196167,0.6069470047950745,0.9847435355186462,0.84357750415802,0.8487753868103027,0.8450597524642944,0.849656343460083,0.8395401835441589,0.8502278327941895,0.8485107421875,0.4993363618850708,0.4995395839214325,0.36232826113700867,0.49039703607559204,0.4863719940185547,0.5403554439544678,0.498985230922699,0.9842174053192139,0.49767613410949707,0.49860697984695435,0.5536314845085144,0.49236926436424255,0.537678599357605,0.4926525354385376,0.4941449761390686,0.6909581422805786,0.9588673114776611,2.0408380031585693
666,0.29288190603256226,0.31838276982307434,0.4874700605869293,0.49649447202682495,0.49880072474479675,0.49990779161453247,0.4863317310810089,0.36731868982315063,0.4904112219810486,0.4976036846637726,0.4991688132286072,0.36006638407707214,0.4932681620121002,0.5,0.4908638000488281,0.49474653601646423,0.48783186078071594,0.999630868434906,0.786968469619751,0.31838276982307434,0.580586850643158,0.9829555749893188,0.8485193252563477,0.8474833965301514,0.8446279764175415,0.8491247892379761,0.8411518335342407,0.8506938219070435,0.8488922119140625,0.4995262324810028,0.4995386600494385,0.3618006706237793,0.4917081296443939,0.48483726382255554,0.6141932010650635,0.49815601110458374,0.9553983807563782,0.49749070405960083,0.49813398718833923,0.590223491191864,0.4921758472919464,0.5692689418792725,0.49052396416664124,0.4938764274120331,0.6501802206039429,0.9551786780357361,2.067258358001709
667,0.2928485572338104,0.3226073980331421,0.4881787896156311,0.49640020728111267,0.4990769922733307,0.5,0.4860752522945404,0.36699870228767395,0.4912377893924713,0.4979727268218994,0.49935436248779297,0.35904303193092346,0.4955793023109436,0.5,0.48956024646759033,0.4952978193759918,0.4875231087207794,0.9995386600494385,0.7833333015441895,0.3226073980331421,0.611998975276947,0.9871938824653625,0.8486955165863037,0.8492772579193115,0.8451613187789917,0.8543285131454468,0.8429979085922241,0.8533956408500671,0.8491264581680298,0.49942824244499207,0.49916836619377136,0.3636026680469513,0.4939080774784088,0.4871794879436493,0.4998149871826172,0.49870944023132324,0.9803075790405273,0.49767830967903137,0.49785688519477844,0.5771658420562744,0.492854505777359,0.5743817090988159,0.4905133843421936,0.49413734674453735,0.6017237901687622,0.9549201726913452,2.099017381668091
668,0.29278475046157837,0.3177131414413452,0.4872646629810333,0.4962170124053955,0.49926266074180603,0.5,0.486164927482605,0.36647623777389526,0.49040767550468445,0.4982491731643677,0.4994466006755829,0.35890814661979675,0.4932607114315033,0.5,0.49085533618927,0.49483680725097656,0.486827552318573,0.9998154640197754,0.7708590030670166,0.3177131414413452,0.5801697969436646,0.9853380918502808,0.8451606631278992,0.8472699522972107,0.847198486328125,0.8514699935913086,0.8449355363845825,0.8473653793334961,0.8472011089324951,0.49943074584007263,0.4995390772819519,0.36201149225234985,0.49188491702079773,0.4853185713291168,0.5483871102333069,0.49916866421699524,0.9636062383651733,0.4969404637813568,0.4971200227737427,0.5033947825431824,0.49164655804634094,0.5535799264907837,0.4909985065460205,0.4925539791584015,0.6255200505256653,0.9599703550338745,2.03843092918396
669,0.2927165627479553,0.3166421353816986,0.4859752655029297,0.49631133675575256,0.4997228980064392,0.49990779161453247,0.4853375256061554,0.3638627529144287,0.48929691314697266,0.4979674816131592,0.49972325563430786,0.35598525404930115,0.4923389256000519,0.4999077320098877,0.4883849620819092,0.49399814009666443,0.48616236448287964,0.9995391368865967,0.8404334187507629,0.3166421353816986,0.5981770753860474,0.9855886101722717,0.8457164764404297,0.8473514318466187,0.8434102535247803,0.8493333458900452,0.839520275592804,0.8473493456840515,0.8474254608154297,0.49952399730682373,0.4989831745624542,0.36248379945755005,0.4915144741535187,0.48496031761169434,0.6246299147605896,0.4975988268852234,0.9824528694152832,0.4970276653766632,0.4971168041229248,0.5470870137214661,0.4925747215747833,0.56240314245224,0.4921947717666626,0.49369320273399353,0.6617382764816284,0.9583178162574768,2.02933406829834
670,0.29267117381095886,0.3153534531593323,0.48782289028167725,0.49704524874687195,0.4992615878582001,0.49990782141685486,0.48542165756225586,0.3616805076599121,0.4905921518802643,0.4982491731643677,0.4996315538883209,0.35392844676971436,0.4924382269382477,0.4999077022075653,0.4902195930480957,0.49427303671836853,0.48737093806266785,0.9997232556343079,0.8394113183021545,0.3153534531593323,0.613193690776825,0.9863244295120239,0.8407029509544373,0.8482109308242798,0.8441003561019897,0.8489276766777039,0.8372093439102173,0.8474560379981995,0.8457355499267578,0.49952542781829834,0.49926239252090454,0.3598182797431946,0.49067920446395874,0.4870872497558594,0.6629508137702942,0.4980630874633789,0.982842206954956,0.4974939525127411,0.4975822865962982,0.5456646680831909,0.49266889691352844,0.5547102093696594,0.4912509322166443,0.4942411184310913,0.6136542558670044,0.9542474150657654,2.0393073558807373

671,0.2926327884197235,0.3236754834651947,0.4884728789329529,0.49630996584892273,0.49916914105415344,0.5,0.4858751893043518,0.3694249987602234,0.49067920446395874,0.4984314441680908,0.4993540048599243,0.3613165616989136,0.49252766370773315,0.5,0.4915989637374878,0.49455317854881287,0.48716291785240173,0.9996313452720642,0.8450508713722229,0.3236754834651947,0.6204537749290466,0.9839072227478027,0.8496862649917603,0.8523420095443726,0.8525617122650146,0.8526275753974915,0.8438569903373718,0.8518483638763428,0.8510557413101196,0.4997154772281647,0.49944669008255005,0.3660813271999359,0.4907782971858978,0.48458555340766907,0.6063829660415649,0.4979659616947174,0.9841032028198242,0.49665677547454834,0.4971162676811218,0.5776599645614624,0.4925692081451416,0.5437278747558594,0.49127528071403503,0.493865042924881,0.6546778678894043,0.9561184644699097,2.0165510177612305
672,0.29258546233177185,0.32292819023132324,0.48745620250701904,0.49640020728111267,0.4986177682876587,0.5,0.48438942432403564,0.36339300870895386,0.48975446820259094,0.4975092113018036,0.49907800555229187,0.3540206551551819,0.49289143085479736,0.5,0.49005159735679626,0.49372345209121704,0.4857011139392853,0.9994463920593262,0.8429813385009766,0.32292819023132324,0.5823317766189575,0.9866604804992676,0.8427180647850037,0.8457791805267334,0.8429114818572998,0.8488969206809998,0.8390848636627197,0.8483926057815552,0.846336841583252,0.4996209144592285,0.49944740533828735,0.3639644682407379,0.4911439120769501,0.486623615026474,0.6345798969268799,0.49732521176338196,0.9822595715522766,0.4977678656578064,0.49823519587516785,0.5430884957313538,0.49266207218170166,0.5651979446411133,0.4911545515060425,0.49405866861343384,0.649598240852356,0.955634355545044,2.060694932937622
673,0.29256486892700195,0.32265782356262207,0.4871794879436493,0.4959409534931183,0.49944648146629333,0.5,0.4852398633956909,0.3655051589012146,0.4906008243560791,0.4981553256511688,0.4994466006755829,0.35735374689102173,0.4932607114315033,0.5,0.4900405704975128,0.49447107315063477,0.4857037365436554,0.999630868434906,0.8178027868270874,0.32265782356262207,0.6049646139144897,0.9855697154998779,0.8438035249710083,0.8475447297096252,0.8450236916542053,0.8502749800682068,0.8407757878303528,0.8485252261161804,0.8479710817337036,0.4992389678955078,0.4991694390773773,0.36367854475975037,0.4924382269382477,0.486810564994812,0.5710580945014954,0.4977847635746002,0.976428747177124,0.49758094549179077,0.4983293116092682,0.5190514326095581,0.4923848509788513,0.5578753352165222,0.49236640334129333,0.4938604533672333,0.55882328748703,0.9558056592941284,2.062267780303955
674,0.29251426458358765,0.319009929895401,0.4867011308670044,0.4956634044647217,0.4992617070674896,0.5,0.4854404628276825,0.3567343056201935,0.4893008768558502,0.4976041316986084,0.49944719672203064,0.3496122658252716,0.4921528697013855,0.5,0.4913364052772522,0.49409812688827515,0.48588040471076965,0.9996309280395508,0.8168619871139526,0.319009929895401,0.641121506690979,0.985999584197998,0.8392958641052246,0.8437142968177795,0.8401262760162354,0.8445881605148315,0.8331119418144226,0.8441053628921509,0.843654990196228,0.49923810362815857,0.49935388565063477,0.3554752767086029,0.4915160536766052,0.4868178367614746,0.6019020676612854,0.4980616569519043,0.9785606861114502,0.4981388449668884,0.4989750385284424,0.5105524063110352,0.4924860894680023,0.5563355684280396,0.49312013387680054,0.4943382143974304,0.6128162145614624,0.9584639668464661,2.0297141075134277
675,0.29249006509780884,0.3226845860481262,0.487172394990921,0.49621909856796265,0.498985230922699,0.5,0.48560088872909546,0.3622279465198517,0.4902322292327881,0.4981553256511688,0.4995381534099579,0.35341328382492065,0.4932619631290436,0.5,0.4911341071128845,0.49511340260505676,0.4858856201171875,0.9995390176773071,0.8075510263442993,0.3226845860481262,0.5704635381698608,0.9885531663894653,0.8417361974716187,0.8475332260131836,0.8419398069381714,0.8498580455780029,0.8370434045791626,0.8485915660858154,0.845025897026062,0.4994302988052368,0.49935460090637207,0.359733521938324,0.4924382269382477,0.4892106354236603,0.640933096408844,0.49741601943969727,0.9816410541534424,0.4966461658477783,0.4975845515727997,0.49182915687561035,0.49320805072784424,0.5938008427619934,0.4911922812461853,0.4939725399017334,0.627273678779602,0.9534698128700256,2.108057975769043
676,0.29242250323295593,0.3178052008152008,0.4872764050960541,0.4972385764122009,0.4993542432785034,0.5,0.485685259103775,0.36069053411483765,0.49142542481422424,0.498153954744339,0.4993544816970825,0.3532448410987854,0.4930773377418518,0.4999076724052429,0.49153009057044983,0.49502211809158325,0.48642659187316895,0.9998154640197754,0.7274343967437744,0.3178052008152008,0.6150894165039062,0.985602080821991,0.8420653343200684,0.8401140570640564,0.839353621006012,0.8438750505447388,0.8361512422561646,0.8463952541351318,0.8424853086471558,0.49971500039100647,0.49963098764419556,0.3566790223121643,0.49280840158462524,0.48673543334007263,0.6387032270431519,0.4981536269187927,0.9797196388244629,0.49647167325019836,0.49721604585647583,0.5638495683670044,0.4912736713886261,0.5601845979690552,0.48931822180747986,0.492949903011322,0.6382138729095459,0.959492564201355,2.079012155532837
677,0.29238784313201904,0.3241899907588959,0.4877396821975708,0.49602293968200684,0.49889257550239563,0.5,0.4852398633956909,0.36562615633010864,0.4909677505493164,0.49797123670578003,0.49926185607910156,0.35739338397979736,0.49289798736572266,0.5,0.49280309677124023,0.4949243366718292,0.4857011139392853,0.9996306896209717,0.8451809883117676,0.3241899907588959,0.5961579084396362,0.9869232177734375,0.8453381657600403,0.84604412317276,0.8437559604644775,0.8491535186767578,0.8403441905975342,0.8513565063476562,0.8463071584701538,0.4995269775390625,0.49953892827033997,0.3630732297897339,0.4922494888305664,0.4893048107624054,0.6214882135391235,0.4976010322570801,0.9809238910675049,0.4974893033504486,0.49832743406295776,0.52545565366745,0.4930323362350464,0.5392251014709473,0.49115949869155884,0.49498701095581055,0.655771017074585,0.9541648626327515,2.185544013977051
678,0.2923249900341034,0.32212600111961365,0.48837852478027344,0.4960295557975769,0.49898579716682434,0.5,0.4846722185611725,0.36112651228904724,0.49105167388916016,0.49787941575050354,0.4990774989128113,0.35270243883132935,0.49234458804130554,0.499815434217453,0.49069297313690186,0.49491870403289795,0.4850360155105591,0.9997232556343079,0.8394180536270142,0.32212600111961365,0.6109638810157776,0.987746000289917,0.8419556617736816,0.8438392877578735,0.8397485017776489,0.8488593101501465,0.8349875807762146,0.8481650352478027,0.8463729619979858,0.4988580048084259,0.49963077902793884,0.36091548204421997,0.4917927086353302,0.48837852478027344,0.6321679353713989,0.497787207365036,0.9820594191551208,0.49777284264564514,0.4982410669326782,0.4916558563709259,0.4930323362350464,0.5627201199531555,0.4913600981235504,0.49441859126091003,0.6530359387397766,0.9571183323860168,2.0726616382598877
679,0.2922952473163605,0.32090240716934204,0.4883871078491211,0.4960295557975769,0.4997236430644989,0.49990761280059814,0.48485687375068665,0.3644161522388458,0.4913412034511566,0.49815496802330017,0.49972325563430786,0.35730108618736267,0.4930811822414398,0.5,0.4910533130168915,0.49456021189689636,0.4861700236797333,0.9995385408401489,0.8406817317008972,0.32090240716934204,0.5923319458961487,0.9866330027580261,0.8478549718856812,0.8475981950759888,0.844419002532959,0.8520379066467285,0.840948224067688,0.850662887096405,0.8487842082977295,0.4991444945335388,0.4996306002140045,0.36196035146713257,0.49141114950180054,0.4870896339416504,0.5895584225654602,0.498247891664505,0.9804818630218506,0.4981423020362854,0.4984177350997925,0.4921903908252716,0.492757648229599,0.5847835540771484,0.4907304346561432,0.49434033036231995,0.6311466097831726,0.9553626775741577,2.109959125518799

